net,domain_exact,best_k,gcd_k_n,phase_mae_deg,mean_abs_deg,q_odd_over_even,radius_parity_separation,f_decoder_acc,f_decoder_exact,q_decoder_acc,q_decoder_exact,q_certified,q_break_at,composition_acc,composition_exact,substitution_acc,substitution_exact,family
3,True,28,2,2.7536928284802986,4.127352493780887,0.3713832031040618,0.9167631563126826,0.5044444444444445,False,1.0,True,True,,0.0,False,0.5,False,FAMILY_Q
4,True,22,2,2.7630957215306298,4.141423896703579,0.3671596940638134,0.9257737902660085,0.5155555555555555,False,1.0,True,True,,0.0,False,0.5,False,FAMILY_Q
9,True,23,1,0.029080920022834095,0.04478628797791417,1.0156146082438715,0.015493644648146282,1.0,True,,False,False,gcd_k_not_2,0.0,False,1.0,True,FAMILY_F
12,True,11,1,0.038023541450458755,0.06222233601978575,1.0113541801624464,0.01129008533099761,1.0,True,,False,False,gcd_k_not_2,0.0,False,1.0,True,FAMILY_F
21,True,1,1,0.02829889466118749,0.04446056950050027,1.0011021383212375,0.0011015313013078543,1.0,True,,False,False,gcd_k_not_2,0.0,False,1.0,True,FAMILY_F
22,True,7,1,0.028473465500587082,0.044378079600910725,1.0229128255493127,0.02265329999387471,1.0,True,,False,False,gcd_k_not_2,0.0,False,1.0,True,FAMILY_F
23,True,19,1,0.0330303950327956,0.05205071404050423,0.983723186024026,0.016410368231464398,1.0,True,,False,False,gcd_k_not_2,0.0,False,1.0,True,FAMILY_F
27,True,7,1,0.025433052673677473,0.04162873647680863,0.995399817461818,0.004610787770877327,1.0,True,,False,False,gcd_k_not_2,0.0,False,1.0,True,FAMILY_F
29,True,11,1,0.03565884182241202,0.05980121139808594,0.9952493780733723,0.0047619329982850934,1.0,True,,False,False,gcd_k_not_2,0.0,False,1.0,True,FAMILY_F
31,True,19,1,0.0324351741445816,0.05275418576888529,0.9939167767808305,0.006101782471574272,1.0,True,,False,False,gcd_k_not_2,0.0,False,1.0,True,FAMILY_F
32,True,23,1,0.018727852732343956,0.03041017829158955,1.0069330204113156,0.0069090700494775096,1.0,True,,False,False,gcd_k_not_2,0.06666666666666667,False,1.0,True,FAMILY_F
33,True,11,1,0.02998161809459633,0.04826891796892847,1.0125085954245159,0.012430849192847676,1.0,True,,False,False,gcd_k_not_2,0.0,False,1.0,True,FAMILY_F
43,True,26,2,2.7647099050283868,4.143839419942019,0.3652115313250612,0.9299488820737094,0.4866666666666667,False,1.0,True,True,,0.0,False,0.5,False,FAMILY_Q
48,True,4,2,2.7609469749829154,4.13820821708938,0.36640773444759356,0.927383898055221,0.47888888888888886,False,1.0,True,True,,0.3,False,0.5,False,FAMILY_Q
51,True,29,1,0.04609077682345292,0.07200682954664299,1.0096482847750425,0.009601963535746265,1.0,True,,False,False,gcd_k_not_2,0.2644444444444444,False,1.0,True,FAMILY_F
63,True,13,1,0.024034963047179482,0.03962038882693947,0.9904802609619431,0.009565268467878453,1.0,True,,False,False,gcd_k_not_2,0.0,False,1.0,True,FAMILY_F
65,True,11,1,0.04205506374872586,0.06398770365017305,0.9964386220655331,0.0035677309536139975,1.0,True,,False,False,gcd_k_not_2,0.0,False,1.0,True,FAMILY_F
70,True,22,2,2.7572970417146663,4.132746025627586,0.3624686095642428,0.9358474550685735,0.52,False,1.0,True,True,,0.0,False,0.5,False,FAMILY_Q
72,True,23,1,0.043003148283458005,0.06832022184660881,1.0043909155747897,0.004381296622999721,1.0,True,,False,False,gcd_k_not_2,0.0,False,1.0,True,FAMILY_F
73,True,13,1,0.03839404387671372,0.06263840917078414,0.9956633974519902,0.0043460260418132,1.0,True,,False,False,gcd_k_not_2,0.0,False,1.0,True,FAMILY_F
74,True,11,1,0.02706574416125839,0.04440250561096952,0.9824803415835172,0.017674483876585552,1.0,True,,False,False,gcd_k_not_2,0.0,False,1.0,True,FAMILY_F
76,True,19,1,0.038206213806806666,0.060808826250435606,0.9999248118925654,7.519093416661656e-05,1.0,True,,False,False,gcd_k_not_2,0.0,False,1.0,True,FAMILY_F
77,True,11,1,0.029565808621997265,0.045752078007418734,0.9921571302022867,0.007873746180771288,1.0,True,,False,False,gcd_k_not_2,0.26666666666666666,False,1.0,True,FAMILY_F
81,True,29,1,0.03223972079070407,0.050878265321667386,0.9984362164768167,0.0015650071894115797,1.0,True,,False,False,gcd_k_not_2,0.0,False,1.0,True,FAMILY_F
84,True,29,1,0.03262946052278493,0.054245567738261176,0.9908283069218232,0.009213946824332523,1.0,True,,False,False,gcd_k_not_2,0.0,False,1.0,True,FAMILY_F
86,True,19,1,0.03816204016964729,0.06149280426100255,1.0103657434697066,0.010312296161410281,1.0,True,,False,False,gcd_k_not_2,0.0,False,1.0,True,FAMILY_F
88,True,23,1,0.023384569803255987,0.038103910811803185,1.011725086748505,0.011656748554501455,1.0,True,,False,False,gcd_k_not_2,0.0,False,1.0,True,FAMILY_F
89,True,8,2,2.7541617103187614,4.128054100117664,0.36658442658866836,0.9270054027946053,0.5366666666666666,False,1.0,True,True,,0.0,False,0.5,False,FAMILY_Q
90,True,23,1,0.020130334043633336,0.033167364849299164,1.0006303802371803,0.0006301816101638829,1.0,True,,False,False,gcd_k_not_2,0.0,False,1.0,True,FAMILY_F
95,True,7,1,0.029827817983382965,0.042862785748508325,1.0127434966588578,0.012662812405069833,1.0,True,,False,False,gcd_k_not_2,0.0,False,1.0,True,FAMILY_F
98,True,19,1,0.033304173293037954,0.05360733577310578,0.9986273269490493,0.0013736158136555732,1.0,True,,False,False,gcd_k_not_2,0.1,False,1.0,True,FAMILY_F
99,True,29,1,0.039318199948549196,0.06574501049311615,1.0032078788360848,0.0032027418322141434,1.0,True,,False,False,gcd_k_not_2,0.0,False,1.0,True,FAMILY_F
106,True,11,1,0.03973541903245229,0.06806624394648919,0.9871535138816349,0.012929535668606926,1.0,True,,False,False,gcd_k_not_2,0.0,False,1.0,True,FAMILY_F
107,True,19,1,0.02947623257807609,0.04695682791081576,1.0084731935515439,0.008437447488717336,1.0,True,,False,False,gcd_k_not_2,0.0,False,1.0,True,FAMILY_F
108,True,29,1,0.01820811739056078,0.030587021618348646,0.9857944991357039,0.01430712077254608,1.0,True,,False,False,gcd_k_not_2,0.0,False,1.0,True,FAMILY_F
111,True,1,1,0.026073296801371507,0.040551541183834534,0.9899060830007712,0.010145118993763929,1.0,True,,False,False,gcd_k_not_2,0.0,False,1.0,True,FAMILY_F
117,True,11,1,0.037462231920593676,0.06485134102813406,1.0080692606378472,0.008036834979769517,1.0,True,,False,False,gcd_k_not_2,0.0,False,1.0,True,FAMILY_F
118,True,17,1,0.017523690470504,0.030476328557963745,1.007959250416168,0.007927701136881673,1.0,True,,False,False,gcd_k_not_2,0.1,False,1.0,True,FAMILY_F
119,True,7,1,0.024937000447431232,0.039117858334567004,0.9884672441215941,0.011599643808566231,1.0,True,,False,False,gcd_k_not_2,0.0,False,1.0,True,FAMILY_F
120,True,19,1,0.018309101972372555,0.032893402231660464,0.9634951633144584,0.037183525956763754,1.0,True,,False,False,gcd_k_not_2,0.0,False,1.0,True,FAMILY_F
121,True,14,2,2.7609846713942416,4.138264606900775,0.36314855281645797,0.9343830441190238,0.55,False,1.0,True,True,,0.0,False,0.5,False,FAMILY_Q
123,True,19,1,0.032512414807275625,0.05391403910779832,1.005608334742677,0.005592652010390082,1.0,True,,False,False,gcd_k_not_2,0.0,False,1.0,True,FAMILY_F
124,True,11,1,0.020946963612063194,0.029843166118643738,0.9939269254380644,0.0060915718469486116,1.0,True,,False,False,gcd_k_not_2,0.0,False,1.0,True,FAMILY_F
131,True,13,1,0.0230736302975598,0.03726152964116095,0.9851812243621568,0.01492939330272431,1.0,True,,False,False,gcd_k_not_2,0.0,False,1.0,True,FAMILY_F
132,True,17,1,0.02646755498211832,0.04314951302472787,0.9767300328313824,0.023543900059318352,1.0,True,,False,False,gcd_k_not_2,0.0,False,1.0,True,FAMILY_F
135,True,19,1,0.03871232171734932,0.06372270815267482,1.0157813995854914,0.015657848205898273,1.0,True,,False,False,gcd_k_not_2,0.0,False,1.0,True,FAMILY_F
137,True,1,1,0.033959202909369525,0.050463422151455335,1.0026385109725433,0.0026350346885739414,1.0,True,,False,False,gcd_k_not_2,0.0,False,1.0,True,FAMILY_F
139,True,8,2,2.760574477723019,4.137650460114695,0.3656934039069771,0.9289150760754908,0.48444444444444446,False,1.0,True,True,,0.0,False,0.5,False,FAMILY_Q
140,True,29,1,0.03696498866959289,0.06060125255587195,0.998274726921051,0.0017267626475037444,1.0,True,,False,False,gcd_k_not_2,0.0,False,1.0,True,FAMILY_F
141,True,17,1,0.03897409103243108,0.06228399108190356,0.9930788863464741,0.006945147731922463,1.0,True,,False,False,gcd_k_not_2,0.0,False,1.0,True,FAMILY_F
144,True,11,1,0.027439414431473658,0.044041187712517776,1.018012889174609,0.017852105178551663,1.0,True,,False,False,gcd_k_not_2,0.0,False,1.0,True,FAMILY_F
145,True,23,1,0.01879407231048107,0.028867883961741468,0.9936879094349624,0.006332074880091441,1.0,True,,False,False,gcd_k_not_2,0.0,False,1.0,True,FAMILY_F
147,True,29,1,0.043167023272558815,0.07318074427231352,0.99757997155172,0.002422960264664835,1.0,True,,False,False,gcd_k_not_2,0.0,False,1.0,True,FAMILY_F
148,True,13,1,0.018991482329453118,0.027963106136981237,1.0444594921967165,0.04349266137716038,1.0,True,,False,False,gcd_k_not_2,0.46444444444444444,False,1.0,True,FAMILY_F
150,True,13,1,0.024423068391520548,0.039969202595348224,1.01076301212505,0.010705400944962754,1.0,True,,False,False,gcd_k_not_2,0.0,False,1.0,True,FAMILY_F
152,True,17,1,0.04058276192138311,0.06551730913833517,0.9908811120852506,0.009160655409702676,1.0,True,,False,False,gcd_k_not_2,0.0,False,1.0,True,FAMILY_F
155,True,11,1,0.03605845014508401,0.059269173287406864,1.0054631569883001,0.0054482745985764275,1.0,True,,False,False,gcd_k_not_2,0.0,False,1.0,True,FAMILY_F
156,True,8,2,2.7662399044535335,4.146128746728237,0.36626020311737245,0.9277000024397026,0.51,False,1.0,True,True,,0.0,False,0.5,False,FAMILY_Q
163,True,17,1,0.019337093736961818,0.03342147122784079,1.017032764939067,0.016888932331827002,1.0,True,,False,False,gcd_k_not_2,0.0,False,1.0,True,FAMILY_F
164,True,11,1,0.0323461886356001,0.05178579288777417,0.9766941761954859,0.02358060653506896,1.0,True,,False,False,gcd_k_not_2,0.0,False,1.0,True,FAMILY_F
171,True,19,1,0.04844250393491189,0.08327448675664206,1.0135514803976386,0.013460277057294289,1.0,True,,False,False,gcd_k_not_2,0.0,False,1.0,True,FAMILY_F
175,True,1,1,0.03747742105448142,0.06211317852591204,1.0114531693157578,0.01138795522607559,1.0,True,,False,False,gcd_k_not_2,0.0,False,1.0,True,FAMILY_F
176,True,17,1,0.03548388999218535,0.05285101841398692,1.015839444591943,0.01571498626484042,1.0,True,,False,False,gcd_k_not_2,0.3333333333333333,False,1.0,True,FAMILY_F
179,True,23,1,0.03857327497865386,0.06487911931579086,0.9975909794332853,0.0024119257560906064,1.0,True,,False,False,gcd_k_not_2,0.0,False,1.0,True,FAMILY_F
180,True,17,1,0.03559574511663161,0.055016036237697,1.012049705797875,0.011977542864028618,1.0,True,,False,False,gcd_k_not_2,0.0,False,1.0,True,FAMILY_F
185,True,19,1,0.03296342847948492,0.055469907565617316,1.0093865684517311,0.009342720409407092,1.0,True,,False,False,gcd_k_not_2,0.2,False,1.0,True,FAMILY_F
187,True,1,1,0.023591889550547303,0.034680451214499426,0.9899102013521607,0.01014095876385093,1.0,True,,False,False,gcd_k_not_2,0.0,False,1.0,True,FAMILY_F
189,True,23,1,0.039169187923525514,0.0656094712018212,0.9840130547755995,0.01611576615982365,1.0,True,,False,False,gcd_k_not_2,0.0,False,1.0,True,FAMILY_F
190,True,11,1,0.023390656140416504,0.0396256043306604,1.0363853802449114,0.03573525973805159,1.0,True,,False,False,gcd_k_not_2,0.0,False,1.0,True,FAMILY_F
194,True,29,1,0.031060861438259046,0.0478918772494727,1.0013174226381238,0.001316555408174342,1.0,True,,False,False,gcd_k_not_2,0.0,False,1.0,True,FAMILY_F
200,True,1,1,0.027961565198130575,0.043896547497247196,0.998303039136017,0.0016984019247818353,1.0,True,,False,False,gcd_k_not_2,0.26666666666666666,False,1.0,True,FAMILY_F
204,True,28,2,2.7721999062320704,4.1550476991342675,0.36692605513218607,0.9262738719346361,0.4711111111111111,False,1.0,True,True,,0.0,False,0.5,False,FAMILY_Q
213,True,13,1,0.02901712313802496,0.04602361679892337,1.012206404562683,0.012132358325671725,1.0,True,,False,False,gcd_k_not_2,0.0,False,1.0,True,FAMILY_F
218,True,29,1,0.02321034933934412,0.04004667621824378,1.027821513508036,0.027439805054544533,1.0,True,,False,False,gcd_k_not_2,0.0,False,1.0,True,FAMILY_F
219,True,1,1,0.018937511297486196,0.029612717205712884,1.0149052793186084,0.01479501738528267,1.0,True,,False,False,gcd_k_not_2,0.0,False,1.0,True,FAMILY_F
220,True,19,1,0.019728361977869556,0.03334291424248727,0.9344939663154741,0.06772420573561334,1.0,True,,False,False,gcd_k_not_2,0.0,False,1.0,True,FAMILY_F
229,True,17,1,0.026695977984705577,0.03949537074804575,0.9975381357726318,0.0024648983499040386,1.0,True,,False,False,gcd_k_not_2,0.0,False,1.0,True,FAMILY_F
233,True,23,1,0.03557747397196185,0.06195953585366803,1.0193527123404942,0.019167243267832795,1.0,True,,False,False,gcd_k_not_2,0.0,False,1.0,True,FAMILY_F
235,True,19,1,0.044028543534374354,0.0725331333997826,1.0116272225637923,0.011560017117857013,1.0,True,,False,False,gcd_k_not_2,0.0,False,1.0,True,FAMILY_F
236,True,22,2,2.7665880744002624,4.146649742194513,0.372954849228861,0.9134242850350505,0.5011111111111111,False,1.0,True,True,,0.0,False,0.5,False,FAMILY_Q
240,True,13,1,0.020635047127667176,0.03253655105284537,0.9967205743760813,0.003284811771865932,1.0,True,,False,False,gcd_k_not_2,0.0,False,1.0,True,FAMILY_F
241,True,23,1,0.02011387256405744,0.033818130873172404,1.0131925517480362,0.013106100294858862,1.0,True,,False,False,gcd_k_not_2,0.0,False,1.0,True,FAMILY_F
244,True,29,1,0.04499940088945461,0.07587923861513031,1.0008841537310262,0.0008837630398316347,1.0,True,,False,False,gcd_k_not_2,0.2777777777777778,False,1.0,True,FAMILY_F
245,True,13,1,0.02474604732412197,0.0388936094381145,1.0047061328222662,0.004695084975512967,1.0,True,,False,False,gcd_k_not_2,0.0,False,1.0,True,FAMILY_F
246,True,29,1,0.040666966461418076,0.06293437537106632,0.9958189731729853,0.004189785630074089,1.0,True,,False,False,gcd_k_not_2,0.0,False,1.0,True,FAMILY_F
249,True,11,1,0.025706941973766675,0.038109137283032904,1.0204631203316543,0.020255871167096925,1.0,True,,False,False,gcd_k_not_2,0.0,False,1.0,True,FAMILY_F
250,True,4,2,2.7627607339650786,4.140922411356539,0.36933445583046426,0.9211271088436233,0.5133333333333333,False,1.0,True,True,,0.0,False,0.5,False,FAMILY_Q
252,True,19,1,0.019712277095851605,0.03414295654538672,1.041588697877456,0.040741504810144984,1.0,True,,False,False,gcd_k_not_2,0.0,False,1.0,True,FAMILY_F
257,True,19,1,0.0466430884477092,0.07765266045930193,1.0029906171447682,0.0029861519261946126,1.0,True,,False,False,gcd_k_not_2,0.3333333333333333,False,1.0,True,FAMILY_F
260,True,17,1,0.043520717478767346,0.07037760781936074,1.007106656261736,0.007081493392057412,1.0,True,,False,False,gcd_k_not_2,0.1,False,1.0,True,FAMILY_F
261,True,7,1,0.027481145640997812,0.04188559316911942,0.9924203192002241,0.007608515860567404,1.0,True,,False,False,gcd_k_not_2,0.13333333333333333,False,1.0,True,FAMILY_F
262,True,23,1,0.029552752685172594,0.053959898369965974,0.971287647088403,0.029130556318358997,1.0,True,,False,False,gcd_k_not_2,0.0,False,1.0,True,FAMILY_F
263,True,11,1,0.04001375814586939,0.06571209802614983,1.0049291312338093,0.004917012932797278,1.0,True,,False,False,gcd_k_not_2,0.0,False,1.0,True,FAMILY_F
264,True,13,1,0.04462786592119611,0.07695945510637159,0.9985514571525411,0.001449592746060863,1.0,True,,False,False,gcd_k_not_2,0.0,False,1.0,True,FAMILY_F
267,True,8,2,2.766199251698042,4.146068268305496,0.35702336590842937,0.9476279484121397,0.5,False,1.0,True,True,,0.3433333333333333,False,0.5,False,FAMILY_Q
268,True,7,1,0.034622400217420975,0.055639534162906006,1.007118021317556,0.00709277804489384,1.0,True,,False,False,gcd_k_not_2,0.0,False,1.0,True,FAMILY_F
269,True,11,1,0.03944605959875722,0.06466189726456037,1.0005870121362401,0.0005868398951697995,1.0,True,,False,False,gcd_k_not_2,0.0,False,1.0,True,FAMILY_F
271,True,1,1,0.029793316452868347,0.047782017748986036,0.9910728395580392,0.00896718619690721,1.0,True,,False,False,gcd_k_not_2,0.0,False,1.0,True,FAMILY_F
275,True,17,1,0.028338446430732724,0.04343491217252917,1.003253000049007,0.0032477176361921088,1.0,True,,False,False,gcd_k_not_2,0.0,False,1.0,True,FAMILY_F
280,True,7,1,0.03285180588044788,0.05281866507039254,0.9862702816567023,0.013824622429376628,1.0,True,,False,False,gcd_k_not_2,0.0,False,1.0,True,FAMILY_F
281,True,19,1,0.03100097271139085,0.04924016876544698,0.9928003944644183,0.007225616329242749,1.0,True,,False,False,gcd_k_not_2,0.0,False,1.0,True,FAMILY_F
285,True,11,1,0.021460100218236272,0.03575308308835495,1.0142391952154537,0.014138534538774583,1.0,True,,False,False,gcd_k_not_2,0.0,False,1.0,True,FAMILY_F
286,True,1,1,0.028370838678383335,0.047579715454197875,1.0316848599915678,0.031190723143646692,1.0,True,,False,False,gcd_k_not_2,0.0,False,1.0,True,FAMILY_F
287,True,1,1,0.04366833012735713,0.06998710878648833,0.9964257866829787,0.003580612253020298,1.0,True,,False,False,gcd_k_not_2,0.0,False,1.0,True,FAMILY_F
288,True,8,2,2.7623926274484925,4.14037147816933,0.3667771519764492,0.9265926740257096,0.48444444444444446,False,1.0,True,True,,0.0,False,0.5,False,FAMILY_Q
291,True,23,1,0.03975248039705386,0.06780916259148698,1.0219456195851069,0.021707428105420486,1.0,True,,False,False,gcd_k_not_2,0.0,False,1.0,True,FAMILY_F
293,True,11,1,0.03419154996219315,0.0543804811577145,0.9898342795217504,0.01021765539258159,1.0,True,,False,False,gcd_k_not_2,0.16666666666666666,False,1.0,True,FAMILY_F
294,True,13,1,0.04042594646747903,0.0679943680170152,1.0159362095202846,0.015810231935937013,1.0,True,,False,False,gcd_k_not_2,0.0,False,1.0,True,FAMILY_F
295,True,7,1,0.020764299414819727,0.036221437997213835,0.989542976134404,0.010511985909360503,1.0,True,,False,False,gcd_k_not_2,0.0,False,1.0,True,FAMILY_F
296,True,13,1,0.03068883448094823,0.05156550877066958,1.009160992351714,0.009119221791172647,1.0,True,,False,False,gcd_k_not_2,0.0,False,1.0,True,FAMILY_F
297,True,11,1,0.0312622152379947,0.05031763279223638,1.014712309586425,0.014604873873476322,1.0,True,,False,False,gcd_k_not_2,0.0,False,1.0,True,FAMILY_F
298,True,11,1,0.019930465990162183,0.03340459688780436,1.0190195151800938,0.01884034803734664,1.0,True,,False,False,gcd_k_not_2,0.0,False,1.0,True,FAMILY_F
303,True,29,1,0.027850264473989667,0.04294219961395104,1.0115272878576287,0.011461229412309646,1.0,True,,False,False,gcd_k_not_2,0.0,False,1.0,True,FAMILY_F
306,True,17,1,0.02542728694783334,0.04099306468656472,1.005461918737947,0.005447043084601984,1.0,True,,False,False,gcd_k_not_2,0.0,False,1.0,True,FAMILY_F
307,True,29,1,0.02663736631959572,0.04233495141681633,0.9942894661316776,0.005726885655570532,1.0,True,,False,False,gcd_k_not_2,0.0,False,1.0,True,FAMILY_F
308,True,13,1,0.05360044157156487,0.07771357530244961,0.9984127938714663,0.0015884667406064958,1.0,True,,False,False,gcd_k_not_2,0.0,False,1.0,True,FAMILY_F
311,True,19,1,0.03784299626123255,0.057206272218449615,0.9985878969141354,0.0014131008078702865,1.0,True,,False,False,gcd_k_not_2,0.0,False,1.0,True,FAMILY_F
312,True,17,1,0.020658540182942237,0.036045261810700086,1.0106827476923281,0.010625990305620099,1.0,True,,False,False,gcd_k_not_2,0.0,False,1.0,True,FAMILY_F
314,True,1,1,0.03693809443074418,0.05409897191737965,1.0028292113877952,0.00282521482282047,1.0,True,,False,False,gcd_k_not_2,0.0,False,1.0,True,FAMILY_F
315,True,23,1,0.04217228955859814,0.06533270003268553,0.9814064820028091,0.01876799956604213,1.0,True,,False,False,gcd_k_not_2,0.0,False,1.0,True,FAMILY_F
316,True,16,2,2.767549786351632,4.148088878228051,0.3741165796491091,0.9109611653338974,0.5011111111111111,False,1.0,True,True,,0.0,False,0.5,False,FAMILY_Q
317,True,7,1,0.0392975972233487,0.06119710466769217,1.0051076452201604,0.005094634427569227,1.0,True,,False,False,gcd_k_not_2,0.0,False,1.0,True,FAMILY_F
327,True,7,1,0.027614597937138174,0.03987396996299647,0.9872562995017368,0.012825422167697748,1.0,True,,False,False,gcd_k_not_2,0.0,False,1.0,True,FAMILY_F
330,True,4,2,2.761017311275525,4.138313367671897,0.36980885863339735,0.9201154415008219,0.46555555555555556,False,1.0,True,True,,0.36666666666666664,False,0.5,False,FAMILY_Q
332,True,29,1,0.03958493501407934,0.06100734260695911,0.9772543929522901,0.023007264142423104,1.0,True,,False,False,gcd_k_not_2,0.0,False,1.0,True,FAMILY_F
336,True,2,2,2.754827819576498,4.129050724198687,0.3666291591786524,0.9269095958731116,0.52,False,1.0,True,True,,0.0,False,0.5,False,FAMILY_Q
337,True,29,1,0.0328675310701712,0.05469681393270086,0.9856128619452439,0.014491382817354903,1.0,True,,False,False,gcd_k_not_2,0.0,False,1.0,True,FAMILY_F
341,True,2,2,2.7671079598386905,4.147427716770846,0.3644119985338844,0.931665804975448,0.4988888888888889,False,1.0,True,True,,0.0,False,0.5,False,FAMILY_Q
342,True,17,1,0.03657621885299029,0.06521394922605157,0.9976581000861787,0.0023446453762235907,1.0,True,,False,False,gcd_k_not_2,0.0,False,1.0,True,FAMILY_F
345,True,13,1,0.03443393283782212,0.05968368267212895,0.9882538079727022,0.011815586098914225,1.0,True,,False,False,gcd_k_not_2,0.0,False,1.0,True,FAMILY_F
346,True,8,2,2.7688445354718714,4.150026395935043,0.36332654542028975,0.9339999381929952,0.4888888888888889,False,1.0,True,True,,0.0,False,0.5,False,FAMILY_Q
349,True,23,1,0.026013412022308825,0.04297463255247515,0.9969023250243756,0.003102480213283885,1.0,True,,False,False,gcd_k_not_2,0.0,False,1.0,True,FAMILY_F
350,True,17,1,0.03330657032587281,0.050943124832492005,1.0028125700478212,0.0028086203271172738,1.0,True,,False,False,gcd_k_not_2,0.0,False,1.0,True,FAMILY_F
354,True,17,1,0.024306702982353746,0.03836675042560851,0.9958548485948974,0.004153760387956986,1.0,True,,False,False,gcd_k_not_2,0.0,False,1.0,True,FAMILY_F
356,True,2,2,2.77051028566387,4.1525192932760575,0.36568392996244314,0.9289353943778205,0.4855555555555556,False,1.0,True,True,,0.0,False,0.5,False,FAMILY_Q
363,True,11,1,0.043921244577666115,0.07339597237265622,0.9729306930940578,0.027440707370709187,1.0,True,,False,False,gcd_k_not_2,0.0,False,1.0,True,FAMILY_F
364,True,1,1,0.02304122974879358,0.03701546728694284,1.0238550362682517,0.023573858641810223,1.0,True,,False,False,gcd_k_not_2,0.0,False,1.0,True,FAMILY_F
376,True,28,2,2.76317886133215,4.141548216082487,0.3643743858617969,0.9317466242767596,0.5166666666666667,False,1.0,True,True,,0.0,False,0.5,False,FAMILY_Q
381,True,11,1,0.03476191688637801,0.05516550920592982,1.0069998830276081,0.006975469293051107,1.0,True,,False,False,gcd_k_not_2,0.0,False,1.0,True,FAMILY_F
382,True,23,1,0.035307296990222115,0.053232081162951125,0.9908497961686407,0.009192259354742686,1.0,True,,False,False,gcd_k_not_2,0.0,False,1.0,True,FAMILY_F
383,True,1,1,0.036404819344723074,0.057951209166672873,0.9910810791374886,0.008958872600381461,1.0,True,,False,False,gcd_k_not_2,0.0,False,1.0,True,FAMILY_F
390,True,29,1,0.02102664599301201,0.03562284619278006,0.9713774578205369,0.029038114508123596,1.0,True,,False,False,gcd_k_not_2,0.0,False,1.0,True,FAMILY_F
392,True,17,1,0.05080123622393527,0.07710646266989905,0.9898214365589355,0.010230629999309475,1.0,True,,False,False,gcd_k_not_2,0.0,False,1.0,True,FAMILY_F
394,True,13,1,0.039116211805663825,0.06276951096355021,1.0016564999368276,0.001655129076222555,1.0,True,,False,False,gcd_k_not_2,0.0,False,1.0,True,FAMILY_F
395,True,8,2,2.7603342176479795,4.137291067547499,0.36923667334169485,0.9213357178330517,0.4811111111111111,False,1.0,True,True,,0.0,False,0.5,False,FAMILY_Q
409,True,1,1,0.03665653075135042,0.06195717010032218,1.0106493779085683,0.010592973618946512,1.0,True,,False,False,gcd_k_not_2,0.0,False,1.0,True,FAMILY_F
411,True,13,1,0.03509582960310284,0.05649212123386671,0.9933836563240723,0.0066383043273552066,1.0,True,,False,False,gcd_k_not_2,0.0,False,1.0,True,FAMILY_F
414,True,8,2,2.758216175932536,4.134121680249748,0.36707156737254726,0.9259623968976459,0.5066666666666667,False,1.0,True,True,,0.06666666666666667,False,0.5,False,FAMILY_Q
424,True,19,1,0.03390894356743597,0.05621781015556552,1.002191361750093,0.0021889633448200145,1.0,True,,False,False,gcd_k_not_2,0.0,False,1.0,True,FAMILY_F
429,True,7,1,0.04209041948207398,0.06850721220549691,1.0120404499232274,0.011968397477979967,1.0,True,,False,False,gcd_k_not_2,0.1,False,1.0,True,FAMILY_F
433,True,11,1,0.025604235286470423,0.043318033671506245,1.0069962803080421,0.006971891653898086,1.0,True,,False,False,gcd_k_not_2,0.0,False,1.0,True,FAMILY_F
434,True,7,1,0.02038009352826701,0.035763843511364767,0.9901129083087538,0.009936211809860125,1.0,True,,False,False,gcd_k_not_2,0.0,False,1.0,True,FAMILY_F
435,True,7,1,0.01918084221814359,0.03150658574986416,0.9864600713986137,0.013632218232157245,1.0,True,,False,False,gcd_k_not_2,0.0,False,1.0,True,FAMILY_F
442,True,13,1,0.030288765044624626,0.04595688494780531,1.0043995417367577,0.004389884995628789,1.0,True,,False,False,gcd_k_not_2,0.0,False,1.0,True,FAMILY_F
451,True,1,1,0.034252396584761244,0.06006624386835104,0.9892688297018256,0.010789059917842207,1.0,True,,False,False,gcd_k_not_2,0.0,False,1.0,True,FAMILY_F
456,True,17,1,0.02586111943683772,0.04127696180084227,0.9938576937575845,0.006161228317994817,1.0,True,,False,False,gcd_k_not_2,0.0,False,1.0,True,FAMILY_F
457,True,22,2,2.762568199127713,4.140634100948233,0.3670317793353811,0.9260475582686939,0.5377777777777778,False,1.0,True,True,,0.0,False,0.5,False,FAMILY_Q
459,True,11,1,0.03369362422190163,0.05409825037739642,0.9983831536721528,0.001618154481412813,1.0,True,,False,False,gcd_k_not_2,0.0,False,1.0,True,FAMILY_F
462,True,7,1,0.03203599429629705,0.053425753108423575,0.9816094261752858,0.018561249842467587,1.0,True,,False,False,gcd_k_not_2,0.0,False,1.0,True,FAMILY_F
464,True,16,2,2.762159069099204,4.140021759980305,0.36313499906266417,0.9344122209102765,0.5144444444444445,False,1.0,True,True,,0.0,False,0.5,False,FAMILY_Q
465,True,7,1,0.02392983634950451,0.0383391809390689,1.0033089388548688,0.0033034733591917795,1.0,True,,False,False,gcd_k_not_2,0.0,False,1.0,True,FAMILY_F
468,True,11,1,0.03670136841031062,0.06257198346253551,1.0101119439309372,0.010061075415692965,1.0,True,,False,False,gcd_k_not_2,0.13333333333333333,False,1.0,True,FAMILY_F
470,True,11,1,0.03940348457104593,0.06627299421797483,1.00618181823496,0.006162769673985768,1.0,True,,False,False,gcd_k_not_2,0.0,False,1.0,True,FAMILY_F
471,True,13,1,0.018145360190976578,0.03214922264413359,0.987454526761975,0.01262466443291615,1.0,True,,False,False,gcd_k_not_2,0.0,False,1.0,True,FAMILY_F
475,True,11,1,0.03325286936736998,0.052631866329895007,1.0055039651942714,0.005488859947218591,1.0,True,,False,False,gcd_k_not_2,0.0,False,1.0,True,FAMILY_F
483,True,17,1,0.0258257062993143,0.04315821288248107,1.0028186515203916,0.002814684712719129,1.0,True,,False,False,gcd_k_not_2,0.0,False,1.0,True,FAMILY_F
486,True,7,1,0.029150476822530146,0.05005485366582906,0.9981288235959482,0.0018729286940410976,1.0,True,,False,False,gcd_k_not_2,0.0,False,1.0,True,FAMILY_F
498,True,13,1,0.03348831197243673,0.054448672713106556,0.9952717136951083,0.004739491140417439,1.0,True,,False,False,gcd_k_not_2,0.0,False,1.0,True,FAMILY_F
502,True,29,1,0.03441088563858194,0.05807828870540576,1.00402681627115,0.0040187249376659705,1.0,True,,False,False,gcd_k_not_2,0.0,False,1.0,True,FAMILY_F
503,True,1,1,0.02883441606404794,0.04691110550611696,1.0043974529049713,0.00438780532134294,1.0,True,,False,False,gcd_k_not_2,0.0,False,1.0,True,FAMILY_F
505,True,29,1,0.03055779685581777,0.049278906327558956,0.985201927461736,0.014908380183959184,1.0,True,,False,False,gcd_k_not_2,0.0,False,1.0,True,FAMILY_F
506,True,11,1,0.03226936113449274,0.05126063777316893,0.9971733918103541,0.0028306087005131814,1.0,True,,False,False,gcd_k_not_2,0.13777777777777778,False,1.0,True,FAMILY_F
507,True,19,1,0.043172497053374864,0.06806708337885718,0.9985827394946897,0.0014182655311720546,1.0,True,,False,False,gcd_k_not_2,0.0,False,1.0,True,FAMILY_F
508,True,11,1,0.033182509595381326,0.0528442162443021,1.0140405456060828,0.013942664299101966,1.0,True,,False,False,gcd_k_not_2,0.2,False,1.0,True,FAMILY_F
509,True,1,1,0.026221089158363402,0.04156392143729673,1.0017714833842097,0.0017699156960862233,1.0,True,,False,False,gcd_k_not_2,0.0,False,1.0,True,FAMILY_F
510,True,23,1,0.042295242800901696,0.06573106715603037,0.9952470668202532,0.00476425527322922,1.0,True,,False,False,gcd_k_not_2,0.0,False,1.0,True,FAMILY_F
516,True,13,1,0.03787065992434097,0.05805752588901688,1.0006047457844491,0.0006045629809919979,1.0,True,,False,False,gcd_k_not_2,0.0,False,1.0,True,FAMILY_F
517,True,17,1,0.024260540174405567,0.04008170280202454,0.9888881602472668,0.011173921163422073,1.0,True,,False,False,gcd_k_not_2,0.0,False,1.0,True,FAMILY_F
519,True,29,1,0.031847869185287744,0.05131062807173708,0.9985697638276254,0.0014312596920663756,1.0,True,,False,False,gcd_k_not_2,0.0,False,1.0,True,FAMILY_F
520,True,29,1,0.022146199179373334,0.036039508602418814,1.0018150668438828,0.00181342110362316,1.0,True,,False,False,gcd_k_not_2,0.0,False,1.0,True,FAMILY_F
526,True,16,2,2.7609116804558864,4.138155299576276,0.36649580514645413,0.9271952280682633,0.5155555555555555,False,1.0,True,True,,0.0,False,0.5,False,FAMILY_Q
527,True,29,1,0.04522054209463862,0.07265586680909868,0.997594541710563,0.0024083548880516475,1.0,True,,False,False,gcd_k_not_2,0.0,False,1.0,True,FAMILY_F
528,True,11,1,0.026898736933488886,0.04594079577120722,0.9938957460801329,0.006122941915962895,1.0,True,,False,False,gcd_k_not_2,0.0,False,1.0,True,FAMILY_F
535,True,13,1,0.023216513949854602,0.038450541204631566,1.00491847110118,0.0049064050953438855,1.0,True,,False,False,gcd_k_not_2,0.0,False,1.0,True,FAMILY_F
539,True,13,1,0.02974879949450111,0.04671522437365925,1.0135424852539991,0.013451402543702216,1.0,True,,False,False,gcd_k_not_2,0.2311111111111111,False,1.0,True,FAMILY_F
545,True,1,1,0.02119395008736941,0.03698460305465449,0.9984664777167929,0.0015346990307879623,1.0,True,,False,False,gcd_k_not_2,0.0,False,1.0,True,FAMILY_F
551,True,23,1,0.05590436241476476,0.09187861261752113,0.9887483185839847,0.011315339714807802,1.0,True,,False,False,gcd_k_not_2,0.1111111111111111,False,1.0,True,FAMILY_F
552,True,8,2,2.7623810402471802,4.1403542272945675,0.36950532695745897,0.920762644192513,0.4866666666666667,False,1.0,True,True,,0.0,False,0.5,False,FAMILY_Q
555,True,11,1,0.03575197156354815,0.053765369149710605,0.9837826452112851,0.01634993110546914,1.0,True,,False,False,gcd_k_not_2,0.0,False,1.0,True,FAMILY_F
558,True,11,1,0.0282504869214575,0.04720081993675047,1.0043702677350077,0.0043607389366699355,1.0,True,,False,False,gcd_k_not_2,0.0,False,1.0,True,FAMILY_F
560,True,7,1,0.038275080595341,0.06356506122448284,1.0114466449732076,0.011381504949995836,1.0,True,,False,False,gcd_k_not_2,0.1,False,1.0,True,FAMILY_F
562,True,1,1,0.03051584703376502,0.05081749040430984,0.99652380746465,0.0034822450124092144,1.0,True,,False,False,gcd_k_not_2,0.0,False,1.0,True,FAMILY_F
563,True,17,1,0.020494987386343054,0.030420932224873392,0.9878898832277521,0.012183890943279633,1.0,True,,False,False,gcd_k_not_2,0.4,False,1.0,True,FAMILY_F
564,True,4,2,2.767558579902181,4.148102089717343,0.37105235512928025,0.9174669990066346,0.5033333333333333,False,1.0,True,True,,0.0,False,0.5,False,FAMILY_Q
565,True,17,1,0.029113865764949128,0.04703112460216461,1.0124288896281888,0.012352128010331944,1.0,True,,False,False,gcd_k_not_2,0.0,False,1.0,True,FAMILY_F
569,True,26,2,2.7570567168235898,4.132386334898539,0.37078618708613126,0.9180334888716427,0.4811111111111111,False,1.0,True,True,,0.0,False,0.5,False,FAMILY_Q
572,True,17,1,0.027635741239242347,0.04640646432333209,1.0016149306162074,0.0016136276678453887,1.0,True,,False,False,gcd_k_not_2,0.0,False,1.0,True,FAMILY_F
575,True,13,1,0.025234780532637346,0.04959606196010079,1.0099928369184485,0.009943156746537092,1.0,True,,False,False,gcd_k_not_2,0.0,False,1.0,True,FAMILY_F
577,True,29,1,0.037677802999367016,0.058550967059623316,0.9870776408125004,0.013006395846934042,1.0,True,,False,False,gcd_k_not_2,0.0,False,1.0,True,FAMILY_F
587,True,29,1,0.024875204036558053,0.03874646146795147,1.0352528187716354,0.03464220115210259,1.0,True,,False,False,gcd_k_not_2,0.0,False,1.0,True,FAMILY_F
589,True,17,1,0.027477995374033493,0.04512489247235951,0.990728561589067,0.009314618366184739,1.0,True,,False,False,gcd_k_not_2,0.0,False,1.0,True,FAMILY_F
596,True,13,1,0.02121132100800626,0.03428951331869479,0.9788460457077338,0.021380091026435004,1.0,True,,False,False,gcd_k_not_2,0.0,False,1.0,True,FAMILY_F
598,True,13,1,0.03670368149351414,0.06332400234409392,1.009404123831614,0.00936011200542575,1.0,True,,False,False,gcd_k_not_2,0.0,False,1.0,True,FAMILY_F
599,True,4,2,2.7657046149536653,4.145327610729358,0.36571305678359406,0.9288729284176608,0.4988888888888889,False,1.0,True,True,,0.0,False,0.5,False,FAMILY_Q
604,True,29,1,0.03444788213595315,0.053117373857498935,0.9916917544758527,0.008342902967265376,1.0,True,,False,False,gcd_k_not_2,0.0,False,1.0,True,FAMILY_F
605,True,11,1,0.031401764170407256,0.05242327107765543,1.001402887163197,0.0014019038067696924,1.0,True,,False,False,gcd_k_not_2,0.13333333333333333,False,1.0,True,FAMILY_F
607,True,29,1,0.025653518599415892,0.04205731225448867,1.0044537423362772,0.0044438464627137636,1.0,True,,False,False,gcd_k_not_2,0.0,False,1.0,True,FAMILY_F
612,True,11,1,0.021445090759070872,0.03522514952426418,0.9870987768130354,0.012984984277083552,1.0,True,,False,False,gcd_k_not_2,0.0,False,1.0,True,FAMILY_F
617,True,7,1,0.02756895059328088,0.045267300075036196,1.0278089712668947,0.02742760453369613,1.0,True,,False,False,gcd_k_not_2,0.0,False,1.0,True,FAMILY_F
620,True,7,1,0.03715894505304214,0.055897175031390536,0.9892774631340273,0.010780333125656367,1.0,True,,False,False,gcd_k_not_2,0.0,False,1.0,True,FAMILY_F
621,True,17,1,0.028420152010735684,0.04917370269103329,0.9951130849172157,0.0048988853010174735,1.0,True,,False,False,gcd_k_not_2,0.0,False,1.0,True,FAMILY_F
626,True,19,1,0.041756231658581396,0.07051858390846227,1.0198252917070727,0.01963069953472773,1.0,True,,False,False,gcd_k_not_2,0.0,False,1.0,True,FAMILY_F
627,True,23,1,0.03138131094872146,0.05230820192405896,0.9980625101593875,0.0019393685940866144,1.0,True,,False,False,gcd_k_not_2,0.0,False,1.0,True,FAMILY_F
631,True,1,1,0.024235212798414667,0.04399143356076196,1.013555872191301,0.013464609925671923,1.0,True,,False,False,gcd_k_not_2,0.0,False,1.0,True,FAMILY_F
632,True,19,1,0.039532544141284036,0.06406532968331399,1.0143176065831803,0.014215838193924859,1.0,True,,False,False,gcd_k_not_2,0.0,False,1.0,True,FAMILY_F
636,True,7,1,0.01646390690316393,0.026510024928494934,1.024852088186542,0.024547065271122534,1.0,True,,False,False,gcd_k_not_2,0.0,False,1.0,True,FAMILY_F
637,True,7,1,0.038208335982185676,0.05764298844833526,0.998195846808516,0.0018057821452942518,1.0,True,,False,False,gcd_k_not_2,0.0,False,1.0,True,FAMILY_F
642,True,17,1,0.05308625727369554,0.08484181853219175,1.008640293953011,0.008603127179139523,1.0,True,,False,False,gcd_k_not_2,0.06666666666666667,False,1.0,True,FAMILY_F
645,True,14,2,2.7669986200112233,4.147264266847434,0.3653647994451094,0.9296199826051021,0.5488888888888889,False,1.0,True,True,,0.0,False,0.5,False,FAMILY_Q
646,True,2,2,2.7622899867161785,4.140217774263862,0.3654969953981265,0.9293363613984031,0.4955555555555556,False,1.0,True,True,,0.0,False,0.5,False,FAMILY_Q
648,True,19,1,0.03322484979299923,0.05249739152720678,1.0072643450100993,0.007238055145210769,1.0,True,,False,False,gcd_k_not_2,0.0,False,1.0,True,FAMILY_F
650,True,1,1,0.017241797812811988,0.028731371345067112,0.9841540060175474,0.01597254440370532,1.0,True,,False,False,gcd_k_not_2,0.0,False,1.0,True,FAMILY_F
653,True,13,1,0.027191472368592737,0.04610205857080268,0.9854205023498905,0.014686558976149951,1.0,True,,False,False,gcd_k_not_2,0.0,False,1.0,True,FAMILY_F
654,True,19,1,0.03218851650759539,0.05346116390788457,0.9856573326888144,0.014446266306950296,1.0,True,,False,False,gcd_k_not_2,0.28444444444444444,False,1.0,True,FAMILY_F
656,True,1,1,0.023687514246748566,0.037226415143867896,1.0304307472715057,0.02997467144584833,1.0,True,,False,False,gcd_k_not_2,0.0,False,1.0,True,FAMILY_F
660,True,19,1,0.024623424717937784,0.03977109069332815,1.037764992145833,0.03706511034529561,1.0,True,,False,False,gcd_k_not_2,0.0,False,1.0,True,FAMILY_F
661,True,13,1,0.030213312744706136,0.048668921112335645,0.9960344606187679,0.003973417753521941,1.0,True,,False,False,gcd_k_not_2,0.0,False,1.0,True,FAMILY_F
666,True,13,1,0.036054775566955605,0.05394126584132338,0.9984903334466928,0.0015108069606756627,1.0,True,,False,False,gcd_k_not_2,0.0,False,1.0,True,FAMILY_F
667,True,1,1,0.018922636890309277,0.0335375432800915,1.0265230933983134,0.0261759596865352,1.0,True,,False,False,gcd_k_not_2,0.0,False,1.0,True,FAMILY_F
672,True,1,1,0.023638614797320927,0.0383997087387372,1.0185414487357096,0.01837113500673743,1.0,True,,False,False,gcd_k_not_2,0.13333333333333333,False,1.0,True,FAMILY_F
680,True,13,1,0.02298017722107675,0.04106571919949018,1.0028826176673202,0.002878468904660625,1.0,True,,False,False,gcd_k_not_2,0.0,False,1.0,True,FAMILY_F
681,True,23,1,0.02969344903928271,0.04951305378850974,1.0077057826202802,0.007676207028923663,1.0,True,,False,False,gcd_k_not_2,0.0,False,1.0,True,FAMILY_F
682,True,17,1,0.027648750091322113,0.03931516664222127,0.9925925589985347,0.007434978082210918,1.0,True,,False,False,gcd_k_not_2,0.0,False,1.0,True,FAMILY_F
684,True,7,1,0.03145504593903041,0.048580399500555996,1.0006441458908708,0.0006439384957029117,1.0,True,,False,False,gcd_k_not_2,0.0,False,1.0,True,FAMILY_F
685,True,17,1,0.05005027598828812,0.0743929927900035,0.9979394475124881,0.00206267761525739,1.0,True,,False,False,gcd_k_not_2,0.0,False,1.0,True,FAMILY_F
686,True,1,1,0.02783887063581126,0.0462954137327769,0.9894969786751039,0.010558469238682153,1.0,True,,False,False,gcd_k_not_2,0.0,False,1.0,True,FAMILY_F
689,True,26,2,2.7608952537492923,4.138130816814647,0.3667757087484583,0.9265957643209481,0.5044444444444445,False,1.0,True,True,,0.0,False,0.5,False,FAMILY_Q
690,True,23,1,0.045022479538632164,0.07496281906919992,0.9942644010506136,0.005752094803843149,1.0,True,,False,False,gcd_k_not_2,0.0,False,1.0,True,FAMILY_F
694,True,17,1,0.02287050672707811,0.03650085146004576,1.0005640222166725,0.000563863200986319,1.0,True,,False,False,gcd_k_not_2,0.0,False,1.0,True,FAMILY_F
696,True,23,1,0.040257592737782996,0.06462493145266188,0.980320551557522,0.019875013090178965,1.0,True,,False,False,gcd_k_not_2,0.0,False,1.0,True,FAMILY_F
697,True,19,1,0.030880430178983117,0.04886873216243828,1.03004946143825,0.029604659402693134,1.0,True,,False,False,gcd_k_not_2,0.2,False,1.0,True,FAMILY_F
703,True,11,1,0.04658620139676227,0.07297874126862779,1.0074427056528823,0.007415111407089099,1.0,True,,False,False,gcd_k_not_2,0.22666666666666666,False,1.0,True,FAMILY_F
704,True,19,1,0.03192254055668325,0.05097326475435969,1.0009995400175482,0.0009990407269553933,1.0,True,,False,False,gcd_k_not_2,0.08222222222222222,False,1.0,True,FAMILY_F
709,True,19,1,0.025296787283599204,0.04141216822885836,0.9953342647853394,0.004676645208779138,1.0,True,,False,False,gcd_k_not_2,0.0,False,1.0,True,FAMILY_F
716,True,1,1,0.040799338750053364,0.06268399286001448,0.995762049677727,0.004246949502779999,1.0,True,,False,False,gcd_k_not_2,0.0,False,1.0,True,FAMILY_F
719,True,13,1,0.024526092384544704,0.03832801634394977,0.9857288332023698,0.014373731759351223,1.0,True,,False,False,gcd_k_not_2,0.26666666666666666,False,1.0,True,FAMILY_F
720,True,13,1,0.05559446725055529,0.08446975946490605,0.9993980866215291,0.0006020945828631665,1.0,True,,False,False,gcd_k_not_2,0.0,False,1.0,True,FAMILY_F
721,True,11,1,0.03933289921480343,0.06575168298387374,0.9945075032130707,0.005507622085232682,1.0,True,,False,False,gcd_k_not_2,0.0,False,1.0,True,FAMILY_F
723,True,29,1,0.029869352878320557,0.04668884312351911,0.9855806597266376,0.014524053911108883,1.0,True,,False,False,gcd_k_not_2,0.43333333333333335,False,1.0,True,FAMILY_F
728,True,17,1,0.016973955263484435,0.02687390998314434,1.0021269043785792,0.002124644920287191,1.0,True,,False,False,gcd_k_not_2,0.0,False,1.0,True,FAMILY_F
729,True,23,1,0.03472759413842081,0.05719798085477,0.995796258051569,0.004212596282282779,1.0,True,,False,False,gcd_k_not_2,0.0,False,1.0,True,FAMILY_F
738,True,7,1,0.03232838868665362,0.0544556896166385,1.0110162250416277,0.010955878828277149,1.0,True,,False,False,gcd_k_not_2,0.0,False,1.0,True,FAMILY_F
742,True,26,2,2.764739859478219,4.143884058622492,0.36359822360121624,0.9334153790814841,0.51,False,1.0,True,True,,0.0,False,0.5,False,FAMILY_Q
744,True,23,1,0.022861594741245425,0.0388066917527115,0.9903178602094347,0.009729239720078164,1.0,True,,False,False,gcd_k_not_2,0.19555555555555557,False,1.0,True,FAMILY_F
746,True,11,1,0.03402915664395217,0.05147446172364801,0.9908984145763248,0.00914319420522732,1.0,True,,False,False,gcd_k_not_2,0.0,False,1.0,True,FAMILY_F
749,True,7,1,0.02341963262470744,0.03922882965170066,1.0197770444727077,0.01958339364914478,1.0,True,,False,False,gcd_k_not_2,0.0,False,1.0,True,FAMILY_F
752,True,7,1,0.037181211663245964,0.06490419529484528,1.0020641796673206,0.0020620514449877494,1.0,True,,False,False,gcd_k_not_2,0.0,False,1.0,True,FAMILY_F
755,True,22,2,2.7625058175496493,4.140540960720989,0.36657822221815545,0.9270186916248507,0.5222222222222223,False,1.0,True,True,,0.0,False,0.5,False,FAMILY_Q
763,True,11,1,0.03797318044240921,0.06171855458160377,0.9675421476581896,0.03299329814148324,1.0,True,,False,False,gcd_k_not_2,0.11222222222222222,False,1.0,True,FAMILY_F
765,True,23,1,0.019822967847981543,0.03176318707772219,0.9994456579547627,0.0005544957353872679,1.0,True,,False,False,gcd_k_not_2,0.0,False,1.0,True,FAMILY_F
778,True,7,1,0.03380598253806759,0.05524638174386005,0.9984533671018979,0.0015478298603934092,1.0,True,,False,False,gcd_k_not_2,0.0,False,1.0,True,FAMILY_F
779,True,23,1,0.017812610702608707,0.028040667751709193,0.9666783565419317,0.033886215656187685,1.0,True,,False,False,gcd_k_not_2,0.0,False,1.0,True,FAMILY_F
783,True,19,1,0.0290270166352091,0.04318601197244915,0.9758932986136184,0.024400812941970093,1.0,True,,False,False,gcd_k_not_2,0.0,False,1.0,True,FAMILY_F
784,True,28,2,2.769889614883747,4.151590391582372,0.36703846390593164,0.9260332504259712,0.5,False,1.0,True,True,,0.0,False,0.5,False,FAMILY_Q
786,True,23,1,0.04228131793763319,0.06808555445474279,0.9955408268863668,0.004469137442395349,1.0,True,,False,False,gcd_k_not_2,0.0,False,1.0,True,FAMILY_F
788,True,17,1,0.02980925797032666,0.04960124091171972,0.9967378020515928,0.003267527609339012,1.0,True,,False,False,gcd_k_not_2,0.0,False,1.0,True,FAMILY_F
790,True,17,1,0.03960459855920937,0.063572189727271,1.0029330484765346,0.002928753388702132,1.0,True,,False,False,gcd_k_not_2,0.06666666666666667,False,1.0,True,FAMILY_F
798,True,17,1,0.04246419281407488,0.06098874851269884,0.9932803380912695,0.006742314947194164,1.0,True,,False,False,gcd_k_not_2,0.0,False,1.0,True,FAMILY_F
800,True,13,1,0.03529012978180972,0.0564192391254228,0.9824943773279481,0.01766019906260357,1.0,True,,False,False,gcd_k_not_2,0.0,False,1.0,True,FAMILY_F
807,True,17,1,0.03500996191532698,0.05544608128053463,0.9750521599486887,0.025262968297464536,1.0,True,,False,False,gcd_k_not_2,0.19555555555555557,False,1.0,True,FAMILY_F
809,True,17,1,0.030431624830539777,0.05034788841802205,0.9916712009014484,0.008363628589680696,1.0,True,,False,False,gcd_k_not_2,0.0,False,1.0,True,FAMILY_F
810,True,1,1,0.04043804871878592,0.06278503832412341,1.0031968107164466,0.0031917090715647698,1.0,True,,False,False,gcd_k_not_2,0.0,False,1.0,True,FAMILY_F
814,True,23,1,0.03855979708940038,0.0680720878654585,1.008598175512597,0.008561369434085888,1.0,True,,False,False,gcd_k_not_2,0.0,False,1.0,True,FAMILY_F
816,True,1,1,0.024240801098350088,0.0398981607089098,0.9870007342905263,0.013084308913569917,1.0,True,,False,False,gcd_k_not_2,0.0,False,1.0,True,FAMILY_F
817,True,13,1,0.0259138567499714,0.04035774525758539,0.9974063331887905,0.0025970347326063343,1.0,True,,False,False,gcd_k_not_2,0.19777777777777777,False,1.0,True,FAMILY_F
818,True,13,1,0.0305182470371365,0.048052601552305875,1.0039853411744364,0.003977415495565327,1.0,True,,False,False,gcd_k_not_2,0.0,False,1.0,True,FAMILY_F
823,True,1,1,0.033210545658654715,0.050031825202180594,0.9990053638699692,0.000995131026667437,1.0,True,,False,False,gcd_k_not_2,0.17555555555555555,False,1.0,True,FAMILY_F
833,True,11,1,0.031160837702973117,0.05036033466782902,1.0138871586852518,0.013791397025757888,1.0,True,,False,False,gcd_k_not_2,0.3511111111111111,False,1.0,True,FAMILY_F
834,True,23,1,0.028522511138695687,0.04384733418924453,0.9971096623328272,0.002894520738332004,1.0,True,,False,False,gcd_k_not_2,0.0,False,1.0,True,FAMILY_F
839,True,11,1,0.041927434198130165,0.07572200526294544,0.9828056084291519,0.017343497010249096,1.0,True,,False,False,gcd_k_not_2,0.0,False,1.0,True,FAMILY_F
841,True,1,1,0.035182488633396264,0.05819050654166714,0.9768530658396761,0.02341796116292756,1.0,True,,False,False,gcd_k_not_2,0.0,False,1.0,True,FAMILY_F
842,True,1,1,0.043351203534750915,0.07153253413199524,1.0097410767098502,0.009693862381314696,1.0,True,,False,False,gcd_k_not_2,0.13333333333333333,False,1.0,True,FAMILY_F
844,True,17,1,0.023516655049193307,0.03898840484178191,1.0054824238679267,0.005467436465838447,1.0,True,,False,False,gcd_k_not_2,0.0,False,1.0,True,FAMILY_F
852,True,7,1,0.03648320808905505,0.058101702384491076,0.9930911962532474,0.0069327522591442784,1.0,True,,False,False,gcd_k_not_2,0.16666666666666666,False,1.0,True,FAMILY_F
861,True,11,1,0.01790673147870073,0.03238253276552526,1.0243703647469995,0.02407698232634946,1.0,True,,False,False,gcd_k_not_2,0.0,False,1.0,True,FAMILY_F
862,True,17,1,0.04009257071570159,0.06361021327831165,1.0183015110083913,0.01813555696071147,1.0,True,,False,False,gcd_k_not_2,0.0,False,1.0,True,FAMILY_F
865,True,2,2,2.7664924611561448,4.146506706490357,0.37007643835736614,0.9195451348654265,0.5111111111111111,False,1.0,True,True,,0.0,False,0.5,False,FAMILY_Q
867,True,28,2,2.7678669543301684,4.1485634908401545,0.3675347558840162,0.9249713638278084,0.5144444444444445,False,1.0,True,True,,0.0,False,0.5,False,FAMILY_Q
869,True,1,1,0.02994851002483662,0.04828539121654844,0.9927629961077045,0.007263286107209927,1.0,True,,False,False,gcd_k_not_2,0.0,False,1.0,True,FAMILY_F
871,True,23,1,0.04016689986196667,0.06526759761176294,1.0048099080356026,0.004798368180767287,1.0,True,,False,False,gcd_k_not_2,0.0,False,1.0,True,FAMILY_F
880,True,2,2,2.7704977928813705,4.152500593322967,0.36588877678229426,0.9284961323300709,0.5088888888888888,False,1.0,True,True,,0.30333333333333334,False,0.5,False,FAMILY_Q
885,True,23,1,0.030449480075185657,0.05189481121213958,0.9879555479636353,0.012117425913977325,1.0,True,,False,False,gcd_k_not_2,0.0,False,1.0,True,FAMILY_F
894,True,17,1,0.037317914862954146,0.06206713478425165,1.0087909213956552,0.008752450344157682,1.0,True,,False,False,gcd_k_not_2,0.0,False,1.0,True,FAMILY_F
897,True,13,1,0.026798755064989403,0.045857884132215816,0.9822775917280162,0.017880854170918198,1.0,True,,False,False,gcd_k_not_2,0.0,False,1.0,True,FAMILY_F
898,True,29,1,0.022436351662450824,0.03768670462352205,0.9949625970323094,0.005050122719277245,1.0,True,,False,False,gcd_k_not_2,0.008888888888888889,False,1.0,True,FAMILY_F
899,True,17,1,0.04220267623822374,0.07462583080620445,0.9927217740042134,0.007304809021242961,1.0,True,,False,False,gcd_k_not_2,0.0,False,1.0,True,FAMILY_F
901,True,1,1,0.03933309687887175,0.06264721735652716,1.0105985390134358,0.010542670560813375,1.0,True,,False,False,gcd_k_not_2,0.0,False,1.0,True,FAMILY_F
906,True,16,2,2.7666979773736635,4.146814267240441,0.3699958393392092,0.9197168963150444,0.5144444444444445,False,1.0,True,True,,0.0,False,0.5,False,FAMILY_Q
907,True,23,1,0.04679843824079538,0.08138113719479219,0.9983756295639874,0.0016256907980477938,1.0,True,,False,False,gcd_k_not_2,0.0,False,1.0,True,FAMILY_F
914,True,11,1,0.04692806298294011,0.08305543727289083,1.0073129557096547,0.0072863134658236245,1.0,True,,False,False,gcd_k_not_2,0.0,False,1.0,True,FAMILY_F
916,True,8,2,2.7554077811083335,4.129918592406135,0.3687925221115713,0.9222836444411527,0.4955555555555556,False,1.0,True,True,,0.0,False,0.5,False,FAMILY_Q
919,True,29,1,0.02087110644988745,0.033101998841045005,1.0116244405685926,0.011557267185824173,1.0,True,,False,False,gcd_k_not_2,0.0,False,1.0,True,FAMILY_F
921,True,19,1,0.024237535672988194,0.03896866283203637,0.9818690144886426,0.0182968555225488,1.0,True,,False,False,gcd_k_not_2,0.06666666666666667,False,1.0,True,FAMILY_F
922,True,7,1,0.03197064875160256,0.055837673457907924,1.024490903864208,0.024194629689332312,1.0,True,,False,False,gcd_k_not_2,0.0,False,1.0,True,FAMILY_F
932,True,13,1,0.02588811845991386,0.040043852262485295,1.020556639367904,0.020347501245334836,1.0,True,,False,False,gcd_k_not_2,0.0,False,1.0,True,FAMILY_F
939,True,11,1,0.02069615486530571,0.03704225178142569,1.033146096450695,0.032605720276136486,1.0,True,,False,False,gcd_k_not_2,0.0,False,1.0,True,FAMILY_F
946,True,11,1,0.03147918753576944,0.054287780972608835,1.0101110890091913,0.01006022907338445,1.0,True,,False,False,gcd_k_not_2,0.0,False,1.0,True,FAMILY_F
949,True,7,1,0.03146884517355422,0.052096433236054195,1.0122946259101189,0.012219508765579843,1.0,True,,False,False,gcd_k_not_2,0.3022222222222222,False,1.0,True,FAMILY_F
961,True,2,2,2.7601957683157585,4.137083993213059,0.36605894047679527,0.9281313430033119,0.5411111111111111,False,1.0,True,True,,0.0,False,0.5,False,FAMILY_Q
967,True,17,1,0.01742910324619234,0.02692306848716065,1.0088647013020882,0.008825583222545834,1.0,True,,False,False,gcd_k_not_2,0.0,False,1.0,True,FAMILY_F
969,True,19,1,0.03731308945167354,0.059425316885360326,1.0224504739877778,0.022201259587346936,1.0,True,,False,False,gcd_k_not_2,0.0,False,1.0,True,FAMILY_F
972,True,7,1,0.03098596096780888,0.04787038173347191,1.0041837576659594,0.004175024021581431,1.0,True,,False,False,gcd_k_not_2,0.0,False,1.0,True,FAMILY_F
984,True,17,1,0.02006959674222315,0.03035601526520536,0.9920476125197458,0.007984133943661296,1.0,True,,False,False,gcd_k_not_2,0.43333333333333335,False,1.0,True,FAMILY_F
990,True,7,1,0.02839214294917538,0.04617740691652693,0.9670777498919657,0.03347325758714159,1.0,True,,False,False,gcd_k_not_2,0.0,False,1.0,True,FAMILY_F
994,True,23,1,0.03756994775864204,0.06096376597521202,1.010283176730835,0.010230575323778556,1.0,True,,False,False,gcd_k_not_2,0.15777777777777777,False,1.0,True,FAMILY_F
995,True,13,1,0.033645608417130504,0.05970028727585135,1.0002075051128967,0.0002074835859442574,1.0,True,,False,False,gcd_k_not_2,0.0,False,1.0,True,FAMILY_F
1001,True,19,1,0.022390897615336525,0.0382702593850524,1.00750330008182,0.00747525553907111,1.0,True,,False,False,gcd_k_not_2,0.0,False,1.0,True,FAMILY_F
1002,True,17,1,0.04142754227334038,0.074562944673701,1.003192762866794,0.003187674123008338,1.0,True,,False,False,gcd_k_not_2,0.0,False,1.0,True,FAMILY_F
1004,True,11,1,0.024989876033339076,0.04139120826384604,1.0148276673920988,0.014718546535834622,1.0,True,,False,False,gcd_k_not_2,0.0,False,1.0,True,FAMILY_F
1005,True,19,1,0.03590384272669243,0.05647941287285321,1.0023369856548363,0.002334258090999645,1.0,True,,False,False,gcd_k_not_2,0.0,False,1.0,True,FAMILY_F
1008,True,23,1,0.02962321398827759,0.050250842220668696,0.9884934928856095,0.01157309003580679,1.0,True,,False,False,gcd_k_not_2,0.0,False,1.0,True,FAMILY_F
1009,True,1,1,0.034025241080601114,0.05504003604159814,1.0027989043664371,0.00279499290751056,1.0,True,,False,False,gcd_k_not_2,0.0,False,1.0,True,FAMILY_F
1011,True,19,1,0.02560937854053959,0.041617243142174985,1.0016503322131312,0.0016489715377075874,1.0,True,,False,False,gcd_k_not_2,0.0,False,1.0,True,FAMILY_F
1013,True,29,1,0.02282144963600871,0.036020938667547374,0.9676286825429681,0.0329038885682386,1.0,True,,False,False,gcd_k_not_2,0.0,False,1.0,True,FAMILY_F
1015,True,7,1,0.02252283033785778,0.03725356204061654,1.0293144030547392,0.028890942685482403,1.0,True,,False,False,gcd_k_not_2,0.0,False,1.0,True,FAMILY_F
1017,True,19,1,0.030570418767176737,0.05146791675931122,1.026081425198839,0.02574568314427874,1.0,True,,False,False,gcd_k_not_2,0.0,False,1.0,True,FAMILY_F
1020,True,29,1,0.023957079273053256,0.03839151944914807,1.025936306761474,0.025604266703659683,1.0,True,,False,False,gcd_k_not_2,0.26666666666666666,False,1.0,True,FAMILY_F
1022,True,26,2,2.767280315293159,4.147685783936673,0.3701098368299074,0.9194739665945344,0.5122222222222222,False,1.0,True,True,,0.0,False,0.5,False,FAMILY_Q
1024,True,11,1,0.025351644867100814,0.03846298225350486,0.975533532347085,0.02476947847485733,1.0,True,,False,False,gcd_k_not_2,0.0,False,1.0,True,FAMILY_F
1028,True,1,1,0.03381537263817578,0.05536675082663628,0.998677860757162,0.0013230138471009953,1.0,True,,False,False,gcd_k_not_2,0.0,False,1.0,True,FAMILY_F
1034,True,11,1,0.02677829397835324,0.04479609028034193,0.9883573394306953,0.011710833197254477,1.0,True,,False,False,gcd_k_not_2,0.0,False,1.0,True,FAMILY_F
1037,True,11,1,0.03909543426138077,0.0659369727788629,1.0224600504312191,0.02221062455738529,1.0,True,,False,False,gcd_k_not_2,0.0,False,1.0,True,FAMILY_F
1044,True,13,1,0.02707717377797311,0.04578740058051365,0.9907581064700773,0.009284798087608865,1.0,True,,False,False,gcd_k_not_2,0.0,False,1.0,True,FAMILY_F
1048,True,11,1,0.037809509716086265,0.06536594091542214,1.0231826075890904,0.022916970027451657,1.0,True,,False,False,gcd_k_not_2,0.3,False,1.0,True,FAMILY_F
1050,True,13,1,0.03170990950595318,0.055449985898128606,1.0001778945075614,0.0001778786857408485,1.0,True,,False,False,gcd_k_not_2,0.0,False,1.0,True,FAMILY_F
1054,True,23,1,0.025541919523929795,0.04172601688947746,1.0104503487633028,0.01039602770566407,1.0,True,,False,False,gcd_k_not_2,0.0,False,1.0,True,FAMILY_F
1058,True,11,1,0.025989037454320168,0.041066240338638794,1.0140388928570994,0.01394103451218259,1.0,True,,False,False,gcd_k_not_2,0.0,False,1.0,True,FAMILY_F
1061,True,1,1,0.027400991505026315,0.045914983675246754,0.9992875444863387,0.0007127094005323516,1.0,True,,False,False,gcd_k_not_2,0.5,False,1.0,True,FAMILY_F
1062,True,28,2,2.763619719406749,4.142207772900032,0.37086836962378716,0.9178585549375072,0.4866666666666667,False,1.0,True,True,,0.0,False,0.5,False,FAMILY_Q
1063,True,13,1,0.015401165916892447,0.025342875129541483,0.9910847356659523,0.008955183246950832,1.0,True,,False,False,gcd_k_not_2,0.0,False,1.0,True,FAMILY_F
1065,True,11,1,0.03024360821208701,0.052438327452895235,0.9840182722306324,0.01611046429668136,1.0,True,,False,False,gcd_k_not_2,0.0,False,1.0,True,FAMILY_F
1069,True,13,1,0.04016098861201676,0.0615612362706449,1.0069641387705308,0.0069399733019616,1.0,True,,False,False,gcd_k_not_2,0.0,False,1.0,True,FAMILY_F
1073,True,11,1,0.03462639941060956,0.05775639402932787,1.0136194610347966,0.013527343471141819,1.0,True,,False,False,gcd_k_not_2,0.13333333333333333,False,1.0,True,FAMILY_F
1085,True,7,1,0.017013092468839475,0.028723153115584075,0.9953367392839869,0.004674159127332471,1.0,True,,False,False,gcd_k_not_2,0.3,False,1.0,True,FAMILY_F
1088,True,13,1,0.04399715877089206,0.06886814869157866,0.9936144298931102,0.006406023161893152,1.0,True,,False,False,gcd_k_not_2,0.0,False,1.0,True,FAMILY_F
1089,True,11,1,0.020976801805515956,0.037295008375483184,0.9913959801938315,0.008641194309663213,1.0,True,,False,False,gcd_k_not_2,0.0,False,1.0,True,FAMILY_F
1090,True,19,1,0.027240790824579753,0.04485588667713486,0.976782071264437,0.023490630629517794,1.0,True,,False,False,gcd_k_not_2,0.0,False,1.0,True,FAMILY_F
1093,True,11,1,0.03456973927749398,0.05276118854049978,0.99139892544959,0.008638223552790323,1.0,True,,False,False,gcd_k_not_2,0.0,False,1.0,True,FAMILY_F
1094,True,13,1,0.02568376363339484,0.041811273884432835,0.9959374754985205,0.004070793350342592,1.0,True,,False,False,gcd_k_not_2,0.0,False,1.0,True,FAMILY_F
1098,True,13,1,0.044423476786536374,0.06421984512778879,0.9961422193957282,0.0038652362209337845,1.0,True,,False,False,gcd_k_not_2,0.0,False,1.0,True,FAMILY_F
1100,True,1,1,0.03195890859107623,0.04995989271087184,0.9869090640160507,0.013177186838625813,1.0,True,,False,False,gcd_k_not_2,0.0,False,1.0,True,FAMILY_F
1105,True,13,1,0.03317562232801726,0.05532709336090246,0.9950965710755252,0.004915480278562657,1.0,True,,False,False,gcd_k_not_2,0.0,False,1.0,True,FAMILY_F
1106,True,1,1,0.043481191560646296,0.07168070384563087,1.0048045232402345,0.004793009178240764,1.0,True,,False,False,gcd_k_not_2,0.06666666666666667,False,1.0,True,FAMILY_F
1107,True,17,1,0.028550875477326026,0.04464308382332401,1.0092786063721089,0.00923575888648125,1.0,True,,False,False,gcd_k_not_2,0.0,False,1.0,True,FAMILY_F
1109,True,29,1,0.02667269553651062,0.040277474992206436,0.9919344182472233,0.008098240262220996,1.0,True,,False,False,gcd_k_not_2,0.0,False,1.0,True,FAMILY_F
1112,True,7,1,0.030806852162256412,0.0496278862778369,0.9838711453021636,0.016259982142519523,1.0,True,,False,False,gcd_k_not_2,0.0,False,1.0,True,FAMILY_F
1113,True,17,1,0.03596929826031001,0.05840698004744555,0.9750081552257694,0.02530809273683597,1.0,True,,False,False,gcd_k_not_2,0.0,False,1.0,True,FAMILY_F
1116,True,17,1,0.03268394059851283,0.05729799654634761,1.0037870809857468,0.0037799235474498044,1.0,True,,False,False,gcd_k_not_2,0.0,False,1.0,True,FAMILY_F
1118,True,17,1,0.035238194916044394,0.05458523172004528,1.0129734005431108,0.01288978834952375,1.0,True,,False,False,gcd_k_not_2,0.0,False,1.0,True,FAMILY_F
1121,True,19,1,0.020638593963257318,0.034184562933301695,1.0018953285830867,0.0018935341483895642,1.0,True,,False,False,gcd_k_not_2,0.0,False,1.0,True,FAMILY_F
1129,True,1,1,0.03314404169575117,0.05196592257212455,0.9969123475254212,0.003092426643968589,1.0,True,,False,False,gcd_k_not_2,0.0,False,1.0,True,FAMILY_F
1130,True,17,1,0.03370609013976472,0.055420790800719634,1.0092931358249506,0.009250154354541454,1.0,True,,False,False,gcd_k_not_2,0.0,False,1.0,True,FAMILY_F
1137,True,28,2,2.767900859343274,4.148614558565233,0.3597247972696485,0.9417717526605905,0.49777777777777776,False,1.0,True,True,,0.0,False,0.5,False,FAMILY_Q
1140,True,8,2,2.7689503595092013,4.150185108716787,0.3574875203976201,0.9466200903477658,0.5188888888888888,False,1.0,True,True,,0.16666666666666666,False,0.5,False,FAMILY_Q
1142,True,19,1,0.026113221984976877,0.04264391711590404,0.9971701494855371,0.0028338602148563477,1.0,True,,False,False,gcd_k_not_2,0.0,False,1.0,True,FAMILY_F
1144,True,26,2,2.7635486701855756,4.142101439614263,0.36591793529197425,0.928433617166739,0.48,False,1.0,True,True,,0.0,False,0.5,False,FAMILY_Q
1147,True,17,1,0.03072805842509221,0.04830477124830372,0.9936136743338664,0.006406783569306646,1.0,True,,False,False,gcd_k_not_2,0.0,False,1.0,True,FAMILY_F
1148,True,17,1,0.029162049675117596,0.04854818840533979,1.004187004788855,0.004178257596572001,1.0,True,,False,False,gcd_k_not_2,0.11555555555555555,False,1.0,True,FAMILY_F
1150,True,7,1,0.03157231119526248,0.05313825964970502,1.0215287447181036,0.021299469299513388,1.0,True,,False,False,gcd_k_not_2,0.0,False,1.0,True,FAMILY_F
1151,True,13,1,0.03897094039755337,0.06537831182018054,1.0020638096663605,0.0020616822065272233,1.0,True,,False,False,gcd_k_not_2,0.0,False,1.0,True,FAMILY_F
1158,True,29,1,0.024628999701201693,0.04168207441571796,0.9871895531294981,0.01289302960588493,1.0,True,,False,False,gcd_k_not_2,0.0,False,1.0,True,FAMILY_F
1164,True,17,1,0.038185312860977386,0.06082772558499371,1.007035679259575,0.007011015630943437,1.0,True,,False,False,gcd_k_not_2,0.0,False,1.0,True,FAMILY_F
1165,True,17,1,0.021856213098156437,0.03590909288293956,0.989831318788013,0.01022064645980211,1.0,True,,False,False,gcd_k_not_2,0.0,False,1.0,True,FAMILY_F
1166,True,29,1,0.01873144233364364,0.03002160837372195,0.9872655605231117,0.012816042032687557,1.0,True,,False,False,gcd_k_not_2,0.13333333333333333,False,1.0,True,FAMILY_F
1167,True,7,1,0.020235666526511466,0.0343378391899817,1.01029520591645,0.010242481687416273,1.0,True,,False,False,gcd_k_not_2,0.0,False,1.0,True,FAMILY_F
1168,True,29,1,0.03194968366637807,0.05229167461279939,1.0216379327706917,0.021406338316017463,1.0,True,,False,False,gcd_k_not_2,0.0,False,1.0,True,FAMILY_F
1169,True,11,1,0.025556339835470683,0.042911175142184003,1.0131568983724504,0.013070912041765989,1.0,True,,False,False,gcd_k_not_2,0.0,False,1.0,True,FAMILY_F
1175,True,2,2,2.7684448860636657,4.149428569514813,0.36649674864536735,0.9271932069836768,0.5044444444444445,False,1.0,True,True,,0.0,False,0.5,False,FAMILY_Q
1176,True,19,1,0.021941484572337123,0.03783515398123489,0.9888795791537419,0.011182598446699053,1.0,True,,False,False,gcd_k_not_2,0.0,False,1.0,True,FAMILY_F
1178,True,29,1,0.020279451435821206,0.03199750345453059,1.0125576674251513,0.012479311900878249,1.0,True,,False,False,gcd_k_not_2,0.0,False,1.0,True,FAMILY_F
1179,True,23,1,0.03882203244932947,0.058398643225482924,0.9785440386963521,0.021688636577212646,1.0,True,,False,False,gcd_k_not_2,0.26666666666666666,False,1.0,True,FAMILY_F
1180,True,14,2,2.766818032269357,4.146993751100095,0.36490600128729095,0.9306047421781858,0.4855555555555556,False,1.0,True,True,,0.0,False,0.5,False,FAMILY_Q
1181,True,4,2,2.7640024043762823,4.142780349455412,0.3695366389052852,0.9206958663021452,0.5066666666666667,False,1.0,True,True,,0.0,False,0.5,False,FAMILY_Q
1182,True,23,1,0.039444455250272605,0.05972807581173206,0.9956090115582853,0.004400650043453067,1.0,True,,False,False,gcd_k_not_2,0.0,False,1.0,True,FAMILY_F
1190,True,2,2,2.7559096871904107,4.130669979911079,0.3691210921089056,0.9215823370587758,0.5111111111111111,False,1.0,True,True,,0.0,False,0.5,False,FAMILY_Q
1194,True,1,1,0.02477174241184001,0.03958919614770209,0.9953915651176207,0.0046190782430290764,1.0,True,,False,False,gcd_k_not_2,0.0,False,1.0,True,FAMILY_F
1199,True,29,1,0.031614582667184664,0.052078514257406915,1.0032358953798364,0.0032306683274789545,1.0,True,,False,False,gcd_k_not_2,0.0,False,1.0,True,FAMILY_F
1205,True,23,1,0.02986535987794907,0.0511595767613751,1.0124716236835718,0.012394334942963301,1.0,True,,False,False,gcd_k_not_2,0.0,False,1.0,True,FAMILY_F
1210,True,19,1,0.033622812794890065,0.05472799870665537,0.9918890188973051,0.008144009054465396,1.0,True,,False,False,gcd_k_not_2,0.0,False,1.0,True,FAMILY_F
1213,True,7,1,0.024928295946008386,0.037904833842908166,0.9874853967537239,0.012593403973399657,1.0,True,,False,False,gcd_k_not_2,0.0,False,1.0,True,FAMILY_F
1214,True,29,1,0.032668452284840666,0.052584077254155946,1.0088649858514007,0.008825865266045684,1.0,True,,False,False,gcd_k_not_2,0.0,False,1.0,True,FAMILY_F
1217,True,11,1,0.01700730130932547,0.032604093168701935,1.023221233250923,0.022954714856971887,1.0,True,,False,False,gcd_k_not_2,0.0,False,1.0,True,FAMILY_F
1219,True,7,1,0.028332895736738146,0.04686323066528499,1.0044700171809418,0.004460048933262055,1.0,True,,False,False,gcd_k_not_2,0.03333333333333333,False,1.0,True,FAMILY_F
1221,True,29,1,0.023617160467725613,0.0393240370115799,1.0013906950796858,0.0013897287352287386,1.0,True,,False,False,gcd_k_not_2,0.0,False,1.0,True,FAMILY_F
1223,True,29,1,0.03362062665219702,0.053923709966492664,1.0150238299389356,0.014911813662661094,1.0,True,,False,False,gcd_k_not_2,0.0,False,1.0,True,FAMILY_F
1229,True,29,1,0.03447952273863884,0.05442975631719345,1.0097475449430793,0.00970026804372113,1.0,True,,False,False,gcd_k_not_2,0.4033333333333333,False,1.0,True,FAMILY_F
1230,True,7,1,0.03028797575183238,0.050708789437416274,0.9983638296534761,0.001637509969150704,1.0,True,,False,False,gcd_k_not_2,0.0,False,1.0,True,FAMILY_F
1233,True,11,1,0.02697329546808238,0.04312466001221484,0.9941977866258255,0.005819095190143495,1.0,True,,False,False,gcd_k_not_2,0.0,False,1.0,True,FAMILY_F
1234,True,11,1,0.032144534394000016,0.051137617329379444,0.9941311167501808,0.005886155830498892,1.0,True,,False,False,gcd_k_not_2,0.0,False,1.0,True,FAMILY_F
1236,True,19,1,0.02947103686598154,0.048977518072288714,1.013488098172497,0.013397743135148587,1.0,True,,False,False,gcd_k_not_2,0.0,False,1.0,True,FAMILY_F
1239,True,29,1,0.021082011765959304,0.031426425630093985,1.024045531768775,0.02375987238563961,1.0,True,,False,False,gcd_k_not_2,0.0,False,1.0,True,FAMILY_F
1246,True,29,1,0.03244711722255909,0.05381542210644739,0.9868384111273236,0.013248776346344734,1.0,True,,False,False,gcd_k_not_2,0.0,False,1.0,True,FAMILY_F
1249,True,29,1,0.03996996404527381,0.0630259476755918,0.9967229814401747,0.0032823967974382443,1.0,True,,False,False,gcd_k_not_2,0.3,False,1.0,True,FAMILY_F
1250,True,29,1,0.02111847595522037,0.03632302284631179,0.9931048348688091,0.006919019020537132,1.0,True,,False,False,gcd_k_not_2,0.0,False,1.0,True,FAMILY_F
1254,True,19,1,0.03406071330987082,0.05278410614795159,0.9970108294070238,0.0029936448505527343,1.0,True,,False,False,gcd_k_not_2,0.0,False,1.0,True,FAMILY_F
1256,True,23,1,0.04182341781393975,0.06825602973127458,1.0037154386534353,0.003708549209893869,1.0,True,,False,False,gcd_k_not_2,0.0,False,1.0,True,FAMILY_F
1270,True,29,1,0.03228649967641967,0.0544816102851315,1.0221496845205438,0.021907067206842844,1.0,True,,False,False,gcd_k_not_2,0.0,False,1.0,True,FAMILY_F
1271,True,29,1,0.021388238560281988,0.030272752197171227,0.9999075555852326,9.244868794984094e-05,1.0,True,,False,False,gcd_k_not_2,0.0,False,1.0,True,FAMILY_F
1272,True,29,1,0.027288089994822105,0.04783187019814143,1.027026398790495,0.026666055071232767,1.0,True,,False,False,gcd_k_not_2,0.0,False,1.0,True,FAMILY_F
1273,True,23,1,0.03252834440057171,0.05164871919426353,1.00742511010317,0.007397645935382598,1.0,True,,False,False,gcd_k_not_2,0.0,False,1.0,True,FAMILY_F
1279,True,7,1,0.031631991238958906,0.05183662855528376,0.9981600804520152,0.001841613758561909,1.0,True,,False,False,gcd_k_not_2,0.0,False,1.0,True,FAMILY_F
1280,True,19,1,0.021977347985808214,0.0364421808106764,1.005399088714655,0.005384552875323827,1.0,True,,False,False,gcd_k_not_2,0.0,False,1.0,True,FAMILY_F
1283,True,1,1,0.029926082235544365,0.05010830079054156,0.971989285465395,0.02840858694421806,1.0,True,,False,False,gcd_k_not_2,0.0,False,1.0,True,FAMILY_F
1284,True,29,1,0.037238263609034636,0.061474074253582714,0.9978003861486865,0.0022020356653888735,1.0,True,,False,False,gcd_k_not_2,0.0,False,1.0,True,FAMILY_F
1286,True,13,1,0.03560341492862067,0.05503865483834785,0.9910795041348173,0.008960461746161096,1.0,True,,False,False,gcd_k_not_2,0.03111111111111111,False,1.0,True,FAMILY_F
1287,True,7,1,0.017434716115104866,0.02712389014065417,0.9899156587472628,0.01013544590034105,1.0,True,,False,False,gcd_k_not_2,0.0,False,1.0,True,FAMILY_F
1291,True,13,1,0.030170218650642844,0.04657128348283617,0.9974494250230884,0.002553831846713308,1.0,True,,False,False,gcd_k_not_2,0.0,False,1.0,True,FAMILY_F
1292,True,8,2,2.7642756415324246,4.143189177178552,0.3654739217338694,0.92938586107952,0.49333333333333335,False,1.0,True,True,,0.0,False,0.5,False,FAMILY_Q
1293,True,7,1,0.04087723323816062,0.06381255072978878,1.0239684530877156,0.023684611339816045,1.0,True,,False,False,gcd_k_not_2,0.0,False,1.0,True,FAMILY_F
1295,True,2,2,2.7555448903576902,4.130123655387822,0.362750828726693,0.9352394551375623,0.49,False,1.0,True,True,,0.0,False,0.5,False,FAMILY_Q
1296,True,7,1,0.02640067595217017,0.04461021596181639,0.9849638427550441,0.015150056561318867,1.0,True,,False,False,gcd_k_not_2,0.0,False,1.0,True,FAMILY_F
1297,True,19,1,0.04454069241579161,0.07117897797251396,1.0042646518009832,0.00425557752280971,1.0,True,,False,False,gcd_k_not_2,0.0,False,1.0,True,FAMILY_F
1299,True,1,1,0.03494914851633144,0.05249139207442772,0.9876502189888813,0.01242651337054777,1.0,True,,False,False,gcd_k_not_2,0.0,False,1.0,True,FAMILY_F
1301,True,28,2,2.7700983368544345,4.151902766121613,0.3652665558054742,0.9298307960382851,0.5055555555555555,False,1.0,True,True,,0.0,False,0.5,False,FAMILY_Q
1316,True,1,1,0.02262351734997057,0.03542008112716471,0.990274941191435,0.009772578257698694,1.0,True,,False,False,gcd_k_not_2,0.0,False,1.0,True,FAMILY_F
1320,True,29,1,0.02940838217129322,0.047155171875880676,0.9777082928691602,0.02254296774829226,1.0,True,,False,False,gcd_k_not_2,0.0,False,1.0,True,FAMILY_F
1322,True,7,1,0.03030743135856541,0.04610906383599074,1.02108477144323,0.020864806604003666,1.0,True,,False,False,gcd_k_not_2,0.3333333333333333,False,1.0,True,FAMILY_F
1330,True,29,1,0.022646192769650894,0.03729314197087375,1.0019999981791243,0.001998000180762675,1.0,True,,False,False,gcd_k_not_2,0.0,False,1.0,True,FAMILY_F
1332,True,23,1,0.03752540257807936,0.058162978020895505,0.9968548126794137,0.003150141212686457,1.0,True,,False,False,gcd_k_not_2,0.0,False,1.0,True,FAMILY_F
1336,True,7,1,0.02530245607993314,0.041161927813803664,1.0183703964469466,0.018203196478986272,1.0,True,,False,False,gcd_k_not_2,0.1,False,1.0,True,FAMILY_F
1337,True,11,1,0.032400756874857675,0.059188971524264694,0.9955485041144684,0.004461425895039348,1.0,True,,False,False,gcd_k_not_2,0.0,False,1.0,True,FAMILY_F
1338,True,23,1,0.02598684509103474,0.04257351115778373,0.9973222674938619,0.0026813224382642984,1.0,True,,False,False,gcd_k_not_2,0.0,False,1.0,True,FAMILY_F
1339,True,19,1,0.023413153477949058,0.039194040300352874,1.0092065986623848,0.009164412130155397,1.0,True,,False,False,gcd_k_not_2,0.0,False,1.0,True,FAMILY_F
1341,True,17,1,0.0405736019888987,0.06429675623568396,0.9908996490551625,0.009141948414282284,1.0,True,,False,False,gcd_k_not_2,0.0,False,1.0,True,FAMILY_F
1342,True,17,1,0.0367070638937067,0.058198704639811104,1.0262687971519142,0.025928245244497803,1.0,True,,False,False,gcd_k_not_2,0.12,False,1.0,True,FAMILY_F
1345,True,2,2,2.763468149571714,4.141980800383044,0.3662712418183637,0.9276763482750464,0.5066666666666667,False,1.0,True,True,,0.0,False,0.5,False,FAMILY_Q
1351,True,11,1,0.018953034441380086,0.03110959315072684,0.9911855349279729,0.008853484436693617,1.0,True,,False,False,gcd_k_not_2,0.0,False,1.0,True,FAMILY_F
1353,True,28,2,2.7649539204804587,4.144204286282387,0.3697161243624787,0.9203131428870065,0.4888888888888889,False,1.0,True,True,,0.3333333333333333,False,0.5,False,FAMILY_Q
1355,True,29,1,0.042570156177208086,0.06902626372251912,1.0012926488003766,0.001291813869552142,1.0,True,,False,False,gcd_k_not_2,0.0,False,1.0,True,FAMILY_F
1356,True,11,1,0.036013917759075,0.0640640799543221,0.982938353544478,0.017208448689314586,1.0,True,,False,False,gcd_k_not_2,0.0,False,1.0,True,FAMILY_F
1361,True,29,1,0.04541308662687957,0.06969588556545503,1.0011168579546283,0.0011162346168728922,1.0,True,,False,False,gcd_k_not_2,0.0,False,1.0,True,FAMILY_F
1363,True,23,1,0.02027101741655943,0.03570218377261673,1.0834345853013205,0.08009330927877793,1.0,True,,False,False,gcd_k_not_2,0.0,False,1.0,True,FAMILY_F
1364,True,17,1,0.03346035617278076,0.057453715126832915,0.9854969163329939,0.014609021598272601,1.0,True,,False,False,gcd_k_not_2,0.16666666666666666,False,1.0,True,FAMILY_F
1365,True,14,2,2.766413238788263,4.1463881098559074,0.3718095634735217,0.915856622162415,0.5033333333333333,False,1.0,True,True,,0.0,False,0.5,False,FAMILY_Q
1366,True,17,1,0.024147699048117668,0.04148400730911865,1.0192256818289835,0.019042628074707444,1.0,True,,False,False,gcd_k_not_2,0.0,False,1.0,True,FAMILY_F
1369,True,23,1,0.02348920684274455,0.036089587265884286,0.9789384124596845,0.021285743313393408,1.0,True,,False,False,gcd_k_not_2,0.0,False,1.0,True,FAMILY_F
1370,True,8,2,2.758463484577112,4.134491734635109,0.3628434528145086,0.9350399649639177,0.4866666666666667,False,1.0,True,True,,0.0,False,0.5,False,FAMILY_Q
1380,True,11,1,0.0315838024808181,0.05197511895864292,0.9914698536774896,0.008566683855905106,1.0,True,,False,False,gcd_k_not_2,0.0,False,1.0,True,FAMILY_F
1381,True,13,1,0.0320760660460765,0.05041325161170528,0.997532664183392,0.0024703834493906367,1.0,True,,False,False,gcd_k_not_2,0.16666666666666666,False,1.0,True,FAMILY_F
1384,True,7,1,0.025383067547977912,0.04002461199952218,0.9945140057671549,0.005501083689542733,1.0,True,,False,False,gcd_k_not_2,0.0,False,1.0,True,FAMILY_F
1385,True,11,1,0.04645703828117974,0.0758284764764351,0.9965275994803582,0.0034784397877049606,1.0,True,,False,False,gcd_k_not_2,0.0,False,1.0,True,FAMILY_F
1387,True,11,1,0.035892144768851844,0.05656407469810689,0.9779183237384589,0.022328198284552604,1.0,True,,False,False,gcd_k_not_2,0.0,False,1.0,True,FAMILY_F
1388,True,23,1,0.021459653102352264,0.035637777030218344,1.005388134899611,0.005373657902768852,1.0,True,,False,False,gcd_k_not_2,0.0,False,1.0,True,FAMILY_F
1390,True,7,1,0.03615802198997551,0.0574579325008439,1.0058709537782504,0.005853770171198548,1.0,True,,False,False,gcd_k_not_2,0.0,False,1.0,True,FAMILY_F
1392,True,29,1,0.03316115444023573,0.053979618979900466,1.0026242877175713,0.002620848786930707,1.0,True,,False,False,gcd_k_not_2,0.0,False,1.0,True,FAMILY_F
1393,True,17,1,0.04446209041612139,0.0707078068968569,0.9930716856947579,0.006952398506255373,1.0,True,,False,False,gcd_k_not_2,0.06666666666666667,False,1.0,True,FAMILY_F
1396,True,26,2,2.7728446224128653,4.156012430521739,0.36292535950832217,0.9348635800884997,0.5022222222222222,False,1.0,True,True,,0.0,False,0.5,False,FAMILY_Q
1397,True,11,1,0.032962026427425774,0.05333052649230876,1.021904767230465,0.02166745693019897,1.0,True,,False,False,gcd_k_not_2,0.0,False,1.0,True,FAMILY_F
1400,True,28,2,2.7567970469924705,4.1319976732789465,0.36634317251094706,0.9275222217044833,0.4777777777777778,False,1.0,True,True,,0.0,False,0.5,False,FAMILY_Q
1401,True,19,1,0.04739211197182151,0.07771534259234196,1.0046785828219937,0.004667663796165889,1.0,True,,False,False,gcd_k_not_2,0.11444444444444445,False,1.0,True,FAMILY_F
1403,True,7,1,0.03383219429662525,0.05351602240733931,0.9998833223575818,0.0001166844496513898,1.0,True,,False,False,gcd_k_not_2,0.2,False,1.0,True,FAMILY_F
1404,True,7,1,0.04099679015932458,0.06307719853340413,1.0184600306169276,0.01829120253749622,1.0,True,,False,False,gcd_k_not_2,0.0,False,1.0,True,FAMILY_F
1407,True,19,1,0.038750312088338124,0.06759800926394166,1.0073562124932758,0.007329254715722605,1.0,True,,False,False,gcd_k_not_2,0.0,False,1.0,True,FAMILY_F
1410,True,11,1,0.027822969490946547,0.04704403610666416,0.9722246869599663,0.028166479431760028,1.0,True,,False,False,gcd_k_not_2,0.13333333333333333,False,1.0,True,FAMILY_F
1411,True,17,1,0.036547920062908704,0.0576709091982279,0.9989241420506992,0.0010764369959502433,1.0,True,,False,False,gcd_k_not_2,0.0,False,1.0,True,FAMILY_F
1413,True,23,1,0.021183184387990182,0.03602824051326775,1.003807280284033,0.003800046363234516,1.0,True,,False,False,gcd_k_not_2,0.0,False,1.0,True,FAMILY_F
1414,True,7,1,0.027175837867602807,0.04341470740590924,0.9741424563802941,0.026196228682622332,1.0,True,,False,False,gcd_k_not_2,0.0,False,1.0,True,FAMILY_F
1419,True,19,1,0.03826354166074343,0.05871799402991064,0.9940882798493845,0.005929246172653855,1.0,True,,False,False,gcd_k_not_2,0.0,False,1.0,True,FAMILY_F
1420,True,29,1,0.025051934410432394,0.03941162126556526,1.0096436136893383,0.009597337183217678,1.0,True,,False,False,gcd_k_not_2,0.0,False,1.0,True,FAMILY_F
1421,True,23,1,0.030879645162285734,0.051633766561434286,0.9944034744768103,0.0056122300174570846,1.0,True,,False,False,gcd_k_not_2,0.0,False,1.0,True,FAMILY_F
1422,True,7,1,0.032070063043267795,0.052770521889154536,0.9781627900154647,0.022078273936559728,1.0,True,,False,False,gcd_k_not_2,0.0,False,1.0,True,FAMILY_F
1425,True,13,1,0.03720996727020006,0.06301603148318007,0.9936166742842406,0.00640376437265827,1.0,True,,False,False,gcd_k_not_2,0.0,False,1.0,True,FAMILY_F
1426,True,1,1,0.03715730650808124,0.0616398611820876,1.0155592618757179,0.015439150979106638,1.0,True,,False,False,gcd_k_not_2,0.0,False,1.0,True,FAMILY_F
1430,True,19,1,0.022974160152606227,0.039545346855176675,1.006248810087241,0.006229347083793987,1.0,True,,False,False,gcd_k_not_2,0.0,False,1.0,True,FAMILY_F
1431,True,29,1,0.0342426581419173,0.05195754388951344,0.9888451576229472,0.01121740657818223,1.0,True,,False,False,gcd_k_not_2,0.0,False,1.0,True,FAMILY_F
1432,True,17,1,0.02169939768642555,0.036757563278891445,0.990611049529432,0.009433234556582463,1.0,True,,False,False,gcd_k_not_2,0.0,False,1.0,True,FAMILY_F
1438,True,13,1,0.021762070744671215,0.03770374172597994,0.968801269198722,0.031693123414102166,1.0,True,,False,False,gcd_k_not_2,0.3,False,1.0,True,FAMILY_F
1446,True,13,1,0.03479330880634272,0.054092625616301175,0.9947216155417279,0.005292351992524617,1.0,True,,False,False,gcd_k_not_2,0.0,False,1.0,True,FAMILY_F
1448,True,22,2,2.7645202644499967,4.143555344754854,0.36624616287592077,0.9277300889761186,0.5022222222222222,False,1.0,True,True,,0.0,False,0.5,False,FAMILY_Q
1449,True,17,1,0.029613353777230823,0.04924743787530375,0.9934784737850288,0.00654286093452391,1.0,True,,False,False,gcd_k_not_2,0.0,False,1.0,True,FAMILY_F
1454,True,23,1,0.030819187876922866,0.04859634120557929,1.0056301011859166,0.00561429665678385,1.0,True,,False,False,gcd_k_not_2,0.23333333333333334,False,1.0,True,FAMILY_F
1459,True,11,1,0.03255886556534085,0.05153350850512108,0.9797565843402448,0.020450408721839272,1.0,True,,False,False,gcd_k_not_2,0.0,False,1.0,True,FAMILY_F
1461,True,11,1,0.025728084331354564,0.04363854329086048,0.9809799621268385,0.019202655490508917,1.0,True,,False,False,gcd_k_not_2,0.0,False,1.0,True,FAMILY_F
1464,True,26,2,2.7645168367479065,4.1435501658659035,0.3658637029445014,0.9285498921868124,0.47888888888888886,False,1.0,True,True,,0.3522222222222222,False,0.5,False,FAMILY_Q
1467,True,17,1,0.025927039452930043,0.04287035723167605,0.9921579371056075,0.007872932911921813,1.0,True,,False,False,gcd_k_not_2,0.0,False,1.0,True,FAMILY_F
1475,True,8,2,2.7691819922352683,4.150531607842613,0.3642553260357868,0.9320024805203311,0.47444444444444445,False,1.0,True,True,,0.0,False,0.5,False,FAMILY_Q
1480,True,11,1,0.022630727581088642,0.037758477463425505,0.9817200321767963,0.018448587617216874,1.0,True,,False,False,gcd_k_not_2,0.0,False,1.0,True,FAMILY_F
1481,True,1,1,0.03444548865329319,0.054798997649823336,1.020330116849901,0.02012553956439523,1.0,True,,False,False,gcd_k_not_2,0.0,False,1.0,True,FAMILY_F
1483,True,19,1,0.048097461769669635,0.0759317861402754,0.9826506258789456,0.017501191480332717,1.0,True,,False,False,gcd_k_not_2,0.0,False,1.0,True,FAMILY_F
1484,True,13,1,0.040334161450049213,0.06528241791576565,1.0056474935120001,0.005631591324267112,1.0,True,,False,False,gcd_k_not_2,0.20222222222222222,False,1.0,True,FAMILY_F
1485,True,29,1,0.03901385776770521,0.060059664692691105,1.0005753042686676,0.0005751388287559459,1.0,True,,False,False,gcd_k_not_2,0.0,False,1.0,True,FAMILY_F
1490,True,19,1,0.02235205474977498,0.03803226044654878,0.985958591664372,0.01414068590811881,1.0,True,,False,False,gcd_k_not_2,0.0,False,1.0,True,FAMILY_F
1491,True,13,1,0.02842159354871216,0.045189011516230025,1.0002973177014218,0.0002972735090837084,1.0,True,,False,False,gcd_k_not_2,0.0,False,1.0,True,FAMILY_F
1493,True,22,2,2.764252029899007,4.143153816209673,0.36669586479291866,0.9267667394355354,0.51,False,1.0,True,True,,0.05,False,0.5,False,FAMILY_Q
1502,True,28,2,2.76702744665746,4.147307466588103,0.3675524290337635,0.9249335638460147,0.5111111111111111,False,1.0,True,True,,0.0,False,0.5,False,FAMILY_Q
1507,True,13,1,0.025192538815212287,0.04199237616775976,0.9583339528738462,0.04255254530516527,1.0,True,,False,False,gcd_k_not_2,0.0,False,1.0,True,FAMILY_F
1509,True,23,1,0.023022157812572008,0.0384746569643592,0.9946949563365794,0.005319152832434753,1.0,True,,False,False,gcd_k_not_2,0.0,False,1.0,True,FAMILY_F
1514,True,17,1,0.034758124532166985,0.05787127014510279,0.9980656722378345,0.001936200385244694,1.0,True,,False,False,gcd_k_not_2,0.0,False,1.0,True,FAMILY_F
1516,True,7,1,0.05280430710651463,0.07927113687256679,0.9960299357183987,0.003977960661368901,1.0,True,,False,False,gcd_k_not_2,0.0,False,1.0,True,FAMILY_F
1518,True,13,1,0.03128588475034954,0.0524624170223383,0.9959183535778543,0.004089993375559678,1.0,True,,False,False,gcd_k_not_2,0.3111111111111111,False,1.0,True,FAMILY_F
1521,True,19,1,0.022282138639561404,0.038387822700944665,0.9819448938736012,0.018219584391280543,1.0,True,,False,False,gcd_k_not_2,0.13111111111111112,False,1.0,True,FAMILY_F
1523,True,17,1,0.02988355827262004,0.04676298310365991,1.018765732466302,0.01859129285236682,1.0,True,,False,False,gcd_k_not_2,0.0,False,1.0,True,FAMILY_F
1524,True,19,1,0.04547076971425219,0.0675376865230853,0.9986211393147966,0.0013798119694422432,1.0,True,,False,False,gcd_k_not_2,0.0,False,1.0,True,FAMILY_F
1529,True,22,2,2.7638107640753296,4.142493694403623,0.36861052061222754,0.922672257561384,0.4922222222222222,False,1.0,True,True,,0.0,False,0.5,False,FAMILY_Q
1533,True,29,1,0.033651454425005646,0.05290856261805449,1.0153453753132713,0.015228531547240185,1.0,True,,False,False,gcd_k_not_2,0.0,False,1.0,True,FAMILY_F
1535,True,1,1,0.020510821036204274,0.03726794559750852,1.0676901850691858,0.06547420455731465,1.0,True,,False,False,gcd_k_not_2,0.0,False,1.0,True,FAMILY_F
1536,True,1,1,0.04039884406184614,0.06296476225237027,0.9868458544215625,0.013241234139190039,1.0,True,,False,False,gcd_k_not_2,0.03333333333333333,False,1.0,True,FAMILY_F
1537,True,13,1,0.03774086144668902,0.06195166509012938,0.9938341267741019,0.006184941006977505,1.0,True,,False,False,gcd_k_not_2,0.3,False,1.0,True,FAMILY_F
1538,True,1,1,0.023430725034585077,0.040407477423434375,1.002652225147395,0.0026487126562374803,1.0,True,,False,False,gcd_k_not_2,0.0,False,1.0,True,FAMILY_F
1541,True,23,1,0.028119720770738824,0.04430379603597566,1.0118695253499208,0.011799498128842408,1.0,True,,False,False,gcd_k_not_2,0.0,False,1.0,True,FAMILY_F
1545,True,29,1,0.04829717304798203,0.07948337075765723,0.9897091916266203,0.010344032602037433,1.0,True,,False,False,gcd_k_not_2,0.0,False,1.0,True,FAMILY_F
1553,True,1,1,0.028812037390421198,0.047877806097672254,0.9912491478392748,0.008789309133134783,1.0,True,,False,False,gcd_k_not_2,0.3688888888888889,False,1.0,True,FAMILY_F
1554,True,1,1,0.020036239620903055,0.02772315229982783,0.9905490704896139,0.00949580158610355,1.0,True,,False,False,gcd_k_not_2,0.0,False,1.0,True,FAMILY_F
1555,True,23,1,0.02694962168893742,0.04386043541171435,1.009809643040913,0.00976176333403461,1.0,True,,False,False,gcd_k_not_2,0.0,False,1.0,True,FAMILY_F
1566,True,7,1,0.026921252142550357,0.039029274037274006,0.9803308525072421,0.019864506446339917,1.0,True,,False,False,gcd_k_not_2,0.03333333333333333,False,1.0,True,FAMILY_F
1576,True,23,1,0.03282609281871858,0.05414262670155147,1.0250153262453132,0.024706308067006497,1.0,True,,False,False,gcd_k_not_2,0.0,False,1.0,True,FAMILY_F
1580,True,1,1,0.0535862038058462,0.09045113027088815,0.9984470642956795,0.0015541424459674673,1.0,True,,False,False,gcd_k_not_2,0.0,False,1.0,True,FAMILY_F
1581,True,7,1,0.02368468605501631,0.03899331013958357,0.9797476330207697,0.020459544076664466,1.0,True,,False,False,gcd_k_not_2,0.0,False,1.0,True,FAMILY_F
1584,True,17,1,0.04393626246994435,0.06709970846436425,0.9968321251894962,0.003172900486267228,1.0,True,,False,False,gcd_k_not_2,0.0,False,1.0,True,FAMILY_F
1588,True,16,2,2.761072062041418,4.138395242713938,0.3717161986538047,0.9160550877255659,0.51,False,1.0,True,True,,0.0,False,0.5,False,FAMILY_Q
1592,True,11,1,0.03088192302458788,0.05029817572308615,0.9732913288917577,0.027070175312879384,1.0,True,,False,False,gcd_k_not_2,0.0,False,1.0,True,FAMILY_F
1593,True,23,1,0.03331312684370644,0.05192550310565977,0.9912424757140211,0.008796040053171863,1.0,True,,False,False,gcd_k_not_2,0.0,False,1.0,True,FAMILY_F
1594,True,17,1,0.02982307181816771,0.04584802240985736,1.0134582201267888,0.013368263609603333,1.0,True,,False,False,gcd_k_not_2,0.0,False,1.0,True,FAMILY_F
1600,True,11,1,0.03412062675533896,0.05367903662182035,1.0007656387852437,0.0007653457960309839,1.0,True,,False,False,gcd_k_not_2,0.0,False,1.0,True,FAMILY_F
1601,True,23,1,0.021758966240285782,0.03660559008651263,0.9915195981760762,0.008516513552455673,1.0,True,,False,False,gcd_k_not_2,0.13333333333333333,False,1.0,True,FAMILY_F
1602,True,1,1,0.038697885277342796,0.06208872630254254,1.005195388079209,0.005181927018280051,1.0,True,,False,False,gcd_k_not_2,0.0,False,1.0,True,FAMILY_F
1603,True,11,1,0.02397011240873564,0.035157806467544614,0.9907585036324974,0.00928439722913641,1.0,True,,False,False,gcd_k_not_2,0.0,False,1.0,True,FAMILY_F
1613,True,11,1,0.029730439845014955,0.048717541645114514,1.0047712605585524,0.004759905184617414,1.0,True,,False,False,gcd_k_not_2,0.0,False,1.0,True,FAMILY_F
1617,True,19,1,0.02473699212454395,0.043204803847781775,1.0053683162545395,0.005353945418431722,1.0,True,,False,False,gcd_k_not_2,0.0,False,1.0,True,FAMILY_F
1618,True,7,1,0.024285028959239202,0.04186927190496458,0.9828371675955174,0.017311388635401655,1.0,True,,False,False,gcd_k_not_2,0.14666666666666667,False,1.0,True,FAMILY_F
1620,True,29,1,0.03531108703812978,0.05559116228449046,0.9873849100640824,0.012695165261681338,1.0,True,,False,False,gcd_k_not_2,0.0,False,1.0,True,FAMILY_F
1621,True,29,1,0.02148444233559343,0.033353377492623466,0.9806832605074327,0.01950512722323758,1.0,True,,False,False,gcd_k_not_2,0.0,False,1.0,True,FAMILY_F
1622,True,17,1,0.03553378676422633,0.05995721198412264,1.0032292335301691,0.003224027960572837,1.0,True,,False,False,gcd_k_not_2,0.0,False,1.0,True,FAMILY_F
1623,True,19,1,0.04574674371419339,0.069574877942773,0.9918388227073037,0.00819461615032041,1.0,True,,False,False,gcd_k_not_2,0.0,False,1.0,True,FAMILY_F
1627,True,16,2,2.7581443239194563,4.134013948669648,0.3661681805476607,0.9278972069137973,0.4855555555555556,False,1.0,True,True,,0.0,False,0.5,False,FAMILY_Q
1633,True,1,1,0.04010453793889983,0.06558139600869776,1.009450427917177,0.009405982636727778,1.0,True,,False,False,gcd_k_not_2,0.0,False,1.0,True,FAMILY_F
1634,True,29,1,0.04996480603827569,0.0792826562711849,0.9943388367616337,0.005677233110055468,1.0,True,,False,False,gcd_k_not_2,0.0,False,1.0,True,FAMILY_F
1635,True,17,1,0.021095047802843048,0.03530797883793916,0.9884203529566676,0.011647081590282533,1.0,True,,False,False,gcd_k_not_2,0.0,False,1.0,True,FAMILY_F
1637,True,13,1,0.0330726488528635,0.05046919739982783,1.0065508155646585,0.006529429022025613,1.0,True,,False,False,gcd_k_not_2,0.0,False,1.0,True,FAMILY_F
1640,True,13,1,0.02613921439972944,0.04399526448511944,1.0053637586219357,0.005349412144180354,1.0,True,,False,False,gcd_k_not_2,0.0,False,1.0,True,FAMILY_F
1650,True,11,1,0.03077749293863772,0.047601563912304,0.9797269768227961,0.02048062527262165,1.0,True,,False,False,gcd_k_not_2,0.0,False,1.0,True,FAMILY_F
1658,True,23,1,0.03220593749869485,0.05466103218792962,0.9993175720427038,0.0006826608907347825,1.0,True,,False,False,gcd_k_not_2,0.0,False,1.0,True,FAMILY_F
1660,True,13,1,0.02086279238635474,0.033864787908828485,0.9981082690706988,0.0018935219463167546,1.0,True,,False,False,gcd_k_not_2,0.03333333333333333,False,1.0,True,FAMILY_F
1670,True,29,1,0.024974918964004073,0.04255762637044768,0.9860916359637447,0.014005762659089278,1.0,True,,False,False,gcd_k_not_2,0.0,False,1.0,True,FAMILY_F
1674,True,29,1,0.031887619658237644,0.05658434396516321,0.9915079031981017,0.008528308412194697,1.0,True,,False,False,gcd_k_not_2,0.0,False,1.0,True,FAMILY_F
1686,True,23,1,0.03318177081793389,0.053172312827732084,1.033894624869292,0.03332977476300698,1.0,True,,False,False,gcd_k_not_2,0.0,False,1.0,True,FAMILY_F
1689,True,7,1,0.029947738200047338,0.048019708565433826,1.0015482540807512,0.0015470564625106595,1.0,True,,False,False,gcd_k_not_2,0.0,False,1.0,True,FAMILY_F
1690,True,29,1,0.020800161106017886,0.035138453570149615,1.0043112974859365,0.004302023833667141,1.0,True,,False,False,gcd_k_not_2,0.0,False,1.0,True,FAMILY_F
1692,True,1,1,0.04621363022024143,0.07665094731572766,1.0098811776714962,0.009832598843424068,1.0,True,,False,False,gcd_k_not_2,0.4666666666666667,False,1.0,True,FAMILY_F
1695,True,7,1,0.033947675946194265,0.05117835730064995,0.9898771401293988,0.010174356663992764,1.0,True,,False,False,gcd_k_not_2,0.0,False,1.0,True,FAMILY_F
1696,True,7,1,0.029058837772365637,0.046309980134826116,0.9795040095077875,0.020708208110484187,1.0,True,,False,False,gcd_k_not_2,0.0,False,1.0,True,FAMILY_F
1697,True,7,1,0.024748344152150038,0.042862309207405906,1.0256278497079403,0.025303611136305578,1.0,True,,False,False,gcd_k_not_2,0.0,False,1.0,True,FAMILY_F
1699,True,11,1,0.03533481912049982,0.05742155307648958,0.9832171460031792,0.016924877873957064,1.0,True,,False,False,gcd_k_not_2,0.0,False,1.0,True,FAMILY_F
1701,True,1,1,0.03703823983398312,0.05844601571611402,1.0032793121405303,0.0032739439983797045,1.0,True,,False,False,gcd_k_not_2,0.0,False,1.0,True,FAMILY_F
1703,True,28,2,2.763821460917807,4.142509550922069,0.3636542313533963,0.933294898392307,0.5077777777777778,False,1.0,True,True,,0.0,False,0.5,False,FAMILY_Q
1708,True,19,1,0.04099615249316494,0.06603329569727119,0.990797634804354,0.009244902680980329,1.0,True,,False,False,gcd_k_not_2,0.0,False,1.0,True,FAMILY_F
1709,True,19,1,0.02922912072364005,0.048593036878171354,0.9517443129384198,0.04944877947555493,1.0,True,,False,False,gcd_k_not_2,0.0,False,1.0,True,FAMILY_F
1711,True,23,1,0.03818340432414286,0.06683549023848004,1.016122448801899,0.015993521436636883,1.0,True,,False,False,gcd_k_not_2,0.0,False,1.0,True,FAMILY_F
1713,True,22,2,2.7624544257020007,4.140464089016288,0.3664596056513539,0.9272727737116746,0.47888888888888886,False,1.0,True,True,,0.0,False,0.5,False,FAMILY_Q
1715,True,13,1,0.019138743222744288,0.03242971801367983,0.9736743231000006,0.026676819566310524,1.0,True,,False,False,gcd_k_not_2,0.0,False,1.0,True,FAMILY_F
1716,True,1,1,0.029471302508263016,0.048980088471874746,1.00995519924104,0.009905891678380763,1.0,True,,False,False,gcd_k_not_2,0.0,False,1.0,True,FAMILY_F
1721,True,17,1,0.03519918474268171,0.06624574001078248,0.9958462805933948,0.004162364052776933,1.0,True,,False,False,gcd_k_not_2,0.0,False,1.0,True,FAMILY_F
1723,True,7,1,0.03404494816494582,0.053070332992901516,0.9770444052991327,0.023222133644888027,1.0,True,,False,False,gcd_k_not_2,0.0,False,1.0,True,FAMILY_F
1727,True,1,1,0.024606619122736276,0.04218437595090137,1.010848422818072,0.010789896140325318,1.0,True,,False,False,gcd_k_not_2,0.0,False,1.0,True,FAMILY_F
1729,True,17,1,0.027432571329473326,0.04278371805032182,1.0009254099199123,0.0009249819261872649,1.0,True,,False,False,gcd_k_not_2,0.0,False,1.0,True,FAMILY_F
1731,True,13,1,0.030896388339594207,0.051330531905124384,1.0068199711762835,0.006796794205995611,1.0,True,,False,False,gcd_k_not_2,0.0,False,1.0,True,FAMILY_F
1739,True,29,1,0.043067328292106286,0.06857897351772307,0.9905695071560889,0.00947517060821889,1.0,True,,False,False,gcd_k_not_2,0.0,False,1.0,True,FAMILY_F
1744,True,29,1,0.03707188892317105,0.05856131975357285,1.0138009624638846,0.013706381833286208,1.0,True,,False,False,gcd_k_not_2,0.0,False,1.0,True,FAMILY_F
1747,True,19,1,0.023546830110165826,0.039614679226655736,1.0093258134361982,0.009282529865328116,1.0,True,,False,False,gcd_k_not_2,0.0,False,1.0,True,FAMILY_F
1748,True,1,1,0.031701051130751154,0.05248851868672334,0.993493426917564,0.006527809918587775,1.0,True,,False,False,gcd_k_not_2,0.0,False,1.0,True,FAMILY_F
1749,True,13,1,0.02034528217569088,0.03507970693544168,1.0000966429437999,9.66382740961816e-05,1.0,True,,False,False,gcd_k_not_2,0.0,False,1.0,True,FAMILY_F
1754,True,19,1,0.03478547571091503,0.05729963176849526,1.0032080371699044,0.003202899659324992,1.0,True,,False,False,gcd_k_not_2,0.3,False,1.0,True,FAMILY_F
1763,True,7,1,0.024879620995851223,0.041706392334056,1.0034394034931922,0.003433498899138402,1.0,True,,False,False,gcd_k_not_2,0.0,False,1.0,True,FAMILY_F
1764,True,23,1,0.033636614997855405,0.05418190473456083,1.0178035395341247,0.017646454855793487,1.0,True,,False,False,gcd_k_not_2,0.3,False,1.0,True,FAMILY_F
1766,True,19,1,0.034505613729866776,0.055174370248191225,0.9896174705163224,0.01043670920419008,1.0,True,,False,False,gcd_k_not_2,0.0,False,1.0,True,FAMILY_F
1770,True,7,1,0.021392611589564865,0.03351322873180437,1.0114177420928525,0.01135292968130275,1.0,True,,False,False,gcd_k_not_2,0.23333333333333334,False,1.0,True,FAMILY_F
1772,True,22,2,2.7628609153806876,4.1410723517507755,0.3678359407172882,0.924327312164655,0.4766666666666667,False,1.0,True,True,,0.0,False,0.5,False,FAMILY_Q
1773,True,28,2,2.759451607895758,4.1359704092835665,0.36615867905762617,0.9279175701311599,0.52,False,1.0,True,True,,0.0,False,0.5,False,FAMILY_Q
1780,True,11,1,0.023144619504829655,0.03905068196209397,0.9793507938937314,0.02086462507805203,1.0,True,,False,False,gcd_k_not_2,0.0,False,1.0,True,FAMILY_F
1781,True,29,1,0.02758677777167503,0.04653067588040909,1.0141579363516615,0.014058417263252503,1.0,True,,False,False,gcd_k_not_2,0.0,False,1.0,True,FAMILY_F
1785,True,7,1,0.02697343591963449,0.045613937959518264,1.0085453241942932,0.008508968248173316,1.0,True,,False,False,gcd_k_not_2,0.0,False,1.0,True,FAMILY_F
1788,True,17,1,0.02211986666510664,0.04071818413840832,1.016801726717705,0.01666175360237264,1.0,True,,False,False,gcd_k_not_2,0.0,False,1.0,True,FAMILY_F
1791,True,1,1,0.03904987313518444,0.06514749122544782,1.0027047714991066,0.0027011185448786367,1.0,True,,False,False,gcd_k_not_2,0.0,False,1.0,True,FAMILY_F
1794,True,23,1,0.021553216691014995,0.03615260643022958,0.9773544475959721,0.022904899454480605,1.0,True,,False,False,gcd_k_not_2,0.0,False,1.0,True,FAMILY_F
1797,True,7,1,0.04262953214966723,0.0737834827530953,1.0161635771026076,0.016033993755443215,1.0,True,,False,False,gcd_k_not_2,0.0,False,1.0,True,FAMILY_F
1811,True,19,1,0.033929381756818214,0.05430786241559721,1.0036585999371481,0.003651919480956394,1.0,True,,False,False,gcd_k_not_2,0.0,False,1.0,True,FAMILY_F
1814,True,26,2,2.760154117778958,4.137021476593249,0.35964418915144203,0.9419461590877036,0.49333333333333335,False,1.0,True,True,,0.0,False,0.5,False,FAMILY_Q
1817,True,19,1,0.03485984264912153,0.05555204889013704,1.0003096458553478,0.0003095979224908904,1.0,True,,False,False,gcd_k_not_2,0.0,False,1.0,True,FAMILY_F
1819,True,19,1,0.04754716339135105,0.07624948165177725,0.9979144470688754,0.002087729966800379,1.0,True,,False,False,gcd_k_not_2,0.0,False,1.0,True,FAMILY_F
1822,True,19,1,0.024429053999541348,0.04441941560938793,1.0324509584944683,0.03193283297571547,1.0,True,,False,False,gcd_k_not_2,0.2,False,1.0,True,FAMILY_F
1823,True,17,1,0.02530293642159733,0.03990346124473277,0.9751804536240637,0.025131421618108267,1.0,True,,False,False,gcd_k_not_2,0.0,False,1.0,True,FAMILY_F
1828,True,17,1,0.020319493552474727,0.035691081427738754,1.0036753526122275,0.0036686108929133376,1.0,True,,False,False,gcd_k_not_2,0.0,False,1.0,True,FAMILY_F
1835,True,11,1,0.034239205019844024,0.05620351035816282,0.9951392116879084,0.0048726307253309726,1.0,True,,False,False,gcd_k_not_2,0.0,False,1.0,True,FAMILY_F
1842,True,13,1,0.03249047330521324,0.05214116788411473,1.0087786523535565,0.008740288376990696,1.0,True,,False,False,gcd_k_not_2,0.0,False,1.0,True,FAMILY_F
1846,True,29,1,0.02287139433945041,0.03859841322671295,0.9850989550423621,0.015012898898352325,1.0,True,,False,False,gcd_k_not_2,0.0,False,1.0,True,FAMILY_F
1848,True,17,1,0.021712931445864135,0.03548316695024262,0.9822544878242373,0.01790437331307604,1.0,True,,False,False,gcd_k_not_2,0.0,False,1.0,True,FAMILY_F
1855,True,7,1,0.022130559599689428,0.03678291612901829,0.980231969840026,0.019965368159944378,1.0,True,,False,False,gcd_k_not_2,0.0,False,1.0,True,FAMILY_F
1857,True,22,2,2.763431396744558,4.141926010856488,0.3667880497052585,0.9265693396006655,0.47888888888888886,False,1.0,True,True,,0.0,False,0.5,False,FAMILY_Q
1858,True,13,1,0.039893580421366225,0.06331752484967866,0.9864665895921308,0.013625610900053275,1.0,True,,False,False,gcd_k_not_2,0.0,False,1.0,True,FAMILY_F
1861,True,17,1,0.01901542841564204,0.03165818197966869,1.0394224896194284,0.03866044414052235,1.0,True,,False,False,gcd_k_not_2,0.0,False,1.0,True,FAMILY_F
1866,True,1,1,0.03396719058603488,0.05285903993263816,1.0016170785871819,0.0016157721718912906,1.0,True,,False,False,gcd_k_not_2,0.0,False,1.0,True,FAMILY_F
1867,True,19,1,0.025079222087842752,0.03581129293385732,0.9789693540939298,0.021254140052814594,1.0,True,,False,False,gcd_k_not_2,0.0,False,1.0,True,FAMILY_F
1869,True,11,1,0.023144794430092656,0.03993522622612269,1.04345291994817,0.042528917132352656,1.0,True,,False,False,gcd_k_not_2,0.0,False,1.0,True,FAMILY_F
1873,True,1,1,0.04164252272449179,0.06803416106791299,1.012826262374035,0.012744530031029145,1.0,True,,False,False,gcd_k_not_2,0.0,False,1.0,True,FAMILY_F
1875,True,23,1,0.03870944406750173,0.06031686823622953,1.0028172229425003,0.002813260151978611,1.0,True,,False,False,gcd_k_not_2,0.0,False,1.0,True,FAMILY_F
1879,True,7,1,0.02578720591557661,0.0393435030054453,1.0200799922834956,0.01988039321234722,1.0,True,,False,False,gcd_k_not_2,0.0,False,1.0,True,FAMILY_F
1881,True,7,1,0.043140581042879315,0.06563543780003502,0.9958290791306631,0.00417963733763583,1.0,True,,False,False,gcd_k_not_2,0.0,False,1.0,True,FAMILY_F
1883,True,1,1,0.03205486838500793,0.05330731403957323,1.0128683394467548,0.012786071691397002,1.0,True,,False,False,gcd_k_not_2,0.3333333333333333,False,1.0,True,FAMILY_F
1887,True,1,1,0.0352010786496523,0.05648575805065438,0.9899964934863393,0.010053793106072491,1.0,True,,False,False,gcd_k_not_2,0.0,False,1.0,True,FAMILY_F
1888,True,14,2,2.7626702602934876,4.140786885455169,0.37335748275471026,0.9125701430458681,0.49444444444444446,False,1.0,True,True,,0.0,False,0.5,False,FAMILY_Q
1892,True,19,1,0.029454572365779114,0.04524347051105405,0.9968425424449177,0.0031624502062305103,1.0,True,,False,False,gcd_k_not_2,0.0,False,1.0,True,FAMILY_F
1893,True,19,1,0.017843812394608864,0.025875162222584753,1.0118752445248316,0.011805150003360496,1.0,True,,False,False,gcd_k_not_2,0.0,False,1.0,True,FAMILY_F
1894,True,29,1,0.03812664983019372,0.06404215620313954,1.0104546369250993,0.010400271394423587,1.0,True,,False,False,gcd_k_not_2,0.0,False,1.0,True,FAMILY_F
1896,True,23,1,0.03366098963946004,0.05742204763116139,1.0080901182394024,0.008057525074119094,1.0,True,,False,False,gcd_k_not_2,0.0,False,1.0,True,FAMILY_F
1900,True,13,1,0.0391656653411529,0.06521120203581882,0.9997266853346501,0.0002733520209078676,1.0,True,,False,False,gcd_k_not_2,0.0,False,1.0,True,FAMILY_F
1901,True,23,1,0.02639940061531598,0.04084423178983866,0.9804505822570637,0.019742393895692507,1.0,True,,False,False,gcd_k_not_2,0.0,False,1.0,True,FAMILY_F
1902,True,29,1,0.03190088338871042,0.0480415431632007,0.9885090509949265,0.011557351473280084,1.0,True,,False,False,gcd_k_not_2,0.0,False,1.0,True,FAMILY_F
1906,True,19,1,0.033965460816304166,0.056240489727477375,0.9896537277007806,0.010400073294336934,1.0,True,,False,False,gcd_k_not_2,0.13333333333333333,False,1.0,True,FAMILY_F
1908,True,1,1,0.04156850286706852,0.06922592383726846,0.9863408261194584,0.013753101885567495,1.0,True,,False,False,gcd_k_not_2,0.0,False,1.0,True,FAMILY_F
1909,True,19,1,0.019363544027191086,0.0331294920304321,1.0062116668912877,0.006192434221971103,1.0,True,,False,False,gcd_k_not_2,0.0,False,1.0,True,FAMILY_F
1912,True,11,1,0.018967733805843583,0.03309067265066772,1.0391469896754841,0.03839545640769539,1.0,True,,False,False,gcd_k_not_2,0.0,False,1.0,True,FAMILY_F
1913,True,1,1,0.02130413533108693,0.03450358215215058,0.9783148484448501,0.02192285173636199,1.0,True,,False,False,gcd_k_not_2,0.32222222222222224,False,1.0,True,FAMILY_F
1915,True,1,1,0.028109283990763713,0.04509650256119549,1.01450793652566,0.014403454325110436,1.0,True,,False,False,gcd_k_not_2,0.0,False,1.0,True,FAMILY_F
1916,True,7,1,0.033488027010685345,0.05794635762479267,1.008476043481277,0.008440273419030161,1.0,True,,False,False,gcd_k_not_2,0.0,False,1.0,True,FAMILY_F
1923,True,1,1,0.04110924252727313,0.06398435936235942,1.003497758518376,0.0034916520405420203,1.0,True,,False,False,gcd_k_not_2,0.0,False,1.0,True,FAMILY_F
1925,True,13,1,0.03162734902832894,0.050136838521737025,0.9991091812862216,0.0008912156695765873,1.0,True,,False,False,gcd_k_not_2,0.0,False,1.0,True,FAMILY_F
1936,True,11,1,0.027280192503920636,0.04159038501916872,0.9784867649979432,0.021747160893521706,1.0,True,,False,False,gcd_k_not_2,0.0,False,1.0,True,FAMILY_F
1938,True,26,2,2.7757470569384735,4.160355817286346,0.36400441662806565,0.9325418240861263,0.5055555555555555,False,1.0,True,True,,0.0,False,0.5,False,FAMILY_Q
1939,True,17,1,0.0386590172807354,0.0614959095710906,0.9960120773901374,0.003995890260420667,1.0,True,,False,False,gcd_k_not_2,0.36666666666666664,False,1.0,True,FAMILY_F
1940,True,13,1,0.038711119217316056,0.06248631993688564,0.9783682876715636,0.02186823602383541,1.0,True,,False,False,gcd_k_not_2,0.0,False,1.0,True,FAMILY_F
1941,True,11,1,0.029171172507475522,0.04716661235911046,0.9941847656662907,0.005832192115625127,1.0,True,,False,False,gcd_k_not_2,0.0,False,1.0,True,FAMILY_F
1949,True,13,1,0.03534315689926405,0.052200945139161556,0.9920765656115569,0.007954949649247752,1.0,True,,False,False,gcd_k_not_2,0.0,False,1.0,True,FAMILY_F
1951,True,13,1,0.029006730679215456,0.04887113598362295,1.0079928805923326,0.007961064672674408,1.0,True,,False,False,gcd_k_not_2,0.0,False,1.0,True,FAMILY_F
1954,True,1,1,0.039679237360626035,0.0636037044297636,0.9894292933034996,0.010626873477817787,1.0,True,,False,False,gcd_k_not_2,0.0,False,1.0,True,FAMILY_F
1956,True,7,1,0.029100712984329088,0.047312929607917005,1.0036844577151276,0.0036776825821457203,1.0,True,,False,False,gcd_k_not_2,0.0,False,1.0,True,FAMILY_F
1958,True,11,1,0.027599860333502285,0.04569877778235098,1.024208691071964,0.023919165231074964,1.0,True,,False,False,gcd_k_not_2,0.0,False,1.0,True,FAMILY_F
1962,True,23,1,0.018759884944523065,0.03223156127364648,1.019610453857876,0.01942003599794797,1.0,True,,False,False,gcd_k_not_2,0.0,False,1.0,True,FAMILY_F
1965,True,17,1,0.02193935866701987,0.03464968647537514,0.9845927067473154,0.015526907057858487,1.0,True,,False,False,gcd_k_not_2,0.0,False,1.0,True,FAMILY_F
1967,True,7,1,0.03949320491325465,0.06361196183057106,0.9989377787569997,0.001062785699773763,1.0,True,,False,False,gcd_k_not_2,0.0,False,1.0,True,FAMILY_F
1968,True,14,2,2.7579977647897618,4.133794941634374,0.36200578418261503,0.936845090126055,0.5155555555555555,False,1.0,True,True,,0.0,False,0.5,False,FAMILY_Q
1975,True,29,1,0.04283158046000934,0.07050712565972775,1.0027443226768218,0.002740562183348196,1.0,True,,False,False,gcd_k_not_2,0.0,False,1.0,True,FAMILY_F
1980,True,7,1,0.02459566147999476,0.03713793781604031,1.0103350690968067,0.010281936832997583,1.0,True,,False,False,gcd_k_not_2,0.23333333333333334,False,1.0,True,FAMILY_F
1981,True,1,1,0.029550606731629604,0.04711825516245747,0.9768627512410222,0.023408047669928433,1.0,True,,False,False,gcd_k_not_2,0.0,False,1.0,True,FAMILY_F
1984,True,29,1,0.02840851696400594,0.04867111506452063,1.0086000358072948,0.00856321383449383,1.0,True,,False,False,gcd_k_not_2,0.0,False,1.0,True,FAMILY_F
1985,True,17,1,0.022582465532509314,0.037568961867481175,0.9870976112154706,0.012986165059739856,1.0,True,,False,False,gcd_k_not_2,0.0,False,1.0,True,FAMILY_F
1988,True,19,1,0.021897683392375602,0.033972638620564884,1.001882854698938,0.0018810837952065165,1.0,True,,False,False,gcd_k_not_2,0.0,False,1.0,True,FAMILY_F
1990,True,29,1,0.04651112731814342,0.07121539305525411,0.9704014001105735,0.03004321849118208,1.0,True,,False,False,gcd_k_not_2,0.0,False,1.0,True,FAMILY_F
1991,True,29,1,0.03886122311157568,0.058413251232113876,0.9975773601734843,0.0024255779774209367,1.0,True,,False,False,gcd_k_not_2,0.0,False,1.0,True,FAMILY_F
1992,True,22,2,2.7643587040344517,4.143313647672939,0.3643308058953216,0.931840271227373,0.5255555555555556,False,1.0,True,True,,0.31666666666666665,False,0.5,False,FAMILY_Q
1993,True,19,1,0.0355524565761907,0.0571348986324317,1.0002408726142569,0.0002408436079421214,1.0,True,,False,False,gcd_k_not_2,0.16666666666666666,False,1.0,True,FAMILY_F
1995,True,19,1,0.03773691701332681,0.05850857238742502,1.0175406518883905,0.017388152126672256,1.0,True,,False,False,gcd_k_not_2,0.0,False,1.0,True,FAMILY_F
1997,True,29,1,0.01950521304722646,0.030342681140282764,0.9793039494420053,0.020912453151855963,1.0,True,,False,False,gcd_k_not_2,0.0,False,1.0,True,FAMILY_F
1998,True,26,2,2.7631572204349397,4.141515565617502,0.3727786889262392,0.9137981469749665,0.5044444444444445,False,1.0,True,True,,0.0,False,0.5,False,FAMILY_Q
2004,True,16,2,2.7676272609996175,4.148204830241054,0.3660022340020491,0.9282528977137818,0.4888888888888889,False,1.0,True,True,,0.0,False,0.5,False,FAMILY_Q
2008,True,19,1,0.025946773017550932,0.038554938291767114,1.0346475274505949,0.03405752296960066,1.0,True,,False,False,gcd_k_not_2,0.0,False,1.0,True,FAMILY_F
2013,True,17,1,0.021248853197707213,0.03674824769524752,0.9700194031609928,0.030436854368948763,1.0,True,,False,False,gcd_k_not_2,0.0,False,1.0,True,FAMILY_F
2014,True,1,1,0.02793035288717157,0.04596493865330101,0.9907170925649592,0.009326194535337104,1.0,True,,False,False,gcd_k_not_2,0.06666666666666667,False,1.0,True,FAMILY_F
2017,True,17,1,0.040253630241816704,0.06467918592847294,1.011199583078811,0.011137216985363706,1.0,True,,False,False,gcd_k_not_2,0.0,False,1.0,True,FAMILY_F
2018,True,22,2,2.7624690175455484,4.140485621657913,0.3678107217882361,0.9243812292760184,0.5055555555555555,False,1.0,True,True,,0.0,False,0.5,False,FAMILY_Q
2021,True,7,1,0.020482781801563973,0.030685927922217405,0.9851588883066753,0.01495206432164639,1.0,True,,False,False,gcd_k_not_2,0.0,False,1.0,True,FAMILY_F
2028,True,7,1,0.0366286829978437,0.05645894004085215,1.0062264703157864,0.00620714601059592,1.0,True,,False,False,gcd_k_not_2,0.0,False,1.0,True,FAMILY_F
2031,True,29,1,0.03374430171355222,0.05316800617405108,1.0124572326314487,0.012380121604035201,1.0,True,,False,False,gcd_k_not_2,0.0,False,1.0,True,FAMILY_F
2034,True,11,1,0.0436038401318383,0.07257072153011991,0.9905894425097177,0.009455046117814817,1.0,True,,False,False,gcd_k_not_2,0.0,False,1.0,True,FAMILY_F
2038,True,23,1,0.025192481197601823,0.04051997933909923,1.026407216276519,0.026063089456463507,1.0,True,,False,False,gcd_k_not_2,0.0,False,1.0,True,FAMILY_F
2040,True,4,2,2.7504249714479823,4.122461885392194,0.3675339862041998,0.9249730100694704,0.46111111111111114,False,1.0,True,True,,0.0,False,0.5,False,FAMILY_Q
2047,True,13,1,0.03911786583587518,0.059387687358917196,0.9999089458295096,9.10583161101123e-05,1.0,True,,False,False,gcd_k_not_2,0.0,False,1.0,True,FAMILY_F
2050,True,14,2,2.7691046255537612,4.15041567467952,0.36561140111949064,0.9290909527563332,0.5088888888888888,False,1.0,True,True,,0.0,False,0.5,False,FAMILY_Q
2051,True,11,1,0.027271883175960295,0.04344257646610338,0.9937088376147976,0.006311014192753431,1.0,True,,False,False,gcd_k_not_2,0.0,False,1.0,True,FAMILY_F
2053,True,7,1,0.03872373097033768,0.06420906037427174,0.9832755270583248,0.016865506293501902,1.0,True,,False,False,gcd_k_not_2,0.0,False,1.0,True,FAMILY_F
2057,True,23,1,0.029521861589455273,0.048383100294918054,0.9921715810936463,0.00785918138843849,1.0,True,,False,False,gcd_k_not_2,0.0,False,1.0,True,FAMILY_F
2059,True,11,1,0.022914622586477796,0.036430155538441526,1.0210315065021558,0.020812645853854547,1.0,True,,False,False,gcd_k_not_2,0.0,False,1.0,True,FAMILY_F
2062,True,7,1,0.027792671615474964,0.04350581969864151,1.0181082227861378,0.017945740056634022,1.0,True,,False,False,gcd_k_not_2,0.23333333333333334,False,1.0,True,FAMILY_F
2065,True,13,1,0.01968777410313325,0.034461546047029695,1.0179454111346313,0.017785824171072186,1.0,True,,False,False,gcd_k_not_2,0.0,False,1.0,True,FAMILY_F
2067,True,13,1,0.022422454889657543,0.03375053474504604,1.0029038813793663,0.0028996712287225426,1.0,True,,False,False,gcd_k_not_2,0.0,False,1.0,True,FAMILY_F
2069,True,1,1,0.033213737111803913,0.05335057664061292,0.98444153319325,0.015680448676877085,1.0,True,,False,False,gcd_k_not_2,0.0,False,1.0,True,FAMILY_F
2073,True,19,1,0.03512242230559654,0.05800833708277639,1.0033813549836836,0.0033756478518401473,1.0,True,,False,False,gcd_k_not_2,0.06666666666666667,False,1.0,True,FAMILY_F
2076,True,1,1,0.026248946328765226,0.040821634812538365,1.028288443914994,0.027893906312843476,1.0,True,,False,False,gcd_k_not_2,0.0,False,1.0,True,FAMILY_F
2079,True,23,1,0.020058613584698935,0.03412325029974022,0.9467489066050347,0.054707716248656536,1.0,True,,False,False,gcd_k_not_2,0.0,False,1.0,True,FAMILY_F
2080,True,13,1,0.03274892999528701,0.05499708689218787,0.9877429963510768,0.012332583911927857,1.0,True,,False,False,gcd_k_not_2,0.31777777777777777,False,1.0,True,FAMILY_F
2084,True,23,1,0.036853692561607615,0.05847781296714737,1.00328099145475,0.0032756178177155305,1.0,True,,False,False,gcd_k_not_2,0.23333333333333334,False,1.0,True,FAMILY_F
2091,True,11,1,0.025555451613685668,0.042319911132089306,0.9978033532236797,0.0021990620576101115,1.0,True,,False,False,gcd_k_not_2,0.0,False,1.0,True,FAMILY_F
2099,True,7,1,0.026387328889564046,0.04487913711284713,0.9891291097760507,0.010930301276595524,1.0,True,,False,False,gcd_k_not_2,0.0,False,1.0,True,FAMILY_F
2101,True,4,2,2.762325763004395,4.140271568765154,0.36555872435155023,0.9292039431694464,0.5277777777777778,False,1.0,True,True,,0.0,False,0.5,False,FAMILY_Q
2106,True,22,2,2.770820110227688,4.152982988221075,0.36265534760419205,0.9354451270695577,0.4811111111111111,False,1.0,True,True,,0.0,False,0.5,False,FAMILY_Q
2108,True,23,1,0.026796064765398565,0.03997596319298537,0.9820312869724015,0.018131613911146774,1.0,True,,False,False,gcd_k_not_2,0.0,False,1.0,True,FAMILY_F
2110,True,29,1,0.03662195668298685,0.06153041689064719,1.0097933068703675,0.009745586112651016,1.0,True,,False,False,gcd_k_not_2,0.23333333333333334,False,1.0,True,FAMILY_F
2114,True,11,1,0.029680223331041013,0.04507298069963036,0.9925163922357751,0.007511715129056111,1.0,True,,False,False,gcd_k_not_2,0.0,False,1.0,True,FAMILY_F
2118,True,13,1,0.030107552770656236,0.04866359239382932,0.9932913532058176,0.006731225501372731,1.0,True,,False,False,gcd_k_not_2,0.0,False,1.0,True,FAMILY_F
2119,True,29,1,0.03595269477036,0.05957648942252757,1.002709889016706,0.002706222235749313,1.0,True,,False,False,gcd_k_not_2,0.0,False,1.0,True,FAMILY_F
2120,True,11,1,0.03665573813269165,0.06035402052630418,1.0047390939388008,0.0047278909790596175,1.0,True,,False,False,gcd_k_not_2,0.0,False,1.0,True,FAMILY_F
2122,True,17,1,0.03036806817044539,0.04744256954685615,1.012183173268078,0.012109407761611107,1.0,True,,False,False,gcd_k_not_2,0.0,False,1.0,True,FAMILY_F
2125,True,19,1,0.04364692608524563,0.07181605982140593,1.0178878940095768,0.017729323876395635,1.0,True,,False,False,gcd_k_not_2,0.0,False,1.0,True,FAMILY_F
2126,True,14,2,2.769261655865761,4.150650634678487,0.3696357456837212,0.9204845248859963,0.5,False,1.0,True,True,,0.0,False,0.5,False,FAMILY_Q
2130,True,19,1,0.04119240018879842,0.07018465954497874,1.0133273275964376,0.013239106640794557,1.0,True,,False,False,gcd_k_not_2,0.0,False,1.0,True,FAMILY_F
2132,True,1,1,0.04466929463006687,0.07192403242007747,0.9993375963824571,0.0006626230795053188,1.0,True,,False,False,gcd_k_not_2,0.0,False,1.0,True,FAMILY_F
2134,True,19,1,0.024016202883657144,0.040644251053490156,0.9877199287829853,0.012355937110851742,1.0,True,,False,False,gcd_k_not_2,0.0,False,1.0,True,FAMILY_F
2136,True,1,1,0.02959222210827257,0.04481935414464093,1.0310415321146738,0.0305671071948528,1.0,True,,False,False,gcd_k_not_2,0.3,False,1.0,True,FAMILY_F
2143,True,4,2,2.7668574564099853,4.147053166267134,0.3674347924202677,0.9251851877487107,0.49777777777777776,False,1.0,True,True,,0.0,False,0.5,False,FAMILY_Q
2144,True,1,1,0.03114364655855546,0.05116770512463821,0.9872081398525835,0.01287420264730337,1.0,True,,False,False,gcd_k_not_2,0.0,False,1.0,True,FAMILY_F
2147,True,23,1,0.03631065335220597,0.05706773989882804,0.9970424037658491,0.0029619763992729583,1.0,True,,False,False,gcd_k_not_2,0.0,False,1.0,True,FAMILY_F
2148,True,8,2,2.7637762738421623,4.14244214027336,0.3657701313100203,0.9287505329782527,0.49777777777777776,False,1.0,True,True,,0.0,False,0.5,False,FAMILY_Q
2151,True,1,1,0.0308781541780134,0.04952811551859088,1.0014189862555551,0.0014179802083419818,1.0,True,,False,False,gcd_k_not_2,0.16666666666666666,False,1.0,True,FAMILY_F
2156,True,29,1,0.021012744416237097,0.034757584097222544,0.9987115001378205,0.0012893305132738548,1.0,True,,False,False,gcd_k_not_2,0.0,False,1.0,True,FAMILY_F
2162,True,17,1,0.0360881578938174,0.05397399570446054,0.9926681359052689,0.007358841106173691,1.0,True,,False,False,gcd_k_not_2,0.0,False,1.0,True,FAMILY_F
2164,True,11,1,0.01980457028827551,0.03304648784841403,1.0021046906795414,0.0021024781464619785,1.0,True,,False,False,gcd_k_not_2,0.0,False,1.0,True,FAMILY_F
2171,True,13,1,0.02757177583253275,0.04605208233266661,1.0199355529899516,0.019738801032976247,1.0,True,,False,False,gcd_k_not_2,0.0,False,1.0,True,FAMILY_F
2174,True,26,2,2.764689696657803,4.143809040444116,0.36851307464524624,0.9228803685612595,0.4777777777777778,False,1.0,True,True,,0.0,False,0.5,False,FAMILY_Q
2176,True,23,1,0.0295696467819046,0.048472725207073485,0.9909766699496759,0.009064224796317858,1.0,True,,False,False,gcd_k_not_2,0.0,False,1.0,True,FAMILY_F
2177,True,7,1,0.04088527520332269,0.06361202734702373,1.0060983332380793,0.006079794930327179,1.0,True,,False,False,gcd_k_not_2,0.0,False,1.0,True,FAMILY_F
2180,True,29,1,0.03213480239404947,0.052936578951817366,0.9999342089314625,6.579323284109327e-05,1.0,True,,False,False,gcd_k_not_2,0.0,False,1.0,True,FAMILY_F
2181,True,13,1,0.040450233387439596,0.0671694802040936,0.9984851703503395,0.0015159778737762742,1.0,True,,False,False,gcd_k_not_2,0.0,False,1.0,True,FAMILY_F
2185,True,17,1,0.044329206463281395,0.06716110629009599,1.0118992874077295,0.01182890961014396,1.0,True,,False,False,gcd_k_not_2,0.0,False,1.0,True,FAMILY_F
2186,True,19,1,0.033419821901307226,0.055788517930599045,0.987888515096292,0.012185275795631098,1.0,True,,False,False,gcd_k_not_2,0.0,False,1.0,True,FAMILY_F
2187,True,16,2,2.7534783976080988,4.127031620339415,0.372943322038472,0.9134487460567683,0.49,False,1.0,True,True,,0.0,False,0.5,False,FAMILY_Q
2189,True,17,1,0.027714220757799533,0.04580122548532129,0.9739343733518773,0.02640982091401699,1.0,True,,False,False,gcd_k_not_2,0.0,False,1.0,True,FAMILY_F
2190,True,1,1,0.028760768024626616,0.04391482606560126,0.9967325814817166,0.0032727652652001127,1.0,True,,False,False,gcd_k_not_2,0.0,False,1.0,True,FAMILY_F
2191,True,13,1,0.01825680698749238,0.030963432055305707,1.0065674059580516,0.006545911130173002,1.0,True,,False,False,gcd_k_not_2,0.0,False,1.0,True,FAMILY_F
2192,True,7,1,0.03811217230646702,0.05716703026301141,0.9985735382012062,0.0014274799215821027,1.0,True,,False,False,gcd_k_not_2,0.16666666666666666,False,1.0,True,FAMILY_F
2197,True,23,1,0.036533973336939994,0.05710347936839276,0.9959469967568171,0.004061233339130336,1.0,True,,False,False,gcd_k_not_2,0.0,False,1.0,True,FAMILY_F
2202,True,23,1,0.022499117695703525,0.035645088237225765,1.0089278087749507,0.008888132999059715,1.0,True,,False,False,gcd_k_not_2,0.30444444444444446,False,1.0,True,FAMILY_F
2214,True,11,1,0.03126880518234662,0.05339441484652639,0.9984499313405927,0.0015512709476464693,1.0,True,,False,False,gcd_k_not_2,0.0,False,1.0,True,FAMILY_F
2218,True,29,1,0.019412680748588578,0.03587207429125459,0.9882083605642192,0.011861573132540767,1.0,True,,False,False,gcd_k_not_2,0.0,False,1.0,True,FAMILY_F
2219,True,19,1,0.023640447175412728,0.03707620063871743,1.0495921144036973,0.048392179161096546,1.0,True,,False,False,gcd_k_not_2,0.0,False,1.0,True,FAMILY_F
2220,True,19,1,0.023283575382513036,0.03561377271800086,0.9791486901955585,0.02107098866066618,1.0,True,,False,False,gcd_k_not_2,0.0,False,1.0,True,FAMILY_F
2223,True,11,1,0.030577766877062793,0.047302573678295615,1.004124137906357,0.004115651149898617,1.0,True,,False,False,gcd_k_not_2,0.0,False,1.0,True,FAMILY_F
2232,True,7,1,0.037889574111149064,0.06233769913685989,1.0084701915728176,0.008434470781151823,1.0,True,,False,False,gcd_k_not_2,0.13333333333333333,False,1.0,True,FAMILY_F
2237,True,13,1,0.02536213212675367,0.04029343981406234,0.9845864866227685,0.015533224156394534,1.0,True,,False,False,gcd_k_not_2,0.0,False,1.0,True,FAMILY_F
2240,True,17,1,0.034015133833803404,0.05664114966942134,1.0027539998458237,0.0027502128030060147,1.0,True,,False,False,gcd_k_not_2,0.0,False,1.0,True,FAMILY_F
2241,True,13,1,0.023429255197759208,0.03483557788100047,1.0085990262776456,0.008562212930652967,1.0,True,,False,False,gcd_k_not_2,0.26666666666666666,False,1.0,True,FAMILY_F
2244,True,1,1,0.03678274018203403,0.06151529018312102,1.0045239238237573,0.00451371397466543,1.0,True,,False,False,gcd_k_not_2,0.0,False,1.0,True,FAMILY_F
2257,True,28,2,2.7656834541118926,4.1452960623753885,0.37106938275756257,0.9174307663081223,0.5055555555555555,False,1.0,True,True,,0.0,False,0.5,False,FAMILY_Q
2259,True,29,1,0.03445646665659944,0.05352444040775678,0.9893402856057152,0.010716833586908607,1.0,True,,False,False,gcd_k_not_2,0.0,False,1.0,True,FAMILY_F
2260,True,7,1,0.0349160223956303,0.055895103882953344,1.0098602784008641,0.009811904346613881,1.0,True,,False,False,gcd_k_not_2,0.28444444444444444,False,1.0,True,FAMILY_F
2264,True,16,2,2.7619720639545484,4.139742105228616,0.37400055136006555,0.9112069831708346,0.46555555555555556,False,1.0,True,True,,0.0,False,0.5,False,FAMILY_Q
2267,True,13,1,0.030489169649157127,0.047432945130757326,0.9911478212475912,0.008891533474257477,1.0,True,,False,False,gcd_k_not_2,0.0,False,1.0,True,FAMILY_F
2268,True,29,1,0.04026834228142796,0.06241624740067895,1.007040359933086,0.007015663534858419,1.0,True,,False,False,gcd_k_not_2,0.0,False,1.0,True,FAMILY_F
2270,True,23,1,0.03044496092302678,0.05047641534426951,1.0031135380223493,0.0031086984968643106,1.0,True,,False,False,gcd_k_not_2,0.0,False,1.0,True,FAMILY_F
2272,True,28,2,2.763991127665802,4.142763770386684,0.365056372238017,0.930281914615716,0.5066666666666667,False,1.0,True,True,,0.0,False,0.5,False,FAMILY_Q
2274,True,11,1,0.03093013712972115,0.05064305153259443,0.9922533380507167,0.007776784007663303,1.0,True,,False,False,gcd_k_not_2,0.0,False,1.0,True,FAMILY_F
2283,True,23,1,0.03046631739819856,0.04922529823682746,0.9994759319037946,0.0005242054558830775,1.0,True,,False,False,gcd_k_not_2,0.0,False,1.0,True,FAMILY_F
2287,True,11,1,0.03828988297775249,0.06078864684376051,0.9917649542296921,0.008269093953902592,1.0,True,,False,False,gcd_k_not_2,0.0,False,1.0,True,FAMILY_F
2288,True,11,1,0.046778259741094216,0.07523656292551889,0.991835442769348,0.00819802384809497,1.0,True,,False,False,gcd_k_not_2,0.0,False,1.0,True,FAMILY_F
2289,True,1,1,0.020870801276488944,0.034897257659147404,1.003074037133454,0.0030693195323457287,1.0,True,,False,False,gcd_k_not_2,0.0,False,1.0,True,FAMILY_F
2297,True,19,1,0.029123689187830638,0.04706257454581835,0.9952259924039771,0.0047854304366502206,1.0,True,,False,False,gcd_k_not_2,0.0,False,1.0,True,FAMILY_F
2299,True,7,1,0.024429909163366573,0.040890524351541155,1.0060575267154197,0.006039235300831981,1.0,True,,False,False,gcd_k_not_2,0.0,False,1.0,True,FAMILY_F
2300,True,29,1,0.021543024174523844,0.034735364118580254,1.005350373306401,0.005336098247588953,1.0,True,,False,False,gcd_k_not_2,0.03333333333333333,False,1.0,True,FAMILY_F
2304,True,23,1,0.028228817497191135,0.04584574694011379,1.0099114816098613,0.00986260509534737,1.0,True,,False,False,gcd_k_not_2,0.0,False,1.0,True,FAMILY_F
2308,True,1,1,0.021224186524791418,0.0373601022935445,0.9735548851433741,0.026799472419744456,1.0,True,,False,False,gcd_k_not_2,0.0,False,1.0,True,FAMILY_F
2309,True,23,1,0.041414379923291195,0.07028608564467702,1.0252774384009293,0.024961951307656095,1.0,True,,False,False,gcd_k_not_2,0.0,False,1.0,True,FAMILY_F
2310,True,13,1,0.03532452424228548,0.05215750520366374,1.0067904605491225,0.006767483384652325,1.0,True,,False,False,gcd_k_not_2,0.0,False,1.0,True,FAMILY_F
2311,True,19,1,0.04223759975415537,0.06779898519761525,1.0035937452605825,0.003587299340580728,1.0,True,,False,False,gcd_k_not_2,0.0,False,1.0,True,FAMILY_F
2312,True,19,1,0.023634598477982063,0.043007459289612505,1.012371350064219,0.012295295362681797,1.0,True,,False,False,gcd_k_not_2,0.0,False,1.0,True,FAMILY_F
2317,True,19,1,0.030738135900938435,0.04859384414967398,1.000223739328551,0.00022371430170718283,1.0,True,,False,False,gcd_k_not_2,0.0,False,1.0,True,FAMILY_F
2319,True,29,1,0.036417656447242736,0.0568264582725014,1.0070091826622631,0.006984704128722983,1.0,True,,False,False,gcd_k_not_2,0.0,False,1.0,True,FAMILY_F
2321,True,7,1,0.035737970481075104,0.058397024825960854,1.0019358368490567,0.0019339649287697768,1.0,True,,False,False,gcd_k_not_2,0.03333333333333333,False,1.0,True,FAMILY_F
2322,True,17,1,0.03236414478322057,0.048295817122700584,1.005050371661901,0.005037650657838602,1.0,True,,False,False,gcd_k_not_2,0.0,False,1.0,True,FAMILY_F
2325,True,29,1,0.029709524835984512,0.050321492280860795,0.9980302355664051,0.001971706332098081,1.0,True,,False,False,gcd_k_not_2,0.0,False,1.0,True,FAMILY_F
2332,True,1,1,0.03674583635840073,0.06047037042307162,0.9966346164594246,0.0033710559887447883,1.0,True,,False,False,gcd_k_not_2,0.0,False,1.0,True,FAMILY_F
2334,True,19,1,0.017862632725396923,0.028194586766883124,0.9941941356260359,0.005822767473078995,1.0,True,,False,False,gcd_k_not_2,0.26666666666666666,False,1.0,True,FAMILY_F
2335,True,1,1,0.033682423246624786,0.0517426724313691,0.9922528070185997,0.007777319177673935,1.0,True,,False,False,gcd_k_not_2,0.0,False,1.0,True,FAMILY_F
2337,True,7,1,0.03089905262769827,0.04681995528910107,1.022945271619701,0.022685014707619303,1.0,True,,False,False,gcd_k_not_2,0.3333333333333333,False,1.0,True,FAMILY_F
2339,True,16,2,2.7620223337934036,4.139817457781341,0.36921225102453387,0.9213878250117462,0.4811111111111111,False,1.0,True,True,,0.4,False,0.5,False,FAMILY_Q
2340,True,29,1,0.03981563215095123,0.0644314672361689,0.9780476406948115,0.022195986439919612,1.0,True,,False,False,gcd_k_not_2,0.13333333333333333,False,1.0,True,FAMILY_F
2354,True,16,2,2.7589633396549758,4.13523980720036,0.36199653003248033,0.9368650446595553,0.5222222222222223,False,1.0,True,True,,0.0,False,0.5,False,FAMILY_Q
2356,True,13,1,0.04358037956356364,0.06262364149895012,1.0010053331858262,0.0010048280923124586,1.0,True,,False,False,gcd_k_not_2,0.0,False,1.0,True,FAMILY_F
2361,True,7,1,0.034878039013620576,0.060170545355262166,1.00547191615335,0.00545698606824231,1.0,True,,False,False,gcd_k_not_2,0.0,False,1.0,True,FAMILY_F
2362,True,19,1,0.02599937995345409,0.04401626840037856,0.996668144123122,0.003337415771053163,1.0,True,,False,False,gcd_k_not_2,0.0,False,1.0,True,FAMILY_F
2363,True,4,2,2.7629617233281416,4.141222940787125,0.3638155146023052,0.9329480103226557,0.5077777777777778,False,1.0,True,True,,0.0,False,0.5,False,FAMILY_Q
2365,True,1,1,0.022910389835014283,0.037448597084266406,0.9763301943914151,0.02395329047317789,1.0,True,,False,False,gcd_k_not_2,0.0,False,1.0,True,FAMILY_F
2369,True,19,1,0.02759186577191745,0.04586159372675007,0.9640743548439928,0.03658277505370795,1.0,True,,False,False,gcd_k_not_2,0.0,False,1.0,True,FAMILY_F
2378,True,19,1,0.020309286038244157,0.03230934610686805,1.0242061705300907,0.02391670461487791,1.0,True,,False,False,gcd_k_not_2,0.0,False,1.0,True,FAMILY_F
2380,True,17,1,0.028208461332994098,0.0471103793970775,0.9816125960451135,0.018558020868038372,1.0,True,,False,False,gcd_k_not_2,0.0,False,1.0,True,FAMILY_F
2381,True,2,2,2.764676257954754,4.143788803979117,0.3686000684381293,0.922694578383933,0.51,False,1.0,True,True,,0.0,False,0.5,False,FAMILY_Q
2388,True,7,1,0.03947797566815375,0.06274449707042494,1.0073144323520928,0.007287779367502476,1.0,True,,False,False,gcd_k_not_2,0.0,False,1.0,True,FAMILY_F
2389,True,19,1,0.03646085109601576,0.05907313303325485,1.012987316689744,0.012903525603033638,1.0,True,,False,False,gcd_k_not_2,0.0,False,1.0,True,FAMILY_F
2390,True,17,1,0.025372540725952932,0.04229036663321635,1.0005195874012724,0.0005194524507980254,1.0,True,,False,False,gcd_k_not_2,0.0,False,1.0,True,FAMILY_F
2397,True,1,1,0.020065588898014988,0.03504403726045935,0.991102409333617,0.008937351112302422,1.0,True,,False,False,gcd_k_not_2,0.0,False,1.0,True,FAMILY_F
2401,True,14,2,2.766238912989479,4.146127317533845,0.37064693570668794,0.9183299475569554,0.4855555555555556,False,1.0,True,True,,0.0,False,0.5,False,FAMILY_Q
2403,True,11,1,0.038682604641791435,0.062132525968308275,0.9749173484860144,0.025401216444034144,1.0,True,,False,False,gcd_k_not_2,0.0,False,1.0,True,FAMILY_F
2404,True,28,2,2.7660331043430104,4.1458192564257095,0.3714685911993779,0.916581557658507,0.5044444444444445,False,1.0,True,True,,0.0,False,0.5,False,FAMILY_Q
2406,True,29,1,0.03999091801478826,0.06522306652792051,0.9995942939266227,0.00040578838878419855,1.0,True,,False,False,gcd_k_not_2,0.0,False,1.0,True,FAMILY_F
2410,True,28,2,2.765922946361017,4.1456544707046765,0.3715025306112625,0.9165093834841465,0.4577777777777778,False,1.0,True,True,,0.43333333333333335,False,0.5,False,FAMILY_Q
2411,True,7,1,0.03308427048607727,0.0562538539145057,1.0041983844073619,0.004189589653424796,1.0,True,,False,False,gcd_k_not_2,0.2866666666666667,False,1.0,True,FAMILY_F
2414,True,7,1,0.0293557463619328,0.04894974165262702,0.98953146890352,0.010523614489244085,1.0,True,,False,False,gcd_k_not_2,0.27555555555555555,False,1.0,True,FAMILY_F
2416,True,19,1,0.026294012601543456,0.04057940046729357,1.0085391268358908,0.00850282349176107,1.0,True,,False,False,gcd_k_not_2,0.044444444444444446,False,1.0,True,FAMILY_F
2417,True,7,1,0.02961197244432248,0.043525065668254814,1.0094828133171598,0.009438063619470458,1.0,True,,False,False,gcd_k_not_2,0.0,False,1.0,True,FAMILY_F
2422,True,29,1,0.029023063372044328,0.04504695928989899,0.9831626015638081,0.016980350903062547,1.0,True,,False,False,gcd_k_not_2,0.0,False,1.0,True,FAMILY_F
2423,True,29,1,0.022874461043129502,0.03784238057091319,1.004721813478872,0.00471069197444213,1.0,True,,False,False,gcd_k_not_2,0.0,False,1.0,True,FAMILY_F
2431,True,19,1,0.02118342280084883,0.03520989175473711,0.9900722822985564,0.009977243329048277,1.0,True,,False,False,gcd_k_not_2,0.0,False,1.0,True,FAMILY_F
2434,True,23,1,0.03752071925285253,0.0658031152963017,0.9904225101868052,0.009623574657318295,1.0,True,,False,False,gcd_k_not_2,0.0,False,1.0,True,FAMILY_F
2447,True,11,1,0.040728416400893745,0.06472282264357918,0.9894632571054084,0.010592548373999304,1.0,True,,False,False,gcd_k_not_2,0.0,False,1.0,True,FAMILY_F
2451,True,23,1,0.0336630170078827,0.05482728353237862,0.9891467486781355,0.010912469207288986,1.0,True,,False,False,gcd_k_not_2,0.0,False,1.0,True,FAMILY_F
2452,True,11,1,0.032391119803430436,0.05057414866742547,0.9882738793711467,0.01179527704962056,1.0,True,,False,False,gcd_k_not_2,0.0,False,1.0,True,FAMILY_F
2455,True,23,1,0.032793623402790975,0.053707231198064614,1.0091786713019462,0.009136739736539607,1.0,True,,False,False,gcd_k_not_2,0.0,False,1.0,True,FAMILY_F
2459,True,1,1,0.041497090827555205,0.06772712504631993,1.010902827626093,0.010843714053516897,1.0,True,,False,False,gcd_k_not_2,0.0,False,1.0,True,FAMILY_F
2461,True,23,1,0.02015213409790389,0.03229748075431146,0.9902550981506395,0.009792615889707297,1.0,True,,False,False,gcd_k_not_2,0.0,False,1.0,True,FAMILY_F
2471,True,11,1,0.033089206381273155,0.05332954496505202,0.9895978360860783,0.010456549283733362,1.0,True,,False,False,gcd_k_not_2,0.03333333333333333,False,1.0,True,FAMILY_F
2478,True,7,1,0.04206776517271178,0.0646780336267414,1.0251808935384044,0.02486779686569934,1.0,True,,False,False,gcd_k_not_2,0.3844444444444444,False,1.0,True,FAMILY_F
2481,True,11,1,0.03441659313976127,0.05615532883822515,1.0060815682913837,0.006063131616889752,1.0,True,,False,False,gcd_k_not_2,0.0,False,1.0,True,FAMILY_F
2486,True,17,1,0.0324371581151638,0.05383922749059881,0.998159155070329,0.0018425408456576463,1.0,True,,False,False,gcd_k_not_2,0.0,False,1.0,True,FAMILY_F
2490,True,1,1,0.02806515714298357,0.04643394153784925,1.021175057851043,0.020953215080297728,1.0,True,,False,False,gcd_k_not_2,0.0,False,1.0,True,FAMILY_F
2491,True,19,1,0.04101578114339603,0.06717719675757003,1.0141738563166995,0.014074114081312795,1.0,True,,False,False,gcd_k_not_2,0.0,False,1.0,True,FAMILY_F
2494,True,7,1,0.029654787380901604,0.047929145684031414,1.0150049217360664,0.01489318618947949,1.0,True,,False,False,gcd_k_not_2,0.0,False,1.0,True,FAMILY_F
2503,True,19,1,0.02753344521264824,0.04447209534016281,1.0122476656273776,0.01217311947886791,1.0,True,,False,False,gcd_k_not_2,0.16666666666666666,False,1.0,True,FAMILY_F
2504,True,1,1,0.03628436760632131,0.06286080994404196,0.9993060547690287,0.0006941860945361704,1.0,True,,False,False,gcd_k_not_2,0.0,False,1.0,True,FAMILY_F
2506,True,2,2,2.7604241737580653,4.137425676397867,0.3706741392637181,0.9182720279151622,0.5233333333333333,False,1.0,True,True,,0.0,False,0.5,False,FAMILY_Q
2511,True,17,1,0.022970196457672874,0.03397563194334024,1.0036321825983405,0.0036255981810297423,1.0,True,,False,False,gcd_k_not_2,0.0,False,1.0,True,FAMILY_F
2513,True,11,1,0.033515082152851566,0.05261233207178618,0.9998695810875469,0.00013042741755410714,1.0,True,,False,False,gcd_k_not_2,0.0,False,1.0,True,FAMILY_F
2524,True,11,1,0.02153108644197483,0.036209453856488695,1.0026246358465478,0.0026211960040511844,1.0,True,,False,False,gcd_k_not_2,0.3,False,1.0,True,FAMILY_F
2526,True,26,2,2.7692516777451255,4.150635802209245,0.36917138358238877,0.9214750234803626,0.5222222222222223,False,1.0,True,True,,0.0,False,0.5,False,FAMILY_Q
2528,True,11,1,0.03359306035016596,0.05247110887176622,0.9808528829964399,0.01933219490242629,1.0,True,,False,False,gcd_k_not_2,0.0,False,1.0,True,FAMILY_F
2534,True,19,1,0.03320921732330778,0.057059251689178796,0.9839158521975355,0.016214546382749502,1.0,True,,False,False,gcd_k_not_2,0.03333333333333333,False,1.0,True,FAMILY_F
2535,True,22,2,2.759989560283323,4.136775425672942,0.371664954324293,0.9161640292621405,0.49333333333333335,False,1.0,True,True,,0.0,False,0.5,False,FAMILY_Q
2540,True,17,1,0.036330113609792915,0.05529991519710086,0.9920989016214328,0.007932435856609642,1.0,True,,False,False,gcd_k_not_2,0.0,False,1.0,True,FAMILY_F
2544,True,19,1,0.033860645348069984,0.057955649013452994,0.9931367317301404,0.0068869015964619805,1.0,True,,False,False,gcd_k_not_2,0.0,False,1.0,True,FAMILY_F
2546,True,19,1,0.03718038357706327,0.057082379620275674,1.0075153719386347,0.0074872372522629,1.0,True,,False,False,gcd_k_not_2,0.0,False,1.0,True,FAMILY_F
2548,True,17,1,0.022783966169896423,0.03864191367722156,1.010473360477645,0.010418800550689057,1.0,True,,False,False,gcd_k_not_2,0.0,False,1.0,True,FAMILY_F
2549,True,29,1,0.02711216372948549,0.04680833596862683,0.9727534598150621,0.027622853782745004,1.0,True,,False,False,gcd_k_not_2,0.0,False,1.0,True,FAMILY_F
2551,True,13,1,0.021794114986231614,0.031224278722897642,0.9998529572134627,0.00014705359812277225,1.0,True,,False,False,gcd_k_not_2,0.0,False,1.0,True,FAMILY_F
2555,True,1,1,0.044468539215563326,0.06685866211557695,1.0027528195004787,0.002749035700936113,1.0,True,,False,False,gcd_k_not_2,0.0,False,1.0,True,FAMILY_F
2561,True,14,2,2.7568962988970407,4.132146310986031,0.3630494079613861,0.934596483910667,0.5044444444444445,False,1.0,True,True,,0.0,False,0.5,False,FAMILY_Q
2566,True,11,1,0.031032200003610462,0.04964325765863855,0.9884077583198592,0.01165982342568999,1.0,True,,False,False,gcd_k_not_2,0.13333333333333333,False,1.0,True,FAMILY_F
2570,True,7,1,0.020064827511413558,0.03757637362416661,0.9764529752254879,0.023827558833597506,1.0,True,,False,False,gcd_k_not_2,0.0,False,1.0,True,FAMILY_F
2571,True,1,1,0.03402715358861288,0.056683375100779726,0.9989584613272142,0.0010420813568024745,1.0,True,,False,False,gcd_k_not_2,0.0,False,1.0,True,FAMILY_F
2572,True,1,1,0.04775777725275045,0.07768700337162882,0.9897910449410391,0.010261333806800183,1.0,True,,False,False,gcd_k_not_2,0.0,False,1.0,True,FAMILY_F
2580,True,29,1,0.023560835290238103,0.039458567654387454,0.9731079270120998,0.027258593024481064,1.0,True,,False,False,gcd_k_not_2,0.0,False,1.0,True,FAMILY_F
2584,True,1,1,0.03273034895235284,0.059569526558184614,0.9986047486698183,0.001396225372836007,1.0,True,,False,False,gcd_k_not_2,0.0,False,1.0,True,FAMILY_F
2586,True,13,1,0.028547647113682278,0.0439489241231379,1.0072880706402432,0.007261609080273671,1.0,True,,False,False,gcd_k_not_2,0.0,False,1.0,True,FAMILY_F
2587,True,29,1,0.025834850321753356,0.03762133891239326,0.9893319973753868,0.01072521091370167,1.0,True,,False,False,gcd_k_not_2,0.0,False,1.0,True,FAMILY_F
2600,True,16,2,2.763359743495839,4.141818502444157,0.36388779580974917,0.9327925744985301,0.5122222222222222,False,1.0,True,True,,0.48333333333333334,False,0.5,False,FAMILY_Q
2603,True,17,1,0.03889576722186459,0.06268398937519923,0.9898147136327482,0.01023742190412975,1.0,True,,False,False,gcd_k_not_2,0.0,False,1.0,True,FAMILY_F
2606,True,19,1,0.03711752324248162,0.058118734423180836,1.0032301164032564,0.0032249079891589756,1.0,True,,False,False,gcd_k_not_2,0.0,False,1.0,True,FAMILY_F
2610,True,11,1,0.03248614872732765,0.053581255074224066,1.0286375932747127,0.028233326021021632,1.0,True,,False,False,gcd_k_not_2,0.03333333333333333,False,1.0,True,FAMILY_F
2611,True,29,1,0.03418799587192952,0.054130562475392094,1.0025986479479616,0.0025952758438386324,1.0,True,,False,False,gcd_k_not_2,0.0,False,1.0,True,FAMILY_F
2612,True,29,1,0.01665301323540686,0.02627184015789582,0.9893186257530848,0.010738726424854777,1.0,True,,False,False,gcd_k_not_2,0.0,False,1.0,True,FAMILY_F
2620,True,13,1,0.034797931053799955,0.0541178941482947,0.9910103753514136,0.009030213764707074,1.0,True,,False,False,gcd_k_not_2,0.0,False,1.0,True,FAMILY_F
2627,True,22,2,2.762845263929485,4.141048768737884,0.36960416923184897,0.9205518571423632,0.5155555555555555,False,1.0,True,True,,0.0,False,0.5,False,FAMILY_Q
2628,True,11,1,0.027782578028115273,0.044574301194744294,0.9893940424328784,0.010662500581484926,1.0,True,,False,False,gcd_k_not_2,0.43333333333333335,False,1.0,True,FAMILY_F
2629,True,13,1,0.021534900312656886,0.034573169993833315,0.9932925838283555,0.006729986582062217,1.0,True,,False,False,gcd_k_not_2,0.0,False,1.0,True,FAMILY_F
2633,True,23,1,0.04204614302899987,0.06834068758714704,0.9952771377756922,0.004734041336806777,1.0,True,,False,False,gcd_k_not_2,0.0,False,1.0,True,FAMILY_F
2641,True,29,1,0.026660453992859004,0.045734700306377246,0.9939557847357952,0.006062536903250111,1.0,True,,False,False,gcd_k_not_2,0.0,False,1.0,True,FAMILY_F
2642,True,1,1,0.029427692147496513,0.04693434550970051,0.9904754076267017,0.009570168349534858,1.0,True,,False,False,gcd_k_not_2,0.0,False,1.0,True,FAMILY_F
2643,True,17,1,0.03702846974784935,0.0592809236930389,0.988727563076746,0.011336330961104087,1.0,True,,False,False,gcd_k_not_2,0.0,False,1.0,True,FAMILY_F
2646,True,7,1,0.04551222495194041,0.0712473599263482,0.9948457412756901,0.005167576236760759,1.0,True,,False,False,gcd_k_not_2,0.0,False,1.0,True,FAMILY_F
2654,True,29,1,0.03101942687464907,0.0515818780415753,0.9927022594475047,0.007324466580891666,1.0,True,,False,False,gcd_k_not_2,0.0,False,1.0,True,FAMILY_F
2659,True,19,1,0.02836935030652696,0.04728832310379265,0.9916829816745889,0.008351749150779273,1.0,True,,False,False,gcd_k_not_2,0.0,False,1.0,True,FAMILY_F
2661,True,17,1,0.03241259592912148,0.04994147378335757,0.9999044542353708,9.55503293438212e-05,1.0,True,,False,False,gcd_k_not_2,0.06666666666666667,False,1.0,True,FAMILY_F
2665,True,7,1,0.028739268980923223,0.04545292303267012,1.0241870860561053,0.023898073673843178,1.0,True,,False,False,gcd_k_not_2,0.0,False,1.0,True,FAMILY_F
2666,True,19,1,0.029823165149475212,0.047192922728705046,1.0086541956926371,0.008616909482174827,1.0,True,,False,False,gcd_k_not_2,0.28888888888888886,False,1.0,True,FAMILY_F
2669,True,7,1,0.03311258465481698,0.049586013085468034,0.9991088094805983,0.0008915878067019102,1.0,True,,False,False,gcd_k_not_2,0.0,False,1.0,True,FAMILY_F
2671,True,29,1,0.034795629698034194,0.054267028007505685,0.9877837761772391,0.012291300461516238,1.0,True,,False,False,gcd_k_not_2,0.0,False,1.0,True,FAMILY_F
2678,True,7,1,0.02048078127601641,0.030229832317166805,1.012207085911185,0.01213303143265411,1.0,True,,False,False,gcd_k_not_2,0.0,False,1.0,True,FAMILY_F
2689,True,29,1,0.027959852420251216,0.045276150234797446,0.9968431592361919,0.0031618314630335125,1.0,True,,False,False,gcd_k_not_2,0.44666666666666666,False,1.0,True,FAMILY_F
2701,True,7,1,0.0433349519233032,0.06790212871582292,1.0009032561986677,0.0009028484469395652,1.0,True,,False,False,gcd_k_not_2,0.0,False,1.0,True,FAMILY_F
2705,True,29,1,0.046060755905840585,0.0743690179737185,0.9944940792846446,0.005521120140231392,1.0,True,,False,False,gcd_k_not_2,0.0,False,1.0,True,FAMILY_F
2706,True,29,1,0.030940745985010492,0.0504315132314512,0.9847265655479975,0.015390970944942602,1.0,True,,False,False,gcd_k_not_2,0.0,False,1.0,True,FAMILY_F
2707,True,29,1,0.026689354129452617,0.04063673554982076,1.0264686004069077,0.026122882339842703,1.0,True,,False,False,gcd_k_not_2,0.0,False,1.0,True,FAMILY_F
2709,True,28,2,2.763077564109839,4.141396547825322,0.36746003849695075,0.9251311829167721,0.4722222222222222,False,1.0,True,True,,0.0,False,0.5,False,FAMILY_Q
2718,True,23,1,0.03136067759383361,0.0505570920535623,1.0220884680758815,0.021847182677323513,1.0,True,,False,False,gcd_k_not_2,0.0,False,1.0,True,FAMILY_F
2721,True,28,2,2.770097232662072,4.151901045546238,0.36388303524588433,0.932802811260769,0.4955555555555556,False,1.0,True,True,,0.0,False,0.5,False,FAMILY_Q
2730,True,23,1,0.01885606355999864,0.03103262862148438,1.012040130266812,0.011968081635842403,1.0,True,,False,False,gcd_k_not_2,0.23333333333333334,False,1.0,True,FAMILY_F
2731,True,17,1,0.025618927548722924,0.039502233539720384,0.9952230019041087,0.004788435268972325,1.0,True,,False,False,gcd_k_not_2,0.0,False,1.0,True,FAMILY_F
2741,True,11,1,0.03498568131921681,0.05586548490709993,1.0082278076646278,0.00819409793373578,1.0,True,,False,False,gcd_k_not_2,0.0,False,1.0,True,FAMILY_F
2742,True,1,1,0.023760026193151748,0.03469665882801583,0.9610119679476471,0.03976317604339452,1.0,True,,False,False,gcd_k_not_2,0.0,False,1.0,True,FAMILY_F
2744,True,7,1,0.037524484307654364,0.05822479533188181,1.0058170585476496,0.005800188529517765,1.0,True,,False,False,gcd_k_not_2,0.0,False,1.0,True,FAMILY_F
2746,True,17,1,0.027535557906716107,0.044659311515961995,0.9970282004242154,0.0029762219433390035,1.0,True,,False,False,gcd_k_not_2,0.06666666666666667,False,1.0,True,FAMILY_F
2751,True,2,2,2.766046603401127,4.145839403845749,0.36568047335840653,0.9289428076564785,0.5177777777777778,False,1.0,True,True,,0.0,False,0.5,False,FAMILY_Q
2755,True,23,1,0.017104769961175458,0.0279788828445112,0.9991538099791435,0.0008465481911722387,1.0,True,,False,False,gcd_k_not_2,0.0,False,1.0,True,FAMILY_F
2759,True,29,1,0.024573531206331527,0.04185979581727059,1.0127116977496342,0.0126314143887044,1.0,True,,False,False,gcd_k_not_2,0.0,False,1.0,True,FAMILY_F
2760,True,23,1,0.03850423140763424,0.062240135909360075,0.9932973309533482,0.006725207466611221,1.0,True,,False,False,gcd_k_not_2,0.0,False,1.0,True,FAMILY_F
2767,True,23,1,0.041475658771248966,0.06678324967772234,0.9938824865336293,0.006136282862894304,1.0,True,,False,False,gcd_k_not_2,0.0,False,1.0,True,FAMILY_F
2770,True,13,1,0.028343905683191326,0.04657602608623544,1.0022401423508034,0.002237636039174782,1.0,True,,False,False,gcd_k_not_2,0.0,False,1.0,True,FAMILY_F
2771,True,29,1,0.02806562535821008,0.04326107045784472,0.995930457521404,0.004077839950044886,1.0,True,,False,False,gcd_k_not_2,0.0,False,1.0,True,FAMILY_F
2773,True,13,1,0.029942348482748092,0.04864368004932851,0.9784654034568195,0.02176898974887781,1.0,True,,False,False,gcd_k_not_2,0.0,False,1.0,True,FAMILY_F
2774,True,1,1,0.047439238588491764,0.08430583881671194,1.0087627060078097,0.008724480976874203,1.0,True,,False,False,gcd_k_not_2,0.0,False,1.0,True,FAMILY_F
2777,True,17,1,0.025933214088545927,0.03877393325236286,1.008773907392002,0.00873558478603812,1.0,True,,False,False,gcd_k_not_2,0.0,False,1.0,True,FAMILY_F
2778,True,17,1,0.02991903410426443,0.04862075664004046,0.9896667102731611,0.010386955436792947,1.0,True,,False,False,gcd_k_not_2,0.07777777777777778,False,1.0,True,FAMILY_F
2779,True,19,1,0.022300000326012915,0.03724376805358666,0.9826852149051349,0.017465995070421222,1.0,True,,False,False,gcd_k_not_2,0.0,False,1.0,True,FAMILY_F
2781,True,7,1,0.031157443726154064,0.04859323754480126,1.0084911872443094,0.008455289521045286,1.0,True,,False,False,gcd_k_not_2,0.03333333333333333,False,1.0,True,FAMILY_F
2782,True,22,2,2.767500893285596,4.148015747713977,0.3674042179470172,0.9252505934240052,0.4888888888888889,False,1.0,True,True,,0.0,False,0.5,False,FAMILY_Q
2785,True,16,2,2.7603983397444574,4.137387088057978,0.3699625635277937,0.9197878150039304,0.43555555555555553,False,1.0,True,True,,0.23333333333333334,False,0.5,False,FAMILY_Q
2787,True,8,2,2.766095606021839,4.145912913125483,0.3649427517821613,0.9305258369095191,0.48333333333333334,False,1.0,True,True,,0.0,False,0.5,False,FAMILY_Q
2789,True,19,1,0.032968069639555016,0.05269651335769059,1.010264681882281,0.010212269035806505,1.0,True,,False,False,gcd_k_not_2,0.0,False,1.0,True,FAMILY_F
2790,True,23,1,0.03885204286395538,0.06447945753519968,1.0134533698021602,0.013363477897163476,1.0,True,,False,False,gcd_k_not_2,0.0,False,1.0,True,FAMILY_F
2791,True,11,1,0.04990125314424174,0.07897095582970035,0.9914576059315928,0.008579036825050682,1.0,True,,False,False,gcd_k_not_2,0.0,False,1.0,True,FAMILY_F
2795,True,11,1,0.040069984174346825,0.061892501217058665,0.9968117066647113,0.00319338405784305,1.0,True,,False,False,gcd_k_not_2,0.22666666666666666,False,1.0,True,FAMILY_F
2798,True,16,2,2.7572873181976867,4.1327316778188585,0.3715997305086877,0.916302701894315,0.5055555555555555,False,1.0,True,True,,0.0,False,0.5,False,FAMILY_Q
2803,True,29,1,0.022240194208276068,0.03460534972035701,1.0053864131653754,0.005371945406644404,1.0,True,,False,False,gcd_k_not_2,0.0,False,1.0,True,FAMILY_F
2805,True,19,1,0.048701099900908554,0.07149913266617595,0.9944282052014989,0.005587360611898463,1.0,True,,False,False,gcd_k_not_2,0.0,False,1.0,True,FAMILY_F
2807,True,19,1,0.042165705065909526,0.06517710021257891,0.998464490045139,0.0015366897560699856,1.0,True,,False,False,gcd_k_not_2,0.0,False,1.0,True,FAMILY_F
2813,True,7,1,0.03711142921771577,0.060178440956292545,1.0132334140768253,0.013146428014054707,1.0,True,,False,False,gcd_k_not_2,0.0,False,1.0,True,FAMILY_F
2816,True,19,1,0.03228798438296279,0.05011590468798483,1.003449463413663,0.0034435242581916633,1.0,True,,False,False,gcd_k_not_2,0.3,False,1.0,True,FAMILY_F
2818,True,17,1,0.03452997374668739,0.05834130042189678,0.9822385923608876,0.017920554778381288,1.0,True,,False,False,gcd_k_not_2,0.0,False,1.0,True,FAMILY_F
2819,True,7,1,0.041619639776120286,0.0708689871837598,1.0067103968333337,0.006687957409223623,1.0,True,,False,False,gcd_k_not_2,0.0,False,1.0,True,FAMILY_F
2826,True,1,1,0.02715029907425733,0.043044519830936524,0.9703172494372765,0.030129920012831407,1.0,True,,False,False,gcd_k_not_2,0.0,False,1.0,True,FAMILY_F
2827,True,23,1,0.024635574470736152,0.04013090596388224,0.9911929036069048,0.00884605040239121,1.0,True,,False,False,gcd_k_not_2,0.0,False,1.0,True,FAMILY_F
2829,True,13,1,0.042365855368974,0.07100537246520751,1.004927770505755,0.0049156588863169546,1.0,True,,False,False,gcd_k_not_2,0.30333333333333334,False,1.0,True,FAMILY_F
2830,True,1,1,0.033214130797714826,0.05022785223955913,1.0137685487082335,0.01367441031598754,1.0,True,,False,False,gcd_k_not_2,0.0,False,1.0,True,FAMILY_F
2831,True,23,1,0.032967410275441825,0.05505612639750139,1.0121422842337686,0.012069011549441686,1.0,True,,False,False,gcd_k_not_2,0.0,False,1.0,True,FAMILY_F
2832,True,13,1,0.02813219556423418,0.045644441579423795,0.9812290307236271,0.018948813070356608,1.0,True,,False,False,gcd_k_not_2,0.0,False,1.0,True,FAMILY_F
2833,True,13,1,0.030977956977356922,0.04976198839736747,0.9664504755858585,0.03412191136331175,1.0,True,,False,False,gcd_k_not_2,0.3333333333333333,False,1.0,True,FAMILY_F
2834,True,16,2,2.7588673455324204,4.135096129884123,0.36757875332232753,0.9248772623021525,0.44555555555555554,False,1.0,True,True,,0.0,False,0.5,False,FAMILY_Q
2835,True,1,1,0.030394023849381818,0.047584939000770286,0.9912297937124859,0.008808833932886045,1.0,True,,False,False,gcd_k_not_2,0.0,False,1.0,True,FAMILY_F
2838,True,11,1,0.0357640123641716,0.0524658672018902,0.9895121375477841,0.010543150005752625,1.0,True,,False,False,gcd_k_not_2,0.0,False,1.0,True,FAMILY_F
2840,True,17,1,0.03138918351568162,0.051359882234990696,0.9968177269826001,0.003187344517627764,1.0,True,,False,False,gcd_k_not_2,0.2,False,1.0,True,FAMILY_F
2841,True,29,1,0.038222333777667525,0.05724704964907242,1.0037124362238925,0.0037055579002032487,1.0,True,,False,False,gcd_k_not_2,0.0,False,1.0,True,FAMILY_F
2862,True,7,1,0.03576896869570451,0.056675326881977746,0.9884200120619869,0.011647426467011494,1.0,True,,False,False,gcd_k_not_2,0.2,False,1.0,True,FAMILY_F
2871,True,23,1,0.03560418356408729,0.059370816268105815,0.9896968734949325,0.010356478559439893,1.0,True,,False,False,gcd_k_not_2,0.0,False,1.0,True,FAMILY_F
2873,True,19,1,0.04166227310669302,0.0700247438244431,1.0120198545071222,0.011948047610163083,1.0,True,,False,False,gcd_k_not_2,0.06666666666666667,False,1.0,True,FAMILY_F
2880,True,23,1,0.020718534331330248,0.031068196945670343,0.9940350542191769,0.005982789287682622,1.0,True,,False,False,gcd_k_not_2,0.0,False,1.0,True,FAMILY_F
2884,True,29,1,0.02425129806042448,0.04026655997091758,1.0040360648278017,0.00402793632174328,1.0,True,,False,False,gcd_k_not_2,0.0,False,1.0,True,FAMILY_F
2887,True,17,1,0.040595344244746256,0.06498714856042546,0.990229627658084,0.009818336744803554,1.0,True,,False,False,gcd_k_not_2,0.0,False,1.0,True,FAMILY_F
2888,True,13,1,0.03452716039255369,0.05613334338812154,1.0158555085953311,0.01573079868842326,1.0,True,,False,False,gcd_k_not_2,0.0,False,1.0,True,FAMILY_F
2890,True,1,1,0.021960408181450026,0.03668395792627603,1.0173443214997056,0.01719520194431814,1.0,True,,False,False,gcd_k_not_2,0.0,False,1.0,True,FAMILY_F
2894,True,23,1,0.024555426717289688,0.044143711530350176,0.9827576986700453,0.017392242472713794,1.0,True,,False,False,gcd_k_not_2,0.0,False,1.0,True,FAMILY_F
2900,True,7,1,0.02086674760442472,0.033179766607757344,0.974692429821945,0.025631910869620234,1.0,True,,False,False,gcd_k_not_2,0.0,False,1.0,True,FAMILY_F
2901,True,26,2,2.762066706909225,4.139883862714607,0.3641622988623151,0.9322024244006173,0.49666666666666665,False,1.0,True,True,,0.0,False,0.5,False,FAMILY_Q
2902,True,28,2,2.763147072032779,4.1415005371258555,0.36815709296918353,0.92364087468872,0.5266666666666666,False,1.0,True,True,,0.0,False,0.5,False,FAMILY_Q
2909,True,2,2,2.7599792199140603,4.136760127719624,0.36650464639509006,0.9271762891931667,0.4855555555555556,False,1.0,True,True,,0.0,False,0.5,False,FAMILY_Q
2914,True,23,1,0.025581686221332736,0.044427919972765,1.0157981735267654,0.0156743603940522,1.0,True,,False,False,gcd_k_not_2,0.0,False,1.0,True,FAMILY_F
2918,True,7,1,0.023897647323789406,0.03951930078062967,0.9950988034226829,0.00491323694737211,1.0,True,,False,False,gcd_k_not_2,0.0,False,1.0,True,FAMILY_F
2921,True,23,1,0.039024001326527835,0.06732948326480062,0.9963014639194586,0.0037053883367693195,1.0,True,,False,False,gcd_k_not_2,0.0,False,1.0,True,FAMILY_F
2923,True,7,1,0.034022110215542356,0.05656660722238079,0.9823997861512284,0.01775647270719487,1.0,True,,False,False,gcd_k_not_2,0.0,False,1.0,True,FAMILY_F
2924,True,1,1,0.027431159511529538,0.038213544052951104,0.991687069899756,0.008347626718952868,1.0,True,,False,False,gcd_k_not_2,0.5333333333333333,False,1.0,True,FAMILY_F
2926,True,4,2,2.7630134809052787,4.141300474211311,0.3686127889716737,0.922667413480372,0.4822222222222222,False,1.0,True,True,,0.0,False,0.5,False,FAMILY_Q
2927,True,26,2,2.7639558552212664,4.1427107983734235,0.36851661543761927,0.9228728061302306,0.4855555555555556,False,1.0,True,True,,0.0,False,0.5,False,FAMILY_Q
2929,True,29,1,0.03411938363207648,0.05794373875694901,0.9960985633248053,0.003909062154422113,1.0,True,,False,False,gcd_k_not_2,0.0,False,1.0,True,FAMILY_F
2930,True,17,1,0.029712933404435544,0.04883767373410995,0.980657014514313,0.019531887998720736,1.0,True,,False,False,gcd_k_not_2,0.0,False,1.0,True,FAMILY_F
2934,True,22,2,2.760754437032161,4.137919715932268,0.3637473095778036,0.9330946957016121,0.5444444444444444,False,1.0,True,True,,0.0,False,0.5,False,FAMILY_Q
2937,True,11,1,0.02486525617913501,0.03759106888087795,1.0130894741652348,0.013004364021785597,1.0,True,,False,False,gcd_k_not_2,0.0,False,1.0,True,FAMILY_F
2941,True,29,1,0.03718790169233608,0.06286669159398253,0.9906957517862707,0.009347735037240618,1.0,True,,False,False,gcd_k_not_2,0.0,False,1.0,True,FAMILY_F
2945,True,4,2,2.7643202788770385,4.143256110955324,0.36644862047912574,0.9272963066825426,0.5066666666666667,False,1.0,True,True,,0.0,False,0.5,False,FAMILY_Q
2950,True,7,1,0.040297740291609,0.0646202957190669,1.0024993735804486,0.0024962540447439185,1.0,True,,False,False,gcd_k_not_2,0.0,False,1.0,True,FAMILY_F
2957,True,16,2,2.7631794198823916,4.1415490521048755,0.36536176421328664,0.929626495220317,0.49666666666666665,False,1.0,True,True,,0.0,False,0.5,False,FAMILY_Q
2959,True,2,2,2.7594207811309004,4.13592404792088,0.3704393621999568,0.9187719722081157,0.5188888888888888,False,1.0,True,True,,0.0,False,0.5,False,FAMILY_Q
2967,True,23,1,0.03600239710119613,0.06241712731069368,1.0073027003875101,0.007276132679042664,1.0,True,,False,False,gcd_k_not_2,0.0,False,1.0,True,FAMILY_F
2969,True,2,2,2.759770536538286,4.1364476410757565,0.3689440541236261,0.9219601691909386,0.5522222222222222,False,1.0,True,True,,0.0,False,0.5,False,FAMILY_Q
2971,True,7,1,0.04038160919503485,0.06677391549620423,1.0138631028249652,0.01376767150211802,1.0,True,,False,False,gcd_k_not_2,0.0,False,1.0,True,FAMILY_F
2977,True,19,1,0.03668368086291036,0.0600365197419139,1.0156743151792278,0.015552428347368245,1.0,True,,False,False,gcd_k_not_2,0.06,False,1.0,True,FAMILY_F
2979,True,1,1,0.024659863531833845,0.0393454346975726,0.9913243238221026,0.00871347381650572,1.0,True,,False,False,gcd_k_not_2,0.0,False,1.0,True,FAMILY_F
2984,True,17,1,0.02009965436610323,0.03189633121383755,0.9837704451634476,0.01636233151483943,1.0,True,,False,False,gcd_k_not_2,0.31555555555555553,False,1.0,True,FAMILY_F
2988,True,2,2,2.7633423146348624,4.141792506929782,0.3679834853576706,0.9240119071716476,0.49333333333333335,False,1.0,True,True,,0.0,False,0.5,False,FAMILY_Q
2991,True,1,1,0.035091583419245495,0.053783023167653043,0.9749371591751955,0.025380899547478908,1.0,True,,False,False,gcd_k_not_2,0.0,False,1.0,True,FAMILY_F
2993,True,23,1,0.03461500590607248,0.05584302791109471,1.0012504128627147,0.0012496315850109199,1.0,True,,False,False,gcd_k_not_2,0.0,False,1.0,True,FAMILY_F
3002,True,1,1,0.017492750911208537,0.02731338437502749,1.031370771500229,0.030886307847247964,1.0,True,,False,False,gcd_k_not_2,0.0,False,1.0,True,FAMILY_F
3003,True,1,1,0.021363254845759745,0.037719651474813716,1.0015227323830087,0.001521573908077147,1.0,True,,False,False,gcd_k_not_2,0.0,False,1.0,True,FAMILY_F
3004,True,19,1,0.03641830213548369,0.05527168464589793,1.0058351987498986,0.00581822350463805,1.0,True,,False,False,gcd_k_not_2,0.0,False,1.0,True,FAMILY_F
3011,True,29,1,0.02082007075602454,0.03243023583335768,0.961746193864357,0.03899975058474671,1.0,True,,False,False,gcd_k_not_2,0.0,False,1.0,True,FAMILY_F
3013,True,13,1,0.028786117311939315,0.04784242672925232,1.0177589806235328,0.01760267781640089,1.0,True,,False,False,gcd_k_not_2,0.0,False,1.0,True,FAMILY_F
3015,True,11,1,0.020397058856335224,0.032325187263951304,0.9993535580787924,0.0006466509323430346,1.0,True,,False,False,gcd_k_not_2,0.0,False,1.0,True,FAMILY_F
3017,True,23,1,0.04159428808885852,0.06722627844960186,0.9892948959697547,0.010762712006081648,1.0,True,,False,False,gcd_k_not_2,0.0,False,1.0,True,FAMILY_F
3018,True,1,1,0.05194863769536283,0.08440348725506885,0.9947723956863512,0.005241304045467357,1.0,True,,False,False,gcd_k_not_2,0.0,False,1.0,True,FAMILY_F
3019,True,11,1,0.03352147134130006,0.054252640008829574,0.9967251163351947,0.0032802548913853802,1.0,True,,False,False,gcd_k_not_2,0.0,False,1.0,True,FAMILY_F
3021,True,29,1,0.05109326228334336,0.08139573307339312,0.9987300807483707,0.0012707261114055248,1.0,True,,False,False,gcd_k_not_2,0.0,False,1.0,True,FAMILY_F
3024,True,2,2,2.7586927742145506,4.134834785027608,0.3677767361543163,0.9244538924141411,0.4822222222222222,False,1.0,True,True,,0.16666666666666666,False,0.5,False,FAMILY_Q
3025,True,7,1,0.027275071986072687,0.045804800629453676,0.9773333170301687,0.022926517016236082,1.0,True,,False,False,gcd_k_not_2,0.0,False,1.0,True,FAMILY_F
3028,True,29,1,0.03117633302808694,0.04881887004843916,0.9869221792881757,0.013163898262497106,1.0,True,,False,False,gcd_k_not_2,0.0,False,1.0,True,FAMILY_F
3033,True,1,1,0.022977707030708446,0.03829037487023182,1.0103267249754484,0.010273678250558447,1.0,True,,False,False,gcd_k_not_2,0.0,False,1.0,True,FAMILY_F
3034,True,1,1,0.036519052655874615,0.0606359526436808,0.9926320343785567,0.007395209445923741,1.0,True,,False,False,gcd_k_not_2,0.2,False,1.0,True,FAMILY_F
3035,True,19,1,0.020137106589854323,0.035009149919819835,0.9954313364128672,0.004579123825273566,1.0,True,,False,False,gcd_k_not_2,0.0,False,1.0,True,FAMILY_F
3040,True,17,1,0.02098367564129562,0.03331261092919119,1.005548790624998,0.00553343867866584,1.0,True,,False,False,gcd_k_not_2,0.06777777777777778,False,1.0,True,FAMILY_F
3042,True,1,1,0.035915588918765215,0.05317138353654986,0.9937182396582992,0.006301552763822243,1.0,True,,False,False,gcd_k_not_2,0.0,False,1.0,True,FAMILY_F
3044,True,19,1,0.03309686192713697,0.051928939359608316,0.997413330256841,0.0025900195057038094,1.0,True,,False,False,gcd_k_not_2,0.0,False,1.0,True,FAMILY_F
3045,True,11,1,0.025085773818495475,0.04214099403684589,0.998373741180699,0.0016275822542986258,1.0,True,,False,False,gcd_k_not_2,0.0,False,1.0,True,FAMILY_F
3046,True,13,1,0.03829572906803545,0.06535384235156348,0.9793296094987495,0.020886254014545,1.0,True,,False,False,gcd_k_not_2,0.0,False,1.0,True,FAMILY_F
3047,True,16,2,2.762214279618885,4.140104683187402,0.3688116090879829,0.9222428955472811,0.5466666666666666,False,1.0,True,True,,0.0,False,0.5,False,FAMILY_Q
3052,True,17,1,0.036790444958071454,0.058893759263077855,0.9915371911552379,0.00849877058017996,1.0,True,,False,False,gcd_k_not_2,0.0,False,1.0,True,FAMILY_F
3053,True,19,1,0.017668827724344156,0.029162208410356442,0.9742878989120999,0.026046962149814536,1.0,True,,False,False,gcd_k_not_2,0.0,False,1.0,True,FAMILY_F
3065,True,17,1,0.039878055735793415,0.06178917885916775,0.9827343519497094,0.0174159972901186,1.0,True,,False,False,gcd_k_not_2,0.0,False,1.0,True,FAMILY_F
3067,True,23,1,0.029099782896287823,0.047096345758030185,1.0193125715699538,0.019127867415730297,1.0,True,,False,False,gcd_k_not_2,0.1,False,1.0,True,FAMILY_F
3068,True,19,1,0.03976614532417465,0.0652523794346253,0.9733211360126747,0.027039556309859564,1.0,True,,False,False,gcd_k_not_2,0.0,False,1.0,True,FAMILY_F
3070,True,19,1,0.044582900401136445,0.0634268428776193,0.9880695687545257,0.012002025917984743,1.0,True,,False,False,gcd_k_not_2,0.0,False,1.0,True,FAMILY_F
3074,True,17,1,0.025163357302440965,0.04149524925771365,0.9866949620079859,0.013394142781301908,1.0,True,,False,False,gcd_k_not_2,0.0,False,1.0,True,FAMILY_F
3075,True,29,1,0.03037141840232429,0.045714638034257,0.9968412560079307,0.0031637407155581687,1.0,True,,False,False,gcd_k_not_2,0.0,False,1.0,True,FAMILY_F
3077,True,11,1,0.035632105648287817,0.05873261920958233,1.0108517432688224,0.010793180854976443,1.0,True,,False,False,gcd_k_not_2,0.1,False,1.0,True,FAMILY_F
3080,True,11,1,0.032375345051092984,0.04839419981577629,0.9848068545362997,0.015309444774413363,1.0,True,,False,False,gcd_k_not_2,0.0,False,1.0,True,FAMILY_F
3081,True,7,1,0.021275138564179882,0.033664706400205996,0.9939699461819836,0.006048289573834918,1.0,True,,False,False,gcd_k_not_2,0.4311111111111111,False,1.0,True,FAMILY_F
3085,True,1,1,0.03532006945149674,0.05880833324430459,1.0205324920333396,0.020323842466573757,1.0,True,,False,False,gcd_k_not_2,0.0,False,1.0,True,FAMILY_F
3086,True,23,1,0.035368203326367094,0.05661752182950754,1.0067869598800259,0.006764006360128574,1.0,True,,False,False,gcd_k_not_2,0.0,False,1.0,True,FAMILY_F
3088,True,1,1,0.028379263621314824,0.04422706612305668,1.0111164252641651,0.011054979338359196,1.0,True,,False,False,gcd_k_not_2,0.0,False,1.0,True,FAMILY_F
3093,True,17,1,0.03246409911132627,0.051817067112494807,0.9967944455222851,0.0032107005154217248,1.0,True,,False,False,gcd_k_not_2,0.0,False,1.0,True,FAMILY_F
3096,True,23,1,0.03934389460427814,0.06691773818302624,0.995881501498459,0.004126997017056351,1.0,True,,False,False,gcd_k_not_2,0.0,False,1.0,True,FAMILY_F
3098,True,26,2,2.766841352162219,4.147028785155244,0.3713622346828212,0.91680775424383,0.48444444444444446,False,1.0,True,True,,0.0,False,0.5,False,FAMILY_Q
3104,True,17,1,0.02028832528777959,0.03601896389269391,0.9832575155138945,0.016883823058920607,1.0,True,,False,False,gcd_k_not_2,0.0,False,1.0,True,FAMILY_F
3108,True,7,1,0.02568084626602136,0.041137116915385984,1.0259987892682094,0.025665157754215746,1.0,True,,False,False,gcd_k_not_2,0.0,False,1.0,True,FAMILY_F
3110,True,19,1,0.03313043216100856,0.05215271537750938,1.0052405290972959,0.005226833411007443,1.0,True,,False,False,gcd_k_not_2,0.0,False,1.0,True,FAMILY_F
3111,True,19,1,0.030033160101250563,0.04827344574378494,1.000615319928215,0.0006151306771330292,1.0,True,,False,False,gcd_k_not_2,0.0,False,1.0,True,FAMILY_F
3115,True,11,1,0.04244890201583194,0.06697426737973751,1.0092923230267057,0.009249349057093119,1.0,True,,False,False,gcd_k_not_2,0.0,False,1.0,True,FAMILY_F
3116,True,29,1,0.016843160123787008,0.029676108950361865,1.004231237319107,0.0042223045328508265,1.0,True,,False,False,gcd_k_not_2,0.0,False,1.0,True,FAMILY_F
3118,True,7,1,0.045271505618222775,0.07378236621117157,1.0058272098214398,0.005810280958307064,1.0,True,,False,False,gcd_k_not_2,0.0,False,1.0,True,FAMILY_F
3120,True,17,1,0.036722842444469106,0.06463838995021996,1.0031630785673253,0.003158083933523265,1.0,True,,False,False,gcd_k_not_2,0.0,False,1.0,True,FAMILY_F
3122,True,19,1,0.04679316099409386,0.07099828816420638,1.008124184745749,0.008091317068398902,1.0,True,,False,False,gcd_k_not_2,0.3,False,1.0,True,FAMILY_F
3127,True,23,1,0.03438242802826823,0.05558101281584685,1.0084231918222437,0.008387865522107692,1.0,True,,False,False,gcd_k_not_2,0.0,False,1.0,True,FAMILY_F
3128,True,17,1,0.03977580122894531,0.06924719955245517,0.996702465608373,0.00330298023709038,1.0,True,,False,False,gcd_k_not_2,0.0,False,1.0,True,FAMILY_F
3130,True,13,1,0.03620749315893732,0.056677074020467656,1.0138831117450853,0.013787405698094628,1.0,True,,False,False,gcd_k_not_2,0.0,False,1.0,True,FAMILY_F
3132,True,7,1,0.034820930608674944,0.05311513314540514,1.00528093881941,0.005267031384160044,1.0,True,,False,False,gcd_k_not_2,0.0,False,1.0,True,FAMILY_F
3136,True,23,1,0.03316452392722613,0.05383106797160179,1.0057390124178567,0.0057225914062852155,1.0,True,,False,False,gcd_k_not_2,0.0,False,1.0,True,FAMILY_F
3148,True,23,1,0.01910108859604601,0.03298783227899619,0.9881213875907853,0.011949584651477689,1.0,True,,False,False,gcd_k_not_2,0.0,False,1.0,True,FAMILY_F
3163,True,23,1,0.024072435564636334,0.0381791988236856,1.0107097641291756,0.010652720069536164,1.0,True,,False,False,gcd_k_not_2,0.0,False,1.0,True,FAMILY_F
3166,True,19,1,0.03884749256239816,0.056884364552245485,0.9850398833570487,0.015072862533775535,1.0,True,,False,False,gcd_k_not_2,0.0,False,1.0,True,FAMILY_F
3174,True,22,2,2.764437216103706,4.143431111967041,0.3682273728048643,0.9234907000873731,0.4911111111111111,False,1.0,True,True,,0.0,False,0.5,False,FAMILY_Q
3179,True,7,1,0.04750407199825389,0.07575351667467296,0.9912732082447727,0.00876503708189756,1.0,True,,False,False,gcd_k_not_2,0.0,False,1.0,True,FAMILY_F
3180,True,23,1,0.04141297997365582,0.066525901050263,1.0059971506789922,0.005979221532754692,1.0,True,,False,False,gcd_k_not_2,0.0,False,1.0,True,FAMILY_F
3182,True,1,1,0.019836016638237686,0.03304498449372669,0.9913214684756965,0.008716354101225775,1.0,True,,False,False,gcd_k_not_2,0.0,False,1.0,True,FAMILY_F
3186,True,7,1,0.020823395929198272,0.03627454274893505,1.0075466554588908,0.007518286499962653,1.0,True,,False,False,gcd_k_not_2,0.0,False,1.0,True,FAMILY_F
3187,True,23,1,0.022589974350428678,0.040814893319072065,1.050005326977218,0.048785558085307094,1.0,True,,False,False,gcd_k_not_2,0.0,False,1.0,True,FAMILY_F
3188,True,29,1,0.049117752208806015,0.07572876856861531,0.9905097536901762,0.009535493400351328,1.0,True,,False,False,gcd_k_not_2,0.0,False,1.0,True,FAMILY_F
3198,True,26,2,2.7539223154586074,4.127695988866659,0.37003051355671557,0.9196430009545263,0.4911111111111111,False,1.0,True,True,,0.0,False,0.5,False,FAMILY_Q
3202,True,23,1,0.02728985954732804,0.04550009327002544,0.988006859685757,0.012065491882798438,1.0,True,,False,False,gcd_k_not_2,0.0,False,1.0,True,FAMILY_F
3205,True,13,1,0.026343618381990425,0.046073530674197054,1.003282136785393,0.003276759399112558,1.0,True,,False,False,gcd_k_not_2,0.0,False,1.0,True,FAMILY_F
3211,True,13,1,0.01939327214438857,0.02862372837697346,0.9955897696176093,0.004419976940687386,1.0,True,,False,False,gcd_k_not_2,0.3,False,1.0,True,FAMILY_F
3217,True,13,1,0.02525000861999085,0.04092299368038285,0.975856452165922,0.024438564661528918,1.0,True,,False,False,gcd_k_not_2,0.0,False,1.0,True,FAMILY_F
3219,True,29,1,0.0448509317092644,0.07242323668420123,0.9986130751607136,0.0013878872869626045,1.0,True,,False,False,gcd_k_not_2,0.0,False,1.0,True,FAMILY_F
3221,True,29,1,0.019499348647391786,0.033799149533613605,1.0195562788912567,0.019366906578105594,1.0,True,,False,False,gcd_k_not_2,0.0,False,1.0,True,FAMILY_F
3226,True,7,1,0.03233233341791917,0.050380496879469445,0.9901663323088833,0.009882257107332574,1.0,True,,False,False,gcd_k_not_2,0.0,False,1.0,True,FAMILY_F
3228,True,7,1,0.029628708505629108,0.047867873032516085,1.0075583752819985,0.007529918307791915,1.0,True,,False,False,gcd_k_not_2,0.0,False,1.0,True,FAMILY_F
3234,True,23,1,0.03407910730237124,0.05671743611255077,1.0194630564372842,0.0192754765928926,1.0,True,,False,False,gcd_k_not_2,0.4266666666666667,False,1.0,True,FAMILY_F
3236,True,1,1,0.03081154315416921,0.050418097099896475,0.9795638539222,0.020647119856536937,1.0,True,,False,False,gcd_k_not_2,0.0,False,1.0,True,FAMILY_F
3239,True,28,2,2.7699758533527192,4.1517194911946085,0.365908065008274,0.9284547785255005,0.5333333333333333,False,1.0,True,True,,0.0,False,0.5,False,FAMILY_Q
3241,True,13,1,0.020977003191941037,0.03651119199764887,1.0337058549682288,0.03314722715272436,1.0,True,,False,False,gcd_k_not_2,0.0,False,1.0,True,FAMILY_F
3244,True,23,1,0.027565146058451704,0.04566441853591856,1.0352020575220287,0.034593181931910015,1.0,True,,False,False,gcd_k_not_2,0.36666666666666664,False,1.0,True,FAMILY_F
3254,True,16,2,2.7606976310253626,4.1378349781273975,0.3709134320715248,0.917762643813171,0.4888888888888889,False,1.0,True,True,,0.0,False,0.5,False,FAMILY_Q
3256,True,1,1,0.02302183712549434,0.03696330044874248,0.9874418690906248,0.012637482489106792,1.0,True,,False,False,gcd_k_not_2,0.0,False,1.0,True,FAMILY_F
3257,True,11,1,0.031742812639095105,0.04990976497430772,1.018447065058863,0.01827847296884662,1.0,True,,False,False,gcd_k_not_2,0.0,False,1.0,True,FAMILY_F
3262,True,29,1,0.02782643285123508,0.04540896243158077,0.9925246790923785,0.0075033659417724705,1.0,True,,False,False,gcd_k_not_2,0.0,False,1.0,True,FAMILY_F
3274,True,4,2,2.760355142790498,4.137322377092935,0.36129656434653246,0.9383751526032337,0.5077777777777778,False,1.0,True,True,,0.3333333333333333,False,0.5,False,FAMILY_Q
3276,True,11,1,0.019857682951276413,0.03075293760869084,1.0202152523926322,0.02001296878507407,1.0,True,,False,False,gcd_k_not_2,0.4,False,1.0,True,FAMILY_F
3281,True,17,1,0.027436245793298748,0.043869227629754246,0.9805391772093949,0.019652045275898727,1.0,True,,False,False,gcd_k_not_2,0.0,False,1.0,True,FAMILY_F
3284,True,11,1,0.04154295054741459,0.06797763036860505,0.9998650973261012,0.000134911773878291,1.0,True,,False,False,gcd_k_not_2,0.0,False,1.0,True,FAMILY_F
3285,True,19,1,0.031609262821881395,0.05132006800950829,0.994306453367317,0.005709801142216185,1.0,True,,False,False,gcd_k_not_2,0.0,False,1.0,True,FAMILY_F
3287,True,22,2,2.7695482882734277,4.15107980270896,0.3681112845190671,0.923738766913338,0.5033333333333333,False,1.0,True,True,,0.0,False,0.5,False,FAMILY_Q
3291,True,19,1,0.016758556617317254,0.0295603576633005,0.9978539550555392,0.002148350172474092,1.0,True,,False,False,gcd_k_not_2,0.0,False,1.0,True,FAMILY_F
3292,True,29,1,0.02733452368687371,0.04488093482696322,0.9920452348594281,0.007986530628289896,1.0,True,,False,False,gcd_k_not_2,0.0,False,1.0,True,FAMILY_F
3296,True,7,1,0.024072273089147344,0.0389756844548803,1.018504015883783,0.018334385998911466,1.0,True,,False,False,gcd_k_not_2,0.0,False,1.0,True,FAMILY_F
3298,True,29,1,0.03149560454214211,0.04824531366642879,1.01042771371681,0.010373627109956197,1.0,True,,False,False,gcd_k_not_2,0.0,False,1.0,True,FAMILY_F
3303,True,7,1,0.026745848679430275,0.04263702291660934,0.9877801139308787,0.012295007866796841,1.0,True,,False,False,gcd_k_not_2,0.0,False,1.0,True,FAMILY_F
3305,True,16,2,2.7614767864343412,4.1390012736092086,0.36405120133580016,0.9324412427354958,0.5022222222222222,False,1.0,True,True,,0.0,False,0.5,False,FAMILY_Q
3309,True,11,1,0.03990639889241415,0.07043985825950783,0.9817534983387332,0.018414501779926217,1.0,True,,False,False,gcd_k_not_2,0.0,False,1.0,True,FAMILY_F
3312,True,11,1,0.041173344232880923,0.0647983038739823,0.9918138267248592,0.008219817701136643,1.0,True,,False,False,gcd_k_not_2,0.0,False,1.0,True,FAMILY_F
3317,True,19,1,0.021942635532623427,0.03625127554128837,1.000415506765089,0.00041542046008330756,1.0,True,,False,False,gcd_k_not_2,0.0,False,1.0,True,FAMILY_F
3320,True,13,1,0.019003269127584804,0.031372833286618426,1.003090145720666,0.0030853785859490065,1.0,True,,False,False,gcd_k_not_2,0.2577777777777778,False,1.0,True,FAMILY_F
3321,True,1,1,0.03253865165422757,0.049410654117649305,0.9877378230593797,0.012337821214014293,1.0,True,,False,False,gcd_k_not_2,0.0,False,1.0,True,FAMILY_F
3322,True,1,1,0.03197765026812035,0.051625169887477625,0.9894302391493385,0.01062591755434568,1.0,True,,False,False,gcd_k_not_2,0.0,False,1.0,True,FAMILY_F
3330,True,13,1,0.0243610295840164,0.04166789173053734,1.0029661763772626,0.002961783790705338,1.0,True,,False,False,gcd_k_not_2,0.0,False,1.0,True,FAMILY_F
3331,True,26,2,2.7606268324128815,4.1377288723620875,0.36778671647540845,0.9244325535690465,0.4988888888888889,False,1.0,True,True,,0.0,False,0.5,False,FAMILY_Q
3333,True,19,1,0.029707124377108332,0.04974464902925343,0.9860505341594077,0.014047443003756623,1.0,True,,False,False,gcd_k_not_2,0.0,False,1.0,True,FAMILY_F
3334,True,19,1,0.017913955551266156,0.030191931197295564,1.0010744267253686,0.0010738498388856552,1.0,True,,False,False,gcd_k_not_2,0.0,False,1.0,True,FAMILY_F
3335,True,17,1,0.035256387759332715,0.058628822009199034,0.9953976147048966,0.004613000698393641,1.0,True,,False,False,gcd_k_not_2,0.06666666666666667,False,1.0,True,FAMILY_F
3336,True,29,1,0.025245371428139762,0.04322649268456114,1.0093019183485847,0.009258855788312596,1.0,True,,False,False,gcd_k_not_2,0.0,False,1.0,True,FAMILY_F
3340,True,14,2,2.7527465683068266,4.1259363569400485,0.3598273150201859,0.941549971689326,0.47444444444444445,False,1.0,True,True,,0.0,False,0.5,False,FAMILY_Q
3344,True,7,1,0.03618704800961008,0.05803214909445149,0.9831798971032509,0.01696276058598361,1.0,True,,False,False,gcd_k_not_2,0.0,False,1.0,True,FAMILY_F
3348,True,29,1,0.023640079934794285,0.03883759880144041,0.9891250150604131,0.010934440879530811,1.0,True,,False,False,gcd_k_not_2,0.0,False,1.0,True,FAMILY_F
3350,True,13,1,0.0337130342335739,0.05603873982434117,0.9689773587827863,0.03151142503374613,1.0,True,,False,False,gcd_k_not_2,0.0,False,1.0,True,FAMILY_F
3359,True,11,1,0.03854934888274427,0.05760471486551542,0.997554019390385,0.0024489756831321684,1.0,True,,False,False,gcd_k_not_2,0.0,False,1.0,True,FAMILY_F
3364,True,11,1,0.029406267010771623,0.04733194617396685,0.9924789412870274,0.007549448636194286,1.0,True,,False,False,gcd_k_not_2,0.0,False,1.0,True,FAMILY_F
3366,True,1,1,0.03921452949234985,0.0632276496394141,0.9949549571031123,0.005057801309172007,1.0,True,,False,False,gcd_k_not_2,0.0,False,1.0,True,FAMILY_F
3368,True,23,1,0.025837201104627606,0.044443721187676144,0.988971162157005,0.01108999270862678,1.0,True,,False,False,gcd_k_not_2,0.0,False,1.0,True,FAMILY_F
3370,True,7,1,0.022773664223550736,0.03663535488210045,0.9948908365469405,0.005122248655874537,1.0,True,,False,False,gcd_k_not_2,0.0,False,1.0,True,FAMILY_F
3376,True,13,1,0.038036976332019815,0.060147819229064474,0.9976408792842292,0.00236190672731538,1.0,True,,False,False,gcd_k_not_2,0.0,False,1.0,True,FAMILY_F
3379,True,19,1,0.029121922179382753,0.04388736005973699,1.0082369501142103,0.008203165581374088,1.0,True,,False,False,gcd_k_not_2,0.3333333333333333,False,1.0,True,FAMILY_F
3384,True,13,1,0.02449795012257113,0.040164074655598465,0.9966801305510005,0.0033253893783010816,1.0,True,,False,False,gcd_k_not_2,0.0,False,1.0,True,FAMILY_F
3385,True,17,1,0.027486055543329443,0.04329197834619799,0.9934826464536486,0.0065386609288479725,1.0,True,,False,False,gcd_k_not_2,0.0,False,1.0,True,FAMILY_F
3387,True,11,1,0.019493021999397588,0.0356987460803222,1.007849876248816,0.007819186425911008,1.0,True,,False,False,gcd_k_not_2,0.0,False,1.0,True,FAMILY_F
3392,True,1,1,0.02385659647343805,0.036050775279239486,1.0072474022912663,0.007221234694829746,1.0,True,,False,False,gcd_k_not_2,0.0,False,1.0,True,FAMILY_F
3395,True,13,1,0.02203531870097603,0.03319893666306926,0.9936291555104505,0.006391203170298993,1.0,True,,False,False,gcd_k_not_2,0.2,False,1.0,True,FAMILY_F
3398,True,7,1,0.03200076336321025,0.05190403477583769,0.9884074642420192,0.011660120942464762,1.0,True,,False,False,gcd_k_not_2,0.0,False,1.0,True,FAMILY_F
3407,True,19,1,0.02839718279002083,0.04847663252892527,0.99671720126522,0.0032881959775774225,1.0,True,,False,False,gcd_k_not_2,0.0,False,1.0,True,FAMILY_F
3408,True,13,1,0.032867892092108976,0.052430651200675756,0.991979622115553,0.008052670615103088,1.0,True,,False,False,gcd_k_not_2,0.0,False,1.0,True,FAMILY_F
3409,True,23,1,0.02802855608188497,0.04055359370447442,1.0068195774099848,0.0067964031114209275,1.0,True,,False,False,gcd_k_not_2,0.0,False,1.0,True,FAMILY_F
3411,True,13,1,0.035046015680764465,0.057307077206464344,0.9881727519851032,0.011897605983270556,1.0,True,,False,False,gcd_k_not_2,0.06666666666666667,False,1.0,True,FAMILY_F
3415,True,13,1,0.026231391635015047,0.04350962725962038,1.0063833392110388,0.0063630305199293,1.0,True,,False,False,gcd_k_not_2,0.03333333333333333,False,1.0,True,FAMILY_F
3419,True,16,2,2.765508268074495,4.145033950162336,0.36453917446720285,0.9313925718269228,0.5077777777777778,False,1.0,True,True,,0.0,False,0.5,False,FAMILY_Q
3421,True,1,1,0.031151453998120904,0.04943740599500098,1.013080066234457,0.01299507799401524,1.0,True,,False,False,gcd_k_not_2,0.24666666666666667,False,1.0,True,FAMILY_F
3422,True,14,2,2.752292822044724,4.125257406466658,0.3682478824857869,0.9234468777199452,0.49333333333333335,False,1.0,True,True,,0.0,False,0.5,False,FAMILY_Q
3427,True,8,2,2.766968726330588,4.147219458867584,0.3698779722624698,0.9199681146734991,0.5144444444444445,False,1.0,True,True,,0.0,False,0.5,False,FAMILY_Q
3429,True,11,1,0.02129831598547175,0.03350834290347872,1.0206186881687287,0.02040829206367019,1.0,True,,False,False,gcd_k_not_2,0.0,False,1.0,True,FAMILY_F
3433,True,19,1,0.04172595165349106,0.06744163897029577,0.9843647320773713,0.015758461808843584,1.0,True,,False,False,gcd_k_not_2,0.0,False,1.0,True,FAMILY_F
3434,True,13,1,0.03543440846127454,0.05721358275242554,1.003447295726524,0.0034413640267723766,1.0,True,,False,False,gcd_k_not_2,0.0,False,1.0,True,FAMILY_F
3435,True,1,1,0.027558696090956906,0.04457928224879372,0.9919304476306228,0.008102243106907563,1.0,True,,False,False,gcd_k_not_2,0.0,False,1.0,True,FAMILY_F
3436,True,11,1,0.02890420044178242,0.04926433541475828,1.020440437716208,0.020233645431599744,1.0,True,,False,False,gcd_k_not_2,0.0,False,1.0,True,FAMILY_F
3445,True,1,1,0.03987076300397552,0.06812237542138216,1.0070004129605172,0.006975995535736828,1.0,True,,False,False,gcd_k_not_2,0.0,False,1.0,True,FAMILY_F
3446,True,1,1,0.03549561152849731,0.061659950487343476,0.9754570941182684,0.02484782479437863,1.0,True,,False,False,gcd_k_not_2,0.0,False,1.0,True,FAMILY_F
3448,True,14,2,2.7617983723183634,4.139482100284529,0.3664838865366841,0.9272207593591829,0.51,False,1.0,True,True,,0.4,False,0.5,False,FAMILY_Q
3450,True,13,1,0.024348862618932,0.040677192131018836,1.001129962553541,0.0011293245063395915,1.0,True,,False,False,gcd_k_not_2,0.1,False,1.0,True,FAMILY_F
3454,True,19,1,0.02838379926052506,0.04849175057658448,0.993550252344018,0.006470614571564927,1.0,True,,False,False,gcd_k_not_2,0.26666666666666666,False,1.0,True,FAMILY_F
3459,True,26,2,2.764804937862598,4.143981289081336,0.36491418701615014,0.9305871666147981,0.4888888888888889,False,1.0,True,True,,0.0,False,0.5,False,FAMILY_Q
3460,True,13,1,0.032979561783109894,0.05915374700548728,1.0134910773146888,0.013400682492898218,1.0,True,,False,False,gcd_k_not_2,0.0,False,1.0,True,FAMILY_F
3465,True,19,1,0.023963485611957592,0.0362335109921934,1.0092505795824058,0.009207989960444349,1.0,True,,False,False,gcd_k_not_2,0.0,False,1.0,True,FAMILY_F
3466,True,11,1,0.03503216207755286,0.05918397483095064,1.0042125969466669,0.004203742610025001,1.0,True,,False,False,gcd_k_not_2,0.0,False,1.0,True,FAMILY_F
3468,True,1,1,0.03048445625077624,0.04981245380799987,0.9787725609662263,0.021455158063651707,1.0,True,,False,False,gcd_k_not_2,0.0,False,1.0,True,FAMILY_F
3471,True,1,1,0.02125807825430359,0.03581579942844906,0.9859818651572144,0.014117082425297845,1.0,True,,False,False,gcd_k_not_2,0.0,False,1.0,True,FAMILY_F
3473,True,19,1,0.05022523956279587,0.0856816475942219,0.9864577068832601,0.013634615093807105,1.0,True,,False,False,gcd_k_not_2,0.0,False,1.0,True,FAMILY_F
3481,True,19,1,0.04136940187864327,0.06584449705585849,0.9985321187487873,0.0014689593801791663,1.0,True,,False,False,gcd_k_not_2,0.0,False,1.0,True,FAMILY_F
3483,True,17,1,0.035944871223516396,0.05779226578147578,1.0033435319620223,0.003337951687944078,1.0,True,,False,False,gcd_k_not_2,0.0,False,1.0,True,FAMILY_F
3484,True,8,2,2.7636259800168177,4.142217299710449,0.37261043813291755,0.9141553122974705,0.4922222222222222,False,1.0,True,True,,0.0,False,0.5,False,FAMILY_Q
3488,True,29,1,0.02612656562682024,0.042853683024318724,0.9713100375328682,0.029107509139493677,1.0,True,,False,False,gcd_k_not_2,0.0,False,1.0,True,FAMILY_F
3489,True,17,1,0.0422783124099919,0.06747488103322168,1.002068517399508,0.0020663802277804903,1.0,True,,False,False,gcd_k_not_2,0.0,False,1.0,True,FAMILY_F
3495,True,17,1,0.017523233608624213,0.02639640838400438,1.0117668360516299,0.011698011758384497,1.0,True,,False,False,gcd_k_not_2,0.0,False,1.0,True,FAMILY_F
3497,True,17,1,0.03495914454498197,0.055057003494688554,0.9985792557471392,0.0014217542274345765,1.0,True,,False,False,gcd_k_not_2,0.10666666666666667,False,1.0,True,FAMILY_F
3498,True,19,1,0.03551156208714806,0.055578146407587854,0.9874326235725698,0.012646845259930735,1.0,True,,False,False,gcd_k_not_2,0.0,False,1.0,True,FAMILY_F
3499,True,13,1,0.022564074200794426,0.03889752348104508,1.0308248960883555,0.030357020093390044,1.0,True,,False,False,gcd_k_not_2,0.0,False,1.0,True,FAMILY_F
3502,True,19,1,0.030895958402002568,0.05054225201305346,0.9994085182988685,0.0005916566781808068,1.0,True,,False,False,gcd_k_not_2,0.0,False,1.0,True,FAMILY_F
3504,True,17,1,0.024560591732389003,0.04085945155232315,0.9890676882072111,0.010992397953678928,1.0,True,,False,False,gcd_k_not_2,0.0,False,1.0,True,FAMILY_F
3509,True,23,1,0.030150470718251682,0.04970683643010769,0.9828952136384208,0.017252335114767415,1.0,True,,False,False,gcd_k_not_2,0.0,False,1.0,True,FAMILY_F
3510,True,29,1,0.04132929130580985,0.06896005842805292,0.9882966032083305,0.011772284650876383,1.0,True,,False,False,gcd_k_not_2,0.0,False,1.0,True,FAMILY_F
3515,True,11,1,0.03472526827337311,0.05491512665217365,0.9922861488581559,0.007743718086144519,1.0,True,,False,False,gcd_k_not_2,0.1,False,1.0,True,FAMILY_F
3519,True,11,1,0.03715180481978454,0.05958062269179956,0.9902154367588067,0.00983266741929011,1.0,True,,False,False,gcd_k_not_2,0.0,False,1.0,True,FAMILY_F
3520,True,13,1,0.01885337504020076,0.03292072899671397,0.9995269835799574,0.00047312831877436483,1.0,True,,False,False,gcd_k_not_2,0.0,False,1.0,True,FAMILY_F
3525,True,11,1,0.02720719316652713,0.04556361972446177,1.0010151906731233,0.001014675628506113,1.0,True,,False,False,gcd_k_not_2,0.3333333333333333,False,1.0,True,FAMILY_F
3527,True,19,1,0.02218701208937917,0.03858779081106692,1.0385356719999939,0.03780720889930446,1.0,True,,False,False,gcd_k_not_2,0.0,False,1.0,True,FAMILY_F
3528,True,13,1,0.018961804735903167,0.03401659498724088,1.0044207523134563,0.004411002339058807,1.0,True,,False,False,gcd_k_not_2,0.0,False,1.0,True,FAMILY_F
3529,True,1,1,0.034382833470603356,0.056408978532032715,0.9769874680420472,0.023280402460763974,1.0,True,,False,False,gcd_k_not_2,0.0,False,1.0,True,FAMILY_F
3530,True,19,1,0.032954294050966254,0.05009289641984072,1.003043332115812,0.0030387082166588495,1.0,True,,False,False,gcd_k_not_2,0.0,False,1.0,True,FAMILY_F
3534,True,13,1,0.03133749507022171,0.04965007804081632,0.9990214018663504,0.000979077195207644,1.0,True,,False,False,gcd_k_not_2,0.3,False,1.0,True,FAMILY_F
3536,True,23,1,0.023380686518285707,0.03634063346797865,0.9938019084103498,0.006217359471374873,1.0,True,,False,False,gcd_k_not_2,0.0,False,1.0,True,FAMILY_F
3537,True,13,1,0.029942586650363347,0.05020831087976334,0.9940317790704117,0.005986084065691787,1.0,True,,False,False,gcd_k_not_2,0.0,False,1.0,True,FAMILY_F
3543,True,11,1,0.0392340091584855,0.06213474279293833,0.9821158077255965,0.018045557383375075,1.0,True,,False,False,gcd_k_not_2,0.0,False,1.0,True,FAMILY_F
3555,True,11,1,0.04501575351353917,0.07562842994787011,0.9865171589743539,0.01357435143687095,1.0,True,,False,False,gcd_k_not_2,0.23333333333333334,False,1.0,True,FAMILY_F
3556,True,19,1,0.024109462755415534,0.04112087924331566,0.993876606875217,0.006142198673346728,1.0,True,,False,False,gcd_k_not_2,0.0,False,1.0,True,FAMILY_F
3558,True,17,1,0.03132401481296352,0.04921935824192368,0.9888825506061214,0.011179593677354641,1.0,True,,False,False,gcd_k_not_2,0.0,False,1.0,True,FAMILY_F
3562,True,17,1,0.027522605912800712,0.04291339963460095,0.9693189228590424,0.03115907411930518,1.0,True,,False,False,gcd_k_not_2,0.0,False,1.0,True,FAMILY_F
3563,True,23,1,0.04478147250832857,0.06971500964429668,0.9975384426370848,0.0024645907286425,1.0,True,,False,False,gcd_k_not_2,0.0,False,1.0,True,FAMILY_F
3564,True,29,1,0.022184912188297806,0.03646495842655495,0.9947361486792891,0.005277741945165206,1.0,True,,False,False,gcd_k_not_2,0.0,False,1.0,True,FAMILY_F
3568,True,11,1,0.03915317532958086,0.062014920206619466,0.9894923679179789,0.010563128817646502,1.0,True,,False,False,gcd_k_not_2,0.0,False,1.0,True,FAMILY_F
3571,True,29,1,0.01495740840678046,0.028436966473314274,0.9593555810336984,0.04148753739212436,1.0,True,,False,False,gcd_k_not_2,0.0,False,1.0,True,FAMILY_F
3575,True,1,1,0.026471200521576397,0.04040073598616681,0.9846408726615803,0.015477991560076803,1.0,True,,False,False,gcd_k_not_2,0.0,False,1.0,True,FAMILY_F
3576,True,19,1,0.030718163225819908,0.05249783512517677,1.0052268144247969,0.005213190235834977,1.0,True,,False,False,gcd_k_not_2,0.0,False,1.0,True,FAMILY_F
3579,True,8,2,2.760557944817502,4.137625969176824,0.366451033960862,0.9272911363720101,0.5033333333333333,False,1.0,True,True,,0.0,False,0.5,False,FAMILY_Q
3582,True,2,2,2.761440859914274,4.1389473622495245,0.36942662538372856,0.9209305017559122,0.47444444444444445,False,1.0,True,True,,0.0,False,0.5,False,FAMILY_Q
3586,True,29,1,0.019987809551812882,0.03312605542825793,0.9830308761348223,0.01711433147047375,1.0,True,,False,False,gcd_k_not_2,0.0,False,1.0,True,FAMILY_F
3589,True,29,1,0.03243397514785947,0.05640396303850488,1.0085582357838074,0.008521770124795635,1.0,True,,False,False,gcd_k_not_2,0.0,False,1.0,True,FAMILY_F
3595,True,1,1,0.03726742611941259,0.06510820662827982,0.9995708059955568,0.000429286127959384,1.0,True,,False,False,gcd_k_not_2,0.0,False,1.0,True,FAMILY_F
3602,True,1,1,0.018743998237840825,0.031009448493190477,1.0043064071356238,0.0042971544872503495,1.0,True,,False,False,gcd_k_not_2,0.06666666666666667,False,1.0,True,FAMILY_F
3603,True,11,1,0.04766581522581415,0.07401368907833336,1.002410603312773,0.002407701306400502,1.0,True,,False,False,gcd_k_not_2,0.16,False,1.0,True,FAMILY_F
3604,True,13,1,0.026897779751279063,0.04360607784239531,0.9709319248417659,0.029496782503604536,1.0,True,,False,False,gcd_k_not_2,0.0,False,1.0,True,FAMILY_F
3607,True,4,2,2.7606956139982968,4.137832126942912,0.36356910724235125,0.9334780164457539,0.5044444444444445,False,1.0,True,True,,0.0,False,0.5,False,FAMILY_Q
3611,True,28,2,2.764876016030232,4.144087650115221,0.36513460714118756,0.9301139822223436,0.5055555555555555,False,1.0,True,True,,0.0,False,0.5,False,FAMILY_Q
3612,True,7,1,0.016750926974403835,0.03026465525488879,0.9942327666664761,0.005783911918330684,1.0,True,,False,False,gcd_k_not_2,0.0,False,1.0,True,FAMILY_F
3613,True,17,1,0.03339264384770748,0.05214944430969035,0.9919416603798351,0.008090939388885764,1.0,True,,False,False,gcd_k_not_2,0.0,False,1.0,True,FAMILY_F
3623,True,23,1,0.029744988667081196,0.04857353324240163,0.9848006133831181,0.0153157818618107,1.0,True,,False,False,gcd_k_not_2,0.0,False,1.0,True,FAMILY_F
3625,True,17,1,0.032202606694099405,0.053279806149752494,0.9978656325343164,0.0021366476613106267,1.0,True,,False,False,gcd_k_not_2,0.0,False,1.0,True,FAMILY_F
3628,True,19,1,0.032288217949730774,0.05462371716912078,1.0010347529457568,0.0010342178657651788,1.0,True,,False,False,gcd_k_not_2,0.0,False,1.0,True,FAMILY_F
3629,True,29,1,0.029470422509525855,0.046938723993305065,1.0010598024203778,0.0010592411272225795,1.0,True,,False,False,gcd_k_not_2,0.0,False,1.0,True,FAMILY_F
3632,True,13,1,0.03028712760920197,0.04661053028510057,1.0259778790360023,0.02564478053271058,1.0,True,,False,False,gcd_k_not_2,0.0,False,1.0,True,FAMILY_F
3635,True,29,1,0.026704497521498102,0.043849802575732816,0.995246826714963,0.00476449652383384,1.0,True,,False,False,gcd_k_not_2,0.0,False,1.0,True,FAMILY_F
3636,True,1,1,0.022940258894741314,0.03592880563890327,0.9939843343303322,0.00603381437466319,1.0,True,,False,False,gcd_k_not_2,0.0,False,1.0,True,FAMILY_F
3637,True,4,2,2.759589119277533,4.136176356992855,0.3685139424684022,0.9228785150593061,0.51,False,1.0,True,True,,0.0,False,0.5,False,FAMILY_Q
3642,True,23,1,0.02837285499336269,0.04768274639424556,1.0164537125515234,0.01631945474285521,1.0,True,,False,False,gcd_k_not_2,0.0,False,1.0,True,FAMILY_F
3645,True,23,1,0.030829373609346962,0.05241610899982124,0.9904705491846353,0.009575073410926192,1.0,True,,False,False,gcd_k_not_2,0.0,False,1.0,True,FAMILY_F
3649,True,29,1,0.02507778284546597,0.04055628787714574,0.9853839995824722,0.014723600493004392,1.0,True,,False,False,gcd_k_not_2,0.0,False,1.0,True,FAMILY_F
3650,True,1,1,0.02605141903840739,0.04267615856109147,1.0213466076645419,0.021121174947037687,1.0,True,,False,False,gcd_k_not_2,0.0,False,1.0,True,FAMILY_F
3655,True,1,1,0.025470371083841353,0.041537515209503474,0.9923446300650536,0.007684784870473398,1.0,True,,False,False,gcd_k_not_2,0.0,False,1.0,True,FAMILY_F
3657,True,29,1,0.02957291952145315,0.047796527099040316,0.9825594837618382,0.01759393993573302,1.0,True,,False,False,gcd_k_not_2,0.0,False,1.0,True,FAMILY_F
3660,True,7,1,0.03800140876745156,0.06800281823263825,0.9954666285667868,0.004543670506250642,1.0,True,,False,False,gcd_k_not_2,0.0,False,1.0,True,FAMILY_F
3662,True,11,1,0.03897947777858314,0.0620496264333128,1.005975370799064,0.005957571449826605,1.0,True,,False,False,gcd_k_not_2,0.0,False,1.0,True,FAMILY_F
3663,True,14,2,2.7649442244611278,4.144189943627839,0.3665606927425536,0.9270562377821591,0.5233333333333333,False,1.0,True,True,,0.0,False,0.5,False,FAMILY_Q
3664,True,7,1,0.023955547514344123,0.03891583045164044,1.0435025355970518,0.04257644396251412,1.0,True,,False,False,gcd_k_not_2,0.06666666666666667,False,1.0,True,FAMILY_F
3665,True,1,1,0.02803116963711853,0.04434802179250052,1.0307561583681148,0.03029035095265216,1.0,True,,False,False,gcd_k_not_2,0.0,False,1.0,True,FAMILY_F
3668,True,29,1,0.04376364195041242,0.07092279791561669,1.0242368738795227,0.023946677577384327,1.0,True,,False,False,gcd_k_not_2,0.0,False,1.0,True,FAMILY_F
3672,True,13,1,0.03561557537453125,0.05778975724529277,0.9864288550815795,0.013663862044395438,1.0,True,,False,False,gcd_k_not_2,0.0,False,1.0,True,FAMILY_F
3673,True,14,2,2.7685377821993375,4.149567421845313,0.36881537175843593,0.922234862734948,0.5011111111111111,False,1.0,True,True,,0.0,False,0.5,False,FAMILY_Q
3680,True,23,1,0.030496817418936017,0.05087165131042963,0.9955542252214706,0.004455679251748693,1.0,True,,False,False,gcd_k_not_2,0.0,False,1.0,True,FAMILY_F
3684,True,29,1,0.031843980891144465,0.05222801412564767,1.0009226498930652,0.0009222244479211387,1.0,True,,False,False,gcd_k_not_2,0.0,False,1.0,True,FAMILY_F
3685,True,17,1,0.04441661892315883,0.07182580284864655,0.9879036235225748,0.012169982824409205,1.0,True,,False,False,gcd_k_not_2,0.0,False,1.0,True,FAMILY_F
3688,True,17,1,0.04729964035647866,0.07569449940234882,1.0072799662050689,0.00725356335701628,1.0,True,,False,False,gcd_k_not_2,0.0,False,1.0,True,FAMILY_F
3690,True,7,1,0.02874916578875539,0.04550510239047256,1.0127276680065218,0.012647183430560935,1.0,True,,False,False,gcd_k_not_2,0.0,False,1.0,True,FAMILY_F
3692,True,1,1,0.033179398275421525,0.05681475815231013,1.000311190709022,0.0003111422967261986,1.0,True,,False,False,gcd_k_not_2,0.0,False,1.0,True,FAMILY_F
3695,True,22,2,2.762493483848325,4.140522329934756,0.37016072131791333,0.9193655443228071,0.5288888888888889,False,1.0,True,True,,0.0,False,0.5,False,FAMILY_Q
3696,True,1,1,0.03553149722652523,0.05975100019881365,1.0080449157012707,0.00801268501353348,1.0,True,,False,False,gcd_k_not_2,0.13333333333333333,False,1.0,True,FAMILY_F
3698,True,7,1,0.039746189850245764,0.06280262866991118,1.0085658460477989,0.008529315645442945,1.0,True,,False,False,gcd_k_not_2,0.0,False,1.0,True,FAMILY_F
3700,True,17,1,0.03699795125597871,0.05878615333599721,0.9904903429929226,0.009555089820509828,1.0,True,,False,False,gcd_k_not_2,0.0,False,1.0,True,FAMILY_F
3702,True,23,1,0.03145466028057325,0.054158017219122015,0.9778903085247183,0.022356842924998215,1.0,True,,False,False,gcd_k_not_2,0.0,False,1.0,True,FAMILY_F
3703,True,26,2,2.748900863229629,4.1201813377686,0.3635302593124753,0.933561593284256,0.5211111111111111,False,1.0,True,True,,0.0,False,0.5,False,FAMILY_Q
3705,True,11,1,0.030553005754477024,0.0490103016835614,1.0295216852837454,0.02909225902616366,1.0,True,,False,False,gcd_k_not_2,0.0,False,1.0,True,FAMILY_F
3714,True,1,1,0.02730309160643312,0.04177517515584279,0.9937670507511346,0.006252434803270706,1.0,True,,False,False,gcd_k_not_2,0.0,False,1.0,True,FAMILY_F
3717,True,7,1,0.03365037072530266,0.053004798713119146,0.9875052591608708,0.012573290844427272,1.0,True,,False,False,gcd_k_not_2,0.0,False,1.0,True,FAMILY_F
3719,True,19,1,0.028834343726132933,0.04956258892073272,0.9886820783669852,0.011382333814069012,1.0,True,,False,False,gcd_k_not_2,0.0,False,1.0,True,FAMILY_F
3720,True,7,1,0.04304577374826844,0.0725561810744265,1.0015069918526052,0.0015058571953429482,1.0,True,,False,False,gcd_k_not_2,0.23333333333333334,False,1.0,True,FAMILY_F
3721,True,7,1,0.03258851321119317,0.05387993238783985,0.9930519926812515,0.006972228867347567,1.0,True,,False,False,gcd_k_not_2,0.0,False,1.0,True,FAMILY_F
3723,True,11,1,0.034699054225339525,0.054761722366602386,0.9815121321671626,0.01866036299522163,1.0,True,,False,False,gcd_k_not_2,0.0,False,1.0,True,FAMILY_F
3724,True,7,1,0.020446659688471258,0.03591237719805311,0.978869298761604,0.021356338441977717,1.0,True,,False,False,gcd_k_not_2,0.0,False,1.0,True,FAMILY_F
3729,True,23,1,0.029799276426373325,0.04845171407678986,1.009097294739662,0.009056101726363468,1.0,True,,False,False,gcd_k_not_2,0.0,False,1.0,True,FAMILY_F
3732,True,29,1,0.04766122610401036,0.07682420338219709,0.9970161264064991,0.0029883319959665812,1.0,True,,False,False,gcd_k_not_2,0.0,False,1.0,True,FAMILY_F
3733,True,1,1,0.028072981199710675,0.04618225661601005,0.9972085454567724,0.0027953560979674516,1.0,True,,False,False,gcd_k_not_2,0.0,False,1.0,True,FAMILY_F
3741,True,1,1,0.025470353896817254,0.045278840320264635,1.0038257747937758,0.0038184704897005956,1.0,True,,False,False,gcd_k_not_2,0.0,False,1.0,True,FAMILY_F
3749,True,7,1,0.028791533686637522,0.047691326223190764,1.0084485394219627,0.00841300063818822,1.0,True,,False,False,gcd_k_not_2,0.0,False,1.0,True,FAMILY_F
3751,True,29,1,0.02086924860845006,0.03662895876084274,1.0178486589030054,0.017690780549130702,1.0,True,,False,False,gcd_k_not_2,0.0,False,1.0,True,FAMILY_F
3755,True,11,1,0.030101610163765804,0.04743368895137711,0.9797963920521018,0.02040978358078195,1.0,True,,False,False,gcd_k_not_2,0.0,False,1.0,True,FAMILY_F
3757,True,1,1,0.024414542916898405,0.04094949493844764,0.9956409529205574,0.004368568477273714,1.0,True,,False,False,gcd_k_not_2,0.0,False,1.0,True,FAMILY_F
3760,True,29,1,0.03179815441014157,0.04662232769292596,0.9959893729819038,0.00401868574290501,1.0,True,,False,False,gcd_k_not_2,0.0,False,1.0,True,FAMILY_F
3762,True,13,1,0.02451726166670471,0.03966535650622561,1.0067363235991102,0.006713710735079058,1.0,True,,False,False,gcd_k_not_2,0.0,False,1.0,True,FAMILY_F
3764,True,29,1,0.02689784916638903,0.04070386789002555,1.0107576384743677,0.010700084653195725,1.0,True,,False,False,gcd_k_not_2,0.0,False,1.0,True,FAMILY_F
3765,True,13,1,0.03231489184561643,0.05065759689141795,1.0170297842324854,0.0168860017493152,1.0,True,,False,False,gcd_k_not_2,0.0,False,1.0,True,FAMILY_F
3768,True,23,1,0.03647442398836529,0.06046851964927344,1.0026193498858131,0.0026159238758602984,1.0,True,,False,False,gcd_k_not_2,0.1,False,1.0,True,FAMILY_F
3770,True,11,1,0.024242388696573615,0.04000294604994592,1.0342590393554774,0.03368208147801257,1.0,True,,False,False,gcd_k_not_2,0.0,False,1.0,True,FAMILY_F
3774,True,29,1,0.02526295887373796,0.0393822796879729,1.0123139360869906,0.012238583519364134,1.0,True,,False,False,gcd_k_not_2,0.16666666666666666,False,1.0,True,FAMILY_F
3775,True,19,1,0.016065455914394577,0.027998747185946526,1.0184951657573877,0.018325697352312372,1.0,True,,False,False,gcd_k_not_2,0.0,False,1.0,True,FAMILY_F
3778,True,1,1,0.021142534310993468,0.03487224302957607,0.9979968656648294,0.0020051426201853502,1.0,True,,False,False,gcd_k_not_2,0.0,False,1.0,True,FAMILY_F
3781,True,17,1,0.023318456323123626,0.03604157593999659,1.0012626429111624,0.0012618462805319623,1.0,True,,False,False,gcd_k_not_2,0.0,False,1.0,True,FAMILY_F
3782,True,7,1,0.020647887600634744,0.03646419715424862,0.9989878446945504,0.001012667793989838,1.0,True,,False,False,gcd_k_not_2,0.0,False,1.0,True,FAMILY_F
3785,True,1,1,0.019631031624038356,0.031728540076642685,0.997987700341788,0.002014326372347392,1.0,True,,False,False,gcd_k_not_2,0.0,False,1.0,True,FAMILY_F
3786,True,17,1,0.04663291950907741,0.07399696258002703,0.9928207895435295,0.007205073827150239,1.0,True,,False,False,gcd_k_not_2,0.0,False,1.0,True,FAMILY_F
3788,True,1,1,0.03138950472904085,0.05203165795352268,1.0035558162258376,0.003549505531156976,1.0,True,,False,False,gcd_k_not_2,0.0,False,1.0,True,FAMILY_F
3792,True,11,1,0.03663750943469892,0.05745085788505103,1.0074227879050717,0.007395340881646534,1.0,True,,False,False,gcd_k_not_2,0.0,False,1.0,True,FAMILY_F
3793,True,29,1,0.028898744898564272,0.050161729709545105,1.002674955431295,0.002671382516708901,1.0,True,,False,False,gcd_k_not_2,0.0,False,1.0,True,FAMILY_F
3795,True,17,1,0.03196344427553807,0.04875642211511448,0.9863145595916728,0.013779731253785434,1.0,True,,False,False,gcd_k_not_2,0.0,False,1.0,True,FAMILY_F
3797,True,26,2,2.766210662554457,4.146084888913342,0.370158498977873,0.9193702794121754,0.5422222222222223,False,1.0,True,True,,0.0,False,0.5,False,FAMILY_Q
3804,True,14,2,2.7564490468585925,4.131476925699405,0.3607828860749804,0.9394843519362106,0.48777777777777775,False,1.0,True,True,,0.0,False,0.5,False,FAMILY_Q
3807,True,19,1,0.0230117816702046,0.036770150550194676,0.9806121721481559,0.0195776115329194,1.0,True,,False,False,gcd_k_not_2,0.0,False,1.0,True,FAMILY_F
3810,True,7,1,0.029465727972104654,0.04843385347198396,0.9931511972670154,0.006872336371044558,1.0,True,,False,False,gcd_k_not_2,0.0,False,1.0,True,FAMILY_F
3813,True,4,2,2.7604722974601783,4.137497994300939,0.3674370592710807,0.9251803385614108,0.49666666666666665,False,1.0,True,True,,0.4166666666666667,False,0.5,False,FAMILY_Q
3820,True,29,1,0.03607809350229101,0.058349115744877715,0.9731974708354671,0.02716659590404249,1.0,True,,False,False,gcd_k_not_2,0.0,False,1.0,True,FAMILY_F
3822,True,4,2,2.766629202948774,4.146711260963401,0.36899478142178016,0.9218518976717858,0.4922222222222222,False,1.0,True,True,,0.0,False,0.5,False,FAMILY_Q
3830,True,19,1,0.026661960192978517,0.0449777643774518,1.0082116063447997,0.008178028967520914,1.0,True,,False,False,gcd_k_not_2,0.0,False,1.0,True,FAMILY_F
3835,True,23,1,0.02458573256027636,0.04015637420838211,1.0113988640769394,0.01133426520271053,1.0,True,,False,False,gcd_k_not_2,0.0,False,1.0,True,FAMILY_F
3836,True,7,1,0.02822417514280842,0.046652247979270645,0.9968701746231788,0.0031347309570706567,1.0,True,,False,False,gcd_k_not_2,0.06666666666666667,False,1.0,True,FAMILY_F
3837,True,19,1,0.019720213071745717,0.03224362986010671,1.0009654060147162,0.0009649402351628481,1.0,True,,False,False,gcd_k_not_2,0.0,False,1.0,True,FAMILY_F
3839,True,28,2,2.7615032038802374,4.139040324297838,0.3667674713023519,0.9266134027820545,0.4988888888888889,False,1.0,True,True,,0.35,False,0.5,False,FAMILY_Q
3848,True,19,1,0.021011165434511404,0.03017349788150306,1.0016953919591969,0.001693955999506409,1.0,True,,False,False,gcd_k_not_2,0.0,False,1.0,True,FAMILY_F
3853,True,1,1,0.036376294455135544,0.05961614635465723,1.0020613387142445,0.002059216343060069,1.0,True,,False,False,gcd_k_not_2,0.0,False,1.0,True,FAMILY_F
3859,True,29,1,0.04266634660022743,0.07040063950662961,0.9966184153958775,0.003387311844914583,1.0,True,,False,False,gcd_k_not_2,0.0,False,1.0,True,FAMILY_F
3867,True,17,1,0.03763932792455439,0.05994714770425942,0.9965708205421869,0.003435069192168099,1.0,True,,False,False,gcd_k_not_2,0.0,False,1.0,True,FAMILY_F
3869,True,23,1,0.03212520033182599,0.05299767742750245,0.9776193403865949,0.022633940876640068,1.0,True,,False,False,gcd_k_not_2,0.0,False,1.0,True,FAMILY_F
3872,True,19,1,0.031225217438337692,0.0488857776657821,0.974456774873235,0.025873673662372185,1.0,True,,False,False,gcd_k_not_2,0.06666666666666667,False,1.0,True,FAMILY_F
3877,True,7,1,0.03263516578232745,0.050021091177151235,1.0162217397884281,0.016091225948322827,1.0,True,,False,False,gcd_k_not_2,0.0,False,1.0,True,FAMILY_F
3878,True,23,1,0.027154219614964243,0.04434725763992671,0.9895021203468436,0.010553273148888324,1.0,True,,False,False,gcd_k_not_2,0.0,False,1.0,True,FAMILY_F
3879,True,1,1,0.033094515358653265,0.05533542217088994,0.9863366009432678,0.01375738537994395,1.0,True,,False,False,gcd_k_not_2,0.0,False,1.0,True,FAMILY_F
3881,True,19,1,0.02581365282524592,0.04393595179351037,0.9958173272088309,0.00419143849905207,1.0,True,,False,False,gcd_k_not_2,0.0,False,1.0,True,FAMILY_F
3886,True,1,1,0.020687772683088607,0.03219980430678772,0.9870611218802796,0.013023130468655915,1.0,True,,False,False,gcd_k_not_2,0.18222222222222223,False,1.0,True,FAMILY_F
3889,True,19,1,0.0388531985010007,0.06377641315407348,1.004889914205788,0.004877987735027464,1.0,True,,False,False,gcd_k_not_2,0.0,False,1.0,True,FAMILY_F
3897,True,11,1,0.03686699769440605,0.06302538309076149,0.9969583665943866,0.0030462662181591255,1.0,True,,False,False,gcd_k_not_2,0.0,False,1.0,True,FAMILY_F
3898,True,11,1,0.018306619704695257,0.0337962770183302,1.0128334877854224,0.012751663625730134,1.0,True,,False,False,gcd_k_not_2,0.0,False,1.0,True,FAMILY_F
3906,True,29,1,0.031136181213962694,0.050934673034167294,0.9996126052148139,0.0003874698370832396,1.0,True,,False,False,gcd_k_not_2,0.0,False,1.0,True,FAMILY_F
3907,True,1,1,0.0321081459950463,0.050959117385042385,1.0075994225248248,0.007570656217132783,1.0,True,,False,False,gcd_k_not_2,0.0,False,1.0,True,FAMILY_F
3911,True,14,2,2.757918207094061,4.13367565511108,0.3672617226814572,0.9255554614337103,0.5088888888888888,False,1.0,True,True,,0.0,False,0.5,False,FAMILY_Q
3915,True,13,1,0.03113402194262278,0.04657098549886085,0.9960134199329409,0.003994542348510866,1.0,True,,False,False,gcd_k_not_2,0.0,False,1.0,True,FAMILY_F
3916,True,26,2,2.7689677441807468,4.150210995672149,0.3695483787541527,0.92067082992622,0.5,False,1.0,True,True,,0.0,False,0.5,False,FAMILY_Q
3917,True,17,1,0.036179124721260725,0.05998507438584656,1.0010675350707103,0.001066965559133599,1.0,True,,False,False,gcd_k_not_2,0.0,False,1.0,True,FAMILY_F
3918,True,17,1,0.024999081261264128,0.039665913362737566,0.99738164788672,0.002621784490760978,1.0,True,,False,False,gcd_k_not_2,0.0,False,1.0,True,FAMILY_F
3922,True,17,1,0.02976558637340168,0.045407154038970214,1.001103110681531,0.0011025025903389704,1.0,True,,False,False,gcd_k_not_2,0.0,False,1.0,True,FAMILY_F
3929,True,1,1,0.022919570578858073,0.038738507651834016,1.0056193613090165,0.005603616934919264,1.0,True,,False,False,gcd_k_not_2,0.0,False,1.0,True,FAMILY_F
3930,True,1,1,0.038308964124430314,0.06351970139905627,0.9995282585680463,0.000471852728194564,1.0,True,,False,False,gcd_k_not_2,0.0,False,1.0,True,FAMILY_F
3934,True,19,1,0.04318354670686348,0.06561324360515741,1.022597461983663,0.022344991930822143,1.0,True,,False,False,gcd_k_not_2,0.0,False,1.0,True,FAMILY_F
3939,True,23,1,0.030952153099658066,0.05077163423213357,0.9998769250076918,0.00012308256650119768,1.0,True,,False,False,gcd_k_not_2,0.0,False,1.0,True,FAMILY_F
3941,True,7,1,0.0358949306492613,0.05781732766289912,1.0007389736717172,0.0007387007315213244,1.0,True,,False,False,gcd_k_not_2,0.0,False,1.0,True,FAMILY_F
3953,True,7,1,0.04386285626340494,0.07542441104109039,1.0026543779138315,0.0026508597220820324,1.0,True,,False,False,gcd_k_not_2,0.0,False,1.0,True,FAMILY_F
3955,True,16,2,2.7582143296417083,4.134118966095892,0.36892494781564905,0.9220009514639027,0.47555555555555556,False,1.0,True,True,,0.0,False,0.5,False,FAMILY_Q
3967,True,23,1,0.04343234396667692,0.07609607352931762,1.005476488227724,0.005461533216541264,1.0,True,,False,False,gcd_k_not_2,0.0,False,1.0,True,FAMILY_F
3968,True,13,1,0.04291072270858935,0.0703032370687417,1.001019271628646,0.001018752435918664,1.0,True,,False,False,gcd_k_not_2,0.0,False,1.0,True,FAMILY_F
3971,True,13,1,0.033190989909302214,0.051611054039887035,1.0060594338550142,0.006041130938348935,1.0,True,,False,False,gcd_k_not_2,0.0,False,1.0,True,FAMILY_F
3972,True,19,1,0.05096923128609674,0.07494923556489827,0.9966261140917775,0.0033795870788329084,1.0,True,,False,False,gcd_k_not_2,0.0,False,1.0,True,FAMILY_F
3973,True,11,1,0.037603333478439166,0.06011450947549229,1.003117409266334,0.003112557708213148,1.0,True,,False,False,gcd_k_not_2,0.0,False,1.0,True,FAMILY_F
3977,True,23,1,0.03475982618225722,0.05139119855475969,1.007721046017393,0.00769135337073737,1.0,True,,False,False,gcd_k_not_2,0.0,False,1.0,True,FAMILY_F
3980,True,1,1,0.044810804667238614,0.06922635565602861,1.0031213362960523,0.0031164725166612254,1.0,True,,False,False,gcd_k_not_2,0.0,False,1.0,True,FAMILY_F
3987,True,7,1,0.019420216899534062,0.03234220964641061,0.9977553616580581,0.0022471603731088353,1.0,True,,False,False,gcd_k_not_2,0.0,False,1.0,True,FAMILY_F
3995,True,19,1,0.029790876440126856,0.051715688084779825,0.989123152535739,0.010936323827305694,1.0,True,,False,False,gcd_k_not_2,0.0,False,1.0,True,FAMILY_F
3998,True,11,1,0.019739014719548118,0.031845690321456246,1.0009325715086768,0.0009321368665349062,1.0,True,,False,False,gcd_k_not_2,0.06666666666666667,False,1.0,True,FAMILY_F
4000,True,17,1,0.032371403949590934,0.05094966449599653,1.0038583413445656,0.0038509122775383037,1.0,True,,False,False,gcd_k_not_2,0.0,False,1.0,True,FAMILY_F
4006,True,7,1,0.024931072141207197,0.041428531527035954,1.0067533304060432,0.006730603411707468,1.0,True,,False,False,gcd_k_not_2,0.0,False,1.0,True,FAMILY_F
4007,True,16,2,2.761470792885212,4.138992074364425,0.3668452899819383,0.9264467817369854,0.48,False,1.0,True,True,,0.0,False,0.5,False,FAMILY_Q
4013,True,13,1,0.02959906722792975,0.04834382799288035,1.0090995233228879,0.009058310170556404,1.0,True,,False,False,gcd_k_not_2,0.0,False,1.0,True,FAMILY_F
4018,True,23,1,0.0294285600863978,0.047140024519775336,1.0011478430555358,0.0011471846615621463,1.0,True,,False,False,gcd_k_not_2,0.0,False,1.0,True,FAMILY_F
4022,True,23,1,0.021393268533943494,0.03609084325369624,0.981841494363602,0.018324881871775466,1.0,True,,False,False,gcd_k_not_2,0.3333333333333333,False,1.0,True,FAMILY_F
4026,True,29,1,0.01608107463728986,0.024261537487932028,1.0622387792934715,0.06036040047195192,1.0,True,,False,False,gcd_k_not_2,0.0,False,1.0,True,FAMILY_F
4034,True,14,2,2.766492058401171,4.146506159264194,0.36788187000567285,0.9242291222000121,0.5122222222222222,False,1.0,True,True,,0.4622222222222222,False,0.5,False,FAMILY_Q
4036,True,19,1,0.030301276612157167,0.048124039120769846,1.0247492438262118,0.024446724849189416,1.0,True,,False,False,gcd_k_not_2,0.0,False,1.0,True,FAMILY_F
4038,True,1,1,0.028667423928173494,0.04579860837221635,1.000905797334511,0.0009053872858159768,1.0,True,,False,False,gcd_k_not_2,0.0,False,1.0,True,FAMILY_F
4039,True,13,1,0.04785226608314544,0.07251092305833477,0.9947896194830063,0.005223990004864843,1.0,True,,False,False,gcd_k_not_2,0.03333333333333333,False,1.0,True,FAMILY_F
4043,True,29,1,0.027554668181567734,0.04555700327024903,0.9724197434035441,0.027965910084497815,1.0,True,,False,False,gcd_k_not_2,0.0,False,1.0,True,FAMILY_F
4044,True,1,1,0.029615512102063694,0.04735758260605038,0.984954381222236,0.015159662025582363,1.0,True,,False,False,gcd_k_not_2,0.06666666666666667,False,1.0,True,FAMILY_F
4045,True,7,1,0.03921869451068704,0.06236744167169477,1.0036010801102697,0.0035946078748087065,1.0,True,,False,False,gcd_k_not_2,0.0,False,1.0,True,FAMILY_F
4046,True,23,1,0.03363040201132774,0.054424617265462494,1.00270427796059,0.002700626338446501,1.0,True,,False,False,gcd_k_not_2,0.0,False,1.0,True,FAMILY_F
4047,True,23,1,0.027706548197528533,0.045288128214732125,0.9993847757061161,0.0006154136025834386,1.0,True,,False,False,gcd_k_not_2,0.0,False,1.0,True,FAMILY_F
4051,True,17,1,0.02966290284276473,0.04794900818316502,0.9786564336791176,0.021573797206618818,1.0,True,,False,False,gcd_k_not_2,0.43333333333333335,False,1.0,True,FAMILY_F
4052,True,29,1,0.03598364372075169,0.05983644918116839,0.9978837325993043,0.0021185090665335306,1.0,True,,False,False,gcd_k_not_2,0.0,False,1.0,True,FAMILY_F
4053,True,29,1,0.0219148143881062,0.03584596648035472,0.998314218734529,0.0016872033934068613,1.0,True,,False,False,gcd_k_not_2,0.0,False,1.0,True,FAMILY_F
4059,True,29,1,0.03179530571106049,0.05259985891260524,0.9951999929462493,0.004811554802245834,1.0,True,,False,False,gcd_k_not_2,0.0,False,1.0,True,FAMILY_F
4070,True,11,1,0.03146646287509218,0.05105514339410265,1.0129164650637101,0.012833582801759643,1.0,True,,False,False,gcd_k_not_2,0.0,False,1.0,True,FAMILY_F
4071,True,23,1,0.044454842863251465,0.07496936403551516,1.0011347274870461,0.0011340840488747177,1.0,True,,False,False,gcd_k_not_2,0.0,False,1.0,True,FAMILY_F
4075,True,1,1,0.03110331942116008,0.05055368394034991,0.9909112652265053,0.009130225874190993,1.0,True,,False,False,gcd_k_not_2,0.0,False,1.0,True,FAMILY_F
4076,True,17,1,0.038890293479098545,0.06150104147546695,1.0029720148039007,0.0029676049210220273,1.0,True,,False,False,gcd_k_not_2,0.0,False,1.0,True,FAMILY_F
4077,True,17,1,0.019758492580583504,0.0330517829694451,0.9790661420165593,0.02115528889005227,1.0,True,,False,False,gcd_k_not_2,0.0,False,1.0,True,FAMILY_F
4080,True,19,1,0.037926042359671105,0.05902935175644314,1.004991552056988,0.004979125275482753,1.0,True,,False,False,gcd_k_not_2,0.0,False,1.0,True,FAMILY_F
4086,True,1,1,0.040201928969026246,0.06505057066809132,0.9975752810764913,0.002427662122653002,1.0,True,,False,False,gcd_k_not_2,0.0,False,1.0,True,FAMILY_F
4087,True,17,1,0.03819312696788968,0.06108800627617527,1.0128464244266633,0.01276443574707645,1.0,True,,False,False,gcd_k_not_2,0.0,False,1.0,True,FAMILY_F
4089,True,19,1,0.03987791176762004,0.06295628868820456,1.004159548742054,0.0041509157738114704,1.0,True,,False,False,gcd_k_not_2,0.0,False,1.0,True,FAMILY_F
4092,True,17,1,0.021262370782694263,0.03171591640226419,0.9721893088387821,0.028202861699511767,1.0,True,,False,False,gcd_k_not_2,0.0,False,1.0,True,FAMILY_F
4094,True,8,2,2.7596501987523414,4.136267351143284,0.37420839335248146,0.9107666780012226,0.49333333333333335,False,1.0,True,True,,0.0,False,0.5,False,FAMILY_Q
4095,True,7,1,0.028990131979222736,0.04880547588817787,1.003309929612829,0.003304460846423961,1.0,True,,False,False,gcd_k_not_2,0.2,False,1.0,True,FAMILY_F
4101,True,23,1,0.0443461371219729,0.06812732034607956,1.0016394710574046,0.0016381282254975859,1.0,True,,False,False,gcd_k_not_2,0.34444444444444444,False,1.0,True,FAMILY_F
4105,True,13,1,0.03138316169766532,0.05356403595444917,1.0281100881571417,0.027720475650001863,1.0,True,,False,False,gcd_k_not_2,0.0,False,1.0,True,FAMILY_F
4106,True,29,1,0.037781080746260166,0.058889571350236626,0.9970022211829584,0.0030022789010878,1.0,True,,False,False,gcd_k_not_2,0.0,False,1.0,True,FAMILY_F
4107,True,4,2,2.7748066451166804,4.1589486375750875,0.35583051286842066,0.9502212570342028,0.5211111111111111,False,1.0,True,True,,0.0,False,0.5,False,FAMILY_Q
4111,True,29,1,0.032407625436850857,0.05094795165169445,1.0050002232375137,0.004987753297543016,1.0,True,,False,False,gcd_k_not_2,0.0,False,1.0,True,FAMILY_F
4117,True,1,1,0.03618165054655796,0.05649250011319091,1.004100717804045,0.0040923270648176935,1.0,True,,False,False,gcd_k_not_2,0.0,False,1.0,True,FAMILY_F
4118,True,17,1,0.017990160008444358,0.031455530565918925,0.9938413168196807,0.006177706448718627,1.0,True,,False,False,gcd_k_not_2,0.0,False,1.0,True,FAMILY_F
4123,True,29,1,0.025846333837347545,0.04395415702175206,0.9911131636009641,0.008926500574145055,1.0,True,,False,False,gcd_k_not_2,0.28444444444444444,False,1.0,True,FAMILY_F
4124,True,14,2,2.7568988149867173,4.132150029446396,0.369701589414433,0.9203441325566812,0.5055555555555555,False,1.0,True,True,,0.16666666666666666,False,0.5,False,FAMILY_Q
4128,True,23,1,0.025518726163100837,0.043325559901598684,0.9804883154823761,0.01970391278261246,1.0,True,,False,False,gcd_k_not_2,0.0044444444444444444,False,1.0,True,FAMILY_F
4129,True,17,1,0.03154743697748603,0.05089352936339799,0.9900665713425398,0.009983011423340363,1.0,True,,False,False,gcd_k_not_2,0.0,False,1.0,True,FAMILY_F
4133,True,29,1,0.033511590842461275,0.0524108962626696,1.0060014995025572,0.0059835443832374656,1.0,True,,False,False,gcd_k_not_2,0.19777777777777777,False,1.0,True,FAMILY_F
4135,True,1,1,0.03828597127806933,0.060190338658932016,0.9958711846645475,0.004137356525988883,1.0,True,,False,False,gcd_k_not_2,0.0,False,1.0,True,FAMILY_F
4137,True,19,1,0.029917033367184667,0.04483047990796566,1.005324427511382,0.005310290383276775,1.0,True,,False,False,gcd_k_not_2,0.0,False,1.0,True,FAMILY_F
4140,True,29,1,0.02004980171071497,0.03382101191163717,0.9771772989836202,0.0230861451101143,1.0,True,,False,False,gcd_k_not_2,0.0,False,1.0,True,FAMILY_F
4142,True,29,1,0.02731475958825421,0.04417377244892302,1.0028296206422722,0.0028256229217988806,1.0,True,,False,False,gcd_k_not_2,0.0,False,1.0,True,FAMILY_F
4149,True,17,1,0.03695161592398477,0.05837976961389332,0.9789779783004946,0.021245331610570704,1.0,True,,False,False,gcd_k_not_2,0.0,False,1.0,True,FAMILY_F
4152,True,19,1,0.04712217525339696,0.06968840567713748,0.9931061899628927,0.006917654535241455,1.0,True,,False,False,gcd_k_not_2,0.0,False,1.0,True,FAMILY_F
4153,True,19,1,0.02113927267446547,0.03694436765175587,1.0067887585623732,0.006765792895149002,1.0,True,,False,False,gcd_k_not_2,0.0,False,1.0,True,FAMILY_F
4154,True,19,1,0.023147229760461702,0.03404813478524241,1.00223539116269,0.0022328954652948837,1.0,True,,False,False,gcd_k_not_2,0.0,False,1.0,True,FAMILY_F
4158,True,19,1,0.03693559521217627,0.059176790754664574,1.0049332721712942,0.004921133525757427,1.0,True,,False,False,gcd_k_not_2,0.0,False,1.0,True,FAMILY_F
4162,True,28,2,2.7627973139597852,4.140977011675721,0.3652020161192271,0.9299693032761154,0.4988888888888889,False,1.0,True,True,,0.0,False,0.5,False,FAMILY_Q
4163,True,1,1,0.036547778213210834,0.058663505651170955,1.0073967864260673,0.007369531002623884,1.0,True,,False,False,gcd_k_not_2,0.0,False,1.0,True,FAMILY_F
4167,True,16,2,2.758156552868572,4.134032184201292,0.36530801401999424,0.9297418303599163,0.4955555555555556,False,1.0,True,True,,0.0,False,0.5,False,FAMILY_Q
4177,True,1,1,0.03634081908611616,0.05759204977413107,0.995688199974286,0.004321115919580505,1.0,True,,False,False,gcd_k_not_2,0.0,False,1.0,True,FAMILY_F
4178,True,4,2,2.7679333122799545,4.1486628833734915,0.3684839551361905,0.9229425635479395,0.5155555555555555,False,1.0,True,True,,0.0,False,0.5,False,FAMILY_Q
4179,True,13,1,0.03332084708010542,0.05495315957255838,1.023215531546692,0.022949143266950356,1.0,True,,False,False,gcd_k_not_2,0.16666666666666666,False,1.0,True,FAMILY_F
4180,True,29,1,0.03483967263453977,0.05551272840456838,0.9894326666489043,0.010623464194840846,1.0,True,,False,False,gcd_k_not_2,0.0,False,1.0,True,FAMILY_F
4186,True,17,1,0.030402713618964666,0.05151602647144478,1.0033219621532512,0.003316453586602311,1.0,True,,False,False,gcd_k_not_2,0.0,False,1.0,True,FAMILY_F
4187,True,23,1,0.03896655006138405,0.059922506320083176,1.0124815829533143,0.012404171107988537,1.0,True,,False,False,gcd_k_not_2,0.0,False,1.0,True,FAMILY_F
4190,True,7,1,0.024884514934525506,0.04250134843892449,0.9945247770763618,0.005490253103462505,1.0,True,,False,False,gcd_k_not_2,0.0,False,1.0,True,FAMILY_F
4198,True,19,1,0.025357101776449398,0.039228754625889393,0.9966161895635167,0.0033895452257381247,1.0,True,,False,False,gcd_k_not_2,0.0,False,1.0,True,FAMILY_F
4200,True,19,1,0.036953309438416265,0.05907188907733346,1.0016093857912118,0.0016080917711880853,1.0,True,,False,False,gcd_k_not_2,0.0,False,1.0,True,FAMILY_F
4204,True,19,1,0.042605038520606035,0.06710231341932567,0.9901234522296749,0.009925562918480959,1.0,True,,False,False,gcd_k_not_2,0.0,False,1.0,True,FAMILY_F
4206,True,17,1,0.03598331049175057,0.0586891881925575,0.9875850340647799,0.0124925129968708,1.0,True,,False,False,gcd_k_not_2,0.0,False,1.0,True,FAMILY_F
4209,True,11,1,0.02132811769292769,0.03826752132698499,0.9903697955353578,0.009676799242275397,1.0,True,,False,False,gcd_k_not_2,0.0,False,1.0,True,FAMILY_F
4213,True,7,1,0.04649665495345302,0.08029220111515749,0.9761497591947526,0.024138090440034243,1.0,True,,False,False,gcd_k_not_2,0.0,False,1.0,True,FAMILY_F
4216,True,13,1,0.02813257054458714,0.04525392473647573,0.9999162313496999,8.377215904051097e-05,1.0,True,,False,False,gcd_k_not_2,0.43333333333333335,False,1.0,True,FAMILY_F
4222,True,23,1,0.04041000380401799,0.0633479356027331,1.0163920365302146,0.016258779278281444,1.0,True,,False,False,gcd_k_not_2,0.2,False,1.0,True,FAMILY_F
4224,True,7,1,0.025416954234254423,0.03986949565039982,1.0093281156204035,0.009284810726418784,1.0,True,,False,False,gcd_k_not_2,0.0,False,1.0,True,FAMILY_F
4229,True,1,1,0.029028967113033738,0.04326001473093001,1.0046902169154788,0.004679243581779354,1.0,True,,False,False,gcd_k_not_2,0.0,False,1.0,True,FAMILY_F
4231,True,17,1,0.038232119966263634,0.05837233483753488,1.00675425345261,0.0067315202556458885,1.0,True,,False,False,gcd_k_not_2,0.0,False,1.0,True,FAMILY_F
4232,True,11,1,0.03359909877953583,0.05907364485377859,0.9793588655840402,0.02085638413008985,1.0,True,,False,False,gcd_k_not_2,0.2111111111111111,False,1.0,True,FAMILY_F
4233,True,29,1,0.029407306090296383,0.04377989207702391,0.9893492445670451,0.010707778397425502,1.0,True,,False,False,gcd_k_not_2,0.0,False,1.0,True,FAMILY_F
4236,True,23,1,0.037276610034035415,0.06016349937720094,1.0121121192713929,0.01203920910309781,1.0,True,,False,False,gcd_k_not_2,0.2,False,1.0,True,FAMILY_F
4237,True,23,1,0.03779163488177229,0.06127346144460532,1.0147638727165025,0.014655685379742765,1.0,True,,False,False,gcd_k_not_2,0.0,False,1.0,True,FAMILY_F
4238,True,22,2,2.7519681134304066,4.124771286776361,0.37290716105105826,0.9135254833529421,0.5011111111111111,False,1.0,True,True,,0.11666666666666667,False,0.5,False,FAMILY_Q
4240,True,29,1,0.01949063783521739,0.029965444664534935,1.0034468090437338,0.0034408790172763457,1.0,True,,False,False,gcd_k_not_2,0.0,False,1.0,True,FAMILY_F
4248,True,11,1,0.017828215990654196,0.02874225637595148,0.9939804257006711,0.006037746631553441,1.0,True,,False,False,gcd_k_not_2,0.0,False,1.0,True,FAMILY_F
4252,True,19,1,0.04311996806695851,0.07178212731576443,0.9989635962111186,0.0010369411337412425,1.0,True,,False,False,gcd_k_not_2,0.0,False,1.0,True,FAMILY_F
4254,True,19,1,0.03265740306917374,0.052965670834227686,0.9986909176600023,0.0013099397494939974,1.0,True,,False,False,gcd_k_not_2,0.0,False,1.0,True,FAMILY_F
4255,True,7,1,0.036720651693915814,0.05502111117202919,1.0087783671437922,0.00874000565455495,1.0,True,,False,False,gcd_k_not_2,0.0,False,1.0,True,FAMILY_F
4257,True,23,1,0.029796796354097158,0.046518229127888375,1.001558849694096,0.0015576356341799385,1.0,True,,False,False,gcd_k_not_2,0.0,False,1.0,True,FAMILY_F
4267,True,11,1,0.026276048063525702,0.04260968920471747,0.9985396288091087,0.0014614383120953713,1.0,True,,False,False,gcd_k_not_2,0.36777777777777776,False,1.0,True,FAMILY_F
4271,True,11,1,0.03719044510436625,0.06009593948739185,1.0125455480839372,0.012467343256783692,1.0,True,,False,False,gcd_k_not_2,0.0,False,1.0,True,FAMILY_F
4278,True,11,1,0.02145865386837563,0.03482053906837283,0.9781178971737703,0.02212416444691565,1.0,True,,False,False,gcd_k_not_2,0.0,False,1.0,True,FAMILY_F
4280,True,7,1,0.03376163750579642,0.056598914897315306,0.9992981575699713,0.0007020888078862003,1.0,True,,False,False,gcd_k_not_2,0.0,False,1.0,True,FAMILY_F
4288,True,7,1,0.019364907557526134,0.02939996721534695,0.9942364257888949,0.005780231608020216,1.0,True,,False,False,gcd_k_not_2,0.33111111111111113,False,1.0,True,FAMILY_F
4290,True,19,1,0.04505686916734459,0.07571084916278026,0.9972409010911782,0.0027629104804676764,1.0,True,,False,False,gcd_k_not_2,0.0,False,1.0,True,FAMILY_F
4295,True,11,1,0.03912276618520374,0.06126330183380881,0.9964905317955032,0.0035156372130056225,1.0,True,,False,False,gcd_k_not_2,0.0,False,1.0,True,FAMILY_F
4299,True,11,1,0.02790547815872549,0.04590256220095655,1.0129070452944888,0.012824283490547997,1.0,True,,False,False,gcd_k_not_2,0.0,False,1.0,True,FAMILY_F
4303,True,17,1,0.02832662549705216,0.04306050816350451,1.011128342409027,0.011066765033699215,1.0,True,,False,False,gcd_k_not_2,0.0,False,1.0,True,FAMILY_F
4304,True,23,1,0.018543353891454555,0.028105809265901453,1.008596736141536,0.008559942358614177,1.0,True,,False,False,gcd_k_not_2,0.0,False,1.0,True,FAMILY_F
4312,True,13,1,0.02327240471969639,0.03800539480164681,0.9702732362103068,0.03017527035678638,1.0,True,,False,False,gcd_k_not_2,0.0,False,1.0,True,FAMILY_F
4314,True,23,1,0.04350571729373132,0.07231468150299354,1.0035264157373693,0.0035202088773773734,1.0,True,,False,False,gcd_k_not_2,0.0,False,1.0,True,FAMILY_F
4316,True,7,1,0.02878993846712025,0.04471804726203145,0.9984837679067964,0.0015173824451841808,1.0,True,,False,False,gcd_k_not_2,0.06666666666666667,False,1.0,True,FAMILY_F
4317,True,11,1,0.03298999776002488,0.05149381777931253,0.9992496515995504,0.0007506300174660918,1.0,True,,False,False,gcd_k_not_2,0.0,False,1.0,True,FAMILY_F
4320,True,23,1,0.021783855615978596,0.03510349115450035,1.007368032869667,0.007340988547211112,1.0,True,,False,False,gcd_k_not_2,0.0,False,1.0,True,FAMILY_F
4324,True,1,1,0.04165488773550097,0.06401494497899594,0.9924214203604437,0.007607406306829719,1.0,True,,False,False,gcd_k_not_2,0.0,False,1.0,True,FAMILY_F
4330,True,23,1,0.036868931924708435,0.05810475026294671,1.0007260406384053,0.000725777166546657,1.0,True,,False,False,gcd_k_not_2,0.0,False,1.0,True,FAMILY_F
4334,True,23,1,0.028228474109112944,0.04509782842384467,1.0316113705648917,0.031119505455516543,1.0,True,,False,False,gcd_k_not_2,0.0,False,1.0,True,FAMILY_F
4337,True,13,1,0.03378588126100479,0.05372019506041816,1.005643480360621,0.005627600733512351,1.0,True,,False,False,gcd_k_not_2,0.36666666666666664,False,1.0,True,FAMILY_F
4340,True,7,1,0.023491738662519353,0.03802130686899228,1.0138420592430086,0.013746916427211651,1.0,True,,False,False,gcd_k_not_2,0.0,False,1.0,True,FAMILY_F
4341,True,1,1,0.028929314150538565,0.04316420869015293,1.0025972173809683,0.0025938489861331896,1.0,True,,False,False,gcd_k_not_2,0.4,False,1.0,True,FAMILY_F
4345,True,17,1,0.02606141317133842,0.03673471518617002,0.9993360962898009,0.0006641241674484964,1.0,True,,False,False,gcd_k_not_2,0.0,False,1.0,True,FAMILY_F
4348,True,19,1,0.03263116520845508,0.05057177209422222,1.0065876490213894,0.006566021698182246,1.0,True,,False,False,gcd_k_not_2,0.0,False,1.0,True,FAMILY_F
4362,True,23,1,0.04334094907993449,0.0729849041397099,0.9910895059740524,0.00895037013575991,1.0,True,,False,False,gcd_k_not_2,0.0,False,1.0,True,FAMILY_F
4365,True,1,1,0.028599087380488983,0.051669815180326824,1.0100961321149846,0.010045422160343752,1.0,True,,False,False,gcd_k_not_2,0.0,False,1.0,True,FAMILY_F
4367,True,23,1,0.03032161063791573,0.05122123008515098,0.9959060542990318,0.004102343085888443,1.0,True,,False,False,gcd_k_not_2,0.0,False,1.0,True,FAMILY_F
4368,True,23,1,0.020171903689313386,0.034431558234521584,1.0562982429833134,0.05475688478110535,1.0,True,,False,False,gcd_k_not_2,0.0,False,1.0,True,FAMILY_F
4369,True,11,1,0.032797557912632475,0.0493402933118893,1.0194579638551209,0.01927048168705223,1.0,True,,False,False,gcd_k_not_2,0.43333333333333335,False,1.0,True,FAMILY_F
4370,True,23,1,0.039910244508270465,0.06432543963518887,1.0065678629719153,0.006546365157256822,1.0,True,,False,False,gcd_k_not_2,0.3244444444444444,False,1.0,True,FAMILY_F
4371,True,1,1,0.024802509103712005,0.04227415173185468,0.9696913728980207,0.030775001118460592,1.0,True,,False,False,gcd_k_not_2,0.0,False,1.0,True,FAMILY_F
4372,True,1,1,0.019890228200221727,0.03440021439581558,1.0154722005001955,0.015353424866247845,1.0,True,,False,False,gcd_k_not_2,0.0,False,1.0,True,FAMILY_F
4375,True,17,1,0.03180337076498081,0.04884894491268429,0.9835284770218438,0.016608305017014196,1.0,True,,False,False,gcd_k_not_2,0.0,False,1.0,True,FAMILY_F
4377,True,23,1,0.022225570103327583,0.03352332526650129,1.0362644868678415,0.035618640998471625,1.0,True,,False,False,gcd_k_not_2,0.0,False,1.0,True,FAMILY_F
4380,True,17,1,0.03858702167972891,0.060696829604398456,0.9858424570720239,0.014258475416877124,1.0,True,,False,False,gcd_k_not_2,0.0,False,1.0,True,FAMILY_F
4383,True,1,1,0.01896475587296943,0.030517967493288948,0.9964127414698715,0.0035937043033369815,1.0,True,,False,False,gcd_k_not_2,0.0,False,1.0,True,FAMILY_F
4385,True,28,2,2.7665678350531704,4.146619450726258,0.3578577271807118,0.9458167228647043,0.5011111111111111,False,1.0,True,True,,0.016666666666666666,False,0.5,False,FAMILY_Q
4391,True,1,1,0.03174391806254343,0.0481395307687335,0.9910316797783467,0.00900871674995313,1.0,True,,False,False,gcd_k_not_2,0.0,False,1.0,True,FAMILY_F
4392,True,13,1,0.03530135871341439,0.05702725636583383,0.9844511354677367,0.015670695291369278,1.0,True,,False,False,gcd_k_not_2,0.0,False,1.0,True,FAMILY_F
4393,True,17,1,0.03251256062493923,0.05388339208331638,0.997785817578274,0.0022166364404469048,1.0,True,,False,False,gcd_k_not_2,0.0,False,1.0,True,FAMILY_F
4394,True,28,2,2.7629362767710246,4.141185174088424,0.36607800779039323,0.9280904730103433,0.4955555555555556,False,1.0,True,True,,0.0,False,0.5,False,FAMILY_Q
4395,True,7,1,0.027021308292758364,0.04527273349468253,0.9860645476023545,0.014033232116719365,1.0,True,,False,False,gcd_k_not_2,0.0,False,1.0,True,FAMILY_F
4400,True,11,1,0.03337761403470978,0.05520848418790727,1.0147941989342317,0.014685568324603566,1.0,True,,False,False,gcd_k_not_2,0.0,False,1.0,True,FAMILY_F
4405,True,4,2,2.763361398942763,4.141821166845567,0.3694227907993693,0.9209386807890728,0.5288888888888889,False,1.0,True,True,,0.0,False,0.5,False,FAMILY_Q
4409,True,19,1,0.015207388401870102,0.028227029631967195,0.9939855940520042,0.006032547041399567,1.0,True,,False,False,gcd_k_not_2,0.0,False,1.0,True,FAMILY_F
4412,True,7,1,0.01906960756907413,0.03505357713071373,1.012254174885396,0.012179549719253403,1.0,True,,False,False,gcd_k_not_2,0.0,False,1.0,True,FAMILY_F
4419,True,29,1,0.03729221633588618,0.05922614048815203,0.9844984800504225,0.015622607026822883,1.0,True,,False,False,gcd_k_not_2,0.0,False,1.0,True,FAMILY_F
4420,True,13,1,0.024355309182571203,0.04232601601767054,1.0077105968744513,0.007680984387346354,1.0,True,,False,False,gcd_k_not_2,0.0,False,1.0,True,FAMILY_F
4423,True,19,1,0.03299513915015647,0.050895767034033305,1.0065446288725466,0.006523282640589882,1.0,True,,False,False,gcd_k_not_2,0.0,False,1.0,True,FAMILY_F
4426,True,14,2,2.761894403270773,4.139625892136642,0.365798968846229,0.9286886952177421,0.5133333333333333,False,1.0,True,True,,0.0,False,0.5,False,FAMILY_Q
4429,True,29,1,0.03941631282950812,0.07186683163706746,0.9840230913372864,0.01610556725118027,1.0,True,,False,False,gcd_k_not_2,0.0,False,1.0,True,FAMILY_F
4434,True,23,1,0.027093252081277754,0.04555539449701448,1.0161896678295788,0.016059667488532315,1.0,True,,False,False,gcd_k_not_2,0.0,False,1.0,True,FAMILY_F
4444,True,19,1,0.020847004539045984,0.037125683689449365,1.0147678461156155,0.014659600751607578,1.0,True,,False,False,gcd_k_not_2,0.0,False,1.0,True,FAMILY_F
4445,True,13,1,0.037267882769004085,0.05953179682246081,1.0050659719581354,0.005053172343439564,1.0,True,,False,False,gcd_k_not_2,0.0,False,1.0,True,FAMILY_F
4454,True,23,1,0.01791377162255452,0.03029747195681137,1.0102749540355243,0.01022243650292505,1.0,True,,False,False,gcd_k_not_2,0.0,False,1.0,True,FAMILY_F
4458,True,7,1,0.03563693460414934,0.056252087365490734,0.9935948670591477,0.006425711709722455,1.0,True,,False,False,gcd_k_not_2,0.1,False,1.0,True,FAMILY_F
4460,True,1,1,0.02416135295603631,0.04054309089678895,0.9870726895862224,0.013011411692714213,1.0,True,,False,False,gcd_k_not_2,0.0,False,1.0,True,FAMILY_F
4464,True,7,1,0.021718868043159083,0.033553195252692444,1.0077567409963044,0.007726773705120637,1.0,True,,False,False,gcd_k_not_2,0.0,False,1.0,True,FAMILY_F
4465,True,16,2,2.7678799139871755,4.148582960374889,0.3700164927843942,0.919672880631152,0.5077777777777778,False,1.0,True,True,,0.0,False,0.5,False,FAMILY_Q
4469,True,11,1,0.03430076731683474,0.05178070914239385,1.010829599232152,0.010771274936759778,1.0,True,,False,False,gcd_k_not_2,0.3333333333333333,False,1.0,True,FAMILY_F
4470,True,19,1,0.02108652788786313,0.034193970503531505,0.9960560073838169,0.003951785522644105,1.0,True,,False,False,gcd_k_not_2,0.0,False,1.0,True,FAMILY_F
4478,True,13,1,0.01994993104759645,0.03355455729049895,0.9959309015721362,0.004077394086798032,1.0,True,,False,False,gcd_k_not_2,0.0,False,1.0,True,FAMILY_F
4479,True,13,1,0.030700066089101665,0.05102417412818606,0.9861098847637609,0.013987257545814261,1.0,True,,False,False,gcd_k_not_2,0.0,False,1.0,True,FAMILY_F
4481,True,29,1,0.02255163461302615,0.033671742114736614,0.9922817637390542,0.007748137237837714,1.0,True,,False,False,gcd_k_not_2,0.0,False,1.0,True,FAMILY_F
4483,True,13,1,0.015099160670190908,0.02676407635797523,1.0281967446894091,0.027804743068678063,1.0,True,,False,False,gcd_k_not_2,0.0,False,1.0,True,FAMILY_F
4493,True,1,1,0.030325344511734,0.048298062925461786,1.022967247371896,0.022706494533446808,1.0,True,,False,False,gcd_k_not_2,0.06666666666666667,False,1.0,True,FAMILY_F
4495,True,11,1,0.028597499858722536,0.04592344277013973,0.9918285643865374,0.008204958759570037,1.0,True,,False,False,gcd_k_not_2,0.0,False,1.0,True,FAMILY_F
4504,True,1,1,0.04008744278888177,0.06573671995542392,1.0013576739872374,0.0013567529731279668,1.0,True,,False,False,gcd_k_not_2,0.0,False,1.0,True,FAMILY_F
4505,True,17,1,0.03896396140300531,0.06517723419027976,1.0065931896925866,0.006571526033731583,1.0,True,,False,False,gcd_k_not_2,0.0,False,1.0,True,FAMILY_F
4506,True,4,2,2.764267421777059,4.143176991727326,0.37109418719869985,0.9173779871187782,0.5333333333333333,False,1.0,True,True,,0.0,False,0.5,False,FAMILY_Q
4510,True,1,1,0.030794889561693486,0.05027727437783925,1.000714026968615,0.0007137721423355205,1.0,True,,False,False,gcd_k_not_2,0.43333333333333335,False,1.0,True,FAMILY_F
4512,True,29,1,0.02165911255138302,0.03710734091683715,0.9885367422377779,0.011529339658388238,1.0,True,,False,False,gcd_k_not_2,0.0,False,1.0,True,FAMILY_F
4513,True,23,1,0.019322225673974156,0.02986436183941755,1.0066308103040837,0.006608899125872397,1.0,True,,False,False,gcd_k_not_2,0.3333333333333333,False,1.0,True,FAMILY_F
4517,True,19,1,0.02884862274557702,0.04579374856667229,1.0202808988688208,0.02007730596292455,1.0,True,,False,False,gcd_k_not_2,0.0,False,1.0,True,FAMILY_F
4518,True,17,1,0.03484635987559238,0.05585270262955555,0.9866653067189247,0.013424197056220034,1.0,True,,False,False,gcd_k_not_2,0.0,False,1.0,True,FAMILY_F
4520,True,1,1,0.021230332473098468,0.036918222006404273,0.9699985691871924,0.030458327515624512,1.0,True,,False,False,gcd_k_not_2,0.0,False,1.0,True,FAMILY_F
4523,True,23,1,0.024640492270648323,0.042138476882683545,1.0119814683044481,0.01191011795406363,1.0,True,,False,False,gcd_k_not_2,0.0,False,1.0,True,FAMILY_F
4524,True,13,1,0.023981700187408552,0.042032591144172037,1.0072568164731295,0.007230580973569769,1.0,True,,False,False,gcd_k_not_2,0.0,False,1.0,True,FAMILY_F
4525,True,17,1,0.027436546707130176,0.04604907997758181,0.9765676666706826,0.023710125106707412,1.0,True,,False,False,gcd_k_not_2,0.0,False,1.0,True,FAMILY_F
4526,True,11,1,0.03732911354151621,0.05634554195294789,1.0027911982623643,0.002787308297326173,1.0,True,,False,False,gcd_k_not_2,0.0,False,1.0,True,FAMILY_F
4531,True,23,1,0.025400203782089265,0.04011916285393672,1.0239056199195793,0.023623255634350405,1.0,True,,False,False,gcd_k_not_2,0.0,False,1.0,True,FAMILY_F
4532,True,11,1,0.033763688704039035,0.053130141409464815,1.0124820003430108,0.012404583336281598,1.0,True,,False,False,gcd_k_not_2,0.0,False,1.0,True,FAMILY_F
4542,True,29,1,0.025434593514303945,0.043975558179736356,1.0179944856264884,0.017834028541363508,1.0,True,,False,False,gcd_k_not_2,0.0,False,1.0,True,FAMILY_F
4544,True,11,1,0.033695394183597314,0.05279798729924166,0.9764208800434444,0.023860423854697638,1.0,True,,False,False,gcd_k_not_2,0.0,False,1.0,True,FAMILY_F
4545,True,26,2,2.7575162568970533,4.1330738160777765,0.36209555751663774,0.9366515278067344,0.5066666666666667,False,1.0,True,True,,0.0,False,0.5,False,FAMILY_Q
4552,True,23,1,0.0403407284092733,0.06488441848135446,0.9985969150563935,0.0014040699583156321,1.0,True,,False,False,gcd_k_not_2,0.16666666666666666,False,1.0,True,FAMILY_F
4553,True,19,1,0.028175159637958358,0.04655794616472182,1.0065239973127569,0.006502785236054225,1.0,True,,False,False,gcd_k_not_2,0.0,False,1.0,True,FAMILY_F
4555,True,29,1,0.02841626765178686,0.046282386668066534,1.0058819369896363,0.005864689123691661,1.0,True,,False,False,gcd_k_not_2,0.0,False,1.0,True,FAMILY_F
4557,True,17,1,0.03791732648501417,0.057890218492779366,1.0026267788418919,0.002623333383578272,1.0,True,,False,False,gcd_k_not_2,0.0,False,1.0,True,FAMILY_F
4563,True,4,2,2.7659920314238664,4.145757773131253,0.3659249005383731,0.9284186842361671,0.4922222222222222,False,1.0,True,True,,0.0,False,0.5,False,FAMILY_Q
4566,True,26,2,2.7579697284251714,4.1337529242226765,0.36594523201178936,0.9283750960561764,0.5266666666666666,False,1.0,True,True,,0.0,False,0.5,False,FAMILY_Q
4567,True,7,1,0.04484858552983153,0.07649679343571994,0.999010192509886,0.0009902975921011212,1.0,True,,False,False,gcd_k_not_2,0.0,False,1.0,True,FAMILY_F
4568,True,4,2,2.7617183610046068,4.1393625862739585,0.3679315616071914,0.9241228963972252,0.49444444444444446,False,1.0,True,True,,0.0,False,0.5,False,FAMILY_Q
4569,True,19,1,0.035683846535814884,0.055646096473047836,0.9754710431475482,0.024833527109938767,1.0,True,,False,False,gcd_k_not_2,0.0,False,1.0,True,FAMILY_F
4572,True,1,1,0.034890654624063086,0.05449104543268605,1.017542223328303,0.017389696359725985,1.0,True,,False,False,gcd_k_not_2,0.0,False,1.0,True,FAMILY_F
4573,True,29,1,0.03992195079558677,0.060761100656055216,1.00997303527266,0.009923551309042333,1.0,True,,False,False,gcd_k_not_2,0.0,False,1.0,True,FAMILY_F
4578,True,29,1,0.02958011557275872,0.049371865805828974,0.9924041761550368,0.0076247820957911295,1.0,True,,False,False,gcd_k_not_2,0.0,False,1.0,True,FAMILY_F
4583,True,1,1,0.018715918905847367,0.03014597301532683,1.0018565367154242,0.0018548149493971954,1.0,True,,False,False,gcd_k_not_2,0.1,False,1.0,True,FAMILY_F
4587,True,29,1,0.04292852911951958,0.07011145458803456,0.9851680420841286,0.01494277320755184,1.0,True,,False,False,gcd_k_not_2,0.0,False,1.0,True,FAMILY_F
4590,True,17,1,0.030336618908184697,0.04995184651912357,0.9922214786843903,0.007808892132561908,1.0,True,,False,False,gcd_k_not_2,0.0,False,1.0,True,FAMILY_F
4591,True,11,1,0.02901137837228495,0.04804681636411652,1.009483223824534,0.009438470261508325,1.0,True,,False,False,gcd_k_not_2,0.0,False,1.0,True,FAMILY_F
4592,True,29,1,0.03074384281301674,0.050945024300345074,1.0118168834746146,0.011747474207697933,1.0,True,,False,False,gcd_k_not_2,0.0,False,1.0,True,FAMILY_F
4593,True,1,1,0.040723670938848655,0.06256799785217602,0.9981403842241727,0.0018613464704576395,1.0,True,,False,False,gcd_k_not_2,0.0,False,1.0,True,FAMILY_F
4596,True,1,1,0.03256496818186005,0.05490469523036117,0.9955646496805098,0.004445208347622585,1.0,True,,False,False,gcd_k_not_2,0.0,False,1.0,True,FAMILY_F
4603,True,17,1,0.019371437746830127,0.032146422830705935,0.9933779273784794,0.006644071383121393,1.0,True,,False,False,gcd_k_not_2,0.0,False,1.0,True,FAMILY_F
4607,True,29,1,0.027569655888230182,0.04431199591497288,1.0199580938452795,0.019760898907844465,1.0,True,,False,False,gcd_k_not_2,0.0,False,1.0,True,FAMILY_F
4612,True,23,1,0.025557032289890074,0.04297447868631382,1.0221902607717852,0.021946758623311767,1.0,True,,False,False,gcd_k_not_2,0.0,False,1.0,True,FAMILY_F
4613,True,8,2,2.765895269224931,4.145612876918555,0.3689550085098185,0.9219367876481319,0.4888888888888889,False,1.0,True,True,,0.0,False,0.5,False,FAMILY_Q
4615,True,1,1,0.019110534250099682,0.03033013088762279,0.9936449679714261,0.006375289613416292,1.0,True,,False,False,gcd_k_not_2,0.0,False,1.0,True,FAMILY_F
4617,True,16,2,2.773552573007591,4.157071890016615,0.3657603733459009,0.9287714580564533,0.5077777777777778,False,1.0,True,True,,0.0,False,0.5,False,FAMILY_Q
4629,True,1,1,0.029635245493022905,0.04448936653144571,0.9794349500510005,0.02077870752809503,1.0,True,,False,False,gcd_k_not_2,0.0,False,1.0,True,FAMILY_F
4632,True,7,1,0.030499538300755958,0.04819636759599226,0.9830716114397375,0.017072896876348553,1.0,True,,False,False,gcd_k_not_2,0.0,False,1.0,True,FAMILY_F
4633,True,11,1,0.031205754119023207,0.04885038079717421,0.9874222141135662,0.012657386837193767,1.0,True,,False,False,gcd_k_not_2,0.0,False,1.0,True,FAMILY_F
4634,True,8,2,2.7656738352988004,4.145281616274314,0.37146146222957754,0.9165967182900067,0.4855555555555556,False,1.0,True,True,,0.0,False,0.5,False,FAMILY_Q
4637,True,14,2,2.763721330672244,4.142359739222139,0.3673497689096634,0.925367079404734,0.5055555555555555,False,1.0,True,True,,0.0,False,0.5,False,FAMILY_Q
4638,True,23,1,0.039174039479614724,0.06290796909812864,1.0058793308646161,0.00586209825700918,1.0,True,,False,False,gcd_k_not_2,0.0,False,1.0,True,FAMILY_F
4639,True,14,2,2.769151536608948,4.150485911002969,0.3689470724337451,0.9219537267344525,0.4777777777777778,False,1.0,True,True,,0.23333333333333334,False,0.5,False,FAMILY_Q
4640,True,7,1,0.027786885496188768,0.04551034043263977,0.9722631510769201,0.028126925058590362,1.0,True,,False,False,gcd_k_not_2,0.0,False,1.0,True,FAMILY_F
4642,True,14,2,2.772691452512495,4.155783475366871,0.3599581335482051,0.9412670150100735,0.5122222222222222,False,1.0,True,True,,0.0,False,0.5,False,FAMILY_Q
4647,True,11,1,0.04153686475909491,0.07266738908048492,1.0057995927592267,0.005782823747858654,1.0,True,,False,False,gcd_k_not_2,0.0,False,1.0,True,FAMILY_F
4651,True,1,1,0.028089875939639016,0.042404994532993213,0.9803732903362408,0.019821222351900033,1.0,True,,False,False,gcd_k_not_2,0.0,False,1.0,True,FAMILY_F
4652,True,29,1,0.04377793516495257,0.06894579995914377,1.0061682728673318,0.006149307563832449,1.0,True,,False,False,gcd_k_not_2,0.0,False,1.0,True,FAMILY_F
4656,True,4,2,2.761461950659881,4.138978852484227,0.3679851944672209,0.9240082540205055,0.46111111111111114,False,1.0,True,True,,0.0,False,0.5,False,FAMILY_Q
4658,True,29,1,0.026616461033303947,0.03408683277682736,0.9905424201090058,0.009502515289753318,1.0,True,,False,False,gcd_k_not_2,0.0,False,1.0,True,FAMILY_F
4662,True,7,1,0.03812325680274694,0.05886448971706996,1.0004406184029297,0.0004405213520223912,1.0,True,,False,False,gcd_k_not_2,0.0,False,1.0,True,FAMILY_F
4663,True,23,1,0.05198360138320488,0.07948766289980995,0.99397035790615,0.006047875355761742,1.0,True,,False,False,gcd_k_not_2,0.0,False,1.0,True,FAMILY_F
4664,True,19,1,0.02277200318984337,0.034823115189977494,1.0192781038854082,0.01909405529462634,1.0,True,,False,False,gcd_k_not_2,0.0,False,1.0,True,FAMILY_F
4666,True,26,2,2.759466793247521,4.135992894383131,0.3702923369981364,0.9190851411770247,0.49777777777777776,False,1.0,True,True,,0.0,False,0.5,False,FAMILY_Q
4674,True,11,1,0.026666010180283486,0.04357639748046758,0.993830006096773,0.00618908721842916,1.0,True,,False,False,gcd_k_not_2,0.0,False,1.0,True,FAMILY_F
4676,True,13,1,0.031960321927897675,0.050726378722074805,0.9837271578462593,0.016406330970846,1.0,True,,False,False,gcd_k_not_2,0.0,False,1.0,True,FAMILY_F
4679,True,11,1,0.03140374353652633,0.05134780983279269,1.0095681816424393,0.009522624541775127,1.0,True,,False,False,gcd_k_not_2,0.0,False,1.0,True,FAMILY_F
4683,True,29,1,0.026843069850619385,0.04323172936623601,0.994704205400299,0.005309854549224466,1.0,True,,False,False,gcd_k_not_2,0.0,False,1.0,True,FAMILY_F
4686,True,7,1,0.03979639789391602,0.06773075988980254,0.9826795965106291,0.017471712040466356,1.0,True,,False,False,gcd_k_not_2,0.0,False,1.0,True,FAMILY_F
4691,True,17,1,0.02311221110665659,0.0354899756836168,0.9956529902943111,0.004356478532921543,1.0,True,,False,False,gcd_k_not_2,0.0,False,1.0,True,FAMILY_F
4692,True,14,2,2.7567009222088106,4.131854290199237,0.365110195434608,0.9301663802507358,0.5011111111111111,False,1.0,True,True,,0.0,False,0.5,False,FAMILY_Q
4698,True,16,2,2.764478886719811,4.143493452271427,0.3618153100949747,0.9372558601364489,0.4866666666666667,False,1.0,True,True,,0.0,False,0.5,False,FAMILY_Q
4702,True,11,1,0.018670153625227833,0.031045732978017732,1.0036723036577813,0.003665573109013214,1.0,True,,False,False,gcd_k_not_2,0.0,False,1.0,True,FAMILY_F
4703,True,11,1,0.021666346632919595,0.0395897309362744,0.9835146329219271,0.016622380096877002,1.0,True,,False,False,gcd_k_not_2,0.0,False,1.0,True,FAMILY_F
4705,True,23,1,0.021471010089103494,0.03680156706809891,0.9815584948149346,0.018613132272724233,1.0,True,,False,False,gcd_k_not_2,0.0,False,1.0,True,FAMILY_F
4707,True,23,1,0.019680377806926223,0.0316046125827717,0.9912892804551682,0.00874882382015412,1.0,True,,False,False,gcd_k_not_2,0.0,False,1.0,True,FAMILY_F
4710,True,13,1,0.025079128949881915,0.04221696682541822,0.9992904099280774,0.0007098419203122408,1.0,True,,False,False,gcd_k_not_2,0.0,False,1.0,True,FAMILY_F
4712,True,2,2,2.7637685962582172,4.142430529941181,0.37392276155504117,0.9113718121044133,0.4911111111111111,False,1.0,True,True,,0.0,False,0.5,False,FAMILY_Q
4713,True,4,2,2.7610096644268753,4.138301830290807,0.3668462504789465,0.9264447252925408,0.49666666666666665,False,1.0,True,True,,0.0,False,0.5,False,FAMILY_Q
4714,True,11,1,0.030123245721251423,0.04971264797534133,1.0380190479896838,0.037309806330991895,1.0,True,,False,False,gcd_k_not_2,0.2,False,1.0,True,FAMILY_F
4716,True,13,1,0.03584836179022537,0.058506779677316066,1.0073973127037241,0.007370053408869804,1.0,True,,False,False,gcd_k_not_2,0.0,False,1.0,True,FAMILY_F
4718,True,13,1,0.036517729748395726,0.05411735695608375,1.0047182904621295,0.004707185527839828,1.0,True,,False,False,gcd_k_not_2,0.0,False,1.0,True,FAMILY_F
4729,True,19,1,0.020635360499263213,0.03246038870363579,0.9894576128684379,0.010598252572329884,1.0,True,,False,False,gcd_k_not_2,0.0,False,1.0,True,FAMILY_F
4731,True,19,1,0.025454885003499694,0.03825149062407595,1.022670796090669,0.022416693941976148,1.0,True,,False,False,gcd_k_not_2,0.0,False,1.0,True,FAMILY_F
4733,True,19,1,0.03969735797577213,0.0632227884454895,0.9998055113604631,0.00019450755429167664,1.0,True,,False,False,gcd_k_not_2,0.0,False,1.0,True,FAMILY_F
4736,True,1,1,0.01980308111677359,0.03212181817761194,0.9992634052005853,0.0007368661853146703,1.0,True,,False,False,gcd_k_not_2,0.0,False,1.0,True,FAMILY_F
4746,True,17,1,0.03077393288702753,0.04987158853673563,1.006445640509347,0.006424934101589402,1.0,True,,False,False,gcd_k_not_2,0.0,False,1.0,True,FAMILY_F
4747,True,23,1,0.04581306646167771,0.07181822726498464,0.9881174097540735,0.011953610171741668,1.0,True,,False,False,gcd_k_not_2,0.0,False,1.0,True,FAMILY_F
4749,True,28,2,2.7721349295506275,4.154950412150281,0.36735748814471597,0.9253505646335081,0.4888888888888889,False,1.0,True,True,,0.0,False,0.5,False,FAMILY_Q
4750,True,2,2,2.7634936214636796,4.142018954450022,0.36387160247393485,0.9328273957345956,0.5166666666666667,False,1.0,True,True,,0.18333333333333332,False,0.5,False,FAMILY_Q
4751,True,13,1,0.0480564983412981,0.07454472019752693,1.0065953392483082,0.006573661484511191,1.0,True,,False,False,gcd_k_not_2,0.0,False,1.0,True,FAMILY_F
4753,True,23,1,0.023504905025643067,0.0392698193583747,0.9913178897445404,0.008719964100331018,1.0,True,,False,False,gcd_k_not_2,0.0,False,1.0,True,FAMILY_F
4756,True,19,1,0.02611100440604397,0.04393561484681617,0.9840533386730442,0.016074831272047365,1.0,True,,False,False,gcd_k_not_2,0.0,False,1.0,True,FAMILY_F
4779,True,11,1,0.026558474362386036,0.04255393158249137,1.003785018596179,0.0037778689440753446,1.0,True,,False,False,gcd_k_not_2,0.3333333333333333,False,1.0,True,FAMILY_F
4783,True,23,1,0.038972296646255095,0.05833357105642564,0.9983461262365791,0.0016552425445291433,1.0,True,,False,False,gcd_k_not_2,0.0,False,1.0,True,FAMILY_F
4788,True,29,1,0.02917120989619873,0.04867810843290644,1.0291226233233024,0.028704646026374927,1.0,True,,False,False,gcd_k_not_2,0.0,False,1.0,True,FAMILY_F
4789,True,17,1,0.02789413151443666,0.04604688417888771,0.9937080529139721,0.006311803853961139,1.0,True,,False,False,gcd_k_not_2,0.0,False,1.0,True,FAMILY_F
4790,True,13,1,0.03438578626817088,0.05193769428332716,0.9878982422131211,0.012175429838306119,1.0,True,,False,False,gcd_k_not_2,0.0,False,1.0,True,FAMILY_F
4792,True,1,1,0.026757406009402893,0.04225366984007819,0.9955492826924867,0.004460643839883783,1.0,True,,False,False,gcd_k_not_2,0.0,False,1.0,True,FAMILY_F
4797,True,7,1,0.03547830722880107,0.05605609559193494,0.9963862663472414,0.0036202750075721444,1.0,True,,False,False,gcd_k_not_2,0.26222222222222225,False,1.0,True,FAMILY_F
4802,True,19,1,0.0447881570475487,0.06839280047356702,1.0046444109487613,0.004633650659832745,1.0,True,,False,False,gcd_k_not_2,0.0,False,1.0,True,FAMILY_F
4805,True,1,1,0.01438565359123536,0.02261404722566731,0.9920851506420478,0.007946296226746325,1.0,True,,False,False,gcd_k_not_2,0.0,False,1.0,True,FAMILY_F
4807,True,29,1,0.029023868268171667,0.044038908189751085,1.0026981460140876,0.0026945109221352646,1.0,True,,False,False,gcd_k_not_2,0.0,False,1.0,True,FAMILY_F
4809,True,22,2,2.764819866298965,4.144003702196625,0.3655642454331596,0.9291921001718907,0.5155555555555555,False,1.0,True,True,,0.0,False,0.5,False,FAMILY_Q
4811,True,19,1,0.03574991837262589,0.05648040463575636,1.0307828009789912,0.030316192321652054,1.0,True,,False,False,gcd_k_not_2,0.0,False,1.0,True,FAMILY_F
4813,True,1,1,0.029430305710482257,0.04628803519385518,1.0096672791954207,0.009620775832396575,1.0,True,,False,False,gcd_k_not_2,0.0,False,1.0,True,FAMILY_F
4817,True,1,1,0.026874802391470182,0.04434971740861686,1.0018062098861877,0.001804580160924092,1.0,True,,False,False,gcd_k_not_2,0.0,False,1.0,True,FAMILY_F
4820,True,11,1,0.019906331229717134,0.03253660511888851,0.9790022560245157,0.02122053566292059,1.0,True,,False,False,gcd_k_not_2,0.23333333333333334,False,1.0,True,FAMILY_F
4821,True,19,1,0.03924182004721363,0.06409974005715813,0.9869095312437175,0.013176713434041854,1.0,True,,False,False,gcd_k_not_2,0.13111111111111112,False,1.0,True,FAMILY_F
4828,True,23,1,0.03053821884707647,0.049639918605720985,0.9842068253815345,0.01591887943982727,1.0,True,,False,False,gcd_k_not_2,0.0,False,1.0,True,FAMILY_F
4833,True,23,1,0.04462829448673451,0.07783414614944538,0.9860350311248534,0.014063164703834213,1.0,True,,False,False,gcd_k_not_2,0.0,False,1.0,True,FAMILY_F
4837,True,19,1,0.023144230533332602,0.03752418128415386,0.9975519491263871,0.00245105102241125,1.0,True,,False,False,gcd_k_not_2,0.13,False,1.0,True,FAMILY_F
4843,True,1,1,0.03448967941713406,0.053653020036710394,0.9990387786781798,0.0009616835171709918,1.0,True,,False,False,gcd_k_not_2,0.0,False,1.0,True,FAMILY_F
4847,True,29,1,0.017321194756302803,0.029352459043011366,1.0259912417265287,0.025657802651090703,1.0,True,,False,False,gcd_k_not_2,0.0,False,1.0,True,FAMILY_F
4848,True,19,1,0.03141166213411062,0.05079985780495824,0.9830802099652166,0.01706415096046986,1.0,True,,False,False,gcd_k_not_2,0.0,False,1.0,True,FAMILY_F
4852,True,1,1,0.03712047521824714,0.058913191138220446,1.0076013383521214,0.007572557565996455,1.0,True,,False,False,gcd_k_not_2,0.0,False,1.0,True,FAMILY_F
4853,True,8,2,2.762451820387751,4.14046006447342,0.370412330421811,0.9188295458264051,0.48444444444444446,False,1.0,True,True,,0.0,False,0.5,False,FAMILY_Q
4854,True,13,1,0.0312526808669007,0.05080994435879353,1.0205233132967315,0.02031484928846991,1.0,True,,False,False,gcd_k_not_2,0.0,False,1.0,True,FAMILY_F
4862,True,1,1,0.030408904941651237,0.04859905812144614,0.9997547337499603,0.00024529633149545467,1.0,True,,False,False,gcd_k_not_2,0.0,False,1.0,True,FAMILY_F
4863,True,11,1,0.04196574042455083,0.06355790351026966,0.9973066903215336,0.0026969415278259726,1.0,True,,False,False,gcd_k_not_2,0.0,False,1.0,True,FAMILY_F
4864,True,29,1,0.028358827999696797,0.04566601264133977,0.9977022514409886,0.0023003914195461853,1.0,True,,False,False,gcd_k_not_2,0.0,False,1.0,True,FAMILY_F
4865,True,29,1,0.03894231959446806,0.060161724958015216,1.0063288107157637,0.006308846966620479,1.0,True,,False,False,gcd_k_not_2,0.0,False,1.0,True,FAMILY_F
4867,True,19,1,0.04394756788754096,0.07041682845332721,1.0017975215841375,0.0017959074928966888,1.0,True,,False,False,gcd_k_not_2,0.0,False,1.0,True,FAMILY_F
4874,True,1,1,0.04504617483356592,0.06655862946091827,1.0119055293006312,0.011835077867467899,1.0,True,,False,False,gcd_k_not_2,0.0,False,1.0,True,FAMILY_F
4876,True,4,2,2.7538098528406607,4.127527580543834,0.37116809625169395,0.9172207338652614,0.48444444444444446,False,1.0,True,True,,0.42777777777777776,False,0.5,False,FAMILY_Q
4879,True,28,2,2.762510789839639,4.14054818643866,0.3716338407267539,0.9162301783693367,0.44555555555555554,False,1.0,True,True,,0.0,False,0.5,False,FAMILY_Q
4880,True,11,1,0.03546801231528832,0.059302057139563054,1.0012325267175979,0.0012317676243445367,1.0,True,,False,False,gcd_k_not_2,0.0,False,1.0,True,FAMILY_F
4884,True,29,1,0.0244621731116736,0.03813584530570532,0.9773517439461893,0.02290766538947868,1.0,True,,False,False,gcd_k_not_2,0.0,False,1.0,True,FAMILY_F
4885,True,19,1,0.03887404232127355,0.06371282385927993,0.9961347961200064,0.0038726882448084387,1.0,True,,False,False,gcd_k_not_2,0.03333333333333333,False,1.0,True,FAMILY_F
4886,True,11,1,0.03483588903880067,0.05539201094601885,0.9785562231869266,0.021676186465435104,1.0,True,,False,False,gcd_k_not_2,0.23333333333333334,False,1.0,True,FAMILY_F
4888,True,1,1,0.028555983736801672,0.04623839310167321,1.0124594189656282,0.012382280952559055,1.0,True,,False,False,gcd_k_not_2,0.0,False,1.0,True,FAMILY_F
4895,True,19,1,0.027165589434537576,0.043884619460747155,0.9888469569161257,0.011215587046645456,1.0,True,,False,False,gcd_k_not_2,0.3422222222222222,False,1.0,True,FAMILY_F
4897,True,11,1,0.033436138602677544,0.05644833955134634,1.010304474251861,0.010251655292858769,1.0,True,,False,False,gcd_k_not_2,0.0,False,1.0,True,FAMILY_F
4907,True,14,2,2.7658533123457008,4.145550114472375,0.3675808242879375,0.9248728330793116,0.5088888888888888,False,1.0,True,True,,0.0,False,0.5,False,FAMILY_Q
4910,True,7,1,0.020321066535817247,0.03491332260437887,0.999614039571585,0.0003860349255176214,1.0,True,,False,False,gcd_k_not_2,0.06666666666666667,False,1.0,True,FAMILY_F
4912,True,17,1,0.021982693960830784,0.03892473482978608,0.9989625079326566,0.001038030541569608,1.0,True,,False,False,gcd_k_not_2,0.0,False,1.0,True,FAMILY_F
4913,True,1,1,0.02818859874961339,0.04644529062844527,0.9911721209427553,0.00886701753644986,1.0,True,,False,False,gcd_k_not_2,0.0,False,1.0,True,FAMILY_F
4915,True,17,1,0.03456237982258932,0.0542821595271704,0.9869812583320314,0.013104040728493976,1.0,True,,False,False,gcd_k_not_2,0.0,False,1.0,True,FAMILY_F
4917,True,17,1,0.028871045400940532,0.04806467834711895,0.9935704718604453,0.006450264217200664,1.0,True,,False,False,gcd_k_not_2,0.03333333333333333,False,1.0,True,FAMILY_F
4918,True,13,1,0.030512008529813298,0.047983961758279486,1.0059587198801674,0.005941019444830215,1.0,True,,False,False,gcd_k_not_2,0.0,False,1.0,True,FAMILY_F
4919,True,23,1,0.04076462105691999,0.06855233717583224,1.0129503356608616,0.012867019549799203,1.0,True,,False,False,gcd_k_not_2,0.0,False,1.0,True,FAMILY_F
4925,True,11,1,0.021699208481748094,0.03892294136338913,0.9823267116914465,0.017830853213367172,1.0,True,,False,False,gcd_k_not_2,0.0,False,1.0,True,FAMILY_F
4927,True,14,2,2.766835947872359,4.147020654424028,0.36764298854510785,0.9247398871654227,0.5211111111111111,False,1.0,True,True,,0.0,False,0.5,False,FAMILY_Q
4929,True,19,1,0.03900179636953313,0.06560470863403496,0.9959185877509723,0.0040897582437234795,1.0,True,,False,False,gcd_k_not_2,0.0,False,1.0,True,FAMILY_F
4930,True,19,1,0.025690522216215633,0.04397379310544406,1.0066605380302531,0.006638430271610511,1.0,True,,False,False,gcd_k_not_2,0.23333333333333334,False,1.0,True,FAMILY_F
4931,True,1,1,0.026944058480623145,0.04224967148682161,0.998983395961706,0.0010171210429738642,1.0,True,,False,False,gcd_k_not_2,0.0,False,1.0,True,FAMILY_F
4939,True,11,1,0.030289929348704038,0.0472814048406086,1.0033412014696987,0.003335628965497736,1.0,True,,False,False,gcd_k_not_2,0.0,False,1.0,True,FAMILY_F
4940,True,4,2,2.764712833451213,4.143843436421259,0.36700820954193825,0.9260980088337097,0.4922222222222222,False,1.0,True,True,,0.0,False,0.5,False,FAMILY_Q
4945,True,7,1,0.03202056974796037,0.0502373224872726,1.0051104475296246,0.005097422474578297,1.0,True,,False,False,gcd_k_not_2,0.0,False,1.0,True,FAMILY_F
4946,True,17,1,0.040210822221260704,0.06668637571360989,0.9906407063719926,0.009403297740318934,1.0,True,,False,False,gcd_k_not_2,0.0,False,1.0,True,FAMILY_F
4947,True,11,1,0.018378421609008898,0.033186021914207185,1.0005392313370411,0.0005390859910111821,1.0,True,,False,False,gcd_k_not_2,0.14,False,1.0,True,FAMILY_F
4948,True,23,1,0.03866556234524942,0.06393975490577065,0.9807749815858113,0.019411612720185954,1.0,True,,False,False,gcd_k_not_2,0.0,False,1.0,True,FAMILY_F
4953,True,7,1,0.04540608664389746,0.07429992483724877,0.9800401280915105,0.020161078177469104,1.0,True,,False,False,gcd_k_not_2,0.0,False,1.0,True,FAMILY_F
4955,True,11,1,0.02398486206635115,0.037871717352210024,0.9856247086103505,0.014479363927446448,1.0,True,,False,False,gcd_k_not_2,0.0,False,1.0,True,FAMILY_F
4957,True,13,1,0.03910989144141578,0.0633057915337256,0.9935818285501711,0.006438834220811998,1.0,True,,False,False,gcd_k_not_2,0.15333333333333332,False,1.0,True,FAMILY_F
4966,True,29,1,0.03017630241306997,0.04747186369953111,1.0000492533855894,4.925217267128939e-05,1.0,True,,False,False,gcd_k_not_2,0.0,False,1.0,True,FAMILY_F
4967,True,8,2,2.7616661278614028,4.139284240721634,0.36492447425937713,0.9305650791927101,0.4866666666666667,False,1.0,True,True,,0.0,False,0.5,False,FAMILY_Q
4970,True,19,1,0.026591868469014335,0.04594778126192931,0.9928238456127753,0.007201995703757925,1.0,True,,False,False,gcd_k_not_2,0.13333333333333333,False,1.0,True,FAMILY_F
4972,True,23,1,0.03967630827018669,0.058454781990804026,1.0023804488699843,0.002377618969789454,1.0,True,,False,False,gcd_k_not_2,0.0,False,1.0,True,FAMILY_F
4974,True,23,1,0.030107625041137183,0.04809543064013792,0.9883826709945203,0.011685204437704298,1.0,True,,False,False,gcd_k_not_2,0.0,False,1.0,True,FAMILY_F
4975,True,7,1,0.04064408250274971,0.06268389394581883,0.9908414679849817,0.009200664304313474,1.0,True,,False,False,gcd_k_not_2,0.0,False,1.0,True,FAMILY_F
4988,True,17,1,0.025416649035901618,0.03728592135415672,1.000219182033863,0.00021915801611330842,1.0,True,,False,False,gcd_k_not_2,0.0,False,1.0,True,FAMILY_F
4992,True,29,1,0.03015271507755815,0.05047744350194123,0.9882241261544445,0.011845620109571848,1.0,True,,False,False,gcd_k_not_2,0.09222222222222222,False,1.0,True,FAMILY_F
4995,True,29,1,0.025329070502797625,0.04268322565127999,1.0006192672936836,0.0006190756070456276,1.0,True,,False,False,gcd_k_not_2,0.03333333333333333,False,1.0,True,FAMILY_F
4997,True,16,2,2.7655764361426614,4.14513586603577,0.3732461484203825,0.9128062762827478,0.4988888888888889,False,1.0,True,True,,0.0,False,0.5,False,FAMILY_Q
5001,True,26,2,2.767338889542854,4.147773409155423,0.37020404302333193,0.9192732428186886,0.51,False,1.0,True,True,,0.0,False,0.5,False,FAMILY_Q
5002,True,13,1,0.037701105541506144,0.06411783341770005,1.0016289297917964,0.0016276041653393418,1.0,True,,False,False,gcd_k_not_2,0.0,False,1.0,True,FAMILY_F
5004,True,1,1,0.03384485564514243,0.0532762795780705,1.0070104606529926,0.0069859732078442986,1.0,True,,False,False,gcd_k_not_2,0.0,False,1.0,True,FAMILY_F
5005,True,29,1,0.02788416735135715,0.0432988997613627,0.9893432445235185,0.010713842878365536,1.0,True,,False,False,gcd_k_not_2,0.0,False,1.0,True,FAMILY_F
5014,True,29,1,0.03116067888994319,0.0494473810624093,0.9979633482535222,0.0020387278357814676,1.0,True,,False,False,gcd_k_not_2,0.0,False,1.0,True,FAMILY_F
5017,True,13,1,0.024957210921425044,0.04196529202211547,1.0332708987891717,0.032726479102204054,1.0,True,,False,False,gcd_k_not_2,0.0,False,1.0,True,FAMILY_F
5018,True,19,1,0.04111552721587497,0.07051625526240954,0.9987260294119608,0.0012747826058122187,1.0,True,,False,False,gcd_k_not_2,0.0,False,1.0,True,FAMILY_F
5019,True,11,1,0.037871791469278736,0.06310327488602185,0.9927483906855844,0.007277997913144185,1.0,True,,False,False,gcd_k_not_2,0.0,False,1.0,True,FAMILY_F
5020,True,13,1,0.027065182362900887,0.04336088755728475,0.9976402907766829,0.0023624966258560943,1.0,True,,False,False,gcd_k_not_2,0.0,False,1.0,True,FAMILY_F
5021,True,1,1,0.03091402802002091,0.0495090504246663,0.9890498121834856,0.011010471180200062,1.0,True,,False,False,gcd_k_not_2,0.0,False,1.0,True,FAMILY_F
5023,True,7,1,0.02121294526329791,0.03602861110583717,0.9677337785432064,0.032795311854311476,1.0,True,,False,False,gcd_k_not_2,0.0,False,1.0,True,FAMILY_F
5027,True,17,1,0.020718589561511576,0.0358966645740436,1.0140912861485243,0.01399269858862302,1.0,True,,False,False,gcd_k_not_2,0.0,False,1.0,True,FAMILY_F
5037,True,1,1,0.034086056660942776,0.05460893604228069,0.9854621443993183,0.014644303989064423,1.0,True,,False,False,gcd_k_not_2,0.16666666666666666,False,1.0,True,FAMILY_F
5048,True,17,1,0.032568825531994285,0.052799131070474854,0.9957589936397858,0.004250018538039621,1.0,True,,False,False,gcd_k_not_2,0.0,False,1.0,True,FAMILY_F
5049,True,7,1,0.02505202116386407,0.04029749604580433,0.978955741209712,0.021268043900187404,1.0,True,,False,False,gcd_k_not_2,0.0,False,1.0,True,FAMILY_F
5053,True,29,1,0.031173854091904405,0.05338716502791953,0.9951482753682991,0.004863522868550059,1.0,True,,False,False,gcd_k_not_2,0.0,False,1.0,True,FAMILY_F
5055,True,7,1,0.03395058104438293,0.053932288775792356,0.9947037948943688,0.005310267237859897,1.0,True,,False,False,gcd_k_not_2,0.0,False,1.0,True,FAMILY_F
5057,True,17,1,0.032663492238350224,0.054771820229603294,1.0082127029316819,0.008179116604224754,1.0,True,,False,False,gcd_k_not_2,0.16666666666666666,False,1.0,True,FAMILY_F
5061,True,19,1,0.03439336964004782,0.05373467575307011,1.0049704446533987,0.004958122616374051,1.0,True,,False,False,gcd_k_not_2,0.0,False,1.0,True,FAMILY_F
5063,True,17,1,0.027046098818157276,0.044157913221366855,1.0005621336577097,0.0005619757049805182,1.0,True,,False,False,gcd_k_not_2,0.0,False,1.0,True,FAMILY_F
5066,True,29,1,0.020120192859082935,0.03547579412396185,0.9607710846803056,0.04001376359147045,1.0,True,,False,False,gcd_k_not_2,0.0,False,1.0,True,FAMILY_F
5067,True,29,1,0.027013606182020974,0.0448895604139869,1.016088007735144,0.01595962842238924,1.0,True,,False,False,gcd_k_not_2,0.0,False,1.0,True,FAMILY_F
5071,True,23,1,0.03052444010911268,0.046421555321910786,0.9889273465344184,0.01113429656932926,1.0,True,,False,False,gcd_k_not_2,0.0,False,1.0,True,FAMILY_F
5072,True,13,1,0.018720233912005804,0.03302406016601417,0.9948891046042422,0.005123989482885856,1.0,True,,False,False,gcd_k_not_2,0.0,False,1.0,True,FAMILY_F
5077,True,13,1,0.024408529016350315,0.04295120034110661,0.977470457462071,0.022786224140960324,1.0,True,,False,False,gcd_k_not_2,0.0,False,1.0,True,FAMILY_F
5083,True,23,1,0.032102815568799604,0.050878376718771344,0.9999035879284157,9.641671945208247e-05,1.0,True,,False,False,gcd_k_not_2,0.36666666666666664,False,1.0,True,FAMILY_F
5087,True,7,1,0.04175374515237644,0.06803905338444169,0.9857496889726399,0.014352575358813482,1.0,True,,False,False,gcd_k_not_2,0.0,False,1.0,True,FAMILY_F
5088,True,11,1,0.02738804082068606,0.04277290751399502,1.0010552924809237,0.0010547359534631906,1.0,True,,False,False,gcd_k_not_2,0.0,False,1.0,True,FAMILY_F
5090,True,1,1,0.041896611106214496,0.06749867494965153,1.005863005043644,0.005845867867248923,1.0,True,,False,False,gcd_k_not_2,0.0,False,1.0,True,FAMILY_F
5100,True,7,1,0.03569432188386226,0.05728929493412069,1.0067146651081935,0.006692197176753601,1.0,True,,False,False,gcd_k_not_2,0.0,False,1.0,True,FAMILY_F
5103,True,11,1,0.03837278483986588,0.06342553823427229,1.0024214699569398,0.0024185417438536425,1.0,True,,False,False,gcd_k_not_2,0.12666666666666668,False,1.0,True,FAMILY_F
5105,True,8,2,2.7662111241804497,4.146085514890334,0.3661734497398237,0.9278859143118074,0.5188888888888888,False,1.0,True,True,,0.0,False,0.5,False,FAMILY_Q
5106,True,7,1,0.02398299686589001,0.04196667482588732,1.0089896346361567,0.008949408679039487,1.0,True,,False,False,gcd_k_not_2,0.0,False,1.0,True,FAMILY_F
5107,True,23,1,0.04012727415678562,0.059351809819178536,0.9942799533632349,0.005736453026184744,1.0,True,,False,False,gcd_k_not_2,0.0,False,1.0,True,FAMILY_F
5111,True,23,1,0.03044025787386179,0.05075194672353611,1.047333225320785,0.04623890701853743,1.0,True,,False,False,gcd_k_not_2,0.0,False,1.0,True,FAMILY_F
5113,True,14,2,2.763199878348476,4.141579828720296,0.36782876344135296,0.9243426567052918,0.49444444444444446,False,1.0,True,True,,0.0,False,0.5,False,FAMILY_Q
5115,True,1,1,0.03562228289324264,0.056704090471170705,0.9993923796435128,0.0006078050138368033,1.0,True,,False,False,gcd_k_not_2,0.0,False,1.0,True,FAMILY_F
5124,True,11,1,0.03263276435618356,0.0552064030893762,1.0324222685295152,0.03190505145662774,1.0,True,,False,False,gcd_k_not_2,0.0,False,1.0,True,FAMILY_F
5125,True,1,1,0.025427384838157728,0.040072812328962426,1.013063999674761,0.012979219415648726,1.0,True,,False,False,gcd_k_not_2,0.0,False,1.0,True,FAMILY_F
5127,True,7,1,0.038520286423613694,0.06324806675875597,0.9990445519657414,0.0009559046928884717,1.0,True,,False,False,gcd_k_not_2,0.26666666666666666,False,1.0,True,FAMILY_F
5128,True,19,1,0.037295856663631166,0.05945017269984579,1.0060904397423882,0.0060719493216570015,1.0,True,,False,False,gcd_k_not_2,0.0,False,1.0,True,FAMILY_F
5132,True,1,1,0.03326708323493402,0.05228898710569238,0.98085741431248,0.019327575573291893,1.0,True,,False,False,gcd_k_not_2,0.0,False,1.0,True,FAMILY_F
5133,True,13,1,0.03812568079709537,0.06204038923215944,0.9828765308862885,0.01727134175727806,1.0,True,,False,False,gcd_k_not_2,0.0,False,1.0,True,FAMILY_F
5138,True,23,1,0.03558307580768233,0.059699914179759894,0.9999428073672043,5.719426834102725e-05,1.0,True,,False,False,gcd_k_not_2,0.0,False,1.0,True,FAMILY_F
5139,True,1,1,0.022443054530454948,0.038959263580549304,0.9980779824092582,0.0019238664433149822,1.0,True,,False,False,gcd_k_not_2,0.0,False,1.0,True,FAMILY_F
5141,True,29,1,0.037206147981886116,0.0623457463985683,1.0060641671743882,0.00604583569520588,1.0,True,,False,False,gcd_k_not_2,0.0,False,1.0,True,FAMILY_F
5145,True,13,1,0.02280536131900127,0.03883467218036496,1.003933373842586,0.0039256533115605285,1.0,True,,False,False,gcd_k_not_2,0.0,False,1.0,True,FAMILY_F
5146,True,13,1,0.03320585403997275,0.05279769393379978,1.0191873551415531,0.01900502703990841,1.0,True,,False,False,gcd_k_not_2,0.0,False,1.0,True,FAMILY_F
5151,True,13,1,0.025891006037288417,0.039522015287293925,0.9918362791745592,0.0081971805723149,1.0,True,,False,False,gcd_k_not_2,0.36666666666666664,False,1.0,True,FAMILY_F
5153,True,23,1,0.0389512993638688,0.06313885854680899,0.994631799636504,0.005382647929782506,1.0,True,,False,False,gcd_k_not_2,0.0,False,1.0,True,FAMILY_F
5154,True,23,1,0.02948752559078006,0.048312987220046164,1.002076008853244,0.002073856181347656,1.0,True,,False,False,gcd_k_not_2,0.0,False,1.0,True,FAMILY_F
5155,True,1,1,0.040128845205473565,0.06268746677356966,1.0022518341047808,0.0022493015777783417,1.0,True,,False,False,gcd_k_not_2,0.0,False,1.0,True,FAMILY_F
5166,True,14,2,2.771024820247623,4.153289254691403,0.3683125782457864,0.9233086530039122,0.5,False,1.0,True,True,,0.0,False,0.5,False,FAMILY_Q
5167,True,7,1,0.043529856564169356,0.07279986030461029,1.0003964820352629,0.00039640345183918714,1.0,True,,False,False,gcd_k_not_2,0.0,False,1.0,True,FAMILY_F
5168,True,29,1,0.026096184501646674,0.04257381874826448,1.0235096135647856,0.023236473310713955,1.0,True,,False,False,gcd_k_not_2,0.0,False,1.0,True,FAMILY_F
5171,True,11,1,0.020860985160003332,0.030891477249731278,0.9787591941303267,0.02146881331763938,1.0,True,,False,False,gcd_k_not_2,0.0,False,1.0,True,FAMILY_F
5173,True,11,1,0.05020957070191623,0.08231578887714101,0.9906887999646704,0.009354752018994442,1.0,True,,False,False,gcd_k_not_2,0.0,False,1.0,True,FAMILY_F
5174,True,11,1,0.035039206213297154,0.0551899585917395,1.0092431163102435,0.009200595224352457,1.0,True,,False,False,gcd_k_not_2,0.0,False,1.0,True,FAMILY_F
5175,True,19,1,0.027541049206552395,0.042233482376072495,1.017702676935199,0.017547359318656888,1.0,True,,False,False,gcd_k_not_2,0.0,False,1.0,True,FAMILY_F
5178,True,17,1,0.034466658336732216,0.05577574049342711,0.9933333467955479,0.006688949658289061,1.0,True,,False,False,gcd_k_not_2,0.0,False,1.0,True,FAMILY_F
5180,True,19,1,0.021521023572955305,0.03855963426442266,0.9855424079791578,0.014562863993982145,1.0,True,,False,False,gcd_k_not_2,0.0,False,1.0,True,FAMILY_F
5195,True,17,1,0.033767494787175834,0.057258888591574596,0.9888127493970101,0.011250179893890733,1.0,True,,False,False,gcd_k_not_2,0.0,False,1.0,True,FAMILY_F
5196,True,13,1,0.03915876222389268,0.06366820309188148,0.9874693303382219,0.012609673488290393,1.0,True,,False,False,gcd_k_not_2,0.0,False,1.0,True,FAMILY_F
5207,True,11,1,0.02601422678508197,0.04203019704136296,1.0007623463403625,0.0007620558651125607,1.0,True,,False,False,gcd_k_not_2,0.23333333333333334,False,1.0,True,FAMILY_F
5209,True,7,1,0.032245992075076245,0.05211113785044144,0.9915579795359203,0.008477805367280196,1.0,True,,False,False,gcd_k_not_2,0.0,False,1.0,True,FAMILY_F
5210,True,23,1,0.025887683598785162,0.041836110352243897,1.0005564307279122,0.0005562759633926,1.0,True,,False,False,gcd_k_not_2,0.0,False,1.0,True,FAMILY_F
5214,True,1,1,0.028321825642233355,0.044077769739427924,0.9979660619884891,0.0020360085691211055,1.0,True,,False,False,gcd_k_not_2,0.0,False,1.0,True,FAMILY_F
5217,True,29,1,0.03731780220636198,0.053608866558234776,0.9989635253319561,0.0010370120864229252,1.0,True,,False,False,gcd_k_not_2,0.0,False,1.0,True,FAMILY_F
5220,True,1,1,0.020937580552992666,0.03151954413744025,1.0114029391538584,0.011338294214341016,1.0,True,,False,False,gcd_k_not_2,0.0,False,1.0,True,FAMILY_F
5225,True,28,2,2.7621505891208975,4.140009280155772,0.36906044979873404,0.9217117480736816,0.5055555555555555,False,1.0,True,True,,0.0,False,0.5,False,FAMILY_Q
5229,True,16,2,2.76526491306675,4.144669653453981,0.3635119703769534,0.9336009414674732,0.5077777777777778,False,1.0,True,True,,0.0,False,0.5,False,FAMILY_Q
5234,True,17,1,0.02713959736673258,0.043757387302816524,1.0023087091490366,0.0023060471529565535,1.0,True,,False,False,gcd_k_not_2,0.015555555555555555,False,1.0,True,FAMILY_F
5239,True,1,1,0.03747081864658565,0.061758499330420595,1.0027218945200393,0.002718195199730064,1.0,True,,False,False,gcd_k_not_2,0.3,False,1.0,True,FAMILY_F
5240,True,7,1,0.025079236122405136,0.04224124938451348,1.0111531112296,0.011091260200254948,1.0,True,,False,False,gcd_k_not_2,0.0,False,1.0,True,FAMILY_F
5242,True,11,1,0.02387705238303846,0.04080806629333306,0.9942876790654399,0.005728682972395476,1.0,True,,False,False,gcd_k_not_2,0.0,False,1.0,True,FAMILY_F
5243,True,13,1,0.0309788897458126,0.05155348591188044,1.033639701305634,0.03308324604799636,1.0,True,,False,False,gcd_k_not_2,0.23333333333333334,False,1.0,True,FAMILY_F
5245,True,17,1,0.04313857387087161,0.07124565635801425,1.0077137904110582,0.007684153436510393,1.0,True,,False,False,gcd_k_not_2,0.0,False,1.0,True,FAMILY_F
5249,True,19,1,0.03240106982047167,0.05163746154592508,1.010299639541793,0.010246870008035685,1.0,True,,False,False,gcd_k_not_2,0.26666666666666666,False,1.0,True,FAMILY_F
5252,True,13,1,0.030514375766134978,0.052492249420436295,0.9946612141304012,0.005353075331066989,1.0,True,,False,False,gcd_k_not_2,0.26666666666666666,False,1.0,True,FAMILY_F
5265,True,14,2,2.7667873744604834,4.146948035880045,0.3709659744160381,0.9176508204033268,0.5066666666666667,False,1.0,True,True,,0.0,False,0.5,False,FAMILY_Q
5267,True,19,1,0.034080466214852896,0.05545510432532283,0.995285679721192,0.0047254589422671,1.0,True,,False,False,gcd_k_not_2,0.0,False,1.0,True,FAMILY_F
5268,True,7,1,0.032543513729398794,0.05754497261393887,0.9759745429620419,0.02431757749464048,1.0,True,,False,False,gcd_k_not_2,0.0,False,1.0,True,FAMILY_F
5269,True,13,1,0.03125369725859325,0.04855887224410502,0.9841535557267022,0.01597300191566479,1.0,True,,False,False,gcd_k_not_2,0.0,False,1.0,True,FAMILY_F
5271,True,29,1,0.04472282877850047,0.07260321537986529,1.012464315809523,0.01238711733828593,1.0,True,,False,False,gcd_k_not_2,0.1288888888888889,False,1.0,True,FAMILY_F
5273,True,19,1,0.04453889782627805,0.07490676961207406,0.9952966757113065,0.004714410990552839,1.0,True,,False,False,gcd_k_not_2,0.0,False,1.0,True,FAMILY_F
5275,True,2,2,2.7691752559262413,4.1505214677632,0.3665960009385744,0.9269806125971471,0.5066666666666667,False,1.0,True,True,,0.0,False,0.5,False,FAMILY_Q
5278,True,1,1,0.017352442460560266,0.02736784158881386,0.9805825400208149,0.01960782707796771,1.0,True,,False,False,gcd_k_not_2,0.0,False,1.0,True,FAMILY_F
5280,True,23,1,0.027650774112151288,0.042836307638745706,1.0062589729982991,0.006239446733982923,1.0,True,,False,False,gcd_k_not_2,0.2,False,1.0,True,FAMILY_F
5292,True,11,1,0.035368505662787805,0.05976091316360658,1.004031204725683,0.004023095764354401,1.0,True,,False,False,gcd_k_not_2,0.0,False,1.0,True,FAMILY_F
5293,True,17,1,0.038457861876797984,0.0647265374339559,1.0047090987368876,0.0046980369768908235,1.0,True,,False,False,gcd_k_not_2,0.0,False,1.0,True,FAMILY_F
5295,True,1,1,0.026576859433058004,0.04058346693532949,0.9807513936679126,0.019435661026034376,1.0,True,,False,False,gcd_k_not_2,0.0,False,1.0,True,FAMILY_F
5296,True,23,1,0.03707572625479526,0.057508734681076465,0.9847588513432728,0.015358186861252317,1.0,True,,False,False,gcd_k_not_2,0.0,False,1.0,True,FAMILY_F
5301,True,14,2,2.7682927600800977,4.149200785165942,0.36528268435550965,0.9297961849477535,0.5066666666666667,False,1.0,True,True,,0.0,False,0.5,False,FAMILY_Q
5303,True,7,1,0.03804322086864771,0.060530577461063724,0.9922597329439383,0.007770339306736816,1.0,True,,False,False,gcd_k_not_2,0.0,False,1.0,True,FAMILY_F
5306,True,1,1,0.02343618534714891,0.04124868497408014,0.9907458208036501,0.009297198165272502,1.0,True,,False,False,gcd_k_not_2,0.04111111111111111,False,1.0,True,FAMILY_F
5307,True,19,1,0.03196901882395408,0.05135651678242975,0.9792605098052342,0.02095680694079697,1.0,True,,False,False,gcd_k_not_2,0.0,False,1.0,True,FAMILY_F
5308,True,7,1,0.035269552913501936,0.057073337773612495,0.9861886388999563,0.013907401169803275,1.0,True,,False,False,gcd_k_not_2,0.0,False,1.0,True,FAMILY_F
5309,True,29,1,0.025602284041348535,0.042851543599179365,0.986450568376123,0.013641851289512215,1.0,True,,False,False,gcd_k_not_2,0.0,False,1.0,True,FAMILY_F
5313,True,13,1,0.031126412101613127,0.04975347323039308,0.9865488596605663,0.013542219486846243,1.0,True,,False,False,gcd_k_not_2,0.0,False,1.0,True,FAMILY_F
5314,True,19,1,0.02431027072250726,0.038915115532832965,1.0042526784680996,0.004243655017939304,1.0,True,,False,False,gcd_k_not_2,0.0,False,1.0,True,FAMILY_F
5317,True,29,1,0.01643523395449051,0.02919086092507958,0.9986058952649544,0.0013950771768946402,1.0,True,,False,False,gcd_k_not_2,0.0,False,1.0,True,FAMILY_F
5320,True,23,1,0.039784799909839706,0.06659531067496822,0.9904850658611799,0.009560417510295146,1.0,True,,False,False,gcd_k_not_2,0.0,False,1.0,True,FAMILY_F
5324,True,4,2,2.7605643823442247,4.137636043671289,0.36269231378143896,0.935365496338711,0.49666666666666665,False,1.0,True,True,,0.0,False,0.5,False,FAMILY_Q
5329,True,13,1,0.03652982290412214,0.059825790487468215,1.0166974529440875,0.01655920467367253,1.0,True,,False,False,gcd_k_not_2,0.0,False,1.0,True,FAMILY_F
5330,True,13,1,0.03887563642678294,0.06245934043461188,1.0184464334987247,0.01827785289971771,1.0,True,,False,False,gcd_k_not_2,0.0,False,1.0,True,FAMILY_F
5331,True,23,1,0.03792520175269075,0.058718939458749335,0.9972519865972181,0.0027517943867100447,1.0,True,,False,False,gcd_k_not_2,0.0,False,1.0,True,FAMILY_F
5339,True,11,1,0.0379696601650654,0.06526368069633053,1.003782131986909,0.003774993225594363,1.0,True,,False,False,gcd_k_not_2,0.2,False,1.0,True,FAMILY_F
5344,True,4,2,2.7601334585203636,4.1369909155936835,0.36728309618826077,0.9255097288566503,0.5077777777777778,False,1.0,True,True,,0.0,False,0.5,False,FAMILY_Q
5345,True,29,1,0.0362333137640145,0.058673863824873565,1.0100005937786494,0.009950836641146458,1.0,True,,False,False,gcd_k_not_2,0.06666666666666667,False,1.0,True,FAMILY_F
5348,True,7,1,0.029064154945374943,0.04732857860395466,0.9940934546265084,0.0059240406810300425,1.0,True,,False,False,gcd_k_not_2,0.0,False,1.0,True,FAMILY_F
5349,True,19,1,0.034923444169741844,0.06057009370589726,1.0027583434571687,0.0027545444673143815,1.0,True,,False,False,gcd_k_not_2,0.0,False,1.0,True,FAMILY_F
5352,True,29,1,0.02036838222668926,0.031291259492439105,0.99073437395757,0.009308751748742817,1.0,True,,False,False,gcd_k_not_2,0.0,False,1.0,True,FAMILY_F
5354,True,23,1,0.029149373031482167,0.04711642217140324,1.000850392716526,0.0008500312863185263,1.0,True,,False,False,gcd_k_not_2,0.0,False,1.0,True,FAMILY_F
5357,True,1,1,0.03528504766543483,0.061860180850776825,0.9988040728563347,0.0011966426924038794,1.0,True,,False,False,gcd_k_not_2,0.0,False,1.0,True,FAMILY_F
5360,True,13,1,0.027235105743786354,0.04245340371520035,1.018434011287735,0.018265656627510417,1.0,True,,False,False,gcd_k_not_2,0.0,False,1.0,True,FAMILY_F
5365,True,19,1,0.023641437406499044,0.038831090892683606,0.9748139601641677,0.025507253183219985,1.0,True,,False,False,gcd_k_not_2,0.0,False,1.0,True,FAMILY_F
5367,True,29,1,0.027905920472496445,0.0440346424832712,0.9925644269787768,0.007463320051836358,1.0,True,,False,False,gcd_k_not_2,0.0,False,1.0,True,FAMILY_F
5369,True,17,1,0.025048269613244925,0.044499181937728546,0.9873121421755658,0.012768862580937549,1.0,True,,False,False,gcd_k_not_2,0.0,False,1.0,True,FAMILY_F
5370,True,17,1,0.03669598769293067,0.05538876915831731,1.003293840243804,0.003288424471372737,1.0,True,,False,False,gcd_k_not_2,0.0,False,1.0,True,FAMILY_F
5371,True,1,1,0.03658653223799172,0.058731233546902205,0.9926743671942628,0.0073525638973836955,1.0,True,,False,False,gcd_k_not_2,0.0,False,1.0,True,FAMILY_F
5373,True,29,1,0.02158869901367394,0.03653068682296927,0.9761200665944221,0.024168504545102654,1.0,True,,False,False,gcd_k_not_2,0.0,False,1.0,True,FAMILY_F
5379,True,23,1,0.036395933680275945,0.05773174393548082,0.9968311612280898,0.0031738675091200937,1.0,True,,False,False,gcd_k_not_2,0.0,False,1.0,True,FAMILY_F
5385,True,29,1,0.04650802458419526,0.07848090290843877,0.9808203608516367,0.019365349354665575,1.0,True,,False,False,gcd_k_not_2,0.0,False,1.0,True,FAMILY_F
5392,True,7,1,0.025892511990191137,0.042212162142969765,0.994717673117676,0.00529631531671133,1.0,True,,False,False,gcd_k_not_2,0.0,False,1.0,True,FAMILY_F
5401,True,7,1,0.02727945654774877,0.04521931319493592,1.0009434819027092,0.0009430370335219122,1.0,True,,False,False,gcd_k_not_2,0.0,False,1.0,True,FAMILY_F
5413,True,17,1,0.033968428718749166,0.05454425314588577,0.9917936350978909,0.008240175847038265,1.0,True,,False,False,gcd_k_not_2,0.26666666666666666,False,1.0,True,FAMILY_F
5416,True,16,2,2.7587338041208387,4.134896259835639,0.3677752375979572,0.9244570964924551,0.4766666666666667,False,1.0,True,True,,0.25,False,0.5,False,FAMILY_Q
5418,True,29,1,0.021825201938932018,0.03603974725780323,0.9988071626116025,0.00119354924347869,1.0,True,,False,False,gcd_k_not_2,0.0,False,1.0,True,FAMILY_F
5420,True,1,1,0.03168366478734084,0.05090091179091035,0.9916642059298134,0.008370682211758684,1.0,True,,False,False,gcd_k_not_2,0.0,False,1.0,True,FAMILY_F
5423,True,29,1,0.03783382968931269,0.05966607401448513,0.9932098048818093,0.006813327028153287,1.0,True,,False,False,gcd_k_not_2,0.0,False,1.0,True,FAMILY_F
5424,True,1,1,0.028356229410267345,0.04729765606834125,0.9976832113401911,0.00231947552710785,1.0,True,,False,False,gcd_k_not_2,0.0,False,1.0,True,FAMILY_F
5427,True,17,1,0.021546419288692713,0.03341779634814439,1.0217753338354836,0.021540804728460084,1.0,True,,False,False,gcd_k_not_2,0.0,False,1.0,True,FAMILY_F
5432,True,23,1,0.04950598259894543,0.08410076476814207,0.9877951393189817,0.01227979728856743,1.0,True,,False,False,gcd_k_not_2,0.0,False,1.0,True,FAMILY_F
5435,True,17,1,0.04008496420119494,0.06765331684697135,1.001181190536307,0.0011804933425247981,1.0,True,,False,False,gcd_k_not_2,0.0,False,1.0,True,FAMILY_F
5437,True,7,1,0.021898952394641777,0.034488908038881494,1.0029812773976003,0.0029768400046893033,1.0,True,,False,False,gcd_k_not_2,0.0,False,1.0,True,FAMILY_F
5444,True,26,2,2.7559348215755963,4.13070820652599,0.36526040206353855,0.9298440018872252,0.48,False,1.0,True,True,,0.36666666666666664,False,0.5,False,FAMILY_Q
5445,True,23,1,0.03488199989763445,0.05508219681923145,0.9826211249493798,0.01753121141697094,1.0,True,,False,False,gcd_k_not_2,0.0,False,1.0,True,FAMILY_F
5448,True,23,1,0.03155977178761557,0.04770935091931896,0.9743728831571365,0.025959753663030646,1.0,True,,False,False,gcd_k_not_2,0.43333333333333335,False,1.0,True,FAMILY_F
5449,True,16,2,2.7643028830581127,4.143229903260134,0.36559968982476215,0.9291160724511383,0.5088888888888888,False,1.0,True,True,,0.18333333333333332,False,0.5,False,FAMILY_Q
5453,True,19,1,0.021637865089545894,0.03833644251755401,1.00106954162317,0.0010689699692321465,1.0,True,,False,False,gcd_k_not_2,0.0,False,1.0,True,FAMILY_F
5455,True,2,2,2.7657233944984916,4.145355901994801,0.36138200022224826,0.9381907498020337,0.5,False,1.0,True,True,,0.0,False,0.5,False,FAMILY_Q
5456,True,23,1,0.022706276404800687,0.03627353938530892,0.9926997666453582,0.0073269776780588635,1.0,True,,False,False,gcd_k_not_2,0.0,False,1.0,True,FAMILY_F
5457,True,23,1,0.031869123958842116,0.05200004475849326,1.023588903187724,0.023313928190221742,1.0,True,,False,False,gcd_k_not_2,0.0,False,1.0,True,FAMILY_F
5459,True,29,1,0.031759965133519745,0.052220618463781406,0.9939211620242773,0.006097370439211664,1.0,True,,False,False,gcd_k_not_2,0.0,False,1.0,True,FAMILY_F
5460,True,1,1,0.02485324676911357,0.03831045862852788,1.0215751155728297,0.021344856697759897,1.0,True,,False,False,gcd_k_not_2,0.0,False,1.0,True,FAMILY_F
5461,True,1,1,0.0375606829915036,0.061777043127579555,0.9809984535768345,0.019183807426862785,1.0,True,,False,False,gcd_k_not_2,0.0,False,1.0,True,FAMILY_F
5462,True,17,1,0.023601432018176126,0.03750885391199129,1.0211494730940325,0.020928163280923666,1.0,True,,False,False,gcd_k_not_2,0.0,False,1.0,True,FAMILY_F
5463,True,1,1,0.038119789607131076,0.0605475557909851,0.9933013989952385,0.006721112028655597,1.0,True,,False,False,gcd_k_not_2,0.0,False,1.0,True,FAMILY_F
5465,True,23,1,0.0318342613366906,0.050715968392486245,0.9855206164450895,0.01458497427323083,1.0,True,,False,False,gcd_k_not_2,0.0,False,1.0,True,FAMILY_F
5468,True,11,1,0.02242153517565961,0.03680168722052478,0.9786377919833059,0.02159284342313252,1.0,True,,False,False,gcd_k_not_2,0.0,False,1.0,True,FAMILY_F
5470,True,23,1,0.02303343570401038,0.04141165427882905,0.965397787232422,0.03521140910238145,1.0,True,,False,False,gcd_k_not_2,0.0,False,1.0,True,FAMILY_F
5473,True,13,1,0.028645275205709246,0.046928691237383115,0.9807386601295399,0.01944864333510855,1.0,True,,False,False,gcd_k_not_2,0.0,False,1.0,True,FAMILY_F
5475,True,17,1,0.024852797968885586,0.04157010074433056,1.023017479607331,0.022755591426524734,1.0,True,,False,False,gcd_k_not_2,0.0,False,1.0,True,FAMILY_F
5480,True,2,2,2.765964056889588,4.145715990465583,0.37293055115026497,0.9134758467198002,0.4988888888888889,False,1.0,True,True,,0.0,False,0.5,False,FAMILY_Q
5482,True,11,1,0.03184275897858574,0.05053808582775798,1.0137364585832351,0.013642756999989307,1.0,True,,False,False,gcd_k_not_2,0.0,False,1.0,True,FAMILY_F
5484,True,17,1,0.03370779674785521,0.056818829983567035,0.9996245097141124,0.0003755607956027817,1.0,True,,False,False,gcd_k_not_2,0.0,False,1.0,True,FAMILY_F
5487,True,17,1,0.03903446270726661,0.060218602139671125,0.9886171087475117,0.011448047190600249,1.0,True,,False,False,gcd_k_not_2,0.0,False,1.0,True,FAMILY_F
5489,True,11,1,0.023875903113199273,0.03907003674837116,0.9863094496455173,0.013784911869523674,1.0,True,,False,False,gcd_k_not_2,0.0,False,1.0,True,FAMILY_F
5493,True,13,1,0.030992969604632856,0.04975452786408786,0.9926851091297211,0.00734174289431374,1.0,True,,False,False,gcd_k_not_2,0.0,False,1.0,True,FAMILY_F
5494,True,1,1,0.028660370019997668,0.04542232709617676,0.9792777745215012,0.020939178669359314,1.0,True,,False,False,gcd_k_not_2,0.0,False,1.0,True,FAMILY_F
5499,True,11,1,0.020016329212824934,0.034802883127873364,0.9944512968826058,0.005564139997870061,1.0,True,,False,False,gcd_k_not_2,0.0,False,1.0,True,FAMILY_F
5500,True,13,1,0.0344525859917893,0.054899748760370536,1.024152386126225,0.02386419747027757,1.0,True,,False,False,gcd_k_not_2,0.0,False,1.0,True,FAMILY_F
5503,True,19,1,0.021566874265215922,0.03516525964200001,0.9874925780286441,0.012586132003332334,1.0,True,,False,False,gcd_k_not_2,0.0,False,1.0,True,FAMILY_F
5504,True,29,1,0.022483103971822176,0.037874996497183074,0.9793860660290946,0.02082861380575403,1.0,True,,False,False,gcd_k_not_2,0.0,False,1.0,True,FAMILY_F
5505,True,7,1,0.03322164008810531,0.058123989917393,0.9848362928358826,0.015279554509205274,1.0,True,,False,False,gcd_k_not_2,0.0,False,1.0,True,FAMILY_F
5507,True,1,1,0.01773602669328487,0.032525602005270264,0.9890454464614497,0.011014885112895464,1.0,True,,False,False,gcd_k_not_2,0.0,False,1.0,True,FAMILY_F
5508,True,17,1,0.02431310115233581,0.04009918997154494,0.9893297851891258,0.010727446892230312,1.0,True,,False,False,gcd_k_not_2,0.0,False,1.0,True,FAMILY_F
5509,True,11,1,0.04257361187777915,0.06624682065286644,0.9954905017260692,0.004519689038890612,1.0,True,,False,False,gcd_k_not_2,0.16666666666666666,False,1.0,True,FAMILY_F
5510,True,17,1,0.0374008148117548,0.06085542314405723,1.0013432711555232,0.0013423695723598923,1.0,True,,False,False,gcd_k_not_2,0.26666666666666666,False,1.0,True,FAMILY_F
5512,True,14,2,2.7679680680895546,4.148715028194112,0.3612383699636501,0.9385007712549377,0.5122222222222222,False,1.0,True,True,,0.0,False,0.5,False,FAMILY_Q
5513,True,7,1,0.04752304467428976,0.07687005703564136,0.9818836089530436,0.01828199291332408,1.0,True,,False,False,gcd_k_not_2,0.06222222222222222,False,1.0,True,FAMILY_F
5514,True,11,1,0.038708185465984764,0.06272202355981135,1.0115713529724608,0.011504789979596818,1.0,True,,False,False,gcd_k_not_2,0.2,False,1.0,True,FAMILY_F
5515,True,17,1,0.020703537341426125,0.03424486143330916,0.9811505603226923,0.019028780603365564,1.0,True,,False,False,gcd_k_not_2,0.06666666666666667,False,1.0,True,FAMILY_F
5517,True,26,2,2.7734858994335614,4.156972154213062,0.36959297827481435,0.9205757209989023,0.5111111111111111,False,1.0,True,True,,0.0,False,0.5,False,FAMILY_Q
5521,True,7,1,0.041347784368958515,0.06618699395500588,0.993803243526257,0.006216016042569252,1.0,True,,False,False,gcd_k_not_2,0.0,False,1.0,True,FAMILY_F
5524,True,19,1,0.02727748337374128,0.04676096065598359,1.0053248937290262,0.00531075412834905,1.0,True,,False,False,gcd_k_not_2,0.0,False,1.0,True,FAMILY_F
5526,True,1,1,0.035546097511977105,0.05858592468307178,0.9938614047671781,0.006157494415755202,1.0,True,,False,False,gcd_k_not_2,0.0,False,1.0,True,FAMILY_F
5527,True,1,1,0.024351094177523076,0.035189653985802684,0.9869971939469473,0.01308789573801472,1.0,True,,False,False,gcd_k_not_2,0.0,False,1.0,True,FAMILY_F
5529,True,17,1,0.04012810586702732,0.06712017791874669,1.0150704157665045,0.014957706339777678,1.0,True,,False,False,gcd_k_not_2,0.2,False,1.0,True,FAMILY_F
5532,True,17,1,0.028410536199661583,0.046841328717050316,0.9993104442767093,0.0006897935488354388,1.0,True,,False,False,gcd_k_not_2,0.0,False,1.0,True,FAMILY_F
5533,True,11,1,0.02374843080481653,0.0376453459643474,1.0067785222793117,0.0067556256996538794,1.0,True,,False,False,gcd_k_not_2,0.0022222222222222222,False,1.0,True,FAMILY_F
5534,True,1,1,0.04735702044750266,0.07743571982019803,0.9896049584215629,0.010449352304272373,1.0,True,,False,False,gcd_k_not_2,0.0,False,1.0,True,FAMILY_F
5535,True,7,1,0.03976525259971922,0.064436542410789,0.9994129521191575,0.0005872202440424638,1.0,True,,False,False,gcd_k_not_2,0.0,False,1.0,True,FAMILY_F
5536,True,11,1,0.02940724599592074,0.04921021300116156,0.9954699032931471,0.004540380889109743,1.0,True,,False,False,gcd_k_not_2,0.0,False,1.0,True,FAMILY_F
5537,True,19,1,0.020846125263326628,0.03256293807291146,1.0383295094520215,0.03760874703945765,1.0,True,,False,False,gcd_k_not_2,0.1,False,1.0,True,FAMILY_F
5538,True,29,1,0.03389148824212537,0.052146334978017427,0.9984668180131832,0.0015343582120028712,1.0,True,,False,False,gcd_k_not_2,0.0,False,1.0,True,FAMILY_F
5540,True,17,1,0.023907457622109503,0.04005934518596733,1.0213474300689838,0.021121980072723395,1.0,True,,False,False,gcd_k_not_2,0.0,False,1.0,True,FAMILY_F
5543,True,13,1,0.024359105714476432,0.03893470588349968,1.0292281456089205,0.028807155737680553,1.0,True,,False,False,gcd_k_not_2,0.0,False,1.0,True,FAMILY_F
5544,True,29,1,0.037129377300763475,0.05983341568946089,1.000941516098071,0.0009410730803438021,1.0,True,,False,False,gcd_k_not_2,0.0,False,1.0,True,FAMILY_F
5545,True,17,1,0.026595148747888063,0.04256210834188708,0.9768356745103653,0.023435762302673104,1.0,True,,False,False,gcd_k_not_2,0.26666666666666666,False,1.0,True,FAMILY_F
5549,True,29,1,0.027521102540943598,0.04699136166310543,0.9826342933751522,0.017517811209938443,1.0,True,,False,False,gcd_k_not_2,0.0,False,1.0,True,FAMILY_F
5551,True,17,1,0.025161152027856702,0.0388489693426585,0.995861991077142,0.004146588232410519,1.0,True,,False,False,gcd_k_not_2,0.0,False,1.0,True,FAMILY_F
5562,True,17,1,0.02194620055777267,0.03362458561052182,1.0310161355802128,0.030542480718748505,1.0,True,,False,False,gcd_k_not_2,0.0,False,1.0,True,FAMILY_F
5563,True,28,2,2.7645332063042063,4.143575124334298,0.3627511092785654,0.9352388508548585,0.48777777777777775,False,1.0,True,True,,0.18333333333333332,False,0.5,False,FAMILY_Q
5568,True,13,1,0.02046549533707499,0.03313163420750641,0.9987922260884826,0.0012085037111445192,1.0,True,,False,False,gcd_k_not_2,0.3333333333333333,False,1.0,True,FAMILY_F
5570,True,11,1,0.03543336591951987,0.0572646250628752,1.0058832303509995,0.005865974910184525,1.0,True,,False,False,gcd_k_not_2,0.0,False,1.0,True,FAMILY_F
5573,True,23,1,0.02742267258006401,0.044881303889582023,0.96973472228409,0.03073030837453545,1.0,True,,False,False,gcd_k_not_2,0.0,False,1.0,True,FAMILY_F
5578,True,29,1,0.04387766652579002,0.07061468637089728,0.9972333827610552,0.0027704496257919165,1.0,True,,False,False,gcd_k_not_2,0.0,False,1.0,True,FAMILY_F
5581,True,23,1,0.032767790718778146,0.052157356783395864,0.9924891722445345,0.007539140347753655,1.0,True,,False,False,gcd_k_not_2,0.0,False,1.0,True,FAMILY_F
5585,True,23,1,0.028531555400904927,0.049181457437542826,1.0138238774329202,0.013728983540052005,1.0,True,,False,False,gcd_k_not_2,0.0,False,1.0,True,FAMILY_F
5586,True,11,1,0.043668147424790985,0.07188066690392901,1.0094270196219717,0.009382793731663123,1.0,True,,False,False,gcd_k_not_2,0.0,False,1.0,True,FAMILY_F
5592,True,11,1,0.03995225500416732,0.06355663557420924,0.9980271351607487,0.0019748128586777386,1.0,True,,False,False,gcd_k_not_2,0.0,False,1.0,True,FAMILY_F
5593,True,1,1,0.016004535183636676,0.027379718413350455,0.9859188641041275,0.014180978035298131,1.0,True,,False,False,gcd_k_not_2,0.0,False,1.0,True,FAMILY_F
5594,True,13,1,0.04224233477177511,0.06834501422426113,1.011917520069284,0.011846927073704036,1.0,True,,False,False,gcd_k_not_2,0.0,False,1.0,True,FAMILY_F
5596,True,17,1,0.0203199580953719,0.03312380928480067,0.9715273464483448,0.028883853529039744,1.0,True,,False,False,gcd_k_not_2,0.0,False,1.0,True,FAMILY_F
5601,True,26,2,2.7646599650041592,4.143764371169976,0.37026374037976617,0.9191460608097293,0.5,False,1.0,True,True,,0.0,False,0.5,False,FAMILY_Q
5606,True,17,1,0.04477001545459387,0.07242227450208932,0.9911185509534391,0.008921065038852666,1.0,True,,False,False,gcd_k_not_2,0.0,False,1.0,True,FAMILY_F
5610,True,19,1,0.025617348925484555,0.04149608681859142,1.0130348339375446,0.012950430581519609,1.0,True,,False,False,gcd_k_not_2,0.0,False,1.0,True,FAMILY_F
5613,True,23,1,0.026590634305777537,0.04265008425310801,1.01787175586655,0.017713470456773562,1.0,True,,False,False,gcd_k_not_2,0.13333333333333333,False,1.0,True,FAMILY_F
5614,True,29,1,0.03262257236808309,0.05656776327624202,1.0131863727459445,0.013100001991329345,1.0,True,,False,False,gcd_k_not_2,0.0,False,1.0,True,FAMILY_F
5617,True,23,1,0.019570211825956613,0.03492621409395066,0.9973480267264954,0.0026554944236243587,1.0,True,,False,False,gcd_k_not_2,0.0,False,1.0,True,FAMILY_F
5618,True,7,1,0.015788122528978644,0.02515965242335009,1.0255056819037975,0.025184507880347554,1.0,True,,False,False,gcd_k_not_2,0.41555555555555557,False,1.0,True,FAMILY_F
5621,True,1,1,0.021075991592276442,0.032243907737855085,0.9993591321993026,0.0006410732222904631,1.0,True,,False,False,gcd_k_not_2,0.0,False,1.0,True,FAMILY_F
5622,True,11,1,0.04192812540722643,0.06258202534383127,1.0001954318471484,0.0001954127522109463,1.0,True,,False,False,gcd_k_not_2,0.0,False,1.0,True,FAMILY_F
5623,True,19,1,0.021362481062209195,0.036164388635851245,0.9754451331513506,0.02486008488575732,1.0,True,,False,False,gcd_k_not_2,0.0,False,1.0,True,FAMILY_F
5624,True,7,1,0.018559181088671155,0.03221251186290881,1.0065369645867444,0.006515668240470942,1.0,True,,False,False,gcd_k_not_2,0.0,False,1.0,True,FAMILY_F
5625,True,1,1,0.03156323862724034,0.052408668689614614,0.9995019395672404,0.0004981844957523938,1.0,True,,False,False,gcd_k_not_2,0.0,False,1.0,True,FAMILY_F
5637,True,8,2,2.760767239080352,4.137939176177152,0.3683210190079875,0.9232906199891168,0.5,False,1.0,True,True,,0.03333333333333333,False,0.5,False,FAMILY_Q
5639,True,7,1,0.023343267475724825,0.03868489175003877,0.9923815098743533,0.0076476217911972295,1.0,True,,False,False,gcd_k_not_2,0.0,False,1.0,True,FAMILY_F
5640,True,13,1,0.018231794717325972,0.02703814049782316,1.004171481720769,0.0041627992003830635,1.0,True,,False,False,gcd_k_not_2,0.23333333333333334,False,1.0,True,FAMILY_F
5642,True,7,1,0.033686356156350815,0.05273073958789452,0.9878986526663276,0.012175014372529623,1.0,True,,False,False,gcd_k_not_2,0.0,False,1.0,True,FAMILY_F
5647,True,1,1,0.016932343514845506,0.02738049390834363,0.9616811015007538,0.03906740853029669,1.0,True,,False,False,gcd_k_not_2,0.0,False,1.0,True,FAMILY_F
5648,True,11,1,0.03412785800085973,0.05351560789247681,1.0124573199908586,0.01238020788526858,1.0,True,,False,False,gcd_k_not_2,0.0,False,1.0,True,FAMILY_F
5654,True,1,1,0.03136016385010924,0.052167093503314596,1.000555469127982,0.0005553148978411341,1.0,True,,False,False,gcd_k_not_2,0.0,False,1.0,True,FAMILY_F
5656,True,29,1,0.017073559740788034,0.030024581213272485,0.9933029177640382,0.006719583036053656,1.0,True,,False,False,gcd_k_not_2,0.03333333333333333,False,1.0,True,FAMILY_F
5661,True,13,1,0.021126205992859498,0.03500838500558133,0.9998340571543594,0.000165956615297143,1.0,True,,False,False,gcd_k_not_2,0.0,False,1.0,True,FAMILY_F
5662,True,19,1,0.03789120366700504,0.0678913956250843,0.993057096873743,0.006967089038389794,1.0,True,,False,False,gcd_k_not_2,0.0,False,1.0,True,FAMILY_F
5669,True,13,1,0.020905768738141345,0.03137822204472651,1.003657642496685,0.003650965533340624,1.0,True,,False,False,gcd_k_not_2,0.0,False,1.0,True,FAMILY_F
5672,True,13,1,0.021605412619628422,0.03414496374667204,1.0074611848798922,0.007433453693739697,1.0,True,,False,False,gcd_k_not_2,0.0,False,1.0,True,FAMILY_F
5674,True,7,1,0.030732395402794252,0.05079778647702813,0.9862579578541814,0.01383711727017031,1.0,True,,False,False,gcd_k_not_2,0.0,False,1.0,True,FAMILY_F
5675,True,7,1,0.018270174415894062,0.03177860393795966,0.9791285782773204,0.02109152679796747,1.0,True,,False,False,gcd_k_not_2,0.0,False,1.0,True,FAMILY_F
5680,True,13,1,0.03557105458768485,0.05948384663333111,1.002387776933468,0.0023849295935321735,1.0,True,,False,False,gcd_k_not_2,0.0,False,1.0,True,FAMILY_F
5683,True,7,1,0.029397196228821403,0.047696940336844906,1.016498483077022,0.01636349664081729,1.0,True,,False,False,gcd_k_not_2,0.0,False,1.0,True,FAMILY_F
5684,True,23,1,0.026629949448066893,0.042188669838081165,1.0127676486260588,0.012686659222463266,1.0,True,,False,False,gcd_k_not_2,0.0,False,1.0,True,FAMILY_F
5688,True,1,1,0.015468786551756786,0.02384662658391346,0.9988486817222848,0.0011519814263510147,1.0,True,,False,False,gcd_k_not_2,0.0,False,1.0,True,FAMILY_F
5694,True,13,1,0.041371465751267024,0.06584342359666248,1.0015142511879718,0.001513105577013021,1.0,True,,False,False,gcd_k_not_2,0.3,False,1.0,True,FAMILY_F
5697,True,23,1,0.030680610872364303,0.05078320105817767,1.0202754396837226,0.020071955818951732,1.0,True,,False,False,gcd_k_not_2,0.0,False,1.0,True,FAMILY_F
5698,True,4,2,2.7676735426627825,4.148274132527263,0.36596169921198796,0.9283397933540647,0.53,False,1.0,True,True,,0.0,False,0.5,False,FAMILY_Q
5699,True,4,2,2.7616386267721773,4.139242992259891,0.36773391563240226,0.9245454501656565,0.49444444444444446,False,1.0,True,True,,0.0,False,0.5,False,FAMILY_Q
5703,True,23,1,0.022189162984368325,0.03595092601027681,1.0088931357323756,0.008853766857173694,1.0,True,,False,False,gcd_k_not_2,0.0,False,1.0,True,FAMILY_F
5706,True,7,1,0.042159253323356335,0.06798050289212385,1.003347317917719,0.003341725009718387,1.0,True,,False,False,gcd_k_not_2,0.0,False,1.0,True,FAMILY_F
5708,True,19,1,0.03286309613239637,0.050290073062541955,1.0248175829696637,0.02451340128453981,1.0,True,,False,False,gcd_k_not_2,0.0,False,1.0,True,FAMILY_F
5709,True,19,1,0.021090543275220305,0.03571249720325119,0.9898621768133238,0.010189472723092325,1.0,True,,False,False,gcd_k_not_2,0.2111111111111111,False,1.0,True,FAMILY_F
5710,True,29,1,0.03280445203590923,0.05300481491908904,0.9959566683499149,0.004051522474611415,1.0,True,,False,False,gcd_k_not_2,0.06666666666666667,False,1.0,True,FAMILY_F
5711,True,14,2,2.7652444515905192,4.1446390650331955,0.3701455688954479,0.9193978295493281,0.47444444444444445,False,1.0,True,True,,0.0,False,0.5,False,FAMILY_Q
5712,True,19,1,0.03290941894985882,0.051724021840560686,1.0108546524420434,0.010796058709525533,1.0,True,,False,False,gcd_k_not_2,0.0,False,1.0,True,FAMILY_F
5713,True,23,1,0.040886302902341146,0.06169551183095959,1.0057370191845292,0.005720609561129411,1.0,True,,False,False,gcd_k_not_2,0.0,False,1.0,True,FAMILY_F
5719,True,7,1,0.03833853743905143,0.06208896586117415,1.0085700644097197,0.00853349809556013,1.0,True,,False,False,gcd_k_not_2,0.0,False,1.0,True,FAMILY_F
5720,True,7,1,0.0280118881208244,0.04482027836181872,0.960020954129565,0.04079450863645427,1.0,True,,False,False,gcd_k_not_2,0.0,False,1.0,True,FAMILY_F
5722,True,13,1,0.04514333089118981,0.0784900815121552,1.0059451166602755,0.005927496830196034,1.0,True,,False,False,gcd_k_not_2,0.0,False,1.0,True,FAMILY_F
5723,True,1,1,0.02861180181701521,0.0435336059872191,1.0027152691385208,0.0027115877931952162,1.0,True,,False,False,gcd_k_not_2,0.2,False,1.0,True,FAMILY_F
5724,True,23,1,0.026223961334570153,0.04262609985660895,1.0005912585786958,0.000591083837001018,1.0,True,,False,False,gcd_k_not_2,0.0,False,1.0,True,FAMILY_F
5725,True,22,2,2.752246411140089,4.125187876972463,0.3626504769200147,0.9354556195813033,0.5155555555555555,False,1.0,True,True,,0.0,False,0.5,False,FAMILY_Q
5729,True,29,1,0.024831403770789018,0.04186968730830166,1.0106808780509717,0.010624140476558476,1.0,True,,False,False,gcd_k_not_2,0.0,False,1.0,True,FAMILY_F
5731,True,17,1,0.02146805984482706,0.03630687130898116,0.9844347647263061,0.015687323715920385,1.0,True,,False,False,gcd_k_not_2,0.0,False,1.0,True,FAMILY_F
5734,True,1,1,0.024393055670939738,0.038618281062990395,1.010861345011126,0.01080267919821771,1.0,True,,False,False,gcd_k_not_2,0.0,False,1.0,True,FAMILY_F
5736,True,17,1,0.046228600634267245,0.0719740829180739,0.9983395997184198,0.001661779891480114,1.0,True,,False,False,gcd_k_not_2,0.0,False,1.0,True,FAMILY_F
5737,True,29,1,0.051755417088136864,0.07716909838282107,1.004483211817866,0.004473184700609277,1.0,True,,False,False,gcd_k_not_2,0.0,False,1.0,True,FAMILY_F
5740,True,16,2,2.75177376536382,4.124480691418196,0.36654603508959355,0.9270876335591226,0.5133333333333333,False,1.0,True,True,,0.0,False,0.5,False,FAMILY_Q
5752,True,14,2,2.7655791058731545,4.145139996925909,0.36886423300633514,0.9221305543319632,0.5122222222222222,False,1.0,True,True,,0.0,False,0.5,False,FAMILY_Q
5753,True,1,1,0.03743271750781403,0.060251998670289825,1.0158242458147142,0.015700025285010497,1.0,True,,False,False,gcd_k_not_2,0.0,False,1.0,True,FAMILY_F
5755,True,7,1,0.0361949117886912,0.060675130551491804,1.0280514363415096,0.027663436773687437,1.0,True,,False,False,gcd_k_not_2,0.0,False,1.0,True,FAMILY_F
5756,True,11,1,0.037594873184418745,0.06394000421010496,1.0113424836769318,0.01127852045982401,1.0,True,,False,False,gcd_k_not_2,0.0,False,1.0,True,FAMILY_F
5759,True,7,1,0.02060916582461025,0.0371723494688874,0.9858204815337162,0.014280765656453021,1.0,True,,False,False,gcd_k_not_2,0.0,False,1.0,True,FAMILY_F
5764,True,7,1,0.04307740592679562,0.06999430686595677,0.9972500932899634,0.002753692909340968,1.0,True,,False,False,gcd_k_not_2,0.3,False,1.0,True,FAMILY_F
5766,True,7,1,0.03332833359246043,0.05296782512310502,1.0067521364626382,0.006729417490034805,1.0,True,,False,False,gcd_k_not_2,0.0,False,1.0,True,FAMILY_F
5770,True,1,1,0.030255838824199764,0.04865690672708363,1.0049084561149448,0.0048964391366341,1.0,True,,False,False,gcd_k_not_2,0.4666666666666667,False,1.0,True,FAMILY_F
5772,True,14,2,2.764053174155606,4.142856392958956,0.3680886046089742,0.9237872360929988,0.5122222222222222,False,1.0,True,True,,0.0,False,0.5,False,FAMILY_Q
5773,True,1,1,0.03510133543061261,0.05159246159577109,0.9957104381258554,0.004298781819443633,1.0,True,,False,False,gcd_k_not_2,0.26666666666666666,False,1.0,True,FAMILY_F
5776,True,11,1,0.03376589449025671,0.05365566089389379,1.0163150434946917,0.01618303007491759,1.0,True,,False,False,gcd_k_not_2,0.2,False,1.0,True,FAMILY_F
5778,True,16,2,2.7655404124049348,4.14508193729579,0.36684458958597743,0.926448281301399,0.5122222222222222,False,1.0,True,True,,0.0,False,0.5,False,FAMILY_Q
5781,True,13,1,0.02788375901648762,0.044680525325617594,0.9931304516475651,0.006893225023737359,1.0,True,,False,False,gcd_k_not_2,0.0,False,1.0,True,FAMILY_F
5785,True,7,1,0.02530399648229048,0.04137440949494617,1.0185686235718767,0.018397812544038578,1.0,True,,False,False,gcd_k_not_2,0.0,False,1.0,True,FAMILY_F
5802,True,19,1,0.03449188354715555,0.053425252639222945,0.9966029247801532,0.0034028550972105354,1.0,True,,False,False,gcd_k_not_2,0.0,False,1.0,True,FAMILY_F
5803,True,29,1,0.03580700786157366,0.05294055518765134,0.9741695333837264,0.02616843809963998,1.0,True,,False,False,gcd_k_not_2,0.0,False,1.0,True,FAMILY_F
5808,True,13,1,0.028715708353333667,0.04396153981508917,1.0023954902681942,0.0023926245138250713,1.0,True,,False,False,gcd_k_not_2,0.31555555555555553,False,1.0,True,FAMILY_F
5815,True,19,1,0.03631149228726837,0.06197460158765612,0.9941437559144961,0.005873442241197218,1.0,True,,False,False,gcd_k_not_2,0.0,False,1.0,True,FAMILY_F
5817,True,13,1,0.027491555123665815,0.04751719495281419,0.9884417124219952,0.011625472857262044,1.0,True,,False,False,gcd_k_not_2,0.24,False,1.0,True,FAMILY_F
5819,True,19,1,0.03583530869171653,0.05781987711682086,0.9900518004010704,0.009997930302040051,1.0,True,,False,False,gcd_k_not_2,0.0,False,1.0,True,FAMILY_F
5821,True,28,2,2.760213091035666,4.1371099463836005,0.36583304368991465,0.9286156302044488,0.5011111111111111,False,1.0,True,True,,0.0,False,0.5,False,FAMILY_Q
5823,True,1,1,0.02962092078248016,0.04353165702592987,1.0057097785742977,0.005693524193072689,1.0,True,,False,False,gcd_k_not_2,0.0,False,1.0,True,FAMILY_F
5824,True,13,1,0.024364537241085612,0.040740192542384375,1.000924978974956,0.0009245513796621664,1.0,True,,False,False,gcd_k_not_2,0.3,False,1.0,True,FAMILY_F
5825,True,11,1,0.03425690473416019,0.05983757100340835,0.9993365904782351,0.0006636296508795644,1.0,True,,False,False,gcd_k_not_2,0.0,False,1.0,True,FAMILY_F
5830,True,13,1,0.04084943721042726,0.06695363171503539,1.0235743033193927,0.023299666615376892,1.0,True,,False,False,gcd_k_not_2,0.0,False,1.0,True,FAMILY_F
5831,True,17,1,0.022467026637357234,0.04186891812700731,1.0226466951614839,0.022393129967441836,1.0,True,,False,False,gcd_k_not_2,0.0,False,1.0,True,FAMILY_F
5833,True,1,1,0.034126540328548186,0.058857031043265465,0.9885129549900239,0.011553402235726179,1.0,True,,False,False,gcd_k_not_2,0.0,False,1.0,True,FAMILY_F
5834,True,23,1,0.023999653405954405,0.039136415153353185,0.9997761240408006,0.0002239010222273746,1.0,True,,False,False,gcd_k_not_2,0.0,False,1.0,True,FAMILY_F
5835,True,23,1,0.032571906938212956,0.049040630546101784,1.0159527115237303,0.01582647393715183,1.0,True,,False,False,gcd_k_not_2,0.0,False,1.0,True,FAMILY_F
5836,True,7,1,0.03970284665838554,0.0606067498934664,0.9999424027371872,5.759892158297405e-05,1.0,True,,False,False,gcd_k_not_2,0.0,False,1.0,True,FAMILY_F
5840,True,23,1,0.02451180967299184,0.04049541823324302,1.0190016997799087,0.018822866550315554,1.0,True,,False,False,gcd_k_not_2,0.0,False,1.0,True,FAMILY_F
5848,True,17,1,0.025335646994031256,0.04173798934075437,0.9973938930250473,0.00260950730254383,1.0,True,,False,False,gcd_k_not_2,0.0,False,1.0,True,FAMILY_F
5849,True,13,1,0.04029604635208604,0.0641740033137995,1.0059057491484311,0.005888361555310598,1.0,True,,False,False,gcd_k_not_2,0.0,False,1.0,True,FAMILY_F
5851,True,13,1,0.031191505882095513,0.048578020771758566,0.9841931691049592,0.01593275406967663,1.0,True,,False,False,gcd_k_not_2,0.0,False,1.0,True,FAMILY_F
5852,True,17,1,0.022967290931144014,0.03735936953244438,1.0013916084158714,0.0013906408021494934,1.0,True,,False,False,gcd_k_not_2,0.0,False,1.0,True,FAMILY_F
5854,True,11,1,0.027149099039552645,0.04202764193136101,1.0382745389904091,0.03755582308295628,1.0,True,,False,False,gcd_k_not_2,0.0,False,1.0,True,FAMILY_F
5860,True,29,1,0.043940727089186817,0.06888891964603974,1.0214733336469999,0.02124523068356213,1.0,True,,False,False,gcd_k_not_2,0.2311111111111111,False,1.0,True,FAMILY_F
5863,True,23,1,0.02609552891695568,0.04484026567581362,1.008012202884885,0.007980233260907531,1.0,True,,False,False,gcd_k_not_2,0.0,False,1.0,True,FAMILY_F
5864,True,26,2,2.765779789195114,4.145440606155952,0.3659794210575261,0.9283018018699316,0.4766666666666667,False,1.0,True,True,,0.0,False,0.5,False,FAMILY_Q
5865,True,23,1,0.03436952915122422,0.057323392282592416,0.9852282692989134,0.014881644523733558,1.0,True,,False,False,gcd_k_not_2,0.0,False,1.0,True,FAMILY_F
5867,True,11,1,0.03128075541104505,0.044783382717474444,1.006658093121966,0.006636001563781451,1.0,True,,False,False,gcd_k_not_2,0.0,False,1.0,True,FAMILY_F
5868,True,23,1,0.03046540860729271,0.05145916124729879,1.0163769801775584,0.016243966617905215,1.0,True,,False,False,gcd_k_not_2,0.0,False,1.0,True,FAMILY_F
5871,True,17,1,0.01763395164712027,0.03424500929590265,0.9988068782922794,0.0011938339022926642,1.0,True,,False,False,gcd_k_not_2,0.0,False,1.0,True,FAMILY_F
5874,True,7,1,0.02554909193192892,0.040734367949237765,0.9690143389248104,0.03147327113129046,1.0,True,,False,False,gcd_k_not_2,0.0,False,1.0,True,FAMILY_F
5880,True,8,2,2.7632272950049934,4.141620663468621,0.3689607606009821,0.9219245102715551,0.4866666666666667,False,1.0,True,True,,0.0,False,0.5,False,FAMILY_Q
5883,True,11,1,0.031178878518560698,0.049554796104046804,1.0043029405624033,0.004293702788457691,1.0,True,,False,False,gcd_k_not_2,0.36444444444444446,False,1.0,True,FAMILY_F
5884,True,1,1,0.0350349090221252,0.05609921370226867,0.9939086178793681,0.006109991266410547,1.0,True,,False,False,gcd_k_not_2,0.23333333333333334,False,1.0,True,FAMILY_F
5885,True,19,1,0.028254480749601255,0.04582437851692201,1.0310160065942344,0.03054235564223296,1.0,True,,False,False,gcd_k_not_2,0.0,False,1.0,True,FAMILY_F
5886,True,23,1,0.025683826738325786,0.04089574048257466,0.9689153634710979,0.031575391309966255,1.0,True,,False,False,gcd_k_not_2,0.0,False,1.0,True,FAMILY_F
5887,True,11,1,0.044349661252657456,0.06693176756540278,1.0203499665955975,0.020144991642104756,1.0,True,,False,False,gcd_k_not_2,0.0,False,1.0,True,FAMILY_F
5892,True,1,1,0.038939198718952975,0.061494114600227065,1.0049370331735934,0.0049248760354120074,1.0,True,,False,False,gcd_k_not_2,0.0,False,1.0,True,FAMILY_F
5893,True,7,1,0.031266891504501224,0.04749563688694479,1.0092883930950491,0.00924545538307867,1.0,True,,False,False,gcd_k_not_2,0.0,False,1.0,True,FAMILY_F
5894,True,11,1,0.026816415095407768,0.042900453441351995,1.0273381003770596,0.026969453562753033,1.0,True,,False,False,gcd_k_not_2,0.0,False,1.0,True,FAMILY_F
5895,True,29,1,0.023609223894366076,0.03786351526089557,0.9791641083415569,0.021055244050381002,1.0,True,,False,False,gcd_k_not_2,0.0,False,1.0,True,FAMILY_F
5899,True,17,1,0.03280054811196795,0.05230787188150353,0.9839900116234466,0.01613918243817453,1.0,True,,False,False,gcd_k_not_2,0.0,False,1.0,True,FAMILY_F
5900,True,13,1,0.027244103446823265,0.043295657930571635,0.9785763148367295,0.021655657153702875,1.0,True,,False,False,gcd_k_not_2,0.0,False,1.0,True,FAMILY_F
5901,True,23,1,0.031380130951482225,0.048192286502115295,1.0032988891272159,0.003293456752879469,1.0,True,,False,False,gcd_k_not_2,0.0,False,1.0,True,FAMILY_F
5902,True,7,1,0.03171310876269508,0.04880829037868209,1.0136661431540772,0.013573395173314552,1.0,True,,False,False,gcd_k_not_2,0.0,False,1.0,True,FAMILY_F
5908,True,17,1,0.031945856767669645,0.0492473773111733,1.0142187013299107,0.014118329176988157,1.0,True,,False,False,gcd_k_not_2,0.0,False,1.0,True,FAMILY_F
5910,True,23,1,0.029768527574245748,0.04722392468853332,0.9797232078872297,0.020484471800893633,1.0,True,,False,False,gcd_k_not_2,0.0,False,1.0,True,FAMILY_F
5911,True,11,1,0.028803234293169583,0.046905153478154764,0.9894925375824961,0.010562957356222948,1.0,True,,False,False,gcd_k_not_2,0.0,False,1.0,True,FAMILY_F
5913,True,17,1,0.035825306041367265,0.06061009499762054,0.9954212295039675,0.004589277119368645,1.0,True,,False,False,gcd_k_not_2,0.0,False,1.0,True,FAMILY_F
5916,True,29,1,0.05372727567407615,0.0882828542878671,0.9873682581086919,0.012712029428636784,1.0,True,,False,False,gcd_k_not_2,0.26666666666666666,False,1.0,True,FAMILY_F
5920,True,7,1,0.04259998774643652,0.07104867379659166,0.9979825990399144,0.002019437968133474,1.0,True,,False,False,gcd_k_not_2,0.0,False,1.0,True,FAMILY_F
5921,True,29,1,0.03126983556690989,0.046802342572918876,1.0135536916913193,0.013462458684113367,1.0,True,,False,False,gcd_k_not_2,0.0,False,1.0,True,FAMILY_F
5922,True,2,2,2.768737605263968,4.149866737181852,0.3644934978003924,0.931490700723843,0.5066666666666667,False,1.0,True,True,,0.0,False,0.5,False,FAMILY_Q
5929,True,11,1,0.03167215361714914,0.049911661737203614,0.9947508848063263,0.005262928051472767,1.0,True,,False,False,gcd_k_not_2,0.43333333333333335,False,1.0,True,FAMILY_F
5930,True,13,1,0.022233705334374288,0.036543868289078234,0.9996640284998571,0.000336027948049743,1.0,True,,False,False,gcd_k_not_2,0.0,False,1.0,True,FAMILY_F
5932,True,11,1,0.03605328062352803,0.055736690670806825,1.0070933248534955,0.007068256135038757,1.0,True,,False,False,gcd_k_not_2,0.0,False,1.0,True,FAMILY_F
5933,True,29,1,0.05113689946107265,0.07583892955959551,0.9954738489071789,0.004536417347989577,1.0,True,,False,False,gcd_k_not_2,0.0,False,1.0,True,FAMILY_F
5934,True,28,2,2.7594070342668813,4.135903867222218,0.3582943430060043,0.9448698071934164,0.53,False,1.0,True,True,,0.0,False,0.5,False,FAMILY_Q
5935,True,7,1,0.025925615083345278,0.04333968283909664,0.9965847443630783,0.0034210975983502813,1.0,True,,False,False,gcd_k_not_2,0.0,False,1.0,True,FAMILY_F
5939,True,11,1,0.02101452953452018,0.029979611155956095,1.0126599412001671,0.012580308219000826,1.0,True,,False,False,gcd_k_not_2,0.0,False,1.0,True,FAMILY_F
5942,True,29,1,0.04568102745738895,0.07478330258473054,1.0078332162873391,0.007802656339975626,1.0,True,,False,False,gcd_k_not_2,0.0,False,1.0,True,FAMILY_F
5944,True,26,2,2.7629428698760914,4.141194914151523,0.36493869293833686,0.9305345512545345,0.5155555555555555,False,1.0,True,True,,0.0,False,0.5,False,FAMILY_Q
5946,True,23,1,0.03206092271169805,0.05069943535987833,1.0055088464379631,0.0054937144233968335,1.0,True,,False,False,gcd_k_not_2,0.0,False,1.0,True,FAMILY_F
5951,True,13,1,0.04423604685139098,0.06983132834270493,0.9864760219174336,0.013616049661160819,1.0,True,,False,False,gcd_k_not_2,0.0,False,1.0,True,FAMILY_F
5953,True,1,1,0.02560447438656661,0.039336825305565565,0.9948593090179232,0.00515393838436414,1.0,True,,False,False,gcd_k_not_2,0.0,False,1.0,True,FAMILY_F
5954,True,17,1,0.03547542983685415,0.05485272308247948,0.9865804190948706,0.013510231728996553,1.0,True,,False,False,gcd_k_not_2,0.0,False,1.0,True,FAMILY_F
5955,True,1,1,0.02868904826325201,0.044200134690617045,0.9985365996734455,0.001464471880868849,1.0,True,,False,False,gcd_k_not_2,0.0,False,1.0,True,FAMILY_F
5958,True,16,2,2.7581291742149134,4.133991429174712,0.37155363968303984,0.9164007037481837,0.5011111111111111,False,1.0,True,True,,0.0,False,0.5,False,FAMILY_Q
5963,True,13,1,0.03847575339875083,0.059969207137803224,1.0010914133568978,0.0010908180901809258,1.0,True,,False,False,gcd_k_not_2,0.23333333333333334,False,1.0,True,FAMILY_F
5964,True,26,2,2.7728082994968357,4.15595808569778,0.36501465636876473,0.93037146622357,0.5033333333333333,False,1.0,True,True,,0.0,False,0.5,False,FAMILY_Q
5969,True,14,2,2.757482850465182,4.133024306787308,0.3650568253409887,0.9302809419679706,0.4855555555555556,False,1.0,True,True,,0.0,False,0.5,False,FAMILY_Q
5970,True,7,1,0.022770093479405288,0.03623833279090687,0.9939641604294391,0.006054110390089416,1.0,True,,False,False,gcd_k_not_2,0.0,False,1.0,True,FAMILY_F
5971,True,7,1,0.0187891164313477,0.03525543368070494,0.9992767081242808,0.0007235535459198943,1.0,True,,False,False,gcd_k_not_2,0.0,False,1.0,True,FAMILY_F
5973,True,23,1,0.023607044772918667,0.04127899939890283,0.9910979438236259,0.008941856631401008,1.0,True,,False,False,gcd_k_not_2,0.0,False,1.0,True,FAMILY_F
5974,True,23,1,0.04168786696358197,0.06623520037198913,1.006396949099088,0.006376553853872573,1.0,True,,False,False,gcd_k_not_2,0.0,False,1.0,True,FAMILY_F
5980,True,1,1,0.03729188341692695,0.06094087263277997,1.001504858015746,0.0015037265682559867,1.0,True,,False,False,gcd_k_not_2,0.0,False,1.0,True,FAMILY_F
5983,True,17,1,0.028993836273523504,0.04401652332185087,0.9969634765946483,0.0030411406527371225,1.0,True,,False,False,gcd_k_not_2,0.3333333333333333,False,1.0,True,FAMILY_F
5984,True,29,1,0.039820815121398935,0.062481133721659775,0.9917699388150486,0.008264068077910296,1.0,True,,False,False,gcd_k_not_2,0.0,False,1.0,True,FAMILY_F
5985,True,11,1,0.03489678513731817,0.057455562990170926,0.9705449805300429,0.02989530283346707,1.0,True,,False,False,gcd_k_not_2,0.04,False,1.0,True,FAMILY_F
5988,True,16,2,2.77542368596649,4.159872033693589,0.36017988236809917,0.9407875030734343,0.52,False,1.0,True,True,,0.0,False,0.5,False,FAMILY_Q
5992,True,17,1,0.03545779444534776,0.05607297454519061,1.0066158752452565,0.00659406249783394,1.0,True,,False,False,gcd_k_not_2,0.0,False,1.0,True,FAMILY_F
5993,True,29,1,0.04585207439597738,0.06900370456373996,0.9873932039177663,0.012686765817032883,1.0,True,,False,False,gcd_k_not_2,0.0,False,1.0,True,FAMILY_F
5996,True,28,2,2.769876176261793,4.151570479124629,0.3617371188122657,0.9374245180955925,0.5011111111111111,False,1.0,True,True,,0.0,False,0.5,False,FAMILY_Q
5997,True,19,1,0.03750454268341037,0.06270518298629629,0.9790209733725689,0.021201419196360958,1.0,True,,False,False,gcd_k_not_2,0.0,False,1.0,True,FAMILY_F
5999,True,17,1,0.030581355817809294,0.048066848424664306,0.9962636126403757,0.0037433807198262747,1.0,True,,False,False,gcd_k_not_2,0.0,False,1.0,True,FAMILY_F
6004,True,17,1,0.042329716689436414,0.06346067163121984,0.9941967196933647,0.005820168340792008,1.0,True,,False,False,gcd_k_not_2,0.0,False,1.0,True,FAMILY_F
6007,True,29,1,0.034163387493731726,0.050058756155077565,1.008271956937552,0.008237885221647066,1.0,True,,False,False,gcd_k_not_2,0.0,False,1.0,True,FAMILY_F
6009,True,23,1,0.04055424038119736,0.07026904996105833,0.9806387292686232,0.019550532305834784,1.0,True,,False,False,gcd_k_not_2,0.0,False,1.0,True,FAMILY_F
6011,True,17,1,0.04291933551270799,0.0695305420569378,0.9987605809675567,0.0012401875884938305,1.0,True,,False,False,gcd_k_not_2,0.20222222222222222,False,1.0,True,FAMILY_F
6012,True,23,1,0.02832500215932963,0.04693603880377228,1.011066260724158,0.011005366596099294,1.0,True,,False,False,gcd_k_not_2,0.0,False,1.0,True,FAMILY_F
6014,True,11,1,0.025745897022224077,0.04204908197271475,1.0192724586032227,0.019088517273745047,1.0,True,,False,False,gcd_k_not_2,0.0,False,1.0,True,FAMILY_F
6016,True,11,1,0.035262929521220863,0.05643002468979486,0.9761564731042229,0.024131213515013558,1.0,True,,False,False,gcd_k_not_2,0.0,False,1.0,True,FAMILY_F
6019,True,13,1,0.02825367651051806,0.044870580504627784,0.9830010176793521,0.017144703577148184,1.0,True,,False,False,gcd_k_not_2,0.0,False,1.0,True,FAMILY_F
6023,True,17,1,0.051976984717117085,0.08469521919614852,0.9958914554244973,0.004117002018658275,1.0,True,,False,False,gcd_k_not_2,0.0,False,1.0,True,FAMILY_F
6029,True,17,1,0.038787821329446026,0.06658186853809278,0.990650242141445,0.00939367213850374,1.0,True,,False,False,gcd_k_not_2,0.26666666666666666,False,1.0,True,FAMILY_F
6031,True,17,1,0.03972396989931688,0.06378542434559843,0.988501129050433,0.011565365270934606,1.0,True,,False,False,gcd_k_not_2,0.0,False,1.0,True,FAMILY_F
6033,True,1,1,0.026595024493311522,0.042216858829137095,1.007375255071385,0.007348157802336535,1.0,True,,False,False,gcd_k_not_2,0.0,False,1.0,True,FAMILY_F
6035,True,29,1,0.047595199297488525,0.07973362242709454,0.9914893861982943,0.008546983841025918,1.0,True,,False,False,gcd_k_not_2,0.26666666666666666,False,1.0,True,FAMILY_F
6038,True,7,1,0.03174966248902047,0.05276135620593498,1.0008813333938356,0.0008809451906283486,1.0,True,,False,False,gcd_k_not_2,0.3,False,1.0,True,FAMILY_F
6040,True,29,1,0.02004572697689716,0.030084935357533874,1.000812041476346,0.0008117119044793582,1.0,True,,False,False,gcd_k_not_2,0.0,False,1.0,True,FAMILY_F
6042,True,29,1,0.030040756492447116,0.05155270070910599,1.0110218150300825,0.010961407725870525,1.0,True,,False,False,gcd_k_not_2,0.0,False,1.0,True,FAMILY_F
6045,True,1,1,0.02548071159451709,0.03633438783391934,0.9816678448556443,0.018501743561056862,1.0,True,,False,False,gcd_k_not_2,0.36666666666666664,False,1.0,True,FAMILY_F
6047,True,29,1,0.01643727422053003,0.02498037229851479,0.9895170991821786,0.010538135934725626,1.0,True,,False,False,gcd_k_not_2,0.0,False,1.0,True,FAMILY_F
6049,True,7,1,0.032164184158407216,0.04998850062466957,0.9906843339000817,0.009359259970331223,1.0,True,,False,False,gcd_k_not_2,0.0,False,1.0,True,FAMILY_F
6051,True,7,1,0.03467545499276853,0.05580991656448096,1.0141073300624797,0.014008518664238353,1.0,True,,False,False,gcd_k_not_2,0.0,False,1.0,True,FAMILY_F
6052,True,1,1,0.026785799415924245,0.04421843743076075,1.0045990800498303,0.004588528544786152,1.0,True,,False,False,gcd_k_not_2,0.0,False,1.0,True,FAMILY_F
6053,True,7,1,0.03511946783928714,0.05754840795132695,1.00144075297642,0.0014397158389798021,1.0,True,,False,False,gcd_k_not_2,0.0,False,1.0,True,FAMILY_F
6056,True,13,1,0.04374159176341376,0.06790764561481095,0.9960177421631605,0.00399020284511469,1.0,True,,False,False,gcd_k_not_2,0.0,False,1.0,True,FAMILY_F
6057,True,1,1,0.026661696087289723,0.0447671122536603,0.9739054894362321,0.02643947311907092,1.0,True,,False,False,gcd_k_not_2,0.0,False,1.0,True,FAMILY_F
6058,True,19,1,0.03408974516447369,0.051154684581021216,1.0015157453497359,0.00151459747769418,1.0,True,,False,False,gcd_k_not_2,0.0,False,1.0,True,FAMILY_F
6061,True,17,1,0.020928567823615435,0.03679396741717608,0.9834506161782056,0.01668746747391411,1.0,True,,False,False,gcd_k_not_2,0.0,False,1.0,True,FAMILY_F
6064,True,17,1,0.03338867451504838,0.053374848689195405,1.008895734466318,0.008856342630127951,1.0,True,,False,False,gcd_k_not_2,0.0,False,1.0,True,FAMILY_F
6065,True,17,1,0.030187273724505203,0.04682724938023595,0.9971185394178258,0.002885617979405621,1.0,True,,False,False,gcd_k_not_2,0.0,False,1.0,True,FAMILY_F
6067,True,22,2,2.7704589489037756,4.152442468033407,0.3691304412823718,0.921562386892421,0.5133333333333333,False,1.0,True,True,,0.0,False,0.5,False,FAMILY_Q
6068,True,17,1,0.023936218710296376,0.04084595637870424,0.9734020394250685,0.026956453924290538,1.0,True,,False,False,gcd_k_not_2,0.0,False,1.0,True,FAMILY_F
6069,True,11,1,0.03345624205231761,0.05437061291431619,0.9929685873604902,0.00705622023759273,1.0,True,,False,False,gcd_k_not_2,0.0,False,1.0,True,FAMILY_F
6070,True,1,1,0.04295970073762366,0.07271721829676252,1.001512060322042,0.0015109180224461346,1.0,True,,False,False,gcd_k_not_2,0.0,False,1.0,True,FAMILY_F
6073,True,8,2,2.76653142649267,4.146564946768331,0.36844397396833173,0.9230279617516642,0.46555555555555556,False,1.0,True,True,,0.0,False,0.5,False,FAMILY_Q
6079,True,11,1,0.031725674862171316,0.04875714651025157,1.0063370273314414,0.006317011793247953,1.0,True,,False,False,gcd_k_not_2,0.0,False,1.0,True,FAMILY_F
6080,True,13,1,0.034656232718984055,0.05585360012946617,1.0065906575497297,0.006569010500405229,1.0,True,,False,False,gcd_k_not_2,0.0,False,1.0,True,FAMILY_F
6083,True,7,1,0.031272511902079844,0.05016873260667541,1.0146302265430904,0.014523981969827236,1.0,True,,False,False,gcd_k_not_2,0.0,False,1.0,True,FAMILY_F
6087,True,1,1,0.03326536207299018,0.052893869695637724,1.0062635090338181,0.006243954501105887,1.0,True,,False,False,gcd_k_not_2,0.0,False,1.0,True,FAMILY_F
6088,True,19,1,0.025367016892197624,0.043384624956161424,1.0044878896527645,0.004477841623220696,1.0,True,,False,False,gcd_k_not_2,0.0,False,1.0,True,FAMILY_F
6089,True,17,1,0.021639893688120037,0.03766195268813099,0.9825437067039366,0.01760999592295007,1.0,True,,False,False,gcd_k_not_2,0.0,False,1.0,True,FAMILY_F
6090,True,1,1,0.0324290699152992,0.05133942583473472,0.9974140637152639,0.002589284146649321,1.0,True,,False,False,gcd_k_not_2,0.0,False,1.0,True,FAMILY_F
6097,True,13,1,0.04111265337930374,0.068207833053437,1.0023744930486311,0.002371677283020092,1.0,True,,False,False,gcd_k_not_2,0.2,False,1.0,True,FAMILY_F
6100,True,19,1,0.025062471968576187,0.0401054738180615,0.9832598269758939,0.016881472408617135,1.0,True,,False,False,gcd_k_not_2,0.0,False,1.0,True,FAMILY_F
6101,True,11,1,0.040113104744806546,0.05968817226813397,1.0162101815515066,0.016079852884219138,1.0,True,,False,False,gcd_k_not_2,0.0,False,1.0,True,FAMILY_F
6102,True,11,1,0.029390341155029705,0.048458947268807735,0.9941719561285943,0.005845076552696064,1.0,True,,False,False,gcd_k_not_2,0.26666666666666666,False,1.0,True,FAMILY_F
6107,True,22,2,2.7636606404020316,4.1422689318382595,0.3632792720368787,0.9341016782449798,0.48333333333333334,False,1.0,True,True,,0.0,False,0.5,False,FAMILY_Q
6109,True,22,2,2.768788534820859,4.149942610323841,0.3685881399453901,0.9227200523304325,0.5222222222222223,False,1.0,True,True,,0.0,False,0.5,False,FAMILY_Q
6112,True,7,1,0.03455808625118431,0.05436510395537849,0.9943171561171326,0.005699037252361359,1.0,True,,False,False,gcd_k_not_2,0.0,False,1.0,True,FAMILY_F
6114,True,26,2,2.7675245827764874,4.148051265397292,0.37126903994240096,0.9170059875106762,0.4955555555555556,False,1.0,True,True,,0.16666666666666666,False,0.5,False,FAMILY_Q
6121,True,19,1,0.03983849602928281,0.06562140234755663,1.0020097420147938,0.0020077245106422618,1.0,True,,False,False,gcd_k_not_2,0.0,False,1.0,True,FAMILY_F
6122,True,4,2,2.76702666950888,4.14730600475564,0.36413789349031195,0.9322548835334497,0.51,False,1.0,True,True,,0.0,False,0.5,False,FAMILY_Q
6125,True,1,1,0.025498405477014163,0.04271609622021213,0.9910855791078194,0.008954332235357848,1.0,True,,False,False,gcd_k_not_2,0.0,False,1.0,True,FAMILY_F
6127,True,19,1,0.036080699424137594,0.05635887855946835,0.9764919588442185,0.02378764158446477,1.0,True,,False,False,gcd_k_not_2,0.0,False,1.0,True,FAMILY_F
6131,True,29,1,0.03751116343972739,0.06275123259166497,1.0124600893424984,0.012382943054109695,1.0,True,,False,False,gcd_k_not_2,0.0,False,1.0,True,FAMILY_F
6132,True,7,1,0.03056781644393369,0.04865825605697091,0.9929179455287873,0.007107221335531235,1.0,True,,False,False,gcd_k_not_2,0.2,False,1.0,True,FAMILY_F
6134,True,7,1,0.02849272709176738,0.045844835489807896,1.0229674528235249,0.022706695346450943,1.0,True,,False,False,gcd_k_not_2,0.0,False,1.0,True,FAMILY_F
6135,True,29,1,0.05456377854221303,0.08663444363487034,0.9940070600675587,0.00601095156828412,1.0,True,,False,False,gcd_k_not_2,0.16666666666666666,False,1.0,True,FAMILY_F
6137,True,7,1,0.0422611298037577,0.0651660471800185,0.9864196155877233,0.013673228260242212,1.0,True,,False,False,gcd_k_not_2,0.0,False,1.0,True,FAMILY_F
6142,True,17,1,0.02792076714376366,0.04511179869126811,0.9896915445245061,0.010361862876546914,1.0,True,,False,False,gcd_k_not_2,0.0,False,1.0,True,FAMILY_F
6144,True,1,1,0.033191089063204365,0.051055377713363055,0.9948615651025094,0.005151670659639504,1.0,True,,False,False,gcd_k_not_2,0.0,False,1.0,True,FAMILY_F
6145,True,7,1,0.015834768976161127,0.027793509710603372,1.0042909333372154,0.004281746991761089,1.0,True,,False,False,gcd_k_not_2,0.0,False,1.0,True,FAMILY_F
6149,True,17,1,0.034505936539434665,0.054208695742435815,0.999482892400033,0.0005172413346795748,1.0,True,,False,False,gcd_k_not_2,0.0,False,1.0,True,FAMILY_F
6150,True,17,1,0.03148670815419387,0.051878962523313414,0.9950570573138057,0.00495518929453541,1.0,True,,False,False,gcd_k_not_2,0.0,False,1.0,True,FAMILY_F
6153,True,13,1,0.016795224288222218,0.026695394024766214,0.9721773411148459,0.02821516940198324,1.0,True,,False,False,gcd_k_not_2,0.0,False,1.0,True,FAMILY_F
6159,True,7,1,0.035767102170636556,0.056903819363079956,0.9875685003456305,0.01250925404805692,1.0,True,,False,False,gcd_k_not_2,0.0,False,1.0,True,FAMILY_F
6168,True,2,2,2.764633500686047,4.143724818131876,0.36801792101396746,0.92393830413802,0.5155555555555555,False,1.0,True,True,,0.0,False,0.5,False,FAMILY_Q
6176,True,17,1,0.03719796137383674,0.060284465525549516,0.9905247667845437,0.009520336921768026,1.0,True,,False,False,gcd_k_not_2,0.0,False,1.0,True,FAMILY_F
6177,True,29,1,0.04587033647301957,0.08211281653590705,0.9991858334824403,0.0008144980860948388,1.0,True,,False,False,gcd_k_not_2,0.1,False,1.0,True,FAMILY_F
6181,True,17,1,0.044682175899357496,0.07435308343040453,0.9900041191219064,0.010046090640761304,1.0,True,,False,False,gcd_k_not_2,0.0,False,1.0,True,FAMILY_F
6182,True,13,1,0.03166649349343401,0.05253978193567113,1.0078423917214723,0.007811760279399547,1.0,True,,False,False,gcd_k_not_2,0.23333333333333334,False,1.0,True,FAMILY_F
6183,True,23,1,0.03626049835310837,0.06325305293792703,0.9824158877083751,0.017740084107126172,1.0,True,,False,False,gcd_k_not_2,0.26666666666666666,False,1.0,True,FAMILY_F
6185,True,11,1,0.022432942045841908,0.032809332931882894,0.9993120285294569,0.0006882082043482744,1.0,True,,False,False,gcd_k_not_2,0.0,False,1.0,True,FAMILY_F
6189,True,23,1,0.02785099375910036,0.044523630900723664,0.9824929286417736,0.01766167344689664,1.0,True,,False,False,gcd_k_not_2,0.0,False,1.0,True,FAMILY_F
6190,True,7,1,0.03268572428927406,0.053309189349152665,0.9952560839194348,0.004755195204062593,1.0,True,,False,False,gcd_k_not_2,0.0,False,1.0,True,FAMILY_F
6192,True,19,1,0.04206404444519221,0.06445655937141953,1.0093552460040947,0.009311689431422406,1.0,True,,False,False,gcd_k_not_2,0.0,False,1.0,True,FAMILY_F
6193,True,29,1,0.02785612057761734,0.04849294099939213,1.0133316155137797,0.013243337968820133,1.0,True,,False,False,gcd_k_not_2,0.0,False,1.0,True,FAMILY_F
6195,True,17,1,0.032847726603691105,0.0520151817518644,1.0034200800491127,0.0034142415593925923,1.0,True,,False,False,gcd_k_not_2,0.23333333333333334,False,1.0,True,FAMILY_F
6196,True,7,1,0.031010507099219112,0.04994915388138891,0.9893255314871983,0.010731746357089844,1.0,True,,False,False,gcd_k_not_2,0.06666666666666667,False,1.0,True,FAMILY_F
6197,True,19,1,0.03676964692105546,0.06040997746245712,0.987236536453244,0.012845439697415927,1.0,True,,False,False,gcd_k_not_2,0.0,False,1.0,True,FAMILY_F
6198,True,13,1,0.04793037220246355,0.0770837809143698,1.0026226349924248,0.0026192003891283735,1.0,True,,False,False,gcd_k_not_2,0.0,False,1.0,True,FAMILY_F
6199,True,7,1,0.01644903794788548,0.025082194438782963,1.0016970538977323,0.0016956151226059217,1.0,True,,False,False,gcd_k_not_2,0.0,False,1.0,True,FAMILY_F
6201,True,17,1,0.030692279577922883,0.0489941907163453,1.0053151706151562,0.005301082536094055,1.0,True,,False,False,gcd_k_not_2,0.0,False,1.0,True,FAMILY_F
6205,True,8,2,2.769991567316882,4.151743072418411,0.3672969819254147,0.9254800185159758,0.49333333333333335,False,1.0,True,True,,0.0,False,0.5,False,FAMILY_Q
6207,True,13,1,0.022995896402214326,0.035495008635663294,1.043231971087848,0.0423172421923592,1.0,True,,False,False,gcd_k_not_2,0.0,False,1.0,True,FAMILY_F
6210,True,13,1,0.026102540090115072,0.04257333333324608,1.0202737613433053,0.02007031099569883,1.0,True,,False,False,gcd_k_not_2,0.0,False,1.0,True,FAMILY_F
6212,True,13,1,0.031363002878421635,0.05042244837622567,1.001322897281155,0.0013220228309506344,1.0,True,,False,False,gcd_k_not_2,0.0,False,1.0,True,FAMILY_F
6225,True,7,1,0.024250625540177616,0.04019935467637032,0.9948880253266457,0.0051250742983604365,1.0,True,,False,False,gcd_k_not_2,0.0,False,1.0,True,FAMILY_F
6226,True,7,1,0.028621484714863095,0.04630074945489377,1.0011774174107482,0.0011767246626953076,1.0,True,,False,False,gcd_k_not_2,0.36666666666666664,False,1.0,True,FAMILY_F
6227,True,7,1,0.03698236217262089,0.05867617229531248,0.9690302408137969,0.031456864952367,1.0,True,,False,False,gcd_k_not_2,0.0,False,1.0,True,FAMILY_F
6238,True,19,1,0.0257886941718221,0.04247388653430289,0.9979992465573903,0.0020027569540450054,1.0,True,,False,False,gcd_k_not_2,0.0,False,1.0,True,FAMILY_F
6239,True,1,1,0.018115067862671943,0.030837843008192638,1.0054279055224093,0.005413214314473499,1.0,True,,False,False,gcd_k_not_2,0.0,False,1.0,True,FAMILY_F
6244,True,29,1,0.041492224182222155,0.062151721166437836,0.9907898606102054,0.009252748943549076,1.0,True,,False,False,gcd_k_not_2,0.0,False,1.0,True,FAMILY_F
6250,True,29,1,0.018972409093531265,0.032177612651498017,0.9808813862248065,0.0193031383990437,1.0,True,,False,False,gcd_k_not_2,0.0,False,1.0,True,FAMILY_F
6252,True,13,1,0.01795137292459217,0.028911879967582467,1.0175505506908535,0.017397879507746527,1.0,True,,False,False,gcd_k_not_2,0.0,False,1.0,True,FAMILY_F
6258,True,1,1,0.0287832903421189,0.04659633281653678,0.9898928958299572,0.010158440377593492,1.0,True,,False,False,gcd_k_not_2,0.0,False,1.0,True,FAMILY_F
6260,True,29,1,0.02558455293345534,0.041622053397862374,1.0102780149679904,0.010225466220555715,1.0,True,,False,False,gcd_k_not_2,0.0,False,1.0,True,FAMILY_F
6262,True,26,2,2.7702110139786384,4.152071399549607,0.36773422580089266,0.9245447869506619,0.49444444444444446,False,1.0,True,True,,0.25,False,0.5,False,FAMILY_Q
6264,True,17,1,0.02133612146030914,0.03630297181577229,0.9897590789395441,0.010293629182397223,1.0,True,,False,False,gcd_k_not_2,0.0,False,1.0,True,FAMILY_F
6266,True,23,1,0.03588832135316533,0.06047459729638093,0.9977456978931377,0.002256845913110682,1.0,True,,False,False,gcd_k_not_2,0.0,False,1.0,True,FAMILY_F
6268,True,17,1,0.02695620961362562,0.041627895480764225,0.9968801367139232,0.0031247376632339507,1.0,True,,False,False,gcd_k_not_2,0.16666666666666666,False,1.0,True,FAMILY_F
6269,True,17,1,0.03772401162417196,0.06262679065860617,1.001629774169186,0.0016284471686203279,1.0,True,,False,False,gcd_k_not_2,0.0,False,1.0,True,FAMILY_F
6272,True,1,1,0.02906826541599257,0.0503066163291034,0.9852914098569481,0.014817562872658334,1.0,True,,False,False,gcd_k_not_2,0.0,False,1.0,True,FAMILY_F
6273,True,11,1,0.04166287500144695,0.06710962732934111,0.9840585485727366,0.01606953730143817,1.0,True,,False,False,gcd_k_not_2,0.0,False,1.0,True,FAMILY_F
6277,True,19,1,0.0229599903511841,0.03693540922444578,0.9901622384658164,0.009886391515263956,1.0,True,,False,False,gcd_k_not_2,0.0,False,1.0,True,FAMILY_F
6279,True,23,1,0.04316505155556289,0.06499762152307352,0.9878202783879517,0.012254348891063254,1.0,True,,False,False,gcd_k_not_2,0.0,False,1.0,True,FAMILY_F
6282,True,29,1,0.0431849446828779,0.07324716606972954,0.9910039497534154,0.009036697539147211,1.0,True,,False,False,gcd_k_not_2,0.03333333333333333,False,1.0,True,FAMILY_F
6283,True,17,1,0.02348607924045123,0.036192135410765484,1.016401410335999,0.01626800125404201,1.0,True,,False,False,gcd_k_not_2,0.0,False,1.0,True,FAMILY_F
6284,True,11,1,0.03718958404750407,0.05984463343136825,1.020465960099882,0.020258653700723866,1.0,True,,False,False,gcd_k_not_2,0.0,False,1.0,True,FAMILY_F
6287,True,4,2,2.772668658137179,4.155749036276056,0.37023159610736206,0.9192145410771766,0.5277777777777778,False,1.0,True,True,,0.0,False,0.5,False,FAMILY_Q
6289,True,17,1,0.044278078054762034,0.07253407082815173,0.9945420897346491,0.00547284541493637,1.0,True,,False,False,gcd_k_not_2,0.0,False,1.0,True,FAMILY_F
6290,True,1,1,0.056383648719835526,0.08490236893746748,0.9974826815857633,0.0025204908532556088,1.0,True,,False,False,gcd_k_not_2,0.0,False,1.0,True,FAMILY_F
6297,True,1,1,0.020055784990956796,0.032423932492974934,1.00846101716192,0.008425373546832196,1.0,True,,False,False,gcd_k_not_2,0.0,False,1.0,True,FAMILY_F
6298,True,29,1,0.018835070434654492,0.033539722875301,0.9917034988849365,0.008331060441183494,1.0,True,,False,False,gcd_k_not_2,0.0,False,1.0,True,FAMILY_F
6301,True,19,1,0.0300946456977417,0.05008407729484021,1.0039882382916339,0.003980301097010165,1.0,True,,False,False,gcd_k_not_2,0.0,False,1.0,True,FAMILY_F
6304,True,29,1,0.03343492782608634,0.05547898122245742,1.0308398889992147,0.030371561210974982,1.0,True,,False,False,gcd_k_not_2,0.0,False,1.0,True,FAMILY_F
6310,True,1,1,0.029576887809344785,0.0499027588034357,1.0432465897972414,0.04233124872268396,1.0,True,,False,False,gcd_k_not_2,0.0,False,1.0,True,FAMILY_F
6311,True,2,2,2.7659678170028594,4.145721671640074,0.366418609920435,0.927360598691579,0.49666666666666665,False,1.0,True,True,,0.0,False,0.5,False,FAMILY_Q
6312,True,19,1,0.02333919675451923,0.03950547773808229,1.0132433261980252,0.013156210206378744,1.0,True,,False,False,gcd_k_not_2,0.0,False,1.0,True,FAMILY_F
6316,True,7,1,0.03463393847212967,0.05483282108798284,0.9944323148274781,0.005583228000398272,1.0,True,,False,False,gcd_k_not_2,0.0,False,1.0,True,FAMILY_F
6317,True,7,1,0.03596007693254284,0.059207845421425875,1.0087302329322807,0.008692290073751262,1.0,True,,False,False,gcd_k_not_2,0.0,False,1.0,True,FAMILY_F
6323,True,11,1,0.04175883720240056,0.06600588116076558,0.9790412942737018,0.021180665392825954,1.0,True,,False,False,gcd_k_not_2,0.0,False,1.0,True,FAMILY_F
6330,True,11,1,0.034115978445126476,0.053398032579039155,1.000367453836097,0.0003673863373375403,1.0,True,,False,False,gcd_k_not_2,0.26666666666666666,False,1.0,True,FAMILY_F
6341,True,1,1,0.03043911354817235,0.04633654249407841,1.0051139696048519,0.00510092661302405,1.0,True,,False,False,gcd_k_not_2,0.0,False,1.0,True,FAMILY_F
6347,True,11,1,0.025149165587506413,0.038036771771487815,0.9910893144416002,0.008950563386352953,1.0,True,,False,False,gcd_k_not_2,0.0,False,1.0,True,FAMILY_F
6350,True,7,1,0.029471181062998685,0.04894613125766554,1.0029932729830924,0.002988799836191711,1.0,True,,False,False,gcd_k_not_2,0.0,False,1.0,True,FAMILY_F
6351,True,13,1,0.02229824356643773,0.03558582924876204,0.9930541108243274,0.0069700959326185535,1.0,True,,False,False,gcd_k_not_2,0.0,False,1.0,True,FAMILY_F
6353,True,29,1,0.03578017918157303,0.057879810181915604,1.0029504300129883,0.0029460839058001544,1.0,True,,False,False,gcd_k_not_2,0.0,False,1.0,True,FAMILY_F
6356,True,29,1,0.030679242322870014,0.04890769122560656,1.006748869292147,0.006726172263425814,1.0,True,,False,False,gcd_k_not_2,0.0,False,1.0,True,FAMILY_F
6357,True,8,2,2.767895591805774,4.148606463412726,0.36721158810311594,0.925662739261626,0.49777777777777776,False,1.0,True,True,,0.0,False,0.5,False,FAMILY_Q
6364,True,29,1,0.02126092574742261,0.033697785806768826,1.0184904820579126,0.01832109908099352,1.0,True,,False,False,gcd_k_not_2,0.0,False,1.0,True,FAMILY_F
6365,True,29,1,0.0361793149077354,0.05662169418974944,0.9962714344407645,0.003735529642821316,1.0,True,,False,False,gcd_k_not_2,0.0,False,1.0,True,FAMILY_F
6366,True,23,1,0.03472982866865299,0.05977040742657101,1.0154256124095564,0.015307548256384609,1.0,True,,False,False,gcd_k_not_2,0.14666666666666667,False,1.0,True,FAMILY_F
6367,True,1,1,0.02521123950786913,0.04065696332947795,0.9619964580025677,0.03873966422561462,1.0,True,,False,False,gcd_k_not_2,0.0,False,1.0,True,FAMILY_F
6371,True,23,1,0.031797998330499316,0.04984747290227008,0.9805917826650871,0.019598402361133863,1.0,True,,False,False,gcd_k_not_2,0.0,False,1.0,True,FAMILY_F
6372,True,14,2,2.765361805413296,4.144814615719614,0.36757077339751076,0.924894329280407,0.5044444444444445,False,1.0,True,True,,0.0,False,0.5,False,FAMILY_Q
6376,True,11,1,0.03620341721378799,0.05984703645894644,1.0005382896731945,0.0005381448342910788,1.0,True,,False,False,gcd_k_not_2,0.006666666666666667,False,1.0,True,FAMILY_F
6381,True,7,1,0.04446683268304824,0.0770430031595427,1.0152592901248123,0.015143748697337353,1.0,True,,False,False,gcd_k_not_2,0.23333333333333334,False,1.0,True,FAMILY_F
6383,True,13,1,0.04346399594444493,0.07335538532280984,0.9897500638786011,0.01030273732110735,1.0,True,,False,False,gcd_k_not_2,0.23333333333333334,False,1.0,True,FAMILY_F
6385,True,23,1,0.024595168747055432,0.03752443269974471,0.9882810104037567,0.011788061682350937,1.0,True,,False,False,gcd_k_not_2,0.0,False,1.0,True,FAMILY_F
6388,True,11,1,0.021326834835853424,0.03272050128764229,1.0012752655390182,0.001274452906082197,1.0,True,,False,False,gcd_k_not_2,0.0,False,1.0,True,FAMILY_F
6391,True,23,1,0.021175884167148135,0.037386153531570696,0.9769909523959612,0.02327683652386332,1.0,True,,False,False,gcd_k_not_2,0.0,False,1.0,True,FAMILY_F
6392,True,13,1,0.03397074991894701,0.05656277953540556,1.0066618675689942,0.006639750998074,1.0,True,,False,False,gcd_k_not_2,0.23333333333333334,False,1.0,True,FAMILY_F
6398,True,11,1,0.028666993694411738,0.04696443612793871,0.9984537717874579,0.0015474245482887895,1.0,True,,False,False,gcd_k_not_2,0.0,False,1.0,True,FAMILY_F
6399,True,23,1,0.021947248146948803,0.03246360173473899,1.013413083913685,0.013323727774344757,1.0,True,,False,False,gcd_k_not_2,0.0,False,1.0,True,FAMILY_F
6400,True,19,1,0.03364439403583702,0.057691834558513795,0.9892571141193071,0.010800902311161554,1.0,True,,False,False,gcd_k_not_2,0.0,False,1.0,True,FAMILY_F
6406,True,1,1,0.026389959137148342,0.04224621360722813,0.9986807125127242,0.0013201583214531838,1.0,True,,False,False,gcd_k_not_2,0.0,False,1.0,True,FAMILY_F
6411,True,11,1,0.04347332212515447,0.07231194147482681,1.0028252247171643,0.002821239399522056,1.0,True,,False,False,gcd_k_not_2,0.13333333333333333,False,1.0,True,FAMILY_F
6415,True,17,1,0.03800352014505708,0.06254870023784717,0.9970011721240144,0.003003331112516108,1.0,True,,False,False,gcd_k_not_2,0.0,False,1.0,True,FAMILY_F
6420,True,7,1,0.03447619809012437,0.05353474670762185,0.9820413207321985,0.018121397450147216,1.0,True,,False,False,gcd_k_not_2,0.03333333333333333,False,1.0,True,FAMILY_F
6423,True,29,1,0.031150699575494992,0.05136343292194101,0.9951678587187991,0.004843844351325792,1.0,True,,False,False,gcd_k_not_2,0.0,False,1.0,True,FAMILY_F
6424,True,11,1,0.03915887763001107,0.06563968595597147,1.0043055939601795,0.004296344802064094,1.0,True,,False,False,gcd_k_not_2,0.0,False,1.0,True,FAMILY_F
6425,True,17,1,0.04772604973508185,0.06948990656282085,0.9833507592400025,0.016789002835158905,1.0,True,,False,False,gcd_k_not_2,0.0,False,1.0,True,FAMILY_F
6427,True,7,1,0.03157036859153008,0.05003100715924702,1.0022097309923192,0.002207292231292974,1.0,True,,False,False,gcd_k_not_2,0.0,False,1.0,True,FAMILY_F
6434,True,26,2,2.7680251001889626,4.1488002628889165,0.36587468522976735,0.9285263452460283,0.49,False,1.0,True,True,,0.0,False,0.5,False,FAMILY_Q
6435,True,11,1,0.0290891974860414,0.04793879811175233,1.015921030376798,0.01579529171717833,1.0,True,,False,False,gcd_k_not_2,0.0,False,1.0,True,FAMILY_F
6439,True,23,1,0.03547542734891122,0.056999993985091556,1.0083256554517457,0.008291140860691574,1.0,True,,False,False,gcd_k_not_2,0.0,False,1.0,True,FAMILY_F
6444,True,8,2,2.767153010931411,4.147495185357708,0.3700822603022972,0.9195327287264005,0.5088888888888888,False,1.0,True,True,,0.0,False,0.5,False,FAMILY_Q
6445,True,1,1,0.029649046775251334,0.04782205192721916,1.008632548609499,0.008595448296877282,1.0,True,,False,False,gcd_k_not_2,0.0,False,1.0,True,FAMILY_F
6453,True,23,1,0.03594427735761547,0.05940101104355113,0.980896536537821,0.019287694344266654,1.0,True,,False,False,gcd_k_not_2,0.13333333333333333,False,1.0,True,FAMILY_F
6459,True,8,2,2.773277096674773,4.156659612131111,0.3663620139063433,0.9274818527516372,0.5088888888888888,False,1.0,True,True,,0.0,False,0.5,False,FAMILY_Q
6460,True,29,1,0.037430628082059623,0.05817649293901243,0.9968753155064584,0.0031295739591524507,1.0,True,,False,False,gcd_k_not_2,0.29777777777777775,False,1.0,True,FAMILY_F
6464,True,29,1,0.026986002480460684,0.04442561461112399,0.9947531738965197,0.005260626900752021,1.0,True,,False,False,gcd_k_not_2,0.0,False,1.0,True,FAMILY_F
6468,True,11,1,0.033322414354115766,0.05879664043323547,0.9847259479492181,0.015391598085936565,1.0,True,,False,False,gcd_k_not_2,0.0,False,1.0,True,FAMILY_F
6471,True,7,1,0.028030022403277784,0.04874761345529719,1.0093145449794365,0.00927136570300571,1.0,True,,False,False,gcd_k_not_2,0.0,False,1.0,True,FAMILY_F
6472,True,19,1,0.041069681212508716,0.06366755912987744,1.0122402681760483,0.012165811776685227,1.0,True,,False,False,gcd_k_not_2,0.0,False,1.0,True,FAMILY_F
6474,True,1,1,0.02900578146466012,0.042795390632364844,0.9860587432106628,0.01403911826575659,1.0,True,,False,False,gcd_k_not_2,0.0,False,1.0,True,FAMILY_F
6476,True,1,1,0.02122854090646347,0.03343199340513564,0.9848200436970189,0.015296053011139643,1.0,True,,False,False,gcd_k_not_2,0.0,False,1.0,True,FAMILY_F
6480,True,8,2,2.762394452237962,4.140374262637399,0.3691631812959079,0.9214925252474395,0.4955555555555556,False,1.0,True,True,,0.0,False,0.5,False,FAMILY_Q
6484,True,23,1,0.03530277462866631,0.057897804312945944,0.9948306585537641,0.005182737115122993,1.0,True,,False,False,gcd_k_not_2,0.0,False,1.0,True,FAMILY_F
6488,True,22,2,2.760931917987753,4.138185473955141,0.3684409113978818,0.9230345034875808,0.4711111111111111,False,1.0,True,True,,0.0,False,0.5,False,FAMILY_Q
6490,True,13,1,0.03854531979607,0.06058890366867133,1.0043764312520957,0.004366875586699934,1.0,True,,False,False,gcd_k_not_2,0.0,False,1.0,True,FAMILY_F
6494,True,11,1,0.038748650420849524,0.06030110920290198,0.9834093839598332,0.0167293914956114,1.0,True,,False,False,gcd_k_not_2,0.0,False,1.0,True,FAMILY_F
6497,True,29,1,0.020476797526167906,0.031435421269664726,0.9988515980887704,0.0011490617035578123,1.0,True,,False,False,gcd_k_not_2,0.0,False,1.0,True,FAMILY_F
6504,True,11,1,0.032572971529107334,0.0524397284491052,0.9890430753962569,0.011017282369875477,1.0,True,,False,False,gcd_k_not_2,0.0,False,1.0,True,FAMILY_F
6510,True,11,1,0.03488571577839075,0.058356911157354065,1.0190594876324337,0.01887957016539716,1.0,True,,False,False,gcd_k_not_2,0.0,False,1.0,True,FAMILY_F
6511,True,17,1,0.030386811865823538,0.04858149002107572,0.9912830581272345,0.008755100724819703,1.0,True,,False,False,gcd_k_not_2,0.0,False,1.0,True,FAMILY_F
6514,True,13,1,0.04988126236041912,0.08226450347411098,0.9951601686021644,0.004851571792580912,1.0,True,,False,False,gcd_k_not_2,0.0,False,1.0,True,FAMILY_F
6515,True,26,2,2.7609130472657064,4.138157299167303,0.36364504454019,0.9333146598635331,0.49666666666666665,False,1.0,True,True,,0.021111111111111112,False,0.5,False,FAMILY_Q
6516,True,1,1,0.024593242031786536,0.039784743338537244,1.0086151202196467,0.008578169240013157,1.0,True,,False,False,gcd_k_not_2,0.0,False,1.0,True,FAMILY_F
6517,True,14,2,2.7648257259732856,4.144012487820943,0.3680777382716508,0.9238104590849971,0.4777777777777778,False,1.0,True,True,,0.0,False,0.5,False,FAMILY_Q
6519,True,13,1,0.04203948507397485,0.07323417225215652,0.9965282480610419,0.0034777889492220103,1.0,True,,False,False,gcd_k_not_2,0.0,False,1.0,True,FAMILY_F
6521,True,29,1,0.025152336563705784,0.03840582053367952,1.0049418321503159,0.004929651395437995,1.0,True,,False,False,gcd_k_not_2,0.0,False,1.0,True,FAMILY_F
6524,True,7,1,0.041589407998729504,0.06588414027804901,1.0089671284482273,0.008927103207660563,1.0,True,,False,False,gcd_k_not_2,0.0,False,1.0,True,FAMILY_F
6529,True,29,1,0.021977796601431655,0.034245001555436465,0.9975576670772331,0.0024453190643956555,1.0,True,,False,False,gcd_k_not_2,0.4,False,1.0,True,FAMILY_F
6533,True,29,1,0.026133746819944546,0.041246315840933974,1.011523053228636,0.011457043169493482,1.0,True,,False,False,gcd_k_not_2,0.0,False,1.0,True,FAMILY_F
6535,True,13,1,0.023094541785703835,0.036873451961237334,1.0183803255182764,0.018212945584035786,1.0,True,,False,False,gcd_k_not_2,0.0,False,1.0,True,FAMILY_F
6536,True,7,1,0.015371941700854307,0.025763765615040853,0.9957656858232045,0.004243297905033353,1.0,True,,False,False,gcd_k_not_2,0.0,False,1.0,True,FAMILY_F
6540,True,28,2,2.7685223410443855,4.149544664497515,0.36448012864144,0.9315194234324577,0.5255555555555556,False,1.0,True,True,,0.38333333333333336,False,0.5,False,FAMILY_Q
6542,True,7,1,0.030919324391310333,0.04820179148470152,1.01270211871285,0.012621955921597823,1.0,True,,False,False,gcd_k_not_2,0.0,False,1.0,True,FAMILY_F
6543,True,8,2,2.768501897937073,4.149513964983309,0.36890022055346045,0.9220537333121027,0.5022222222222222,False,1.0,True,True,,0.0,False,0.5,False,FAMILY_Q
6544,True,13,1,0.02409001706507053,0.039958276606688006,0.9902029431711448,0.009845284233420758,1.0,True,,False,False,gcd_k_not_2,0.0,False,1.0,True,FAMILY_F
6545,True,19,1,0.03896054679001727,0.06169784173458823,1.01039915240345,0.010345360911058582,1.0,True,,False,False,gcd_k_not_2,0.0,False,1.0,True,FAMILY_F
6546,True,13,1,0.03053753197341654,0.05137510469597673,1.0081760221280607,0.008142734539173151,1.0,True,,False,False,gcd_k_not_2,0.18666666666666668,False,1.0,True,FAMILY_F
6552,True,19,1,0.033160870404890984,0.056238196270995994,1.0075818199751156,0.007553186524880691,1.0,True,,False,False,gcd_k_not_2,0.03333333333333333,False,1.0,True,FAMILY_F
6554,True,11,1,0.02659150252529362,0.041378136696324876,0.9980144063163049,0.0019875669338700066,1.0,True,,False,False,gcd_k_not_2,0.0,False,1.0,True,FAMILY_F
6556,True,1,1,0.03207441399295503,0.050891749052482935,0.9976530786427397,0.002349678612719735,1.0,True,,False,False,gcd_k_not_2,0.0,False,1.0,True,FAMILY_F
6557,True,23,1,0.027071630388360794,0.04399289810519437,0.9682078173658164,0.032305717265906586,1.0,True,,False,False,gcd_k_not_2,0.0,False,1.0,True,FAMILY_F
6565,True,23,1,0.03970861627939812,0.0647601782932754,1.0064623805876518,0.006441566659982938,1.0,True,,False,False,gcd_k_not_2,0.0,False,1.0,True,FAMILY_F
6566,True,19,1,0.022604401587202148,0.03832664199917592,0.9831994058563224,0.01694291970244246,1.0,True,,False,False,gcd_k_not_2,0.0,False,1.0,True,FAMILY_F
6568,True,19,1,0.0447707160079913,0.07744899558320972,0.9893378845923652,0.01071926040338755,1.0,True,,False,False,gcd_k_not_2,0.0,False,1.0,True,FAMILY_F
6575,True,13,1,0.03120113041785833,0.05156829624458175,1.00627679398404,0.0062571565427675295,1.0,True,,False,False,gcd_k_not_2,0.4,False,1.0,True,FAMILY_F
6578,True,17,1,0.030212216651056945,0.04889317069852098,1.0147934551105624,0.0146848353840325,1.0,True,,False,False,gcd_k_not_2,0.0,False,1.0,True,FAMILY_F
6581,True,13,1,0.030041473859890984,0.05154963603105873,1.006058195429065,0.00603989998183404,1.0,True,,False,False,gcd_k_not_2,0.0,False,1.0,True,FAMILY_F
6584,True,7,1,0.021606442868755404,0.036643821132512494,0.9899059263299481,0.010145277258074934,1.0,True,,False,False,gcd_k_not_2,0.0,False,1.0,True,FAMILY_F
6587,True,7,1,0.039920956404858855,0.06229223117580889,0.9920921828906502,0.007939208011825107,1.0,True,,False,False,gcd_k_not_2,0.0,False,1.0,True,FAMILY_F
6589,True,1,1,0.049041944940744445,0.0775815330982836,1.0078457876972942,0.007815129772782217,1.0,True,,False,False,gcd_k_not_2,0.0,False,1.0,True,FAMILY_F
6592,True,23,1,0.029574579481547653,0.04693442838161637,1.000598810697354,0.000598631463891817,1.0,True,,False,False,gcd_k_not_2,0.1,False,1.0,True,FAMILY_F
6593,True,29,1,0.02974757083128474,0.047164307420360055,1.0065543090530344,0.006532899731109431,1.0,True,,False,False,gcd_k_not_2,0.0,False,1.0,True,FAMILY_F
6595,True,1,1,0.04247303775540789,0.07274747742700205,0.995501712961021,0.004508427138661068,1.0,True,,False,False,gcd_k_not_2,0.0,False,1.0,True,FAMILY_F
6596,True,17,1,0.043455283655049914,0.06609608625870982,0.9890527364533738,0.011007514628441724,1.0,True,,False,False,gcd_k_not_2,0.0,False,1.0,True,FAMILY_F
6597,True,29,1,0.03240320356443361,0.05437413722215678,0.9889498404319963,0.011111551778101822,1.0,True,,False,False,gcd_k_not_2,0.0,False,1.0,True,FAMILY_F
6600,True,19,1,0.036499975139808565,0.057335526901106555,0.9929910009206945,0.0070336484972260875,1.0,True,,False,False,gcd_k_not_2,0.0,False,1.0,True,FAMILY_F
6603,True,17,1,0.04320819034589425,0.06106540058455688,1.003171672126691,0.003166650338384365,1.0,True,,False,False,gcd_k_not_2,0.0,False,1.0,True,FAMILY_F
6604,True,17,1,0.03756726147980225,0.05969382308574005,1.0084220815599612,0.008386764552418782,1.0,True,,False,False,gcd_k_not_2,0.0,False,1.0,True,FAMILY_F
6605,True,23,1,0.031096628273830206,0.047475093792898104,1.0019978982834976,0.0019959044764337568,1.0,True,,False,False,gcd_k_not_2,0.0,False,1.0,True,FAMILY_F
6608,True,7,1,0.030261282535357415,0.04727216087812983,0.9919171239041205,0.008115675093989094,1.0,True,,False,False,gcd_k_not_2,0.0,False,1.0,True,FAMILY_F
6609,True,28,2,2.764841375627972,4.144035854753466,0.36193101904579733,0.9370063124067027,0.5155555555555555,False,1.0,True,True,,0.0,False,0.5,False,FAMILY_Q
6611,True,17,1,0.023297122526113167,0.03996861102217844,0.9933801015533288,0.0066418827412922,1.0,True,,False,False,gcd_k_not_2,0.0,False,1.0,True,FAMILY_F
6613,True,29,1,0.02187360697728199,0.039136129943664895,1.008630877999438,0.008593792014224262,1.0,True,,False,False,gcd_k_not_2,0.0,False,1.0,True,FAMILY_F
6623,True,1,1,0.03224871652191831,0.05286592520751495,0.99604440596157,0.003963432904213832,1.0,True,,False,False,gcd_k_not_2,0.06666666666666667,False,1.0,True,FAMILY_F
6627,True,16,2,2.763188510493627,4.141562460809447,0.3673263279201674,0.9254172309286095,0.47333333333333333,False,1.0,True,True,,0.0,False,0.5,False,FAMILY_Q
6632,True,1,1,0.04178876828763014,0.06723068372159659,0.9976369642720719,0.002365830999517144,1.0,True,,False,False,gcd_k_not_2,0.0,False,1.0,True,FAMILY_F
6635,True,23,1,0.03682596383736031,0.056236823806196504,0.9881916718614278,0.011878460518363151,1.0,True,,False,False,gcd_k_not_2,0.0,False,1.0,True,FAMILY_F
6637,True,11,1,0.03402635389310794,0.05508991750840846,0.9932814063608643,0.00674123946342514,1.0,True,,False,False,gcd_k_not_2,0.0,False,1.0,True,FAMILY_F
6638,True,1,1,0.025191904406912526,0.04037273586572118,0.99461107663886,0.0054034828385902305,1.0,True,,False,False,gcd_k_not_2,0.0,False,1.0,True,FAMILY_F
6639,True,17,1,0.029341374273134282,0.04672448053094266,0.9744531301834964,0.02587741327050833,1.0,True,,False,False,gcd_k_not_2,0.0,False,1.0,True,FAMILY_F
6641,True,17,1,0.04367359942333597,0.07413359035482765,0.9980708925158089,0.0019309700085386294,1.0,True,,False,False,gcd_k_not_2,0.0,False,1.0,True,FAMILY_F
6644,True,19,1,0.046336183103284675,0.07481233720910799,1.004467414374923,0.0044574577195771,1.0,True,,False,False,gcd_k_not_2,0.0,False,1.0,True,FAMILY_F
6645,True,22,2,2.7626893953697103,4.140815663437544,0.3607620098484697,0.9395294482430676,0.5355555555555556,False,1.0,True,True,,0.0,False,0.5,False,FAMILY_Q
6647,True,1,1,0.044707588739443006,0.06602807070448473,1.0006777559786793,0.000677526379901895,1.0,True,,False,False,gcd_k_not_2,0.0,False,1.0,True,FAMILY_F
6648,True,23,1,0.034545009146152064,0.053955780514241033,0.9980653726054575,0.0019365005980958737,1.0,True,,False,False,gcd_k_not_2,0.0,False,1.0,True,FAMILY_F
6650,True,7,1,0.02645936520879097,0.04339068302939256,1.0485128326434088,0.047363952883621996,1.0,True,,False,False,gcd_k_not_2,0.0,False,1.0,True,FAMILY_F
6651,True,13,1,0.03113654859526916,0.0502404803138562,1.0087161856868974,0.008678364568378998,1.0,True,,False,False,gcd_k_not_2,0.0,False,1.0,True,FAMILY_F
6656,True,2,2,2.7737122870590865,4.157310773186139,0.3630282582890462,0.9346420191031378,0.49333333333333335,False,1.0,True,True,,0.0,False,0.5,False,FAMILY_Q
6660,True,11,1,0.03410277586616428,0.052782990420966076,0.9917551155998476,0.008279014157490201,1.0,True,,False,False,gcd_k_not_2,0.0,False,1.0,True,FAMILY_F
6662,True,13,1,0.02419658884957902,0.04049351811477394,0.9711036910292836,0.029319927817320537,1.0,True,,False,False,gcd_k_not_2,0.0,False,1.0,True,FAMILY_F
6666,True,11,1,0.02941491516655519,0.04642665136290436,1.0412142825103299,0.04038212240965085,1.0,True,,False,False,gcd_k_not_2,0.0,False,1.0,True,FAMILY_F
6667,True,19,1,0.035511104370384114,0.05833645253929405,1.0078598364940052,0.007829068893304442,1.0,True,,False,False,gcd_k_not_2,0.23333333333333334,False,1.0,True,FAMILY_F
6670,True,29,1,0.0309289549593767,0.051329504828105305,0.9898905965925107,0.010160763033707162,1.0,True,,False,False,gcd_k_not_2,0.0,False,1.0,True,FAMILY_F
6672,True,17,1,0.02069029685978219,0.0350015214212981,0.9823667967359657,0.01779005105721901,1.0,True,,False,False,gcd_k_not_2,0.0,False,1.0,True,FAMILY_F
6674,True,4,2,2.7632164107373844,4.141604184583461,0.3713716012585312,0.916787832217855,0.4911111111111111,False,1.0,True,True,,0.11666666666666667,False,0.5,False,FAMILY_Q
6679,True,11,1,0.026448690904507927,0.04139912453393588,0.9906429625174112,0.009401020332401134,1.0,True,,False,False,gcd_k_not_2,0.0,False,1.0,True,FAMILY_F
6682,True,13,1,0.03526154709334555,0.05627990732543176,0.993923857863661,0.006094658140907263,1.0,True,,False,False,gcd_k_not_2,0.0,False,1.0,True,FAMILY_F
6683,True,29,1,0.035215689380908854,0.05773354573399732,1.00922704126066,0.00918466760717162,1.0,True,,False,False,gcd_k_not_2,0.36666666666666664,False,1.0,True,FAMILY_F
6684,True,11,1,0.039586391513552255,0.06188026959991381,1.0131580194312062,0.013072018494528168,1.0,True,,False,False,gcd_k_not_2,0.0,False,1.0,True,FAMILY_F
6685,True,23,1,0.0427611568647048,0.07153363067057661,1.0047766659119386,0.004765284825146196,1.0,True,,False,False,gcd_k_not_2,0.4,False,1.0,True,FAMILY_F
6687,True,1,1,0.0145718575191469,0.027422833823720325,1.055566588224892,0.05406449836575433,1.0,True,,False,False,gcd_k_not_2,0.0,False,1.0,True,FAMILY_F
6688,True,17,1,0.03930321718641988,0.06056539719724947,1.016462573000691,0.016328171145962092,1.0,True,,False,False,gcd_k_not_2,0.0,False,1.0,True,FAMILY_F
6691,True,19,1,0.022501069454721242,0.03575159432059982,0.9884211322889681,0.011646293154914193,1.0,True,,False,False,gcd_k_not_2,0.5,False,1.0,True,FAMILY_F
6693,True,22,2,2.770007212124932,4.151766563627818,0.3627705039791532,0.9351970770723327,0.5011111111111111,False,1.0,True,True,,0.016666666666666666,False,0.5,False,FAMILY_Q
6696,True,19,1,0.02822675336763251,0.04490080315956458,0.9904030067936057,0.009643266387397922,1.0,True,,False,False,gcd_k_not_2,0.06666666666666667,False,1.0,True,FAMILY_F
6697,True,19,1,0.04163233454843943,0.06991746067976601,1.004501626914083,0.004491517346397045,1.0,True,,False,False,gcd_k_not_2,0.23333333333333334,False,1.0,True,FAMILY_F
6698,True,13,1,0.031645287713471415,0.05215401801448613,0.994722831372746,0.0052911297191322905,1.0,True,,False,False,gcd_k_not_2,0.0,False,1.0,True,FAMILY_F
6701,True,11,1,0.042294848871172505,0.06729720509818211,0.9952847538839269,0.004726389160138336,1.0,True,,False,False,gcd_k_not_2,0.0,False,1.0,True,FAMILY_F
6702,True,13,1,0.02751281196376813,0.04288516022338638,0.9996303946169152,0.00036967369977958584,1.0,True,,False,False,gcd_k_not_2,0.36444444444444446,False,1.0,True,FAMILY_F
6706,True,19,1,0.04300429791238865,0.06838410860310071,0.9818996854756802,0.018265621269298052,1.0,True,,False,False,gcd_k_not_2,0.0,False,1.0,True,FAMILY_F
6707,True,13,1,0.036019317239553865,0.058595219534865406,1.0039629435396429,0.003955106607553273,1.0,True,,False,False,gcd_k_not_2,0.0,False,1.0,True,FAMILY_F
6710,True,13,1,0.021231750466697945,0.035316932139276606,0.987362997547378,0.012717357088984218,1.0,True,,False,False,gcd_k_not_2,0.0,False,1.0,True,FAMILY_F
6713,True,17,1,0.02867033033426084,0.04754326332809393,0.9979701224060488,0.002031939888577301,1.0,True,,False,False,gcd_k_not_2,0.0,False,1.0,True,FAMILY_F
6714,True,29,1,0.034043284872862165,0.05427393014673725,1.0153463648544192,0.015229506076021668,1.0,True,,False,False,gcd_k_not_2,0.0,False,1.0,True,FAMILY_F
6718,True,4,2,2.7641762955372404,4.143040582016536,0.3710246260368774,0.9175260050306414,0.4766666666666667,False,1.0,True,True,,0.0,False,0.5,False,FAMILY_Q
6721,True,13,1,0.030473019361215877,0.04958340516654283,1.0229563383727724,0.02269583177582373,1.0,True,,False,False,gcd_k_not_2,0.0,False,1.0,True,FAMILY_F
6725,True,29,1,0.024154962109654836,0.03905087965979233,0.9938882407990769,0.006130493250187109,1.0,True,,False,False,gcd_k_not_2,0.0,False,1.0,True,FAMILY_F
6729,True,13,1,0.026727710800357532,0.03975661290880649,0.9977268407638856,0.0022757458024093113,1.0,True,,False,False,gcd_k_not_2,0.4888888888888889,False,1.0,True,FAMILY_F
6731,True,29,1,0.040530296271504736,0.0671033529778541,1.0124437912352304,0.012366846010235525,1.0,True,,False,False,gcd_k_not_2,0.0,False,1.0,True,FAMILY_F
6732,True,17,1,0.030484362986141145,0.049155705266672074,0.9925692416979502,0.007458469343547334,1.0,True,,False,False,gcd_k_not_2,0.0,False,1.0,True,FAMILY_F
6735,True,28,2,2.7721722009769505,4.155006214096666,0.36809913232432656,0.9237647371387596,0.49,False,1.0,True,True,,0.0,False,0.5,False,FAMILY_Q
6737,True,29,1,0.04612275036899731,0.07183174827428568,1.001803574509254,0.0018019495341305132,1.0,True,,False,False,gcd_k_not_2,0.3,False,1.0,True,FAMILY_F
6740,True,1,1,0.03877447027936152,0.06366134681493335,0.9872978422450492,0.012783345792396332,1.0,True,,False,False,gcd_k_not_2,0.0,False,1.0,True,FAMILY_F
6746,True,1,1,0.0427200856312798,0.06825409243003577,1.0014845948295876,0.0014834936360967478,1.0,True,,False,False,gcd_k_not_2,0.0,False,1.0,True,FAMILY_F
6750,True,4,2,2.7672491445440244,4.147639081131012,0.3659224301111153,0.9284239806169722,0.4866666666666667,False,1.0,True,True,,0.0,False,0.5,False,FAMILY_Q
6755,True,16,2,2.7690991391948914,4.150407467828186,0.37078042689715823,0.9180457508094381,0.49444444444444446,False,1.0,True,True,,0.0,False,0.5,False,FAMILY_Q
6763,True,17,1,0.04007539102540224,0.06271690483564497,0.9943631912376574,0.005652740470851284,1.0,True,,False,False,gcd_k_not_2,0.0,False,1.0,True,FAMILY_F
6768,True,7,1,0.0333041292661746,0.053719379598154746,1.0018694452169246,0.0018676994360358504,1.0,True,,False,False,gcd_k_not_2,0.0,False,1.0,True,FAMILY_F
6775,True,23,1,0.0178856011002844,0.029619132824731154,0.9914797112700285,0.008556741684842824,1.0,True,,False,False,gcd_k_not_2,0.0,False,1.0,True,FAMILY_F
6778,True,7,1,0.03735635614057502,0.060687376088925965,1.0027364678011534,0.002732728788983329,1.0,True,,False,False,gcd_k_not_2,0.0,False,1.0,True,FAMILY_F
6781,True,1,1,0.018325145204765157,0.03046321836654927,1.003645900214138,0.0036392660137685214,1.0,True,,False,False,gcd_k_not_2,0.0,False,1.0,True,FAMILY_F
6784,True,4,2,2.757015896176947,4.132325277933005,0.36513885499730353,0.9301048646863846,0.5188888888888888,False,1.0,True,True,,0.18333333333333332,False,0.5,False,FAMILY_Q
6797,True,1,1,0.04695965782195164,0.07051639834373939,1.0036748229679973,0.003668083189820016,1.0,True,,False,False,gcd_k_not_2,0.0,False,1.0,True,FAMILY_F
6799,True,1,1,0.028198866733051327,0.04505890957532608,0.9898716432201305,0.010179909658372888,1.0,True,,False,False,gcd_k_not_2,0.0,False,1.0,True,FAMILY_F
6807,True,17,1,0.024251427947427497,0.04131293312550044,1.0118937067129794,0.011823394718413052,1.0,True,,False,False,gcd_k_not_2,0.0,False,1.0,True,FAMILY_F
6810,True,19,1,0.040876731918613185,0.06245499350981543,1.01030416464165,0.01025134884848319,1.0,True,,False,False,gcd_k_not_2,0.0,False,1.0,True,FAMILY_F
6811,True,1,1,0.043031503325747344,0.06920533824970367,0.9907119137130546,0.009331421812432345,1.0,True,,False,False,gcd_k_not_2,0.0,False,1.0,True,FAMILY_F
6814,True,19,1,0.03213226770231201,0.05100188476070329,1.0257967950252154,0.02546829483447216,1.0,True,,False,False,gcd_k_not_2,0.0,False,1.0,True,FAMILY_F
6817,True,13,1,0.035724023243002605,0.0541846529314999,1.001758568985137,0.0017570240611269761,1.0,True,,False,False,gcd_k_not_2,0.45,False,1.0,True,FAMILY_F
6820,True,19,1,0.018485467558841374,0.029669885971557033,0.9595130357217089,0.04132349572594633,1.0,True,,False,False,gcd_k_not_2,0.0,False,1.0,True,FAMILY_F
6821,True,17,1,0.030855959165161033,0.053918869727430374,0.9925994724132249,0.0074280131950576166,1.0,True,,False,False,gcd_k_not_2,0.0,False,1.0,True,FAMILY_F
6825,True,26,2,2.768105775948739,4.148921148062331,0.3676717697586893,0.9246783390913713,0.4855555555555556,False,1.0,True,True,,0.0,False,0.5,False,FAMILY_Q
6829,True,19,1,0.029530843383629293,0.04038916330284759,1.0264881192290318,0.026141894420885346,1.0,True,,False,False,gcd_k_not_2,0.0,False,1.0,True,FAMILY_F
6831,True,7,1,0.027169278544853563,0.04260664661599322,1.0091493500579813,0.009107685357205745,1.0,True,,False,False,gcd_k_not_2,0.13333333333333333,False,1.0,True,FAMILY_F
6832,True,14,2,2.762122158753757,4.13996667631814,0.37313806654997234,0.9130355478746964,0.5088888888888888,False,1.0,True,True,,0.4,False,0.5,False,FAMILY_Q
6841,True,17,1,0.03179943566999813,0.051692114403874286,1.0098557832494781,0.00980745318307717,1.0,True,,False,False,gcd_k_not_2,0.0,False,1.0,True,FAMILY_F
6849,True,7,1,0.046461218229677,0.07560003465447955,1.0013483856471583,0.0013474771877084123,1.0,True,,False,False,gcd_k_not_2,0.0,False,1.0,True,FAMILY_F
6852,True,17,1,0.03013024054397892,0.050652497533922446,1.0109709431489275,0.01091109067120424,1.0,True,,False,False,gcd_k_not_2,0.0,False,1.0,True,FAMILY_F
6854,True,17,1,0.020897762006330336,0.03378355076814468,0.9555283119385767,0.04548304188686189,1.0,True,,False,False,gcd_k_not_2,0.4,False,1.0,True,FAMILY_F
6863,True,13,1,0.031078137795594322,0.05099482872120458,1.0267074302980026,0.02635548663684086,1.0,True,,False,False,gcd_k_not_2,0.0,False,1.0,True,FAMILY_F
6866,True,23,1,0.03447079118372162,0.05345879551224204,1.0180554357512093,0.017893894717999334,1.0,True,,False,False,gcd_k_not_2,0.0,False,1.0,True,FAMILY_F
6868,True,29,1,0.024034847593747743,0.039238881466416416,0.9897545340944837,0.010298220941287083,1.0,True,,False,False,gcd_k_not_2,0.0,False,1.0,True,FAMILY_F
6872,True,17,1,0.029736133100723455,0.0475216690757743,0.9834443504363369,0.016693838231479467,1.0,True,,False,False,gcd_k_not_2,0.0,False,1.0,True,FAMILY_F
6873,True,11,1,0.04001236478934071,0.06360593124913708,0.985662670979706,0.014440850633728405,1.0,True,,False,False,gcd_k_not_2,0.0,False,1.0,True,FAMILY_F
6884,True,19,1,0.03604960648637725,0.058465839901494183,1.0181596562702044,0.017996253382416397,1.0,True,,False,False,gcd_k_not_2,0.18666666666666668,False,1.0,True,FAMILY_F
6885,True,17,1,0.028443830711346152,0.046521377787939085,1.0181134323840346,0.01795085657067047,1.0,True,,False,False,gcd_k_not_2,0.14666666666666667,False,1.0,True,FAMILY_F
6890,True,23,1,0.025916626956165263,0.03909084998123085,0.9967715050558406,0.003233714960359613,1.0,True,,False,False,gcd_k_not_2,0.0,False,1.0,True,FAMILY_F
6894,True,13,1,0.03662822576525423,0.060354613256799076,1.0181917932393054,0.018027814105919634,1.0,True,,False,False,gcd_k_not_2,0.0,False,1.0,True,FAMILY_F
6895,True,23,1,0.024595557561397852,0.03898975694585088,0.9921255983817789,0.007905527266571467,1.0,True,,False,False,gcd_k_not_2,0.4177777777777778,False,1.0,True,FAMILY_F
6896,True,1,1,0.046971651026331745,0.081004048363596,1.0023627827935635,0.002359994716109546,1.0,True,,False,False,gcd_k_not_2,0.0,False,1.0,True,FAMILY_F
6903,True,29,1,0.03007396769269525,0.04682333354069233,1.0112880786467644,0.011224725852657744,1.0,True,,False,False,gcd_k_not_2,0.36666666666666664,False,1.0,True,FAMILY_F
6912,True,1,1,0.036925352416580924,0.06251469152742986,1.0013663699230984,0.0013654370770212858,1.0,True,,False,False,gcd_k_not_2,0.0,False,1.0,True,FAMILY_F
6915,True,17,1,0.047642009567407585,0.0815214327106255,0.9967278564955733,0.003277505738984008,1.0,True,,False,False,gcd_k_not_2,0.2,False,1.0,True,FAMILY_F
6917,True,13,1,0.04302632352684855,0.06812931668729406,1.0003101511341073,0.00031010304470182796,1.0,True,,False,False,gcd_k_not_2,0.0,False,1.0,True,FAMILY_F
6918,True,13,1,0.04223386020952945,0.07236645953615871,0.9820065158995113,0.018156836474700025,1.0,True,,False,False,gcd_k_not_2,0.0,False,1.0,True,FAMILY_F
6924,True,29,1,0.033957960877523785,0.05186175974070407,1.0009562713372784,0.000955814328355341,1.0,True,,False,False,gcd_k_not_2,0.0,False,1.0,True,FAMILY_F
6928,True,17,1,0.029499278589347346,0.047583448503039104,0.997847753384165,0.00215456519365832,1.0,True,,False,False,gcd_k_not_2,0.0,False,1.0,True,FAMILY_F
6931,True,13,1,0.042939317180700286,0.06460742975594705,0.9888504858876535,0.011212018390985653,1.0,True,,False,False,gcd_k_not_2,0.0,False,1.0,True,FAMILY_F
6932,True,13,1,0.03890649678016879,0.06449854914867185,1.0059015101103566,0.005884147432574387,1.0,True,,False,False,gcd_k_not_2,0.0,False,1.0,True,FAMILY_F
6940,True,13,1,0.03782166616773593,0.061503449417156957,0.9872890602771991,0.012792240421257983,1.0,True,,False,False,gcd_k_not_2,0.0,False,1.0,True,FAMILY_F
6944,True,13,1,0.0211762428690768,0.035321838167205036,1.010735337213898,0.010678021135067137,1.0,True,,False,False,gcd_k_not_2,0.0,False,1.0,True,FAMILY_F
6945,True,23,1,0.017938747480887165,0.03177342970795263,0.9775805968878171,0.022673567031821718,1.0,True,,False,False,gcd_k_not_2,0.0,False,1.0,True,FAMILY_F
6946,True,28,2,2.7588843110907404,4.135121406113232,0.3721951804552122,0.9150372024139011,0.5166666666666667,False,1.0,True,True,,0.16666666666666666,False,0.5,False,FAMILY_Q
6949,True,19,1,0.02036546209071824,0.032228014503810874,1.0050296899264641,0.005017072766287625,1.0,True,,False,False,gcd_k_not_2,0.0,False,1.0,True,FAMILY_F
6951,True,19,1,0.039807364798840804,0.062435025679738014,0.9850474824652121,0.015065148483217668,1.0,True,,False,False,gcd_k_not_2,0.0,False,1.0,True,FAMILY_F
6952,True,23,1,0.02360384319337918,0.04031495047619048,0.9749396705036927,0.025378324078037112,1.0,True,,False,False,gcd_k_not_2,0.20666666666666667,False,1.0,True,FAMILY_F
6959,True,1,1,0.036385318897443786,0.056419089060954136,1.006720504365718,0.006697997405315914,1.0,True,,False,False,gcd_k_not_2,0.0,False,1.0,True,FAMILY_F
6960,True,14,2,2.75375830146472,4.127450268675839,0.36559562909154136,0.929124782466526,0.4722222222222222,False,1.0,True,True,,0.0,False,0.5,False,FAMILY_Q
6961,True,13,1,0.03649731049611141,0.05632084281310836,0.997693016814179,0.0023096473446156227,1.0,True,,False,False,gcd_k_not_2,0.0,False,1.0,True,FAMILY_F
6964,True,11,1,0.03765251700380335,0.06575457728107367,0.984376675959605,0.015746329040921513,1.0,True,,False,False,gcd_k_not_2,0.0,False,1.0,True,FAMILY_F
6969,True,28,2,2.761024522802409,4.138324174873121,0.36613924703428047,0.9279592169564748,0.4855555555555556,False,1.0,True,True,,0.0,False,0.5,False,FAMILY_Q
6971,True,17,1,0.03182134227175226,0.0522839239001766,0.9987962574714508,0.0012044674629038009,1.0,True,,False,False,gcd_k_not_2,0.0,False,1.0,True,FAMILY_F
6972,True,19,1,0.03716005189153828,0.058509993308791926,1.027583026915023,0.027207790308829596,1.0,True,,False,False,gcd_k_not_2,0.0,False,1.0,True,FAMILY_F
6976,True,7,1,0.03817957522153681,0.06353407870558511,1.0019202957823503,0.0019184537829962669,1.0,True,,False,False,gcd_k_not_2,0.0,False,1.0,True,FAMILY_F
6982,True,13,1,0.030533089674037707,0.05197942578476477,1.0373288296606276,0.0366448745211599,1.0,True,,False,False,gcd_k_not_2,0.0,False,1.0,True,FAMILY_F
6983,True,11,1,0.04077167720838052,0.06505542296085295,1.0022012712400066,0.0021988511061560704,1.0,True,,False,False,gcd_k_not_2,0.0,False,1.0,True,FAMILY_F
6989,True,13,1,0.02162544542877764,0.03598271786151675,1.0430085827110687,0.04210318358427678,1.0,True,,False,False,gcd_k_not_2,0.0,False,1.0,True,FAMILY_F
6992,True,17,1,0.026316811854267725,0.03833119611907604,1.005407820871755,0.005393238039137677,1.0,True,,False,False,gcd_k_not_2,0.2,False,1.0,True,FAMILY_F
6993,True,19,1,0.040754987336171104,0.06370608285170225,0.993704372944319,0.006315507094347717,1.0,True,,False,False,gcd_k_not_2,0.0,False,1.0,True,FAMILY_F
6999,True,13,1,0.01638897963044692,0.027873334922206082,0.985858241132089,0.014242465625188943,1.0,True,,False,False,gcd_k_not_2,0.13333333333333333,False,1.0,True,FAMILY_F
7001,True,11,1,0.02351955982427796,0.03698631515773649,1.085874014426473,0.0823386396614032,1.0,True,,False,False,gcd_k_not_2,0.0,False,1.0,True,FAMILY_F
7002,True,29,1,0.04115935424365215,0.06986508290564689,0.9919984279309363,0.008033713236786826,1.0,True,,False,False,gcd_k_not_2,0.0,False,1.0,True,FAMILY_F
7006,True,13,1,0.034784933045093294,0.053679149367148266,1.002659951813008,0.0026564188399531914,1.0,True,,False,False,gcd_k_not_2,0.0,False,1.0,True,FAMILY_F
7008,True,13,1,0.020532357521301267,0.035015652344419626,0.964283369536404,0.0363660671545832,1.0,True,,False,False,gcd_k_not_2,0.0,False,1.0,True,FAMILY_F
7015,True,1,1,0.019616327944078468,0.03405305244414448,0.9916054316929441,0.008429951207674908,1.0,True,,False,False,gcd_k_not_2,0.0,False,1.0,True,FAMILY_F
7018,True,29,1,0.03591718211791511,0.05628312999569021,0.9966140490196007,0.0033916930335753754,1.0,True,,False,False,gcd_k_not_2,0.0,False,1.0,True,FAMILY_F
7024,True,11,1,0.042302160526259035,0.06868913912470763,0.9930191973232654,0.007005253824057733,1.0,True,,False,False,gcd_k_not_2,0.0,False,1.0,True,FAMILY_F
7025,True,23,1,0.026754700556147447,0.04051826000066471,0.9879316768545566,0.012141587445840934,1.0,True,,False,False,gcd_k_not_2,0.0,False,1.0,True,FAMILY_F
7026,True,16,2,2.759341114469305,4.135804869092667,0.36209379344404496,0.9366553311178573,0.49666666666666665,False,1.0,True,True,,0.0,False,0.5,False,FAMILY_Q
7028,True,13,1,0.0455321378889452,0.07393906002304622,0.9932098164599286,0.006813315371014191,1.0,True,,False,False,gcd_k_not_2,0.0,False,1.0,True,FAMILY_F
7029,True,17,1,0.02730910908351133,0.04317833875906168,0.9942388720932881,0.005777771146005837,1.0,True,,False,False,gcd_k_not_2,0.0,False,1.0,True,FAMILY_F
7032,True,4,2,2.7634399108618806,4.141938623719441,0.3690079835123677,0.9218237206604747,0.5233333333333333,False,1.0,True,True,,0.0,False,0.5,False,FAMILY_Q
7039,True,26,2,2.762663070032133,4.140775997438916,0.36663605970249025,0.9268948170962062,0.4955555555555556,False,1.0,True,True,,0.0,False,0.5,False,FAMILY_Q
7042,True,4,2,2.7565611864495825,4.131644756415334,0.37512012690830016,0.9088367784953089,0.5022222222222222,False,1.0,True,True,,0.0,False,0.5,False,FAMILY_Q
7047,True,11,1,0.022328635112947384,0.03416321655509002,1.0305514254149626,0.03009175244967661,1.0,True,,False,False,gcd_k_not_2,0.0,False,1.0,True,FAMILY_F
7048,True,29,1,0.036278802855769184,0.061855598965426535,0.9889146252226432,0.01114716000051124,1.0,True,,False,False,gcd_k_not_2,0.0,False,1.0,True,FAMILY_F
7054,True,1,1,0.035908688157416074,0.06055302929604143,1.0080127815279751,0.007980807295337868,1.0,True,,False,False,gcd_k_not_2,0.0,False,1.0,True,FAMILY_F
7055,True,19,1,0.029988224803342962,0.04747330406984441,0.9983453714214239,0.0016559986098891339,1.0,True,,False,False,gcd_k_not_2,0.0,False,1.0,True,FAMILY_F
7065,True,7,1,0.028089147533351018,0.04523545217813666,1.0064487754242144,0.0064280489023208565,1.0,True,,False,False,gcd_k_not_2,0.0,False,1.0,True,FAMILY_F
7069,True,17,1,0.031864406808818045,0.050069183088812995,0.9855989410011302,0.014505506325067658,1.0,True,,False,False,gcd_k_not_2,0.0,False,1.0,True,FAMILY_F
7070,True,1,1,0.03737040521342072,0.062101049307682565,0.9854727103774925,0.01463358277006529,1.0,True,,False,False,gcd_k_not_2,0.0,False,1.0,True,FAMILY_F
7076,True,23,1,0.034141543647433686,0.053781179101423,1.0030166314072553,0.0030120882272813873,1.0,True,,False,False,gcd_k_not_2,0.0,False,1.0,True,FAMILY_F
7085,True,13,1,0.024881732815802287,0.04142991404310873,1.0036570318234685,0.0036503570874506725,1.0,True,,False,False,gcd_k_not_2,0.2,False,1.0,True,FAMILY_F
7092,True,11,1,0.03455313471758627,0.05681596624468613,0.9960257629731192,0.003982150030930597,1.0,True,,False,False,gcd_k_not_2,0.0,False,1.0,True,FAMILY_F
7093,True,17,1,0.024965968438041674,0.043009017319117764,0.9809774446597167,0.019205221535019506,1.0,True,,False,False,gcd_k_not_2,0.03333333333333333,False,1.0,True,FAMILY_F
7094,True,8,2,2.759120377650162,4.1354746845526105,0.37213202376336996,0.9151713761691327,0.48,False,1.0,True,True,,0.4166666666666667,False,0.5,False,FAMILY_Q
7102,True,11,1,0.022854895063833768,0.036230354642607494,0.995237332855075,0.004774035716452685,1.0,True,,False,False,gcd_k_not_2,0.0,False,1.0,True,FAMILY_F
7104,True,13,1,0.019103574394996988,0.03387861803532515,0.9510974559947128,0.050128243317662025,1.0,True,,False,False,gcd_k_not_2,0.0,False,1.0,True,FAMILY_F
7108,True,11,1,0.03093140894540476,0.049813500506811624,0.9909939911600909,0.009046746378839165,1.0,True,,False,False,gcd_k_not_2,0.0,False,1.0,True,FAMILY_F
7114,True,23,1,0.047705938148060845,0.0701493209217101,1.0144574178808392,0.014353659454413362,1.0,True,,False,False,gcd_k_not_2,0.0,False,1.0,True,FAMILY_F
7115,True,7,1,0.0339928408463682,0.05334644233305129,1.0152380523040447,0.015122831058715664,1.0,True,,False,False,gcd_k_not_2,0.2,False,1.0,True,FAMILY_F
7117,True,29,1,0.02052458763314461,0.03411593365541207,1.0012668723506457,0.0012660703758692105,1.0,True,,False,False,gcd_k_not_2,0.0,False,1.0,True,FAMILY_F
7119,True,29,1,0.03614887284577078,0.06059643185992211,0.9801662446046808,0.020032414398901927,1.0,True,,False,False,gcd_k_not_2,0.0,False,1.0,True,FAMILY_F
7120,True,19,1,0.03030540361736701,0.0474917468485801,1.0083925485729526,0.008357478301655617,1.0,True,,False,False,gcd_k_not_2,0.23333333333333334,False,1.0,True,FAMILY_F
7121,True,29,1,0.02053359248187511,0.034912908080629135,0.9794653208197636,0.020747702891538745,1.0,True,,False,False,gcd_k_not_2,0.0,False,1.0,True,FAMILY_F
7122,True,7,1,0.026571173812399426,0.04111651887803817,0.979808619515792,0.020397305360905282,1.0,True,,False,False,gcd_k_not_2,0.0,False,1.0,True,FAMILY_F
7127,True,17,1,0.030457790400131156,0.04718289091703291,0.9853193978113245,0.0147891590691753,1.0,True,,False,False,gcd_k_not_2,0.0,False,1.0,True,FAMILY_F
7128,True,13,1,0.04294418877574499,0.06802102176633311,0.9929670808281413,0.00705773742026514,1.0,True,,False,False,gcd_k_not_2,0.0,False,1.0,True,FAMILY_F
7130,True,1,1,0.02914151170451153,0.047885555304998405,0.9938059550134223,0.006213287678274625,1.0,True,,False,False,gcd_k_not_2,0.0,False,1.0,True,FAMILY_F
7134,True,11,1,0.019828888873960872,0.03247516377498094,0.9908634049848195,0.009178525249199722,1.0,True,,False,False,gcd_k_not_2,0.0,False,1.0,True,FAMILY_F
7136,True,23,1,0.027743931412465995,0.0465338921713737,1.0029368763712814,0.002932570073403509,1.0,True,,False,False,gcd_k_not_2,0.3333333333333333,False,1.0,True,FAMILY_F
7137,True,14,2,2.761631577123564,4.139232656483113,0.36714633905312677,0.9258023707764628,0.5411111111111111,False,1.0,True,True,,0.0,False,0.5,False,FAMILY_Q
7139,True,1,1,0.04035471781494303,0.05958744782081538,1.0022903536334056,0.00228773377372519,1.0,True,,False,False,gcd_k_not_2,0.0,False,1.0,True,FAMILY_F
7140,True,1,1,0.028942034765891952,0.046917954930503485,0.9902564925122874,0.009791207841169691,1.0,True,,False,False,gcd_k_not_2,0.0,False,1.0,True,FAMILY_F
7144,True,29,1,0.03456605261682182,0.05926650392803629,0.9886067075654589,0.011458567841691815,1.0,True,,False,False,gcd_k_not_2,0.03333333333333333,False,1.0,True,FAMILY_F
7145,True,17,1,0.03274402099777152,0.048675370573136596,0.992947929670531,0.007077024165538389,1.0,True,,False,False,gcd_k_not_2,0.23333333333333334,False,1.0,True,FAMILY_F
7147,True,29,1,0.04512746661304197,0.0753716138184341,0.9837870846535827,0.016345418792005555,1.0,True,,False,False,gcd_k_not_2,0.0,False,1.0,True,FAMILY_F
7152,True,29,1,0.03982750360905388,0.06565442836598026,0.9863981939998875,0.013694943985750862,1.0,True,,False,False,gcd_k_not_2,0.0,False,1.0,True,FAMILY_F
7157,True,23,1,0.03655782083035407,0.05966089232442057,1.0313543595220962,0.030870398731881337,1.0,True,,False,False,gcd_k_not_2,0.0,False,1.0,True,FAMILY_F
7159,True,2,2,2.7676718935872064,4.148271767615605,0.36630828734660426,0.9275969684470504,0.5044444444444445,False,1.0,True,True,,0.0,False,0.5,False,FAMILY_Q
7160,True,26,2,2.759130754920892,4.135490124119257,0.3651258353677816,0.9301328100074754,0.5322222222222223,False,1.0,True,True,,0.0,False,0.5,False,FAMILY_Q
7161,True,11,1,0.03031080720253971,0.051026166069241326,1.0059876055809667,0.005969733376525663,1.0,True,,False,False,gcd_k_not_2,0.0,False,1.0,True,FAMILY_F
7163,True,8,2,2.758795177081317,4.134987820350975,0.3709120998574633,0.9177654792133562,0.5477777777777778,False,1.0,True,True,,0.0,False,0.5,False,FAMILY_Q
7164,True,13,1,0.029557850145294582,0.05017155969679351,0.9923070057337954,0.007722699608107024,1.0,True,,False,False,gcd_k_not_2,0.0,False,1.0,True,FAMILY_F
7166,True,29,1,0.03374203942995921,0.05322493434778198,1.0181438807478007,0.017980760361919878,1.0,True,,False,False,gcd_k_not_2,0.0,False,1.0,True,FAMILY_F
7167,True,19,1,0.026243641673224436,0.04515966147553703,1.0109508563904794,0.010891222284900085,1.0,True,,False,False,gcd_k_not_2,0.0,False,1.0,True,FAMILY_F
7169,True,29,1,0.038620631582596994,0.06309145597213704,1.007443709782052,0.0074161081038334915,1.0,True,,False,False,gcd_k_not_2,0.43333333333333335,False,1.0,True,FAMILY_F
7172,True,23,1,0.01839491805111462,0.03125933120531932,1.018433083118093,0.018264745333659908,1.0,True,,False,False,gcd_k_not_2,0.0,False,1.0,True,FAMILY_F
7181,True,19,1,0.031416400801752106,0.05355207893104572,0.9835999918179082,0.016535600171143052,1.0,True,,False,False,gcd_k_not_2,0.0,False,1.0,True,FAMILY_F
7185,True,23,1,0.04528141218806651,0.06853991959848407,0.9951911406599653,0.004820449772490577,1.0,True,,False,False,gcd_k_not_2,0.0,False,1.0,True,FAMILY_F
7189,True,11,1,0.044988021486605016,0.06975727198864605,0.9940466612730939,0.005971112755310574,1.0,True,,False,False,gcd_k_not_2,0.0,False,1.0,True,FAMILY_F
7192,True,13,1,0.02563369133351822,0.04465633817209679,1.0098669342981241,0.009818495075217367,1.0,True,,False,False,gcd_k_not_2,0.0,False,1.0,True,FAMILY_F
7200,True,17,1,0.03459720210358548,0.050964440258373864,0.9810767304250333,0.01910402488136516,1.0,True,,False,False,gcd_k_not_2,0.0,False,1.0,True,FAMILY_F
7208,True,11,1,0.020855025361893445,0.03458173236994551,1.0044519972998105,0.004442109170793662,1.0,True,,False,False,gcd_k_not_2,0.0,False,1.0,True,FAMILY_F
7209,True,1,1,0.04968884145049999,0.07703412222145106,0.9813100785309363,0.018866225606565857,1.0,True,,False,False,gcd_k_not_2,0.0,False,1.0,True,FAMILY_F
7215,True,16,2,2.7605914661322344,4.137676404925241,0.359316723694403,0.9426548870293063,0.5011111111111111,False,1.0,True,True,,0.0,False,0.5,False,FAMILY_Q
7219,True,23,1,0.03381023469717039,0.053627876774145516,1.0011937849597483,0.0011930728235519227,1.0,True,,False,False,gcd_k_not_2,0.0,False,1.0,True,FAMILY_F
7223,True,1,1,0.01987322376266243,0.03542710325500138,0.9670801574360314,0.03347076878339078,1.0,True,,False,False,gcd_k_not_2,0.0,False,1.0,True,FAMILY_F
7226,True,23,1,0.04134602612703022,0.06554276033335213,1.0036344933071117,0.003627900517037797,1.0,True,,False,False,gcd_k_not_2,0.0,False,1.0,True,FAMILY_F
7227,True,13,1,0.026897327519166875,0.04704523449207262,0.9985119987176787,0.0014891091805063345,1.0,True,,False,False,gcd_k_not_2,0.0,False,1.0,True,FAMILY_F
7228,True,11,1,0.041761393366759984,0.06661044187852908,0.9834137694506513,0.016724932341215564,1.0,True,,False,False,gcd_k_not_2,0.0,False,1.0,True,FAMILY_F
7241,True,7,1,0.04248912824253153,0.06438190101876382,0.9991584182552974,0.0008419360236964969,1.0,True,,False,False,gcd_k_not_2,0.0,False,1.0,True,FAMILY_F
7248,True,29,1,0.03901287646899501,0.06780427240346365,0.9974297070851439,0.002573600368252177,1.0,True,,False,False,gcd_k_not_2,0.0,False,1.0,True,FAMILY_F
7251,True,29,1,0.02873882491513484,0.046796576278941224,0.9880746301384589,0.011996903617959883,1.0,True,,False,False,gcd_k_not_2,0.0,False,1.0,True,FAMILY_F
7254,True,1,1,0.03576789348436261,0.05855389435855815,0.9934666531686106,0.006554759088650605,1.0,True,,False,False,gcd_k_not_2,0.0,False,1.0,True,FAMILY_F
7256,True,19,1,0.026018844722820768,0.04185565438241912,1.014838672553434,0.014729390253988678,1.0,True,,False,False,gcd_k_not_2,0.0,False,1.0,True,FAMILY_F
7258,True,13,1,0.033435413801317516,0.05346794341859844,1.0142223693531196,0.014121945590036463,1.0,True,,False,False,gcd_k_not_2,0.0,False,1.0,True,FAMILY_F
7262,True,28,2,2.7547252964854385,4.1288970932862,0.36392061399826076,0.9327220066527281,0.5055555555555555,False,1.0,True,True,,0.0,False,0.5,False,FAMILY_Q
7265,True,7,1,0.022757730247677306,0.037057358039394056,0.9780630624275165,0.022180220630137113,1.0,True,,False,False,gcd_k_not_2,0.0,False,1.0,True,FAMILY_F
7266,True,23,1,0.04550356947980102,0.07148129726585936,0.984611396327981,0.015507926338115076,1.0,True,,False,False,gcd_k_not_2,0.0,False,1.0,True,FAMILY_F
7267,True,13,1,0.03725385428477912,0.06020761646638358,1.0008689133706994,0.0008685360294149366,1.0,True,,False,False,gcd_k_not_2,0.0,False,1.0,True,FAMILY_F
7272,True,1,1,0.03059056285160831,0.051636073460358006,1.002778776586168,0.0027749211432173213,1.0,True,,False,False,gcd_k_not_2,0.2911111111111111,False,1.0,True,FAMILY_F
7274,True,13,1,0.026291337168127687,0.04081185071684138,1.014475555392954,0.01437153740009561,1.0,True,,False,False,gcd_k_not_2,0.3,False,1.0,True,FAMILY_F
7276,True,7,1,0.040752263695046205,0.06307833456463724,0.9975714192632079,0.0024315333242881767,1.0,True,,False,False,gcd_k_not_2,0.0,False,1.0,True,FAMILY_F
7281,True,17,1,0.040084668533368444,0.0665700731478072,1.0051311798894642,0.005118049074222651,1.0,True,,False,False,gcd_k_not_2,0.0,False,1.0,True,FAMILY_F
7284,True,17,1,0.038541342611469395,0.06554705124738415,0.9943538000967531,0.005662184816929647,1.0,True,,False,False,gcd_k_not_2,0.13333333333333333,False,1.0,True,FAMILY_F
7290,True,13,1,0.04084972488650582,0.06837847298346378,0.9941255814170007,0.005891723808913821,1.0,True,,False,False,gcd_k_not_2,0.0,False,1.0,True,FAMILY_F
7295,True,23,1,0.03823776491496586,0.06074031308192268,0.9959048005358055,0.004103601998547307,1.0,True,,False,False,gcd_k_not_2,0.0,False,1.0,True,FAMILY_F
7300,True,11,1,0.030010871520636286,0.048607792482162425,1.001089610401823,0.0010890170996431879,1.0,True,,False,False,gcd_k_not_2,0.0,False,1.0,True,FAMILY_F
7302,True,19,1,0.031762913598396524,0.04831308326572544,0.9994323561103108,0.0005678050452214678,1.0,True,,False,False,gcd_k_not_2,0.0,False,1.0,True,FAMILY_F
7306,True,19,1,0.02141479843176542,0.03326227351743369,0.9855166372066306,0.014589011768489282,1.0,True,,False,False,gcd_k_not_2,0.0,False,1.0,True,FAMILY_F
7308,True,13,1,0.02811870586106,0.04844998193864558,0.9996795326370498,0.00032051872084478544,1.0,True,,False,False,gcd_k_not_2,0.0,False,1.0,True,FAMILY_F
7313,True,2,2,2.7590762229526278,4.135408507555682,0.36294151887636084,0.9348287836279936,0.5,False,1.0,True,True,,0.0,False,0.5,False,FAMILY_Q
7315,True,4,2,2.7641874474019645,4.143057404317101,0.3652975837275679,0.9297642123405104,0.47555555555555556,False,1.0,True,True,,0.0,False,0.5,False,FAMILY_Q
7317,True,19,1,0.03819151942536846,0.0654895414423453,0.9998365442863407,0.0001634690736363072,1.0,True,,False,False,gcd_k_not_2,0.03333333333333333,False,1.0,True,FAMILY_F
7321,True,7,1,0.02894251142595022,0.04798049519391229,1.003120989939465,0.003116127238584161,1.0,True,,False,False,gcd_k_not_2,0.06666666666666667,False,1.0,True,FAMILY_F
7328,True,13,1,0.03473381536040122,0.060472812583324764,1.0100342579630732,0.009984166113906612,1.0,True,,False,False,gcd_k_not_2,0.0,False,1.0,True,FAMILY_F
7329,True,17,1,0.021478261759242327,0.03568898281969467,1.0298999069523163,0.02945948896288971,1.0,True,,False,False,gcd_k_not_2,0.0,False,1.0,True,FAMILY_F
7333,True,7,1,0.0382831121908826,0.06505042302384621,0.9988714173479131,0.0011292198610597355,1.0,True,,False,False,gcd_k_not_2,0.0,False,1.0,True,FAMILY_F
7334,True,28,2,2.765152107095973,4.144500891837558,0.36536728545882086,0.929614648453974,0.4811111111111111,False,1.0,True,True,,0.0,False,0.5,False,FAMILY_Q
7339,True,19,1,0.038436009618721845,0.0610006944666621,1.005876906951287,0.005859688529162285,1.0,True,,False,False,gcd_k_not_2,0.0,False,1.0,True,FAMILY_F
7342,True,23,1,0.04628703767147544,0.07259267533829554,1.0236100350133668,0.023334570005935737,1.0,True,,False,False,gcd_k_not_2,0.0,False,1.0,True,FAMILY_F
7343,True,1,1,0.040829417995039065,0.0672942450152566,1.017933254778123,0.017773882992076235,1.0,True,,False,False,gcd_k_not_2,0.0,False,1.0,True,FAMILY_F
7344,True,7,1,0.03477275388876451,0.056630392028416215,0.9785073164345105,0.02172616030980542,1.0,True,,False,False,gcd_k_not_2,0.0,False,1.0,True,FAMILY_F
7347,True,29,1,0.03097733366154477,0.050417649488948425,0.9911039817636045,0.008935764598809083,1.0,True,,False,False,gcd_k_not_2,0.0,False,1.0,True,FAMILY_F
7349,True,1,1,0.023275436207076665,0.038251282716572785,1.0441649228852543,0.0432107237442635,1.0,True,,False,False,gcd_k_not_2,0.35777777777777775,False,1.0,True,FAMILY_F
7350,True,26,2,2.77104083448889,4.153313160314698,0.36923544779991585,0.9213383325907827,0.5133333333333333,False,1.0,True,True,,0.0,False,0.5,False,FAMILY_Q
7351,True,13,1,0.028052851255837206,0.04576367124718482,1.0199593838642482,0.019762163560007113,1.0,True,,False,False,gcd_k_not_2,0.0,False,1.0,True,FAMILY_F
7356,True,7,1,0.04555749998845255,0.07206130543062726,0.9981491299892591,0.001852584457248083,1.0,True,,False,False,gcd_k_not_2,0.3,False,1.0,True,FAMILY_F
7359,True,23,1,0.02443463097845153,0.04171753260797181,0.9947010552832678,0.005313021420124188,1.0,True,,False,False,gcd_k_not_2,0.0,False,1.0,True,FAMILY_F
7362,True,23,1,0.033706736353226664,0.05688645625725517,1.014126399003527,0.014027321235167646,1.0,True,,False,False,gcd_k_not_2,0.0,False,1.0,True,FAMILY_F
7365,True,4,2,2.7614057070536036,4.138894530209325,0.3710032349253252,0.9175715258015922,0.49,False,1.0,True,True,,0.0,False,0.5,False,FAMILY_Q
7367,True,23,1,0.02557042077549697,0.038966850952027995,0.9934017851272252,0.006620055145936023,1.0,True,,False,False,gcd_k_not_2,0.3333333333333333,False,1.0,True,FAMILY_F
7368,True,19,1,0.035659624767280275,0.057755074215501946,0.99828923339966,0.0017122312143267404,1.0,True,,False,False,gcd_k_not_2,0.0,False,1.0,True,FAMILY_F
7369,True,14,2,2.763147536610639,4.141501000924041,0.37767979539885776,0.9034322876470317,0.5033333333333333,False,1.0,True,True,,0.0,False,0.5,False,FAMILY_Q
7373,True,19,1,0.03993213717449766,0.059620603233267414,0.9940173799515083,0.006000569612524888,1.0,True,,False,False,gcd_k_not_2,0.0,False,1.0,True,FAMILY_F
7375,True,1,1,0.031975888677371896,0.05052255110031402,1.0007508138651853,0.0007505321102280307,1.0,True,,False,False,gcd_k_not_2,0.36666666666666664,False,1.0,True,FAMILY_F
7377,True,11,1,0.025499430641272327,0.0423905480945885,1.0006869879507654,0.0006867520555717847,1.0,True,,False,False,gcd_k_not_2,0.0,False,1.0,True,FAMILY_F
7381,True,29,1,0.033972955532659346,0.0531143881944056,0.9819146072221775,0.01825042583764063,1.0,True,,False,False,gcd_k_not_2,0.0,False,1.0,True,FAMILY_F
7383,True,29,1,0.025820181369329943,0.04102741471499187,1.0075390656068308,0.0075107535748521045,1.0,True,,False,False,gcd_k_not_2,0.0,False,1.0,True,FAMILY_F
7391,True,11,1,0.01988670459969484,0.03459154094661167,1.0052182149580424,0.005204635504621699,1.0,True,,False,False,gcd_k_not_2,0.0,False,1.0,True,FAMILY_F
7394,True,17,1,0.0355046447549693,0.06000698243789449,0.9843179932491244,0.015805941189091264,1.0,True,,False,False,gcd_k_not_2,0.0,False,1.0,True,FAMILY_F
7396,True,7,1,0.028240934911905845,0.046450053658775026,1.0025476749548907,0.002544433759808529,1.0,True,,False,False,gcd_k_not_2,0.0,False,1.0,True,FAMILY_F
7406,True,22,2,2.7555397710235403,4.130116122789229,0.3683628264871804,0.923201304926325,0.47333333333333333,False,1.0,True,True,,0.0,False,0.5,False,FAMILY_Q
7408,True,23,1,0.03824828809245237,0.05564960345837972,0.9950007667379049,0.005011760742598048,1.0,True,,False,False,gcd_k_not_2,0.0,False,1.0,True,FAMILY_F
7415,True,23,1,0.027153574465664805,0.043641817526590215,0.9863986609026305,0.013694470667020004,1.0,True,,False,False,gcd_k_not_2,0.3,False,1.0,True,FAMILY_F
7419,True,29,1,0.036229642594345794,0.06012094633431111,1.001778398669405,0.0017768187233783653,1.0,True,,False,False,gcd_k_not_2,0.1288888888888889,False,1.0,True,FAMILY_F
7421,True,19,1,0.030636452015774973,0.05099730751191897,1.0022224431264672,0.002219976240998362,1.0,True,,False,False,gcd_k_not_2,0.0,False,1.0,True,FAMILY_F
7423,True,19,1,0.022310736476989383,0.03626261875505896,1.0048835622073082,0.004871666663705535,1.0,True,,False,False,gcd_k_not_2,0.0,False,1.0,True,FAMILY_F
7425,True,26,2,2.768926954319825,4.150149838636848,0.3666757130254641,0.9268098948982139,0.5022222222222222,False,1.0,True,True,,0.03111111111111111,False,0.5,False,FAMILY_Q
7428,True,1,1,0.027032494016832293,0.044439544743285715,0.9931833044710163,0.006840008657199542,1.0,True,,False,False,gcd_k_not_2,0.0,False,1.0,True,FAMILY_F
7430,True,8,2,2.7570029792619457,4.132306017927964,0.3653439459700032,0.9296647279292075,0.48,False,1.0,True,True,,0.18333333333333332,False,0.5,False,FAMILY_Q
7431,True,2,2,2.7668301775416335,4.147012254770844,0.36796804808437994,0.9240449041199165,0.4777777777777778,False,1.0,True,True,,0.0,False,0.5,False,FAMILY_Q
7432,True,1,1,0.02742755889103314,0.0461680269053056,0.9865001432515436,0.013591599068661158,1.0,True,,False,False,gcd_k_not_2,0.0,False,1.0,True,FAMILY_F
7436,True,13,1,0.02059887873782178,0.03259505250327487,1.0065045919346225,0.006483505655325738,1.0,True,,False,False,gcd_k_not_2,0.0,False,1.0,True,FAMILY_F
7437,True,14,2,2.762412597265737,4.140401168841509,0.36579535958642717,0.9286964345897537,0.48777777777777775,False,1.0,True,True,,0.0,False,0.5,False,FAMILY_Q
7442,True,1,1,0.04335399202943304,0.06070196224168857,0.9942409084603943,0.005775722998333131,1.0,True,,False,False,gcd_k_not_2,0.0,False,1.0,True,FAMILY_F
7447,True,29,1,0.030763655736549052,0.050171135557114555,0.9690000255146438,0.03148803868324345,1.0,True,,False,False,gcd_k_not_2,0.06666666666666667,False,1.0,True,FAMILY_F
7454,True,19,1,0.03724125426602419,0.06298348320013034,1.0114106804282443,0.011345947935222277,1.0,True,,False,False,gcd_k_not_2,0.3488888888888889,False,1.0,True,FAMILY_F
7456,True,19,1,0.034509065649650915,0.05507420144617015,1.006141798835757,0.006122995731728837,1.0,True,,False,False,gcd_k_not_2,0.0,False,1.0,True,FAMILY_F
7457,True,16,2,2.7586381619823497,4.134753317545698,0.3616355437922036,0.9376436435111388,0.5077777777777778,False,1.0,True,True,,0.0,False,0.5,False,FAMILY_Q
7458,True,23,1,0.03168314693718178,0.0472888014884919,0.9862657859076553,0.013829180555580618,1.0,True,,False,False,gcd_k_not_2,0.0,False,1.0,True,FAMILY_F
7461,True,29,1,0.0352135683720805,0.05490350282860225,1.0011826953537688,0.001181996382953756,1.0,True,,False,False,gcd_k_not_2,0.0,False,1.0,True,FAMILY_F
7462,True,19,1,0.04471660557707528,0.0720185881127826,1.004265362219817,0.0042562849213669054,1.0,True,,False,False,gcd_k_not_2,0.24888888888888888,False,1.0,True,FAMILY_F
7469,True,7,1,0.03741117240275409,0.06065454566352161,0.994856021041561,0.005157243334035868,1.0,True,,False,False,gcd_k_not_2,0.0,False,1.0,True,FAMILY_F
7470,True,11,1,0.03424760279702505,0.05733384821340775,1.0232337860281004,0.022966981066198804,1.0,True,,False,False,gcd_k_not_2,0.0,False,1.0,True,FAMILY_F
7476,True,1,1,0.03361786201549142,0.05255902847745163,1.0154064318261338,0.015288659977307096,1.0,True,,False,False,gcd_k_not_2,0.0,False,1.0,True,FAMILY_F
7478,True,23,1,0.03181847422177129,0.05221066205606123,0.988610424142726,0.011454808562802244,1.0,True,,False,False,gcd_k_not_2,0.0,False,1.0,True,FAMILY_F
7492,True,23,1,0.03455596593877693,0.058712446435706875,0.9851683381358977,0.014942472715466995,1.0,True,,False,False,gcd_k_not_2,0.0,False,1.0,True,FAMILY_F
7499,True,17,1,0.03573865335090975,0.05837188496548123,0.9997242065495904,0.0002758314866683103,1.0,True,,False,False,gcd_k_not_2,0.0,False,1.0,True,FAMILY_F
7501,True,8,2,2.7617862796497663,4.139464133358932,0.36772373805009184,0.924567212456689,0.5044444444444445,False,1.0,True,True,,0.0,False,0.5,False,FAMILY_Q
7505,True,11,1,0.025804010990536218,0.040206078324138035,0.9935473039738081,0.006473582054791994,1.0,True,,False,False,gcd_k_not_2,0.0,False,1.0,True,FAMILY_F
7508,True,29,1,0.04240000973444759,0.06972816467303693,0.9757892823396307,0.024507388390831015,1.0,True,,False,False,gcd_k_not_2,0.0,False,1.0,True,FAMILY_F
7509,True,16,2,2.762045067892237,4.139851315871134,0.36442291188758696,0.9316423560098902,0.48,False,1.0,True,True,,0.0,False,0.5,False,FAMILY_Q
7510,True,17,1,0.039750764591841826,0.0655901045665532,1.0067175651490756,0.006695077838297162,1.0,True,,False,False,gcd_k_not_2,0.0,False,1.0,True,FAMILY_F
7511,True,1,1,0.027742709310221384,0.04733616778667345,1.004199172341388,0.004190374289479731,1.0,True,,False,False,gcd_k_not_2,0.0,False,1.0,True,FAMILY_F
7520,True,7,1,0.024698833528014292,0.04150223182687226,1.0135219430271214,0.013431135502593502,1.0,True,,False,False,gcd_k_not_2,0.0,False,1.0,True,FAMILY_F
7521,True,13,1,0.03262712470887366,0.04907126419500025,0.998749559400742,0.0012512228892077406,1.0,True,,False,False,gcd_k_not_2,0.0,False,1.0,True,FAMILY_F
7523,True,19,1,0.035229454463311966,0.05375673843557935,1.0147572075668523,0.014649117532800973,1.0,True,,False,False,gcd_k_not_2,0.0,False,1.0,True,FAMILY_F
7524,True,11,1,0.041606318750660135,0.06809459744312983,1.0119594451976668,0.011888356125877854,1.0,True,,False,False,gcd_k_not_2,0.0,False,1.0,True,FAMILY_F
7527,True,1,1,0.04212962451637709,0.06843900441641051,1.0010139346252107,0.00101342085396378,1.0,True,,False,False,gcd_k_not_2,0.26666666666666666,False,1.0,True,FAMILY_F
7531,True,11,1,0.02319991057258762,0.037106743740008316,1.0027161447284108,0.002712461010073988,1.0,True,,False,False,gcd_k_not_2,0.0,False,1.0,True,FAMILY_F
7534,True,11,1,0.023286519308392355,0.03987948030152697,1.02447524894573,0.024179351126644526,1.0,True,,False,False,gcd_k_not_2,0.08222222222222222,False,1.0,True,FAMILY_F
7535,True,1,1,0.035498531634132774,0.05413292796572971,1.002737141176025,0.0027334003247353167,1.0,True,,False,False,gcd_k_not_2,0.0,False,1.0,True,FAMILY_F
7542,True,23,1,0.04461810261409023,0.0721590486877948,1.0090196940189957,0.00897919920431651,1.0,True,,False,False,gcd_k_not_2,0.0,False,1.0,True,FAMILY_F
7545,True,1,1,0.042140963437657754,0.06815746581580058,1.0058056842114276,0.005788880006799005,1.0,True,,False,False,gcd_k_not_2,0.0,False,1.0,True,FAMILY_F
7546,True,23,1,0.04421829797600997,0.07042848508319734,0.9975816942047554,0.0024212334366704256,1.0,True,,False,False,gcd_k_not_2,0.08444444444444445,False,1.0,True,FAMILY_F
7550,True,19,1,0.028975776575597557,0.045982681875239385,1.0074285151770555,0.007401025860589949,1.0,True,,False,False,gcd_k_not_2,0.0,False,1.0,True,FAMILY_F
7552,True,1,1,0.03781609376529819,0.06336832653461638,1.0164793651296706,0.016344690071857883,1.0,True,,False,False,gcd_k_not_2,0.13333333333333333,False,1.0,True,FAMILY_F
7561,True,13,1,0.0328743820920186,0.054039197030300495,1.0088135800766138,0.00877491088673105,1.0,True,,False,False,gcd_k_not_2,0.0,False,1.0,True,FAMILY_F
7567,True,19,1,0.020779475597976306,0.03462702660649628,1.0117931973774006,0.011724065269506105,1.0,True,,False,False,gcd_k_not_2,0.0,False,1.0,True,FAMILY_F
7571,True,17,1,0.01910680255391636,0.03265806026585895,1.0054357134825564,0.005420980035422751,1.0,True,,False,False,gcd_k_not_2,0.0,False,1.0,True,FAMILY_F
7573,True,13,1,0.03953681220068644,0.06260672832239128,1.0003333268891614,0.000333271345011002,1.0,True,,False,False,gcd_k_not_2,0.0,False,1.0,True,FAMILY_F
7577,True,1,1,0.034099606168489616,0.055250904564057624,1.010221948216122,0.010169969763978588,1.0,True,,False,False,gcd_k_not_2,0.07777777777777778,False,1.0,True,FAMILY_F
7578,True,17,1,0.03652352069253176,0.05934440218266192,0.9961097965003507,0.00389778508824484,1.0,True,,False,False,gcd_k_not_2,0.0,False,1.0,True,FAMILY_F
7580,True,11,1,0.017281083543002323,0.029533274764117535,0.9969722098238089,0.003032380882714714,1.0,True,,False,False,gcd_k_not_2,0.26666666666666666,False,1.0,True,FAMILY_F
7584,True,19,1,0.031594892814533496,0.04952439277512473,1.0091896291685678,0.009147597653458451,1.0,True,,False,False,gcd_k_not_2,0.26666666666666666,False,1.0,True,FAMILY_F
7591,True,13,1,0.02441877050710679,0.041220460981832845,0.999408894879892,0.0005912798743885548,1.0,True,,False,False,gcd_k_not_2,0.0,False,1.0,True,FAMILY_F
7593,True,23,1,0.03826577402468478,0.06451701962252568,0.9936781352237896,0.006341911128498986,1.0,True,,False,False,gcd_k_not_2,0.3,False,1.0,True,FAMILY_F
7595,True,23,1,0.04070236976129336,0.06756209936621965,1.0002803610237134,0.00028032172807002857,1.0,True,,False,False,gcd_k_not_2,0.0,False,1.0,True,FAMILY_F
7597,True,11,1,0.02317159119397479,0.03861589365937988,1.008494948736386,0.008459019268861334,1.0,True,,False,False,gcd_k_not_2,0.0,False,1.0,True,FAMILY_F
7602,True,13,1,0.024811154018528583,0.04018422039238473,0.9896034924341045,0.010450833651459119,1.0,True,,False,False,gcd_k_not_2,0.0,False,1.0,True,FAMILY_F
7604,True,29,1,0.03140923908781244,0.051568341650612165,1.0000414441533567,4.144329456555805e-05,1.0,True,,False,False,gcd_k_not_2,0.0,False,1.0,True,FAMILY_F
7605,True,23,1,0.03249630832789549,0.05515537123302646,0.999151240539956,0.0008491198092794214,1.0,True,,False,False,gcd_k_not_2,0.0,False,1.0,True,FAMILY_F
7606,True,11,1,0.022143191790658066,0.035984755266129986,1.0002999368184684,0.0002998918441656464,1.0,True,,False,False,gcd_k_not_2,0.0,False,1.0,True,FAMILY_F
7607,True,28,2,2.7698248481660928,4.151493499490185,0.37035040571276073,0.9189614446966788,0.5033333333333333,False,1.0,True,True,,0.0,False,0.5,False,FAMILY_Q
7608,True,29,1,0.029816526532544102,0.043883528706854094,1.0043111285452144,0.004301855618936297,1.0,True,,False,False,gcd_k_not_2,0.0,False,1.0,True,FAMILY_F
7614,True,7,1,0.019024771494599954,0.033093493392454036,1.059122476064877,0.05742492421127269,1.0,True,,False,False,gcd_k_not_2,0.0,False,1.0,True,FAMILY_F
7618,True,7,1,0.02792910986259898,0.04532518419582214,1.017796522940401,0.01763956150986641,1.0,True,,False,False,gcd_k_not_2,0.0,False,1.0,True,FAMILY_F
7626,True,23,1,0.029678217623179844,0.04924434445488508,0.9915357109236561,0.008500263419748818,1.0,True,,False,False,gcd_k_not_2,0.0,False,1.0,True,FAMILY_F
7634,True,1,1,0.035738652849644316,0.054772731955783104,1.0078553426595658,0.007824610162563613,1.0,True,,False,False,gcd_k_not_2,0.26666666666666666,False,1.0,True,FAMILY_F
7642,True,19,1,0.03968801062504712,0.06738501305229236,1.0068081536623006,0.0067850568076238005,1.0,True,,False,False,gcd_k_not_2,0.0,False,1.0,True,FAMILY_F
7643,True,29,1,0.028613461760951333,0.04586127252016719,1.00274332664221,0.0027395688760670956,1.0,True,,False,False,gcd_k_not_2,0.0,False,1.0,True,FAMILY_F
7650,True,29,1,0.023661645008981574,0.03851372790604993,0.98448725872461,0.015634004408130918,1.0,True,,False,False,gcd_k_not_2,0.0,False,1.0,True,FAMILY_F
7655,True,7,1,0.02072903177082865,0.0357038608083284,0.979409651320635,0.02080453499418624,1.0,True,,False,False,gcd_k_not_2,0.0,False,1.0,True,FAMILY_F
7659,True,7,1,0.04725288011296558,0.07219172186635454,0.980690846133942,0.01949739294625106,1.0,True,,False,False,gcd_k_not_2,0.0,False,1.0,True,FAMILY_F
7660,True,7,1,0.03426827879889761,0.05110778000608243,0.9808743833880441,0.019310277090103852,1.0,True,,False,False,gcd_k_not_2,0.0,False,1.0,True,FAMILY_F
7664,True,17,1,0.02858645622670662,0.04580160078708332,0.9992287116796765,0.0007715858779112954,1.0,True,,False,False,gcd_k_not_2,0.25333333333333335,False,1.0,True,FAMILY_F
7669,True,29,1,0.04648460977819584,0.0729864039438402,1.0030653197392463,0.0030606288362532534,1.0,True,,False,False,gcd_k_not_2,0.0,False,1.0,True,FAMILY_F
7671,True,7,1,0.02917191394801918,0.04570899836355371,1.0385791290980175,0.03784903764327965,1.0,True,,False,False,gcd_k_not_2,0.36666666666666664,False,1.0,True,FAMILY_F
7679,True,29,1,0.024183766814250118,0.04026188574318209,1.0027636648479643,0.002759851196096111,1.0,True,,False,False,gcd_k_not_2,0.0,False,1.0,True,FAMILY_F
7682,True,7,1,0.02857531719617876,0.04711067501465014,0.9831037481615233,0.017040209675505506,1.0,True,,False,False,gcd_k_not_2,0.0,False,1.0,True,FAMILY_F
7684,True,29,1,0.03573189917227454,0.05683080161752939,0.9874343906440317,0.012645055771523016,1.0,True,,False,False,gcd_k_not_2,0.0,False,1.0,True,FAMILY_F
7686,True,13,1,0.029608219985579075,0.04915126461435063,0.9852414723091485,0.01486824438911703,1.0,True,,False,False,gcd_k_not_2,0.0,False,1.0,True,FAMILY_F
7688,True,1,1,0.028027176647727012,0.04119431168439421,1.0228267362236976,0.022569146249580913,1.0,True,,False,False,gcd_k_not_2,0.0,False,1.0,True,FAMILY_F
7692,True,17,1,0.019047176008164822,0.0335862629463823,1.0084405771386258,0.008405105169355755,1.0,True,,False,False,gcd_k_not_2,0.0,False,1.0,True,FAMILY_F
7696,True,29,1,0.02416009911263507,0.040025456743212055,0.9942992087712713,0.005717087188979067,1.0,True,,False,False,gcd_k_not_2,0.0,False,1.0,True,FAMILY_F
7702,True,1,1,0.027227182676162368,0.04717312330435789,1.022725789979335,0.02247046049634557,1.0,True,,False,False,gcd_k_not_2,0.0,False,1.0,True,FAMILY_F
7703,True,29,1,0.032397181954801374,0.053829070434558826,0.9770480141710116,0.023218440487508596,1.0,True,,False,False,gcd_k_not_2,0.0,False,1.0,True,FAMILY_F
7704,True,29,1,0.03317669729922772,0.05427775318615091,0.9902096067861095,0.009838554874328538,1.0,True,,False,False,gcd_k_not_2,0.3333333333333333,False,1.0,True,FAMILY_F
7708,True,23,1,0.041559815612375026,0.07212253962779175,1.0026743392750659,0.002670768005180369,1.0,True,,False,False,gcd_k_not_2,0.29888888888888887,False,1.0,True,FAMILY_F
7713,True,7,1,0.03490826760302376,0.057522878225127264,1.0218326725338858,0.02159691336526257,1.0,True,,False,False,gcd_k_not_2,0.0,False,1.0,True,FAMILY_F
7716,True,7,1,0.02929931490381063,0.047561073478864166,0.9672785460743185,0.03326570504311838,1.0,True,,False,False,gcd_k_not_2,0.0,False,1.0,True,FAMILY_F
7718,True,17,1,0.021810044202681476,0.035968396788063996,0.9887796357870792,0.011283667643228119,1.0,True,,False,False,gcd_k_not_2,0.0,False,1.0,True,FAMILY_F
7719,True,14,2,2.7577926865149567,4.133487678539452,0.36558558133642594,0.9291463344870797,0.5088888888888888,False,1.0,True,True,,0.0,False,0.5,False,FAMILY_Q
7723,True,16,2,2.7748633193665904,4.159033277758667,0.36448328336558083,0.9315126456762132,0.5311111111111111,False,1.0,True,True,,0.0,False,0.5,False,FAMILY_Q
7724,True,28,2,2.763929533024209,4.142671565992297,0.3619387406964693,0.9369896607497024,0.52,False,1.0,True,True,,0.0,False,0.5,False,FAMILY_Q
7726,True,7,1,0.02719176353419322,0.04467338953433703,1.004009768467412,0.004001745431090007,1.0,True,,False,False,gcd_k_not_2,0.36666666666666664,False,1.0,True,FAMILY_F
7727,True,19,1,0.027412123830081923,0.04308916282836678,0.9893658689003616,0.010690975718324204,1.0,True,,False,False,gcd_k_not_2,0.0,False,1.0,True,FAMILY_F
7732,True,22,2,2.768852180404102,4.150037920258843,0.36538547390925635,0.9295756227342435,0.5122222222222222,False,1.0,True,True,,0.45,False,0.5,False,FAMILY_Q
7733,True,19,1,0.0359250498456541,0.05723469458726151,1.0012102109340144,0.0012094790716160439,1.0,True,,False,False,gcd_k_not_2,0.0,False,1.0,True,FAMILY_F
7740,True,13,1,0.034177995297398275,0.054957871205481956,1.0184123966775516,0.018244434792275083,1.0,True,,False,False,gcd_k_not_2,0.0,False,1.0,True,FAMILY_F
7741,True,16,2,2.7575873640059556,4.133180515899894,0.3671161921079749,0.9258668890698648,0.4822222222222222,False,1.0,True,True,,0.0,False,0.5,False,FAMILY_Q
7753,True,19,1,0.015642123036020958,0.029078220216275343,0.9960852089198384,0.003922468903299013,1.0,True,,False,False,gcd_k_not_2,0.0,False,1.0,True,FAMILY_F
7754,True,23,1,0.030352375878512486,0.045433431941654265,1.0017964870351026,0.0017948748004482941,1.0,True,,False,False,gcd_k_not_2,0.0,False,1.0,True,FAMILY_F
7755,True,7,1,0.02665285482393129,0.03676420636730664,1.0035811129519914,0.0035747122278618733,1.0,True,,False,False,gcd_k_not_2,0.0,False,1.0,True,FAMILY_F
7759,True,11,1,0.02662799664116426,0.04261666597770597,0.9927021405462264,0.0073245863546602345,1.0,True,,False,False,gcd_k_not_2,0.0,False,1.0,True,FAMILY_F
7760,True,22,2,2.7643298389429107,4.143270370939562,0.37177735919739907,0.9159250757282684,0.5166666666666667,False,1.0,True,True,,0.0,False,0.5,False,FAMILY_Q
7761,True,16,2,2.7602339561069504,4.137141277508721,0.36643744291809344,0.9273202521864491,0.5,False,1.0,True,True,,0.0,False,0.5,False,FAMILY_Q
7763,True,1,1,0.030146703586282998,0.04900897244764381,0.9954501473763612,0.004560226803582106,1.0,True,,False,False,gcd_k_not_2,0.0,False,1.0,True,FAMILY_F
7764,True,13,1,0.037689036458167104,0.0626202657794371,1.004149145019698,0.004140555137833609,1.0,True,,False,False,gcd_k_not_2,0.3333333333333333,False,1.0,True,FAMILY_F
7765,True,19,1,0.021388153672734615,0.03278365247541028,1.0164179933807416,0.01628431548878907,1.0,True,,False,False,gcd_k_not_2,0.37777777777777777,False,1.0,True,FAMILY_F
7771,True,1,1,0.03102174957510476,0.04798204860580795,0.9596536821182607,0.04117698780136236,1.0,True,,False,False,gcd_k_not_2,0.0,False,1.0,True,FAMILY_F
7774,True,29,1,0.04014322636249642,0.06115488165029119,1.0026562021798524,0.002652679153776954,1.0,True,,False,False,gcd_k_not_2,0.0,False,1.0,True,FAMILY_F
7781,True,29,1,0.022983036892880324,0.03879321119323264,1.0438153616622041,0.042876046911174734,1.0,True,,False,False,gcd_k_not_2,0.0,False,1.0,True,FAMILY_F
7783,True,7,1,0.02974744092434172,0.04906615629055432,0.9730895396575728,0.027277485184070756,1.0,True,,False,False,gcd_k_not_2,0.0,False,1.0,True,FAMILY_F
7787,True,13,1,0.03064622190305997,0.05165623216652732,1.0013057690438207,0.0013049170836544291,1.0,True,,False,False,gcd_k_not_2,0.23333333333333334,False,1.0,True,FAMILY_F
7788,True,16,2,2.7694556198951106,4.150941038086845,0.36324471890275467,0.9341760467038602,0.5333333333333333,False,1.0,True,True,,0.0,False,0.5,False,FAMILY_Q
7791,True,29,1,0.048920752025287804,0.07798148286936651,1.006931364992396,0.0069074260468518405,1.0,True,,False,False,gcd_k_not_2,0.0,False,1.0,True,FAMILY_F
7797,True,17,1,0.031310221492018335,0.04804593822936799,0.9970306613580342,0.0029737536828268367,1.0,True,,False,False,gcd_k_not_2,0.03333333333333333,False,1.0,True,FAMILY_F
7800,True,13,1,0.02920645759467985,0.048984611527205436,1.0057561623262434,0.005739643167360492,1.0,True,,False,False,gcd_k_not_2,0.0,False,1.0,True,FAMILY_F
7802,True,14,2,2.7610450904897976,4.13835499546274,0.36430931716875836,0.9318864495486103,0.47888888888888886,False,1.0,True,True,,0.0,False,0.5,False,FAMILY_Q
7807,True,19,1,0.028169846252157578,0.043986985575461296,0.9940787669497605,0.00593881560586187,1.0,True,,False,False,gcd_k_not_2,0.0,False,1.0,True,FAMILY_F
7811,True,13,1,0.028506370471236,0.04791008491756318,0.9700396939309169,0.03041594152786004,1.0,True,,False,False,gcd_k_not_2,0.0,False,1.0,True,FAMILY_F
7812,True,13,1,0.029110696390271987,0.04901811495313921,0.9752151223128898,0.02509587680564961,1.0,True,,False,False,gcd_k_not_2,0.0,False,1.0,True,FAMILY_F
7817,True,26,2,2.770267899858823,4.152156492190261,0.3706589435734832,0.918304381082203,0.5222222222222223,False,1.0,True,True,,0.0,False,0.5,False,FAMILY_Q
7820,True,1,1,0.03461231911224824,0.055621372317618586,0.9844786645586405,0.015642733498282803,1.0,True,,False,False,gcd_k_not_2,0.0,False,1.0,True,FAMILY_F
7821,True,11,1,0.037642030471993264,0.0576432206385171,0.9902661967550102,0.00978140839738941,1.0,True,,False,False,gcd_k_not_2,0.08444444444444445,False,1.0,True,FAMILY_F
7828,True,22,2,2.759453473181271,4.135973028818957,0.36521408287091206,0.929943406083528,0.49666666666666665,False,1.0,True,True,,0.08333333333333333,False,0.5,False,FAMILY_Q
7831,True,19,1,0.032900819094075925,0.0547799480289237,0.9933312147673494,0.006691095973660261,1.0,True,,False,False,gcd_k_not_2,0.0,False,1.0,True,FAMILY_F
7832,True,28,2,2.752658954053258,4.125805420687615,0.36977898045489477,0.9201791362513286,0.51,False,1.0,True,True,,0.0,False,0.5,False,FAMILY_Q
7835,True,8,2,2.761313652086833,4.138756790357407,0.3706266061263104,0.9183732331775408,0.51,False,1.0,True,True,,0.0,False,0.5,False,FAMILY_Q
7837,True,7,1,0.027410940471586428,0.04732673620040567,0.998143627248753,0.0018580974119493275,1.0,True,,False,False,gcd_k_not_2,0.0,False,1.0,True,FAMILY_F
7841,True,11,1,0.0267744905508524,0.04425975004292579,0.989061846855663,0.010998303709488165,1.0,True,,False,False,gcd_k_not_2,0.0,False,1.0,True,FAMILY_F
7844,True,29,1,0.028473059246591215,0.04533650032242346,1.0519489774232478,0.05063379060085908,1.0,True,,False,False,gcd_k_not_2,0.11333333333333333,False,1.0,True,FAMILY_F
7846,True,2,2,2.77196639970986,4.154698279565597,0.3683718053207542,0.9231821237813191,0.5211111111111111,False,1.0,True,True,,0.0,False,0.5,False,FAMILY_Q
7847,True,19,1,0.040752948273752344,0.06957085685854726,0.9955323896899217,0.004477612423792841,1.0,True,,False,False,gcd_k_not_2,0.2911111111111111,False,1.0,True,FAMILY_F
7849,True,7,1,0.02803464953609889,0.048806392087617854,0.9820263254669573,0.018136665797118603,1.0,True,,False,False,gcd_k_not_2,0.0,False,1.0,True,FAMILY_F
7850,True,1,1,0.027457601983635976,0.04304762482621778,1.0060512024343906,0.006032949136141015,1.0,True,,False,False,gcd_k_not_2,0.0,False,1.0,True,FAMILY_F
7854,True,29,1,0.020549912858875172,0.03441411962411632,0.9750195787663118,0.025296378326833686,1.0,True,,False,False,gcd_k_not_2,0.03333333333333333,False,1.0,True,FAMILY_F
7856,True,1,1,0.03331928883662232,0.05453908002420808,0.985863159557507,0.014237476912198713,1.0,True,,False,False,gcd_k_not_2,0.0,False,1.0,True,FAMILY_F
7859,True,23,1,0.037529479149817704,0.0551365895241921,1.0102310938814911,0.010179022613500842,1.0,True,,False,False,gcd_k_not_2,0.0,False,1.0,True,FAMILY_F
7860,True,13,1,0.03120650240976125,0.053035242319122836,0.9870082912198185,0.013076652812763014,1.0,True,,False,False,gcd_k_not_2,0.0,False,1.0,True,FAMILY_F
7865,True,11,1,0.030513606040148706,0.04898955820008699,0.9999990627343291,9.372661100844637e-07,1.0,True,,False,False,gcd_k_not_2,0.0,False,1.0,True,FAMILY_F
7866,True,2,2,2.7683347140044643,4.149263683220757,0.3670802749967661,0.9259437599664454,0.5266666666666666,False,1.0,True,True,,0.0,False,0.5,False,FAMILY_Q
7875,True,13,1,0.03182557817906175,0.05056678783533459,1.0075109131926085,0.007482811817609096,1.0,True,,False,False,gcd_k_not_2,0.0,False,1.0,True,FAMILY_F
7878,True,29,1,0.03499518573612559,0.05290791939193832,0.9946273416945588,0.005387129909566754,1.0,True,,False,False,gcd_k_not_2,0.0,False,1.0,True,FAMILY_F
7879,True,23,1,0.018703164931276495,0.03570018177047253,1.0031205714700449,0.003115710072064923,1.0,True,,False,False,gcd_k_not_2,0.0,False,1.0,True,FAMILY_F
7884,True,7,1,0.029702080992588118,0.052426088780923946,0.9864250256169005,0.013667744020576607,1.0,True,,False,False,gcd_k_not_2,0.0,False,1.0,True,FAMILY_F
7890,True,1,1,0.0366463034834673,0.06120328678861868,0.9996220961715178,0.0003779752476287747,1.0,True,,False,False,gcd_k_not_2,0.0,False,1.0,True,FAMILY_F
7891,True,13,1,0.018040437628442558,0.032575326281760054,0.9982105112702986,0.0017910912985477025,1.0,True,,False,False,gcd_k_not_2,0.0,False,1.0,True,FAMILY_F
7893,True,29,1,0.04925827507294376,0.07497986625659589,0.9994090987962801,0.0005910758374318006,1.0,True,,False,False,gcd_k_not_2,0.0,False,1.0,True,FAMILY_F
7894,True,13,1,0.016055678869442983,0.0265199028609929,1.0072825966252106,0.00725617472841607,1.0,True,,False,False,gcd_k_not_2,0.0,False,1.0,True,FAMILY_F
7903,True,7,1,0.02666163399181306,0.04449907860425676,1.002762658200921,0.002758847324827595,1.0,True,,False,False,gcd_k_not_2,0.0,False,1.0,True,FAMILY_F
7906,True,14,2,2.7590587403314397,4.135382526430321,0.37424348404947144,0.9106923528669276,0.5088888888888888,False,1.0,True,True,,0.0,False,0.5,False,FAMILY_Q
7914,True,26,2,2.7618139830941955,4.139505679992817,0.36620324297281726,0.927822064963131,0.5044444444444445,False,1.0,True,True,,0.0,False,0.5,False,FAMILY_Q
7919,True,1,1,0.019793658125146513,0.02967220945377173,1.0075786952782626,0.007550085380052514,1.0,True,,False,False,gcd_k_not_2,0.5333333333333333,False,1.0,True,FAMILY_F
7921,True,29,1,0.024374060593143454,0.03814802741374219,1.024534567524517,0.024237242394449677,1.0,True,,False,False,gcd_k_not_2,0.0,False,1.0,True,FAMILY_F
7924,True,7,1,0.033400341368244095,0.055742039032131756,0.9863598357982033,0.013733830050299508,1.0,True,,False,False,gcd_k_not_2,0.28444444444444444,False,1.0,True,FAMILY_F
7926,True,1,1,0.03880122804874551,0.06452326852352616,1.0066845588413507,0.006662291601237214,1.0,True,,False,False,gcd_k_not_2,0.0,False,1.0,True,FAMILY_F
7930,True,17,1,0.01897353443871932,0.03152697740633436,1.0017606906908945,0.0017591420383890927,1.0,True,,False,False,gcd_k_not_2,0.0,False,1.0,True,FAMILY_F
7931,True,23,1,0.026525678177846755,0.04302396797770446,1.0199735113707151,0.019776013158867036,1.0,True,,False,False,gcd_k_not_2,0.0,False,1.0,True,FAMILY_F
7933,True,14,2,2.7725841203130868,4.155622580468784,0.36173414181814745,0.9374309398303823,0.48,False,1.0,True,True,,0.0,False,0.5,False,FAMILY_Q
7934,True,29,1,0.0381515284418291,0.06206108667961189,0.9911223661751546,0.00891721571276292,1.0,True,,False,False,gcd_k_not_2,0.4,False,1.0,True,FAMILY_F
7936,True,1,1,0.028867757217723798,0.04696200881798561,0.9982230441260228,0.0017785360640302037,1.0,True,,False,False,gcd_k_not_2,0.0,False,1.0,True,FAMILY_F
7939,True,22,2,2.7630455065872437,4.141348450403436,0.3719278172211341,0.9156052889882181,0.5,False,1.0,True,True,,0.31666666666666665,False,0.5,False,FAMILY_Q
7944,True,19,1,0.021506884150760137,0.03740483921855591,1.022099912385249,0.021858378263001074,1.0,True,,False,False,gcd_k_not_2,0.0,False,1.0,True,FAMILY_F
7946,True,26,2,2.755761659441847,4.130448359347078,0.364673263941026,0.9311045403267013,0.49666666666666665,False,1.0,True,True,,0.0,False,0.5,False,FAMILY_Q
7949,True,29,1,0.04065386868749695,0.06565785686978956,1.0093771606132105,0.009333400216760542,1.0,True,,False,False,gcd_k_not_2,0.0,False,1.0,True,FAMILY_F
7951,True,29,1,0.021568073618119177,0.035738094534373564,1.0347281063053566,0.034135377791006775,1.0,True,,False,False,gcd_k_not_2,0.0,False,1.0,True,FAMILY_F
7953,True,17,1,0.019619666409154038,0.0336973988697257,1.0022925644470813,0.0022899395301049673,1.0,True,,False,False,gcd_k_not_2,0.0,False,1.0,True,FAMILY_F
7955,True,17,1,0.03575200697006789,0.05667647963369509,0.9959367848466422,0.004071486816823243,1.0,True,,False,False,gcd_k_not_2,0.0,False,1.0,True,FAMILY_F
7956,True,19,1,0.024658767845078602,0.038717031991671584,1.0040494588087379,0.004041276317746084,1.0,True,,False,False,gcd_k_not_2,0.0,False,1.0,True,FAMILY_F
7958,True,23,1,0.043223456028312644,0.0734248102719717,0.9999902017816461,9.798266356619845e-06,1.0,True,,False,False,gcd_k_not_2,0.0,False,1.0,True,FAMILY_F
7961,True,23,1,0.04378710006623584,0.06656700935620229,1.0048678989894437,0.004856079537108095,1.0,True,,False,False,gcd_k_not_2,0.0,False,1.0,True,FAMILY_F
7963,True,2,2,2.77364664358329,4.157212680534164,0.368867507701204,0.9221235638190913,0.48,False,1.0,True,True,,0.0,False,0.5,False,FAMILY_Q
7967,True,1,1,0.042010268946321455,0.06752381424603988,1.0012532697341217,0.0012524848834231566,1.0,True,,False,False,gcd_k_not_2,0.0,False,1.0,True,FAMILY_F
7968,True,13,1,0.033747141208765645,0.05055271319769252,0.99072560053296,0.009317607072071648,1.0,True,,False,False,gcd_k_not_2,0.4,False,1.0,True,FAMILY_F
7974,True,1,1,0.04167587710713654,0.06512438228065368,0.9970723017073753,0.00293199028409915,1.0,True,,False,False,gcd_k_not_2,0.0,False,1.0,True,FAMILY_F
7975,True,11,1,0.022586688319718436,0.03525125742627473,1.0337211157734523,0.03316198618572893,1.0,True,,False,False,gcd_k_not_2,0.06666666666666667,False,1.0,True,FAMILY_F
7976,True,17,1,0.023904629582203473,0.0377312250643418,1.0115844377397802,0.011517724558255752,1.0,True,,False,False,gcd_k_not_2,0.0,False,1.0,True,FAMILY_F
7985,True,19,1,0.0238167359278421,0.03755640513907216,0.9821255589999023,0.0180356293968747,1.0,True,,False,False,gcd_k_not_2,0.0,False,1.0,True,FAMILY_F
7986,True,8,2,2.765771179849187,4.14542745686567,0.3658941000307055,0.9284847192107203,0.4911111111111111,False,1.0,True,True,,0.0,False,0.5,False,FAMILY_Q
7987,True,17,1,0.037162847212601775,0.058979113416221314,1.0151640272407538,0.015049918553297143,1.0,True,,False,False,gcd_k_not_2,0.23222222222222222,False,1.0,True,FAMILY_F
7989,True,1,1,0.03240690698448841,0.05063587941761422,1.0034380030440604,0.0034321032533440187,1.0,True,,False,False,gcd_k_not_2,0.0,False,1.0,True,FAMILY_F
7991,True,19,1,0.03247718720275537,0.049880020199527274,0.9915029108367573,0.008533343453334483,1.0,True,,False,False,gcd_k_not_2,0.0,False,1.0,True,FAMILY_F
7995,True,17,1,0.03785083375389627,0.05896851537285796,1.0081858383351454,0.00815247093061043,1.0,True,,False,False,gcd_k_not_2,0.0,False,1.0,True,FAMILY_F
7998,True,29,1,0.029890321681302227,0.04895731183238398,0.9977304891901879,0.002272089075170587,1.0,True,,False,False,gcd_k_not_2,0.0,False,1.0,True,FAMILY_F
8000,True,11,1,0.039808973794359784,0.06389018253776829,1.0047106085116273,0.004699539665851978,1.0,True,,False,False,gcd_k_not_2,0.0,False,1.0,True,FAMILY_F
8002,True,17,1,0.035203976619712106,0.05497231994064646,1.0031548672459567,0.0031498984901694445,1.0,True,,False,False,gcd_k_not_2,0.0,False,1.0,True,FAMILY_F
8003,True,11,1,0.02741101865783554,0.03929695626611151,0.9951962116553253,0.0048153543161442965,1.0,True,,False,False,gcd_k_not_2,0.0,False,1.0,True,FAMILY_F
8004,True,8,2,2.7591653351024577,4.135541876561705,0.36693953373693383,0.9262450176306014,0.47444444444444445,False,1.0,True,True,,0.0,False,0.5,False,FAMILY_Q
8005,True,13,1,0.03325218995598259,0.05496713135075327,0.9995935212906067,0.00040656133865735997,1.0,True,,False,False,gcd_k_not_2,0.0,False,1.0,True,FAMILY_F
8007,True,23,1,0.040492071936406866,0.06328494111289779,0.9943913046474563,0.005624468317199274,1.0,True,,False,False,gcd_k_not_2,0.0,False,1.0,True,FAMILY_F
8009,True,7,1,0.0378884999530819,0.0614681755459359,1.0047268787408994,0.004715733390942628,1.0,True,,False,False,gcd_k_not_2,0.0,False,1.0,True,FAMILY_F
8012,True,7,1,0.01801429185585975,0.03223671471644747,1.0048880834050273,0.004876165852335954,1.0,True,,False,False,gcd_k_not_2,0.0,False,1.0,True,FAMILY_F
8015,True,14,2,2.768014095718299,4.148783792840686,0.3593339867346139,0.9426175163977047,0.49444444444444446,False,1.0,True,True,,0.0,False,0.5,False,FAMILY_Q
8018,True,23,1,0.017186069000316793,0.026540475973127413,0.993686640952849,0.006333351407855757,1.0,True,,False,False,gcd_k_not_2,0.0,False,1.0,True,FAMILY_F
8023,True,13,1,0.026867896633320613,0.04482966923542034,0.9788164162751778,0.021410357778107687,1.0,True,,False,False,gcd_k_not_2,0.0,False,1.0,True,FAMILY_F
8024,True,11,1,0.020904618031947958,0.030358348851600655,1.0974423975332774,0.0929154456378642,1.0,True,,False,False,gcd_k_not_2,0.0,False,1.0,True,FAMILY_F
8030,True,23,1,0.036621761234415774,0.0624076870991438,1.0020976760887375,0.002095478271405363,1.0,True,,False,False,gcd_k_not_2,0.0,False,1.0,True,FAMILY_F
8033,True,11,1,0.03557091486689665,0.05827080804927616,0.986054931815959,0.014042983364302266,1.0,True,,False,False,gcd_k_not_2,0.4666666666666667,False,1.0,True,FAMILY_F
8045,True,11,1,0.03749007354139889,0.05675211273354193,0.9890824652538506,0.01097745813646401,1.0,True,,False,False,gcd_k_not_2,0.0,False,1.0,True,FAMILY_F
8046,True,11,1,0.02507797773237334,0.040937924761603184,1.0013174526882092,0.0013165854187096207,1.0,True,,False,False,gcd_k_not_2,0.3333333333333333,False,1.0,True,FAMILY_F
8047,True,19,1,0.03853728773055175,0.06280133424746702,1.0020927578237933,0.002090570295122696,1.0,True,,False,False,gcd_k_not_2,0.0,False,1.0,True,FAMILY_F
8048,True,11,1,0.03767228355747213,0.06491317588691167,0.9988314589960282,0.001169224147151173,1.0,True,,False,False,gcd_k_not_2,0.0,False,1.0,True,FAMILY_F
8049,True,13,1,0.044983591769788334,0.07363880659090785,0.9906595369564175,0.00938428984984888,1.0,True,,False,False,gcd_k_not_2,0.0,False,1.0,True,FAMILY_F
8050,True,13,1,0.025899439798694395,0.04247219817424918,0.9828396583412566,0.017308854587968835,1.0,True,,False,False,gcd_k_not_2,0.0,False,1.0,True,FAMILY_F
8054,True,19,1,0.02169764615131002,0.03265182786307263,1.0097251300854806,0.00967806984138855,1.0,True,,False,False,gcd_k_not_2,0.0,False,1.0,True,FAMILY_F
8060,True,11,1,0.02888810718418374,0.046588265677409535,0.9949447331001361,0.00506807714117274,1.0,True,,False,False,gcd_k_not_2,0.0,False,1.0,True,FAMILY_F
8062,True,4,2,2.762133194248996,4.139983028466292,0.359807580450514,0.9415926617167196,0.5322222222222223,False,1.0,True,True,,0.0,False,0.5,False,FAMILY_Q
8063,True,17,1,0.0335319517735736,0.05379031071093297,1.0213703767370748,0.02114444436607522,1.0,True,,False,False,gcd_k_not_2,0.0,False,1.0,True,FAMILY_F
8064,True,7,1,0.03773538603371037,0.062261140945120044,0.9973776754702173,0.00262576733683114,1.0,True,,False,False,gcd_k_not_2,0.0,False,1.0,True,FAMILY_F
8075,True,11,1,0.020775043415632948,0.03787296307545874,1.0200097883344958,0.019811575617159672,1.0,True,,False,False,gcd_k_not_2,0.0,False,1.0,True,FAMILY_F
8077,True,13,1,0.035340952476524926,0.05811301756039222,1.0235455054580322,0.02327153542583928,1.0,True,,False,False,gcd_k_not_2,0.3,False,1.0,True,FAMILY_F
8079,True,1,1,0.022443084694305632,0.03794395826755356,1.0179495446479714,0.017789884485047966,1.0,True,,False,False,gcd_k_not_2,0.0,False,1.0,True,FAMILY_F
8081,True,1,1,0.028891251058361326,0.04619052580243039,1.0033606483996904,0.0033550108936949495,1.0,True,,False,False,gcd_k_not_2,0.0,False,1.0,True,FAMILY_F
8085,True,17,1,0.02929184552995233,0.047825693753812036,0.9921697834915907,0.007860993147567628,1.0,True,,False,False,gcd_k_not_2,0.0,False,1.0,True,FAMILY_F
8086,True,23,1,0.025886599356413662,0.03843017057058065,0.9838292230079129,0.016302589763819285,1.0,True,,False,False,gcd_k_not_2,0.0,False,1.0,True,FAMILY_F
8090,True,23,1,0.03895884190941144,0.06624540859156551,0.9810204832235425,0.01916135339052499,1.0,True,,False,False,gcd_k_not_2,0.0,False,1.0,True,FAMILY_F
8091,True,23,1,0.029925320217342836,0.051216383934335634,0.9704325893444763,0.030011085703124944,1.0,True,,False,False,gcd_k_not_2,0.0,False,1.0,True,FAMILY_F
8092,True,17,1,0.023242498673947374,0.03212792406431568,1.008847818546994,0.008808848998221857,1.0,True,,False,False,gcd_k_not_2,0.0,False,1.0,True,FAMILY_F
8103,True,7,1,0.038491169752484414,0.06506389499344929,0.998443710341348,0.0015575016204846083,1.0,True,,False,False,gcd_k_not_2,0.0,False,1.0,True,FAMILY_F
8104,True,29,1,0.03558330343445711,0.06025729546350785,0.9929081552271483,0.0071170813910823765,1.0,True,,False,False,gcd_k_not_2,0.23333333333333334,False,1.0,True,FAMILY_F
8105,True,16,2,2.7613807313432717,4.138857609657612,0.36841108109465337,0.9230982233790599,0.49,False,1.0,True,True,,0.0,False,0.5,False,FAMILY_Q
8106,True,13,1,0.041513161100000584,0.06879350923381333,1.0047967399187194,0.004785263087482825,1.0,True,,False,False,gcd_k_not_2,0.0,False,1.0,True,FAMILY_F
8107,True,7,1,0.029495409085172508,0.04572057370582061,1.0048256429562177,0.004814027567107591,1.0,True,,False,False,gcd_k_not_2,0.0,False,1.0,True,FAMILY_F
8108,True,11,1,0.025188981405633828,0.04064026080330705,1.005261696953608,0.005247890548751206,1.0,True,,False,False,gcd_k_not_2,0.0,False,1.0,True,FAMILY_F
8111,True,19,1,0.01787332674037517,0.031589967442064236,1.0009895441249812,0.000989054768313596,1.0,True,,False,False,gcd_k_not_2,0.0,False,1.0,True,FAMILY_F
8113,True,8,2,2.763357413422367,4.141815479474874,0.3669262209890489,0.9262735168733337,0.47888888888888886,False,1.0,True,True,,0.0,False,0.5,False,FAMILY_Q
8122,True,7,1,0.01849152229173961,0.02972899990070501,0.9785926171512788,0.02163900002774998,1.0,True,,False,False,gcd_k_not_2,0.0,False,1.0,True,FAMILY_F
8123,True,17,1,0.029223230708340733,0.0516950175370371,0.9990549178056753,0.000945528995633693,1.0,True,,False,False,gcd_k_not_2,0.0,False,1.0,True,FAMILY_F
8124,True,23,1,0.04324590178268815,0.07454602327574525,1.009246813187921,0.009204258160051392,1.0,True,,False,False,gcd_k_not_2,0.0,False,1.0,True,FAMILY_F
8129,True,13,1,0.04098916035124074,0.06378005432786171,0.9977819862761566,0.0022204762472383234,1.0,True,,False,False,gcd_k_not_2,0.23333333333333334,False,1.0,True,FAMILY_F
8131,True,29,1,0.02406708506383505,0.03935209524527219,0.9847808552022065,0.015335844013109438,1.0,True,,False,False,gcd_k_not_2,0.0,False,1.0,True,FAMILY_F
8133,True,23,1,0.04339205995761068,0.07239431996640759,1.0066470180461409,0.006624999799529207,1.0,True,,False,False,gcd_k_not_2,0.0,False,1.0,True,FAMILY_F
8136,True,7,1,0.036978895844153495,0.057987846942090686,0.9965352772968414,0.0034707352708033155,1.0,True,,False,False,gcd_k_not_2,0.0,False,1.0,True,FAMILY_F
8139,True,23,1,0.03746206267003732,0.06110347047805555,1.0203898491110888,0.020184073999441034,1.0,True,,False,False,gcd_k_not_2,0.4,False,1.0,True,FAMILY_F
8141,True,23,1,0.03803676769837458,0.0631109096026314,0.9896293570327858,0.01042469837968258,1.0,True,,False,False,gcd_k_not_2,0.0,False,1.0,True,FAMILY_F
8152,True,1,1,0.020952028924680732,0.03212926874781458,0.976919830515739,0.023349626148714164,1.0,True,,False,False,gcd_k_not_2,0.0,False,1.0,True,FAMILY_F
8156,True,29,1,0.02432385747641066,0.04050729888118192,1.0010156026027728,0.001015087140201953,1.0,True,,False,False,gcd_k_not_2,0.0,False,1.0,True,FAMILY_F
8158,True,7,1,0.030940613600995988,0.04990754145560192,0.9939901601519281,0.006027953365240282,1.0,True,,False,False,gcd_k_not_2,0.25333333333333335,False,1.0,True,FAMILY_F
8162,True,13,1,0.020721159218619476,0.03458829102404798,1.0138170587772513,0.013722258153519393,1.0,True,,False,False,gcd_k_not_2,0.0,False,1.0,True,FAMILY_F
8163,True,23,1,0.028296918545178348,0.044552715831987645,0.9965626070088369,0.00344331099770807,1.0,True,,False,False,gcd_k_not_2,0.0,False,1.0,True,FAMILY_F
8166,True,11,1,0.025875905223329047,0.04397000100239521,0.9892378299036618,0.01082039556512893,1.0,True,,False,False,gcd_k_not_2,0.0,False,1.0,True,FAMILY_F
8171,True,19,1,0.03146278876965538,0.051825006156627364,0.9992852367712222,0.0007150187633378459,1.0,True,,False,False,gcd_k_not_2,0.0,False,1.0,True,FAMILY_F
8173,True,14,2,2.769900560962242,4.151606760842273,0.3649150687063861,0.930585273551889,0.4777777777777778,False,1.0,True,True,,0.0,False,0.5,False,FAMILY_Q
8179,True,7,1,0.03041656699947476,0.04920135574349652,1.0075816763632783,0.007553043995711866,1.0,True,,False,False,gcd_k_not_2,0.0,False,1.0,True,FAMILY_F
8181,True,7,1,0.048675516452262604,0.07697570230326102,0.9876667362197512,0.012409790389413864,1.0,True,,False,False,gcd_k_not_2,0.0,False,1.0,True,FAMILY_F
8184,True,23,1,0.03635616363777912,0.05935230795698803,0.9928499200401936,0.0071757334939323335,1.0,True,,False,False,gcd_k_not_2,0.0,False,1.0,True,FAMILY_F
8185,True,1,1,0.0381151182632146,0.0629989974697225,1.0254753488498194,0.025154933496757362,1.0,True,,False,False,gcd_k_not_2,0.0,False,1.0,True,FAMILY_F
8188,True,16,2,2.7630434758819193,4.141345458314774,0.3708077731761699,0.9179875386407942,0.5177777777777778,False,1.0,True,True,,0.0,False,0.5,False,FAMILY_Q
