net,local_idx,best_k,gcd_k_n,phase_mae_deg,radius_cv,mean_radius,phi,mean_abs_deg,max_abs_deg,gauge_deg,rho_even,rho_odd,q_odd_over_even,radius_parity_separation
3,0,28,2,2.7536928284802986,0.4681980497281486,10.969176268202544,1.3904421093586634,4.127352493780887,8.402615318831176,-79.66008918642281,15.997244597096312,5.941107939308775,0.3713832031040618,0.9167631563126826
4,1,22,2,2.7630957215306298,0.4724416868079409,11.179754298118784,-1.7092919140750071,4.141423896703579,8.408989201818429,97.92877165533795,16.354716053524847,6.00479254271272,0.3671596940638134,0.9257737902660085
9,2,23,1,0.029080920022834095,0.058596477378357915,7.4715650017146045,0.9444598912385073,0.04478628797791417,0.1727141310434477,-54.113565688513525,7.413684115163559,7.529445888265651,1.0156146082438715,0.015493644648146282
12,3,11,1,0.038023541450458755,0.06989032059150238,7.566949714487186,2.082466499220619,0.06222233601978575,0.1899227664309435,-119.31654139412213,7.524233960501222,7.609665468473151,1.0113541801624464,0.01129008533099761
21,4,1,1,0.02829889466118749,0.06002179862934051,7.588822413147772,-0.8803463224114975,0.04446056950050027,0.14358062236257474,50.44012878247213,7.584642750433699,7.593002075861848,1.0011021383212375,0.0011015313013078543
22,5,7,1,0.028473465500587082,0.07024618740763716,7.515962982178364,-0.5483048922654079,0.044378079600910725,0.15730984901476508,31.41555621459956,7.430832300089291,7.6010936642674345,1.0229128255493127,0.02265329999387471
23,6,19,1,0.0330303950327956,0.06255335260874043,7.374580060178716,-2.6109323280040613,0.05205071404050423,0.16298452393585947,149.59540298858397,7.4350898473486895,7.314070273008742,0.983723186024026,0.016410368231464398
27,7,7,1,0.025433052673677473,0.06380465954930041,7.438332852386967,2.0430930570727326,0.04162873647680863,0.20333150450765305,-117.06060932547676,7.455481139462718,7.421184565311217,0.995399817461818,0.004610787770877327
29,8,11,1,0.03565884182241202,0.06445294039378767,7.37026786242785,3.0324620040574057,0.05980121139808594,0.21222061318217686,-173.74727435347148,7.387816223297999,7.352719501557703,0.9952493780733723,0.0047619329982850934
31,9,19,1,0.0324351741445816,0.04048114424154342,7.508714740424834,2.3586939871775847,0.05275418576888529,0.14527106641086615,-135.14321062899617,7.531623012418421,7.485806468431245,0.9939167767808305,0.006101782471574272
32,10,23,1,0.018727852732343956,0.07022759647600264,7.454651335168151,0.4571948308561013,0.03041017829158955,0.12272763292519669,-26.195334223903146,7.428898981033597,7.480403689302705,1.0069330204113156,0.0069090700494775096
33,11,11,1,0.02998161809459633,0.06342306627252232,7.417754884134184,-1.03935887383786,0.04826891796892847,0.16014519377351646,59.550876865927464,7.371650387977095,7.463859380291276,1.0125085954245159,0.012430849192847676
43,12,26,2,2.7647099050283868,0.4744015496392004,11.323201949265806,2.7021458053444762,4.143839419942019,8.411618330079515,-154.82800259589945,16.5882014463731,6.058202452158514,0.3652115313250612,0.9299488820737094
48,13,4,2,2.7609469749829154,0.4731448966366216,11.216651940224184,-0.25895851809827874,4.13820821708938,8.399725594578983,14.843656100796752,16.417723139951065,6.015580740497302,0.36640773444759356,0.927383898055221
51,14,29,1,0.04609077682345292,0.07173030324190206,7.5169567988947446,-0.24807767725324795,0.07200682954664299,0.2545449427792128,14.213803914076367,7.480868026353361,7.553045571436129,1.0096482847750425,0.009601963535746265
63,15,13,1,0.024034963047179482,0.05334181681416833,7.54489462146688,-2.057835671497171,0.03962038882693947,0.1403000596144411,117.90529891110158,7.580979092774972,7.508810150158789,0.9904802609619431,0.009565268467878453
65,16,11,1,0.04205506374872586,0.058807349785445266,7.473970708548476,1.625093061461611,0.06398770365017305,0.20227672866468813,-93.11097373474222,7.487303266870122,7.4606381502268295,0.9964386220655331,0.0035677309536139975
70,17,22,2,2.7572970417146663,0.4773099212144039,11.703195979194545,-2.6684692500991765,4.132746025627586,8.375250800238254,152.88562531204042,17.179399065843537,6.226992892545558,0.3624686095642428,0.9358474550685735
72,18,23,1,0.043003148283458005,0.060554460849824285,7.475172623699545,2.0314420142558345,0.06832022184660881,0.2336646403886504,-116.39305375576862,7.458797149413269,7.491548097985824,1.0043909155747897,0.004381296622999721
73,19,13,1,0.03839404387671372,0.06034344571476106,7.338827344251697,-2.0257289461791634,0.06263840917078414,0.18193716462486315,116.06571906346876,7.35477471162894,7.322879976874451,0.9956633974519902,0.0043460260418132
74,20,11,1,0.02706574416125839,0.05682613282298272,7.512645908066162,-1.824367958276043,0.04440250561096952,0.14954497751866722,104.52858429362263,7.579036977552469,7.446254838579857,0.9824803415835172,0.017674483876585552
76,21,19,1,0.038206213806806666,0.06076976853659285,7.504883568486207,2.669900566335949,0.060808826250435606,0.18658536599278455,-152.9740341566464,7.50516571808937,7.504601418883044,0.9999248118925654,7.519093416661656e-05
77,22,11,1,0.029565808621997265,0.05441741748380288,7.5322804077363426,0.20042772059630787,0.045752078007418734,0.1593150755548057,-11.48366249212341,7.561934039782799,7.502626775689887,0.9921571302022867,0.007873746180771288
81,23,29,1,0.03223972079070407,0.05507453937341426,7.492291297640293,-2.7992137783086934,0.050878265321667386,0.16288192672929377,160.38313544395018,7.498154042513279,7.486428552767306,0.9984362164768167,0.0015650071894115797
84,24,29,1,0.03262946052278493,0.06691625723048909,7.417232470772686,1.0796613117653013,0.054245567738261176,0.1510405650063476,-61.86003645941041,7.4514034635573925,7.38306147798798,0.9908283069218232,0.009213946824332523
86,25,19,1,0.03816204016964729,0.06768299653530595,7.33060755450811,-2.868025491928153,0.06149280426100255,0.25028468923267566,164.32575621277934,7.292809856435531,7.36840525258069,1.0103657434697066,0.010312296161410281
88,26,23,1,0.023384569803255987,0.05775144319195842,7.259679664504137,-0.6502349284823662,0.038103910811803185,0.12460440373439916,37.25571709283261,7.217367534286461,7.301991794721813,1.011725086748505,0.011656748554501455
89,27,8,2,2.7541617103187614,0.4731175535335482,11.187835071117414,-1.9652480925469513,4.128054100117664,8.380961781959058,112.60680003731187,16.37342684936782,6.002243292867009,0.36658442658866836,0.9270054027946053
90,28,23,1,0.020130334043633336,0.0518513404829036,7.568485192764031,-2.9172324011374773,0.033167364849299164,0.11857475778226964,167.14510444361886,7.5661004326713925,7.57086995285667,1.0006303802371803,0.0006301816101638829
95,29,7,1,0.029827817983382965,0.05810478977618437,7.522807345277431,-3.1141914650075178,0.042862785748508325,0.14019916707200777,178.430027542267,7.475177396191066,7.570437294363796,1.0127434966588578,0.012662812405069833
98,30,19,1,0.033304173293037954,0.06554758956218441,7.638574287733162,-0.4057949782300925,0.05360733577310578,0.21157309362847027,23.2503396093169,7.643820520950869,7.633328054515456,0.9986273269490493,0.0013736158136555732
99,31,29,1,0.039318199948549196,0.06309231834352429,7.525764294133888,-1.2446050169211778,0.06574501049311615,0.2133829027115318,71.31061461481865,7.513712754071784,7.53781583419599,1.0032078788360848,0.0032027418322141434
106,32,11,1,0.03973541903245229,0.06663794807003845,7.4429218693077335,-1.5053086299666703,0.06806624394648919,0.21560617280456482,86.24783134507851,7.4910386312016675,7.394805107413799,0.9871535138816349,0.012929535668606926
107,33,19,1,0.02947623257807609,0.05032864397270698,7.386188227617106,-2.0656877217174134,0.04695682791081576,0.1516158739939743,118.35518825241492,7.355027939960956,7.4173485152732574,1.0084731935515439,0.008437447488717336
108,34,29,1,0.01820811739056078,0.07217951228259899,7.639255051206999,2.9073021191185786,0.030587021618348646,0.12285869029308048,-166.5761411944736,7.693902923521949,7.584607178892048,0.9857944991357039,0.01430712077254608
111,35,1,1,0.026073296801371507,0.05529003054074252,7.551915583317027,-1.5312064345333654,0.040551541183834534,0.14897672831473321,87.73166626260071,7.590223124428832,7.51360804220522,0.9899060830007712,0.010145118993763929
117,36,11,1,0.037462231920593676,0.07824859847456403,7.350468156917189,-1.985713801661441,0.06485134102813406,0.20368563291963518,113.77302016571036,7.320930907116592,7.380005406717786,1.0080692606378472,0.008036834979769517
118,37,17,1,0.017523690470504,0.04277171827907071,7.460284753489993,0.3465814281083913,0.030476328557963745,0.1191652728079736,-19.857653088804778,7.430713299529141,7.489856207450845,1.007959250416168,0.007927701136881673
119,38,7,1,0.024937000447431232,0.0559767251025339,7.3637197680738025,-3.139640737447382,0.039117858334567004,0.1580767561168057,179.88816344008814,7.406428031281679,7.321011504865925,0.9884672441215941,0.011599643808566231
120,39,19,1,0.018309101972372555,0.056321605142211864,7.554411496725762,-2.5562228840064822,0.032893402231660464,0.11384665086760039,146.46078274787797,7.69486132471405,7.413961668737473,0.9634951633144584,0.037183525956763754
121,40,14,2,2.7609846713942416,0.476800680819241,11.359949606308088,-0.6436554343745818,4.138264606900775,8.42218614479581,36.885166089914286,16.667221753398522,6.05267745921766,0.36314855281645797,0.9343830441190238
123,41,19,1,0.032512414807275625,0.07803487430869921,7.435590098330837,-2.324445040018424,0.05391403910779832,0.17886098208336454,133.1808905089253,7.414797764374905,7.456382432286771,1.005608334742677,0.005592652010390082
124,42,11,1,0.020946963612063194,0.05074525886957461,7.492077310779917,-3.1364313246282354,0.029843166118643738,0.11462692833703336,179.70427763391532,7.514896574390671,7.469258047169162,0.9939269254380644,0.0060915718469486116
131,43,13,1,0.0230736302975598,0.054091039009293566,7.489474599376091,-0.6571377681460566,0.03726152964116095,0.11158249711483992,37.65122067651053,7.545381255338515,7.4335679434136654,0.9851812243621568,0.01492939330272431
132,44,17,1,0.02646755498211832,0.05815824543395023,7.408190719254479,-2.5023901514072113,0.04314951302472787,0.1812506244090092,143.37639437022918,7.495399570211729,7.320981868297232,0.9767300328313824,0.023543900059318352
135,45,19,1,0.03871232171734932,0.0729840605299294,7.380631536086695,2.3944338950230915,0.06372270815267482,0.27610953488005524,-137.19095649544096,7.322849131958839,7.43841394021455,1.0157813995854914,0.015657848205898273
137,46,1,1,0.033959202909369525,0.058695284759925206,7.406715830610267,2.6408393402492214,0.050463422151455335,0.1727563724138412,-151.30894856737072,7.396957354039233,7.416474307181301,1.0026385109725433,0.0026350346885739414
139,47,8,2,2.760574477723019,0.4734135617760382,11.297486123192977,3.0423267786848123,4.137650460114695,8.3849299935312,-174.31890766137332,16.54468871398678,6.050283532399173,0.3656934039069771,0.9289150760754908
140,48,29,1,0.03696498866959289,0.06473146396433806,7.506262718014771,1.1137080390544147,0.06060125255587195,0.184781138356559,-63.81077023734994,7.51274348505668,7.499781950972862,0.998274726921051,0.0017267626475037444
141,49,17,1,0.03897409103243108,0.0518327892396154,7.565392662255456,-2.5675642652023196,0.06228399108190356,0.19162243741689133,147.1105960165428,7.5916640471001395,7.539121277410773,0.9930788863464741,0.006945147731922463
144,50,11,1,0.027439414431473658,0.06893158117086043,7.5206792130036835,-1.079604482397291,0.044041187712517776,0.16050236752355412,61.85678038142903,7.453549234841338,7.587809191166027,1.018012889174609,0.017852105178551663
145,51,23,1,0.01879407231048107,0.06631425546216524,7.5047621659850146,-1.3208065343684976,0.028867883961741468,0.1343510527859439,75.67663997195717,7.528522523981163,7.481001807988869,0.9936879094349624,0.006332074880091441
147,52,29,1,0.043167023272558815,0.06314980403474274,7.405238163498621,3.0401684591808054,0.07318074427231352,0.22723003853074028,-174.1888216950395,7.4142094624088895,7.396266864588353,0.99757997155172,0.002422960264664835
148,53,13,1,0.018991482329453118,0.06079480382489124,7.60673403142542,0.014768325567375692,0.027963106136981237,0.11801382690176489,-0.8461627251276823,7.441315477717967,7.772152585132875,1.0444594921967165,0.04349266137716038
150,54,13,1,0.024423068391520548,0.05482878583907163,7.52675491282644,0.4219275681693782,0.039969202595348224,0.12126635667567943,-24.17466891969735,7.4864664482483025,7.567043377404578,1.01076301212505,0.010705400944962754
152,55,17,1,0.04058276192138311,0.07436875679217494,7.348681049542903,-1.1425815970885873,0.06551730913833517,0.18782359064269943,65.46510324847452,7.3823404169482405,7.315021682137566,0.9908811120852506,0.009160655409702676
155,56,11,1,0.03605845014508401,0.06003058154879868,7.439083878135798,1.2046921784465945,0.059269173287406864,0.20258806014632913,-69.0237774277726,7.418818792270833,7.4593489640007595,1.0054631569883001,0.0054482745985764275
156,57,8,2,2.7662399044535335,0.4726801339370819,11.33543522511482,-1.9027910042656064,4.146128746728237,8.395238412601042,109.02835688290854,16.59337686811187,6.077493582117763,0.36626020311737245,0.9277000024397026
163,58,17,1,0.019337093736961818,0.07156131553846261,7.552417955127633,-0.6220556377836307,0.03342147122784079,0.1198680453902733,35.64116266783954,7.488641817234719,7.616194093020545,1.017032764939067,0.016888932331827002
164,59,11,1,0.0323461886356001,0.0695435689660611,7.467959712159579,1.022295727111203,0.05178579288777417,0.15162183856036704,-58.57323057108772,7.55600922195567,7.379910202363488,0.9766941761954859,0.02358060653506896
171,60,19,1,0.04844250393491189,0.07328543011877554,7.400079854431738,2.2414498798016007,0.08327448675664206,0.2859018884969402,-128.42561813823997,7.350276291888361,7.449883416975114,1.0135514803976386,0.013460277057294289
175,61,1,1,0.03747742105448142,0.05930861522250001,7.401266084099251,2.9146996536463474,0.06211317852591204,0.19823012332403472,-166.99998868679214,7.359123440708254,7.443408727490248,1.0114531693157578,0.01138795522607559
176,62,17,1,0.03548388999218535,0.05255395956325434,7.532407878591017,-0.11639460582998133,0.05285101841398692,0.18148295202691647,6.6689196785172875,7.473222035414399,7.591593721767633,1.015839444591943,0.01571498626484042
179,63,23,1,0.03857327497865386,0.06818383194937147,7.381000496942693,-1.7104366468120002,0.06487911931579086,0.1946690318216045,98.00080097851436,7.38990170954484,7.372099284340546,0.9975909794332853,0.0024119257560906064
180,64,17,1,0.03559574511663161,0.07115613790855588,7.45527242499395,-2.3513068390562513,0.055016036237697,0.1979898949695901,134.7199582262812,7.410624502477262,7.4999203475106375,1.012049705797875,0.011977542864028618
185,65,19,1,0.03296342847948492,0.06508867850478518,7.376574649725169,-0.2892403499349027,0.055469907565617316,0.20676372957385653,16.572251326281005,7.342116012459418,7.411033286990921,1.0093865684517311,0.009342720409407092
187,66,1,1,0.023591889550547303,0.0500106742084028,7.49867457902134,-1.7810771678455184,0.034680451214499426,0.13214461822049062,102.04820470561572,7.536696453866037,7.460652704176645,0.9899102013521607,0.01014095876385093
189,67,23,1,0.039169187923525514,0.061025738277472326,7.39549516989141,-2.598229816475045,0.0656094712018212,0.19604232065462884,148.86760267329979,7.4550872052884465,7.335903134494371,0.9840130547755995,0.01611576615982365
190,68,11,1,0.023390656140416504,0.06291602178426696,7.663000537165517,-1.1118175743107572,0.0396256043306604,0.15840762213442283,63.70245459351218,7.526080879881297,7.799920194449736,1.0363853802449114,0.03573525973805159
194,69,29,1,0.031060861438259046,0.050547732427163025,7.445321302934565,-0.5045753866805129,0.0478918772494727,0.1784143648678859,28.910040106774524,7.440420213921077,7.450222391948051,1.0013174226381238,0.001316555408174342
200,70,1,1,0.027961565198130575,0.048843905620990974,7.487600851402174,-0.22983932850855707,0.043896547497247196,0.13541668558237163,13.168823493755552,7.493959329251184,7.481242373553164,0.998303039136017,0.0016984019247818353
204,71,28,2,2.7721999062320704,0.47183050865514936,11.249506478240587,2.9887919784780115,4.1550476991342675,8.413720498929123,-171.25167117960396,16.45956843971743,6.039444516763747,0.36692605513218607,0.9262738719346361
213,72,13,1,0.02901712313802496,0.06539088096844815,7.332437765691001,2.6525750944436806,0.04602361679892337,0.14281531918477122,-151.98135775418575,7.287957884503976,7.376917646878027,1.012206404562683,0.012132358325671725
218,73,29,1,0.02321034933934412,0.05712136176875552,7.480912658618862,1.839961873681542,0.04004667621824378,0.14675299128820773,-105.42204982997914,7.378275266127573,7.583550051110149,1.027821513508036,0.027439805054544533
219,74,1,1,0.018937511297486196,0.065968372220112,7.646190506894187,1.459625493849809,0.029612717205712884,0.10947208768102717,-83.63038046674235,7.589627746153844,7.7027532676345265,1.0149052793186084,0.01479501738528267
220,75,19,1,0.019728361977869556,0.06954801314426666,7.6322801282713595,-2.551506989444653,0.03334291424248727,0.09146702846181055,146.19058189311042,7.8907251830908,7.373835073451917,0.9344939663154741,0.06772420573561334
229,76,17,1,0.026695977984705577,0.056320144096673797,7.529444965842922,1.518240174066055,0.03949537074804575,0.14490185697558092,-86.98875426201496,7.538724624078922,7.520165307606923,0.9975381357726318,0.0024648983499040386
233,77,23,1,0.03557747397196185,0.071193617229692,7.50253045703649,-1.2920798644289868,0.06195953585366803,0.21720068916680832,74.03072301268541,7.4306290438393185,7.574431870233662,1.0193527123404942,0.019167243267832795
235,78,19,1,0.044028543534374354,0.06271127569788967,7.446481376833428,2.130491469603684,0.0725331333997826,0.23777960345478893,-122.06816952041962,7.4034406507414285,7.489522102925426,1.0116272225637923,0.011560017117857013
236,79,22,2,2.7665880744002624,0.46545392596006374,10.933423816358383,-1.182418426529996,4.146649742194513,8.414137514973719,67.74111997098484,15.92685123257956,5.939996400137209,0.372954849228861,0.9134242850350505
240,80,13,1,0.020635047127667176,0.05940404765476065,7.3918926470121455,0.82900404827663,0.03253655105284537,0.11448909313842975,-47.49843316704207,7.404033135003783,7.379752159020509,0.9967205743760813,0.003284811771865932
241,81,23,1,0.02011387256405744,0.0578703033624211,7.343123045825894,0.5333376741170379,0.033818130873172404,0.09536315767109843,-30.557997782387922,7.295003192267852,7.391242899383935,1.0131925517480362,0.013106100294858862
244,82,29,1,0.04499940088945461,0.06748747928576386,7.496886177516257,-0.0476552119906473,0.07587923861513031,0.2271344405964969,2.730442506040137,7.4935734420575,7.500198912975014,1.0008841537310262,0.0008837630398316347
245,83,13,1,0.02474604732412197,0.06193761618051275,7.4250402619108025,-2.546442466284548,0.0388936094381145,0.1416450080270912,145.90040608877754,7.407609664422663,7.44247085939894,1.0047061328222662,0.004695084975512967
246,84,29,1,0.040666966461418076,0.06894445673191317,7.4055852571694665,2.428111123380368,0.06293437537106632,0.26674296718889434,-139.12051956715285,7.421099164515855,7.390071349823078,0.9958189731729853,0.004189785630074089
249,85,11,1,0.025706941973766675,0.05173474606841065,7.548115505437246,1.4414302444198497,0.038109137283032904,0.12527906326533042,-82.58786946660462,7.471668677820994,7.624562333053498,1.0204631203316543,0.020255871167096925
250,86,4,2,2.7627607339650786,0.4697401253103557,11.006704862004932,0.4557824068188567,4.140922411356539,8.406082396519441,-26.107969633869576,16.07599197572176,5.937417748288106,0.36933445583046426,0.9211271088436233
252,87,19,1,0.019712277095851605,0.06703148370910564,7.544120984746452,2.802908326369907,0.03414295654538672,0.12067463712055744,-160.59481746104754,7.39044156405227,7.697800405440633,1.041588697877456,0.040741504810144984
257,88,19,1,0.0466430884477092,0.0674597590630031,7.486960034615338,-0.1933960602820119,0.07765266045930193,0.23397336919492515,11.080778056961396,7.475781434550983,7.498138634679692,1.0029906171447682,0.0029861519261946126
260,89,17,1,0.043520717478767346,0.05641374509593459,7.510536748106651,0.313655784842597,0.07037760781936074,0.24115398872633603,-17.971152711008692,7.483943839930392,7.5371296562829135,1.007106656261736,0.007081493392057412
261,90,7,1,0.027481145640997812,0.05270537469645988,7.474543710255026,0.30307183442069596,0.04188559316911942,0.13981756606095525,-17.364737003782714,7.502978802440016,7.446108618070037,0.9924203192002241,0.007608515860567404
262,91,23,1,0.029552752685172594,0.08076421886115497,7.512247441085699,-1.6590087705142171,0.053959898369965974,0.19220437077309918,95.05420073245064,7.621665414665697,7.402829467505701,0.971287647088403,0.029130556318358997
263,92,11,1,0.04001375814586939,0.06165621141571658,7.3563073370167125,-0.6127851956556373,0.06571209802614983,0.21074472333544372,35.1100054768309,7.338221807859841,7.374392866173584,1.0049291312338093,0.004917012932797278
264,93,13,1,0.04462786592119611,0.07392606381019225,7.285000181610394,3.040800922916049,0.07695945510637159,0.2637589839767091,-174.2250591960638,7.290280323319552,7.279720039901237,0.9985514571525411,0.001449592746060863
267,94,8,2,2.766199251698042,0.48349892647606707,11.777065640071909,-0.222986625582721,4.146068268305496,8.41515143374272,12.782655280547129,17.357203915480135,6.196927364663687,0.35702336590842937,0.9476279484121397
268,95,7,1,0.034622400217420975,0.043817615209129475,7.377738292395844,0.7243440379156644,0.055639534162906006,0.17384641823406669,-41.50185629819104,7.351573962305204,7.4039026224864815,1.007118021317556,0.00709277804489384
269,96,11,1,0.03944605959875722,0.061325223898826296,7.521952892872578,-2.7970058449628756,0.06466189726456037,0.2510828560815974,160.25663017476,7.519745801849016,7.5241599838961415,1.0005870121362401,0.0005868398951697995
271,97,1,1,0.029793316452868347,0.05440718469534871,7.504966276666503,-2.3372417219877666,0.047782017748986036,0.1585530319628888,133.91408636819278,7.538615491668692,7.471317061664314,0.9910728395580392,0.00896718619690721
275,98,17,1,0.028338446430732724,0.06049150333867003,7.59227847240978,-1.5161074946022681,0.04343491217252917,0.14250135065547445,86.86656072526833,7.579949684062916,7.604607260756643,1.003253000049007,0.0032477176361921088
280,99,7,1,0.03285180588044788,0.06025588305754216,7.657849605688729,2.233374988723902,0.05281866507039254,0.21726981049398308,-127.96296092633666,7.710783045398529,7.604916165978931,0.9862702816567023,0.013824622429376628
281,100,19,1,0.03100097271139085,0.06978669910379537,7.449492336536528,-2.726649634812627,0.04924016876544698,0.2039857082349695,156.22551627865784,7.476405923272251,7.422578749800804,0.9928003944644183,0.007225616329242749
285,101,11,1,0.021460100218236272,0.08321285713055983,7.396775452824313,1.630232423649194,0.03575308308835495,0.13297490866834924,-93.40543750186372,7.344485670216653,7.44906523543197,1.0142391952154537,0.014138534538774583
286,102,1,1,0.028370838678383335,0.06212866307266545,7.347900731625448,-3.023093267511485,0.047579715454197875,0.1693847642304944,173.21048529657844,7.233307562921885,7.462493900329013,1.0316848599915678,0.031190723143646692
287,103,1,1,0.04366833012735713,0.06514252084811743,7.412691526994477,1.7613476927010612,0.06998710878648833,0.2524926824957422,-100.91778906883626,7.425962514049185,7.399420539939769,0.9964257866829787,0.003580612253020298
288,104,8,2,2.7623926274484925,0.4722940477479063,11.394188229331029,-2.187117073134754,4.14037147816933,8.385162162024344,125.31901367772802,16.67307389921508,6.115302559446978,0.3667771519764492,0.9265926740257096
291,105,23,1,0.03975248039705386,0.07612010431925571,7.414307044442759,-0.6346126319877733,0.06780916259148698,0.2161905408948654,36.360625455788444,7.3338342758833805,7.494779813002134,1.0219456195851069,0.021707428105420486
293,106,11,1,0.03419154996219315,0.07567954185269557,7.518781171748617,0.3198593251030397,0.0543804811577145,0.1892412952581132,-18.326589376370062,7.557193329241197,7.480369014256039,0.9898342795217504,0.01021765539258159
294,107,13,1,0.04042594646747903,0.07544785644122208,7.346186929415724,-2.1204945250445943,0.0679943680170152,0.20749110572821738,121.495386784316,7.2881144698163185,7.40425938901513,1.0159362095202846,0.015810231935937013
295,108,7,1,0.020764299414819727,0.05684944395088754,7.659535041417968,0.7662683112090062,0.036221437997213835,0.12398766944116536,-43.90394020669144,7.699793503631787,7.619276579204148,0.989542976134404,0.010511985909360503
296,109,13,1,0.03068883448094823,0.05682851284734874,7.564643424471506,2.0731347033013394,0.05156550877066958,0.18287850658655655,-118.78186886823215,7.53015159389206,7.599135255050951,1.009160992351714,0.009119221791172647
297,110,11,1,0.0312622152379947,0.060929570034618255,7.594169062681064,2.6274760110122157,0.05031763279223638,0.17509802059085505,-150.54328619904777,7.538713122013908,7.649625003348221,1.014712309586425,0.014604873873476322
298,111,11,1,0.019930465990162183,0.07182851736859838,7.663916873724992,-1.672468431654056,0.03340459688780436,0.1396625063938617,95.82538250292401,7.591721443109856,7.7361123043401285,1.0190195151800938,0.01884034803734664
303,112,29,1,0.027850264473989667,0.08487938127850847,7.424488017494512,-2.9571419213965875,0.04294219961395104,0.20275359713836116,169.431751517294,7.381941137275788,7.467034897713237,1.0115272878576287,0.011461229412309646
306,113,17,1,0.02542728694783334,0.06053627229362317,7.526625302050426,-3.0820164110171144,0.04099306468656472,0.14906029740353016,176.58653273799553,7.506126375899465,7.5471242282013895,1.005461918737947,0.005447043084601984
307,114,29,1,0.02663736631959572,0.05422585100232313,7.398966564244071,-1.9560271554259414,0.04233495141681633,0.1267290168452195,112.07210062108241,7.420153081985478,7.377780046502663,0.9942894661316776,0.005726885655570532
308,115,13,1,0.05360044157156487,0.07887080982202864,7.372086589358022,2.0939014530284883,0.07771357530244961,0.2957474430127789,-119.97171596864115,7.377941746536056,7.3662314321799895,0.9984127938714663,0.0015884667406064958
311,116,19,1,0.03784299626123255,0.06643610005724906,7.3658455944856165,-2.137744810735623,0.057206272218449615,0.2269972884242192,122.48375532797637,7.371049935665724,7.360641253305508,0.9985878969141354,0.0014131008078702865
312,117,17,1,0.020658540182942237,0.05589310734838199,7.682177341277414,-0.529956645866839,0.036045261810700086,0.10314719934785584,30.36427913383896,7.64136197030018,7.722992712254648,1.0106827476923281,0.010625990305620099
314,118,1,1,0.03693809443074418,0.057094276435559116,7.578519528395497,1.635702020789384,0.05409897191737965,0.1719100117161048,-93.7188223327616,7.5678140555421685,7.589225001248826,1.0028292113877952,0.00282521482282047
315,119,23,1,0.04217228955859814,0.0638461367573559,7.489849124291051,2.5294531454325937,0.06533270003268553,0.25917449923996405,-144.92698969972508,7.5601338668482585,7.419564381733843,0.9814064820028091,0.01876799956604213
316,120,16,2,2.767549786351632,0.464011727704039,10.759870176638879,2.0614659365346037,4.148088878228051,8.399620986968952,-118.11977001989777,15.660782114115081,5.858958239162678,0.3741165796491091,0.9109611653338974
317,121,7,1,0.0392975972233487,0.06575271425619314,7.543775725775434,2.2618480884661754,0.06119710466769217,0.17949129640417197,-129.59434936799278,7.524559336012236,7.562992115538632,1.0051076452201604,0.005094634427569227
327,122,7,1,0.027614597937138174,0.052330916213038474,7.4681544986245285,-1.471143240425973,0.03987396996299647,0.1629906769493538,84.29029873592062,7.516045615753753,7.420263381495302,0.9872562995017368,0.012825422167697748
330,123,4,2,2.761017311275525,0.4692192794511169,10.943857551884584,-0.17752544493981928,4.138313367671897,8.394225530532179,10.177885189818754,15.978663713421778,5.90905139034739,0.36980885863339735,0.9201154415008219
332,124,29,1,0.03958493501407934,0.05866883596721925,7.518640250815647,-2.2603690612806857,0.06100734260695911,0.19744826250606123,129.50960734950303,7.605131921936832,7.432148579694462,0.9772543929522901,0.023007264142423104
336,125,2,2,2.754827819576498,0.47273992056418496,11.123276230495081,-1.0786905296174902,4.129050724198687,8.369063669261562,61.79803146984106,16.27841196829167,5.968140492698487,0.3666291591786524,0.9269095958731116
337,126,29,1,0.0328675310701712,0.07504468508028614,7.522547248267198,-1.7959419890588675,0.05469681393270086,0.19191231809232842,102.8998962315008,7.577053304235338,7.468041192299058,0.9856128619452439,0.014491382817354903
341,127,2,2,2.7671079598386905,0.47455515662663006,11.380080351759265,1.0459353087120207,4.147427716770846,8.388612498302516,-59.934147976127925,16.681296212562803,6.078864490955727,0.3644119985338844,0.931665804975448
342,128,17,1,0.03657621885299029,0.0791506187824308,7.388106045909797,-1.1402907610349617,0.06521394922605157,0.1892706760309838,65.33384801469406,7.396767290249593,7.379444801570001,0.9976581000861787,0.0023446453762235907
345,129,13,1,0.03443393283782212,0.07267434458903116,7.420717774955089,-1.592419859153507,0.05968368267212895,0.18377695747094583,91.23893713538615,7.464557839847951,7.376877710062226,0.9882538079727022,0.011815586098914225
346,130,8,2,2.7688445354718714,0.47560294578931506,11.575603099588857,-1.7786024432214458,4.150026395935043,8.396721413738803,101.91289477339433,16.981409389370178,6.169796809807539,0.36332654542028975,0.9339999381929952
349,131,23,1,0.026013412022308825,0.05239632334011071,7.5080814202516795,2.1497183577706034,0.04297463255247515,0.12282530669464653,-123.16978904436843,7.519728257274706,7.496434583228651,0.9969023250243756,0.003102480213283885
350,132,17,1,0.03330657032587281,0.05482626331277226,7.44211500519663,2.9796555117120835,0.050943124832492005,0.15322798726646503,-170.72168522250868,7.431663967456461,7.452566042936801,1.0028125700478212,0.0028086203271172738
354,133,17,1,0.024306702982353746,0.06025320809454288,7.5105827287019595,1.5341967690824458,0.03836675042560851,0.14689121870075403,-87.90299980955002,7.526181309216438,7.4949841481874815,0.9958548485948974,0.004153760387956986
356,134,2,2,2.77051028566387,0.47320884005368946,11.38493069640203,-2.2953665013781404,4.1525192932760575,8.405434683342017,131.50831988692153,16.672863239615214,6.096998153188843,0.36568392996244314,0.9289353943778205
363,135,11,1,0.043921244577666115,0.09851186933445807,7.474123597372326,1.7321305374038392,0.07339597237265622,0.3590302854400474,-99.2437693533772,7.5766712166163295,7.371575978128323,0.9729306930940578,0.027440707370709187
364,136,1,1,0.02304122974879358,0.05452414771646546,7.457496627283797,-1.4983183544905858,0.03701546728694284,0.12977374775585845,85.84731807688416,7.3695956416271144,7.545397612940479,1.0238550362682517,0.023573858641810223
376,137,28,2,2.76317886133215,0.4752366733860723,11.471933987294692,-2.574640733166549,4.141548216082487,8.39901195160175,147.5096061857369,16.816401870588518,6.127466104000863,0.3643743858617969,0.9317466242767596
381,138,11,1,0.03476191688637801,0.0724964244535093,7.432112507763796,2.4747221095084333,0.05516550920592982,0.1901224755768786,-141.7911323321484,7.406191271473593,7.458033744054,1.0069998830276081,0.006975469293051107
382,139,23,1,0.035307296990222115,0.04984014748781158,7.399651025261793,-2.4229826756057777,0.053232081162951125,0.17282008697353504,138.82668114870918,7.43366078094119,7.365641269582396,0.9908497961686407,0.009192259354742686
383,140,1,1,0.036404819344723074,0.05578982874078437,7.350851186884994,-0.7284728559626826,0.057951209166672873,0.19766710527751055,41.73842012627706,7.383778856528827,7.317923517241161,0.9910810791374886,0.008958872600381461
390,141,29,1,0.02102664599301201,0.07763443030199145,7.45659995478561,-1.7264530097950235,0.03562284619278006,0.14561370703982227,98.91847099082246,7.564862756449778,7.348337153121444,0.9713774578205369,0.029038114508123596
392,142,17,1,0.05080123622393527,0.0687036346893604,7.468248961996521,1.037081159311881,0.07710646266989905,0.24458159507131788,-59.42037343345748,7.506451407932976,7.430046516060062,0.9898214365589355,0.010230629999309475
394,143,13,1,0.039116211805663825,0.07613445258787897,7.575428880230479,-3.0292296152838807,0.06276951096355021,0.17515008510762003,173.5620721194642,7.569159723928217,7.581698036532742,1.0016564999368276,0.001655129076222555
395,144,8,2,2.7603342176479795,0.4698526210729305,11.09047473821039,-0.5980390336967375,4.137291067547499,8.40089805852435,34.271534303522536,16.199499990229587,5.981449486191191,0.36923667334169485,0.9213357178330517
409,145,1,1,0.03665653075135042,0.06245286232714615,7.3749472378143635,1.8628229694194343,0.06195717010032218,0.24923752975797944,-106.73189414162842,7.33588592704872,7.41400854858001,1.0106493779085683,0.010592973618946512
411,146,13,1,0.03509582960310284,0.06154126869574046,7.591443478733906,-2.003831411833315,0.05649212123386671,0.22258944082834659,114.81108276489007,7.61664063478178,7.566246322686029,0.9933836563240723,0.0066383043273552066
414,147,8,2,2.758216175932536,0.47263406531998886,11.194805495607314,-0.40877863942981935,4.134121680249748,8.400200447855388,23.42769768046443,16.37778996036506,6.011821030849571,0.36707156737254726,0.9259623968976459
424,148,19,1,0.03390894356743597,0.0797193603545686,7.306401396250674,-1.979740318662894,0.05621781015556552,0.19431196898473477,113.43076479571663,7.2984046738312065,7.314398118670141,1.002191361750093,0.0021889633448200145
429,149,7,1,0.04209041948207398,0.06423102087615316,7.529585076356714,-0.3529739983848965,0.06850721220549691,0.21535356899218905,20.22392040328478,7.484526542837662,7.574643609875765,1.0120404499232274,0.011968397477979967
433,150,11,1,0.025604235286470423,0.076464402906866,7.533671167818217,2.3264174532763655,0.043318033671506245,0.16667020755557155,-133.29390145649148,7.507409198249155,7.559933137387279,1.0069962803080421,0.006971891653898086
434,151,7,1,0.02038009352826701,0.06136934707957166,7.631034846069981,2.389775048946565,0.035763843511364767,0.10557696138662621,-136.9240242905525,7.668946635349469,7.593123056790494,0.9901129083087538,0.009936211809860125
435,152,7,1,0.01918084221814359,0.06792060114040804,7.352272515996133,1.681658975791227,0.03150658574986416,0.12294554672097249,-96.35196189466585,7.402386407716309,7.3021586242759575,0.9864600713986137,0.013632218232157245
442,153,13,1,0.030288765044624626,0.06998214032803073,7.434992557901645,-1.1359958086742432,0.04595688494780531,0.1637549719456789,65.08776537764918,7.418673176765373,7.451311939037917,1.0043995417367577,0.004389884995628789
451,154,1,1,0.034252396584761244,0.06832982748756639,7.416479095029572,-2.9781101508824204,0.06006624386835104,0.21459458435823248,170.63314255822596,7.456487513697421,7.3764706763617225,0.9892688297018256,0.010789059917842207
456,155,17,1,0.02586111943683772,0.05161284669369158,7.482887471999786,2.9365209311221454,0.04127696180084227,0.16815227699510285,-168.2502558005583,7.505939361096212,7.4598355829033585,0.9938576937575845,0.006161228317994817
457,156,22,2,2.762568199127713,0.4719538844566357,11.172417625430828,-1.9522413824606464,4.140634100948233,8.389177336007974,111.84875451004561,16.345512656424997,5.999322594436658,0.3670317793353811,0.9260475582686939
459,157,11,1,0.03369362422190163,0.04682707639144083,7.484998371948595,-2.016170576726653,0.05409825037739642,0.18159791069246428,115.51806483269654,7.491054313778064,7.478942430119128,0.9983831536721528,0.001618154481412813
462,158,7,1,0.03203599429629705,0.07185466316915208,7.496169472906748,-2.6807549459507003,0.053425753108423575,0.18991152748577553,153.59594430358067,7.565738610130796,7.4266003356826955,0.9816094261752858,0.018561249842467587
464,159,16,2,2.762159069099204,0.47604142652928844,11.568833838670805,0.5274877844878311,4.140021759980305,8.387433850184372,-30.229258241225306,16.97386369893798,6.1638039784036325,0.36313499906266417,0.9344122209102765
465,160,7,1,0.02392983634950451,0.07435870560416157,7.568400616310042,2.9645325562043907,0.0383391809390689,0.14735169786433117,-169.85520369807577,7.555899611406206,7.580901621213877,1.0033089388548688,0.0033034733591917795
468,161,11,1,0.03670136841031062,0.06621490530280259,7.424365035026813,0.33570058468976377,0.06257198346253551,0.18329699245842224,-19.23422669406729,7.387016486761295,7.461713583292334,1.0101119439309372,0.010061075415692965
470,162,11,1,0.03940348457104593,0.06317232592428233,7.411092193076128,-3.0541300954052706,0.06627299421797483,0.22649767253658432,174.98876453399717,7.388255765966826,7.433928620185428,1.00618181823496,0.006162769673985768
471,163,13,1,0.018145360190976578,0.04813757462083076,7.486458838125194,2.3708729352985984,0.03214922264413359,0.09838223072100702,-135.8410129537433,7.533715853436279,7.439201822814109,0.987454526761975,0.01262466443291615
475,164,11,1,0.03325286936736998,0.06874140680170643,7.421565836017433,2.29176037502488,0.052631866329895007,0.2214308079239832,-131.30819713793446,7.401197868285951,7.441933803748913,1.0055039651942714,0.005488859947218591
483,165,17,1,0.0258257062993143,0.06488599988638165,7.518841920032186,2.610714059652347,0.04315821288248107,0.1916022188248206,-149.58289713099822,7.5082603353273525,7.529423504737019,1.0028186515203916,0.002814684712719129
486,166,7,1,0.029150476822530146,0.07543435900744376,7.418805624103887,-1.6109036785948376,0.05005485366582906,0.21425667182941416,92.29798199090229,7.425753071068336,7.411858177139439,0.9981288235959482,0.0018729286940410976
498,167,13,1,0.03348831197243673,0.06230766259596264,7.328713184669435,2.3226065518208725,0.054448672713106556,0.21410737901962032,-133.07555287997133,7.346080370274135,7.311345999064733,0.9952717136951083,0.004739491140417439
502,168,29,1,0.03441088563858194,0.07353228755052703,7.49862268659754,-1.335737282020817,0.05807828870540576,0.22410889142420873,76.53210879470883,7.48355523560315,7.513690137591928,1.00402681627115,0.0040187249376659705
503,169,1,1,0.02883441606404794,0.06299132995765258,7.542572520469862,-1.8451583309958368,0.04691110550611696,0.18911844202252243,105.71978490358762,7.526024850548896,7.5591201903908285,1.0043974529049713,0.00438780532134294
505,170,29,1,0.03055779685581777,0.06319498981170045,7.5710680962060195,-0.6377455635513988,0.049278906327558956,0.1596074703537601,36.54012919973394,7.627504276994461,7.514631915417578,0.985201927461736,0.014908380183959184
506,171,11,1,0.03226936113449274,0.047920566347643946,7.507048652011258,0.3031203256953792,0.05126063777316893,0.1800499669714906,-17.367515353387684,7.517673410626036,7.496423893396477,0.9971733918103541,0.0028306087005131814
507,172,19,1,0.043172497053374864,0.05149431875650342,7.544990511615712,2.256235066913244,0.06806708337885718,0.18784447934451295,-129.27274693206024,7.550340911603535,7.53964011162789,0.9985827394946897,0.0014182655311720546
508,173,11,1,0.033182509595381326,0.06714792524127015,7.4085908173493324,-0.29335171082309464,0.0528442162443021,0.21150200244684572,16.807814942479247,7.356943070001478,7.460238564697189,1.0140405456060828,0.013942664299101966
509,174,1,1,0.026221089158363402,0.07320600934288314,7.464008985611455,-1.7458314029321431,0.04156392143729673,0.1819903488484994,100.0287711287412,7.457403652281774,7.470614318941136,1.0017714833842097,0.0017699156960862233
510,175,23,1,0.042295242800901696,0.05619782149454788,7.491820724459035,0.6760146264665186,0.06573106715603037,0.219022969941828,-38.732785001121925,7.50966719765533,7.473974251262738,0.9952470668202532,0.00476425527322922
516,176,13,1,0.03787065992434097,0.05622081981388269,7.396734877409638,-1.0425550216858197,0.05805752588901688,0.21311257345018184,59.73400264750598,7.394498981366089,7.3989707734531835,1.0006047457844491,0.0006045629809919979
517,177,17,1,0.024260540174405567,0.05874842154588032,7.609405184476625,-1.9988870318361505,0.04008170280202454,0.16904768728532296,114.5277906499524,7.6519186312925624,7.5668917376606855,0.9888881602472668,0.011173921163422073
519,178,29,1,0.031847869185287744,0.06437024611515652,7.552787275558477,1.9852776738835616,0.05131062807173708,0.1658886010502976,-113.74803188253165,7.558192275553607,7.547382275563348,0.9985697638276254,0.0014312596920663756
520,179,29,1,0.022146199179373334,0.04307999571176981,7.501604523258807,0.46108700129529895,0.036039508602418814,0.11172854343363466,-26.4183391643048,7.494802739282051,7.508406307235563,1.0018150668438828,0.00181342110362316
526,180,16,2,2.7609116804558864,0.47276155939604686,11.337344085176017,2.8547439273882973,4.138155299576276,8.390281514884125,-163.55835291915872,16.593309752547594,6.08137841780444,0.36649580514645413,0.9271952280682633
527,181,29,1,0.04522054209463862,0.07769609768117423,7.45526064173241,-3.134978834021714,0.07265586680909868,0.2301397543580572,179.621056035885,7.464238098436518,7.446283185028303,0.997594541710563,0.0024083548880516475
528,182,11,1,0.026898736933488886,0.06474433683031473,7.559282578536792,2.2054985035507353,0.04594079577120722,0.14874859810867855,-126.36575597817777,7.582425102614158,7.536140054459427,0.9938957460801329,0.006122941915962895
535,183,13,1,0.023216513949854602,0.05400857850664683,7.544774590821588,-1.0432471657216094,0.038450541204631566,0.11596482710575176,59.77365958270313,7.526265730573775,7.563283451069403,1.00491847110118,0.0049064050953438855
539,184,13,1,0.02974879949450111,0.059186146564652514,7.4762621020406765,-0.2553532097350758,0.04671522437365925,0.14611736886746204,14.630661208679312,7.425978996512289,7.526545207569064,1.0135424852539991,0.013451402543702216
545,185,1,1,0.02119395008736941,0.05917025417994085,7.57026601664847,-0.9544629808598181,0.03698460305465449,0.17009559807016894,54.68670050405129,7.576075056607749,7.564456976689192,0.9984664777167929,0.0015346990307879623
551,186,23,1,0.05590436241476476,0.06888882527417278,7.392968815956139,0.36097710529331445,0.09187861261752113,0.26047509973447697,-20.682464667945613,7.434795792782902,7.351141839129378,0.9887483185839847,0.011315339714807802
552,187,8,2,2.7623810402471802,0.46959172915367914,11.11647229042519,1.9346005408794222,4.1403542272945675,8.40100498891974,-110.83801004652605,16.234288500537538,5.9986560803128395,0.36950532695745897,0.920762644192513
555,188,11,1,0.03575197156354815,0.06505045583714404,7.523065222233502,1.7346558976222568,0.053765369149710605,0.1755341818838248,-99.38846184349208,7.584566021276236,7.461564423190767,0.9837826452112851,0.01634993110546914
558,189,11,1,0.0282504869214575,0.07491622176605968,7.336866384300866,2.3299218583745804,0.04720081993675047,0.1582190083168667,-133.4946890844458,7.320869304843283,7.352863463758449,1.0043702677350077,0.0043607389366699355
560,190,7,1,0.038275080595341,0.06220177782993008,7.442771619929558,-0.3592873052767521,0.06356506122448284,0.18310018246668658,20.585646239560663,7.4004166489126,7.485126590946517,1.0114466449732076,0.011381504949995836
562,191,1,1,0.03051584703376502,0.06566569943450029,7.405970877378862,1.3523535747329272,0.05081749040430984,0.1582634349066982,-77.48415223428267,7.418865579953763,7.393076174803962,0.99652380746465,0.0034822450124092144
563,192,17,1,0.020494987386343054,0.0543182900578683,7.5710337272352515,-0.0280580669426368,0.030420932224873392,0.10724950772811946,1.6076088171673153,7.617156051865515,7.524911402604989,0.9878898832277521,0.012183890943279633
564,193,4,2,2.767558579902181,0.46749002887014574,11.122051331948558,1.1538162865019959,4.148102089717343,8.412714495649542,-66.11527585891002,16.22410886110885,6.019993802788264,0.37105235512928025,0.9174669990066346
565,194,17,1,0.029113865764949128,0.046371780762737236,7.51984578229931,-0.6679039440050029,0.04703112460216461,0.1331597675831864,38.2680771144365,7.473402733438851,7.566288831159767,1.0124288896281888,0.012352128010331944
569,195,26,2,2.7570567168235898,0.4682646436440824,11.023581075074775,-2.7211930584422013,4.132386334898539,8.396985145150362,155.91927627242583,16.08358937217993,5.9635727779696195,0.37078618708613126,0.9180334888716427
572,196,17,1,0.027635741239242347,0.051840224995129185,7.4731615169863534,-2.016270056396838,0.04640646432333209,0.16319461100213511,115.52376459491073,7.46713206689131,7.479190967081396,1.0016149306162074,0.0016136276678453887
575,197,13,1,0.025234780532637346,0.06101255377987198,7.578779717700558,-2.062206856835488,0.04959606196010079,0.1197078946921228,118.15574938101784,7.541101220360272,7.616458215040844,1.0099928369184485,0.009943156746537092
577,198,29,1,0.037677802999367016,0.059906302911150004,7.501378547030224,0.590161099445719,0.058550967059623316,0.15722047133905312,-33.81374023500871,7.550161496420411,7.452595597640037,0.9870776408125004,0.013006395846934042
587,199,29,1,0.024875204036558053,0.05359551537584465,7.44265949249578,-1.789370039949567,0.03874646146795147,0.1352218120146684,102.52335127920897,7.313744438872957,7.571574546118602,1.0352528187716354,0.03464220115210259
589,200,17,1,0.027477995374033493,0.04668682981237571,7.443484040774479,-2.9609323330229587,0.04512489247235951,0.17111052775776056,169.64892610064405,7.47815064735178,7.408817434197179,0.990728561589067,0.009314618366184739
596,201,13,1,0.02121132100800626,0.07003085790274624,7.656390060781879,1.5774046598488916,0.03428951331869479,0.15285766986713267,-90.37862959328776,7.7382372189985835,7.574542902565175,0.9788460457077338,0.021380091026435004
598,202,13,1,0.03670368149351414,0.0848516905391875,7.454649791321699,3.1212606166027377,0.06332400234409392,0.20222669900203952,-178.8350601043772,7.4197616128177,7.489537969825695,1.009404123831614,0.00936011200542575
599,203,4,2,2.7657046149536653,0.47316881075343376,11.446230084680161,2.1721886179288488,4.145327610729358,8.403359087548596,-124.45078082254925,16.762276713729754,6.130183455630566,0.36571305678359406,0.9288729284176608
604,204,29,1,0.03444788213595315,0.07398717055607502,7.4430833332412325,1.0966583841462756,0.053117373857498935,0.1763969258710961,-62.83389697265843,7.474131794254483,7.412034872227982,0.9916917544758527,0.008342902967265376
605,205,11,1,0.031401764170407256,0.06740545605318186,7.420062217437139,0.3715149422057411,0.05242327107765543,0.15743592126468933,-21.286238220802414,7.414861110702594,7.425263324171687,1.001402887163197,0.0014019038067696924
607,206,29,1,0.025653518599415892,0.06676787759006597,7.399526241621562,-1.2542457206462598,0.04205731225448867,0.13915918351245743,71.86298626141989,7.383085062364269,7.415967420878856,1.0044537423362772,0.0044438464627137636
612,207,11,1,0.021445090759070872,0.0653430986115487,7.529905743085602,1.156496963472817,0.03522514952426418,0.12170266431414091,-66.26239502568706,7.5787935969265465,7.481017889244659,0.9870987768130354,0.012984984277083552
617,208,7,1,0.02756895059328088,0.06686495040661117,7.4349961970944785,1.941075297865057,0.045267300075036196,0.1287392384953743,-111.21542228716562,7.3330341293927574,7.5369582647961995,1.0278089712668947,0.02742760453369613
620,209,7,1,0.03715894505304214,0.0812179121833342,7.401670551274759,2.930199864807306,0.055897175031390536,0.25407271768461115,-167.88808538518825,7.441566788389311,7.3617743141602086,0.9892774631340273,0.010780333125656367
621,210,17,1,0.028420152010735684,0.04732835199298615,7.475322446003797,2.1423893441614097,0.04917370269103329,0.1571377122766641,-122.74986749590913,7.493632819629344,7.45701207237825,0.9951130849172157,0.0048988853010174735
626,211,19,1,0.041756231658581396,0.0712757165208021,7.452447578017851,-1.5385714301035167,0.07051858390846227,0.21232476318219048,88.15364943650141,7.379299198416662,7.52559595761904,1.0198252917070727,0.01963069953472773
627,212,23,1,0.03138131094872146,0.06222381589390067,7.60896818905074,-2.9859181359547815,0.05230820192405896,0.16314957718856435,171.08050715753748,7.616346486020365,7.601589892081116,0.9980625101593875,0.0019393685940866144
631,213,1,1,0.024235212798414667,0.07589842857206072,7.628350899822192,2.8332680164032746,0.04399143356076196,0.18416169794183962,-162.33429956615058,7.576994515201066,7.67970728444332,1.013555872191301,0.013464609925671923
632,214,19,1,0.039532544141284036,0.06778952207459633,7.333015693392982,1.905926185460311,0.06406532968331399,0.17865623320888477,-109.20152649303209,7.28089321110759,7.385138175678376,1.0143176065831803,0.014215838193924859
636,215,7,1,0.01646390690316393,0.047060565898031904,7.50770471961761,-1.629803504034718,0.026510024928494934,0.1038254586334572,93.38086221707361,7.415558660723226,7.599850778511994,1.024852088186542,0.024547065271122534
637,216,7,1,0.038208335982185676,0.06065347885185124,7.379982076909658,1.1659665044715721,0.05764298844833526,0.24698231029422515,-66.80495975296093,7.386645396843196,7.373318756976121,0.998195846808516,0.0018057821452942518
642,217,17,1,0.05308625727369554,0.062304631341141774,7.531340077993083,-0.43140824753708495,0.08484181853219175,0.2712211200366038,24.717871868977088,7.49894353973292,7.563736616253245,1.008640293953011,0.008603127179139523
645,218,14,2,2.7669986200112233,0.473933511651055,11.279472056727426,2.466375135018051,4.147264266847434,8.41872755178455,-141.30641754684498,16.52228336531227,6.036660748142585,0.3653647994451094,0.9296199826051021
646,219,2,2,2.7622899867161785,0.47368151695418653,11.40332040562338,-2.664898805106227,4.140217774263862,8.391784203002203,152.68101900639542,16.702080552434474,6.104560258812281,0.3654969953981265,0.9293363613984031
648,220,19,1,0.03322484979299923,0.053221730611176556,7.468723890555752,1.9282800762514318,0.05249739152720678,0.16440722516201126,-110.48231009804017,7.441694372863654,7.495753408247849,1.0072643450100993,0.007238055145210769
650,221,1,1,0.017241797812811988,0.043598384560000654,7.654702993932393,-1.994922942760125,0.028731371345067112,0.08961369188846728,114.30066507443249,7.715835535666273,7.593570452198512,0.9841540060175474,0.01597254440370532
653,222,13,1,0.027191472368592737,0.06261881220468604,7.612794516575635,0.5832817679915054,0.04610205857080268,0.14542960800472599,-33.41958357675365,7.668697394396135,7.556891638755136,0.9854205023498905,0.014686558976149951
654,223,19,1,0.03218851650759539,0.06684417566542361,7.448650293143786,-0.1962919563602438,0.05346116390788457,0.16576967857135014,11.246700661187877,7.5024528860248365,7.394847700262738,0.9856573326888144,0.014446266306950296
656,224,1,1,0.023687514246748566,0.05707041468778496,7.484901344712538,-1.857109160845012,0.037226415143867896,0.15595442933579604,106.40451701346383,7.3727226154063645,7.597080074018711,1.0304307472715057,0.02997467144584833
660,225,19,1,0.024623424717937784,0.05869085429630697,7.540724839227698,1.8671924725337914,0.03977109069332815,0.13663623503017716,-106.98224821755161,7.400975940102956,7.680473738352442,1.037764992145833,0.03706511034529561
661,226,13,1,0.030213312744706136,0.05523918900146248,7.548890982982158,1.8813319363672416,0.048668921112335645,0.168485494899554,-107.79237982424335,7.563888431707749,7.533893534256566,0.9960344606187679,0.003973417753521941
666,227,13,1,0.036054775566955605,0.04893660902101917,7.424593422449643,3.017905106066018,0.05394126584132338,0.17507835002278285,-172.91322554120367,7.4302019861610535,7.41898485873823,0.9984903334466928,0.0015108069606756627
667,228,1,1,0.018922636890309277,0.0711726259669835,7.525933245446366,-1.1745259282000937,0.0335375432800915,0.15611149043206063,67.29537861322383,7.427433982828186,7.624432508064545,1.0265230933983134,0.0261759596865352
672,229,1,1,0.023638614797320927,0.05325761936458644,7.448803331820434,-0.3091670234154678,0.0383997087387372,0.12504680267602117,17.713965608560844,7.380381845996681,7.517224817644189,1.0185414487357096,0.01837113500673743
680,230,13,1,0.02298017722107675,0.06368238222497272,7.468650358972971,2.601013912708134,0.04106571919949018,0.15129688280468145,-149.0271196495722,7.457901220063928,7.479399497882014,1.0028826176673202,0.002878468904660625
681,231,23,1,0.02969344903928271,0.05651477042238917,7.45212341664387,3.062668821815816,0.04951305378850974,0.17018930230864251,-175.47799753087142,7.423521395568247,7.480725437719495,1.0077057826202802,0.007676207028923663
682,232,17,1,0.027648750091322113,0.060703337220213816,7.490652628651534,1.601171537628954,0.03931516664222127,0.14321841629965296,-91.74037138267649,7.518499047709275,7.462806209593795,0.9925925589985347,0.007434978082210918
684,233,7,1,0.03145504593903041,0.06363614459176456,7.451262285787864,1.653389142581144,0.048580399500555996,0.16503849618027036,-94.7322197599317,7.448863208474165,7.453661363101563,1.0006441458908708,0.0006439384957029117
685,234,17,1,0.05005027598828812,0.0593652766683893,7.553438909542527,1.0655689823747934,0.0743929927900035,0.3057768795407152,-61.052605453948004,7.56122906422099,7.545648754864063,0.9979394475124881,0.00206267761525739
686,235,1,1,0.02783887063581126,0.07620445055178794,7.539842676080733,-1.7906936662645838,0.0462954137327769,0.15653094610442042,102.59918947832277,7.579647274560682,7.500038077600781,0.9894969786751039,0.010558469238682153
689,236,26,2,2.7608952537492923,0.4726938510875362,11.212236125859325,0.9375773404769531,4.138130816814647,8.403478210072766,-53.725650191462115,16.406841377253112,6.017630874465541,0.3667757087484583,0.9265957643209481
690,237,23,1,0.045022479538632164,0.07372542077805723,7.436563169875033,2.9072963029377754,0.07496281906919992,0.2528653092102083,-166.57580792876962,7.457951078058978,7.415175261691089,0.9942644010506136,0.005752094803843149
694,238,17,1,0.02287050672707811,0.05964403217843461,7.534489430182258,-0.9779971657803923,0.03650085146004576,0.13276937706732647,56.03510997288392,7.532365219518307,7.536613640846207,1.0005640222166725,0.000563863200986319
696,239,23,1,0.040257592737782996,0.062351533961090805,7.476594211318735,2.6563096683015037,0.06462493145266188,0.21811359732300906,-152.19533305914837,7.550892915228693,7.402295507408777,0.980320551557522,0.019875013090178965
697,240,19,1,0.030880430178983117,0.08463088281750193,7.498807647560915,0.20717107802454196,0.04886873216243828,0.14319810543293374,-11.870028411991376,7.387807824394741,7.609807470727093,1.03004946143825,0.029604659402693134
703,241,11,1,0.04658620139676227,0.05695983392439316,7.506746905723864,-0.31449869104126205,0.07297874126862779,0.21934492167512104,18.019447684091425,7.478915223418483,7.534578588029246,1.0074427056528823,0.007415111407089099
704,242,19,1,0.03192254055668325,0.045616503283797606,7.533546665555566,0.3399378416465477,0.05097326475435969,0.15890992154960487,-19.477003630984296,7.529783505586912,7.537309825524221,1.0009995400175482,0.0009990407269553933
709,243,19,1,0.025296787283599204,0.059055251790254,7.469227150288404,0.6629098827135288,0.04141216822885836,0.1337231722814738,-37.98193847810653,7.486692612971243,7.451761687605564,0.9953342647853394,0.004676645208779138
716,244,1,1,0.040799338750053364,0.07212186520319613,7.519337621930538,-1.6266922782363322,0.06268399286001448,0.22173762604200975,93.2026021184364,7.535304745517886,7.503370498343193,0.995762049677727,0.004246949502779999
719,245,13,1,0.024526092384544704,0.05200382585528595,7.407715712399345,0.19979739702742522,0.03832801634394977,0.13284479489792644,-11.447547607159583,7.460953971699125,7.354477453099565,0.9857288332023698,0.014373731759351223
720,246,13,1,0.05559446725055529,0.058627581799039166,7.484789646750788,-1.738990804859029,0.08446975946490605,0.259962783718646,99.63683375180223,7.487042922400877,7.482536371100698,0.9993980866215291,0.0006020945828631665
721,247,11,1,0.03933289921480343,0.07577551157750774,7.437755168420364,2.0695549225414,0.06575168298387374,0.22773287356511834,-118.57676254837548,7.458237340735438,7.417272996105292,0.9945075032130707,0.005507622085232682
723,248,29,1,0.029869352878320557,0.057198978214176126,7.576455986881481,-0.017940223797776343,0.04668884312351911,0.15541815183758806,1.0278991097231915,7.631476414485785,7.521435559277175,0.9855806597266376,0.014524053911108883
728,249,17,1,0.016973955263484435,0.05698588120212922,7.564851162601861,1.43098880824552,0.02687390998314434,0.1286898692471836,-81.98961924264125,7.5568148513041855,7.572887473899536,1.0021269043785792,0.002124644920287191
729,250,23,1,0.03472759413842081,0.054235588577055516,7.51091460124765,1.0972005295571334,0.05719798085477,0.21256712528106655,-62.864959611058936,7.52673482671053,7.49509437578477,0.995796258051569,0.004212596282282779
738,251,7,1,0.03232838868665362,0.0726732010944072,7.457161870177802,1.8120681687864884,0.0544556896166385,0.1880314963390196,-103.82385827009547,7.416311989251543,7.49801175110406,1.0110162250416277,0.010955878828277149
742,252,26,2,2.764739859478219,0.4758319919219854,11.501666495636027,0.9515534879517233,4.143884058622492,8.405391347904967,-54.52645136961528,16.869582691682485,6.133750299589575,0.36359822360121624,0.9334153790814841
744,253,23,1,0.022861594741245425,0.05843724599139256,7.570088226915547,0.29214900458745974,0.0388066917527115,0.152174797517241,-16.738904954790886,7.606913828446449,7.533262625384646,0.9903178602094347,0.009729239720078164
746,254,11,1,0.03402915664395217,0.05621743245602626,7.487130497873937,0.8446090688084552,0.05147446172364801,0.16286258740253154,-48.392534983491814,7.521358641964907,7.4529023537829655,0.9908984145763248,0.00914319420522732
749,255,7,1,0.02341963262470744,0.052272622289702995,7.417961754162045,-1.9799185869617868,0.03922882965170066,0.14024345794058654,113.44097881502638,7.345327321609017,7.490596186715073,1.0197770444727077,0.01958339364914478
752,256,7,1,0.037181211663245964,0.07376950202797095,7.3420232360685596,0.9982161744381369,0.06490419529484528,0.21178327437810812,-57.19357382194129,7.334453421257025,7.3495930508800935,1.0020641796673206,0.0020620514449877494
755,257,22,2,2.7625058175496493,0.4726248841738637,11.398213757572739,-2.564077353891925,4.140540960720989,8.381801154388002,146.90437385339263,16.68139235977547,6.115035155370013,0.36657822221815545,0.9270186916248507
763,258,11,1,0.03797318044240921,0.08773527306174096,7.590249577407646,-0.45125282388877885,0.06171855458160377,0.22650023084915086,25.85488230975571,7.7154632610454845,7.465035893769807,0.9675421476581896,0.03299329814148324
765,259,23,1,0.019822967847981543,0.051611206034271086,7.665017278931244,-1.867051381628975,0.03176318707772219,0.10601484727440709,106.97416430290757,7.6671423886276635,7.662892169234826,0.9994456579547627,0.0005544957353872679
778,260,7,1,0.03380598253806759,0.06616158554596274,7.478117428294797,2.545173564221964,0.05524638174386005,0.17372783904955463,-145.82770335819808,7.483904855022318,7.472330001567275,0.9984533671018979,0.0015478298603934092
779,261,23,1,0.017812610702608707,0.061552318035787056,7.526493806073372,-1.6868840801820117,0.028040667751709193,0.11638639343301362,96.65133832214015,7.654016002197153,7.39897160994959,0.9666783565419317,0.033886215656187685
783,262,19,1,0.0290270166352091,0.05684337611456752,7.556753390980775,-2.8705260921023754,0.04318601197244915,0.1490256225756691,164.46903005702393,7.648948853951736,7.464557928009816,0.9758932986136184,0.024400812941970093
784,263,28,2,2.769889614883747,0.47170758924704914,11.341909903895498,1.4403439616007836,4.151590391582372,8.415155477830773,-82.51914135465431,16.59340275106693,6.090417056724066,0.36703846390593164,0.9260332504259712
786,264,23,1,0.04228131793763319,0.06543200094010097,7.55461669182744,2.1479364893433615,0.06808555445474279,0.21192679882230692,-123.06769551480848,7.571498001987636,7.537735381667245,0.9955408268863668,0.004469137442395349
788,265,17,1,0.02980925797032666,0.07584066710072972,7.505652421138516,2.3791094620303537,0.04960124091171972,0.14167939097486396,-136.3129311762873,7.517914884394603,7.493389957882431,0.9967378020515928,0.003267527609339012
790,266,17,1,0.03960459855920937,0.06206325288282412,7.540677069641229,0.37060430063270017,0.063572189727271,0.20747099430962157,-21.234062310217126,7.52963467788082,7.55171946140164,1.0029330484765346,0.002928753388702132
798,267,17,1,0.04246419281407488,0.06957584672394207,7.496338746639231,0.9231309895832676,0.06098874851269884,0.246562685122454,-52.891509641724,7.52161008502958,7.471067408248883,0.9932803380912695,0.006742314947194164
800,268,13,1,0.03529012978180972,0.0640314700301116,7.413614918286944,-2.170343111144538,0.0564192391254228,0.1795964731191568,124.35150037508252,7.4790778759021626,7.348151960671728,0.9824943773279481,0.01766019906260357
807,269,17,1,0.03500996191532698,0.06335460309935138,7.443395503910344,0.3033636091409844,0.05544608128053463,0.2029783130080496,-17.381454472454003,7.537416636230733,7.349374371589956,0.9750521599486887,0.025262968297464536
809,270,17,1,0.030431624830539777,0.0590223541164029,7.299853216886,1.8899768758671451,0.05034788841802205,0.17896336262375173,-108.28769836885007,7.330379847418611,7.26932658635339,0.9916712009014484,0.008363628589680696
810,271,1,1,0.04043804871878592,0.07285154819017801,7.50847406641219,-2.708007543610506,0.06278503832412341,0.22040263084167144,155.15740312653725,7.496491634016502,7.520456498807879,1.0031968107164466,0.0031917090715647698
814,272,23,1,0.03855979708940038,0.06925407058639946,7.285158493325948,-1.0602657369065946,0.0680720878654585,0.1874674667016914,60.748751871924306,7.253973026702332,7.316343959949564,1.008598175512597,0.008561369434085888
816,273,1,1,0.024240801098350088,0.061021473852780485,7.4145841987197745,0.6026236889389389,0.0398981607089098,0.1475549419339919,-34.52779401374449,7.463091553780637,7.366076843658913,0.9870007342905263,0.013084308913569917
817,274,13,1,0.0259138567499714,0.06950209923741092,7.454552867975427,-0.29670449475833294,0.04035774525758539,0.1787106806192838,16.999915314757807,7.464232734332517,7.444873001618335,0.9974063331887905,0.0025970347326063343
818,275,13,1,0.0305182470371365,0.043302049582230426,7.361920825010526,0.8688750693266334,0.048052601552305875,0.15673130924908127,-49.78287439082826,7.347280116027266,7.376561533993788,1.0039853411744364,0.003977415495565327
823,276,1,1,0.033210545658654715,0.06313564690443453,7.438153310139042,0.29820767439964435,0.050031825202180594,0.17421592274252318,-17.086041166894198,7.441854278709056,7.434452341569028,0.9990053638699692,0.000995131026667437
833,277,11,1,0.031160837702973117,0.08184951040666436,7.531908974536185,-0.15731447361337864,0.05036033466782902,0.16411287178960032,9.013455394447181,7.479971201021336,7.583846748051034,1.0138871586852518,0.013791397025757888
834,278,23,1,0.028522511138695687,0.06189299748359886,7.428928053829938,3.1239173193052037,0.04384733418924453,0.14746392041978773,-178.98727794652933,7.439679646987631,7.418176460672244,0.9971096623328272,0.002894520738332004
839,279,11,1,0.041927434198130165,0.08011948494168857,7.354856710137023,-0.6059614765400119,0.07572200526294544,0.22099823239998942,34.71903517295507,7.418636177818558,7.291077242455486,0.9828056084291519,0.017343497010249096
841,280,1,1,0.035182488633396264,0.06367056931539235,7.570135869927724,1.4632103351927372,0.05819050654166714,0.1849407121973161,-83.83577673749011,7.658774443827752,7.481497296027699,0.9768530658396761,0.02341796116292756
842,281,1,1,0.043351203534750915,0.07130781257719233,7.327440940776355,-0.3196462505534514,0.07153253413199524,0.19448890217478887,18.314381098836737,7.291925338732806,7.362956542819903,1.0097410767098502,0.009693862381314696
844,282,17,1,0.023516655049193307,0.053790549517482834,7.55767457248632,-1.899495888614069,0.03898840484178191,0.14215540765781393,108.83309762344713,7.537014019709045,7.578335125263597,1.0054824238679267,0.005467436465838447
852,283,7,1,0.03648320808905505,0.0647884872119656,7.4292289856704485,0.33393939104529075,0.058101702384491076,0.2156352361208339,-19.13331773172049,7.454981487687502,7.403476483653395,0.9930911962532474,0.0069327522591442784
861,284,11,1,0.01790673147870073,0.05444063498066131,7.451136337342264,1.0219941160171384,0.03238253276552526,0.12948783594116578,-58.55594953434322,7.3614358983895585,7.540836776294968,1.0243703647469995,0.02407698232634946
862,285,17,1,0.04009257071570159,0.0711050956885995,7.5405789957371665,-2.748022653609223,0.06361021327831165,0.22581672506540854,157.45010004298058,7.472202695790198,7.608955295684134,1.0183015110083913,0.01813555696071147
865,286,2,2,2.7664924611561448,0.4686238472971499,11.080704258947156,2.6461305455613746,4.146506706490357,8.416553364747456,-151.61857712586516,16.175308105045893,5.986100412848422,0.37007643835736614,0.9195451348654265
867,287,28,2,2.7678669543301684,0.4710474810039656,11.318617246533714,-1.5355783411308148,4.1485634908401545,8.400455069950173,87.97568359004211,16.55331566211934,6.083918830948093,0.3675347558840162,0.9249713638278084
869,288,1,1,0.02994851002483662,0.06459009628563876,7.574645051521673,2.73177166707162,0.04828539121654844,0.14981987559590282,-156.51898710992646,7.602153458606555,7.547136644436791,0.9927629961077045,0.007263286107209927
871,289,23,1,0.04016689986196667,0.06361136035700068,7.380554029982617,-1.7638779037364105,0.06526759761176294,0.21661859228563843,101.06275947656775,7.362846722175665,7.398261337789568,1.0048099080356026,0.004798368180767287
880,290,2,2,2.7704977928813705,0.4728913012112768,11.553295685533886,0.23004037712146605,4.152500593322967,8.394319826173692,-13.186835706725628,16.916890865375837,6.189700505691932,0.36588877678229426,0.9284961323300709
885,291,23,1,0.030449480075185657,0.06000278891519112,7.498486485148741,-2.051457471120322,0.05189481121213958,0.1563918721945228,117.5398549542925,7.543917662374114,7.453055307923364,0.9879555479636353,0.012117425913977325
894,292,17,1,0.037317914862954146,0.06291318243869783,7.435667492696372,1.150852114451368,0.06206713478425165,0.18721490888523157,-65.93896899098755,7.403127337443626,7.468207647949119,1.0087909213956552,0.008752450344157682
897,293,13,1,0.026798755064989403,0.07318365377025418,7.370043569877894,-1.1708773787176567,0.045857884132215816,0.17090560619923725,67.08633212429088,7.435934907031044,7.304152232724744,0.9822775917280162,0.017880854170918198
898,294,29,1,0.022436351662450824,0.057912606495306114,7.475540703532664,-0.44656720590341037,0.03768670462352205,0.13996046346991145,25.5864161695661,7.49441690250556,7.456664504559768,0.9949625970323094,0.005050122719277245
899,295,17,1,0.04220267623822374,0.07421450407446209,7.515220442676463,-1.613995799227977,0.07462583080620445,0.24442908881158681,92.47514746568129,7.542669067719609,7.487771817633316,0.9927217740042134,0.007304809021242961
901,296,1,1,0.03933309687887175,0.060951244192816646,7.4657538957583425,0.6409573848307493,0.06264721735652716,0.21438607107575522,-36.72415301149458,7.426399403852798,7.5051083876638875,1.0105985390134358,0.010542670560813375
906,297,16,2,2.7666979773736635,0.46861954821334095,11.15846454597959,-2.091944348177186,4.146814267240441,8.40505060962837,119.8660483934882,16.289778735914496,6.027150356044686,0.3699958393392092,0.9197168963150444
907,298,23,1,0.04679843824079538,0.08184115571889948,7.22915206880812,-2.4811652494376024,0.08138113719479219,0.28539089489035363,142.16029703565414,7.235028251806095,7.223275885810145,0.9983756295639874,0.0016256907980477938
914,299,11,1,0.04692806298294011,0.08338161885807188,7.332934918638797,3.098766135334441,0.08305543727289083,0.24313774407081662,-177.5462212783915,7.306219887417954,7.35964994985964,1.0073129557096547,0.0072863134658236245
916,300,8,2,2.7554077811083335,0.47032266082977936,11.044632836643725,-3.0753787633447107,4.129918592406135,8.384652660218396,176.19983625008757,16.137774948690826,5.951490724596623,0.3687925221115713,0.9222836444411527
919,301,29,1,0.02087110644988745,0.050233458857834264,7.478420942758001,1.376808830203147,0.033101998841045005,0.11689238941662525,-78.88533516531568,7.435205888276243,7.52163599723976,1.0116244405685926,0.011557267185824173
921,302,19,1,0.024237535672988194,0.05732854588670626,7.42145602546508,-0.42046138003281125,0.03896866283203637,0.12288748081375023,24.090662526856633,7.489350679797521,7.3535613711326375,0.9818690144886426,0.0182968555225488
922,303,7,1,0.03197064875160256,0.07080500084900195,7.416013090392186,-2.6301867825024448,0.055837673457907924,0.16265732947713263,150.69860195921052,7.326299245145547,7.505726935638827,1.024490903864208,0.024194629689332312
932,304,13,1,0.02588811845991386,0.07241282635208876,7.47020922650999,1.3823458034596592,0.040043852262485295,0.19177967235409446,-79.20258036460886,7.394209180740328,7.546209272279651,1.020556639367904,0.020347501245334836
939,305,11,1,0.02069615486530571,0.06698117629083437,7.475011532691712,2.4195749450461204,0.03704225178142569,0.13426596021112375,-138.63143256538797,7.353147465143792,7.596875600239632,1.033146096450695,0.032605720276136486
946,306,11,1,0.03147918753576944,0.07190590992737526,7.43861783570948,-1.695025768068394,0.054287780972608835,0.17227860041505152,97.1178226717152,7.401200736001181,7.476034935417782,1.0101110890091913,0.01006022907338445
949,307,7,1,0.03146884517355422,0.06072020518283639,7.382301616015491,-0.06973850865658926,0.052096433236054195,0.17362695415351984,3.9957222239289814,7.337197566361963,7.427405665669019,1.0122946259101189,0.012219508765579843
961,308,2,2,2.7601957683157585,0.4733743253761148,11.323744029100235,3.0988696592843756,4.137083993213059,8.396006423957695,-177.54573205129566,16.578704905877505,6.068783152322967,0.36605894047679527,0.9281313430033119
967,309,17,1,0.01742910324619234,0.056724624371066776,7.384821440649829,-1.6737895796172877,0.02692306848716065,0.11130953290583362,95.90107870592345,7.352233762545781,7.417409118753877,1.0088647013020882,0.008825583222545834
969,310,19,1,0.03731308945167354,0.07071112737150012,7.623032418807537,-1.876726007481345,0.059425316885360326,0.19573101373059754,107.52847954202069,7.538411958021182,7.70765287959389,1.0224504739877778,0.022201259587346936
972,311,7,1,0.03098596096780888,0.06316637460249447,7.59241328852051,1.231524021254372,0.04787038173347191,0.14746373726632508,-70.56112878240934,7.576564034589837,7.608262542451184,1.0041837576659594,0.004175024021581431
984,312,17,1,0.02006959674222315,0.0594179953523754,7.6242840039805975,0.03273120565721473,0.03035601526520536,0.11694888710191094,-1.8753599430998125,7.654720656336746,7.593847351624451,0.9920476125197458,0.007984133943661296
990,313,7,1,0.02839214294917538,0.07850193469523463,7.719303425712143,2.030972725482964,0.04617740691652693,0.1972516479487146,-116.36616547740434,7.848498541693228,7.590108309731061,0.9670777498919657,0.03347325758714159
994,314,23,1,0.03756994775864204,0.064570175915911,7.335094511970653,-0.30636476796127526,0.06096376597521202,0.235132144389589,17.55340820874372,7.297573393514779,7.372615630426529,1.010283176730835,0.010230575323778556
995,315,13,1,0.033645608417130504,0.08142812594740352,7.430787479430006,-3.114742688129293,0.05970028727585135,0.20701158387701762,178.46161028894997,7.430016596213695,7.431558362646316,1.0002075051128967,0.0002074835859442574
1001,316,19,1,0.022390897615336525,0.07594050160425687,7.470848169297997,2.774774786382576,0.0382702593850524,0.1385863145895522,-158.9828843570209,7.442924919718445,7.498771418877549,1.00750330008182,0.00747525553907111
1002,317,17,1,0.04142754227334038,0.08119172915726841,7.318064789681802,-0.6298445786088175,0.074562944673701,0.25357123898215406,36.087436124251404,7.306400986801519,7.329728592562086,1.003192762866794,0.003187674123008338
1004,318,11,1,0.024989876033339076,0.056898423598846934,7.469719156810154,-1.163145404361711,0.04139120826384604,0.1818350026485424,66.64332262704279,7.414747452300589,7.524690861319715,1.0148276673920988,0.014718546535834622
1005,319,19,1,0.03590384272669243,0.041124500844847985,7.500846816678487,-2.069510229607752,0.05647941287285321,0.1527440626067265,118.57420182734752,7.4920923604928955,7.509601272864076,1.0023369856548363,0.002334258090999645
1008,320,23,1,0.02962321398827759,0.05109648351118284,7.3097275120607055,1.5635299168455488,0.050250842220668696,0.13139382041706127,-89.58366538261137,7.352025579377851,7.267429444743558,0.9884934928856095,0.01157309003580679
1009,321,1,1,0.034025241080601114,0.0755836036054043,7.300412376388139,1.450704048895524,0.05504003604159814,0.18145460006979414,-83.11921931384161,7.290210075981185,7.310614676795092,1.0027989043664371,0.00279499290751056
1011,322,19,1,0.02560937854053959,0.04960348512366201,7.4035009595370695,3.110540055467958,0.041617243142174985,0.1397989030053572,-178.22081718055475,7.397396878356235,7.409605040717903,1.0016503322131312,0.0016489715377075874
1013,323,29,1,0.02282144963600871,0.06483010930094044,7.570503171221607,-1.8763761141063453,0.036020938667547374,0.14746619292800325,107.50843211820953,7.6950526675972934,7.445953674845921,0.9676286825429681,0.0329038885682386
1015,324,7,1,0.02252283033785778,0.047550238897513704,7.496003289968064,-2.185433419702184,0.03725356204061654,0.1273329284611127,125.216111357235,7.387719989257736,7.604286590678391,1.0293144030547392,0.028890942685482403
1017,325,19,1,0.030570418767176737,0.0812430170843297,7.472937107853028,1.6874416141555373,0.05146791675931122,0.1510886866179845,-96.6832826646316,7.376739172385075,7.569135043320982,1.026081425198839,0.02574568314427874
1020,326,29,1,0.023957079273053256,0.056916396907501374,7.2977525106207075,-0.23162900367369096,0.03839151944914807,0.1396242184627,13.271364326360734,7.204325709811089,7.3911793114303235,1.025936306761474,0.025604266703659683
1022,327,26,2,2.767280315293159,0.4686305244168822,11.093318470071445,-0.9791996579554216,4.147685783936673,8.400238705687407,56.11047806200598,16.193327238257947,5.993309701884944,0.3701098368299074,0.9194739665945344
1024,328,11,1,0.025351644867100814,0.0595283605755041,7.592372880087032,-1.2846489536152494,0.03846298225350486,0.13710617476964615,73.60496319551088,7.686402438400235,7.498343321773829,0.975533532347085,0.02476947847485733
1028,329,1,1,0.03381537263817578,0.059670686722189996,7.428837299511567,-2.715553806762396,0.05536675082663628,0.18637452241949184,155.58977216016206,7.433751526819124,7.42392307220401,0.998677860757162,0.0013230138471009953
1034,330,11,1,0.02677829397835324,0.06660108810876497,7.381006119873584,1.9497699316264836,0.04479609028034193,0.22201270126296085,-111.71358810682935,7.424224985622461,7.337787254124707,0.9883573394306953,0.011710833197254477
1037,331,11,1,0.03909543426138077,0.06708515599598902,7.443046481510946,-1.762933629734169,0.0659369727788629,0.23040647147059262,101.00865656217245,7.3603891260289425,7.52570383699295,1.0224600504312191,0.02221062455738529
1044,332,13,1,0.02707717377797311,0.06326334900673042,7.57112504015491,1.0411753941007538,0.04578740058051365,0.13978788377186344,-59.65495581295603,7.606273223801848,7.53597685650797,0.9907581064700773,0.009284798087608865
1048,333,11,1,0.037809509716086265,0.07166392552135377,7.5364624882628934,0.12047382263383516,0.06536594091542214,0.20898642834254252,-6.902641591122318,7.450106045784626,7.62281893074116,1.0231826075890904,0.022916970027451657
1050,334,13,1,0.03170990950595318,0.06285745609056742,7.427414238908246,3.1325444184718996,0.055449985898128606,0.21145461561206888,-179.4815743208711,7.426753649566612,7.428074828249882,1.0001778945075614,0.0001778786857408485
1054,335,23,1,0.025541919523929795,0.045236423841700436,7.579179546880421,-0.8965270410917329,0.04172601688947746,0.13945842728863359,51.36721567168892,7.539782866602635,7.618576227158206,1.0104503487633028,0.01039602770566407
1058,336,11,1,0.025989037454320168,0.06782870194671867,7.353481850855096,-0.9220271110684232,0.041066240338638794,0.1360068088204052,52.82826206286344,7.302224278721358,7.404739422988837,1.0140388928570994,0.01394103451218259
1061,337,1,1,0.027400991505026315,0.06747032007134494,7.551672361227211,0.07247116068302466,0.045914983675246754,0.16495910729580246,-4.152291648106764,7.554363435168004,7.548981287286417,0.9992875444863387,0.0007127094005323516
1062,338,28,2,2.763619719406749,0.46797919743455013,10.96512820015693,-0.8831023044399938,4.142207772900032,8.41039481336118,50.60447960398729,15.997346562407204,5.932909837906656,0.37086836962378716,0.9178585549375072
1063,339,13,1,0.015401165916892447,0.06204869496632553,7.425429142653348,2.639173887199955,0.025342875129541483,0.12387884838213122,-151.213525137353,7.458677181983203,7.392181103323494,0.9910847356659523,0.008955183246950832
1065,340,11,1,0.03024360821208701,0.06895841129880491,7.394415742791266,2.7472138306010283,0.052438327452895235,0.15940488184863122,-157.4037579074777,7.453979478200794,7.334852007381737,0.9840182722306324,0.01611046429668136
1069,341,13,1,0.04016098861201676,0.07176494805753314,7.499105767232561,2.1807556383112567,0.0615612362706449,0.209109655020276,-124.94809422423594,7.4730839703259715,7.525127564139152,1.0069641387705308,0.0069399733019616
1073,342,11,1,0.03462639941060956,0.06891797484487144,7.407532459216438,-0.2752468889791623,0.05775639402932787,0.15395266105314226,15.770485067249,7.357430341291712,7.457634577141165,1.0136194610347966,0.013527343471141819
1085,343,7,1,0.017013092468839475,0.07562634934998158,7.461643306704201,0.10651241337880717,0.028723153115584075,0.11865016405970191,-6.102711751947818,7.479081760787666,7.444204852620735,0.9953367392839869,0.004674159127332471
1088,344,13,1,0.04399715877089206,0.05803023028335821,7.498924057140229,1.956097462758507,0.06886814869157866,0.21780854620500964,-112.0761289538877,7.522943197739889,7.474904916540571,0.9936144298931102,0.006406023161893152
1089,345,11,1,0.020976801805515956,0.06223987669467533,7.6542405420645085,-2.2456625772063274,0.037295008375483184,0.13264815393320237,128.6669878845662,7.687311431972948,7.621169652156067,0.9913959801938315,0.008641194309663213
1090,346,19,1,0.027240790824579753,0.05851315813510947,7.566033195037362,-1.140669692972528,0.04485588667713486,0.15474276321861158,65.35555922136774,7.654898640595009,7.477167749479716,0.976782071264437,0.023490630629517794
1093,347,11,1,0.03456973927749398,0.05506030480212642,7.358585754986858,2.57924129320397,0.05276118854049978,0.1638832052993346,-147.77964044836324,7.390368309378834,7.326803200594879,0.99139892544959,0.008638223552790323
1094,348,13,1,0.02568376363339484,0.0656828544868517,7.48804402146885,-0.9201849930250039,0.041811273884432835,0.1289559314077302,52.72271646978665,7.503285161373684,7.472802881564016,0.9959374754985205,0.004070793350342592
1098,349,13,1,0.044423476786536374,0.05667928020768144,7.466555809819577,2.474580372594898,0.06421984512778879,0.22483263634437228,-141.78301142297866,7.480985810800446,7.452125808838708,0.9961422193957282,0.0038652362209337845
1100,350,1,1,0.03195890859107623,0.06260998329819215,7.508941956431867,-0.5200095619154266,0.04995989271087184,0.1560198627877128,29.794353208396064,7.558415321992017,7.459468590871718,0.9869090640160507,0.013177186838625813
1105,351,13,1,0.03317562232801726,0.061628461226128306,7.416941047208328,-1.568085786924769,0.05532709336090246,0.15720959732553233,89.84469751199927,7.435169960930736,7.398712133485922,0.9950965710755252,0.004915480278562657
1106,352,1,1,0.043481191560646296,0.06604849357286556,7.466360180955046,0.3981007526676357,0.07168070384563087,0.2192881237641723,-22.80949297090467,7.448467014517363,7.484253347392732,1.0048045232402345,0.004793009178240764
1107,353,17,1,0.028550875477326026,0.058844411780640746,7.4436217847104595,1.4486286341790204,0.04464308382332401,0.1428166029579604,-83.00030681930129,7.409248036687586,7.477995532733331,1.0092786063721089,0.00923575888648125
1109,354,29,1,0.02667269553651062,0.06923575621180297,7.41677842867488,2.330123529139574,0.040277474992206436,0.13648832758779159,-133.50624396138167,7.446809855518415,7.386747001831348,0.9919344182472233,0.008098240262220996
1112,355,7,1,0.030806852162256412,0.052375302359447505,7.416049708871465,-0.6117150861943385,0.0496278862778369,0.14778099115408375,35.04869270408894,7.476342126788609,7.355757290954322,0.9838711453021636,0.016259982142519523
1113,356,17,1,0.03596929826031001,0.06548522337772761,7.411399304593155,-2.112233629524747,0.05840698004744555,0.18870413490045695,121.02207232925927,7.505183495048338,7.317615114137973,0.9750081552257694,0.02530809273683597
1116,357,17,1,0.03268394059851283,0.05942428777952675,7.361993441883039,-1.029507106110736,0.05729799654634761,0.18853839056357435,58.98641214833885,7.348079555699466,7.375907328066611,1.0037870809857468,0.0037799235474498044
1118,358,17,1,0.035238194916044394,0.05940702067540643,7.5339814828937754,-1.7121596006068325,0.05458523172004528,0.18385753859493711,98.09951896940453,7.4854257695219095,7.582537196265641,1.0129734005431108,0.01288978834952375
1121,359,19,1,0.020638593963257318,0.054117467370223965,7.539425039876168,-1.1778491400428823,0.034184562933301695,0.14989196087516612,67.48578462676069,7.532286960490054,7.546563119262283,1.0018953285830867,0.0018935341483895642
1129,360,1,1,0.03314404169575117,0.05842248268103987,7.412768707267663,-1.518524318050933,0.05196592257212455,0.16678611176694685,87.0050345078113,7.424230428995628,7.401306985539697,0.9969123475254212,0.003092426643968589
1130,361,17,1,0.03370609013976472,0.048826860648051765,7.494847971836303,2.001266657234579,0.055420790800719634,0.17370640479760338,-114.66413314993521,7.460183721534649,7.5295122221379565,1.0092931358249506,0.009250154354541454
1137,362,28,2,2.767900859343274,0.4802776003208543,11.497797687246997,-2.7121283059411545,4.148614558565233,8.413471812435183,155.39998015051398,16.911948227074742,6.083647147419253,0.3597247972696485,0.9417717526605905
1140,363,8,2,2.7689503595092013,0.4827181303189664,11.711254436142017,0.2079017789880665,4.150185108716787,8.412380688147897,-11.905412401176601,17.25430880235523,6.168200069928801,0.3574875203976201,0.9466200903477658
1142,364,19,1,0.026113221984976877,0.050509104720762754,7.507133081557123,1.1169044570999707,0.04264391711590404,0.1419717869696942,-63.993911508704755,7.517770164440852,7.496495998673395,0.9971701494855371,0.0028338602148563477
1144,365,26,2,2.7635486701855756,0.47325465255034743,11.32129889957752,0.8171719392061264,4.142101439614263,8.406274464010867,-46.81405907257635,16.576836143757813,6.065761655397231,0.36591793529197425,0.928433617166739
1147,366,17,1,0.03072805842509221,0.05772366184097049,7.3550864781651635,-0.903503029124231,0.04830477124830372,0.14559522952161436,51.76691034114343,7.378647701764732,7.331525254565594,0.9936136743338664,0.006406783569306646
1148,367,17,1,0.029162049675117596,0.05752253016815208,7.541061996876408,-0.35987581676455244,0.04854818840533979,0.16736072751742107,20.619365455100432,7.525307747089073,7.556816246663742,1.004187004788855,0.004178257596572001
1150,368,7,1,0.03157231119526248,0.06031517066947164,7.328542115604496,3.093635647750923,0.05313825964970502,0.17787272302900423,-177.25226597476308,7.250495086703742,7.406589144505251,1.0215287447181036,0.021299469299513388
1151,369,13,1,0.03897094039755337,0.05623743110796232,7.488744887945317,-1.6950277654339103,0.06537831182018054,0.182321095635545,97.11793713175638,7.481025181902968,7.496464593987667,1.0020638096663605,0.0020616822065272233
1158,370,29,1,0.024628999701201693,0.06559641374245048,7.556129871481278,2.4624945233406925,0.04168207441571796,0.15873379052416184,-141.0905432625681,7.604840574550737,7.5074191684118174,0.9871895531294981,0.01289302960588493
1164,371,17,1,0.038185312860977386,0.06724040498691435,7.513928204557372,-2.026500952146298,0.06082772558499371,0.21866164074076502,116.10995174927444,7.487588070511403,7.540268338603341,1.007035679259575,0.007011015630943437
1165,372,17,1,0.021856213098156437,0.06426458910800996,7.488131858597272,-1.0896157269965956,0.03590909288293956,0.1387819740530065,62.4303824461756,7.526398632782825,7.449865084411721,0.989831318788013,0.01022064645980211
1166,373,29,1,0.01873144233364364,0.055990605853771254,7.431465323783394,-0.3661825663553945,0.03002160837372195,0.10437247655098483,20.98071558405482,7.4790863097604285,7.3838443378063605,0.9872655605231117,0.012816042032687557
1167,374,7,1,0.020235666526511466,0.06447043864656568,7.564248306962096,2.839452502802031,0.0343378391899817,0.14428985309866024,-162.68864453694152,7.525509969580531,7.60298664434366,1.01029520591645,0.010242481687416273
1168,375,29,1,0.03194968366637807,0.0585362448789352,7.399770257502738,1.0949242344878138,0.05229167461279939,0.18448047802782036,-62.73453751412542,7.320569264706285,7.4789712502991925,1.0216379327706917,0.021406338316017463
1169,376,11,1,0.025556339835470683,0.05595515688487856,7.587390605740398,-2.2846019085634977,0.042911175142184003,0.13753287913017664,130.89804723130413,7.537803548123321,7.6369776633574755,1.0131568983724504,0.013070912041765989
1175,377,2,2,2.7684448860636657,0.4724986822585735,11.3494764431957,-2.723213045001607,4.149428569514813,8.402565095171077,156.03509272945607,16.611055173671854,6.087897712719543,0.36649674864536735,0.9271932069836768
1176,378,19,1,0.021941484572337123,0.05520654794759238,7.5652082413205335,2.4090990200067766,0.03783515398123489,0.11058225265115673,-138.03120627467064,7.607507584284705,7.522908898356359,0.9888795791537419,0.011182598446699053
1178,379,29,1,0.020279451435821206,0.06353456719656793,7.6574851155795445,1.6200474491678765,0.03199750345453059,0.14290067609653415,-92.8218814485073,7.609705043012719,7.7052651881463685,1.0125576674251513,0.012479311900878249
1179,380,23,1,0.03882203244932947,0.06729374932827298,7.518425754274871,-0.16094269155927726,0.058398643225482924,0.22098755696870187,9.221336977322265,7.5999579561834825,7.436893552366259,0.9785440386963521,0.021688636577212646
1180,381,14,2,2.766818032269357,0.473864990155254,11.409470817018939,-1.5713547421750687,4.146993751100095,8.389417070270268,90.03846194364088,16.718324641049666,6.1006169929882175,0.36490600128729095,0.9306047421781858
1181,382,4,2,2.7640024043762823,0.46918640010213625,11.082564010265893,1.3648407628809514,4.142780349455412,8.398970527535232,-78.19316807728364,16.184399446406257,5.980728574125527,0.3695366389052852,0.9206958663021452
1182,383,23,1,0.039444455250272605,0.06033243950009208,7.449495604707263,1.7687724441176975,0.05972807581173206,0.17356883502778883,-101.34319596775738,7.465886916285541,7.433104293128983,0.9956090115582853,0.004400650043453067
1190,384,2,2,2.7559096871904107,0.4703862430760611,11.033682416756465,0.6743423341887171,4.130669979911079,8.406102055845723,-38.64336051141501,16.117905830755834,5.949459002757091,0.3691210921089056,0.9215823370587758
1194,385,1,1,0.02477174241184001,0.06493039446300554,7.5355003064745585,2.840417098247659,0.03958919614770209,0.14323452180020346,-162.74391178475716,7.552903839232545,7.51809677371657,0.9953915651176207,0.0046190782430290764
1199,386,29,1,0.031614582667184664,0.0548184676856672,7.461545205811906,0.8482334950222876,0.052078514257406915,0.13938011992300028,-48.60019930142937,7.449492316926672,7.473598094697141,1.0032358953798364,0.0032306683274789545
1205,387,23,1,0.02986535987794907,0.06245015562150932,7.487471990196363,1.2855038162507422,0.0511595767613751,0.16683326621325226,-73.65394321168948,7.441070872335088,7.533873108057637,1.0124716236835718,0.012394334942963301
1210,388,19,1,0.033622812794890065,0.06277763893231081,7.551961344272352,-0.5458200183682125,0.05472799870665537,0.15569096181803263,31.273183433293934,7.582712965055716,7.521209723488989,0.9918890188973051,0.008144009054465396
1213,389,7,1,0.024928295946008386,0.08101991702223932,7.347266728779408,3.0385305141439773,0.037904833842908166,0.14511650205953,-174.0949743834753,7.393530277787327,7.301003179771489,0.9874853967537239,0.012593403973399657
1214,390,29,1,0.032668452284840666,0.047285723474914235,7.451391598564223,-0.9067742026625395,0.052584077254155946,0.17191972593703417,51.95433477549093,7.418509109417487,7.4842740877109595,1.0088649858514007,0.008825865266045684
1217,391,11,1,0.01700730130932547,0.053001085070453174,7.646054345618955,-2.244008811903441,0.032604093168701935,0.11400452288390063,128.57223411278983,7.558297846976659,7.733810844261253,1.023221233250923,0.022954714856971887
1219,392,7,1,0.028332895736738146,0.05443864558519347,7.396729492380587,0.5276064665230685,0.04686323066528499,0.1448757027439569,-30.229623774630927,7.380234604639526,7.413224380121646,1.0044700171809418,0.004460048933262055
1221,393,29,1,0.023617160467725613,0.0556343592243518,7.452456672447469,-0.8909878445783513,0.0393240370115799,0.16646985778208978,51.04984308862765,7.447278225854595,7.457635119040343,1.0013906950796858,0.0013897287352287386
1223,394,29,1,0.03362062665219702,0.05423126001539558,7.485275876702362,-2.2485280811334944,0.053923709966492664,0.1391326943318745,128.83116916675618,7.429466357158863,7.541085396245861,1.0150238299389356,0.014911813662661094
1229,395,29,1,0.03447952273863884,0.0589833728969984,7.524231407120838,-0.014256441102987521,0.05442975631719345,0.1992239026658661,0.8168339102965977,7.487737876384809,7.560724937856866,1.0097475449430793,0.00970026804372113
1230,396,7,1,0.03028797575183238,0.060785570762864935,7.456068955763107,0.46147188436628594,0.050708789437416274,0.14973737833705889,-26.440391345385567,7.462173649385977,7.44996426214024,0.9983638296534761,0.001637509969150704
1233,397,11,1,0.02697329546808238,0.056466394400099144,7.507026045939028,1.7439436730238846,0.04312466001221484,0.13898051097709238,-99.92061217612358,7.528868095517132,7.485183996360926,0.9941977866258255,0.005819095190143495
1234,398,11,1,0.032144534394000016,0.07815217588201877,7.462075047378632,-2.4050818832416194,0.051137617329379444,0.21642562753643863,137.8010412913344,7.484036515652507,7.440113579104759,0.9941311167501808,0.005886155830498892
1236,399,19,1,0.02947103686598154,0.04537437064427674,7.305733351981098,2.154776285830011,0.048977518072288714,0.1637443071943171,-123.45958698004019,7.256793182549232,7.354673521412963,1.013488098172497,0.013397743135148587
1239,400,29,1,0.021082011765959304,0.06090819614715904,7.650359606962652,1.4822254161426134,0.031426425630093985,0.12937226925599102,-84.92526063155816,7.55947382297981,7.741245390945495,1.024045531768775,0.02375987238563961
1246,401,29,1,0.03244711722255909,0.04874456824190728,7.52298401372652,2.4107409648725593,0.05381542210644739,0.15829123085646588,-138.12528277901237,7.572819180054014,7.473148847399025,0.9868384111273236,0.013248776346344734
1249,402,29,1,0.03996996404527381,0.06511083918058888,7.411887963845912,-0.1907734504768297,0.0630259476755918,0.2077388463547204,10.93051357184447,7.42405234250366,7.399723585188161,0.9967229814401747,0.0032823967974382443
1250,403,29,1,0.02111847595522037,0.06603901083102334,7.534327876330777,-2.561724857996915,0.03632302284631179,0.14413421236996346,146.7760226359936,7.560392955272424,7.508262797389128,0.9931048348688091,0.006919019020537132
1254,404,19,1,0.03406071330987082,0.06221988079908976,7.462609963285394,-2.537950787853076,0.05278410614795159,0.1724944622569358,145.41386875238942,7.473780165229531,7.451439761341258,0.9970108294070238,0.0029936448505527343
1256,405,23,1,0.04182341781393975,0.05938102560297787,7.524114054632493,-1.0927128026994202,0.06825602973127458,0.2289032570805828,62.60783179493275,7.510162281016265,7.538065828248723,1.0037154386534353,0.003708549209893869
1270,406,29,1,0.03228649967641967,0.06954741297083442,7.551077125667326,1.861916012085248,0.0544816102851315,0.18604008708641562,-106.67992930789642,7.468366148629301,7.633788102705349,1.0221496845205438,0.021907067206842844
1271,407,29,1,0.021388238560281988,0.050163461514102906,7.530529200315567,1.6057392872560143,0.030272752197171227,0.12554094091470247,-92.0020841582133,7.530877294087635,7.530181106543498,0.9999075555852326,9.244868794984094e-05
1272,408,29,1,0.027288089994822105,0.042495371881543356,7.490535347700338,-0.7344010101910975,0.04783187019814143,0.10568179614390551,42.07807835449758,7.390663833652943,7.590406861747736,1.027026398790495,0.026666055071232767
1273,409,23,1,0.03252834440057171,0.05157127526914732,7.497143516077645,0.5644384259821366,0.05164871919426353,0.19702165644868996,-32.33993961128153,7.4694129094483,7.524874122706992,1.00742511010317,0.007397645935382598
1279,410,7,1,0.031631991238958906,0.052134156586286166,7.42943420574466,-1.970164471451694,0.05183662855528376,0.15443961820904287,112.88210916853178,7.4362752798704745,7.422593131618845,0.9981600804520152,0.001841613758561909
1280,411,19,1,0.021977347985808214,0.052602630727383214,7.581063010776023,1.0631003972220299,0.0364421808106764,0.1560426265301653,-60.91116595818217,7.560652693459682,7.601473328092367,1.005399088714655,0.005384552875323827
1283,412,1,1,0.029926082235544365,0.07003393308571189,7.477824556550719,-0.9014026206915955,0.05010830079054156,0.13339033701333555,51.64656580552446,7.584041771084909,7.371607342016529,0.971989285465395,0.02840858694421806
1284,413,29,1,0.037238263609034636,0.07245856278822221,7.473510918100407,-2.9684910827368567,0.061474074253582714,0.15365098835084928,170.08201056521156,7.481739386894073,7.465282449306743,0.9978003861486865,0.0022020356653888735
1286,414,13,1,0.03560341492862067,0.07396281345397147,7.385751522587011,0.4529095127592503,0.05503865483834785,0.16584665568418908,-25.949803589623375,7.418841394579408,7.352661650594616,0.9910795041348173,0.008960461746161096
1287,415,7,1,0.017434716115104866,0.05008205920671067,7.517526215039933,1.3706104423116356,0.02712389014065417,0.1068569810098066,-78.53019370001363,7.555622955168398,7.479429474911465,0.9899156587472628,0.01013544590034105
1291,416,13,1,0.030170218650642844,0.06564920749623304,7.570986440895198,-0.8512031788859998,0.04657128348283617,0.150752926050867,48.77034965628342,7.580653954037095,7.561318927753303,0.9974494250230884,0.002553831846713308
1292,417,8,2,2.7642756415324246,0.4734254942622471,11.510150938499153,1.4602412499315949,4.143189177178552,8.394892068859395,-83.65921143212607,16.858836709065294,6.161465167933013,0.3654739217338694,0.92938586107952
1293,418,7,1,0.04087723323816062,0.08483708586041365,7.61230554525483,2.0467347622724774,0.06381255072978878,0.25306569258411926,-117.26926367268435,7.522158296135187,7.702452794374474,1.0239684530877156,0.023684611339816045
1295,419,2,2,2.7555448903576902,0.47665039721528935,11.39915989343567,-0.9561993444509412,4.130123655387822,8.37547105620696,54.77979854403448,16.729631937317034,6.068687849554305,0.362750828726693,0.9352394551375623
1296,420,7,1,0.02640067595217017,0.05973540191423745,7.6742367276348435,-0.829597859181637,0.04461021596181639,0.14562306649077314,47.53245602239495,7.732369287879152,7.616104167390533,0.9849638427550441,0.015150056561318867
1297,421,19,1,0.04454069241579161,0.07364158034743101,7.351984978237339,-0.8643085501408168,0.07117897797251396,0.26500114687068105,49.521232096831476,7.336341507226629,7.36762844924805,1.0042646518009832,0.00425557752280971
1299,422,1,1,0.03494914851633144,0.06704140340644982,7.41586531053347,-2.663286621539439,0.05249139207442772,0.20521486158968774,152.59508304592754,7.461941985251233,7.369788635815707,0.9876502189888813,0.01242651337054777
1301,423,28,2,2.7700983368544345,0.47354748079505776,11.797345774926564,-1.5730920377233724,4.151902766121613,8.390804246118202,90.13802471128834,17.282113481445997,6.312578068407132,0.3652665558054742,0.9298307960382851
1316,424,1,1,0.02262351734997057,0.054591812547957946,7.621650092429877,-1.6876446388590667,0.03542008112716471,0.11628387224404568,96.69491512532358,7.658891678420411,7.584408506439344,0.990274941191435,0.009772578257698694
1320,425,29,1,0.02940838217129322,0.06010211142273518,7.411639688920979,-2.4255975932160228,0.047155171875880676,0.17605597218993393,138.9765048923807,7.495179866155633,7.328099511686324,0.9777082928691602,0.02254296774829226
1322,426,7,1,0.03030743135856541,0.05159329660265051,7.394217023902109,-0.1546740184842502,0.04610906383599074,0.14018470822502185,8.862168459558248,7.3170775698062345,7.4713564779979835,1.02108477144323,0.020864806604003666
1330,427,29,1,0.022646192769650894,0.04980528465927214,7.5498243963479545,2.204781914898122,0.03729314197087375,0.12487684234826499,-126.32469847119756,7.542282121093639,7.557366671602269,1.0019999981791243,0.001998000180762675
1332,428,23,1,0.03752540257807936,0.06076951252259929,7.443013373820234,2.3146575032691246,0.058162978020895505,0.22152273897551922,-132.62010595746614,7.454736645407957,7.431290102232509,0.9968548126794137,0.003150141212686457
1336,429,7,1,0.02530245607993314,0.04652683633495359,7.586154868539612,-0.3028861335716199,0.041161927813803664,0.1374852738888249,17.354097130705608,7.51710873474359,7.655201002335635,1.0183703964469466,0.018203196478986272
1337,430,11,1,0.032400756874857675,0.08156966474014239,7.5335716512243796,1.6916040027936754,0.059188971524264694,0.19612414403212328,-96.92176997683525,7.550376887047832,7.516766415400925,0.9955485041144684,0.004461425895039348
1338,431,23,1,0.02598684509103474,0.05384957833113322,7.455567138494107,0.911943921319376,0.04257351115778373,0.11466268535690062,-52.25053784169295,7.465562528223322,7.445571748764892,0.9973222674938619,0.0026813224382642984
1339,432,19,1,0.023413153477949058,0.05731494046522581,7.5116835666486725,-2.7533962442567352,0.039194040300352874,0.11899882545286777,157.7579841207572,7.4772634846506305,7.546103648646715,1.0092065986623848,0.009164412130155397
1341,433,17,1,0.0405736019888987,0.05638246400610639,7.456385456535427,1.464738211594229,0.06429675623568396,0.18197358384480894,-83.92331761427185,7.490468402135752,7.422302510935101,0.9908996490551625,0.009141948414282284
1342,434,17,1,0.0367070638937067,0.05804770670909574,7.440580459847369,-0.3513118107827476,0.058198704639811104,0.20524769832431944,20.128684062791287,7.344119862385198,7.537041057309539,1.0262687971519142,0.025928245244497803
1345,435,2,2,2.763468149571714,0.47265291692677996,11.401499770916274,1.1261066591652065,4.141980800383044,8.385261462908389,-64.51471523845237,16.689950607087468,6.11304893474508,0.3662712418183637,0.9276763482750464
1351,436,11,1,0.018953034441380086,0.04345778127765042,7.719353349240241,-2.6814668186152915,0.03110959315072684,0.0978628807011513,153.6367316103037,7.75352493660966,7.6851817618708225,0.9911855349279729,0.008853484436693617
1353,437,28,2,2.7649539204804587,0.4689930885206353,11.069278306150393,-0.09949906303291084,4.144204286282387,8.398584756683238,5.694422366308476,16.16287945986251,5.97567715243828,0.3697161243624787,0.9203131428870065
1355,438,29,1,0.042570156177208086,0.062460539155005004,7.362972931872919,1.273667446439981,0.06902626372251912,0.23485919030488936,-72.97576916426831,7.358217136595655,7.367728727150185,1.0012926488003766,0.001291813869552142
1356,439,11,1,0.036013917759075,0.08209917978277141,7.44052411417824,2.7539964722674286,0.0640640799543221,0.1830725661778908,-157.79237464564764,7.504544052898462,7.376504175458018,0.982938353544478,0.017208448689314586
1361,440,29,1,0.04541308662687957,0.07786545973613304,7.402550780729316,2.3887326118031766,0.06969588556545503,0.2754776029259817,-136.86429702497648,7.39841928901201,7.40668227244662,1.0011168579546283,0.0011162346168728922
1363,441,23,1,0.02027101741655943,0.06481762025734501,7.645997788142991,-0.7144516916736904,0.03570218377261673,0.10353196670511061,40.935066598709476,7.339801155347697,7.9521944209382855,1.0834345853013205,0.08009330927877793
1364,442,17,1,0.03346035617278076,0.06653507221317721,7.444403855588798,0.29574048507192874,0.057453715126832915,0.15076752691538103,-16.94468162973998,7.498781583945079,7.3900261272325185,0.9854969163329939,0.014609021598272601
1365,443,14,2,2.766413238788263,0.46659954702535944,10.956084960450482,-1.60977819224551,4.1463881098559074,8.388591986576321,92.22703211616552,15.973186442451787,5.938983478449174,0.3718095634735217,0.915856622162415
1366,444,17,1,0.024147699048117668,0.05608787715970302,7.497709116589787,1.1994163039272372,0.04148400730911865,0.12872319035439722,-68.72149209082178,7.426321073530005,7.5690971596495675,1.0192256818289835,0.019042628074707444
1369,445,23,1,0.02348920684274455,0.047347633489877625,7.529205251424568,1.480851939232913,0.036089587265884286,0.131914380762193,-84.84656620009851,7.6093376165924065,7.4490728862567295,0.9789384124596845,0.021285743313393408
1370,446,8,2,2.758463484577112,0.4769033584144333,11.465538498563566,1.1262032812988327,4.134491734635109,8.368692006846787,-64.52028627591613,16.825906856558227,6.105170140568902,0.3628434528145086,0.9350399649639177
1380,447,11,1,0.0315838024808181,0.0647263465412584,7.513761695821256,0.6529208678134992,0.05197511895864292,0.1799788632255968,-37.409610085131746,7.545945706329612,7.481577685312902,0.9914698536774896,0.008566683855905106
1381,448,13,1,0.0320760660460765,0.06330046772349242,7.440391962014241,0.23881833098927274,0.05041325161170528,0.18191640485012078,-13.683282440441898,7.449582272594209,7.43120165143427,0.997532664183392,0.0024703834493906367
1384,449,7,1,0.025383067547977912,0.06968119105688651,7.4494471348744025,0.9851209086685891,0.04002461199952218,0.15137806433421871,-56.44327037766054,7.469937150939287,7.428957118809518,0.9945140057671549,0.005501083689542733
1385,450,11,1,0.04645703828117974,0.08103864990760105,7.481279469423985,-1.0965433064600367,0.0758284764764351,0.2419218312418827,62.827303488767825,7.4942910595086785,7.468267879339294,0.9965275994803582,0.0034784397877049606
1387,451,11,1,0.035892144768851844,0.052479822275761735,7.4768515195215945,-2.700611175766074,0.05656407469810689,0.16809586056213444,154.73362246749247,7.560323831157614,7.393379207885578,0.9779183237384589,0.022328198284552604
1388,452,23,1,0.021459653102352264,0.046746357652871044,7.530444161056853,2.3591548267921456,0.035637777030218344,0.09029969323602002,-135.1696147936142,7.510211145668142,7.550677176445565,1.005388134899611,0.005373657902768852
1390,453,7,1,0.03615802198997551,0.07472975635929795,7.420108634003089,1.9688439771789785,0.0574579325008439,0.23685432307003326,-112.80645042040314,7.3983908287087,7.44182643929748,1.0058709537782504,0.005853770171198548
1392,454,29,1,0.03316115444023573,0.056378985775019444,7.528258197057132,2.179251052940248,0.053979618979900466,0.17381261555869978,-124.8618878415322,7.518392983875405,7.538123410238863,1.0026242877175713,0.002620848786930707
1393,455,17,1,0.04446209041612139,0.06656975059360884,7.577179848360418,0.48050460710617793,0.0707078068968569,0.2441978224313979,-27.53088604471873,7.603519635290102,7.5508400614307325,0.9930716856947579,0.006952398506255373
1396,456,26,2,2.7728446224128653,0.47604891501138835,11.628185962538403,-0.8223623521353104,4.156012430521739,8.418368205767125,47.1113824832993,17.063569741975147,6.192802183101659,0.36292535950832217,0.9348635800884997
1397,457,11,1,0.032962026427425774,0.05459171009038486,7.436934350221824,1.9465326430610146,0.05333052649230876,0.17400552576977077,-111.52810514140116,7.35636462285875,7.517504077584898,1.021904767230465,0.02166745693019897
1400,458,28,2,2.7567970469924705,0.4730368921951066,11.264173546617275,-1.9021912539695658,4.1319976732789465,8.382523476147652,108.98113370879926,16.488059183428938,6.040287909805612,0.36634317251094706,0.9275222217044833
1401,459,19,1,0.04739211197182151,0.05691537357735812,7.498672514850602,0.31178488367867496,0.07771534259234196,0.25107268733355564,-17.863957980109678,7.481171873742166,7.516173155959039,1.0046785828219937,0.004667663796165889
1403,460,7,1,0.03383219429662525,0.06434201079544469,7.520395247194565,-0.13820163079099573,0.05351602240733931,0.16950206102158166,7.918370167315812,7.520834003784855,7.519956490604275,0.9998833223575818,0.0001166844496513898
1404,461,7,1,0.04099679015932458,0.0727078293531163,7.369140031333982,-2.0894631778378954,0.06307719853340413,0.2072895490975046,119.71742153927988,7.301744814913832,7.436535247754133,1.0184600306169276,0.01829120253749622
1407,462,19,1,0.038750312088338124,0.06137032175475726,7.400001891545274,1.8041375302596458,0.06759800926394166,0.26310690289216154,-103.36946616319615,7.3728836421652915,7.427120140925256,1.0073562124932758,0.007329254715722605
1410,463,11,1,0.027822969490946547,0.0659798414547328,7.405335281101308,-0.42045773561967525,0.04704403610666416,0.14329970798808006,24.090453720089204,7.509626393041523,7.301044169161096,0.9722246869599663,0.028166479431760028
1411,464,17,1,0.036547920062908704,0.07893166022545248,7.511458084645388,2.6337808190845973,0.0576709091982279,0.24533718907285074,-150.90452509509387,7.51550089033331,7.507415278957468,0.9989241420506992,0.0010764369959502433
1413,465,23,1,0.021183184387990182,0.058999569216700014,7.4569974163125945,-0.74522858865407,0.03602824051326775,0.14549831678600147,42.698452903685975,7.442828948356341,7.471165884268848,1.003807280284033,0.003800046363234516
1414,466,7,1,0.027175837867602807,0.05932629669653196,7.510624626525591,1.07139585795259,0.04341470740590924,0.1381570992280584,-61.38646084612843,7.608999646658491,7.412249606392692,0.9741424563802941,0.026196228682622332
1419,467,19,1,0.03826354166074343,0.047178118117661386,7.407188973056339,2.3786859383116266,0.05871799402991064,0.17053683955394297,-136.28866505269494,7.429148496490649,7.385229449622031,0.9940882798493845,0.005929246172653855
1420,468,29,1,0.025051934410432394,0.05609176477044164,7.517182518738914,3.1139764807773815,0.03941162126556526,0.13058556654479064,-178.41770984940834,7.481110051088849,7.553254986388976,1.0096436136893383,0.009597337183217678
1421,469,23,1,0.030879645162285734,0.051860448954800444,7.423104258720665,1.7946531998866229,0.051633766561434286,0.18959161580164377,-102.82605405170688,7.443934342992416,7.402274174448911,0.9944034744768103,0.0056122300174570846
1422,470,7,1,0.032070063043267795,0.05505110339506218,7.5145291903203155,-2.1018400634556254,0.052770521889154536,0.14567596658974108,120.42656485332759,7.5974831073044,7.431575273336233,0.9781627900154647,0.022078273936559728
1425,471,13,1,0.03720996727020006,0.06633655988050907,7.382317761887511,-2.1044777076610823,0.06301603148318007,0.1823799444996619,120.57769074026812,7.40595507362312,7.358680450151902,0.9936166742842406,0.00640376437265827
1426,472,1,1,0.03715730650808124,0.0623352204063782,7.458170187839689,1.874434834065296,0.0616398611820876,0.18068147086945144,-107.39720497576867,7.400596280060725,7.515744095618654,1.0155592618757179,0.015439150979106638
1430,473,19,1,0.022974160152606227,0.06186401351304047,7.511711027186371,0.6646224961429472,0.039545346855176675,0.15184720932256793,-38.08006399923513,7.488314499595619,7.535107554777126,1.006248810087241,0.006229347083793987
1431,474,29,1,0.0342426581419173,0.07573858156697282,7.2975460064640325,-2.6710723952709956,0.05195754388951344,0.21084031275961612,153.04117502030104,7.338475776752782,7.256616236175285,0.9888451576229472,0.01121740657818223
1432,475,17,1,0.02169939768642555,0.06725656972090091,7.618199788347857,-1.0618993869982167,0.036757563278891445,0.1161850607933223,60.84235314161016,7.654131921099054,7.582267655596662,0.990611049529432,0.009433234556582463
1438,476,13,1,0.021762070744671215,0.08347354711228201,7.644114696977182,-0.2830203163148888,0.03770374172597994,0.1691286612744628,16.215869643093416,7.765247632218606,7.522981761735756,0.968801269198722,0.031693123414102166
1446,477,13,1,0.03479330880634272,0.061248957208113554,7.474985109975333,2.445234350031554,0.054092625616301175,0.18782674865551768,-140.10160817439495,7.494765236145768,7.455204983804898,0.9947216155417279,0.005292351992524617
1448,478,22,2,2.7645202644499967,0.4726880630829457,11.45062602112559,1.2756346238710385,4.143555344754854,8.399990041994734,-73.08202916499869,16.76217116983114,6.139080872420039,0.36624616287592077,0.9277300889761186
1449,479,17,1,0.029613353777230823,0.059117626906375856,7.389831995249449,-0.6060639009206457,0.04924743787530375,0.17301648134122102,34.72490364506588,7.414007316786655,7.365656673712243,0.9934784737850288,0.00654286093452391
1454,480,23,1,0.030819187876922866,0.05030220059018965,7.412183903257733,0.2129619620098409,0.04859634120557929,0.14453215496008884,-12.201821618077723,7.39137680360397,7.432991002911497,1.0056301011859166,0.00561429665678385
1459,481,11,1,0.03255886556534085,0.050872388942457505,7.4487944512535424,0.8186540135244676,0.05153350850512108,0.15112161033155042,-46.90541985145949,7.524959896760093,7.372629005746989,0.9797565843402448,0.020450408721839272
1461,482,11,1,0.025728084331354564,0.07877148301952354,7.48899881648481,-1.8127833953292178,0.04363854329086048,0.19350157357337106,103.86483772600093,7.560903148605704,7.4170944843639175,0.9809799621268385,0.019202655490508917
1464,483,26,2,2.7645168367479065,0.473075352421681,11.414619763691494,-0.17584802049812331,4.1435501658659035,8.39456325115499,10.081800360729082,16.71414173915609,6.115097788226896,0.3658637029445014,0.9285498921868124
1467,484,17,1,0.025927039452930043,0.06136844509565964,7.483192085041066,1.22991240154522,0.04287035723167605,0.15926936340338457,-70.46878977528665,7.512649419667341,7.453734750414788,0.9921579371056075,0.007872932911921813
1475,485,8,2,2.7691819922352683,0.4750335148059233,11.409166258858466,-0.5821056742024945,4.150531607842613,8.417652698037852,33.345714636850296,16.725851885820944,6.092480631895987,0.3642553260357868,0.9320024805203311
1480,486,11,1,0.022630727581088642,0.08543165648976135,7.45761943165079,2.8844093229568184,0.037758477463425505,0.13580702561756333,-165.26448059180547,7.526410704401125,7.3888281589004565,0.9817200321767963,0.018448587617216874
1481,487,1,1,0.03444548865329319,0.0680633794127121,7.599880855720546,-2.015518668511702,0.054798997649823336,0.17972003091392408,115.48071324282442,7.5234050042973,7.6763567071437935,1.020330116849901,0.02012553956439523
1483,488,19,1,0.048097461769669635,0.0605237849293616,7.437970550237305,0.9536850400523424,0.0759317861402754,0.23183184379080035,-54.642127752254524,7.5030572236496935,7.372883876824915,0.9826506258789456,0.017501191480332717
1484,489,13,1,0.040334161450049213,0.07583208234091995,7.437759938300029,-0.07302252351034273,0.06528241791576565,0.20645273014983312,4.183882422084471,7.416816726129772,7.458703150470284,1.0056474935120001,0.005631591324267112
1485,490,29,1,0.03901385776770521,0.05436217937056663,7.574443980549741,-3.1232597199779795,0.060059664692691105,0.18995355157787994,178.94960027400828,7.572265802130016,7.576622158969467,1.0005753042686676,0.0005751388287559459
1490,491,19,1,0.02235205474977498,0.05499196181451594,7.6011974734939916,1.2260479658466046,0.03803226044654878,0.15075326995604524,-70.24737392038027,7.6549405464931235,7.547454400494859,0.985958591664372,0.01414068590811881
1491,492,13,1,0.02842159354871216,0.06473543738726277,7.315556749924557,-1.0582597352686587,0.045189011516230025,0.1920369283375378,60.633816457567455,7.314469389311582,7.316644110537533,1.0002973177014218,0.0002972735090837084
1493,493,22,2,2.764252029899007,0.4720893605077116,11.24539502712441,-0.34378754004119527,4.143153816209673,8.386131300603012,19.69112599693174,16.456324068600747,6.0344659856480725,0.36669586479291866,0.9267667394355354
1502,494,28,2,2.76702744665746,0.4716289339364928,11.35312957965668,-1.193612295583047,4.147307466588103,8.414485417325807,68.39541549291447,16.60357488111541,6.10268427819795,0.3675524290337635,0.9249335638460147
1507,495,13,1,0.025192538815212287,0.06425361561862823,7.540257127087426,0.6853861679577202,0.04199237616775976,0.11949816677743409,-39.26973476318151,7.700685693593917,7.379828560580934,0.9583339528738462,0.04255254530516527
1509,496,23,1,0.023022157812572008,0.045087283814130734,7.469999380729978,-2.761988992100908,0.0384746569643592,0.12969370825561016,158.25031230669055,7.489866414912126,7.45013234654783,0.9946949563365794,0.005319152832434753
1514,497,17,1,0.034758124532166985,0.059246487922406575,7.3157292792296085,1.4240152912342185,0.05787127014510279,0.172502950629892,-81.59006615358591,7.322811638154002,7.308646920305212,0.9980656722378345,0.001936200385244694
1516,498,7,1,0.05280430710651463,0.05954689313592943,7.402508872544775,0.5872239998346442,0.07927113687256679,0.25316760297733065,-33.6454568376894,7.417232317089984,7.3877854279995665,0.9960299357183987,0.003977960661368901
1518,499,13,1,0.03128588475034954,0.06509775778116202,7.400401233747148,-0.06356154192148807,0.0524624170223383,0.17954745125808996,3.6418080994133604,7.415535029758402,7.385267437735893,0.9959183535778543,0.004089993375559678
1521,500,19,1,0.022282138639561404,0.06585227878053752,7.600368762531542,0.33074177812661004,0.038387822700944665,0.15663279859606002,-18.95010799813508,7.669606542568441,7.531130982494645,0.9819448938736012,0.018219584391280543
1523,501,17,1,0.02988355827262004,0.06350621394311666,7.430161905551498,2.084511349040923,0.04676298310365991,0.13078337010726473,-119.43370264799299,7.361093747588194,7.499230063514802,1.018765732466302,0.01859129285236682
1524,502,19,1,0.04547076971425219,0.06677173635399207,7.472009731185187,-0.6986378498199233,0.0675376865230853,0.22845602307196639,40.02900019224984,7.4771647154166265,7.466854746953748,0.9986211393147966,0.0013798119694422432
1529,503,22,2,2.7638107640753296,0.470432609383041,11.141399472344236,2.4778737104004263,4.142493694403623,8.4215007871517,-141.978151793522,16.28132957411477,6.0014693705737026,0.36861052061222754,0.922672257561384
1533,504,29,1,0.033651454425005646,0.05793638731824936,7.450836909336595,1.7404670536420142,0.05290856261805449,0.1655106389656966,-99.72141656371365,7.394104256873008,7.507569561800182,1.0153453753132713,0.015228531547240185
1535,505,1,1,0.020510821036204274,0.05757864858169036,7.553965673421883,-0.8983541305385354,0.03726794559750852,0.09475175000920937,51.47190018828166,7.306670726561604,7.801260620282162,1.0676901850691858,0.06547420455731465
1536,506,1,1,0.04039884406184614,0.07119780747761732,7.489673088788432,-0.471968756813396,0.06296476225237027,0.22982991843396008,27.041817842758203,7.539259346285752,7.440086831291113,0.9868458544215625,0.013241234139190039
1537,507,13,1,0.03774086144668902,0.05719164459711724,7.408250114740032,0.18548569402596896,0.06195166509012938,0.16508870242743096,-10.627547425584048,7.431159909702335,7.385340319777733,0.9938341267741019,0.006184941006977505
1538,508,1,1,0.023430725034585077,0.06505108094206678,7.472068996022915,-0.5931303801280723,0.040407477423434375,0.13919828059036038,33.983867483780294,7.462173314163891,7.481964677881937,1.002652225147395,0.0026487126562374803
1541,509,23,1,0.028119720770738824,0.056337535314595136,7.455036452686737,-0.5966698411057791,0.04430379603597566,0.13802308874781716,34.186663663241454,7.4110536083497704,7.4990192970236995,1.0118695253499208,0.011799498128842408
1545,510,29,1,0.04829717304798203,0.05869554277857158,7.485748762028753,-1.143601602570746,0.07948337075765723,0.23815672979237704,65.52354524110619,7.5244651766512956,7.447032347406209,0.9897091916266203,0.010344032602037433
1553,511,1,1,0.028812037390421198,0.0625172723395767,7.361436253845384,0.08020445681652306,0.047877806097672254,0.1600472199979211,-4.595376880418321,7.39378722329484,7.329085284395927,0.9912491478392748,0.008789309133134783
1554,512,1,1,0.020036239620903055,0.04543764882955561,7.506231107906359,-1.44997305632052,0.02772315229982783,0.13404493066820208,83.07733653450171,7.5418699485364185,7.470592267276301,0.9905490704896139,0.00949580158610355
1555,513,23,1,0.02694962168893742,0.046865578682355455,7.564975742647279,-0.8460894930152026,0.04386043541171435,0.13109450849779367,48.47735703719846,7.528051991233562,7.601899494060998,1.009809643040913,0.00976176333403461
1566,514,7,1,0.026921252142550357,0.0418000726399625,7.511873013236291,-0.30296170764765834,0.039029274037274006,0.1697151046150316,17.358427203344018,7.586482838184051,7.437263188288532,0.9803308525072421,0.019864506446339917
1576,515,23,1,0.03282609281871858,0.05788814750185143,7.356875795977191,-1.1666389438150904,0.05414262670155147,0.15426922528901918,66.84348769020545,7.265995176064133,7.447756415890249,1.0250153262453132,0.024706308067006497
1580,516,1,1,0.0535862038058462,0.06956866880272262,7.507108458736292,2.7161359910380236,0.09045113027088815,0.25435985839267083,-155.62312882573215,7.5129420166873935,7.50127490078519,0.9984470642956795,0.0015541424459674673
1581,517,7,1,0.02368468605501631,0.06718622746545216,7.553715595061527,1.450831668878607,0.03899331013958357,0.17760259067165982,-83.1265314103356,7.630988383641401,7.476442806481652,0.9797476330207697,0.020459544076664466
1584,518,17,1,0.04393626246994435,0.048514864892429586,7.470399660782349,-1.6927773566719584,0.06709970846436425,0.19731425884057824,96.98899820729243,7.482251078140503,7.458548243424196,0.9968321251894962,0.003172900486267228
1588,519,16,2,2.761072062041418,0.46719890658132024,10.965387861429049,-0.7973495859854944,4.138395242713938,8.414881465826552,45.69119292483793,15.987837531102167,5.942938191755927,0.3717161986538047,0.9160550877255659
1592,520,11,1,0.03088192302458788,0.05756298592188862,7.556446669711787,2.9154235040844223,0.05029817572308615,0.15894605292302588,-167.04146226991915,7.658723837757547,7.454169501666025,0.9732913288917577,0.027070175312879384
1593,521,23,1,0.03331312684370644,0.05929361501836893,7.56056121068323,-0.7469363951803902,0.05192550310565977,0.19794069264191527,42.796303003033294,7.5938127103000435,7.527309711066416,0.9912424757140211,0.008796040053171863
1594,522,17,1,0.02982307181816771,0.04794189946026469,7.462849998544684,-1.2816525001444432,0.04584802240985736,0.15098819447743744,73.43327905623642,7.4129673255149475,7.512732671574421,1.0134582201267888,0.013368263609603333
1600,523,11,1,0.03412062675533896,0.06306567694852246,7.4036885980521925,-0.9286937308343716,0.05367903662182035,0.18595170515406312,53.21023124319121,7.400855407080371,7.406521789024013,1.0007656387852437,0.0007653457960309839
1601,524,23,1,0.021758966240285782,0.055338474892939776,7.532548334350656,-0.2952017537214436,0.03660559008651263,0.11535327726974476,16.913814595306672,7.564623859337669,7.500472809363644,0.9915195981760762,0.008516513552455673
1602,525,1,1,0.038697885277342796,0.05521994114670044,7.507647816694791,1.5504747720003522,0.06208872630254254,0.21075360113138678,-88.83566066834332,7.4881957751622625,7.5270998582273245,1.005195388079209,0.005181927018280051
1603,526,11,1,0.02397011240873564,0.06318266431549559,7.544661627963328,-3.004519278885584,0.035157806467544614,0.15025750904992863,172.14627414479497,7.579685445720045,7.509637810206611,0.9907585036324974,0.00928439722913641
1613,527,11,1,0.029730439845014955,0.062159049484746,7.315623732544336,-2.73826159792215,0.048717541645114514,0.1616929438705047,156.89083275847258,7.298212894877711,7.333034570210959,1.0047712605585524,0.004759905184617414
1617,528,19,1,0.02473699212454395,0.07811855397450662,7.46684530593045,-2.163160939820745,0.043204803847781775,0.15887399292353635,123.939992262492,7.446856764822538,7.486833847038363,1.0053683162545395,0.005353945418431722
1618,529,7,1,0.024285028959239202,0.06048314853265662,7.614885180462036,0.3191162684548249,0.04186927190496458,0.1334910811259897,-18.284015359260806,7.680797298848505,7.548973062075566,0.9828371675955174,0.017311388635401655
1620,530,29,1,0.03531108703812978,0.061368998385589915,7.557836179484629,2.369618429553593,0.05559116228449046,0.1582876496993705,-135.76913507193456,7.6058101691442666,7.509862189824995,0.9873849100640824,0.012695165261681338
1621,531,29,1,0.02148444233559343,0.07557183496243516,7.647695770182273,-2.4192556538781664,0.033353377492623466,0.11489243642512688,138.6131385302574,7.722280409663284,7.573111130701263,0.9806832605074327,0.01950512722323758
1622,532,17,1,0.03553378676422633,0.056965073376254984,7.507604822692654,-1.8895512870962579,0.05995721198412264,0.1924639789535428,108.26331393518625,7.495502458760009,7.519707186625301,1.0032292335301691,0.003224027960572837
1623,533,19,1,0.04574674371419339,0.056767992225572377,7.421080783415846,0.7043877945414675,0.069574877942773,0.2434969009941822,-40.35844776374575,7.451487237636152,7.39067432919554,0.9918388227073037,0.00819461615032041
1627,534,16,2,2.7581443239194563,0.47327511644605785,11.298100517186855,-1.2794754264300419,4.134013948669648,8.391747051494363,73.31494828997714,16.539838473851358,6.056362560522349,0.3661681805476607,0.9278972069137973
1633,535,1,1,0.04010453793889983,0.08587346091411709,7.49885369196744,-1.377943715958855,0.06558139600869776,0.1925125020144354,78.95035933056252,7.463586648156437,7.534120735778445,1.009450427917177,0.009405982636727778
1634,536,29,1,0.04996480603827569,0.08540874876291835,7.453897488418257,2.38862331578807,0.0792826562711849,0.29346815413859073,-136.85803486193092,7.475056245228361,7.432738731608153,0.9943388367616337,0.005677233110055468
1635,537,17,1,0.021095047802843048,0.05061053385199271,7.723121344639966,0.5582249256404295,0.03530797883793916,0.11584651487624971,-31.983932259401076,7.768097256856304,7.67814543242363,0.9884203529566676,0.011647081590282533
1637,538,13,1,0.0330726488528635,0.050127624334082105,7.496342226066323,2.5841028109636253,0.05046919739982783,0.19448420936773014,-148.05818489239527,7.471868808821368,7.520815643311281,1.0065508155646585,0.006529429022025613
1640,539,13,1,0.02613921439972944,0.056149676265403625,7.393921076374388,-1.404316709561023,0.04399526448511944,0.1602160903633796,80.46142055322191,7.374144510774855,7.413697641973923,1.0053637586219357,0.005349412144180354
1650,540,11,1,0.03077749293863772,0.056890429752143166,7.437147879484921,3.076739355633043,0.047601563912304,0.16698484968502808,-176.28417974174292,7.513306598893322,7.360989160076518,0.9797269768227961,0.02048062527262165
1658,541,23,1,0.03220593749869485,0.09043990129231802,7.519228523536389,2.1939692873053827,0.05466103218792962,0.20853695392969446,-125.70518055112709,7.521795065157147,7.5166619819156315,0.9993175720427038,0.0006826608907347825
1660,542,13,1,0.02086279238635474,0.06228349433778861,7.613044029664136,-0.43372797968057264,0.033864787908828485,0.13623486447073407,24.850782694272866,7.620251762638359,7.6058362966899145,0.9981082690706988,0.0018935219463167546
1670,543,29,1,0.024974918964004073,0.06886805317101526,7.38485405776995,0.5960981131200495,0.04255762637044768,0.16473974635665947,-34.15390606201477,7.43656931437252,7.333138801167381,0.9860916359637447,0.014005762659089278
1674,544,29,1,0.031887619658237644,0.07982284089630565,7.505114523784112,-1.5685109910007082,0.05658434396516321,0.2024274838818455,89.86905991204955,7.537117489447947,7.473111558120275,0.9915079031981017,0.008528308412194697
1686,545,23,1,0.03318177081793389,0.06809919140563876,7.582721160911044,1.2931147681581658,0.053172312827732084,0.17460600605540325,-74.09001863274786,7.4563559667191175,7.709086355102969,1.033894624869292,0.03332977476300698
1689,546,7,1,0.029947738200047338,0.06975120229727445,7.500830206847217,-2.726894200719335,0.048019708565433826,0.16737658897315214,156.23952887423255,7.495028102924369,7.506632310770067,1.0015482540807512,0.0015470564625106595
1690,547,29,1,0.020800161106017886,0.06459189083569951,7.587732828480869,1.2994247156793601,0.035138453570149615,0.1354041017758911,-74.45155200232807,7.5714115247450575,7.604054132216681,1.0043112974859365,0.004302023833667141
1692,548,1,1,0.04621363022024143,0.07178601692947818,7.422938196404852,-0.08014915432771835,0.07665094731572766,0.2420915056370932,4.592208302056341,7.3864448096424615,7.45943158316724,1.0098811776714962,0.009832598843424068
1695,549,7,1,0.033947675946194265,0.05654321030253961,7.426846836822725,-0.8673918758608762,0.05117835730064995,0.1667612841065774,49.69789367152296,7.464628531126066,7.389065142519385,0.9898771401293988,0.010174356663992764
1696,550,7,1,0.029058837772365637,0.055875093741966336,7.443526643225056,1.147987933710769,0.046309980134826116,0.14372557832080513,-65.77486352862611,7.520597692626974,7.366455593823136,0.9795040095077875,0.020708208110484187
1697,551,7,1,0.024748344152150038,0.049685743270609956,7.415450475632534,0.6477630645943119,0.042862309207405906,0.1025683631912175,-37.11408972878917,7.321631638014565,7.509269313250503,1.0256278497079403,0.025303611136305578
1699,552,11,1,0.03533481912049982,0.061267653934699066,7.470662340068647,3.0183044915484225,0.05742155307648958,0.18276703509746023,-172.93610864067753,7.533882363940263,7.407442316197031,0.9832171460031792,0.016924877873957064
1701,553,1,1,0.03703823983398312,0.04582022545379051,7.471430703010602,1.7580356938001438,0.05844601571611402,0.1876386164559858,-100.7280254990805,7.459200180155887,7.483661225865318,1.0032793121405303,0.0032739439983797045
1703,554,28,2,2.763821460917807,0.4754690591164534,11.487343749753455,1.450790762144726,4.142509550922069,8.390858180579462,-83.1306336998745,16.84788340861528,6.126804090891628,0.3636542313533963,0.933294898392307
1708,555,19,1,0.04099615249316494,0.05459018152444103,7.559648935291792,1.9290523241688515,0.06603329569727119,0.23763773801862342,-110.52655665194341,7.594593044646368,7.524704825937219,0.990797634804354,0.009244902680980329
1709,556,19,1,0.02922912072364005,0.06975730866398472,7.733486056375929,2.573889470956354,0.048593036878171354,0.13718847152658695,-147.47300361608143,7.9246917796654355,7.542280333086423,0.9517443129384198,0.04944877947555493
1711,557,23,1,0.03818340432414286,0.07067905342418034,7.462500905026219,-1.0122711188066327,0.06683549023848004,0.27851721149108183,57.998862813848945,7.402825070928489,7.522176739123948,1.016122448801899,0.015993521436636883
1713,558,22,2,2.7624544257020007,0.4728971313753506,11.492294446388522,1.3472761344058537,4.140464089016288,8.391369998310651,-77.19967283858244,16.8205403201955,6.1640485725815415,0.3664596056513539,0.9272727737116746
1715,559,13,1,0.019138743222744288,0.05532346322066554,7.518872133044562,1.231999525209618,0.03242971801367983,0.10187843105599832,-70.58837315563648,7.619161930662258,7.418582335426868,0.9736743231000006,0.026676819566310524
1716,560,1,1,0.029471302508263016,0.06815123109046202,7.438997591858065,1.312768505684703,0.048980088471874746,0.16657381945717967,-75.21609484665993,7.402152639687725,7.475842544028406,1.00995519924104,0.009905891678380763
1721,561,17,1,0.03519918474268171,0.07250014775233339,7.612061095612755,2.6334858489762922,0.06624574001078248,0.1683199449652725,-150.88762454863024,7.627903180348714,7.596219010876793,0.9958462805933948,0.004162364052776933
1723,562,7,1,0.03404494816494582,0.07171325372042998,7.403226151949732,2.9588536732854815,0.053070332992901516,0.14784131416117485,-169.52982767423083,7.489185505501685,7.317266798397778,0.9770444052991327,0.023222133644888027
1727,563,1,1,0.024606619122736276,0.059534983233380585,7.63609324301575,-0.6368575746866532,0.04218437595090137,0.16186748743983853,36.48925118138413,7.594896916510761,7.677289569520741,1.010848422818072,0.010789896140325318
1729,564,17,1,0.027432571329473326,0.06223540955246962,7.564337717895987,-2.421794842655214,0.04278371805032182,0.14127627816133684,138.7586233300043,7.560839280059672,7.567836155732302,1.0009254099199123,0.0009249819261872649
1731,565,13,1,0.030896388339594207,0.053114382045837405,7.49963105988341,0.5104103082169583,0.051330531905124384,0.1843914692060601,-29.244356487166122,7.474144335415949,7.525117784350869,1.0068199711762835,0.006796794205995611
1739,566,29,1,0.043067328292106286,0.0696130419197,7.403419386684759,-1.9253049983553765,0.06857897351772307,0.260872024583,110.31185069518943,7.438493717571276,7.368345055798243,0.9905695071560889,0.00947517060821889
1744,567,29,1,0.03707188892317105,0.05543685065847477,7.52197984751863,-0.848502921651212,0.05856131975357285,0.19860185384650283,48.61563631152703,7.470430283552442,7.573529411484817,1.0138009624638846,0.013706381833286208
1747,568,19,1,0.023546830110165826,0.05407776206699903,7.446325339176608,2.648445458134783,0.039614679226655736,0.12423289442554585,-151.74474701999378,7.411764970502682,7.480885707850538,1.0093258134361982,0.009282529865328116
1748,569,1,1,0.031701051130751154,0.06609050944129226,7.437994131857639,1.717182168667785,0.05248851868672334,0.14734865156326732,-98.3872909197766,7.462271037791807,7.413717225923469,0.993493426917564,0.006527809918587775
1749,570,13,1,0.02034528217569088,0.05390692029208608,7.504116889845018,2.83182249504048,0.03507970693544168,0.13979943121933458,-162.25147729559694,7.503754297392593,7.504479482297444,1.0000966429437999,9.66382740961816e-05
1754,571,19,1,0.03478547571091503,0.06164615215455297,7.448181177691317,-0.09891588082375861,0.05729963176849526,0.20897370157825695,5.667462490970578,7.436253289213007,7.460109066169625,1.0032080371699044,0.003202899659324992
1763,572,7,1,0.024879620995851223,0.06301387317819873,7.564490860364221,0.9800055998183173,0.041706392334056,0.16143200956925569,-56.15018476731151,7.551504524843421,7.577477195885024,1.0034394034931922,0.003433498899138402
1764,573,23,1,0.033636614997855405,0.05495661311568546,7.447980622166164,-0.17991227903682813,0.05418190473456083,0.19854494085805566,10.3082142803077,7.382265395258225,7.513695849074105,1.0178035395341247,0.017646454855793487
1766,574,19,1,0.034505613729866776,0.06637092798420298,7.4011641812034545,-1.2821594848241382,0.055174370248191225,0.16458041302686477,73.4623271357564,7.4397860803692994,7.362542282037611,0.9896174705163224,0.01043670920419008
1770,575,7,1,0.021392611589564865,0.06579895173799673,7.3997499213017575,0.22346565175976252,0.03351322873180437,0.1432625600116317,-12.803638713993859,7.357745501043874,7.441754341559639,1.0114177420928525,0.01135292968130275
1772,576,22,2,2.7628609153806876,0.4713863058715957,11.269349693657658,1.0849119747765854,4.1410723517507755,8.402699973561226,-62.167316657292616,16.477633549748738,6.061065837566576,0.3678359407172882,0.924327312164655
1773,577,28,2,2.759451607895758,0.47329905656301785,11.279307653516419,-1.2147478232245936,4.1359704092835665,8.383491135714255,69.5935079326332,16.512441528822794,6.0461737782100435,0.36615867905762617,0.9279175701311599
1780,578,11,1,0.023144619504829655,0.061917446918233615,7.570282601978109,-2.0488708313114645,0.03905068196209397,0.14076460711660244,117.39165140308944,7.649258156090696,7.491307047865522,0.9793507938937314,0.02086462507805203
1781,579,29,1,0.02758677777167503,0.059883548185403354,7.47748256186696,2.7386288059856887,0.04653067588040909,0.1581303527762609,-156.91187223007617,7.42492177690025,7.53004334683367,1.0141579363516615,0.014058417263252503
1785,580,7,1,0.02697343591963449,0.0581564383689628,7.394827305299858,-2.3030578449297283,0.045613937959518264,0.1623869523498596,131.95549449384313,7.363366129929096,7.4262884806706175,1.0085453241942932,0.008508968248173316
1788,581,17,1,0.02211986666510664,0.05522419117351386,7.475092812597273,-0.6716743096261059,0.04071818413840832,0.09723072764572385,38.48410315028266,7.412818735298092,7.537366889896455,1.016801726717705,0.01666175360237264
1791,582,1,1,0.03904987313518444,0.06774119747355938,7.409803158669736,1.8269382352486139,0.06514749122544782,0.22573102435584924,-104.67585032756011,7.399795780306844,7.419810537032627,1.0027047714991066,0.0027011185448786367
1794,583,23,1,0.021553216691014995,0.054186909930884576,7.546709693118982,3.0512775405375483,0.03615260643022958,0.13998107883004027,-174.8253251935235,7.633138006485504,7.46028137975246,0.9773544475959721,0.022904899454480605
1797,584,7,1,0.04262953214966723,0.07211620104871194,7.419950989479161,1.461608282860238,0.0737834827530953,0.28605749195875974,-83.74398588576716,7.360465265563659,7.479436713394662,1.0161635771026076,0.016033993755443215
1811,585,19,1,0.033929381756818214,0.07486841109282029,7.481325152548697,2.1013102011110565,0.05430786241559721,0.16923458914428452,-120.39620597305972,7.467664554014717,7.4949857510826785,1.0036585999371481,0.003651919480956394
1814,586,26,2,2.760154117778958,0.4801276119388953,11.907790971975212,-1.9897783609924287,4.137021476593249,8.380943088076124,114.01232267077975,17.516039956610857,6.2995419873395715,0.35964418915144203,0.9419461590877036
1817,587,19,1,0.03485984264912153,0.0517694903814117,7.344762035694229,0.7632935718049891,0.05555204889013704,0.19237274484250808,-43.7335002037747,7.34362507416051,7.345898997227951,1.0003096458553478,0.0003095979224908904
1819,588,19,1,0.04754716339135105,0.0727367461838095,7.515593228734458,-1.731225054416503,0.07624948165177725,0.23011833521077638,99.19188899724631,7.523438493335413,7.507747964133502,0.9979144470688754,0.002087729966800379
1822,589,19,1,0.024429053999541348,0.0855864190602128,7.605022762552486,-0.22634866601603768,0.04441941560938793,0.18690204214958664,12.968823264721374,7.483597801725935,7.726447723379038,1.0324509584944683,0.03193283297571547
1823,590,17,1,0.02530293642159733,0.05546540309929637,7.530736141889806,-0.9369717635847735,0.03990346124473277,0.13455190494829136,53.6845275752656,7.625365194428086,7.436107089351527,0.9751804536240637,0.025131421618108267
1828,591,17,1,0.020319493552474727,0.05700013594405166,7.484977991232987,-2.6200503518947245,0.035691081427738754,0.1132655716527491,150.11782727437816,7.47124825533706,7.498707727128914,1.0036753526122275,0.0036686108929133376
1835,592,11,1,0.034239205019844024,0.065230770573483,7.516187670111638,-1.179185106954295,0.05620351035816282,0.18829052920105124,67.56232988460823,7.5344994736010085,7.497875866622269,0.9951392116879084,0.0048726307253309726
1842,593,13,1,0.03249047330521324,0.050347863813931845,7.4096906700487715,1.1145949980128933,0.05214116788411473,0.15080738325200568,-63.86158924348721,7.37730925342851,7.442072086669033,1.0087786523535565,0.008740288376990696
1846,594,29,1,0.02287139433945041,0.05766793629724044,7.622340338225324,-2.7840288959141186,0.03859841322671295,0.1222740664724499,159.51310577630827,7.679557050658629,7.56512362579202,0.9850989550423621,0.015012898898352325
1848,595,17,1,0.021712931445864135,0.056477862273023864,7.551348916587512,2.909426892663337,0.03548316695024262,0.12657483116433718,-166.69788174987661,7.618950001597449,7.483747831577574,0.9822544878242373,0.01790437331307604
1855,596,7,1,0.022130559599689428,0.05343108252467617,7.581185403865601,-1.9874957519533758,0.03678291612901829,0.1137154920915536,113.87511838906185,7.656865982704089,7.505504825027115,0.980231969840026,0.019965368159944378
1857,597,22,2,2.763431396744558,0.47235572428210837,11.537414178216359,-1.6532075442780465,4.141926010856488,8.39207063129296,94.71537161220242,16.882521296121002,6.192307060311715,0.3667880497052585,0.9265693396006655
1858,598,13,1,0.039893580421366225,0.06905166176463984,7.4442669003436315,2.789819615189793,0.06331752484967866,0.20334335262685088,-159.84488953758452,7.494983242453746,7.393550558233518,0.9864665895921308,0.013625610900053275
1861,599,17,1,0.01901542841564204,0.07463921803438192,7.550377377586893,1.888282382333053,0.03165818197966869,0.11149627419006472,-108.19061103733604,7.404426906163862,7.696327849009924,1.0394224896194284,0.03866044414052235
1866,600,1,1,0.03396719058603488,0.0526720619441317,7.369717566675868,-1.7835148343708216,0.05285903993263816,0.15369258460354174,102.18787270948576,7.3637636743964014,7.375671458955335,1.0016170785871819,0.0016157721718912906
1867,601,19,1,0.025079222087842752,0.05038940064841056,7.469222873103676,3.073293165928368,0.03581129293385732,0.14309528809562555,-176.0867276118628,7.548598827618993,7.389846918588361,0.9789693540939298,0.021254140052814594
1869,602,11,1,0.023144794430092656,0.06708912600908634,7.68852217340192,3.0344720428615304,0.03993522622612269,0.15022257315758472,-173.86244110352075,7.525029912210488,7.852014434593354,1.04345291994817,0.042528917132352656
1873,603,1,1,0.04164252272449179,0.062356977537578864,7.4754362927439155,-2.7142887290043065,0.06803416106791299,0.22335895687125723,155.51728853259678,7.427800831579955,7.523071753907875,1.012826262374035,0.012744530031029145
1875,604,23,1,0.03870944406750173,0.054749231585127726,7.457889685310642,-2.6969661642478426,0.06031686823622953,0.19034962906411892,154.5247786872688,7.447399193375873,7.46838017724541,1.0028172229425003,0.002813260151978611
1879,605,7,1,0.02578720591557661,0.057823272548824405,7.453943951086359,-1.7766283182702918,0.0393435030054453,0.16543475217553522,101.7933044020805,7.379850282721161,7.528037619451555,1.0200799922834956,0.01988039321234722
1881,606,7,1,0.043140581042879315,0.07006647810487794,7.4203911708262735,2.4792533280673683,0.06563543780003502,0.25172127904305996,-142.0507520513951,7.435898442824997,7.404883898827548,0.9958290791306631,0.00417963733763583
1883,607,1,1,0.03205486838500793,0.06150743310750422,7.386909109324277,-0.038094212613121556,0.05330731403957323,0.16207016834084745,2.1826376024535104,7.3396843345994505,7.434133884049104,1.0128683394467548,0.012786071691397002
1887,608,1,1,0.0352010786496523,0.062314644199386295,7.516588644800131,2.732406253875488,0.05648575805065438,0.17512394590173783,-156.55534625484066,7.554373758349268,7.4788035312509935,0.9899964934863393,0.010053793106072491
1888,609,14,2,2.7626702602934876,0.46521034251419446,10.769349933336112,2.3581140729359085,4.140786885455169,8.410985122203108,-135.103545958019,15.683243537923886,5.855456328748338,0.37335748275471026,0.9125701430458681
1892,610,19,1,0.029454572365779114,0.060671901413443634,7.44754764008024,-3.0624369871198334,0.04524347051105405,0.171973105049044,175.46471438273412,7.45932388936538,7.435771390795097,0.9968425424449177,0.0031624502062305103
1893,611,19,1,0.017843812394608864,0.048229616743793606,7.56203247062558,-1.7015760661899004,0.025875162222584753,0.11518680093218106,97.49312711327849,7.517397006802571,7.606667934448589,1.0118752445248316,0.011805150003360496
1894,612,29,1,0.03812664983019372,0.06031530180786664,7.492050859969023,2.0256967041796408,0.06404215620313954,0.19754113465894466,-116.06387173752391,7.453091178846772,7.531010541091274,1.0104546369250993,0.010400271394423587
1896,613,23,1,0.03366098963946004,0.05668377966872116,7.459176562098196,-3.03455671942429,0.05742204763116139,0.23698154220158027,173.86729270564095,7.429125311007502,7.48922781318889,1.0080901182394024,0.008057525074119094
1900,614,13,1,0.0391656653411529,0.053690719644080065,7.504275241256603,-2.794399690471581,0.06521120203581882,0.20239570722863992,160.1073085220478,7.505300895657926,7.503249586855279,0.9997266853346501,0.0002733520209078676
1901,615,23,1,0.02639940061531598,0.06016000980047417,7.430561355276248,-1.3709909845890618,0.04084423178983866,0.145798421896982,78.55199716595972,7.503909889847235,7.357212820705261,0.9804505822570637,0.019742393895692507
1902,616,29,1,0.03190088338871042,0.059579260873731624,7.433224682556164,-1.3808625960420697,0.0480415431632007,0.1653030747700998,79.11759883954498,7.476178877674245,7.390270487438083,0.9885090509949265,0.011557351473280084
1906,617,19,1,0.033965460816304166,0.07686039939890575,7.47886498724814,-0.3939175353980271,0.056240489727477375,0.19226679215419157,22.569812262949036,7.517755359261055,7.439974615235224,0.9896537277007806,0.010400073294336934
1908,618,1,1,0.04156850286706852,0.0689165610953523,7.387653083079868,2.781429540565344,0.06922592383726846,0.20435547788664257,-159.36417367844462,7.438454655853281,7.336851510306457,0.9863408261194584,0.013753101885567495
1909,619,19,1,0.019363544027191086,0.06111983314740006,7.689995686662828,-1.9532354515706742,0.0331294920304321,0.153616452304876,111.91214777088183,7.666185790434377,7.713805582891278,1.0062116668912877,0.006192434221971103
1912,620,11,1,0.018967733805843583,0.058888740406669776,7.553736735644852,2.49564354911881,0.03309067265066772,0.09494474453044928,-142.98984253299113,7.408722150870522,7.6987513204191815,1.0391469896754841,0.03839545640769539
1913,621,1,1,0.02130413533108693,0.07189926023170642,7.575292213099591,0.1002955405892471,0.03450358215215058,0.11449924527325517,-5.746511179600026,7.658328217123292,7.492256209075892,0.9783148484448501,0.02192285173636199
1915,622,1,1,0.028109283990763713,0.06835912542979723,7.53137389634574,-1.5334157340712276,0.04509650256119549,0.17088708985947154,87.85824980371213,7.477134996385067,7.585612796306412,1.01450793652566,0.014403454325110436
1916,623,7,1,0.033488027010685345,0.06018571042769225,7.387697482217832,1.4418514394243407,0.05794635762479267,0.16281654673942877,-82.61200216804797,7.3565203888743325,7.418874575561332,1.008476043481277,0.008440273419030161
1923,624,1,1,0.04110924252727313,0.057389043150687005,7.5209298301345875,-2.108201129203758,0.06398435936235942,0.19447265826615792,120.7910270797588,7.507799595140506,7.534060065128669,1.003497758518376,0.0034916520405420203
1925,625,13,1,0.03162734902832894,0.050174547101880324,7.480231420737351,2.4047572499021155,0.050136838521737025,0.14395792100318228,-137.78244117337937,7.48356467046446,7.47689817101024,0.9991091812862216,0.0008912156695765873
1936,626,11,1,0.027280192503920636,0.052361629365375674,7.507744131299767,3.1012272627118556,0.04159038501916872,0.13703775187687284,-177.68723346373042,7.5893801910851515,7.426108071514382,0.9784867649979432,0.021747160893521706
1938,627,26,2,2.7757470569384735,0.47475459824519917,11.645512503296498,0.7941097314577386,4.160355817286346,8.403238737582225,-45.50566610347034,17.07547623941745,6.215548767175545,0.36400441662806565,0.9325418240861263
1939,628,17,1,0.0386590172807354,0.05409599115150642,7.475782282936744,0.06476888865447285,0.0614959095710906,0.1832426889376639,-3.7109839608235378,7.490718485743449,7.460846080130037,0.9960120773901374,0.003995890260420667
1940,629,13,1,0.038711119217316056,0.07248322640708935,7.531038381038979,-1.0963660732928138,0.06248631993688564,0.30397555078775995,62.8171487932693,7.61338364344954,7.448693118628416,0.9783682876715636,0.02186823602383541
1941,630,11,1,0.029171172507475522,0.06002968867231212,7.376163501071814,0.8347831671643546,0.04716661235911046,0.13028104049717834,-47.82955228210329,7.397673102379071,7.354653899764558,0.9941847656662907,0.005832192115625127
1949,631,13,1,0.03534315689926405,0.06571046820679369,7.597521046256352,1.5372319915228672,0.052200945139161556,0.17615358775682977,-88.07690524520157,7.627739994947388,7.567302097565318,0.9920765656115569,0.007954949649247752
1951,632,13,1,0.029006730679215456,0.05944125144431585,7.530237636567809,2.7834940864380577,0.04887113598362295,0.18221273157211212,-159.48246344700573,7.500263282155148,7.560211990980471,1.0079928805923326,0.007961064672674408
1954,633,1,1,0.039679237360626035,0.05766156713626478,7.51020814809328,-2.9747619412368977,0.0636037044297636,0.20237329261348022,170.44130427360273,7.5501131639842125,7.470303132202349,0.9894292933034996,0.010626873477817787
1956,634,7,1,0.029100712984329088,0.06054386128731123,7.423185588119321,1.6437333318400977,0.047312929607917005,0.16557279356935886,-94.17898255498251,7.409535527948591,7.436835648290052,1.0036844577151276,0.0036776825821457203
1958,635,11,1,0.027599860333502285,0.06643510855016575,7.453652179198949,-2.0226059672475505,0.04569877778235098,0.14984616934137476,115.88678554595744,7.364509610174338,7.542794748223559,1.024208691071964,0.023919165231074964
1962,636,23,1,0.018759884944523065,0.052544257911746765,7.556274845950414,-1.2541734777355686,0.03223156127364648,0.13368330352379398,71.85884705078497,7.482903281191041,7.629646410709787,1.019610453857876,0.01942003599794797
1965,637,17,1,0.02193935866701987,0.06769277809869807,7.632998358486372,-1.328628379219924,0.03464968647537514,0.11109257273705925,76.12479866920542,7.6922567865288745,7.57373993044387,0.9845927067473154,0.015526907057858487
1967,638,7,1,0.03949320491325465,0.05860031227291463,7.456904929941898,-2.1871885700556706,0.06361196183057106,0.21449852620095256,125.31667407973409,7.460867475903957,7.452942383979842,0.9989377787569997,0.001062785699773763
1968,639,14,2,2.7579977647897618,0.4782143623739956,11.288770861033694,0.9129807475271932,4.133794941634374,8.389423833509863,-52.3035382445426,16.57668563839244,6.000856083674948,0.36200578418261503,0.936845090126055
1975,640,29,1,0.04283158046000934,0.06293300741543781,7.419987064801135,2.069492547626159,0.07050712565972775,0.214432162503933,-118.573188734336,7.409819596825772,7.430154532776498,1.0027443226768218,0.002740562183348196
1980,641,7,1,0.02459566147999476,0.06549801878276362,7.331080326730178,-0.19497015383078106,0.03713793781604031,0.17276691820737544,11.170966946277053,7.293391474311642,7.368769179148713,1.0103350690968067,0.010281936832997583
1981,642,1,1,0.029550606731629604,0.06069227552420586,7.5360118930674105,0.6955579008090091,0.04711825516245747,0.15607048734463586,-39.852532125085624,7.624213555884446,7.447810230250377,0.9768627512410222,0.023408047669928433
1984,643,29,1,0.02840851696400594,0.06995675429083408,7.4650059667359985,-1.2742528313731527,0.04867111506452063,0.20780834704213655,73.00930926441329,7.433043745551531,7.496968187920464,1.0086000358072948,0.00856321383449383
1985,644,17,1,0.022582465532509314,0.05109308585746949,7.510196983771733,2.3300789593942715,0.037568961867481175,0.13702126443777218,-133.5036903068977,7.558961312602944,7.461432654940523,0.9870976112154706,0.012986165059739856
1988,645,19,1,0.021897683392375602,0.05042727259616003,7.761987505833336,1.7895019186208008,0.033972638620564884,0.12474679300200488,-102.53090736831652,7.754687031375426,7.769287980291245,1.001882854698938,0.0018810837952065165
1990,646,29,1,0.04651112731814342,0.09118173344582486,7.402727851307728,-2.23888323590331,0.07121539305525411,0.251736262542198,128.27856022695457,7.5139287364415255,7.291526966173929,0.9704014001105735,0.03004321849118208
1991,647,29,1,0.03886122311157568,0.07305549885358675,7.537756321500867,-0.7097266886058228,0.058413251232113876,0.21648917909375462,40.664343860356354,7.546898029367166,7.528614613634568,0.9975773601734843,0.0024255779774209367
1992,648,22,2,2.7643587040344517,0.474993624511844,11.464176732995963,-0.20954666890499304,4.143313647672939,8.399334424884826,12.012589577448958,16.80556751113271,6.122785954859214,0.3643308058953216,0.931840271227373
1993,649,19,1,0.0355524565761907,0.05479772676493402,7.401140626918478,-0.2709489789680704,0.0571348986324317,0.16236208527821294,15.52423296296668,7.400249368212741,7.402031885624215,1.0002408726142569,0.0002408436079421214
1995,650,19,1,0.03773691701332681,0.06023313520862361,7.5416780504382475,-0.6229630551418163,0.05850857238742502,0.19973368321749607,35.69315386131335,7.476110127822546,7.607245973053951,1.0175406518883905,0.017388152126672256
1997,651,29,1,0.01950521304722646,0.06892176909241075,7.665309629847299,1.4438845308922577,0.030342681140282764,0.13550618142941886,-82.72848972460567,7.745459844111625,7.585159415582973,0.9793039494420053,0.020912453151855963
1998,652,26,2,2.7631572204349397,0.4658012382830407,10.874131244066104,-1.4275862576167864,4.141515565617502,8.405682154047353,81.78822603086756,15.842511734461201,5.905750753671007,0.3727786889262392,0.9137981469749665
2004,653,16,2,2.7676272609996175,0.4728600119350411,11.571656167128033,-1.2772238773945144,4.148204830241054,8.402530004782133,73.17306488084155,16.94236785137011,6.200944482885958,0.3660022340020491,0.9282528977137818
2008,654,19,1,0.025946773017550932,0.07402751024110833,7.6065933688402785,1.753618520904088,0.038554938291767114,0.15292715058398432,-100.47494012534688,7.477062504650434,7.736124233030124,1.0346475274505949,0.03405752296960066
2013,655,17,1,0.021248853197707213,0.059990230478448967,7.632508481685167,0.4567591110784027,0.03674824769524752,0.1302927337591603,-26.17036932000841,7.748663256248576,7.516353707121758,0.9700194031609928,0.030436854368948763
2014,656,1,1,0.02793035288717157,0.04947920261929257,7.436996023454909,-0.34247611821213947,0.04596493865330101,0.1383181110888562,19.622436163167777,7.471675459291543,7.402316587618274,0.9907170925649592,0.009326194535337104
2017,657,17,1,0.040253630241816704,0.04344172678104226,7.458035659738865,-0.4717789054897708,0.06467918592847294,0.18041124268986955,27.030940163986255,7.416504779025318,7.49956654045241,1.011199583078811,0.011137216985363706
2018,658,22,2,2.7624690175455484,0.4710019668963839,11.217487527541339,-0.9710127988831238,4.140485621657913,8.389997792023278,55.62849861493189,16.402104982589872,6.032870072492805,0.3678107217882361,0.9243812292760184
2021,659,7,1,0.020482781801563973,0.054504817679881246,7.517267533345129,-1.4539479295091335,0.030685927922217405,0.13687182917850388,83.30507999189274,7.573466867185929,7.461068199504329,0.9851588883066753,0.01495206432164639
2028,660,7,1,0.0366286829978437,0.057296371796507636,7.576590410040956,-2.527951517087498,0.05645894004085215,0.18026798061266702,144.84095273514572,7.553075908572154,7.600104911509759,1.0062264703157864,0.00620714601059592
2031,661,29,1,0.03374430171355222,0.05011213495988876,7.584343219580209,2.5713004501870707,0.05316800617405108,0.17002759265343453,-147.32466364810747,7.537395673907638,7.631290765252781,1.0124572326314487,0.012380121604035201
2034,662,11,1,0.0436038401318383,0.0718159943549018,7.365264506113901,-1.7282045191966326,0.07257072153011991,0.2672058825216496,99.018825106608,7.4000839639015075,7.330445048326296,0.9905894425097177,0.009455046117814817
2038,663,23,1,0.025192481197601823,0.07072949137869539,7.447955471006681,-2.7914542070878148,0.04051997933909923,0.15396070104483553,159.93854476754288,7.35089710615238,7.545013835860984,1.026407216276519,0.026063089456463507
2040,664,4,2,2.7504249714479823,0.4720885107528121,10.891275423353802,1.5804306259900143,4.122461885392194,8.37641224388175,-90.55835732192038,15.928343329271408,5.854207517436196,0.3675339862041998,0.9249730100694704
2047,665,13,1,0.03911786583587518,0.061214686876022474,7.504971795197241,0.6038731988845418,0.059387687358917196,0.20731202218735298,-34.59938566321351,7.505313490244304,7.504630100150179,0.9999089458295096,9.10583161101123e-05
2050,666,14,2,2.7691046255537612,0.4732307800006941,11.456086566424391,0.6775227909503649,4.15041567467952,8.412146981812784,-38.812713264703795,16.777959757853523,6.134213374995257,0.36561140111949064,0.9290909527563332
2051,667,11,1,0.027271883175960295,0.05990632448355149,7.311497259587221,3.0086808551675013,0.04344257646610338,0.12576727663975792,-172.38471490482843,7.334568741074988,7.288425778099455,0.9937088376147976,0.006311014192753431
2053,668,7,1,0.03872373097033768,0.06910227299597324,7.555731602556055,-1.186439896512427,0.06420906037427174,0.21624668929228122,67.97799870058716,7.619447222003515,7.492015983108595,0.9832755270583248,0.016865506293501902
2057,669,23,1,0.029521861589455273,0.06283909662429986,7.48120756558412,3.0133987208541972,0.048383100294918054,0.13420963284946194,-172.6550286960006,7.510605649215362,7.451809481952878,0.9921715810936463,0.00785918138843849
2059,670,11,1,0.022914622586477796,0.054350224909989066,7.49993970742016,3.0848487888939937,0.036430155538441526,0.14968116032769194,-176.7488160408266,7.421892912892262,7.577986501948059,1.0210315065021558,0.020812645853854547
2062,671,7,1,0.027792671615474964,0.048999047655426994,7.524153533938475,0.2264452570560885,0.04350581969864151,0.1683250541435392,-12.974357524377329,7.456640282205342,7.591666785671606,1.0181082227861378,0.017945740056634022
2065,672,13,1,0.01968777410313325,0.044386288158905655,7.372700360780636,-0.5777767531990815,0.034461546047029695,0.09822902278872639,33.104169458743854,7.307135584639212,7.438265136922057,1.0179454111346313,0.017785824171072186
2067,673,13,1,0.022422454889657543,0.06619375105929814,7.543043301503052,3.0802688939004454,0.03375053474504604,0.1269514027025437,-176.48640738495854,7.532107128683864,7.553979474322241,1.0029038813793663,0.0028996712287225426
2069,674,1,1,0.033213737111803913,0.048571056098487206,7.369516064297101,-2.3727990093678013,0.05335057664061292,0.17558679088167947,135.95136886112797,7.427294723506917,7.311737405087285,0.98444153319325,0.015680448676877085
2073,675,19,1,0.03512242230559654,0.05471972212628292,7.502811297995096,0.3270389472052393,0.05800833708277639,0.18253964012259508,-18.737951422643178,7.490147873574677,7.515474722415516,1.0033813549836836,0.0033756478518401473
2076,676,1,1,0.026248946328765226,0.06644768092571643,7.543728673128638,1.445100490190136,0.040821634812538365,0.16265197801718217,-82.7981590603857,7.438516642699756,7.648940703557518,1.028288443914994,0.027893906312843476
2079,677,23,1,0.020058613584698935,0.07268178906053316,7.69648828356305,0.6630220423482491,0.03412325029974022,0.10998683776989801,-37.98836475125982,7.9070169321271875,7.485959634998911,0.9467489066050347,0.054707716248656536
2080,678,13,1,0.03274892999528701,0.07798100665574279,7.534252973294543,-0.017558204797674243,0.05499708689218787,0.21787207758770827,1.0060110386360512,7.580711376797966,7.487794569791119,0.9877429963510768,0.012332583911927857
2084,679,23,1,0.036853692561607615,0.05737628710734618,7.5210107288937715,0.22706439033895004,0.05847781296714737,0.19083582201736732,-13.009831254690827,7.5086927505183745,7.533328707269169,1.00328099145475,0.0032756178177155305
2091,680,11,1,0.025555451613685668,0.04834854319863271,7.662992175712684,-2.6291143003882875,0.042319911132089306,0.13469305520648966,150.6371532673601,7.671417873383371,7.654566478041998,0.9978033532236797,0.0021990620576101115
2099,681,7,1,0.026387328889564046,0.05378368286788436,7.519578201177415,-2.5699677881231633,0.04487913711284713,0.1389699338391854,147.24830774174785,7.560673828783311,7.4784825735715215,0.9891291097760507,0.010930301276595524
2101,682,4,2,2.762325763004395,0.4740291783393387,11.395384680492679,1.3713856885930096,4.140271568765154,8.416295903891305,-78.58104762960716,16.689702870015932,6.101066490969431,0.36555872435155023,0.9292039431694464
2106,683,22,2,2.770820110227688,0.4766281460210364,11.56769756774574,-1.110823901696636,4.152982988221075,8.412495704424483,63.63902609861917,16.978170728326806,6.1572244071646764,0.36265534760419205,0.9354451270695577
2108,684,23,1,0.026796064765398565,0.0633159117730343,7.552374496179729,-3.023984834465028,0.03997596319298537,0.13582883748700125,173.26156832534733,7.620842865418291,7.483906126941169,0.9820312869724015,0.018131613911146774
2110,685,29,1,0.03662195668298685,0.058610030119243164,7.381445228247297,-0.25634626526130094,0.06153041689064719,0.22669269055222702,14.687559106906395,7.345476973193446,7.417413483301147,1.0097933068703675,0.009745586112651016
2114,686,11,1,0.029680223331041013,0.05685756702461235,7.371819414952844,-0.771188953148924,0.04507298069963036,0.14256200927114607,44.18587221853852,7.399506918666831,7.34413191123886,0.9925163922357751,0.007511715129056111
2118,687,13,1,0.030107552770656236,0.06945252294951708,7.5566461997685765,-0.8129320781603079,0.04866359239382932,0.1783141796144292,46.57757710540726,7.582078944570943,7.53121345496621,0.9932913532058176,0.006731225501372731
2119,688,29,1,0.03595269477036,0.06984834297214096,7.614077597343095,2.8819381525625642,0.05957648942252757,0.2336298733425401,-165.12289295292126,7.60377490429377,7.624380290392421,1.002709889016706,0.002706222235749313
2120,689,11,1,0.03665573813269165,0.06075599636020001,7.5162358558237905,1.866182274947221,0.06035402052630418,0.17637911921218588,-106.92436816984446,7.498467883974174,7.534003827673407,1.0047390939388008,0.0047278909790596175
2122,690,17,1,0.03036806817044539,0.06060153662964504,7.460662842349283,0.7594446164124462,0.04744256954685615,0.16804315821054067,-43.512971298010825,7.415490738084329,7.505834946614237,1.012183173268078,0.012109407761611107
2125,691,19,1,0.04364692608524563,0.07340382286050867,7.477976733634307,-1.7519915585469992,0.07181605982140593,0.1978918747205829,100.3817220475936,7.41168699790893,7.544266469359684,1.0178878940095768,0.017729323876395635
2126,692,14,2,2.769261655865761,0.46875940127529364,11.192165185790884,-3.128260125294795,4.150650634678487,8.397503967848921,179.22961812175745,16.343272612535042,6.041057759046729,0.3696357456837212,0.9204845248859963
2130,693,19,1,0.04119240018879842,0.067602040984262,7.416030572331488,2.6511533838831345,0.07018465954497874,0.21505690865931243,-151.89989971736642,7.366939762532244,7.465121382130733,1.0133273275964376,0.013239106640794557
2132,694,1,1,0.04466929463006687,0.0616798973992401,7.506461566557308,1.0253109552526622,0.07192403242007747,0.2322772399541434,-58.74599040190765,7.508948543897018,7.503974589217598,0.9993375963824571,0.0006626230795053188
2134,695,19,1,0.024016202883657144,0.05384069994991327,7.309498059015706,0.8353101098871051,0.040644251053490156,0.16440120003643885,-47.859743877734175,7.35465590818025,7.264340209851159,0.9877199287829853,0.012355937110851742
2136,696,1,1,0.02959222210827257,0.05452534467576001,7.626708954217296,0.12010625194092706,0.04481935414464093,0.1724687814028871,-6.881581332857816,7.510145739143544,7.743272169291048,1.0310415321146738,0.0305671071948528
2143,697,4,2,2.7668574564099853,0.47177446510955096,11.357512463531577,-1.2716797886937952,4.147053166267134,8.396124372949085,72.8554174164986,16.61141361399697,6.103611313066185,0.3674347924202677,0.9251851877487107
2144,698,1,1,0.03114364655855546,0.053527465705356214,7.500662337459506,1.9735534683262947,0.05116770512463821,0.16114649517892213,-113.07628438721888,7.548944860920231,7.452379813998781,0.9872081398525835,0.01287420264730337
2147,699,23,1,0.03631065335220597,0.06299231100613946,7.434952253568678,2.478037891848624,0.05706773989882804,0.20645896926200566,-141.9811126656892,7.445963330121074,7.423941177016283,0.9970424037658491,0.0029619763992729583
2148,700,8,2,2.7637762738421623,0.473638683794367,11.331321977141817,-1.9752997656887064,4.14244214027336,8.407190164652944,113.16989407739577,16.593307639951146,6.069336314332493,0.3657701313100203,0.9287505329782527
2151,701,1,1,0.0308781541780134,0.07423988219783263,7.507317298026271,0.1624591918445153,0.04952811551859088,0.1883140266612168,-9.3082260360777,7.5019946843530985,7.512639911699443,1.0014189862555551,0.0014179802083419818
2156,702,29,1,0.021012744416237097,0.06703368079449466,7.500441319317762,0.8641509729003632,0.034757584097222544,0.09572191952650148,-49.51220360920106,7.50527659324577,7.495606045389754,0.9987115001378205,0.0012893305132738548
2162,703,17,1,0.0360881578938174,0.06487732144448594,7.332776439897137,2.485223368420742,0.05397399570446054,0.19683832454314182,-142.39281016255526,7.359756808241286,7.305796071552989,0.9926681359052689,0.007358841106173691
2164,704,11,1,0.01980457028827551,0.05646177438290153,7.419581911845968,1.3496926369263138,0.03304648784841403,0.1169972297150033,-77.33169173401552,7.411782157433197,7.4273816662587375,1.0021046906795414,0.0021024781464619785
2171,705,13,1,0.02757177583253275,0.05113841071839316,7.51682279640129,-0.7313461154919454,0.04605208233266661,0.10773924038241398,41.90304578047956,7.442636261612138,7.591009331190444,1.0199355529899516,0.019738801032976247
2174,706,26,2,2.764689696657803,0.47056713823715973,11.175712395501225,-1.282158866160859,4.143809040444116,8.403698012430526,73.46874386180521,16.332635182748632,6.0187896082538215,0.36851307464524624,0.9228803685612595
2176,707,23,1,0.0295696467819046,0.06251984370618123,7.446957557731171,-1.4574712420007223,0.048472725207073485,0.17213752074900357,83.5069509216885,7.480708006407127,7.413207109055214,0.9909766699496759,0.009064224796317858
2177,708,7,1,0.04088527520332269,0.07785963141100119,7.413996235809425,0.5582285291906744,0.06361202734702373,0.2791900721356657,-31.984138727878037,7.391458447445456,7.436534024173395,1.0060983332380793,0.006079794930327179
2180,709,29,1,0.03213480239404947,0.05402065121848789,7.447414076519869,1.3630635382471863,0.052936578951817366,0.17751815775505073,-78.09778794114808,7.44765907124407,7.4471690817956695,0.9999342089314625,6.579323284109327e-05
2181,710,13,1,0.040450233387439596,0.05612269410299595,7.444178574160088,1.5145161742560491,0.0671694802040936,0.19943506393155896,-86.77538477674393,7.449821179163522,7.438535969156656,0.9984851703503395,0.0015159778737762742
2185,711,17,1,0.044329206463281395,0.05947967558739112,7.565717376759129,1.059350739757858,0.06716110629009599,0.2454159874348637,-60.69632639843354,7.5209702832663385,7.610464470251918,1.0118992874077295,0.01182890961014396
2186,712,19,1,0.033419821901307226,0.053089508062701435,7.4827872291246695,1.9293852148518327,0.055788517930599045,0.16370072839675523,-110.54562987430012,7.528377142178124,7.437197316071214,0.987888515096292,0.012185275795631098
2187,713,16,2,2.7534783976080988,0.4664685394109579,10.812930972006114,-1.5143505734820144,4.127031620339415,8.392418270169742,86.75952271963088,15.751460090794804,5.874401853217426,0.372943322038472,0.9134487460567683
2189,714,17,1,0.027714220757799533,0.058734403293276886,7.570948653597473,-2.6016428976746324,0.04580122548532129,0.14338323435882483,149.06315783115096,7.670922352642838,7.47097495455211,0.9739343733518773,0.02640982091401699
2190,715,1,1,0.028760768024626616,0.05445368955635098,7.401831357899154,-2.9803753787790797,0.04391482606560126,0.14095694270852535,170.76293056915566,7.413943586182656,7.389719129615655,0.9967325814817166,0.0032727652652001127
2191,716,13,1,0.01825680698749238,0.04266791735406062,7.542739906279579,0.9071959419776435,0.030963432055305707,0.08943248112168008,-51.978498666136346,7.518052853727321,7.567426958831836,1.0065674059580516,0.006545911130173002
2192,717,7,1,0.03811217230646702,0.05275490976665691,7.519123821501486,-0.2647571441519064,0.05716703026301141,0.18761665865605498,15.169466964007732,7.5244905206430275,7.513757122359944,0.9985735382012062,0.0014274799215821027
2197,718,23,1,0.036533973336939994,0.06729296035691679,7.418541505981423,2.707885428315986,0.05710347936839276,0.26204171963012746,-155.15040644027158,7.433605720027331,7.403477291935517,0.9959469967568171,0.004061233339130336
2202,719,23,1,0.022499117695703525,0.06500610463990981,7.660760023455966,0.1612357013216439,0.035645088237225765,0.13800904665013405,-9.238125193883137,7.626715096474788,7.6948049504371445,1.0089278087749507,0.008888132999059715
2214,720,11,1,0.03126880518234662,0.06045682307979836,7.417130791125424,2.616348037648826,0.05339441484652639,0.1655502719285977,-149.90570028622292,7.422883780881007,7.41137780136984,0.9984499313405927,0.0015512709476464693
2218,721,29,1,0.019412680748588578,0.0673970297051412,7.641375909947256,0.9351656466686348,0.03587207429125459,0.107194707224855,-53.581044698409244,7.686695279541793,7.596056540352718,0.9882083605642192,0.011861573132540767
2219,722,19,1,0.023640447175412728,0.06309811479652365,7.625002159501199,-3.0467871838012166,0.03707620063871743,0.1392334588885839,174.56804670578586,7.440506924198034,7.809497394804364,1.0495921144036973,0.048392179161096546
2220,723,19,1,0.023283575382513036,0.06495925569942741,7.657651803352656,-1.4848203340933657,0.03561377271800086,0.1556977330843166,85.07393847829708,7.738328950510544,7.57697465619477,0.9791486901955585,0.02107098866066618
2223,724,11,1,0.030577766877062793,0.059118026910847964,7.496651902404651,3.0005614867529333,0.047302573678295615,0.15631916502444324,-171.91950935794384,7.48122510039339,7.512078704415911,1.004124137906357,0.004115651149898617
2232,725,7,1,0.037889574111149064,0.06878840615611204,7.449228106812277,0.35336106749491153,0.06233769913685989,0.2501877947480206,-20.246097824985835,7.4178129584077555,7.4806432552167985,1.0084701915728176,0.008434470781151823
2237,726,13,1,0.02536213212675367,0.048285105534214307,7.489562362093287,1.7391778351121139,0.04029343981406234,0.13838265553443677,-99.64754977817793,7.547730887595132,7.431393836591441,0.9845864866227685,0.015533224156394534
2240,727,17,1,0.034015133833803404,0.049048972162508093,7.4836594414853845,0.9855017701926044,0.05664114966942134,0.16961996960210393,-56.465092125382704,7.47336861348073,7.49395026949004,1.0027539998458237,0.0027502128030060147
2241,728,13,1,0.023429255197759208,0.0643127482152058,7.869321618903015,-0.14747228847757252,0.03483557788100047,0.13509258287628378,8.449539725002111,7.835632215242596,7.903011022563434,1.0085990262776456,0.008562212930652967
2244,729,1,1,0.03678274018203403,0.07700026886649973,7.529985871511338,-1.7764441213086788,0.06151529018312102,0.19058397076170247,101.78275070515906,7.512991770282699,7.546979972739973,1.0045239238237573,0.00451371397466543
2257,730,28,2,2.7656834541118926,0.46748701551121,11.179769941482668,-2.571018638534604,4.1452960623753885,8.397890531856339,147.30205789279503,16.308102393764145,6.05143748920119,0.37106938275756257,0.9174307663081223
2259,731,29,1,0.03445646665659944,0.05728319910231456,7.529564826014353,-1.5053160553870735,0.05352444040775678,0.15697919764107127,86.24825680557845,7.56991137262547,7.489218279403234,0.9893402856057152,0.010716833586908607
2260,732,7,1,0.0349160223956303,0.057341909830674456,7.426716983723548,-0.10719891139748224,0.055895103882953344,0.20198641835959877,6.14204518771709,7.390281865396713,7.4631521020503815,1.0098602784008641,0.009811904346613881
2264,733,16,2,2.7619720639545484,0.46462336008765065,10.722122148340278,1.9434376062109273,4.139742105228616,8.393424989940012,-111.34433946063304,15.607158436329444,5.83708586035111,0.37400055136006555,0.9112069831708346
2267,734,13,1,0.030489169649157127,0.06120104209547367,7.503175014265478,0.6636416711081123,0.047432945130757326,0.16630718720913937,-38.02386686389494,7.536532380166755,7.469817648364201,0.9911478212475912,0.008891533474257477
2268,735,29,1,0.04026834228142796,0.05430000594295395,7.483534633710892,0.6598425747372776,0.06241624740067895,0.18974485346451553,-37.80619468400865,7.457283653190104,7.50978561423168,1.007040359933086,0.007015663534858419
2270,736,23,1,0.03044496092302678,0.06342240853234274,7.497558677662685,-1.8982321067791714,0.05047641534426951,0.16439585571532603,108.76068825906012,7.485904852966983,7.509212502358385,1.0031135380223493,0.0031086984968643106
2272,737,28,2,2.763991127665802,0.47461356788695463,11.160402703782841,-1.4993459427448743,4.142763770386684,8.417911787633077,85.91264180061604,16.3515631013616,5.969242306204084,0.365056372238017,0.930281914615716
2274,738,11,1,0.03093013712972115,0.07179005624224534,7.5118997950966655,-2.0136837891530206,0.05064305153259443,0.20869232085385314,115.37558239786878,7.541109006193503,7.482690583999826,0.9922533380507167,0.007776784007663303
2283,739,23,1,0.03046631739819856,0.048774975361923587,7.550112523052721,2.4815359648138084,0.04922529823682746,0.15539858247758542,-142.18153748810792,7.552091428141278,7.5481336179641625,0.9994759319037946,0.0005242054558830775
2287,740,11,1,0.03828988297775249,0.05454005637159043,7.58036444679943,-2.1342670440405365,0.06078864684376051,0.18494598748894864,122.28449399108543,7.611705819707134,7.5490230738917266,0.9917649542296921,0.008269093953902592
2288,741,11,1,0.046778259741094216,0.0660791554552177,7.517404098206094,-2.5527348787123816,0.07523656292551889,0.23624117887801538,146.2609347397897,7.548218027242524,7.486590169169664,0.991835442769348,0.00819802384809497
2289,742,1,1,0.020870801276488944,0.05890590499311684,7.582388985317125,0.5863014913679557,0.034897257659147404,0.10012298925003354,-33.59260097784614,7.570752598009887,7.594025372624364,1.003074037133454,0.0030693195323457287
2297,743,19,1,0.029123689187830638,0.06336202409851294,7.349015660013851,0.8963523143121775,0.04706257454581835,0.15751456838907218,-51.35720457146157,7.366599761623276,7.331431558404427,0.9952259924039771,0.0047854304366502206
2299,744,7,1,0.024429909163366573,0.059568249649459656,7.613012541320816,0.6944244991223163,0.040890524351541155,0.13673672600524808,-39.78759299097378,7.590024154278206,7.636000928363427,1.0060575267154197,0.006039235300831981
2300,745,29,1,0.021543024174523844,0.05944478655538324,7.4471787138361325,0.464960998902385,0.034735364118580254,0.11254587266841116,-26.640302877751836,7.4273092751939425,7.467048152478325,1.005350373306401,0.005336098247588953
2304,746,23,1,0.028228817497191135,0.05670262453587476,7.4877085596777535,1.4590573035560173,0.04584574694011379,0.15056038888639942,-83.59782555718157,7.450784403381178,7.524632715974332,1.0099114816098613,0.00986260509534737
2308,747,1,1,0.021224186524791418,0.08017045571399205,7.492857859249871,0.7646429095156327,0.0373601022935445,0.12861545191358903,-43.81081154972912,7.593260178021889,7.392455540477856,0.9735548851433741,0.026799472419744456
2309,748,23,1,0.041414379923291195,0.08043835729284171,7.390493034727083,2.8355827161753164,0.07028608564467702,0.210188833427554,-162.46692209399097,7.298252471090867,7.482733598363296,1.0252774384009293,0.024961951307656095
2310,749,13,1,0.03532452424228548,0.05262940590075833,7.514336360867583,3.0225251519675376,0.05215750520366374,0.1820026835169172,-173.17793468046892,7.488909787633153,7.539762934102013,1.0067904605491225,0.006767483384652325
2311,750,19,1,0.04223759975415537,0.05390329980162503,7.456318161526615,-0.615938398192215,0.06779898519761525,0.21218375974963635,35.290670677381996,7.442944138914614,7.469692184138618,1.0035937452605825,0.003587299340580728
2312,751,19,1,0.023634598477982063,0.06125517585643844,7.569441836961234,0.7085628941985709,0.043007459289612505,0.1136216599647701,-40.59766335808367,7.522907575403194,7.6159760985192735,1.012371350064219,0.012295295362681797
2317,752,19,1,0.030738135900938435,0.061306814197633924,7.386411286246582,-2.307386459729906,0.04859384414967398,0.15405756755583785,132.20350585294867,7.385585063325069,7.387237509168093,1.000223739328551,0.00022371430170718283
2319,753,29,1,0.036417656447242736,0.06240658904214301,7.469616772750796,2.895582487951029,0.0568264582725014,0.1849316535061742,-165.90465578572224,7.443530241194491,7.495703304307102,1.0070091826622631,0.006984704128722983
2321,754,7,1,0.035737970481075104,0.055465051076566685,7.457376664984056,-0.43113027374187163,0.058397024825960854,0.19081222304413767,24.701945117073898,7.450165512518704,7.464587817449409,1.0019358368490567,0.0019339649287697768
2322,755,17,1,0.03236414478322057,0.04729542233562643,7.451302010171032,-3.044303619978312,0.048295817122700584,0.17191408147802534,174.42574897851253,7.432533481934386,7.470070538407678,1.005050371661901,0.005037650657838602
2325,756,29,1,0.029709524835984512,0.060681481608611726,7.401453422022644,-2.702460538943626,0.050321492280860795,0.18079621260583809,154.8395831755538,7.408750168312109,7.394156675733178,0.9980302355664051,0.001971706332098081
2332,757,1,1,0.03674583635840073,0.0731594717469609,7.419363663821512,-1.0556158079008597,0.06047037042307162,0.20297617083508468,60.48233058108712,7.431869208977312,7.406858118665711,0.9966346164594246,0.0033710559887447883
2334,758,19,1,0.017862632725396923,0.0721800060410875,7.567635896213473,0.16313739372203304,0.028194586766883124,0.11838934885706458,-9.347084141487612,7.589668188285761,7.545603604141184,0.9941941356260359,0.005822767473078995
2335,759,1,1,0.033682423246624786,0.07122809302418731,7.5111658084507384,2.920528737244569,0.0517426724313691,0.21289838642520156,-167.33397058794338,7.540374175395115,7.4819574415063625,0.9922528070185997,0.007777319177673935
2337,760,7,1,0.03089905262769827,0.0674704570298866,7.555811774905668,0.14116352016920455,0.04681995528910107,0.1712923555762248,-8.088073928745938,7.4701099242848,7.641513625526538,1.022945271619701,0.022685014707619303
2339,761,16,2,2.7620223337934036,0.46998781199310663,11.079510132370661,0.12972750150017268,4.139817457781341,8.408263562294172,-7.439271783584314,16.18377300390096,5.975247260840356,0.36921225102453387,0.9213878250117462
2340,762,29,1,0.03981563215095123,0.058172556717533665,7.514422917952023,0.29801672035051285,0.0644314672361689,0.20007226574966439,-17.07510031652183,7.597817932547367,7.431027903356683,0.9780476406948115,0.022195986439919612
2354,763,16,2,2.7589633396549758,0.47816266773061417,11.285379154124959,-0.6038404718042679,4.13523980720036,8.400225641319151,34.5910984218987,16.571817776739604,5.99894053151031,0.36199653003248033,0.9368650446595553
2356,764,13,1,0.04358037956356364,0.05769228197784361,7.342886205014692,-0.5837482751479085,0.06262364149895012,0.20958760514484112,33.44631246600829,7.3391970358459675,7.34657537418342,1.0010053331858262,0.0010048280923124586
2361,765,7,1,0.034878039013620576,0.06947385392325396,7.565683023709139,-1.518880653360788,0.060170545355262166,0.17473179782989723,87.02545101062242,7.5450401102805795,7.586325937137698,1.00547191615335,0.00545698606824231
2362,766,19,1,0.02599937995345409,0.07021409389891387,7.4935568238938535,1.8671726127067585,0.04401626840037856,0.23450366095135317,-106.98111033494958,7.506061381256526,7.481052266531179,0.996668144123122,0.003337415771053163
2363,767,4,2,2.7629617233281416,0.47527879213994173,11.353694967998228,1.9009868311827551,4.141222940787125,8.374119830612253,-108.91208228570592,16.649898533100373,6.057491402896079,0.3638155146023052,0.9329480103226557
2365,768,1,1,0.022910389835014283,0.074050626246385,7.455132620971248,-1.562709500393175,0.037448597084266406,0.15083161245481708,89.53665897936973,7.544420099564342,7.365845142378154,0.9763301943914151,0.02395329047317789
2369,769,19,1,0.02759186577191745,0.058736105518206044,7.540624483696265,-2.7507868260063533,0.04586159372675007,0.1676959210211162,157.60847546649586,7.678552968322036,7.402695999070493,0.9640743548439928,0.03658277505370795
2378,770,19,1,0.020309286038244157,0.04717529554519507,7.569313191523963,1.8615435684288064,0.03230934610686805,0.12738777740837895,-106.65858985200907,7.478796677654374,7.659829705393552,1.0242061705300907,0.02391670461487791
2380,771,17,1,0.028208461332994098,0.06906698388700892,7.555709205268281,1.3667863139542278,0.0471103793970775,0.15535032888366682,-78.31108727995381,7.62581870982038,7.485599700716182,0.9816125960451135,0.018558020868038372
2381,772,2,2,2.764676257954754,0.4702100970535229,11.047354713164689,-2.963358901323738,4.143788803979117,8.392454148271678,169.78150616194588,16.144021862825312,5.950687563504066,0.3686000684381293,0.922694578383933
2388,773,7,1,0.03947797566815375,0.06612114134461326,7.388344331584989,-3.005708609189212,0.06274449707042494,0.1862036578495057,172.21441775635142,7.361422019895125,7.415266643274854,1.0073144323520928,0.007287779367502476
2389,774,19,1,0.03646085109601576,0.07909486779365416,7.486388195229861,2.4825188319489704,0.05907313303325485,0.20412017320040657,-142.2378516231121,7.4380877943541615,7.534688596105559,1.012987316689744,0.012903525603033638
2390,775,17,1,0.025372540725952932,0.058788368001243776,7.575034857448369,-2.8167168869250987,0.04229036663321635,0.13847303012713924,161.38598969987424,7.573067422237577,7.577002292659159,1.0005195874012724,0.0005194524507980254
2397,776,1,1,0.020065588898014988,0.04083362934565343,7.561512623149441,0.6402470603805748,0.03504403726045935,0.11146573742740105,-36.68345440709664,7.595302569776038,7.527722676522845,0.991102409333617,0.008937351112302422
2401,777,14,2,2.766238912989479,0.46797567613995816,11.06367080855095,2.6910401454351685,4.146127317533845,8.404574395362902,-154.1787797930451,16.143720925252957,5.983620691848945,0.37064693570668794,0.9183299475569554
2403,778,11,1,0.038682604641791435,0.06830033549799801,7.537466639932762,3.062878237640587,0.062132525968308275,0.23417463089236024,-175.48999616625542,7.633197050713071,7.441736229152452,0.9749173484860144,0.025401216444034144
2404,779,28,2,2.7660331043430104,0.46704104986069955,11.094970382070187,1.4263511870534133,4.1458192564257095,8.402000831089834,-81.73036470450207,16.179692999556636,6.010247764583741,0.3714685911993779,0.916581557658507
2406,780,29,1,0.03999091801478826,0.05444091727608834,7.4711147522651356,1.5772997737131798,0.06522306652792051,0.1718043295855621,-90.37262005079369,7.472630598074007,7.469598906456263,0.9995942939266227,0.00040578838878419855
2410,781,28,2,2.765922946361017,0.46709106744598655,10.93381646788173,0.02401215497269013,4.1456544707046765,8.401335463494387,-1.3693343280840602,15.944289162935274,5.923343772828182,0.3715025306112625,0.9165093834841465
2411,782,7,1,0.03308427048607727,0.08279751707279595,7.532353221336776,0.21452886963449083,0.0562538539145057,0.23468126779877566,-12.291598822168766,7.516574486775749,7.548131955897802,1.0041983844073619,0.004189589653424796
2414,783,7,1,0.0293557463619328,0.06736515417930791,7.372961992562784,-0.08701686039936557,0.04894974165262702,0.1683822997284178,4.985698854422512,7.4117570973895734,7.334166887735994,0.98953146890352,0.010523614489244085
2416,784,19,1,0.026294012601543456,0.0454743414097908,7.411035091472797,0.34573181168073797,0.04057940046729357,0.12392949251064526,-19.80897365618079,7.379527729835777,7.442542453109818,1.0085391268358908,0.00850282349176107
2417,785,7,1,0.02961197244432248,0.07722879502092622,7.581406215535996,-1.6076449572828848,0.043525065668254814,0.1599606679020152,92.11127101106679,7.545629318442356,7.617183112629633,1.0094828133171598,0.009438063619470458
2422,786,29,1,0.029023063372044328,0.07954633536026111,7.486970973252545,-1.1093748925572176,0.04504695928989899,0.173656779533895,63.56249923771543,7.5505366704159815,7.42340527608911,0.9831626015638081,0.016980350903062547
2423,787,29,1,0.022874461043129502,0.060572915618531925,7.499221797792717,-3.0015225341613627,0.03784238057091319,0.14990453608144108,171.97457331913475,7.481558535824005,7.516885059761429,1.004721813478872,0.00471069197444213
2431,788,19,1,0.02118342280084883,0.06907450577296334,7.380254276523538,0.7528877368067091,0.03520989175473711,0.11771617124752766,-43.13728976431185,7.4170715728970995,7.343436980149975,0.9900722822985564,0.009977243329048277
2434,789,23,1,0.03752071925285253,0.0689595018677606,7.313050472969919,-2.0028175373393573,0.0658031152963017,0.19755025179541233,114.75299203633726,7.3482393165696,7.277861629370237,0.9904225101868052,0.009623574657318295
2447,790,11,1,0.040728416400893745,0.07039889414967257,7.612992295088413,-2.7932118664929675,0.06472282264357918,0.2335358410822857,160.0392512211916,7.653312789666717,7.572671800510109,0.9894632571054084,0.010592548373999304
2451,791,23,1,0.0336630170078827,0.05955565567115911,7.28566399140376,2.9170776094058475,0.05482728353237862,0.17311770668522997,-167.1362355309703,7.325416283384183,7.245911699423336,0.9891467486781355,0.010912469207288986
2452,792,11,1,0.032391119803430436,0.05190729501732727,7.5460539673684,0.7397212154486362,0.05057414866742547,0.15914789488139455,-42.38290366523435,7.590557865956648,7.5015500687801495,0.9882738793711467,0.01179527704962056
2455,793,23,1,0.032793623402790975,0.060214709024351006,7.4499313191329755,-1.7738989413689743,0.053707231198064614,0.19391872091631462,101.63692263337838,7.415897277373968,7.483965360891982,1.0091786713019462,0.009136739736539607
2459,794,1,1,0.041497090827555205,0.06182346482462678,7.419083167398814,1.9919449690951123,0.06772712504631993,0.1868489605075074,-114.13003976784272,7.378857959195547,7.45930837560208,1.010902827626093,0.010843714053516897
2461,795,23,1,0.02015213409790389,0.061960415047677755,7.6475337497167954,1.520889572346431,0.03229748075431146,0.14754008073838962,-87.14055360077529,7.684978429974071,7.610089069459521,0.9902550981506395,0.009792615889707297
2471,796,11,1,0.033089206381273155,0.048384945998278424,7.628674124646646,0.3756387157261636,0.05332954496505202,0.18366610323670834,-21.52251304150678,7.6685589281236,7.588789321169691,0.9895978360860783,0.010456549283733362
2478,797,7,1,0.04206776517271178,0.054516717667436765,7.510747409550263,-0.11905425614344592,0.0646780336267414,0.19704709057111225,6.82130641434925,7.417359539105127,7.6041352799954005,1.0251808935384044,0.02486779686569934
2481,798,11,1,0.03441659313976127,0.0566211860975113,7.538907150785465,2.9397775161342037,0.05615532883822515,0.19884721000679265,-168.43684437863325,7.516052457634102,7.561761843936826,1.0060815682913837,0.006063131616889752
2486,799,17,1,0.0324371581151638,0.061054052120151185,7.404074423775637,0.7816546271493515,0.05383922749059881,0.18388463975285904,-44.78551116571771,7.410895578550685,7.397253269000589,0.998159155070329,0.0018425408456576463
2490,800,1,1,0.02806515714298357,0.05449917754043561,7.455927828574867,1.2472838526282315,0.04643394153784925,0.1641930098150821,-71.46410060547659,7.377814998867215,7.534040658282521,1.021175057851043,0.020953215080297728
2491,801,19,1,0.04101578114339603,0.07433041571191559,7.3837513234016345,-1.7355474030070845,0.06717719675757003,0.1991114057079131,99.43954135598563,7.331791444164833,7.435711202638432,1.0141738563166995,0.014074114081312795
2494,802,7,1,0.029654787380901604,0.06114308680305677,7.386716568527064,-2.7061598619050753,0.047929145684031414,0.14411801805696525,155.0515387685276,7.33171069593507,7.441722441119056,1.0150049217360664,0.01489318618947949
2503,803,19,1,0.02753344521264824,0.061154817859031374,7.537199502894144,0.3301290939853185,0.04447209534016281,0.1920534069421548,-18.915003784890423,7.491323887851748,7.583075117936542,1.0122476656273776,0.01217311947886791
2504,804,1,1,0.03628436760632131,0.07471404044073653,7.44129030051401,-2.5960109097831774,0.06286080994404196,0.21707506735791235,148.74046868678977,7.443873120640022,7.438707480387999,0.9993060547690287,0.0006941860945361704
2506,805,2,2,2.7604241737580653,0.46828741895571047,10.941462013477242,-1.0732327135616733,4.137425676397867,8.391242659161078,61.485282610708474,15.965081269213472,5.917842757741012,0.3706741392637181,0.9182720279151622
2511,806,17,1,0.022970196457672874,0.05762303570257535,7.395860099850156,1.7942618983252157,0.03397563194334024,0.13970892426583895,-102.8036341155339,7.3824528913875715,7.409267308312739,1.0036321825983405,0.0036255981810297423
2513,807,11,1,0.033515082152851566,0.062240212509503824,7.5713478153245735,2.056906383697217,0.05261233207178618,0.16381896646084917,-117.8520546487974,7.571841570996052,7.5708540596530955,0.9998695810875469,0.00013042741755410714
2524,808,11,1,0.02153108644197483,0.07195466693081116,7.6554492479916805,-0.22065256138692588,0.036209453856488695,0.14993792582791587,12.64246050791207,7.645416031502655,7.665482464480707,1.0026246358465478,0.0026211960040511844
2526,809,26,2,2.7692516777451255,0.4694379184473122,11.145442073803315,-1.798587872408756,4.150635802209245,8.398495777789014,103.04500997004365,16.280565322131782,6.010318825474849,0.36917138358238877,0.9214750234803626
2528,810,11,1,0.03359306035016596,0.058804701847893805,7.495968111165985,2.0491897750662766,0.05247110887176622,0.1882478327829808,-117.40992554078005,7.568424869419703,7.42351135291227,0.9808528829964399,0.01933219490242629
2534,811,19,1,0.03320921732330778,0.05601775778540311,7.642194820884245,-0.44067234776975445,0.057059251689178796,0.18835832446779074,25.248665683334494,7.704152182078863,7.580237459689627,0.9839158521975355,0.016214546382749502
2535,812,22,2,2.759989560283323,0.4674053983187867,10.802211254803705,2.8777727124713635,4.136775425672942,8.401295338538946,-164.8906500734198,15.75050994887461,5.853912560732804,0.371664954324293,0.9161640292621405
2540,813,17,1,0.036330113609792915,0.06995744989225457,7.44318196543497,-2.6305652747728114,0.05529991519710086,0.25587748904749885,150.72028797536532,7.472703247189912,7.413660683680026,0.9920989016214328,0.007932435856609642
2544,814,19,1,0.033860645348069984,0.06576846287399515,7.324640935358373,2.613794688588883,0.057955649013452994,0.17024834367244746,-149.75940415934718,7.349862976033988,7.299418894682757,0.9931367317301404,0.0068869015964619805
2546,815,19,1,0.03718038357706327,0.05625583133674667,7.528850652546908,-0.6502965243633257,0.057082379620275674,0.19289868956884387,37.25924628453776,7.500665507010671,7.557035798083144,1.0075153719386347,0.0074872372522629
2548,816,17,1,0.022783966169896423,0.0609705942667788,7.530010656729441,-0.8821729775254702,0.03864191367722156,0.11444592162728111,50.544788412242,7.490783817140928,7.569237496317955,1.010473360477645,0.010418800550689057
2549,817,29,1,0.02711216372948549,0.06670188945218286,7.542442728083196,-1.8558129536646981,0.04680833596862683,0.18622150334803927,106.33024981577539,7.646614624404481,7.43827083176191,0.9727534598150621,0.027622853782745004
2551,818,13,1,0.021794114986231614,0.04831521362598711,7.465224778174607,1.6344928749314254,0.031224278722897642,0.120951605512626,-93.64954337882897,7.46577367225682,7.464675884092395,0.9998529572134627,0.00014705359812277225
2555,819,1,1,0.044468539215563326,0.061889465296453616,7.577714943206607,-2.1274969707592843,0.06685866211557695,0.23578402674452753,121.89659736013489,7.567299238751412,7.588130647661804,1.0027528195004787,0.002749035700936113
2561,820,14,2,2.7568962988970407,0.4768045757066114,11.445049352365448,0.9168493267291613,4.132146310986031,8.381120343193887,-52.52519918404953,16.79330079381785,6.096797910913045,0.3630494079613861,0.934596483910667
2566,821,11,1,0.031032200003610462,0.04275060114738462,7.536702511856352,0.2941274679915126,0.04964325765863855,0.1526012529320703,-16.852262561035356,7.580640822106452,7.492764201606253,0.9884077583198592,0.01165982342568999
2570,822,7,1,0.020064827511413558,0.052484897517821115,7.481704363917848,2.389151055082968,0.03757637362416661,0.10903914626033605,-136.88827207574263,7.570839739371267,7.392568988464431,0.9764529752254879,0.023827558833597506
2571,823,1,1,0.03402715358861288,0.05679237976869798,7.512866863506138,2.01129095650345,0.056683375100779726,0.20385540761946988,-115.2384831920592,7.516781372753437,7.508952354258838,0.9989584613272142,0.0010420813568024745
2572,824,1,1,0.04775777725275045,0.06835406318336833,7.492617261786795,1.030961124663764,0.07768700337162882,0.2513140552500154,-59.06972125483832,7.531059385191688,7.454175138381901,0.9897910449410391,0.010261333806800183
2580,825,29,1,0.023560835290238103,0.0575037675636976,7.330852879849306,-1.055296136757745,0.039458567654387454,0.14134776149037323,60.46401476911635,7.430767247436385,7.230938512262227,0.9731079270120998,0.027258593024481064
2584,826,1,1,0.03273034895235284,0.07273892054112946,7.4374945743502225,-1.466625774959869,0.059569526558184614,0.21570574505317888,84.0314670194289,7.442686783667741,7.432302365032703,0.9986047486698183,0.001396225372836007
2586,827,13,1,0.028547647113682278,0.06256600383139638,7.529687031938486,-3.027635178188982,0.0439489241231379,0.1469884825903346,173.4707176118548,7.502348210077114,7.557025853799858,1.0072880706402432,0.007261609080273671
2587,828,29,1,0.025834850321753356,0.07405033654461786,7.600300460956484,1.540264762345663,0.03762133891239326,0.13021878676637055,-88.25067021357563,7.641057873682115,7.559543048230853,0.9893319973753868,0.01072521091370167
2600,829,16,2,2.763359743495839,0.4751638309775796,11.530811379900546,0.008554547037851253,4.141818502444157,8.390069947541166,-0.4965822819386371,16.90873899645774,6.152883763343357,0.36388779580974917,0.9327925744985301
2603,830,17,1,0.03889576722186459,0.0784972325931842,7.402560258690966,1.0327064350571402,0.06268398937519923,0.17672452512268125,-59.16972019172664,7.440451824960449,7.3646686924214855,0.9898147136327482,0.01023742190412975
2606,831,19,1,0.03711752324248162,0.05440238188999775,7.386953328657673,-0.739373764182888,0.058118734423180836,0.21227289387335577,42.3629961787994,7.375042206255107,7.3988644510602395,1.0032301164032564,0.0032249079891589756
2610,832,11,1,0.03248614872732765,0.0647413550867857,7.465939020739186,-0.49146083469243035,0.053581255074224066,0.17775208617330546,28.158631633605292,7.360544875526388,7.571333165951985,1.0286375932747127,0.028233326021021632
2611,833,29,1,0.03418799587192952,0.04665749768628687,7.52120414851753,-0.9050200639899582,0.054130562475392094,0.16348202046165208,51.85383003412139,7.511444348795917,7.530963948239143,1.0025986479479616,0.0025952758438386324
2612,834,29,1,0.01665301323540686,0.054829999054445897,7.515313312125056,-1.8448270540823155,0.02627184015789582,0.1306043718947666,105.7008041309016,7.555665758953046,7.474960865297065,0.9893186257530848,0.010738726424854777
2620,835,13,1,0.034797931053799955,0.062093615930679615,7.457784776449287,0.8437258626866466,0.0541178941482947,0.18357474785142888,-48.34193100062929,7.491457471820545,7.42411208107803,0.9910103753514136,0.009030213764707074
2627,836,22,2,2.762845263929485,0.46932387487076804,11.10391138589603,-2.5547973746402417,4.141048768737884,8.409868700921047,146.37266782920608,16.21477450981144,5.9930482619806185,0.36960416923184897,0.9205518571423632
2628,837,11,1,0.027782578028115273,0.060372245067814106,7.617337559605469,-0.13468893113117908,0.044574301194744294,0.15036807689583656,7.717107304728771,7.657947492684799,7.5767276265261385,0.9893940424328784,0.010662500581484926
2629,838,13,1,0.021534900312656886,0.06021412094772951,7.532902250395163,-1.4562412434112375,0.034573169993833315,0.12736425713862376,83.43647720003784,7.558250415929736,7.50755408486059,0.9932925838283555,0.006729986582062217
2633,839,23,1,0.04204614302899987,0.06461324628291283,7.461542352841148,1.4197554353237973,0.06834068758714704,0.19486621406583848,-81.34599437817042,7.479203977808491,7.443880727873807,0.9952771377756922,0.004734041336806777
2641,840,29,1,0.026660453992859004,0.05135484122282095,7.409722485119679,-2.566825448125504,0.045734700306377246,0.15843223436367398,147.0682649192812,7.432183343124119,7.3872616271152385,0.9939557847357952,0.006062536903250111
2642,841,1,1,0.029427692147496513,0.07122004701228937,7.407859790928082,0.7420932500515246,0.04693434550970051,0.1479562006046446,-42.51881122865275,7.443307023582547,7.3724125582736155,0.9904754076267017,0.009570168349534858
2643,842,17,1,0.03702846974784935,0.06863145491683123,7.539042277777648,1.788948891734079,0.0592809236930389,0.20740254887574514,-102.49922127418175,7.5817748169729695,7.496309738582326,0.988727563076746,0.011336330961104087
2646,843,7,1,0.04551222495194041,0.050351171747152354,7.477313479352833,-2.2190053544363084,0.0712473599263482,0.21866697020968615,127.139641544311,7.496633273078191,7.457993685627477,0.9948457412756901,0.005167576236760759
2654,844,29,1,0.03101942687464907,0.08887525278742023,7.432004529375294,-1.3445383184698179,0.0515818780415753,0.18066617270695765,77.03637104244676,7.459222263777516,7.404786794973071,0.9927022594475047,0.007324466580891666
2659,845,19,1,0.02836935030652696,0.07514129440190559,7.71772213231768,2.031961551696499,0.04728832310379265,0.13360862520021793,-116.42282104780203,7.7499503719499465,7.685493892685412,0.9916829816745889,0.008351749150779273
2661,846,17,1,0.03241259592912148,0.061478091624406615,7.388843426594045,0.48673472748526203,0.04994147378335757,0.23428051139620712,-27.887845631545282,7.389196429805485,7.388490423382604,0.9999044542353708,9.55503293438212e-05
2665,847,7,1,0.028739268980923223,0.06336458749687318,7.48820114035161,-2.8559279773371835,0.04545292303267012,0.140492627427058,163.63261969205348,7.39872434908327,7.57767793161995,1.0241870860561053,0.023898073673843178
2666,848,19,1,0.029823165149475212,0.05563071692091449,7.511694985097077,-0.15983307858019644,0.047192922728705046,0.1725975095057137,9.15776083535066,7.4793311872249335,7.544058782969222,1.0086541956926371,0.008616909482174827
2669,849,7,1,0.03311258465481698,0.06092212048868755,7.496742873033674,2.9686063540261376,0.049586013085468034,0.20285582978404976,-170.08861512131023,7.500084875301463,7.493400870765886,0.9991088094805983,0.0008915878067019102
2671,850,29,1,0.034795629698034194,0.049292300749054545,7.65841511926899,0.651135482687828,0.054267028007505685,0.15450826083436117,-37.30731505502878,7.705481059913966,7.611349178624012,0.9877837761772391,0.012291300461516238
2678,851,7,1,0.02048078127601641,0.06259441102862039,7.509565861385076,3.039792018686885,0.030229832317166805,0.15890180114459643,-174.1672532680499,7.4640089620641925,7.555122760705964,1.012207085911185,0.01213303143265411
2689,852,29,1,0.027959852420251216,0.05460241761596222,7.464815795999787,-0.05602976237900631,0.045276150234797446,0.14403654143899883,3.210268913082124,7.476617040724559,7.453014551275017,0.9968431592361919,0.0031618314630335125
2701,853,7,1,0.0433349519233032,0.08037386604899703,7.4137078976897035,-2.351179122146629,0.06790212871582292,0.25963379898999983,134.71264056499274,7.410361170358957,7.41705462502045,1.0009032561986677,0.0009028484469395652
2705,854,29,1,0.046060755905840585,0.07093616631863482,7.431499782665246,1.2050155254973347,0.0743690179737185,0.2546487514715929,-69.04230383845386,7.452014884226344,7.4109846811041455,0.9944940792846446,0.005521120140231392
2706,855,29,1,0.030940745985010492,0.06918562892570243,7.7323235837831525,1.7559805824259143,0.0504315132314512,0.15489939141429843,-100.6102762864987,7.791827567590603,7.672819599975702,0.9847265655479975,0.015390970944942602
2707,856,29,1,0.026689354129452617,0.06039573441734664,7.552972669201613,1.3823529956939469,0.04063673554982076,0.1535353029906555,-79.20299244647997,7.454319961024813,7.651625377378415,1.0264686004069077,0.026122882339842703
2709,857,28,2,2.763077564109839,0.47191617871223407,11.133619376530582,-0.9868546596604794,4.141396547825322,8.418360228231638,56.536166110053415,16.283648608507995,5.983590144553166,0.36746003849695075,0.9251311829167721
2718,858,23,1,0.03136067759383361,0.05961121191613489,7.530523024531567,-2.5063571061883483,0.0505570920535623,0.16082740978411864,143.60368413335848,7.4482626684452,7.612783380617932,1.0220884680758815,0.021847182677323513
2721,859,28,2,2.770097232662072,0.4750321697858015,11.794502667117227,0.39129838706535025,4.151901045546238,8.403289837061955,-22.413255947906567,17.295475289772018,6.2935300444624325,0.36388303524588433,0.932802811260769
2730,860,23,1,0.01885606355999864,0.0613183349815452,7.583162727071345,-0.22914909132706782,0.03103262862148438,0.13623643549624886,13.129275813116202,7.5377847717836115,7.628540682359079,1.012040130266812,0.011968081635842403
2731,861,17,1,0.025618927548722924,0.05958482625920835,7.5809063533349725,-2.9481276222788653,0.039502233539720384,0.15582066939661268,168.91527022058477,7.599056693011517,7.562756013658431,0.9952230019041087,0.004788435268972325
2741,862,11,1,0.03498568131921681,0.058199182479292705,7.521176011513843,2.655191482950636,0.05586548490709993,0.18534752157823275,-152.1312657635965,7.490361385106239,7.551990637921448,1.0082278076646278,0.00819409793373578
2742,863,1,1,0.023760026193151748,0.05963478041961277,7.553976007840382,3.0817691446000848,0.03469665882801583,0.14031952014796933,-176.57236541881954,7.7041610467540504,7.403790968926715,0.9610119679476471,0.03976317604339452
2744,864,7,1,0.037524484307654364,0.08996861928851643,7.537306841902123,2.583019025405186,0.05822479533188181,0.2607744345483631,-147.9960885611204,7.515447941558195,7.559165742246051,1.0058170585476496,0.005800188529517765
2746,865,17,1,0.027535557906716107,0.04760560770990111,7.487132100261448,0.32731343217663517,0.044659311515961995,0.1286732000591437,-18.753678244729,7.4982737836861855,7.4759904168367095,0.9970282004242154,0.0029762219433390035
2751,866,2,2,2.766046603401127,0.47317420043515773,11.426374689942117,-1.8090052759400297,4.145839403845749,8.39515808472097,103.64190574470236,16.733598982846996,6.11915039703724,0.36568047335840653,0.9289428076564785
2755,867,23,1,0.017104769961175458,0.06027953876176025,7.429408896840638,2.4836033728357605,0.0279788828445112,0.11332650235254589,-142.2999912478984,7.4325535731721875,7.426264220509088,0.9991538099791435,0.0008465481911722387
2759,868,29,1,0.024573531206331527,0.05521070889783662,7.689254592536748,1.033764106180478,0.04185979581727059,0.12863403146339317,-59.23032029497759,7.640691511987459,7.737817673086039,1.0127116977496342,0.0126314143887044
2760,869,23,1,0.03850423140763424,0.061153626801517494,7.4645488509833475,1.8671402351906092,0.062240135909360075,0.18166001015542252,-106.97925524282861,7.489649170817106,7.439448531149589,0.9932973309533482,0.006725207466611221
2767,870,23,1,0.041475658771248966,0.062407021843671875,7.46200950029517,0.9834428975472579,0.06678324967772234,0.21207417936695586,-56.34712741848973,7.484904000804879,7.439114999785463,0.9938824865336293,0.006136282862894304
2770,871,13,1,0.028343905683191326,0.06382446159710545,7.542583873734632,-2.9040679336717665,0.04657602608623544,0.15810779432552827,166.3908360137875,7.534145094982449,7.551022652486816,1.0022401423508034,0.002237636039174782
2771,872,29,1,0.02806562535821008,0.052506624515666345,7.290722423109068,-1.0567367931215454,0.04326107045784472,0.16297334200726127,60.54655830161485,7.305587622689889,7.275857223528247,0.995930457521404,0.004077839950044886
2773,873,13,1,0.029942348482748092,0.06331511297093609,7.630408794365519,0.8737767764784882,0.04864368004932851,0.13598162571343242,-50.063721526942686,7.713461939777664,7.547355648953374,0.9784654034568195,0.02176898974887781
2774,874,1,1,0.047439238588491764,0.07623065996390233,7.300526694633787,1.6173960390137834,0.08430583881671194,0.21751346091548832,-92.66996681528927,7.2686800414995405,7.332373347768035,1.0087627060078097,0.008724480976874203
2777,875,17,1,0.025933214088545927,0.07155161719269512,7.483472438321527,-3.038162464024112,0.03877393325236286,0.13991245831584273,174.0738866615469,7.450786184332059,7.516158692310996,1.008773907392002,0.00873558478603812
2778,876,17,1,0.02991903410426443,0.07334057967924601,7.505694460829171,0.46789774305400733,0.04862075664004046,0.18301730754883702,-26.808565926392276,7.544675117772579,7.466713803885763,0.9896667102731611,0.010386955436792947
2779,877,19,1,0.022300000326012915,0.052686131339883834,7.492640966703646,-0.5823794569083592,0.03724376805358666,0.10208817416375146,33.367884956706774,7.558074181798087,7.427207751609205,0.9826852149051349,0.017465995070421222
2781,878,7,1,0.031157443726154064,0.05584583237169334,7.48508709698674,0.43999837746834664,0.04859323754480126,0.1638655779092975,-25.210050027606943,7.4534428077391075,7.516731386234371,1.0084911872443094,0.008455289521045286
2782,879,22,2,2.767500893285596,0.47132057420508844,11.331457009524074,0.9135891080858166,4.148015747713977,8.398934369479752,-52.35127200750162,16.573675670734453,6.089238348313698,0.3674042179470172,0.9252505934240052
2785,880,16,2,2.7603983397444574,0.4692279071059377,11.17283586882191,-0.13514013856061402,4.137387088057978,8.409936848671448,7.736537477388155,16.311155014412535,6.034516723231288,0.3699625635277937,0.9197878150039304
2787,881,8,2,2.766095606021839,0.47428136946316196,11.277518024481454,2.6484834500761982,4.145912913125483,8.399293302793987,-151.74046176322668,16.52452897347785,6.030507075485059,0.3649427517821613,0.9305258369095191
2789,882,19,1,0.032968069639555016,0.05257989814761931,7.519039934683975,-0.6568905623868658,0.05269651335769059,0.17518575923863824,37.63705683092565,7.480646705331992,7.557433164035958,1.010264681882281,0.010212269035806505
2790,883,23,1,0.03885204286395538,0.08692019343702508,7.58064986487409,2.5035141401660455,0.06447945753519968,0.23907674935475942,-143.44079416849056,7.5299979414164,7.63130178833178,1.0134533698021602,0.013363477897163476
2791,884,11,1,0.04990125314424174,0.061495491678484074,7.485132239757889,-2.5903647266539105,0.07897095582970035,0.2449028391766603,148.41696620721993,7.517239852320517,7.45302462719526,0.9914576059315928,0.008579036825050682
2795,885,11,1,0.040069984174346825,0.06185461765057862,7.512862200752732,0.27291470683788505,0.061892501217058665,0.1894249214316052,-15.63686088346976,7.524857927943058,7.500866473562403,0.9968117066647113,0.00319338405784305
2798,886,16,2,2.7572873181976867,0.46772065321023376,10.902779042314778,1.5294209898784363,4.1327316778188585,8.391970127708499,-87.62296744309144,15.897901989629647,5.907656094999907,0.3715997305086877,0.916302701894315
2803,887,29,1,0.022240194208276068,0.05364503262389972,7.498325414113368,2.813759758014368,0.03460534972035701,0.14204765992931534,-161.2165586970997,7.478185116730433,7.5184657114963045,1.0053864131653754,0.005371945406644404
2805,888,19,1,0.048701099900908554,0.06475760065185006,7.402617081940779,0.8555446261470232,0.07149913266617595,0.2611917245928592,-49.019096272687925,7.423297627495081,7.381936536386478,0.9944282052014989,0.005587360611898463
2807,889,19,1,0.042165705065909526,0.05114784419906472,7.480576254020938,-3.1075774521112147,0.06517710021257891,0.1995412033701161,178.05107251308635,7.4863239164704645,7.47482859157141,0.998464490045139,0.0015366897560699856
2813,890,7,1,0.03711142921771577,0.055643318281592684,7.544654571333705,-2.668895551315119,0.060178440956292545,0.18329204756906609,152.91645103834514,7.495061942227232,7.594247200440179,1.0132334140768253,0.013146428014054707
2816,891,19,1,0.03228798438296279,0.058865080304577336,7.579693739226698,0.11691325890850617,0.05011590468798483,0.16811438260846884,-6.698636306771467,7.566643309596354,7.5927441688570445,1.003449463413663,0.0034435242581916633
2818,892,17,1,0.03452997374668739,0.07205417362981097,7.5652788175891414,-1.1059704021620422,0.05834130042189678,0.21880761293417259,63.36743630122331,7.63306581432131,7.497491820856976,0.9822385923608876,0.017920554778381288
2819,893,7,1,0.041619639776120286,0.0746349922185333,7.352158120094873,-1.930528568170486,0.0708689871837598,0.20675640989548266,110.61113919676903,7.327572659908338,7.37674358028141,1.0067103968333337,0.006687957409223623
2826,894,1,1,0.02715029907425733,0.05751735825627162,7.487500934469819,-2.211871849361685,0.043044519830936524,0.15557254874393647,126.73092179339493,7.600299836595607,7.374702032344031,0.9703172494372765,0.030129920012831407
2827,895,23,1,0.024635574470736152,0.06168677870441869,7.541141739407092,1.338060290316124,0.04013090596388224,0.17885069988737684,-76.66520736837268,7.574496399366278,7.5077870794479065,0.9911929036069048,0.00884605040239121
2829,896,13,1,0.042365855368974,0.07797508109845443,7.375535072773891,-0.14266542752820302,0.07100537246520751,0.23516422825958755,8.174126900707586,7.357407265512981,7.393662880034804,1.004927770505755,0.0049156588863169546
2830,897,1,1,0.033214130797714826,0.07002712399291329,7.428605687734888,2.6114133715710013,0.05022785223955913,0.16847879109807,-149.6229647504552,7.377814786610004,7.479396588859769,1.0137685487082335,0.01367441031598754
2831,898,23,1,0.032967410275441825,0.06645027849944601,7.454394752759025,-1.3393458829650746,0.05505612639750139,0.1574996908922366,76.73886640053482,7.409411164576452,7.499378340941599,1.0121422842337686,0.012069011549441686
2832,899,13,1,0.02813219556423418,0.07063821123117527,7.520013298767195,-2.39143608343304,0.045644441579423795,0.15290821543106817,137.019194555758,7.591260961909662,7.448765635624727,0.9812290307236271,0.018948813070356608
2833,900,13,1,0.030977956977356922,0.06297984340068162,7.493529211122028,0.05746559764316886,0.04976198839736747,0.14045680858157386,-3.2925362099324027,7.621375980892176,7.365682441351883,0.9664504755858585,0.03412191136331175
2834,901,16,2,2.7588673455324204,0.4719772077612571,11.243243758782127,2.7977026742587556,4.135096129884123,8.391864182214464,-160.30296698642493,16.442554012291215,6.043933505273039,0.36757875332232753,0.9248772623021525
2835,902,1,1,0.030394023849381818,0.050383349963816444,7.481339612918071,-1.3485723074596434,0.047584939000770286,0.1731293392217752,77.26750158061809,7.514290552040929,7.448388673795212,0.9912297937124859,0.008808833932886045
2838,903,11,1,0.0357640123641716,0.04490841750361408,7.539588198991902,3.0720240431545967,0.0524658672018902,0.16528463604520643,-176.0140122346956,7.579333703673688,7.499842694310114,0.9895121375477841,0.010543150005752625
2840,904,17,1,0.03138918351568162,0.054716196052148065,7.519432377724783,-0.28597995986382374,0.051359882234990696,0.19158658298895567,16.38544473299024,7.531415888507189,7.507448866942375,0.9968177269826001,0.003187344517627764
2841,905,29,1,0.038222333777667525,0.0666781696253088,7.36097333528705,0.4743896111204914,0.05724704964907242,0.2515369243955972,-27.18052256597014,7.347335078839171,7.374611591734929,1.0037124362238925,0.0037055579002032487
2862,906,7,1,0.03576896869570451,0.05061744413938761,7.406214093497602,-0.20205052182524672,0.056675326881977746,0.16035573453523233,11.576642152937513,7.44934576052408,7.363082426471123,0.9884200120619869,0.011647426467011494
2871,907,23,1,0.03560418356408729,0.06833189275148017,7.459056506240846,1.7171034625193007,0.059370816268105815,0.17966515650549064,-98.38278140203376,7.497681285631114,7.42043172685058,0.9896968734949325,0.010356478559439893
2873,908,19,1,0.04166227310669302,0.08307392307186087,7.525108997010915,0.5376891330953206,0.0700247438244431,0.20590155598434207,-30.807318034876083,7.480153816726939,7.570064177294892,1.0120198545071222,0.011948047610163083
2880,909,23,1,0.020718534331330248,0.06175168084000596,7.422798990432969,-1.7352418633796416,0.031068196945670343,0.12011009603455353,99.42203520612314,7.445003511575262,7.400594469290678,0.9940350542191769,0.005982789287682622
2884,910,29,1,0.02425129806042448,0.06342608194797991,7.442576665265611,-0.9730999525085144,0.04026655997091758,0.13042494399824925,55.75452031951025,7.42758755282692,7.4575657777043025,1.0040360648278017,0.00402793632174328
2887,911,17,1,0.040595344244746256,0.0565193648585089,7.461456468959623,1.9306297288746728,0.06498714856042546,0.2076892412434152,-110.61693528367238,7.4980860150690924,7.424826922850154,0.990229627658084,0.009818336744803554
2888,912,13,1,0.03452716039255369,0.058355056227548684,7.468742536694369,2.5571941325079464,0.05613334338812154,0.2178853449120921,-146.51643117818372,7.409997894044168,7.527487179344571,1.0158555085953311,0.01573079868842326
2890,913,1,1,0.021960408181450026,0.06567394180801019,7.397752538187307,-3.0258846535233928,0.03668395792627603,0.12129506052842234,173.37041994199805,7.334149613773195,7.461355462601418,1.0173443214997056,0.01719520194431814
2894,914,23,1,0.024555426717289688,0.09666131637971642,7.43386228776429,2.1142115750219723,0.044143711530350176,0.2342925513840741,-121.135400248401,7.498508055473071,7.369216520055511,0.9827576986700453,0.017392242472713794
2900,915,7,1,0.02086674760442472,0.07477384188454239,7.552891977013086,2.922070766736315,0.033179766607757344,0.11807777765991627,-167.422322370811,7.649689503994421,7.456094450031752,0.974692429821945,0.025631910869620234
2901,916,26,2,2.762066706909225,0.47565257785883996,11.25097475519883,-1.0833809560896377,4.139883862714607,8.410060790126746,62.079590190814706,16.49506772703208,6.006881783365585,0.3641622988623151,0.9322024244006173
2902,917,28,2,2.763147072032779,0.4709881051479051,11.145263133574977,-0.8959480348918214,4.1415005371258555,8.407055275969428,51.3275996874486,16.292373428240545,5.99815283890941,0.36815709296918353,0.92364087468872
2909,918,2,2,2.7599792199140603,0.4732333855156462,11.123297912778098,-1.1121431314722483,4.136760127719624,8.396321945649802,63.727526850927546,16.279926953957947,5.9666688715982525,0.36650464639509006,0.9271762891931667
2914,919,23,1,0.025581686221332736,0.07226213652429915,7.630840513166292,-0.7134410407192072,0.044427919972765,0.13020026905179735,40.87716056752861,7.571036241009841,7.6906447853227435,1.0157981735267654,0.0156743603940522
2918,920,7,1,0.023897647323789406,0.06308879673224489,7.607000976328268,-2.0814962167774445,0.03951930078062967,0.15377947622014929,119.26094829617261,7.625688475456064,7.588313477200472,0.9950988034226829,0.00491323694737211
2921,921,23,1,0.039024001326527835,0.06614671659977375,7.426259348656305,-1.4511279143830524,0.06732948326480062,0.20629199136489004,83.14350501166965,7.440017936044472,7.412500761268137,0.9963014639194586,0.0037053883367693195
2923,922,7,1,0.034022110215542356,0.06799796287117489,7.548455860607539,2.0713263207735313,0.05656660722238079,0.16850407062518638,-118.67825618154716,7.61547283584271,7.481438885372367,0.9823997861512284,0.01775647270719487
2924,923,1,1,0.027431159511529538,0.044987447077635995,7.5230933749348825,0.06165158801066452,0.038213544052951104,0.15489542807216197,-3.532375793729367,7.554493362567774,7.49169338730199,0.991687069899756,0.008347626718952868
2926,924,4,2,2.7630134809052787,0.4702663200046811,11.21171507007782,-2.7983069420966027,4.141300474211311,8.395441882920682,160.32473714620488,16.384057142271626,6.039372997884015,0.3686127889716737,0.922667413480372
2927,925,26,2,2.7639558552212664,0.4704850717045496,11.119392204955972,-1.4155534554303095,4.1427107983734235,8.404216809835647,81.11168568138403,16.250284548281137,5.988499861630806,0.36851661543761927,0.9228728061302306
2929,926,29,1,0.03411938363207648,0.07752749268671946,7.561495971748951,1.8536970166987516,0.05794373875694901,0.22630616250576982,-106.20901556007948,7.57627515061594,7.546716792881961,0.9960985633248053,0.003909062154422113
2930,927,17,1,0.029712933404435544,0.06924528029565327,7.51463423367854,-0.8233509134337279,0.04883767373410995,0.19958869932078355,47.17453240285186,7.588021730780321,7.441246736576759,0.980657014514313,0.019531887998720736
2934,928,22,2,2.760754437032161,0.47536945948489784,11.312858676230205,0.46673344372593356,4.137919715932268,8.380761158943265,-26.74828110178681,16.590842888236384,6.034874464224021,0.3637473095778036,0.9330946957016121
2937,929,11,1,0.02486525617913501,0.05704328024583398,7.459696368498654,1.2664517451805075,0.03759106888087795,0.1253712604257981,-72.56233995331988,7.41119206496468,7.508200672032628,1.0130894741652348,0.013004364021785597
2941,930,29,1,0.03718790169233608,0.06949643383906941,7.519640421238135,-2.861570124742692,0.06286669159398253,0.2208811877890923,163.95589091434118,7.5547862243546655,7.484494618121607,0.9906957517862707,0.009347735037240618
2945,931,4,2,2.7643202788770385,0.4726757488041357,11.30923979057452,-2.244836798837475,4.143256110955324,8.405606733983186,128.62612385810132,16.55274793516802,6.065731645981018,0.36644862047912574,0.9272963066825426
2950,932,7,1,0.040297740291609,0.049694907027438305,7.5094963329701825,-1.2931720774277278,0.0646202957190669,0.20451272898953646,74.09330220529091,7.500123527672598,7.518869138267765,1.0024993735804486,0.0024962540447439185
2957,933,16,2,2.7631794198823916,0.47419763406274396,11.347392771867503,-1.9144042025483778,4.1415490521048755,8.403760668441853,109.68083950341192,16.62181125806727,6.072974285667728,0.36536176421328664,0.929626495220317
2959,934,2,2,2.7594207811309004,0.46843495789920864,10.890831091803456,1.312333464836342,4.13592404792088,8.391237675612565,-75.19758412785527,15.893926272404322,5.887735911202594,0.3704393621999568,0.9187719722081157
2967,935,23,1,0.03600239710119613,0.07121893393393286,7.383690329471737,1.5554388797795486,0.06241712731069368,0.1913643052178461,-89.12008309222543,7.356827974222637,7.410552684720837,1.0073027003875101,0.007276132679042664
2969,936,2,2,2.759770536538286,0.47034574649902877,11.135915668269936,2.183257344285716,4.1364476410757565,8.39831155330942,-125.09784917578621,16.26935101507702,6.002480321462847,0.3689440541236261,0.9219601691909386
2971,937,7,1,0.04038160919503485,0.0626712474485041,7.432446305134138,1.2287212665967322,0.06677391549620423,0.20816303689353158,-70.40054275612994,7.38128256554103,7.483610044727247,1.0138631028249652,0.01376767150211802
2977,938,19,1,0.03668368086291036,0.06680059796116539,7.510183839084861,0.4228220949433015,0.0600365197419139,0.21511305181703796,-24.225921538709727,7.4517830410683965,7.568584637101327,1.0156743151792278,0.015552428347368245
2979,939,1,1,0.024659863531833845,0.07046605316487514,7.59146041046249,1.4765056914990886,0.0393454346975726,0.1644294304332781,-84.59754455222709,7.6245344062202935,7.558386414704689,0.9913243238221026,0.00871347381650572
2984,940,17,1,0.02009965436610323,0.06890111209112411,7.522331534910711,0.1462061934297729,0.03189633121383755,0.1669184525925374,-8.376997822096534,7.583872976080081,7.460790093741341,0.9837704451634476,0.01636233151483943
2988,941,2,2,2.7633423146348624,0.47080174074276665,11.101413274772307,0.8969519496148407,4.141792506929782,8.397844595790135,-51.398003868914124,16.23033230093381,5.972494248610805,0.3679834853576706,0.9240119071716476
2991,942,1,1,0.035091583419245495,0.06510676878264025,7.498492491586493,-1.5932965339309855,0.053783023167653043,0.1632745182776671,91.28916690888313,7.593651733929734,7.403333249243253,0.9749371591751955,0.025380899547478908
2993,943,23,1,0.03461500590607248,0.05481189300492956,7.570417664420718,0.5009265184492788,0.05584302791109471,0.18404579981818595,-28.70097536263295,7.565687547908126,7.57514778093331,1.0012504128627147,0.0012496315850109199
3002,944,1,1,0.017492750911208537,0.0575144799497752,7.651394283105764,-1.251622343249397,0.02731338437502749,0.12011410887179692,71.71267781191831,7.5332326234614255,7.769555942750103,1.031370771500229,0.030886307847247964
3003,945,1,1,0.021363254845759745,0.06964497542715366,7.535639716485558,-0.9679101746631068,0.037719651474813716,0.14238041059866202,55.457167954212444,7.529906700098921,7.541372732872195,1.0015227323830087,0.001521573908077147
3004,946,19,1,0.03641830213548369,0.053769593106227934,7.451401580283014,-1.815821354757222,0.05527168464589793,0.1910680659817646,104.03889998268492,7.429724620374563,7.473078540191462,1.0058351987498986,0.00581822350463805
3011,947,29,1,0.02082007075602454,0.05317797886033891,7.5038517231364645,-2.9348257028291043,0.03243023583335768,0.12234506451913217,168.15312637754377,7.650175895950087,7.3575275503228434,0.961746193864357,0.03899975058474671
3013,948,13,1,0.028786117311939315,0.05645826735454791,7.514643278383429,-2.7674994325585645,0.04784242672925232,0.16323916234688313,158.56603728537527,7.448504356116146,7.580782200650712,1.0177589806235328,0.01760267781640089
3015,949,11,1,0.020397058856335224,0.07119596369866596,7.510403064305172,-2.7217286468484727,0.032325187263951304,0.12487814827493353,155.94356444255124,7.512831368877075,7.50797475973327,0.9993535580787924,0.0006466509323430346
3017,950,23,1,0.04159428808885852,0.06810342343233848,7.618693393497434,-1.313838716496023,0.06722627844960186,0.20667178073847164,75.27741339963677,7.6596922949258595,7.57769449206901,0.9892948959697547,0.010762712006081648
3018,951,1,1,0.05194863769536283,0.0843269297329561,7.438287498241977,0.9076047946523549,0.08440348725506885,0.2607549509273793,-52.00192416764523,7.45778066141992,7.418794335064035,0.9947723956863512,0.005241304045467357
3019,952,11,1,0.03352147134130006,0.05559625913980648,7.399294577266598,2.46452417581202,0.054252640008829574,0.18088918838488247,-141.2068337890342,7.411430363381538,7.387158791151658,0.9967251163351947,0.0032802548913853802
3021,953,29,1,0.05109326228334336,0.06608329908613875,7.469949902819164,-2.817730643613313,0.08139573307339312,0.25110247284875514,161.44407364753778,7.474696033015365,7.465203772622962,0.9987300807483707,0.0012707261114055248
3024,954,2,2,2.7586927742145506,0.47170458147782707,11.125228572822168,-0.18859918740215928,4.134834785027608,8.390041016108766,10.799527267411982,16.267609001893405,5.982848143750931,0.3677767361543163,0.9244538924141411
3025,955,7,1,0.027275071986072687,0.04971866335025831,7.54506492917695,-1.9046046949592341,0.045804800629453676,0.17857819315835757,109.12581066732388,7.63155595892064,7.458573899433259,0.9773333170301687,0.022926517016236082
3028,956,29,1,0.03117633302808694,0.05652547771602399,7.435397198776866,-2.4432146210744086,0.04881887004843916,0.15474275664478673,139.98588623478437,7.484336604909842,7.3864577926438875,0.9869221792881757,0.013163898262497106
3033,957,1,1,0.022977707030708446,0.06625922207152508,7.516967603251742,1.0742774547351652,0.03829037487023182,0.12952819501517177,-61.55156417945874,7.478354149963902,7.555581056539582,1.0103267249754484,0.010273678250558447
3034,958,1,1,0.036519052655874615,0.06974037148039111,7.345068185518882,-0.31961731222378686,0.0606359526436808,0.22079530961670604,18.312723062078867,7.372227344332133,7.31790902670563,0.9926320343785567,0.007395209445923741
3035,959,19,1,0.020137106589854323,0.08092191253353033,7.421037672749619,-0.8020161317018,0.035009149919819835,0.11455166330813787,45.95213944711776,7.438028597957388,7.404046747541847,0.9954313364128672,0.004579123825273566
3040,960,17,1,0.02098367564129562,0.051770244490977814,7.306301090209915,0.35731640418653354,0.03331261092919119,0.10934666690407378,-20.472721912371455,7.286086605684642,7.326515574735188,1.005548790624998,0.00553343867866584
3042,961,1,1,0.035915588918765215,0.06332652276318365,7.573667658039398,1.6350977791701553,0.05317138353654986,0.18463160559173825,-93.6842018329515,7.597530591220793,7.549804724858004,0.9937182396582992,0.006301552763822243
3044,962,19,1,0.03309686192713697,0.06455054439011501,7.432926809318697,-0.7607743351625029,0.051928939359608316,0.169532588648164,43.58915857452265,7.442552522029,7.423301096608395,0.997413330256841,0.0025900195057038094
3045,963,11,1,0.025085773818495475,0.06239751768345111,7.497651855093749,1.0776556966257176,0.04214099403684589,0.18725589026590497,-61.745123181955385,7.503753377647879,7.491550332539619,0.998373741180699,0.0016275822542986258
3046,964,13,1,0.03829572906803545,0.07232845383452144,7.378842133691523,-1.9629508579816897,0.06535384235156348,0.20569684282380193,112.46879956318004,7.455900319260279,7.301783948122771,0.9793296094987495,0.020886254014545
3047,965,16,2,2.762214279618885,0.47043565326645,11.083986277710911,-1.1404493780436487,4.140104683187402,8.415370235054057,65.33650128374578,16.195050077192132,5.972922478229692,0.3688116090879829,0.9222428955472811
3052,966,17,1,0.036790444958071454,0.05275163308407249,7.621569389948639,-1.9848443594590282,0.058893759263077855,0.19206966287437657,113.7232047994513,7.653956374801686,7.58918240509559,0.9915371911552379,0.00849877058017996
3053,967,19,1,0.017668827724344156,0.058782175190954064,7.535094109447082,-1.3405986633053457,0.029162208410356442,0.10935763400556966,76.81064542699579,7.6332272649791095,7.436960953915051,0.9742878989120999,0.026046962149814536
3065,968,17,1,0.039878055735793415,0.0613923304414415,7.459054901445878,-1.0857636052943567,0.06178917885916775,0.2023707310163548,62.209672123795215,7.524008341421092,7.394101461470664,0.9827343519497094,0.0174159972901186
3067,969,23,1,0.029099782896287823,0.04691972354029557,7.466995282333538,0.30729452369561366,0.047096345758030185,0.17352988743165265,-17.60667928161766,7.395581434456356,7.538409130210716,1.0193125715699538,0.019127867415730297
3068,970,19,1,0.03976614532417465,0.07408140588555812,7.414172502148193,3.0431067629088697,0.0652523794346253,0.20763427070038837,-174.35717410599312,7.514410469579617,7.313934534716768,0.9733211360126747,0.027039556309859564
3070,971,19,1,0.044582900401136445,0.0679233306121139,7.48249564764378,-2.556006614397466,0.0634268428776193,0.23780114795489232,146.4483914109262,7.527398200990896,7.437593094296667,0.9880695687545257,0.012002025917984743
3074,972,17,1,0.025163357302440965,0.07829292907658411,7.474881256660006,2.5324279298257633,0.04149524925771365,0.1133873372587938,-145.09743229858356,7.524941070072496,7.424821443247515,0.9866949620079859,0.013394142781301908
3075,973,29,1,0.03037141840232429,0.061462058049414466,7.471482073179758,-1.031034171964139,0.045714638034257,0.18340088349588934,59.07390658636289,7.483300989199998,7.4596631571595164,0.9968412560079307,0.0031637407155581687
3077,974,11,1,0.035632105648287817,0.05935029999960029,7.503987575234777,0.3274172272172563,0.05873261920958233,0.19588922870575284,-18.759625272582664,7.463491627718272,7.544483522751277,1.0108517432688224,0.010793180854976443
3080,975,11,1,0.032375345051092984,0.07264855528135875,7.390422356342358,2.180210007898824,0.04839419981577629,0.17897228091421805,-124.91683190239223,7.446993987804365,7.333850724880352,0.9848068545362997,0.015309444774413363
3081,976,7,1,0.021275138564179882,0.05841715600620864,7.599466791130275,0.13214833565157538,0.033664706400205996,0.13279481208214958,-7.571541903726044,7.6224486790100245,7.576484903250527,0.9939699461819836,0.006048289573834918
3085,977,1,1,0.03532006945149674,0.07404218407596914,7.462665439850597,-1.1119131269945306,0.05880833324430459,0.21094043699611595,63.707929351050566,7.386830421460464,7.538500458240732,1.0205324920333396,0.020323842466573757
3086,978,23,1,0.035368203326367094,0.0880745056505537,7.385518656388988,-0.8411052758987215,0.05661752182950754,0.26120992929604414,48.19178243990384,7.3605408088066575,7.410496503971321,1.0067869598800259,0.006764006360128574
3088,979,1,1,0.028379263621314824,0.04799316502017185,7.465071456796306,-1.2198144729826783,0.04422706612305668,0.1646389423541384,69.89022108609991,7.423808351439177,7.506334562153435,1.0111164252641651,0.011054979338359196
3093,980,17,1,0.03246409911132627,0.04670299693499291,7.42238298825688,-0.7601744480404202,0.051817067112494807,0.1509972929147308,43.554787566882126,7.4342985126999075,7.410467463813854,0.9967944455222851,0.0032107005154217248
3096,981,23,1,0.03934389460427814,0.07260944139390418,7.4547661943325485,-2.765830876803442,0.06691773818302624,0.2080668284563788,158.47043607630346,7.470149093255979,7.439383295409116,0.995881501498459,0.004126997017056351
3098,982,26,2,2.766841352162219,0.46712980400859566,11.08187027868907,0.6105876425525583,4.147028785155244,8.40274069328345,-34.97762766786498,16.161842580202254,6.001897977175882,0.3713622346828212,0.91680775424383
3104,983,17,1,0.02028832528777959,0.07408293362101231,7.564235543654189,0.49667506539685163,0.03601896389269391,0.12484796250479896,-28.45738503691119,7.628092150901717,7.500378936406662,0.9832575155138945,0.016883823058920607
3108,984,7,1,0.02568084626602136,0.06378886760343556,7.636884020998807,0.5210110210975069,0.041137116915385984,0.1565462952991812,-29.851732591984103,7.538883104424015,7.734884937573599,1.0259987892682094,0.025665157754215746
3110,985,19,1,0.03313043216100856,0.05662829947405687,7.3155723193540325,-0.6433313949016263,0.05215271537750938,0.15315877053268764,36.86017376482672,7.296453680444311,7.334690958263752,1.0052405290972959,0.005226833411007443
3111,986,19,1,0.030033160101250563,0.04988871627836481,7.516938721198153,-1.0352780924382514,0.04827344574378494,0.16411797382876855,59.3170653155732,7.514626771395384,7.519250671000922,1.000615319928215,0.0006151306771330292
3115,987,11,1,0.04244890201583194,0.05168777558596898,7.479873638143298,2.1519970671552624,0.06697426737973751,0.2065181242860364,-123.30034949183575,7.445281657052231,7.514465619234367,1.0092923230267057,0.009249349057093119
3116,988,29,1,0.016843160123787008,0.06588557207603271,7.469338730589951,2.792805295109438,0.029676108950361865,0.12300569896517688,-160.0159564107308,7.453569819200166,7.485107641979734,1.004231237319107,0.0042223045328508265
3118,989,7,1,0.045271505618222775,0.08165133650567652,7.340886509388318,1.9385849191428526,0.07378236621117157,0.24405747826500376,-111.07273410300273,7.319560202837023,7.362212815939615,1.0058272098214398,0.005810280958307064
3120,990,17,1,0.036722842444469106,0.073965216320811,7.426982536754336,-1.3633865412136772,0.06463838995021996,0.22810311850091927,78.11629464153559,7.415255019642395,7.438710053866277,1.0031630785673253,0.003158083933523265
3122,991,19,1,0.04679316099409386,0.053845531861995255,7.494721205718205,-0.00010269794460393622,0.07099828816420638,0.19946014431129935,0.005884160426817606,7.464400122910845,7.525042288525564,1.008124184745749,0.008091317068398902
3127,992,23,1,0.03438242802826823,0.055231069023464495,7.5134320840971744,1.2011308106249587,0.05558101281584685,0.1789510042331414,-68.81972608218975,7.481921255131726,7.544942913062623,1.0084231918222437,0.008387865522107692
3128,993,17,1,0.03977580122894531,0.09381742660745779,7.515948427720917,1.8864496896591443,0.06924719955245517,0.2636659750209299,-108.08560549791221,7.528360942280795,7.503535913161042,0.996702465608373,0.00330298023709038
3130,994,13,1,0.03620749315893732,0.0541217560763044,7.468887843120929,-2.222010942050461,0.056677074020467656,0.17668286367840116,127.31184901040155,7.417399549717592,7.520376136524267,1.0138831117450853,0.013787405698094628
3132,995,7,1,0.034820930608674944,0.06579409841308555,7.556153681580523,-0.7280490819380996,0.05311513314540514,0.20943235341246613,41.714139667595305,7.536254432288313,7.576052930872734,1.00528093881941,0.005267031384160044
3136,996,23,1,0.03316452392722613,0.06554212759209113,7.472979830630462,-2.47662586282413,0.05383106797160179,0.18198045913689054,141.90020936590963,7.451597425551407,7.494362235709516,1.0057390124178567,0.0057225914062852155
3148,997,23,1,0.01910108859604601,0.05744699843875974,7.578227253954094,-1.9810603359292083,0.03298783227899619,0.1123698333991241,113.5063962104222,7.623505587993725,7.532948919914465,0.9881213875907853,0.011949584651477689
3163,998,23,1,0.024072435564636334,0.06606480541532599,7.590163002578233,1.7281846056151748,0.0381791988236856,0.15221336719633635,-99.0176841224918,7.549735061703926,7.630590943452542,1.0107097641291756,0.010652720069536164
3166,999,19,1,0.03884749256239816,0.06179336602117423,7.426835291475885,-2.579949046397296,0.056884364552245485,0.20899296102387996,147.82019171239105,7.482807125180589,7.37086345777118,0.9850398833570487,0.015072862533775535
3174,1000,22,2,2.764437216103706,0.4707382638722009,11.234199132026808,-2.6258188798973388,4.143431111967041,8.400987153733507,150.4418891819603,16.421538342705006,6.046859921348609,0.3682273728048643,0.9234907000873731
3179,1001,7,1,0.04750407199825389,0.06189764599378413,7.5182236599768055,1.9850117144922377,0.07575351667467296,0.2567031139495549,-113.73279355296216,7.551172414561653,7.4852749053919565,0.9912732082447727,0.00876503708189756
3180,1002,23,1,0.04141297997365582,0.06804615377071886,7.3280727813401585,1.8197877688356832,0.066525901050263,0.2210880668356172,-104.26615878204166,7.306164696056268,7.34998086662405,1.0059971506789922,0.005979221532754692
3182,1003,1,1,0.019836016638237686,0.05430557222764936,7.571428468382335,-1.2508829503425796,0.03304498449372669,0.10623615156154265,71.67031371784253,7.604426094173595,7.538430842591073,0.9913214684756965,0.008716354101225775
3186,1004,7,1,0.020823395929198272,0.052103066171756196,7.460358498822669,-0.6953092629301857,0.03627454274893505,0.09782350226089175,39.83828622352874,7.432313942529379,7.488403055115959,1.0075466554588908,0.007518286499962653
3187,1005,23,1,0.022589974350428678,0.07019623348154212,7.541702256299596,0.7342022625676843,0.040814893319072065,0.1301117433158302,-42.066690955768664,7.357739179556197,7.7256653330429925,1.050005326977218,0.048785558085307094
3188,1006,29,1,0.049117752208806015,0.07316866873619225,7.468533563021295,1.942561916636439,0.07572876856861531,0.2805507361160557,-111.30059928179638,7.504141639271542,7.43292548677105,0.9905097536901762,0.009535493400351328
3198,1007,26,2,2.7539223154586074,0.469585699085336,11.118584422257365,-3.0395806524685245,4.127695988866659,8.38315579852266,174.1487659347091,16.23114859448287,6.006020250031859,0.37003051355671557,0.9196430009545263
3202,1008,23,1,0.02728985954732804,0.05938888077730612,7.5182317149554,0.5426302459107227,0.04550009327002544,0.146316763864897,-31.090422931166817,7.5635872968202955,7.472876133090503,0.988006859685757,0.012065491882798438
3205,1009,13,1,0.026343618381990425,0.06073737268009837,7.550757729652274,-0.8647225221167784,0.046073530674197054,0.15110459467896217,49.54495096410539,7.538386721471743,7.563128737832803,1.003282136785393,0.003276759399112558
3211,1010,13,1,0.01939327214438857,0.06476702725173063,7.565657733122871,-0.15380951591892203,0.02862372837697346,0.11206962848427306,8.812636111151349,7.582377749483637,7.548937716762101,0.9955897696176093,0.004419976940687386
3217,1011,13,1,0.02525000861999085,0.042406386597165745,7.452878463844036,2.378892471800233,0.04092299368038285,0.11382674851652946,-136.30049854855812,7.543947289970621,7.361809637717452,0.975856452165922,0.024438564661528918
3219,1012,29,1,0.0448509317092644,0.058369428325696915,7.465342365403036,-1.8675056619896744,0.07242323668420123,0.2220756458907835,107.00019267338453,7.470522892283921,7.460161838522155,0.9986130751607136,0.0013878872869626045
3221,1013,29,1,0.019499348647391786,0.06398735400463716,7.553885996440228,-2.1351382089073665,0.033799149533613605,0.10462147331200196,122.33440804880344,7.48073829424287,7.627033698637588,1.0195562788912567,0.019366906578105594
3226,1014,7,1,0.03233233341791917,0.07409579521247898,7.484533152018456,2.349757197277012,0.050380496879469445,0.17777562767424276,-134.63117028903903,7.521515192486757,7.4475511115501565,0.9901663323088833,0.009882257107332574
3228,1015,7,1,0.029628708505629108,0.05962286854202726,7.441579587653419,2.3954258024004433,0.047867873032516085,0.1543495903824085,-137.24778860777852,7.413562344465437,7.469596830841399,1.0075583752819985,0.007529918307791915
3234,1016,23,1,0.03407910730237124,0.07071798614687336,7.587100427986999,-0.06505285069189194,0.05671743611255077,0.16035554828208098,3.7272537962168193,7.5139779396332065,7.660222916340795,1.0194630564372842,0.0192754765928926
3236,1017,1,1,0.03081154315416921,0.05979223927134369,7.328469176877475,1.418002594324016,0.050418097099896475,0.17524009466443594,-81.24556399818734,7.404125067607439,7.252813286147513,0.9795638539222,0.020647119856536937
3239,1018,28,2,2.7699758533527192,0.47303253523693206,11.440256972753495,2.4322840139776463,4.1517194911946085,8.431226063236421,-139.36609789262712,16.751137599709825,6.129376345797166,0.365908065008274,0.9284547785255005
3241,1019,13,1,0.020977003191941037,0.052338755130877365,7.592075516648716,-0.6656913535081994,0.03651119199764887,0.10332609820792978,38.14130501449578,7.46624739079322,7.717903642504212,1.0337058549682288,0.03314722715272436
3244,1020,23,1,0.027565146058451704,0.062356681487196905,7.400067517211098,-0.053212491304245386,0.04566441853591856,0.14026082010274424,3.048851164420008,7.272071576245448,7.528063458176749,1.0352020575220287,0.034593181931910015
3254,1021,16,2,2.7606976310253626,0.4680874024750327,11.114823767157764,2.638000341130412,4.1378349781273975,8.402081150557455,-151.13986167690868,16.215208790189852,6.014438744125675,0.3709134320715248,0.917762643813171
3256,1022,1,1,0.02302183712549434,0.05065721156581454,7.545112056621535,1.148206225917975,0.03696330044874248,0.12706877750040962,-65.78737075402861,7.592787667368486,7.497436445874583,0.9874418690906248,0.012637482489106792
3257,1023,11,1,0.031742812639095105,0.058402039365939,7.544561264681138,2.0540180614469503,0.04990976497430772,0.16488127127292096,-117.68656597174984,7.475609735111999,7.613512794250281,1.018447065058863,0.01827847296884662
3262,1024,29,1,0.02782643285123508,0.06474310042485719,7.544435392765963,-1.2911466931231645,0.04540896243158077,0.1626658523847042,73.97725624310154,7.572739722553954,7.516131062977971,0.9925246790923785,0.0075033659417724705
3274,1025,4,2,2.760355142790498,0.47852866928220505,11.453411943050527,0.20477597092257707,4.137322377092935,8.395329031688533,-11.739220692638902,16.827210532994393,6.079613353106657,0.36129656434653246,0.9383751526032337
3276,1026,11,1,0.019857682951276413,0.05857221563724493,7.60037095021176,-0.026411663067806984,0.03075293760869084,0.12284062345647065,1.51327682363792,7.5243179569209735,7.676423943502545,1.0202152523926322,0.02001296878507407
3281,1027,17,1,0.027436245793298748,0.05203592154659587,7.418857097475195,-1.1997404441219996,0.043869227629754246,0.16273508415746724,68.74006395423045,7.491754955262698,7.3459592396876925,0.9805391772093949,0.019652045275898727
3284,1028,11,1,0.04154295054741459,0.0703993541372473,7.351065903710453,0.8015062129235097,0.06797763036860505,0.23937906673075118,-45.922923238451496,7.351561776380936,7.35057003103997,0.9998650973261012,0.000134911773878291
3285,1029,19,1,0.031609262821881395,0.06246120889417918,7.510133703661414,2.1706844740209945,0.05132006800950829,0.18375542057833483,-124.37105902051246,7.531574388661095,7.488693018661733,0.994306453367317,0.005709801142216185
3287,1030,22,2,2.7695482882734277,0.4708921241845259,11.26305383006586,-1.0579416336989855,4.15107980270896,8.422631650604057,60.622076889322486,16.465113558397654,6.060994101734068,0.3681112845190671,0.923738766913338
3291,1031,19,1,0.016758556617317254,0.05846602788031134,7.457460828617991,2.097404343022604,0.0295603576633005,0.10327371084344678,-120.17241678878104,7.465471447246682,7.449450209989302,0.9978539550555392,0.002148350172474092
3292,1032,29,1,0.02733452368687371,0.05834990703179015,7.577598502986965,0.5567750959347313,0.04488093482696322,0.18248905001225918,-31.900863136785915,7.607857864253461,7.547339141720472,0.9920452348594281,0.007986530628289896
3296,1033,7,1,0.024072273089147344,0.056015889321976785,7.428234252077451,1.5517690833803244,0.0389756844548803,0.12102183318780804,-88.90981925819065,7.36013819504349,7.496330309111413,1.018504015883783,0.018334385998911466
3298,1034,29,1,0.03149560454214211,0.06874354306634628,7.368184704830776,-2.1067732508892343,0.04824531366642879,0.17292315630257915,120.70921566886027,7.329967304528178,7.406402105133375,1.01042771371681,0.010373627109956197
3303,1035,7,1,0.026745848679430275,0.05703419449867239,7.426340551136651,1.9382393837006662,0.04263702291660934,0.20338908727595104,-111.05293637649012,7.4719940088855195,7.380687093387782,0.9877801139308787,0.012295007866796841
3305,1036,16,2,2.7614767864343412,0.4759002718245629,11.342679613386244,-1.3016069454743564,4.1390012736092086,8.398584556893647,74.5830142155012,16.630870750714465,6.0544884760580215,0.36405120133580016,0.9324412427354958
3309,1037,11,1,0.03990639889241415,0.08020776005722198,7.4400576962852965,-1.6179791500054592,0.07043985825950783,0.21793074720605207,92.70337665137254,7.508560174130796,7.371555218439797,0.9817534983387332,0.018414501779926217
3312,1038,11,1,0.041173344232880923,0.051264514260018115,7.462974577396673,-0.4886641066608469,0.0647983038739823,0.2243191349956887,27.998390926233057,7.493646722663882,7.432302432129464,0.9918138267248592,0.008219817701136643
3317,1039,19,1,0.021942635532623427,0.0621240180443538,7.37329430880904,0.518959624293645,0.03625127554128837,0.1541027781850563,-29.73419621052945,7.371762800151993,7.374825817466088,1.000415506765089,0.00041542046008330756
3320,1040,13,1,0.019003269127584804,0.0737454894544098,7.508696033739312,0.017689098026367006,0.031372833286618426,0.1864031179699768,-1.0135106598779542,7.497112448763863,7.5202796187147625,1.003090145720666,0.0030853785859490065
3321,1041,1,1,0.03253865165422757,0.06608069197614551,7.441844985806631,-2.0652392379719173,0.049410654117649305,0.18607739572629053,118.32949202268661,7.487753062275277,7.395936909337986,0.9877378230593797,0.012337821214014293
3322,1042,1,1,0.03197765026812035,0.06667804079125647,7.628172699149733,-2.8671932920936034,0.051625169887477625,0.1704917151849933,164.27807467773061,7.668700866245471,7.587644532053996,0.9894302391493385,0.01062591755434568
3330,1043,13,1,0.0243610295840164,0.06102730354217458,7.39294501196108,0.9846354781834346,0.04166789173053734,0.12158486133800671,-56.415457254979,7.38199685961008,7.403893164312082,1.0029661763772626,0.002961783790705338
3331,1044,26,2,2.7606268324128815,0.47117251979016844,11.299597131000878,-2.2717660041215764,4.1377288723620875,8.400045415249567,130.1561803504572,16.52245484605719,6.076739415944574,0.36778671647540845,0.9244325535690465
3333,1045,19,1,0.029707124377108332,0.07760943975354946,7.471993121560083,0.55413964808711,0.04974464902925343,0.14749469471222265,-31.74986309603925,7.5244743203098725,7.419511922810296,0.9860505341594077,0.014047443003756623
3334,1046,19,1,0.017913955551266156,0.05906933992754754,7.628824053983048,0.48375232519819633,0.030191931197295564,0.10518141073385126,-27.71696656431231,7.62472794824242,7.632920159723676,1.0010744267253686,0.0010738498388856552
3335,1047,17,1,0.035256387759332715,0.05831015403090269,7.342257511063409,-0.35958405982779945,0.058628822009199034,0.2011988792946124,20.602649013067253,7.35919243057657,7.325322591550249,0.9953976147048966,0.004613000698393641
3336,1048,29,1,0.025245371428139762,0.055774241258126196,7.639805334992464,1.331179202535355,0.04322649268456114,0.19473075014685085,-76.27095007676668,7.604437407068726,7.675173262916203,1.0093019183485847,0.009258855788312596
3340,1049,14,2,2.7527465683068266,0.4807074261485806,12.03242881996655,2.701491001183756,4.1259363569400485,8.379500322590857,-154.77766398304715,17.69699532736321,6.36786231256988,0.3598273150201859,0.941549971689326
3344,1050,7,1,0.03618704800961008,0.06642190556482885,7.534099384246777,2.8581395832990784,0.05803214909445149,0.1673277002845863,-163.7593353700573,7.597998946289769,7.470199822203784,0.9831798971032509,0.01696276058598361
3348,1051,29,1,0.023640079934794285,0.047639410648759206,7.4509379166922365,2.618255822049103,0.03883759880144041,0.1127739935187879,-150.0150082861562,7.4916738367657985,7.410201996618673,0.9891250150604131,0.010934440879530811
3350,1052,13,1,0.0337130342335739,0.083807372134515,7.419392732373594,-1.4884531250370991,0.05603873982434117,0.20347774911812622,85.28208207207126,7.536290551314649,7.302494913432538,0.9689773587827863,0.03151142503374613
3359,1053,11,1,0.03854934888274427,0.07368339594250653,7.5064912761685685,-1.0661831441488259,0.05760471486551542,0.22161615049191624,61.08779434332029,7.515682883469057,7.497299668868076,0.997554019390385,0.0024489756831321684
3364,1054,11,1,0.029406267010771623,0.04984701101090273,7.512428017163942,2.4148183931316556,0.04733194617396685,0.14535002177494336,-138.35890221549673,7.540785361888286,7.4840706724396,0.9924789412870274,0.007549448636194286
3366,1055,1,1,0.03921452949234985,0.06941009078183547,7.419363957829018,-3.065336053496751,0.0632276496394141,0.21966465898747656,175.6308186400937,7.438126792198584,7.400601123459452,0.9949549571031123,0.005057801309172007
3368,1056,23,1,0.025837201104627606,0.06858579020931736,7.428661680960217,3.1227854192863265,0.044443721187676144,0.18819046095980682,-178.92242485380612,7.469853582898569,7.387469779021865,0.988971162157005,0.01108999270862678
3370,1057,7,1,0.022773664223550736,0.07351540099266057,7.6156864126408275,-1.5456328533329702,0.03663535488210045,0.13335633168476063,88.5582391730145,7.635191132386183,7.596181692895471,0.9948908365469405,0.005122248655874537
3376,1058,13,1,0.038036976332019815,0.06288711140074894,7.413185658786927,-3.036827773299156,0.060147819229064474,0.1937309844885957,173.99741452003465,7.42194028532609,7.404431032247763,0.9976408792842292,0.00236190672731538
3379,1059,19,1,0.029121922179382753,0.049797364218887454,7.642216271093058,0.13869786497303102,0.04388736005973699,0.17166148137835238,-7.946802294689092,7.610871088352834,7.6735614538332815,1.0082369501142103,0.008203165581374088
3384,1060,13,1,0.02449795012257113,0.05443909832421446,7.343787609043923,-0.5000413154131718,0.040164074655598465,0.12866518210594638,28.6502569586427,7.35599808569973,7.331577132388116,0.9966801305510005,0.0033253893783010816
3385,1061,17,1,0.027486055543329443,0.05812467186024943,7.480842138584523,1.6929611393627801,0.04329197834619799,0.1312138465657633,-96.99952816563723,7.505299483687744,7.456384793481302,0.9934826464536486,0.0065386609288479725
3387,1062,11,1,0.019493021999397588,0.0776371082602074,7.615114454464964,2.4209209228412623,0.0356987460803222,0.12054011147751593,-138.70855141278776,7.5853424546779085,7.64488645425202,1.007849876248816,0.007819186425911008
3392,1063,1,1,0.02385659647343805,0.046851524918886146,7.572404921830274,-3.1052133393290453,0.036050775279239486,0.13594008172485492,177.9156188302408,7.545063865257863,7.599745978402684,1.0072474022912663,0.007221234694829746
3395,1064,13,1,0.02203531870097603,0.059323943823958857,7.5536708406379205,-0.20838528297630574,0.03319893666306926,0.14503606177879969,11.939597228197844,7.577809363149962,7.529532318125882,0.9936291555104505,0.006391203170298993
3398,1065,7,1,0.03200076336321025,0.06354477270430427,7.475132847703532,1.2805260936891607,0.05190403477583769,0.16907594778134782,-73.36874072205136,7.518713324236139,7.431552371170925,0.9884074642420192,0.011660120942464762
3407,1066,19,1,0.02839718279002083,0.0540383820787914,7.5228488596674605,1.0089622214625529,0.04847663252892527,0.12971942716247584,-57.809276975715505,7.5352171603476,7.510480558987319,0.99671720126522,0.0032881959775774225
3408,1067,13,1,0.032867892092108976,0.04478038894033102,7.449787817180015,0.4242684106329746,0.052430651200675756,0.16001050850749055,-24.30878931752195,7.479783160902094,7.419792473457935,0.991979622115553,0.008052670615103088
3409,1068,23,1,0.02802855608188497,0.057332441534313286,7.505909619287515,-2.984355605351027,0.04055359370447442,0.14302828763077063,170.99098074988913,7.48040302554223,7.5314162130327995,1.0068195774099848,0.0067964031114209275
3411,1069,13,1,0.035046015680764465,0.05198121058706974,7.4646451920945776,0.3797372423410931,0.057307077206464344,0.17967564761487995,-21.757341319904587,7.509050895744805,7.4202394884443486,0.9881727519851032,0.011897605983270556
3415,1070,13,1,0.026231391635015047,0.06286654008038622,7.600642643584868,0.4707931015471414,0.04350962725962038,0.16430372875383178,-26.974457746368888,7.576461083028766,7.624824204140973,1.0063833392110388,0.0063630305199293
3419,1071,16,2,2.765508268074495,0.4747142390710582,11.4103124655897,2.709814299931542,4.145033950162336,8.402576151319513,-155.254464741522,16.724052601926893,6.096572329252505,0.36453917446720285,0.9313925718269228
3421,1072,1,1,0.031151453998120904,0.07229431811579112,7.395179519298673,-0.3024873338777404,0.04943740599500098,0.18358028860634684,17.33124759281588,7.347129051982157,7.443229986615187,1.013080066234457,0.01299507799401524
3422,1073,14,2,2.752292822044724,0.47177744977132263,10.975563586902217,-1.7994824351465808,4.125257406466658,8.405644579449481,103.10911444562309,16.043238549673006,5.907888624131431,0.3682478824857869,0.9234468777199452
3427,1074,8,2,2.766968726330588,0.46881661267052,11.156749599829457,1.447696753639261,4.147219458867584,8.395005115133948,-82.953382148742,16.288676547449167,6.024822652209746,0.3698779722624698,0.9199681146734991
3429,1075,11,1,0.02129831598547175,0.06446058154526033,7.586810385814866,-1.629970736624869,0.03350834290347872,0.1684877259761849,93.39044393749307,7.509393464722168,7.664227306907564,1.0206186881687287,0.02040829206367019
3433,1076,19,1,0.04172595165349106,0.052785926115084016,7.493924308322004,2.01134219368496,0.06744163897029577,0.22143006034704762,-115.24141887470121,7.552970668327532,7.434877948316475,0.9843647320773713,0.015758461808843584
3434,1077,13,1,0.03543440846127454,0.06366710812774314,7.557090526485051,1.5494208352569205,0.05721358275242554,0.16911265278918214,-88.77527455639483,7.544087176742596,7.570093876227504,1.003447295726524,0.0034413640267723766
3435,1078,1,1,0.027558696090956906,0.061076533794569544,7.670698555877492,-2.046050852726277,0.04457928224879372,0.13504729786685846,117.2300785342185,7.7017734881272535,7.639623623627729,0.9919304476306228,0.008102243106907563
3436,1079,11,1,0.02890420044178242,0.07551273223713242,7.640461902602696,-1.9264397657286998,0.04926433541475828,0.19697067194212786,110.37686806831353,7.563164704067242,7.717759101138151,1.020440437716208,0.020233645431599744
3445,1080,1,1,0.03987076300397552,0.0710887448694822,7.403532470235467,0.9830745259798617,0.06812237542138216,0.2509538582379996,-56.32602126725673,7.3777089655049455,7.429355974965991,1.0070004129605172,0.006975995535736828
3446,1081,1,1,0.03549561152849731,0.07442271193474566,7.387931184997251,1.0012409612570023,0.061659950487343476,0.24891732350255205,-57.366881344785014,7.479718194836121,7.296144175158383,0.9754570941182684,0.02484782479437863
3448,1082,14,2,2.7617983723183634,0.4725799577285085,11.391025162305054,0.14847287081270286,4.139482100284529,8.385075528004167,-8.513300775745853,16.672022662741078,6.110027661869028,0.3664838865366841,0.9272207593591829
3450,1083,13,1,0.024348862618932,0.06976257704328757,7.503790273753756,-0.36715618278802054,0.040677192131018836,0.14240908976688782,21.036499699094215,7.499553166630466,7.508027380877048,1.001129962553541,0.0011293245063395915
3454,1084,19,1,0.02838379926052506,0.06335857892401148,7.3201556203279114,0.05027185209872748,0.04849175057658448,0.15471045847607973,-2.880364959353938,7.34383857313942,7.2964726675164036,0.993550252344018,0.006470614571564927
3459,1085,26,2,2.764804937862598,0.4740989087247511,11.540834669276698,-2.3002766266741346,4.143981289081336,8.393205412650902,131.78968943651114,16.91071098690271,6.170958351650681,0.36491418701615014,0.9305871666147981
3460,1086,13,1,0.032979561783109894,0.06469612463961484,7.484882479635676,1.4635291261421064,0.05915374700548728,0.19843733540277636,-83.85404211513998,7.434731212832549,7.5350337464388035,1.0134910773146888,0.013400682492898218
3465,1087,19,1,0.023963485611957592,0.06301255149164905,7.339706421503247,-2.6397339340776287,0.0362335109921934,0.1542728925283359,151.24561345978321,7.305914449982341,7.3734983930241516,1.0092505795824058,0.009207989960444349
3466,1088,11,1,0.03503216207755286,0.0568872950678074,7.446110094095658,-1.5075674237214085,0.05918397483095064,0.16711886473450505,86.37725070183222,7.430459328954915,7.461760859236402,1.0042125969466669,0.004203742610025001
3468,1089,1,1,0.03048445625077624,0.06730572390948399,7.359654730647649,0.773335459877946,0.04981245380799987,0.15937530322730842,-44.30885800574759,7.438606008417624,7.280703452877677,0.9787725609662263,0.021455158063651707
3471,1090,1,1,0.02125807825430359,0.059597817229968784,7.386864396180352,-2.350653719314429,0.03581579942844906,0.10240852159132344,134.6825372119553,7.439004882953039,7.334723909407663,0.9859818651572144,0.014117082425297845
3473,1091,19,1,0.05022523956279587,0.06888127672548354,7.506133869713939,-1.6950401070537222,0.0856816475942219,0.2587744654628382,97.11864427531827,7.55730549279201,7.454962246635872,0.9864577068832601,0.013634615093807105
3481,1092,19,1,0.04136940187864327,0.07646597412794093,7.431458300653818,1.2566512988969705,0.06584449705585849,0.2623100173728597,-72.0008157324513,7.436916555843396,7.4260000454642405,0.9985321187487873,0.0014689593801791663
3483,1093,17,1,0.035944871223516396,0.050747989965947045,7.491406621557508,2.52531161248257,0.05779226578147578,0.17022642912925928,-144.68969733987456,7.478903644868757,7.503909598246261,1.0033435319620223,0.003337951687944078
3484,1094,8,2,2.7636259800168177,0.4662166780244843,10.919495218545599,1.669951467472072,4.142217299710449,8.400537178924367,-95.67472637899192,15.910552499365743,5.928437937725456,0.37261043813291755,0.9141553122974705
3488,1095,29,1,0.02612656562682024,0.06018013048329521,7.424650165864886,-1.865417574420128,0.042853683024318724,0.149876458639811,106.88055404758668,7.532706702145114,7.316593629584658,0.9713100375328682,0.029107509139493677
3489,1096,17,1,0.0422783124099919,0.048653420074624795,7.471094489158655,-1.276814472691994,0.06747488103322168,0.19814811913979258,73.156080491684,7.463375428192516,7.478813550124793,1.002068517399508,0.0020663802277804903
3495,1097,17,1,0.017523233608624213,0.057230401513182406,7.5689804839120125,-2.9530497558979314,0.02639640838400438,0.09438862447732384,169.19728770471042,7.52470947256212,7.613251495261905,1.0117668360516299,0.011698011758384497
3497,1098,17,1,0.03495914454498197,0.06737011006050425,7.483502013027636,0.4273136913469803,0.055057003494688554,0.20709256139116616,-24.48327105176843,7.488821863339156,7.478182162716119,0.9985792557471392,0.0014217542274345765
3498,1099,19,1,0.03551156208714806,0.059124856901551046,7.469901712627698,-0.47449091459297477,0.055578146407587854,0.21373092364943377,27.186326830335634,7.517137058160945,7.422666367094451,0.9874326235725698,0.012646845259930735
3499,1100,13,1,0.022564074200794426,0.06839190816832319,7.4924751506125356,-0.9490043422613547,0.03889752348104508,0.1301830915352536,54.37394355056248,7.378750541264351,7.606199759960721,1.0308248960883555,0.030357020093390044
3502,1101,19,1,0.030895958402002568,0.06093712906826041,7.552801404312599,-2.3034047015181396,0.05054225201305346,0.159687896017442,131.97536790945634,7.555035737007516,7.550567071617681,0.9994085182988685,0.0005916566781808068
3504,1102,17,1,0.024560591732389003,0.05712900478022841,7.491606596386489,-0.5770435968713925,0.04085945155232315,0.12271012419689031,33.062162699006166,7.532781956896431,7.450431235876545,0.9890676882072111,0.010992397953678928
3509,1103,23,1,0.030150470718251682,0.06126699497204787,7.299421143064777,-1.9183231126653633,0.04970683643010769,0.1666639099641629,109.91181810153935,7.362387172916763,7.236455113212791,0.9828952136384208,0.017252335114767415
3510,1104,29,1,0.04132929130580985,0.06455336584123153,7.407600024524743,-1.3733894550307526,0.06896005842805292,0.22426065679890397,78.6894193808168,7.451202212559014,7.36399783649047,0.9882966032083305,0.011772284650876383
3515,1105,11,1,0.03472526827337311,0.06725134341520327,7.374463562429253,-0.39625453813568473,0.05491512665217365,0.17089759074766706,22.70371265427692,7.403016445861252,7.345910678997255,0.9922861488581559,0.007743718086144519
3519,1106,11,1,0.03715180481978454,0.06985048690487373,7.488184702396973,2.1679202884435824,0.05958062269179956,0.23872192154940042,-124.21268284477611,7.524999117273415,7.45137028752053,0.9902154367588067,0.00983266741929011
3520,1107,13,1,0.01885337504020076,0.05626333673197594,7.616124841695515,-0.45292535668732625,0.03292072899671397,0.13311546905722504,25.950711373740816,7.617926543866479,7.614323139524552,0.9995269835799574,0.00047312831877436483
3525,1108,11,1,0.02720719316652713,0.07053569633270708,7.418194275779817,-0.06057948997095198,0.04556361972446177,0.15803479173725168,3.4709491054733292,7.41443074531024,7.421957806249397,1.0010151906731233,0.001014675628506113
3527,1109,19,1,0.02218701208937917,0.06357317364666396,7.560656872376662,-1.2994165385082048,0.03858779081106692,0.14446029209157565,74.45108348399428,7.417733205481708,7.703580539271615,1.0385356719999939,0.03780720889930446
3528,1110,13,1,0.018961804735903167,0.058394127455015106,7.595750614519767,2.299798289266159,0.03401659498724088,0.11083102615797241,-131.76873570744928,7.57899817765599,7.612503051383544,1.0044207523134563,0.004411002339058807
3529,1111,1,1,0.034382833470603356,0.06371992180504059,7.599688263281354,2.993160964826772,0.056408978532032715,0.17621172283671768,-171.49549067739576,7.688150163954121,7.5112263626085864,0.9769874680420472,0.023280402460763974
3530,1112,19,1,0.032954294050966254,0.06540523751101691,7.550401134141182,-1.785891023949719,0.05009289641984072,0.16653758757488163,102.3240183462438,7.538929401158488,7.561872867123873,1.003043332115812,0.0030387082166588495
3534,1113,13,1,0.03133749507022171,0.04816855801811366,7.469410061425168,0.20395789316676038,0.04965007804081632,0.15980947777951446,-11.685926484361023,7.4730666259515655,7.4657534968987695,0.9990214018663504,0.000979077195207644
3536,1114,23,1,0.023380686518285707,0.07530940164319118,7.381206067026602,3.0062422641485527,0.03634063346797865,0.1634105289782396,-172.2449939296776,7.4041518727521005,7.358260261301103,0.9938019084103498,0.006217359471374873
3537,1115,13,1,0.029942586650363347,0.06759973954050907,7.587977773835295,-0.9990886136061686,0.05020831087976334,0.19965824723183356,57.24356091212647,7.610688910256683,7.565266637413904,0.9940317790704117,0.005986084065691787
3543,1116,11,1,0.0392340091584855,0.06591900280404359,7.387677828644548,2.798586738826714,0.06213474279293833,0.23253716125714213,-160.34720872437217,7.454335210737894,7.321020446551201,0.9821158077255965,0.018045557383375075
3555,1117,11,1,0.04501575351353917,0.08261422296301364,7.418484727210005,-0.11129394034216955,0.07562842994787011,0.2517490668580692,6.376673052585832,7.468835286618111,7.368134167801903,0.9865171589743539,0.01357435143687095
3556,1118,19,1,0.024109462755415534,0.0456851866552361,7.469667534235999,-0.4302449581046828,0.04112087924331566,0.1439036067594431,24.651220259484372,7.492607625245561,7.446727443226435,0.993876606875217,0.006142198673346728
3558,1119,17,1,0.03132401481296352,0.057147838352879565,7.47659777465285,-0.9020667754489143,0.04921935824192368,0.158540805096026,51.6846190719753,7.5183904372576675,7.434805112048035,0.9888825506061214,0.011179593677354641
3562,1120,17,1,0.027522605912800712,0.055519243389774334,7.546187870506715,1.7280702632397997,0.04291339963460095,0.15177995834045208,-99.01113278940988,7.663753984094376,7.428621756919055,0.9693189228590424,0.03115907411930518
3563,1121,23,1,0.04478147250832857,0.0683370212275605,7.47144601066601,2.382811734197262,0.06971500964429668,0.26931190931257537,-136.52505575994456,7.48065303894973,7.462238982382289,0.9975384426370848,0.0024645907286425
3564,1122,29,1,0.022184912188297806,0.04985146409279389,7.460035309896936,-2.1095250220783552,0.03646495842655495,0.12162670488293492,120.86688054271582,7.479721380530665,7.440349239263209,0.9947361486792891,0.005277741945165206
3568,1123,11,1,0.03915317532958086,0.05718634772362567,7.426510062211266,1.0421970182790672,0.062014920206619466,0.18791457268476972,-59.71349055579541,7.46573365343761,7.387286470984924,0.9894923679179789,0.010563128817646502
3571,1124,29,1,0.01495740840678046,0.06271903846451574,7.375415654083624,-0.8898230093739008,0.028436966473314274,0.12327412786025686,50.98310295105365,7.528409570449251,7.222421737717998,0.9593555810336984,0.04148753739212436
3575,1125,1,1,0.026471200521576397,0.05667449515332287,7.478233264577423,1.3860383662007623,0.04040073598616681,0.1316011534925632,-79.41414862338493,7.53610728025413,7.420359248900715,0.9846408726615803,0.015477991560076803
3576,1126,19,1,0.030718163225819908,0.051721427097866084,7.50195063734063,-2.780364399690982,0.05249783512517677,0.16083781299997024,159.30314560356126,7.48239608943448,7.52150518524678,1.0052268144247969,0.005213190235834977
3579,1127,8,2,2.760557944817502,0.4730782295370005,11.314491188345187,1.9134492077867742,4.137625969176824,8.396217680375456,-109.62614068221167,16.560404884101036,6.068577492589333,0.366451033960862,0.9272911363720101
3582,1128,2,2,2.761440859914274,0.46979635346218573,11.069563964578517,3.0480370977270286,4.1389473622495245,8.391977059433634,-174.6332321080163,16.166713512637745,5.972414416519287,0.36942662538372856,0.9209305017559122
3586,1129,29,1,0.019987809551812882,0.0604459231138652,7.704735848451909,-1.1934175878961515,0.03312605542825793,0.14108963511874026,68.3777909829144,7.770666550053333,7.638805146850485,0.9830308761348223,0.01711433147047375
3589,1130,29,1,0.03243397514785947,0.07874731816432479,7.501570524031877,-1.2227514710714789,0.05640396303850488,0.20644203571597727,70.05849867987259,7.469607194241506,7.533533853822249,1.0085582357838074,0.008521770124795635
3595,1131,1,1,0.03726742611941259,0.06667271456946133,7.372075822679039,2.9627361329075135,0.06510820662827982,0.18430240168525489,-169.7522762323224,7.37365818762151,7.370493457736569,0.9995708059955568,0.000429286127959384
3602,1132,1,1,0.018743998237840825,0.06487265337431158,7.464087378610731,-0.5087738855206994,0.031009448493190477,0.11182423931662408,29.15059636813422,7.4480502103246184,7.480124546896844,1.0043064071356238,0.0042971544872503495
3603,1133,11,1,0.04766581522581415,0.07596100432126396,7.345374279910557,0.37545688777926195,0.07401368907833336,0.32726243780089564,-21.512095077054006,7.336531546285686,7.354217013535427,1.002410603312773,0.002407701306400502
3604,1134,13,1,0.026897779751279063,0.06029639746618416,7.462344259973097,-0.6383793143630109,0.04360607784239531,0.1525545721237616,36.57644044565499,7.5724018327748235,7.352286687171375,0.9709319248417659,0.029496782503604536
3607,1135,4,2,2.7606956139982968,0.47627328374197603,11.462271682562847,1.508099839114559,4.137832126942912,8.395373558498681,-86.41418004552753,16.812160999663394,6.112382365462296,0.36356910724235125,0.9334780164457539
3611,1136,28,2,2.764876016030232,0.47382796552038775,11.424116794823764,-2.2542696503813318,4.144087650115221,8.389219732336153,129.15368337064078,16.73698217752711,6.11125141212042,0.36513460714118756,0.9301139822223436
3612,1137,7,1,0.016750926974403835,0.05662236220171521,7.520237363487782,-2.57157944065219,0.03026465525488879,0.10778553038786172,147.340648631623,7.541985558745458,7.498489168230106,0.9942327666664761,0.005783911918330684
3613,1138,17,1,0.03339264384770748,0.056602370247476885,7.463433786199775,1.763115647841349,0.05214944430969035,0.1675572600504952,-101.0190854218678,7.4936268813983276,7.433240691001223,0.9919416603798351,0.008090939388885764
3623,1139,23,1,0.029744988667081196,0.07440588916281059,7.571303534699663,-1.966800336215308,0.04857353324240163,0.1770320295054165,112.68935841471452,7.629283751373171,7.5133233180261545,0.9848006133831181,0.0153157818618107
3625,1140,17,1,0.032202606694099405,0.04051954242251179,7.608857239175582,-0.7655211065046437,0.053279806149752494,0.13694707424104116,43.861128534371566,7.616985962688248,7.600728515662917,0.9978656325343164,0.0021366476613106267
3628,1141,19,1,0.032288217949730774,0.07004147918090356,7.598774017550529,-1.9591565563734215,0.05462371716912078,0.17088599073080177,112.25140209507805,7.594844623627099,7.602703411473962,1.0010347529457568,0.0010342178657651788
3629,1142,29,1,0.029470422509525855,0.057007613223972034,7.430925992963825,0.7018857379722233,0.046938723993305065,0.1481335740708778,-40.215090484297534,7.426990421751278,7.434861564176373,1.0010598024203778,0.0010592411272225795
3632,1143,13,1,0.03028712760920197,0.0656990293870578,7.369613834643359,2.5859436187545346,0.04661053028510057,0.14697785985923986,-148.16365541255468,7.27511776994323,7.4641098993434865,1.0259778790360023,0.02564478053271058
3635,1144,29,1,0.026704497521498102,0.04439777214700762,7.511039132719966,0.7814197254464971,0.043849802575732816,0.11018717032000827,-44.77205229658069,7.5289322926390785,7.493145972800854,0.995246826714963,0.00476449652383384
3636,1145,1,1,0.022940258894741314,0.05256160353916744,7.446628865875691,2.850057915946398,0.03592880563890327,0.13607024240887433,-163.29628994925687,7.469094654022542,7.424163077728839,0.9939843343303322,0.00603381437466319
3637,1146,4,2,2.759589119277533,0.4711979239241974,11.043007324149062,1.5927111004459291,4.136176356992855,8.407708050037536,-91.24920760136811,16.138684424698926,5.947330223599199,0.3685139424684022,0.9228785150593061
3642,1147,23,1,0.02837285499336269,0.0693720303969446,7.582256806366414,-1.3889201491818899,0.04768274639424556,0.15843492536428738,79.57926262314922,7.520387657966311,7.644125954766514,1.0164537125515234,0.01631945474285521
3645,1148,23,1,0.030829373609346962,0.07024714530301221,7.604417674838545,-1.2685969048387495,0.05241610899982124,0.16062112007858792,72.68524854473621,7.640824103580507,7.568011246096583,0.9904705491846353,0.009575073410926192
3649,1149,29,1,0.02507778284546597,0.05634310229398431,7.498090152994356,0.6959321925761457,0.04055628787714574,0.13011543071473017,-39.87397746544722,7.553289594930964,7.442890711057745,0.9853839995824722,0.014723600493004392
3650,1150,1,1,0.02605141903840739,0.063818004088438,7.478670494351566,-3.0460731371222516,0.04267615856109147,0.17070290780800512,174.52713484131496,7.3996913404103415,7.55764964829279,1.0213466076645419,0.021121174947037687
3655,1151,1,1,0.025470371083841353,0.04835081759302335,7.520340018028365,2.3534111908468365,0.041537515209503474,0.11769320852203001,-134.84052869491967,7.549236115624045,7.491443920432685,0.9923446300650536,0.007684784870473398
3657,1152,29,1,0.02957291952145315,0.06098085758051063,7.513708866548262,-0.5340062307688211,0.047796527099040316,0.17268043396922628,30.59630326036213,7.57980673779458,7.447610995301945,0.9825594837618382,0.01759393993573302
3660,1153,7,1,0.03800140876745156,0.07357659762310559,7.457387858926022,1.150593034305652,0.06800281823263825,0.20753931180108678,-65.924124787621,7.474329815560157,7.440445902291883,0.9954666285667868,0.004543670506250642
3662,1154,11,1,0.03897947777858314,0.07163999969226201,7.507430518889404,2.015047988837067,0.0620496264333128,0.2210097443436411,-115.45374528918381,7.485067492028957,7.5297935457498495,1.005975370799064,0.005957571449826605
3663,1155,14,2,2.7649442244611278,0.4726573690792118,11.217986940756882,2.7828736962956997,4.144189943627839,8.411453299225649,-159.44046376981026,16.417839325150613,6.018134556363147,0.3665606927425536,0.9270562377821591
3664,1156,7,1,0.023955547514344123,0.05950360905765535,7.46446996405908,-0.3043874350063813,0.03891583045164044,0.12993259006714322,17.440115366100468,7.305564670491766,7.623375257626397,1.0435025355970518,0.04257644396251412
3665,1157,1,1,0.02803116963711853,0.06741669662537349,7.547985311070767,-1.3440873748216022,0.04434802179250052,0.15369976913535727,77.0105338695151,7.4336697490418695,7.6623008730996665,1.0307561583681148,0.03029035095265216
3668,1158,29,1,0.04376364195041242,0.07220383280692456,7.41508323465115,-2.9348804592790207,0.07092279791561669,0.17924516513921404,168.1562636932519,7.32629993093632,7.503866538365979,1.0242368738795227,0.023946677577384327
3672,1159,13,1,0.03561557537453125,0.0527318267742459,7.455981476415796,-2.4631920546502357,0.05778975724529277,0.2274110599156991,141.13050884870827,7.506920227565453,7.4050427252661395,0.9864288550815795,0.013663862044395438
3673,1160,14,2,2.7685377821993375,0.46982291216483757,11.242528261645457,-0.9252663124703722,4.149567421845313,8.408938418003856,53.0203338251439,16.426654015731646,6.058402507559271,0.36881537175843593,0.922234862734948
3680,1161,23,1,0.030496817418936017,0.0511743007753257,7.553310936873825,2.4806716739212864,0.05087165131042963,0.15357705162509674,-142.13201726917345,7.570138502285543,7.536483371462108,0.9955542252214706,0.004455679251748693
3684,1162,29,1,0.031843980891144465,0.04767064414866623,7.499225572460694,2.091177870342958,0.05222801412564767,0.17989184852556872,-119.81566619022217,7.495767587878995,7.502683557042394,1.0009226498930652,0.0009222244479211387
3685,1163,17,1,0.04441661892315883,0.06094487856044291,7.491353573700946,-1.8019380520278117,0.07182580284864655,0.23864363474356592,103.24344534475078,7.5369383958627045,7.4457687515391875,0.9879036235225748,0.012169982824409205
3688,1164,17,1,0.04729964035647866,0.06361527887519461,7.485919924278424,1.5330203274596876,0.07569449940234882,0.2153050706864123,-87.83559465865504,7.458770127050272,7.513069721506576,1.0072799662050689,0.00725356335701628
3690,1165,7,1,0.02874916578875539,0.059777379291760906,7.5056542045578505,-2.9253678709813467,0.04550510239047256,0.14669216167648927,167.61123252619183,7.4581915118121485,7.5531168973035525,1.0127276680065218,0.012647183430560935
3692,1166,1,1,0.033179398275421525,0.06380701773413494,7.485963367984294,1.255097498640162,0.05681475815231013,0.22486684970902782,-71.91178953836811,7.484798768066531,7.487127967902054,1.000311190709022,0.0003111422967261986
3695,1167,22,2,2.762493483848325,0.46858467515093466,11.067844987519436,3.0898044537889158,4.140522329934756,8.392445670174281,-177.03919149032362,16.155542653235063,5.980147321803806,0.37016072131791333,0.9193655443228071
3696,1168,1,1,0.03553149722652523,0.07344557863480208,7.38708135629444,-0.47146732093670807,0.05975100019881365,0.2179602990276013,27.013087679837646,7.3574861782557734,7.4166765343331065,1.0080449157012707,0.00801268501353348
3698,1169,7,1,0.039746189850245764,0.06277384748452801,7.4812849933503776,1.685623288358498,0.06280262866991118,0.19420180303022094,-96.57910028413437,7.4493798727794776,7.5131901139212784,1.0085658460477989,0.008529315645442945
3700,1170,17,1,0.03699795125597871,0.05824149367219755,7.483892241276019,-2.3473628102720547,0.05878615333599721,0.17645321405627556,134.49398201249284,7.519646872562223,7.448137609989814,0.9904903429929226,0.009555089820509828
3702,1171,23,1,0.03145466028057325,0.05654961933216587,7.444007141266582,-0.5705883818024036,0.054158017219122015,0.19469580748447368,32.692306126187304,7.527219390461513,7.360794892071651,0.9778903085247183,0.022356842924998215
3703,1172,26,2,2.748900863229629,0.4768627560536359,11.317043547848408,-3.1082004677430617,4.1201813377686,8.372077846988017,178.08042662177448,16.599622150746743,6.034464944950073,0.3635302593124753,0.933561593284256
3705,1173,11,1,0.030553005754477024,0.07108133028403756,7.540174001410774,-1.923500431781845,0.0490103016835614,0.1719428235630297,110.20845663832749,7.43049365383508,7.649854348986467,1.0295216852837454,0.02909225902616366
3714,1174,1,1,0.02730309160643312,0.06125090150836197,7.490403682317012,1.4728830352383457,0.04177517515584279,0.14827345883948362,-84.389981632592,7.513820312653946,7.46698705198008,0.9937670507511346,0.006252434803270706
3717,1175,7,1,0.03365037072530266,0.04931104049141444,7.5316534243852775,-1.2275350199932853,0.053004798713119146,0.1977481985146781,70.33257584127158,7.579002258907389,7.484304589863166,0.9875052591608708,0.012573290844427272
3719,1176,19,1,0.028834343726132933,0.07779649603454591,7.614377763977669,0.6307979843747481,0.04956258892073272,0.1482530565072714,-36.142062230643454,7.657712458725678,7.57104306922966,0.9886820783669852,0.011382333814069012
3720,1177,7,1,0.04304577374826844,0.0847155066512446,7.410065707991987,0.05900737642991516,0.0725561810744265,0.22931266248803261,-3.380873650005663,7.404486457609814,7.415644958374158,1.0015069918526052,0.0015058571953429482
3721,1178,7,1,0.03258851321119317,0.060253561461791005,7.466090948795184,0.5363146434721441,0.05387993238783985,0.16455478524018727,-30.728565571348383,7.4921185962149,7.440063301375468,0.9930519926812515,0.006972228867347567
3723,1179,11,1,0.034699054225339525,0.06920707679054403,7.318324835807672,-2.34560418966207,0.054761722366602386,0.1941863267131169,134.39322046838814,7.38660613478423,7.250043536831113,0.9815121321671626,0.01866036299522163
3724,1180,7,1,0.020446659688471258,0.05355395872442027,7.5678209889994585,-2.266260973114146,0.03591237719805311,0.11310587943548708,129.84718903489247,7.648631462154145,7.48701051584477,0.978869298761604,0.021356338441977717
3729,1181,23,1,0.029799276426373325,0.08160193796537757,7.572098141395461,-2.1322540469675713,0.04845171407678986,0.20040232171363992,122.1691577436275,7.5378112958702195,7.6063849869207045,1.009097294739662,0.009056101726363468
3732,1182,29,1,0.04766122610401036,0.08531930504065104,7.4551793301005835,2.8058336426286545,0.07682420338219709,0.3337060455156483,-160.7624257136942,7.4663186055644895,7.444040054636681,0.9970161264064991,0.0029883319959665812
3733,1183,1,1,0.028072981199710675,0.04558490423912785,7.47076122684328,-0.8020548860177217,0.04618225661601005,0.11679063126647773,45.95435990437905,7.481202945819237,7.460319507867322,0.9972085454567724,0.0027953560979674516
3741,1184,1,1,0.025470353896817254,0.06629241199628576,7.502992293035451,0.5845508593557258,0.045278840320264635,0.14522419700783684,-33.49229715464997,7.4886673157077475,7.517317270363154,1.0038257747937758,0.0038184704897005956
3749,1185,7,1,0.028791533686637522,0.0778293066699719,7.448138347148121,1.9724383308819762,0.047691326223190764,0.18238732789950102,-113.012391713907,7.416807750814185,7.479468943482057,1.0084485394219627,0.00841300063818822
3751,1186,29,1,0.02086924860845006,0.07244444498128615,7.637645342521682,-0.629715087851734,0.03662895876084274,0.10376694950509756,36.08001683005549,7.5700873886883615,7.705203296355003,1.0178486589030054,0.017690780549130702
3755,1187,11,1,0.030101610163765804,0.06101242073580137,7.564804660138347,1.0594435532182729,0.04743368895137711,0.1557499012809685,-60.7016442265035,7.642002673110505,7.48760664716619,0.9797963920521018,0.02040978358078195
3757,1188,1,1,0.024414542916898405,0.06033542390322569,7.541593439750028,1.9825022306539746,0.04094949493844764,0.1410038605995497,-113.58901069587112,7.558066423434682,7.525120456065376,0.9956409529205574,0.004368568477273714
3760,1189,29,1,0.03179815441014157,0.055522842063322544,7.466855901646454,-1.4756442493821937,0.04662232769292596,0.17753464574338226,84.54818755215666,7.481859375324591,7.451852427968318,0.9959893729819038,0.00401868574290501
3762,1190,13,1,0.02451726166670471,0.07037996517348843,7.572842181897238,-1.685476347539801,0.03966535650622561,0.15020255112426398,96.57068118358046,7.547421245971407,7.59826311782307,1.0067363235991102,0.006713710735079058
3764,1191,29,1,0.02689784916638903,0.06092144237667726,7.50701902541157,-1.5784433755969585,0.04070386789002555,0.1623629261771329,90.4381436207947,7.466856155879045,7.547181894944099,1.0107576384743677,0.010700084653195725
3765,1192,13,1,0.03231489184561643,0.04820562415855508,7.49472170774468,-0.476091861902906,0.05065759689141795,0.18898880444092192,27.27805435512723,7.431443765810877,7.557999649678484,1.0170297842324854,0.0168860017493152
3768,1193,23,1,0.03647442398836529,0.06553047212344407,7.469344677615089,-0.33243200970006276,0.06046851964927344,0.22322380695382818,19.046951143215328,7.459575059075488,7.479114296154691,1.0026193498858131,0.0026159238758602984
3770,1194,11,1,0.024242388696573615,0.07738445806605251,7.421125790960772,-0.9397949675048571,0.04000294604994592,0.14165756416082018,53.84628524504279,7.296146309185914,7.546105272735635,1.0342590393554774,0.03368208147801257
3774,1195,29,1,0.02526295887373796,0.0636774370436474,7.595172575531198,0.2722578586874919,0.0393822796879729,0.14825440443367977,-15.599226244847555,7.548695498576388,7.64164965248601,1.0123139360869906,0.012238583519364134
3775,1196,19,1,0.016065455914394577,0.06322082379175886,7.455763935952515,0.4887354496711902,0.027998747185946526,0.08814760771843198,-28.002478564959393,7.387447899242239,7.52407997266279,1.0184951657573877,0.018325697352312372
3778,1197,1,1,0.021142534310993468,0.06309371542805518,7.577034070647153,-2.268308366612766,0.03487224302957607,0.13935178620596309,129.96449604130163,7.584630587621978,7.569437553672327,0.9979968656648294,0.0020051426201853502
3781,1198,17,1,0.023318456323123626,0.04697347115072588,7.548416934511923,-1.201104709055572,0.03604157593999659,0.14293177922459016,68.81823057998689,7.543654463595565,7.553179405428283,1.0012626429111624,0.0012618462805319623
3782,1199,7,1,0.020647887600634744,0.056566449649346214,7.6216554164230725,2.1180550999957415,0.03646419715424862,0.1156298010603661,-121.35561800636953,7.625514518911623,7.617796313934523,0.9989878446945504,0.001012667793989838
3785,1200,1,1,0.019631031624038356,0.05293103457351653,7.620750429052204,1.2693599314723285,0.031728540076642685,0.13183323159770027,-72.72896675541729,7.628425768335362,7.613075089769044,0.997987700341788,0.002014326372347392
3786,1201,17,1,0.04663291950907741,0.06335647395262414,7.466020013476934,-1.6786998407985128,0.07399696258002703,0.18864294394421632,96.18241594480183,7.492916626172975,7.439123400780892,0.9928207895435295,0.007205073827150239
3788,1202,1,1,0.03138950472904085,0.07108493330250741,7.479362190824016,-1.0425267044473543,0.05203165795352268,0.191198870703604,59.73238018665701,7.46608817209109,7.492636209556946,1.0035558162258376,0.003549505531156976
3792,1203,11,1,0.03663750943469892,0.052081804207279224,7.4393048448900085,-2.7203060517656024,0.05745085788505103,0.16107847824703403,155.86205573963898,7.411796747264786,7.466812942515232,1.0074227879050717,0.007395340881646534
3793,1204,29,1,0.028898744898564272,0.07233134996837935,7.4869972665228905,-1.24714981479368,0.050161729709545105,0.18321697124080052,71.45642080429056,7.476996949722672,7.496997583323108,1.002674955431295,0.002671382516708901
3795,1205,17,1,0.03196344427553807,0.05857674247880358,7.527176911086499,-2.962148384330944,0.04875642211511448,0.1564106896891542,169.71860070959224,7.579038148553734,7.475315673619264,0.9863145595916728,0.013779731253785434
3797,1206,26,2,2.766210662554457,0.46830835707957486,11.266294637871097,1.0079400636604021,4.146084888913342,8.41303896799304,-57.75717449284796,16.44524286245082,6.087346413291375,0.370158498977873,0.9193702794121754
3804,1207,14,2,2.7564490468585925,0.4790717728529331,11.807592822716707,2.0070462177776722,4.131476925699405,8.383928689374741,-114.98888301893167,17.354117168205033,6.261068477228378,0.3607828860749804,0.9394843519362106
3807,1208,19,1,0.0230117816702046,0.059496199532108246,7.405464950330145,-1.1207040036621514,0.036770150550194676,0.156076847623785,64.21160949089523,7.4779556083392515,7.332974292321038,0.9806121721481559,0.0195776115329194
3810,1209,7,1,0.029465727972104654,0.055994819276049344,7.311966436125791,-2.996702295032859,0.04843385347198396,0.17005649919686833,171.69839395529073,7.337091582567214,7.28684128968437,0.9931511972670154,0.006872336371044558
3813,1210,4,2,2.7604722974601783,0.4723160743013835,10.941080570566118,-0.03494182210947876,4.137497994300939,8.412349452546112,2.0084415412154306,16.002316883818136,5.8798442573141,0.3674370592710807,0.9251803385614108
3820,1211,29,1,0.03607809350229101,0.057084737727024465,7.54673097582671,2.5443748354958826,0.058349115744877715,0.18274656830312064,-145.7819395662934,7.649240471235114,7.444221480418309,0.9731974708354671,0.02716659590404249
3822,1212,4,2,2.766629202948774,0.4696018223482055,11.144477341545159,2.737388749363684,4.146711260963401,8.388614309046385,-156.83435644691252,16.281256134476973,6.007698548613348,0.36899478142178016,0.9218518976717858
3830,1213,19,1,0.026661960192978517,0.05959905665479994,7.491387458571935,-1.2427505836175705,0.0449777643774518,0.1693958240239354,71.20436342427476,7.460755066750372,7.522019850393496,1.0082116063447997,0.008178028967520914
3835,1214,23,1,0.02458573256027636,0.04423004790405858,7.5270180954709085,-0.558388397839041,0.04015637420838211,0.13089634138931924,31.993298526654744,7.484361485831074,7.569674705110742,1.0113988640769394,0.01133426520271053
3836,1215,7,1,0.02822417514280842,0.05932230206076506,7.392686652845589,0.40078585230617947,0.046652247979270645,0.144679886961084,-22.963337831006694,7.4042736946988885,7.38109961099229,0.9968701746231788,0.0031347309570706567
3837,1216,19,1,0.019720213071745717,0.04837486724679312,7.432617790826007,1.7615802137540022,0.03224362986010671,0.11887593866715142,-100.93111152334346,7.429031774846529,7.4362038068054845,1.0009654060147162,0.0009649402351628481
3839,1217,28,2,2.7615032038802374,0.47225572833013385,11.294022322827377,-0.23640220954882468,4.139040324297838,8.39766887029854,13.551278721197887,16.526618550653158,6.061426095001599,0.3667674713023519,0.9266134027820545
3848,1218,19,1,0.021011165434511404,0.061789934563942696,7.435766097824513,1.325777437445881,0.03017349788150306,0.10874119066812321,-75.96145173907861,7.429468167528345,7.442064028120681,1.0016953919591969,0.001693955999506409
3853,1219,1,1,0.036376294455135544,0.06635215661071064,7.406488708324214,2.225125323362587,0.05961614635465723,0.21821239595398517,-127.49028992897466,7.3988629270277775,7.414114489620649,1.0020613387142445,0.002059216343060069
3859,1220,29,1,0.04266634660022743,0.06696583036731457,7.499205872971271,-3.075647436235416,0.07040063950662961,0.19482388527991604,176.2216173721207,7.511906947411755,7.486504798530786,0.9966184153958775,0.003387311844914583
3867,1221,17,1,0.03763932792455439,0.06855394122272297,7.377543750170387,1.8759573975161592,0.05994714770425942,0.19452797949491754,-107.4844414255905,7.390214936795427,7.364872563545345,0.9965708205421869,0.003435069192168099
3869,1222,23,1,0.03212520033182599,0.059787125360216124,7.49125397510507,-1.1305081629681286,0.05299767742750245,0.21337099521020758,64.77334643589471,7.5760322748872815,7.406475675322858,0.9776193403865949,0.022633940876640068
3872,1223,19,1,0.031225217438337692,0.06272363533956417,7.50320641365487,-0.43956913851201634,0.0488857776657821,0.1450925630859432,25.18545644547443,7.600274170739032,7.406138656570708,0.974456774873235,0.025873673662372185
3877,1224,7,1,0.03263516578232745,0.05775609059552298,7.456148297716075,-0.4918675260538253,0.050021091177151235,0.19536134687164972,28.181933325756265,7.3961590142347,7.516137581197452,1.0162217397884281,0.016091225948322827
3878,1225,23,1,0.027154219614964243,0.07305140244808102,7.627108182184284,2.1741871028871533,0.04434725763992671,0.15131667355359993,-124.57174486906254,7.66735366017564,7.586862704192928,0.9895021203468436,0.010553273148888324
3879,1226,1,1,0.033094515358653265,0.0717344803648828,7.512536340363119,-1.9972963505665513,0.05533542217088994,0.1774713938814072,114.43665133063308,7.564212769170722,7.460859911555513,0.9863366009432678,0.01375738537994395
3881,1227,19,1,0.02581365282524592,0.06612048137827586,7.442808480317968,-1.618637935335091,0.04393595179351037,0.13482797880567268,92.74112225922359,7.458406517320707,7.427210443315231,0.9958173272088309,0.00419143849905207
3886,1228,1,1,0.020687772683088607,0.062204026759364435,7.63805289086036,0.21892209025881113,0.03219980430678772,0.16258294786970376,-12.543311813914498,7.687788570522444,7.588317211198275,0.9870611218802796,0.013023130468655915
3889,1229,19,1,0.0388531985010007,0.057664987979401366,7.337997592023674,0.9532886701143772,0.06377641315407348,0.20139126131169255,-54.61941744019903,7.320100260896898,7.3558949231504505,1.004889914205788,0.004877987735027464
3897,1230,11,1,0.03686699769440605,0.05871678877369294,7.345495586099117,-0.5692926568642674,0.06302538309076149,0.22239906789366626,32.618066560775645,7.356683753628903,7.334307418569332,0.9969583665943866,0.0030462662181591255
3898,1231,11,1,0.018306619704695257,0.055141433510172796,7.520823473294412,-2.4467817545368056,0.0337962770183302,0.09762326866787552,140.1902679234939,7.472871967734438,7.568774978854384,1.0128334877854224,0.012751663625730134
3906,1232,29,1,0.031136181213962694,0.0682241033363679,7.529751044142417,2.7605548938004496,0.050934673034167294,0.16440830313947077,-158.16814452232472,7.531209819847593,7.528292268437242,0.9996126052148139,0.0003874698370832396
3907,1233,1,1,0.0321081459950463,0.05602571448765864,7.4884950323533035,-0.6288708288825041,0.050959117385042385,0.15027241044455517,36.03164436056628,7.460148621616478,7.516841443090131,1.0075994225248248,0.007570656217132783
3911,1234,14,2,2.757918207094061,0.4722474612082116,11.260517587253558,-3.1203264488089464,4.13367565511108,8.388569853223819,178.7879409928526,16.471634362979994,6.04940081152712,0.3672617226814572,0.9255554614337103
3915,1235,13,1,0.03113402194262278,0.06185435099852722,7.342895263972612,-2.0802413980085706,0.04657098549886085,0.20058465961407165,119.18905247448743,7.357561017018922,7.328229510926303,0.9960134199329409,0.003994542348510866
3916,1236,26,2,2.7689677441807468,0.46921886459298906,11.169866536817329,1.9923437197807385,4.150210995672149,8.408347082257148,-114.14640426544622,16.31175168412569,6.027981389508968,0.3695483787541527,0.92067082992622
3917,1237,17,1,0.036179124721260725,0.05791756623008234,7.524044369979555,-0.5265622605580135,0.05998507438584656,0.22862564349146472,30.169795193175258,7.520030421875475,7.5280583180836365,1.0010675350707103,0.001066965559133599
3918,1238,17,1,0.024999081261264128,0.0641766954666493,7.495012621749377,1.8564849930574614,0.039665913362737566,0.13107640063312254,-106.36875483403932,7.5048377756742575,7.485187467824497,0.99738164788672,0.002621784490760978
3922,1239,17,1,0.02976558637340168,0.04980518562784869,7.494423913115422,-1.3897635444453198,0.045407154038970214,0.14185688952882053,79.62758561437576,7.490292602226768,7.498555224004076,1.001103110681531,0.0011025025903389704
3929,1240,1,1,0.022919570578858073,0.04837743770133208,7.447359720945295,-0.43012350144880335,0.038738507651834016,0.13152972932769927,24.644261303870902,7.426493645418931,7.468225796471656,1.0056193613090165,0.005603616934919264
3930,1241,1,1,0.038308964124430314,0.07684046791849353,7.520125411780503,2.4819973452007464,0.06351970139905627,0.24927318260038747,-142.20797262612487,7.521899607626461,7.518351215934547,0.9995282585680463,0.000471852728194564
3934,1242,19,1,0.04318354670686348,0.04949675882297128,7.420753215775132,2.3861668125452664,0.06561324360515741,0.21524171258561603,-136.71728756297418,7.337844880411574,7.503661551138692,1.022597461983663,0.022344991930822143
3939,1243,23,1,0.030952153099658066,0.07333209632806045,7.490296101976447,2.6408672915203337,0.05077163423213357,0.1695446104290952,-151.310550055961,7.490757064410489,7.489835139542404,0.9998769250076918,0.00012308256650119768
3941,1244,7,1,0.0358949306492613,0.06518156896357383,7.4877000768974105,-1.4196758559067348,0.05781732766289912,0.17676463422702232,81.34143481729585,7.484934492135303,7.4904656616595195,1.0007389736717172,0.0007387007315213244
3953,1245,7,1,0.04386285626340494,0.08019233326810062,7.439111150285627,-1.4220675544960388,0.07542441104109039,0.24355828885514721,81.47846902892275,7.429251130227437,7.44897117034382,1.0026543779138315,0.0026508597220820324
3955,1246,16,2,2.7582143296417083,0.4708359815644715,11.084296003950378,-0.9101376634190925,4.134118966095892,8.410219134467326,52.14063999223372,16.194161734925267,5.974430272975485,0.36892494781564905,0.9220009514639027
3967,1247,23,1,0.04343234396667692,0.07451221223433817,7.325579283653533,2.5234233230514302,0.07609607352931762,0.22100884876483504,-144.5815063127538,7.305574836359491,7.345583730947571,1.005476488227724,0.005461533216541264
3968,1248,13,1,0.04291072270858935,0.07299368216877668,7.420027742081612,-1.2328705124835653,0.0703032370687417,0.27355637344420286,70.63827702979718,7.4162481564131975,7.423807327750027,1.001019271628646,0.001018752435918664
3971,1249,13,1,0.033190989909302214,0.053504081191995546,7.521422014193839,3.049252857173879,0.051611054039887035,0.1688539946087435,-174.7093193791369,7.498703066578676,7.544140961809001,1.0060594338550142,0.006041130938348935
3972,1250,19,1,0.05096923128609674,0.05580131835605859,7.497309089601005,-2.420529787381405,0.07494923556489827,0.2706472002268553,138.68614099012234,7.509977994063621,7.484640185138389,0.9966261140917775,0.0033795870788329084
3973,1251,11,1,0.037603333478439166,0.05404724074752575,7.458275814252863,1.918438511082068,0.06011450947549229,0.21055614754295182,-109.91842995340842,7.446668657315047,7.469882971190679,1.003117409266334,0.003112557708213148
3977,1252,23,1,0.03475982618225722,0.05885433275792606,7.479313535251046,2.8708210450644325,0.05139119855475969,0.16247483443063382,-164.48592961570344,7.450550513565968,7.508076556936123,1.007721046017393,0.00769135337073737
3980,1253,1,1,0.044810804667238614,0.053794218565195194,7.571213476688115,-1.357882404335,0.06922635565602861,0.20907743455862773,77.80093082371673,7.559415737329178,7.583011216047051,1.0031213362960523,0.0031164725166612254
3987,1254,7,1,0.019420216899534062,0.05817120167286303,7.562953074731845,-1.772687187588609,0.03234220964641061,0.14579912850598148,101.5674942468496,7.571450658958454,7.554455490505235,0.9977553616580581,0.0022471603731088353
3995,1255,19,1,0.029790876440126856,0.06456497989595457,7.4179626835012895,-2.421426624867713,0.051715688084779825,0.2095145697732667,138.7375259979029,7.45852530452411,7.37740006247847,0.989123152535739,0.010936323827305694
3998,1256,11,1,0.019739014719548118,0.05931262548847457,7.570122483376919,0.3860581356963209,0.031845690321456246,0.10820379565080282,-22.119501823925155,7.566594288251449,7.573650678502389,1.0009325715086768,0.0009321368665349062
4000,1257,17,1,0.032371403949590934,0.05285165329937226,7.50549820347692,-1.2422786614830763,0.05094966449599653,0.17439375817806133,71.17732427471029,7.4910466958865145,7.5199497110673255,1.0038583413445656,0.0038509122775383037
4006,1258,7,1,0.024931072141207197,0.0617970020595046,7.592538008006329,-2.0753685198085,0.041428531527035954,0.1355736295432362,118.90985712271697,7.566986826896227,7.618089189116433,1.0067533304060432,0.006730603411707468
4007,1259,16,2,2.761470792885212,0.4725706860873528,11.17098803669478,2.9899343960196565,4.138992074364425,8.40870261757575,-171.31705151704062,16.3456509944039,5.996325078985658,0.3668452899819383,0.9264467817369854
4013,1260,13,1,0.02959906722792975,0.04728086420006963,7.4642142585098155,-0.7386256713082908,0.04834382799288035,0.12107711242010381,42.32013360636882,7.43040767454328,7.498020842476351,1.0090995233228879,0.009058310170556404
4018,1261,23,1,0.0294285600863978,0.06280064473183643,7.544939440732092,-2.449336710371818,0.047140024519775336,0.1592570530030061,140.3366561115185,7.54061172133268,7.549267160131503,1.0011478430555358,0.0011471846615621463
4022,1262,23,1,0.021393268533943494,0.056661372134547534,7.535147691886879,0.08779498491199585,0.03609084325369624,0.16468756352900835,-5.030282099639947,7.604188037556984,7.466107346216775,0.981841494363602,0.018324881871775466
4026,1263,29,1,0.01608107463728986,0.06479254180752263,7.463799486806694,-2.8470948352763794,0.024261537487932028,0.07994884175437397,163.12651793442888,7.238540523773694,7.689058449839695,1.0622387792934715,0.06036040047195192
4034,1264,14,2,2.766492058401171,0.4710085081257108,11.24085690240677,-0.039126287626119895,4.146506159264194,8.3986006096763,2.2482359509852445,16.43542055625045,6.046293248563091,0.36788187000567285,0.9242291222000121
4036,1265,19,1,0.030301276612157167,0.060039084805537414,7.480391084698955,3.060301949098245,0.048124039120769846,0.1856664967383442,-175.3423857130475,7.388955553392973,7.571826616004938,1.0247492438262118,0.024446724849189416
4038,1266,1,1,0.028667423928173494,0.05636677615317249,7.499835533587242,-1.8594575425412403,0.04579860837221635,0.1577430791318411,106.53906937610688,7.4964404057183325,7.503230661456153,1.000905797334511,0.0009053872858159768
4039,1267,13,1,0.04785226608314544,0.07001452208344171,7.4424172868021525,0.4366931240721446,0.07251092305833477,0.2782970954409793,-25.02067296925955,7.4618568435612955,7.422977730043008,0.9947896194830063,0.005223990004864843
4043,1268,29,1,0.027554668181567734,0.05994347686225392,7.608418237314565,2.6562883324409774,0.04555700327024903,0.14790938152024855,-152.19411061571478,7.714806407469561,7.502030067159568,0.9724197434035441,0.027965910084497815
4044,1269,1,1,0.029615512102063694,0.050011751680667065,7.5055686387505265,0.3413702586816858,0.04735758260605038,0.1483964654131937,-19.559075078899387,7.56245958068716,7.448677696813892,0.984954381222236,0.015159662025582363
4045,1270,7,1,0.03921869451068704,0.057222057176835685,7.353650562325525,2.2910227425906906,0.06236744167169477,0.19779433531225976,-131.2659339339941,7.340433817215561,7.366867307435488,1.0036010801102697,0.0035946078748087065
4046,1271,23,1,0.03363040201132774,0.05730713112911194,7.480554715766203,-1.1230081418505686,0.054424617265462494,0.18485835947081874,64.34362688117525,7.470453624220409,7.490655807311997,1.00270427796059,0.002700626338446501
4047,1272,23,1,0.027706548197528533,0.06841029908826385,7.409894118790609,-2.9459404791075414,0.045288128214732125,0.1571155849549021,168.7899561452997,7.412174193607813,7.407614043973406,0.9993847757061161,0.0006154136025834386
4051,1273,17,1,0.02966290284276473,0.04614719386214868,7.316302681391102,0.053407264341945766,0.04794900818316502,0.16171227640367686,-3.060010848585271,7.3952228965663895,7.237382466215816,0.9786564336791176,0.021573797206618818
4052,1274,29,1,0.03598364372075169,0.06691880397926399,7.398030050836564,-0.9944308046778939,0.05983644918116839,0.181399562225645,56.97668811423075,7.405866447705155,7.3901936539679705,0.9978837325993043,0.0021185090665335306
4053,1275,29,1,0.0219148143881062,0.06322599664365795,7.575375636456321,-0.6914176041843444,0.03584596648035472,0.10789041507837374,39.61531060265673,7.581766236196401,7.56898503671624,0.998314218734529,0.0016872033934068613
4059,1276,29,1,0.03179530571106049,0.05092096054993368,7.296640768843038,-2.0722067113456157,0.05259985891260524,0.14783385519290862,118.72869884668219,7.314194862308834,7.279086675377244,0.9951999929462493,0.004811554802245834
4070,1277,11,1,0.03146646287509218,0.06422554779890434,7.3334660304156385,1.4076255550678995,0.05105514339410265,0.20496111466591557,-80.6510034325846,7.286408708653023,7.380523352178254,1.0129164650637101,0.012833582801759643
4071,1278,23,1,0.044454842863251465,0.061952061310286376,7.5379035440087225,1.8316182077455754,0.07496936403551516,0.21519733214111655,-104.94399300269836,7.533629235923113,7.54217785209433,1.0011347274870461,0.0011340840488747177
4075,1279,1,1,0.03110331942116008,0.07243468346911333,7.460500705133414,-2.952866448243955,0.05055368394034991,0.1855698313079883,169.18678494470828,7.494558733419629,7.426442676847199,0.9909112652265053,0.009130225874190993
4076,1280,17,1,0.038890293479098545,0.060499006582160716,7.482950392619112,2.5955080795359455,0.06150104147546695,0.18303317809716643,-148.7116586422747,7.471847172414662,7.494053612823562,1.0029720148039007,0.0029676049210220273
4077,1281,17,1,0.019758492580583504,0.057626140512966516,7.57183145880819,2.0328931015923852,0.0330517829694451,0.0937836541933476,-116.47619492399853,7.651923599777126,7.491739317839253,0.9790661420165593,0.02115528889005227
4080,1282,19,1,0.037926042359671105,0.06936065464399177,7.393353676123547,-2.6191653470068834,0.05902935175644314,0.2124864970859092,150.06712022772751,7.37494745904386,7.4117598932032305,1.004991552056988,0.004979125275482753
4086,1283,1,1,0.040201928969026246,0.05635680662222646,7.529013264475986,-2.772886572129262,0.06505057066809132,0.20062634208137287,158.8746976354512,7.538152214637545,7.519874314314425,0.9975752810764913,0.002427662122653002
4087,1284,17,1,0.03819312696788968,0.0650469131473977,7.283507316253351,-1.7094772798142863,0.06108800627617527,0.18609622538252335,97.94583329961416,7.2370223856775135,7.329992246829191,1.0128464244266633,0.01276443574707645
4089,1285,19,1,0.03987791176762004,0.051536044962462564,7.473845391330175,-1.802915122065839,0.06295628868820456,0.19545780886957123,103.29942732106547,7.458333739967226,7.489357042693126,1.004159548742054,0.0041509157738114704
4092,1286,17,1,0.021262370782694263,0.06303662342327775,7.528986190626364,-1.7531806284488505,0.03171591640226419,0.13001462119299895,100.44985073464737,7.6351556687622475,7.422816712490478,0.9721893088387821,0.028202861699511767
4094,1287,8,2,2.7596501987523414,0.46432904200941283,10.774168868023285,2.819480808859367,4.136267351143284,8.39677000959109,-161.5379338695891,15.680545862100162,5.867791873946403,0.37420839335248146,0.9107666780012226
4095,1288,7,1,0.028990131979222736,0.05952157933519421,7.333242692258523,0.2278904994683968,0.04880547588817787,0.18029182728592086,-13.057163817128858,7.321126485581576,7.345358898935469,1.003309929612829,0.003304460846423961
4101,1289,23,1,0.0443461371219729,0.06604118102364966,7.407061936010698,-0.13441506399284112,0.06812732034607956,0.19520720199240496,7.701415869743135,7.400995077398004,7.413128794623392,1.0016394710574046,0.0016381282254975859
4105,1290,13,1,0.03138316169766532,0.06111644544884252,7.281468812051779,2.1772654099233826,0.05356403595444917,0.16929898145695021,-124.74811887707237,7.1805459226014134,7.382391701502143,1.0281100881571417,0.027720475650001863
4106,1291,29,1,0.037781080746260166,0.05902919739399192,7.47027570652908,2.089906726182405,0.058889571350236626,0.2045899133917858,-119.74283499286098,7.481489632098591,7.45906178095957,0.9970022211829584,0.0030022789010878
4107,1292,4,2,2.7748066451166804,0.4840316667459593,12.070833301816924,-0.6858168027488234,4.1589486375750875,8.414030359548113,39.300931692256015,17.80581449856832,6.335852105065526,0.35583051286842066,0.9502212570342028
4111,1293,29,1,0.032407625436850857,0.05810035059220373,7.260404872367578,-0.6594415021588916,0.05094795165169445,0.1782788733838005,37.78321490348156,7.242298318195753,7.278511426539402,1.0050002232375137,0.004987753297543016
4117,1294,1,1,0.03618165054655796,0.05963639859053637,7.504733197083201,-0.7178114140829451,0.05649250011319091,0.2036577726397904,41.12756451098123,7.489377285694872,7.520089108471532,1.004100717804045,0.0040923270648176935
4118,1295,17,1,0.017990160008444358,0.05912277283648397,7.493729155757282,1.1575990992649532,0.031455530565918925,0.12556989627937074,-66.32554275549931,7.516876185222519,7.470582126292046,0.9938413168196807,0.006177706448718627
4123,1296,29,1,0.025846333837347545,0.07575368077987935,7.344717929542804,0.06328792362014667,0.04395415702175206,0.1683035424985275,-3.6261309148055307,7.377499243950302,7.311936615135305,0.9911131636009641,0.008926500574145055
4124,1297,14,2,2.7568988149867173,0.4695626488369784,10.954779474512161,0.21118992722038019,4.132150029446396,8.389943751112886,-12.093893830623335,15.995862980921977,5.913695968102345,0.369701589414433,0.9203441325566812
4128,1298,23,1,0.025518726163100837,0.06790680195612141,7.456887532306295,0.4841897201182312,0.043325559901598684,0.14256894039259174,-27.742027446957092,7.530352463089451,7.3834226015231375,0.9804883154823761,0.01970391278261246
4129,1299,17,1,0.03154743697748603,0.061726243546782154,7.4714101506326545,-1.2736143131830369,0.05089352936339799,0.1631921300476301,72.97272486853444,7.508703737073769,7.434116564191542,0.9900665713425398,0.009983011423340363
4133,1300,29,1,0.033511590842461275,0.058849535775470814,7.5534013268639155,-0.26348924722077405,0.0524108962626696,0.18037551989417963,15.096821819679244,7.5308032708220685,7.5759993829057635,1.0060014995025572,0.0059835443832374656
4135,1301,1,1,0.03828597127806933,0.06611567046720253,7.356328834937354,-2.7149504815567673,0.060190338658932016,0.23007150329915244,155.55520416871317,7.371546712493629,7.341110957381081,0.9958711846645475,0.004137356525988883
4137,1302,19,1,0.029917033367184667,0.05127020683401935,7.475498835648305,-1.4282101932677682,0.04483047990796566,0.16366697609788866,81.83041633073503,7.455650300859734,7.495347370436874,1.005324427511382,0.005310290383276775
4140,1303,29,1,0.02004980171071497,0.05484723831801278,7.4503468450418495,-1.910977563788586,0.03382101191163717,0.12440207508104571,109.4909491507469,7.536346739234508,7.36434695084919,0.9771772989836202,0.0230861451101143
4142,1304,29,1,0.02731475958825421,0.06409968550994533,7.463872176614575,-2.8134503250151255,0.04417377244892302,0.1437962026096929,161.19882948972224,7.453327132460766,7.474417220768385,1.0028296206422722,0.0028256229217988806
4149,1305,17,1,0.03695161592398477,0.052649957711177774,7.51669155008417,-1.055667529554446,0.05837976961389332,0.1674117498899306,60.48529400582504,7.596538852382126,7.436844247786213,0.9789779783004946,0.021245331610570704
4152,1306,19,1,0.04712217525339696,0.06023569628392469,7.488168808282948,-2.4447291110111546,0.06968840567713748,0.2234379491356209,140.07266011343845,7.514069090741585,7.462268525824313,0.9931061899628927,0.006917654535241455
4153,1307,19,1,0.02113927267446547,0.06214532154466485,7.4381596059040564,-0.9480924750735022,0.03694436765175587,0.09314287583767668,54.32169740908771,7.4129970821967515,7.463322129611361,1.0067887585623732,0.006765792895149002
4154,1308,19,1,0.023147229760461702,0.0532184573319146,7.533778241849292,-1.6046799207114364,0.03404813478524241,0.13735760867609353,91.94138692674477,7.525367172212911,7.542189311485673,1.00223539116269,0.0022328954652948837
4158,1309,19,1,0.03693559521217627,0.06466141852438761,7.337500892408506,-1.3965495303353959,0.059176790754664574,0.19130335851063568,80.01639397292979,7.319446481590053,7.35555530322696,1.0049332721712942,0.004921133525757427
4162,1310,28,2,2.7627973139597852,0.4740002374446268,11.404809365792707,2.6882522622313147,4.140977011675721,8.392695550389423,-154.031947800281,16.70787067574429,6.101748055841127,0.3652020161192271,0.9299693032761154
4163,1311,1,1,0.036547778213210834,0.0647454634490701,7.5374463792276645,-1.715843370704873,0.058663505651170955,0.19772435953789907,98.3105834573126,7.509672656841499,7.565220101613832,1.0073967864260673,0.007369531002623884
4167,1312,16,2,2.758156552868572,0.47416646820410335,11.199141673463892,-3.042513069177726,4.134032184201292,8.383792589847829,174.32956443090538,16.40529691243706,5.992986434490725,0.36530801401999424,0.9297418303599163
4177,1313,1,1,0.03634081908611616,0.05786939005898183,7.496440118185658,-2.689795640097077,0.05759204977413107,0.1883891741749143,154.11393791951483,7.512636611553095,7.480243624818221,0.995688199974286,0.004321115919580505
4178,1314,4,2,2.7679333122799545,0.4702320746249178,11.240818870927065,2.1069171670105344,4.1486628833734915,8.406493915492984,-120.7109865072887,16.428133963482807,6.053503778371326,0.3684839551361905,0.9229425635479395
4179,1315,13,1,0.03332084708010542,0.06730105836294642,7.476410912405805,0.3448533411425291,0.05495315957255838,0.20692640835061518,-19.758641008052372,7.390622299830109,7.562199524981501,1.023215531546692,0.022949143266950356
4180,1316,29,1,0.03483967263453977,0.07585411035440831,7.51705934640962,-0.6430411443891617,0.05551272840456838,0.20934194799193206,36.8435436225418,7.556987951818156,7.47713074100108,0.9894326666489043,0.010623464194840846
4186,1317,17,1,0.030402713618964666,0.06819368635403318,7.335183127756297,-0.9055868748378502,0.05151602647144478,0.15007761415481924,51.88630590416278,7.323019730560081,7.347346524952513,1.0033219621532512,0.003316453586602311
4187,1318,23,1,0.03896655006138405,0.06359826474243013,7.450807529038114,2.1582651159301176,0.059922506320083176,0.20616549163924067,-123.65948221460981,7.404596983296674,7.497018074779552,1.0124815829533143,0.012404171107988537
4190,1319,7,1,0.024884514934525506,0.06607628362398055,7.384822729006705,-1.8778932656716552,0.04250134843892449,0.1976968232312752,107.59535850238132,7.405095001959931,7.364550456053482,0.9945247770763618,0.005490253103462505
4198,1320,19,1,0.025357101776449398,0.04693747844739686,7.515172009403496,-1.342547930485454,0.039228754625889393,0.1279863205965968,76.92233020758036,7.527908517106033,7.502435501700958,0.9966161895635167,0.0033895452257381247
4200,1321,19,1,0.036953309438416265,0.05941310433305847,7.569928589347787,-2.754952028155152,0.05907188907733346,0.17817410578336088,157.84712396137726,7.563842019411282,7.576015159284293,1.0016093857912118,0.0016080917711880853
4204,1322,19,1,0.042605038520606035,0.06476017821609036,7.400549872464059,-2.5866741480746125,0.06710231341932567,0.2073973160867808,148.20551165648675,7.437277184159307,7.363822560768809,0.9901234522296749,0.009925562918480959
4206,1323,17,1,0.03598331049175057,0.0595164739643683,7.429309543716905,-1.465676706647876,0.0586891881925575,0.16001422878688534,83.97708942231814,7.475714916733234,7.3829041707005745,0.9875850340647799,0.0124925129968708
4209,1324,11,1,0.02132811769292769,0.051360642678499005,7.551753805999949,-1.0200403370688322,0.03826752132698499,0.12500919287386353,58.44400624573862,7.588292208753823,7.5152154032460725,0.9903697955353578,0.009676799242275397
4213,1325,7,1,0.04649665495345302,0.07406284774099117,7.353741887115517,1.5115967181754357,0.08029220111515749,0.268718855287517,-86.60811224895296,7.4424945304874495,7.264989243743587,0.9761497591947526,0.024138090440034243
4216,1326,13,1,0.02813257054458714,0.062063050696645444,7.353575331671204,-0.05839251182863729,0.04525392473647573,0.1548026382383845,3.345644480382729,7.353883344112304,7.353267319230103,0.9999162313496999,8.377215904051097e-05
4222,1327,23,1,0.04041000380401799,0.067250895906974,7.330823758910668,-0.16267337578753324,0.0633479356027331,0.19369753730347256,9.3204978691353,7.271228636198613,7.390418881622723,1.0163920365302146,0.016258779278281444
4224,1328,7,1,0.025416954234254423,0.05140565921001109,7.464189469810765,-0.7069889249009665,0.03986949565039982,0.11883293560352838,40.507481561989565,7.429537676584105,7.498841263037426,1.0093281156204035,0.009284810726418784
4229,1329,1,1,0.029028967113033738,0.04374900191290606,7.427718835811442,1.722461601200943,0.04326001473093001,0.15305199252696636,-98.6897801257946,7.410340782966576,7.445096888656308,1.0046902169154788,0.004679243581779354
4231,1330,17,1,0.038232119966263634,0.0774827977022521,7.5565134118643975,-1.342028927126008,0.05837233483753488,0.2179959235582828,76.89259350823781,7.5310800003173854,7.5819468234114105,1.00675425345261,0.0067315202556458885
4232,1331,11,1,0.03359909877953583,0.08113147767983805,7.439280637395782,0.0462703513928727,0.05907364485377859,0.1956212792971551,-2.651095842258233,7.516858884708315,7.361702390083249,0.9793588655840402,0.02085638413008985
4233,1332,29,1,0.029407306090296383,0.06289569434858668,7.48445701175046,1.4946286725526092,0.04377989207702391,0.1613658327535824,-85.63591487512028,7.524527965303901,7.444386058197019,0.9893492445670451,0.010707778397425502
4236,1333,23,1,0.037276610034035415,0.04988384691536689,7.442889436147147,0.2812815165369963,0.06016349937720094,0.17570898580081754,-16.116243760689724,7.39808618502064,7.487692687273653,1.0121121192713929,0.01203920910309781
4237,1334,23,1,0.03779163488177229,0.05534462453607591,7.537289795655648,1.2053836347829927,0.06127346144460532,0.18328319860780917,-69.06339495315355,7.482057721725112,7.592521869586187,1.0147638727165025,0.014655685379742765
4238,1335,22,2,2.7519681134304066,0.46639887790189843,10.65758594744485,-0.28771574835364844,4.124771286776361,8.393254230653607,16.478534731314113,15.525574124452389,5.78959777043731,0.37290716105105826,0.9135254833529421
4240,1336,29,1,0.01949063783521739,0.05925320667797531,7.526305698195026,3.0292454638266655,0.029965444664534935,0.12016740902922123,-173.5629801854595,7.513357144517763,7.53925425187229,1.0034468090437338,0.0034408790172763457
4248,1337,11,1,0.017828215990654196,0.056465053171735495,7.478580696942476,1.5320774456172361,0.02874225637595148,0.13823732374114708,-87.78157152134413,7.501157584648359,7.456003809236594,0.9939804257006711,0.006037746631553441
4252,1338,19,1,0.04311996806695851,0.06801490306828403,7.426498389168388,2.2506735775470004,0.07178212731576443,0.24026738481546114,-128.95409707395092,7.430348809998083,7.4226479683386914,0.9989635962111186,0.0010369411337412425
4254,1339,19,1,0.03265740306917374,0.04699542697459353,7.488853158057447,0.35878285490641687,0.052965670834227686,0.14881921161755648,-20.556743355142945,7.493758131272378,7.483948184842515,0.9986909176600023,0.0013099397494939974
4255,1340,7,1,0.036720651693915814,0.05602850501116474,7.485723161804159,-2.469600454491599,0.05502111117202919,0.2014617169471392,141.49768312379842,7.4530105304228575,7.518435793185459,1.0087783671437922,0.00874000565455495
4257,1341,23,1,0.029796796354097158,0.055404067318890374,7.636860819669865,0.5261849544190127,0.046518229127888375,0.14355268926353612,-30.148177137219317,7.63091309639687,7.64280854294286,1.001558849694096,0.0015576356341799385
4267,1342,11,1,0.026276048063525702,0.07556992544487268,7.665853408513813,0.16614475360780703,0.04260968920471747,0.16997395261787224,-9.51939317208198,7.671454994446867,7.660251822580758,0.9985396288091087,0.0014614383120953713
4271,1343,11,1,0.03719044510436625,0.05527265090154046,7.527099003982813,-0.8783375938293634,0.06009593948739185,0.21806484264095075,50.32503710342591,7.480177540477589,7.574020467488038,1.0125455480839372,0.012467343256783692
4278,1344,11,1,0.02145865386837563,0.06897686480837502,7.486456400665687,1.317830055470045,0.03482053906837283,0.1104889294339549,-75.50610029162418,7.5692721969321815,7.40364060439919,0.9781178971737703,0.02212416444691565
4280,1345,7,1,0.03376163750579642,0.0635062184146777,7.415348223471785,-2.9668626072697144,0.056598914897315306,0.1420236842684533,169.98870579285727,7.417951339968924,7.412745106974645,0.9992981575699713,0.0007020888078862003
4288,1346,7,1,0.019364907557526134,0.0461623878808814,7.549324816634309,-0.17484369944761183,0.02939996721534695,0.1211984711272255,10.017806053121443,7.571143239596468,7.527506393672147,0.9942364257888949,0.005780231608020216
4290,1347,19,1,0.04505686916734459,0.09163739791077179,7.432809970516659,-2.7206320409735048,0.07571084916278026,0.23160287134731478,155.88073353665013,7.443078064800092,7.422541876233227,0.9972409010911782,0.0027629104804676764
4295,1348,11,1,0.03912276618520374,0.06315319785292528,7.440957349001558,-2.3799617787258054,0.06126330183380881,0.16052612198227048,136.36176531529688,7.454037202279827,7.42787749572329,0.9964905317955032,0.0035156372130056225
4299,1349,11,1,0.02790547815872549,0.05534437679209361,7.390093242752025,1.7417724331869002,0.04590256220095655,0.15380946519492603,-99.79620929999076,7.342706917368707,7.437479568135342,1.0129070452944888,0.012824283490547997
4303,1350,17,1,0.02832662549705216,0.04912638335299038,7.446049675719057,-1.7142053144934477,0.04306050816350451,0.16150590609388485,98.2167297390635,7.4048478346238396,7.487251516814275,1.011128342409027,0.011066765033699215
4304,1351,23,1,0.018543353891454555,0.04684734242785614,7.52561470593915,-3.056245921200884,0.028105809265901453,0.12716916445632392,175.1099924393954,7.493405291891162,7.55782411998714,1.008596736141536,0.008559942358614177
4312,1352,13,1,0.02327240471969639,0.06552286723959518,7.5279554367520936,1.5911091137797624,0.03800539480164681,0.17623922115809146,-91.16383696565177,7.641534482021011,7.414376391483176,0.9702732362103068,0.03017527035678638
4314,1353,23,1,0.04350571729373132,0.05217598116583336,7.4740004724174165,1.2202334016411056,0.07231468150299354,0.23202169114602034,-69.91422391119202,7.460845451011153,7.487155493823679,1.0035264157373693,0.0035202088773773734
4316,1354,7,1,0.02878993846712025,0.060830325052237205,7.546717852751981,0.38775565526843053,0.04471804726203145,0.1704594924442804,-22.216762534364246,7.552443481346243,7.540992224157719,0.9984837679067964,0.0015173824451841808
4317,1355,11,1,0.03298999776002488,0.06818145410671324,7.573941260469234,2.256127090275103,0.05149381777931253,0.17677490722462968,-129.26656031922352,7.57678387429955,7.571098646638917,0.9992496515995504,0.0007506300174660918
4320,1356,23,1,0.021783855615978596,0.059464235929560474,7.417659071052485,-2.9647059702136183,0.03510349115450035,0.10723850099370963,169.86513959140566,7.390432595908629,7.444885546196342,1.007368032869667,0.007340988547211112
4324,1357,1,1,0.04165488773550097,0.08082514189258962,7.528906059220962,1.2835227823315862,0.06401494497899594,0.22517708792224742,-73.54043832364816,7.5575437829401855,7.500268335501739,0.9924214203604437,0.007607406306829719
4330,1358,23,1,0.036868931924708435,0.05177469728408245,7.4746592744275855,2.2550402836911227,0.05810475026294671,0.19048538397996756,-129.2042908967862,7.471946805913038,7.477371742942133,1.0007260406384053,0.000725777166546657
4334,1359,23,1,0.028228474109112944,0.05505727781484331,7.593471833550636,-1.3525856049949228,0.04509782842384467,0.1440007585669796,77.49744659315968,7.475319289475391,7.711624377625881,1.0316113705648917,0.031119505455516543
4337,1360,13,1,0.03378588126100479,0.05051848759548825,7.53693914700543,0.11706597362652728,0.05372019506041816,0.1705298173081847,-6.707386218883504,7.515731704869366,7.558146589141492,1.005643480360621,0.005627600733512351
4340,1361,7,1,0.023491738662519353,0.05196458276495015,7.6419587145872265,-1.572345414731982,0.03802130686899228,0.11830942611796676,90.08875620159321,7.58943203069241,7.694485398482042,1.0138420592430086,0.013746916427211651
4341,1362,1,1,0.028929314150538565,0.06243607476844767,7.558918281028633,-0.1706076480336174,0.04316420869015293,0.1226401571103292,9.775098187014498,7.549114934768877,7.568721627288387,1.0025972173809683,0.0025938489861331896
4345,1363,17,1,0.02606141317133842,0.05322117117468903,7.521051288322854,1.4787753596438955,0.03673471518617002,0.17218577248236125,-84.72758695518023,7.523548744285451,7.518553832360256,0.9993360962898009,0.0006641241674484964
4348,1364,19,1,0.03263116520845508,0.05993591745225793,7.350676130875167,2.485191971451979,0.05057177209422222,0.18399549084239306,-142.39101124475198,7.326543781389347,7.374808480360984,1.0065876490213894,0.006566021698182246
4362,1365,23,1,0.04334094907993449,0.06801536023246976,7.561495986117387,-2.207304207094789,0.0729849041397099,0.2562770744795278,126.46921519203917,7.595335080045293,7.527656892189479,0.9910895059740524,0.00895037013575991
4365,1366,1,1,0.028599087380488983,0.07521933692453044,7.832218245544778,-2.842781724874896,0.051669815180326824,0.18789712946681242,162.87939490649828,7.792879276180558,7.871557214909002,1.0100961321149846,0.010045422160343752
4367,1367,23,1,0.03032161063791573,0.07004983134802502,7.495795773155274,-1.6765965169897803,0.05122123008515098,0.17746244883845588,96.0619043766673,7.511170936136891,7.480420610173655,0.9959060542990318,0.004102343085888443
4368,1368,23,1,0.020171903689313386,0.06406058461048224,7.566199265483703,1.9373723499750215,0.034431558234521584,0.16941118956310866,-111.00325900015532,7.359048514778214,7.773350016189189,1.0562982429833134,0.05475688478110535
4369,1369,11,1,0.032797557912632475,0.05728914588292759,7.489249355788278,-0.04319505726972466,0.0493402933118893,0.15287232806749004,2.474894475917839,7.417088634508036,7.561410077068522,1.0194579638551209,0.01927048168705223
4370,1370,23,1,0.039910244508270465,0.06178420042995624,7.527482340183145,0.18573117673148476,0.06432543963518887,0.19417968998971877,-10.641612567120541,7.502843516126325,7.552121164239966,1.0065678629719153,0.006546365157256822
4371,1371,1,1,0.024802509103712005,0.07280841184441207,7.557881620504201,0.9472475895427308,0.04227415173185468,0.12440399029640317,-54.273289035498394,7.674178528166306,7.441584712842096,0.9696913728980207,0.030775001118460592
4372,1372,1,1,0.019890228200221727,0.05348463906671277,7.401552277689851,-2.2554739308595577,0.03440021439581558,0.1252210651334607,129.2291370417239,7.344732689295292,7.458371866084409,1.0154722005001955,0.015353424866247845
4375,1373,17,1,0.03180337076498081,0.053682135037158074,7.5155125427450775,3.0332654974278275,0.04884894491268429,0.15336358291456223,-173.79331114056637,7.577922505079631,7.453102580410524,0.9835284770218438,0.016608305017014196
4377,1374,23,1,0.022225570103327583,0.05754193187811154,7.546380806736121,1.568418105808935,0.03352332526650129,0.14303720396938138,-89.86373797394631,7.4119848923396745,7.680776721132565,1.0362644868678415,0.035618640998471625
4380,1375,17,1,0.03858702167972891,0.05690542122769948,7.497335738583136,-2.5722354838447763,0.060696829604398456,0.19277193972551937,147.37823712472755,7.550786027243467,7.443885449922805,0.9858424570720239,0.014258475416877124
4383,1376,1,1,0.01896475587296943,0.05290731123550186,7.586233738787744,2.0023277165763136,0.030517967493288948,0.11311731474410629,-114.72492736291024,7.599865079204345,7.572602398371143,0.9964127414698715,0.0035937043033369815
4385,1377,28,2,2.7665678350531704,0.4817242417449719,11.969547299558965,-0.34472218406775673,4.146619450726258,8.383792827500253,19.74466090990614,17.63004630008043,6.3090482990375,0.3578577271807118,0.9458167228647043
4391,1378,1,1,0.03174391806254343,0.061036309496182176,7.522088281070098,-0.5630237217712524,0.0481395307687335,0.19108110853468607,32.25888302692682,7.55597046241625,7.488206099723947,0.9910316797783467,0.00900871674995313
4392,1379,13,1,0.03530135871341439,0.056140874082124315,7.470441708490941,1.9740823863363195,0.05702725636583383,0.1803394185383821,-113.10658915868605,7.528975216343791,7.411908200638093,0.9844511354677367,0.015670695291369278
4393,1380,17,1,0.03251256062493923,0.06433819135217049,7.375259819679346,-1.3491087943043154,0.05388339208331638,0.17777527168735224,77.2982400086904,7.383433954516379,7.367085684842314,0.997785817578274,0.0022166364404469048
4394,1381,28,2,2.7629362767710246,0.4732840672882234,11.33974508106137,-2.1001540608630522,4.141185174088424,8.399154644187268,120.33640390435376,16.601899769110847,6.077590393011889,0.36607800779039323,0.9280904730103433
4395,1382,7,1,0.027021308292758364,0.049266464585622866,7.454787955062078,0.9402351033800704,0.04527273349468253,0.11066997741257462,-53.87150317164688,7.507095339939233,7.402480570184923,0.9860645476023545,0.014033232116719365
4400,1383,11,1,0.03337761403470978,0.06007635444315824,7.497285620532745,2.6967329781981713,0.05520848418790727,0.1660445515039537,-154.5114181144293,7.442234670418045,7.552336570647446,1.0147941989342317,0.014685568324603566
4405,1384,4,2,2.763361398942763,0.46950044487253556,11.118088077365265,2.9736210894975392,4.141821166845567,8.407275181298258,-170.38238114560357,16.237626760798005,5.998549393932522,0.3694227907993693,0.9209386807890728
4409,1385,19,1,0.015207388401870102,0.046953182450255856,7.619525060900444,-2.183864214753501,0.028227029631967195,0.12816807809467795,125.12620253508523,7.642507632581947,7.596542489218942,0.9939855940520042,0.006032547041399567
4412,1386,7,1,0.01906960756907413,0.06715780386110344,7.677076303426339,2.1579363141614456,0.03505357713071373,0.11815070639183683,-123.64064325983207,7.6303246371582985,7.723827969694382,1.012254174885396,0.012179549719253403
4419,1387,29,1,0.03729221633588618,0.05096045456829351,7.493560652230388,-2.943922849674629,0.05922614048815203,0.19742807279154412,168.6743544899611,7.552095128881119,7.435026175579661,0.9844984800504225,0.015622607026822883
4420,1388,13,1,0.024355309182571203,0.053205958454138495,7.407127145074865,-2.1811377834972276,0.04232601601767054,0.10405943331178565,124.96998953134396,7.378680131096661,7.43557415905307,1.0077105968744513,0.007680984387346354
4423,1389,19,1,0.03299513915015647,0.05663983047134186,7.363413869669775,-0.8602399916876998,0.050895767034033305,0.1782255840961127,49.2881208990481,7.339397054734028,7.3874306846055235,1.0065446288725466,0.006523282640589882
4426,1390,14,2,2.761894403270773,0.47353689843600005,11.379592261006042,-1.1159119646515943,4.139625892136642,8.396818399441058,63.943478472697144,16.66364160549785,6.095542916514233,0.365798968846229,0.9286886952177421
4429,1391,29,1,0.03941631282950812,0.08166190699734158,7.685148807410788,-0.49063861471161097,0.07186683163706746,0.18581731140302335,28.111521897216754,7.747035647887329,7.623261966934247,0.9840230913372864,0.01610556725118027
4434,1392,23,1,0.027093252081277754,0.05749769306923536,7.291956548734338,2.8011569561596352,0.04555539449701448,0.13024221341876321,-160.49447134069237,7.233403349977588,7.350509747491087,1.0161896678295788,0.016059667488532315
4444,1393,19,1,0.020847004539045984,0.07626611221644605,7.643774622126932,2.891177446561944,0.037125683689449365,0.1462358933051309,-165.6522655105002,7.587747280029106,7.699801964224757,1.0147678461156155,0.014659600751607578
4445,1394,13,1,0.037267882769004085,0.061804637741022427,7.434728171989659,-1.7855213710774465,0.05953179682246081,0.17209977776503707,102.30283879401239,7.415943690599814,7.453512653379503,1.0050659719581354,0.005053172343439564
4454,1395,23,1,0.01791377162255452,0.07047265533527575,7.609475357218058,1.620919014440021,0.03029747195681137,0.11670213999419325,-92.87181845979943,7.57058166788819,7.648369046547924,1.0102749540355243,0.01022243650292505
4458,1396,7,1,0.03563693460414934,0.058855513776724246,7.524773917613512,-0.3318468476367007,0.056252087365490734,0.19006535213307316,19.013423824388912,7.548949931551223,7.5005979036758,0.9935948670591477,0.006425711709722455
4460,1397,1,1,0.02416135295603631,0.07782665507426692,7.64280615472136,2.500072815931812,0.04054309089678895,0.14503410005421813,-143.24362082712884,7.692528003404706,7.593084306038016,0.9870726895862224,0.013011411692714213
4464,1398,7,1,0.021718868043159083,0.05907426944310189,7.52375258811961,1.7754416873281693,0.033553195252692444,0.15561359166381383,-101.72531545606483,7.494685421288752,7.552819754950468,1.0077567409963044,0.007726773705120637
4465,1399,16,2,2.7678799139871755,0.4684329598277927,11.208075285284897,0.7571246021727379,4.148582960374889,8.391693340654921,-43.38651883705818,16.361956727259283,6.054193843310505,0.3700164927843942,0.919672880631152
4469,1400,11,1,0.03430076731683474,0.05636702673421908,7.528992563507596,0.084475354604651,0.05178070914239385,0.18324872367564862,-4.840081289959787,7.488444139058415,7.569540987956775,1.010829599232152,0.010771274936759778
4470,1401,19,1,0.02108652788786313,0.03815581376821619,7.498367197174981,0.7239670367698859,0.034193970503531505,0.0881479108808256,-41.48025571309986,7.513183166641614,7.4835512277083485,0.9960560073838169,0.003951785522644105
4478,1402,13,1,0.01994993104759645,0.05912676821549313,7.593413311397754,3.0134679196526175,0.03355455729049895,0.14990741514149733,-172.65899349367726,7.608893980665007,7.5779326421305,0.9959309015721362,0.004077394086798032
4479,1403,13,1,0.030700066089101665,0.06363326360023666,7.579013573126433,-2.604887118486724,0.05102417412818606,0.20696001425720725,149.2490379901499,7.632018380521703,7.526008765731161,0.9861098847637609,0.013987257545814261
4481,1404,29,1,0.02255163461302615,0.050358584673459786,7.47874613469838,-1.6865079511027234,0.033671742114736614,0.12528802880499754,96.62978771333836,7.507719310407676,7.449772958989085,0.9922817637390542,0.007748137237837714
4483,1405,13,1,0.015099160670190908,0.06372782897842101,7.5529314294261365,-1.7956320421360004,0.02676407635797523,0.11249550650513826,102.88213757343335,7.447927770520868,7.6579350883314055,1.0281967446894091,0.027804743068678063
4493,1406,1,1,0.030325344511734,0.07538623806419342,7.434483893206415,-0.4455576310060785,0.048298062925461786,0.1749594861551989,25.528571787214414,7.35007835926637,7.51888942714646,1.022967247371896,0.022706494533446808
4495,1407,11,1,0.028597499858722536,0.057963155148691645,7.392136802574161,-0.6629150387471712,0.04592344277013973,0.15278565338076083,37.98223390160528,7.42246289137927,7.361810713769049,0.9918285643865374,0.008204958759570037
4504,1408,1,1,0.04008744278888177,0.07245285900311392,7.511445435463211,-0.6696930643755505,0.06573671995542392,0.21249969267125102,38.37058616945824,7.506349847499686,7.516541023426739,1.0013576739872374,0.0013567529731279668
4505,1409,17,1,0.03896396140300531,0.06307733331228142,7.289946197618954,1.4694040460806315,0.06517723419027976,0.21579020185482498,-84.19065024797574,7.2659931620078755,7.313899233230031,1.0065931896925866,0.006571526033731583
4506,1410,4,2,2.764267421777059,0.4675788613819669,11.068399573349819,-1.7994862055598304,4.143176991727326,8.399406266698508,103.09651567419591,16.14535263396282,5.99144651273682,0.37109418719869985,0.9173779871187782
4510,1411,1,1,0.030794889561693486,0.054116576379560286,7.531019011654047,0.07060650946035599,0.05027727437783925,0.14586498268677547,-4.045455002290498,7.528331295867088,7.533706727441006,1.000714026968615,0.0007137721423355205
4512,1412,29,1,0.02165911255138302,0.05482777948710131,7.524135592530701,-2.0365973371954897,0.03710734091683715,0.14355381927983826,116.68843199118285,7.5675097499717285,7.480761435089674,0.9885367422377779,0.011529339658388238
4513,1413,23,1,0.019322225673974156,0.05602526277468138,7.589178281382849,0.11122103831679,0.02986436183941755,0.11403010710506477,-6.372496088653772,7.56410022452789,7.614256338237811,1.0066308103040837,0.006608899125872397
4517,1414,19,1,0.02884862274557702,0.055949957275334014,7.497889486475336,-2.8395228606645397,0.04579374856667229,0.1501033712050976,162.69267574112084,7.422620775827255,7.573158197123416,1.0202808988688208,0.02007730596292455
4518,1415,17,1,0.03484635987559238,0.0724382237363897,7.386924708718896,2.8297833046046055,0.05585270262955555,0.21178017646221417,-162.13464028048043,7.436506475183548,7.337342942254245,0.9866653067189247,0.013424197056220034
4520,1416,1,1,0.021230332473098468,0.05520813447269276,7.58094424187134,-0.5517638668715902,0.036918222006404273,0.10882040099380308,31.613740861036575,7.696395683169644,7.465492800573039,0.9699985691871924,0.030458327515624512
4523,1417,23,1,0.024640492270648323,0.05405954917733716,7.505203655782339,2.197864171447146,0.042138476882683545,0.12325729664961851,-125.92834096961705,7.460509725377521,7.549897586187158,1.0119814683044481,0.01191011795406363
4524,1418,13,1,0.023981700187408552,0.0658005668896531,7.572659834489931,-0.6323887886761568,0.042032591144172037,0.10975759869349716,36.2332086042071,7.545282469430642,7.600037199549221,1.0072568164731295,0.007230580973569769
4525,1419,17,1,0.027436546707130176,0.06401824467407649,7.402011670927101,2.9271821565783687,0.04604907997758181,0.19400101526043573,-167.71518343214365,7.489762982306597,7.314260359547607,0.9765676666706826,0.023710125106707412
4526,1420,11,1,0.03732911354151621,0.061031170660332465,7.5409994228210335,0.5317129702411131,0.05634554195294789,0.18909672804291155,-30.46490911412288,7.530489877690354,7.551508967951715,1.0027911982623643,0.002787308297326173
4531,1421,23,1,0.025400203782089265,0.06903603533190429,7.645851568801899,3.0940732372574424,0.04011916285393672,0.13713242496966052,-177.27733799841323,7.555541615725845,7.736161521877952,1.0239056199195793,0.023623255634350405
4532,1422,11,1,0.033763688704039035,0.06289625802957323,7.521242088107817,-1.5697557349173816,0.053130141409464815,0.1850801198820772,89.9403784756195,7.474593150970676,7.567891025244958,1.0124820003430108,0.012404583336281598
4542,1423,29,1,0.025434593514303945,0.05318003426646147,7.57975498055722,-2.582381473010264,0.043975558179736356,0.12659499886786385,147.95955949538026,7.5121661972273195,7.647343763887119,1.0179944856264884,0.017834028541363508
4544,1424,11,1,0.033695394183597314,0.06516341461359496,7.5000421442677,2.401420510717639,0.05279798729924166,0.18988194528744184,-137.59126009436534,7.589519236512861,7.410565052022538,0.9764208800434444,0.023860423854697638
4545,1425,26,2,2.7575162568970533,0.4773378173059671,11.604030579664641,2.488692029992701,4.1330738160777765,8.380684095446837,-142.58514781799005,17.03849706524412,6.169564094085166,0.36209555751663774,0.9366515278067344
4552,1426,23,1,0.0403407284092733,0.0726625847222606,7.420599328544987,0.2431759913462184,0.06488441848135446,0.19222971014571372,-13.932957984706679,7.425808848839941,7.415389808250034,0.9985969150563935,0.0014040699583156321
4553,1427,19,1,0.028175159637958358,0.07287765952623186,7.490817933130597,2.744354941860335,0.04655794616472182,0.17695047022886765,-157.23995564871998,7.46646234299983,7.515173523261362,1.0065239973127569,0.006502785236054225
4555,1428,29,1,0.02841626765178686,0.06562818859246919,7.3142731808746975,-1.1291817669613045,0.046282386668066534,0.17029247323941182,64.69734954618438,7.292825211688906,7.3357211500604915,1.0058819369896363,0.005864689123691661
4557,1429,17,1,0.03791732648501417,0.05396474736024115,7.382409330369719,-2.5960866989217304,0.057890218492779366,0.19335720657586133,148.74481109542782,7.37272606994592,7.392092590793519,1.0026267788418919,0.002623333383578272
4563,1430,4,2,2.7659920314238664,0.4729576254488488,11.501544355981544,2.6008935087468528,4.145757773131253,8.395559620206594,-149.01375970365663,16.840668694813694,6.162420017149395,0.3659249005383731,0.9284186842361671
4566,1431,26,2,2.7579697284251714,0.4739211642718206,11.238660719609648,-1.896393569137056,4.1337529242226765,8.406895349291313,108.64894265543548,16.45550708216484,6.021814357054455,0.36594523201178936,0.9283750960561764
4567,1432,7,1,0.04484858552983153,0.07319966501542575,7.439092234642629,1.8102534871015838,0.07649679343571994,0.2651157441309247,-103.7198846867085,7.442775692206321,7.435408777078936,0.999010192509886,0.0009902975921011212
4568,1433,4,2,2.7617183610046068,0.471437459461061,11.067827281446396,2.944194777856691,4.1393625862739585,8.401065875974808,-168.6963661757894,16.181843583523634,5.953810979369161,0.3679315616071914,0.9241228963972252
4569,1434,19,1,0.035683846535814884,0.06312824292431446,7.410134348887622,-2.2851122151106877,0.055646096473047836,0.20500783757143218,130.92728564746355,7.502144235008316,7.318124462766927,0.9754710431475482,0.024833527109938767
4572,1435,1,1,0.034890654624063086,0.056448198073650487,7.4760313654814885,1.8432693522165842,0.05449104543268605,0.1642431706415285,-105.61155439510944,7.411028407770734,7.541034323192244,1.017542223328303,0.017389696359725985
4573,1436,29,1,0.03992195079558677,0.053610158789970115,7.505500116479171,-2.10260546327581,0.060761100656055216,0.21079949373652676,120.4704190365635,7.468259508726219,7.542740724232123,1.00997303527266,0.009923551309042333
4578,1437,29,1,0.02958011557275872,0.06612009965390506,7.565707949500735,-2.2029106297409466,0.049371865805828974,0.18981274878850604,126.21748172967906,7.594551386758405,7.536864512243067,0.9924041761550368,0.0076247820957911295
4583,1438,1,1,0.018715918905847367,0.05225425940662769,7.375779613704925,0.41580053614909096,0.03014597301532683,0.12521514536541284,-23.82361584143467,7.368939260559445,7.382619966850404,1.0018565367154242,0.0018548149493971954
4587,1439,29,1,0.04292852911951958,0.06653714539486012,7.4608499180811085,-1.8077199567169826,0.07011145458803456,0.19709161991887136,103.57472406995403,7.516592812211842,7.405107023950374,0.9851680420841286,0.01494277320755184
4590,1440,17,1,0.030336618908184697,0.07588109363332633,7.726727306816547,2.0184200806745767,0.04995184651912357,0.15041303309107135,-115.64695191028035,7.756895896854874,7.696558716778223,0.9922214786843903,0.007808892132561908
4591,1441,11,1,0.02901137837228495,0.06580459779177185,7.6710401353306725,-1.0281321417376268,0.04804681636411652,0.13663423965652774,58.907632500381375,7.634838693234595,7.707241577426751,1.009483223824534,0.009438470261508325
4592,1442,29,1,0.03074384281301674,0.0677409611900436,7.609982395159155,-2.836831487895387,0.050945024300345074,0.170522146227088,162.53847143835327,7.565283359205071,7.6546814311132385,1.0118168834746146,0.011747474207697933
4593,1443,1,1,0.040723670938848655,0.059146792688109386,7.44151555493605,-2.285479396871763,0.06256799785217602,0.20374549594543023,130.94832359862397,7.448441174292569,7.434589935579533,0.9981403842241727,0.0018613464704576395
4596,1444,1,1,0.03256496818186005,0.04919027120513259,7.40299067734091,0.618900931827047,0.05490469523036117,0.1702605872673804,-35.46041134054579,7.419444595319054,7.386536759362766,0.9955646496805098,0.004445208347622585
4603,1445,17,1,0.019371437746830127,0.05591926700698297,7.482687650708876,0.9726557830869087,0.032146422830705935,0.09023924799393405,-55.72907128893237,7.507545406153331,7.45782989526442,0.9933779273784794,0.006644071383121393
4607,1446,29,1,0.027569655888230182,0.0626153453553223,7.481318997132657,2.3859160969023807,0.04431199591497288,0.15547179348200377,-136.70292262199234,7.407400202932819,7.555237791332494,1.0199580938452795,0.019760898907844465
4612,1447,23,1,0.025557032289890074,0.051083747452820696,7.532159303456499,-0.6251795464130343,0.04297447868631382,0.1401619809309865,35.82014944943649,7.449506062383852,7.614812544529144,1.0221902607717852,0.021946758623311767
4613,1448,8,2,2.765895269224931,0.4695387891068965,11.35342024825822,2.580756113663247,4.145612876918555,8.402113912526577,-147.87289389209008,16.586988144507437,6.119852352009,0.3689550085098185,0.9219367876481319
4615,1449,1,1,0.019110534250099682,0.056702193304927075,7.5742325230389165,1.2867249829711318,0.03033013088762279,0.11119668462154728,-73.7239109170644,7.598376486005781,7.5500885600720515,0.9936449679714261,0.006375289613416292
4617,1450,16,2,2.773552573007591,0.47297357486028113,11.514787715592076,-1.6400500573219154,4.157071890016615,8.416475987062439,93.96143196417202,16.86209080350257,6.167484627681582,0.3657603733459009,0.9287714580564533
4629,1451,1,1,0.029635245493022905,0.05500685255639532,7.5891848718610735,-1.540008205317824,0.04448936653144571,0.13237031492945298,88.23597057966643,7.668031598275594,7.51033814544655,0.9794349500510005,0.02077870752809503
4632,1452,7,1,0.030499538300755958,0.06673907232805981,7.510085570795104,2.351293655001034,0.04819636759599226,0.20143537428875646,-134.7192028254511,7.574195029036474,7.445976112553736,0.9830716114397375,0.017072896876348553
4633,1453,11,1,0.031205754119023207,0.06353705653411117,7.567575923628593,0.5841264559702839,0.04885038079717421,0.1785133070738203,-33.46798063553052,7.6154687915711925,7.5196830556859915,0.9874222141135662,0.012657386837193767
4634,1454,8,2,2.7656738352988004,0.46706054573240613,10.938477667136628,-2.1850772941978533,4.145281616274314,8.410182529234293,125.20216594810229,15.95156403352961,5.925391300743647,0.37146146222957754,0.9165967182900067
4637,1455,14,2,2.763721330672244,0.47159153272593807,11.276893819465164,2.2599316762316257,4.142359739222139,8.39992135459437,-129.47810164743206,16.49452696870305,6.059260670227276,0.3673497689096634,0.925367079404734
4638,1456,23,1,0.039174039479614724,0.07355123086679155,7.46103093426982,0.5454960860570308,0.06290796909812864,0.19209001908750903,-31.254623484670862,7.439162286052182,7.482899582487457,1.0058793308646161,0.00586209825700918
4639,1457,14,2,2.769151536608948,0.46969963194564796,11.248499811245505,0.145395113989756,4.150485911002969,8.409823252479358,-8.324042894513466,16.433797971820297,6.063201650670717,0.3689470724337451,0.9219537267344525
4640,1458,7,1,0.027786885496188768,0.07142360722024278,7.659252887472261,2.0214178007589445,0.04551034043263977,0.17828195171486935,-115.81870861936964,7.766968503457623,7.5515372714868985,0.9722631510769201,0.028126925058590362
4642,1459,14,2,2.772691452512495,0.4797742043849248,11.564131799118238,1.61589370665205,4.155783475366871,8.423638221908552,-92.57738110245089,17.006599708987785,6.121663889248691,0.3599581335482051,0.9412670150100735
4647,1460,11,1,0.04153686475909491,0.07156805823094413,7.500203761452709,1.478937193614818,0.07266738908048492,0.19676357324675112,-84.73685934221768,7.478517583239954,7.521889939665462,1.0057995927592267,0.005782823747858654
4651,1461,1,1,0.028089875939639016,0.04685194571194866,7.403132793290143,1.271770224597927,0.042404994532993213,0.1480502425274241,-72.86706637522116,7.4765023638883665,7.32976322269192,0.9803732903362408,0.019821222351900033
4652,1462,29,1,0.04377793516495257,0.05818953665935491,7.470276869148311,1.5378765265832588,0.06894579995914377,0.1932815788222102,-88.11383438918278,7.447308354120624,7.493245384176,1.0061682728673318,0.006149307563832449
4656,1463,4,2,2.761461950659881,0.4713474443925809,11.156653893876332,-0.6468937989828573,4.138978852484227,8.405610815858763,37.057854891726514,16.311074036472203,6.002233751280461,0.3679851944672209,0.9240082540205055
4658,1464,29,1,0.026616461033303947,0.04515783550326701,7.557552846844479,-1.662284317442294,0.03408683277682736,0.13064037835773243,95.24187574088525,7.593460727584608,7.52164496610435,0.9905424201090058,0.009502515289753318
4662,1465,7,1,0.03812325680274694,0.06672018736511723,7.449468882892666,1.2622786302057196,0.05886448971706996,0.18659975753225053,-72.32323806875746,7.447828057840597,7.451109707944737,1.0004406184029297,0.0004405213520223912
4663,1466,23,1,0.05198360138320488,0.05740731407020999,7.517988471828418,2.3034029126072677,0.07948766289980995,0.27351605493664516,-131.97526541830777,7.540722400430254,7.495254543226582,0.99397035790615,0.006047875355761742
4664,1467,19,1,0.02277200318984337,0.05313660341188301,7.614141952491006,3.126932964220172,0.034823115189977494,0.130079675426764,-179.16006166982632,7.5414495287600065,7.686834376222004,1.0192781038854082,0.01909405529462634
4666,1468,26,2,2.759466793247521,0.46856977554039014,10.96997485183473,1.6882772916475604,4.135992894383131,8.39473774120326,-96.72474786179616,16.011145294538196,5.9288044091312635,0.3702923369981364,0.9190851411770247
4674,1469,11,1,0.026666010180283486,0.06122275398318988,7.554332434462499,0.9184607366019417,0.04357639748046758,0.15414228061495908,-52.62392385271965,7.577709645619448,7.5309552233055514,0.993830006096773,0.00618908721842916
4676,1470,13,1,0.031960321927897675,0.058104238017422434,7.478334691316763,-0.9523844003483184,0.050726378722074805,0.16945492978789772,54.56760661270699,7.539680708345015,7.416988674288513,0.9837271578462593,0.016406330970846
4679,1471,11,1,0.03140374353652633,0.06466756657196872,7.552991536153721,1.2253817957027058,0.05134780983279269,0.1626670420538297,-70.20920517972559,7.517029384870722,7.588953687436719,1.0095681816424393,0.009522624541775127
4683,1472,29,1,0.026843069850619385,0.053565195929873334,7.457026261107123,-1.6232211906637064,0.04323172936623601,0.16118570497051138,93.00372344491325,7.476824123515237,7.437228398699011,0.994704205400299,0.005309854549224466
4686,1473,7,1,0.03979639789391602,0.06436125328244063,7.5010863831741785,3.0912601788361203,0.06773075988980254,0.20151226528239377,-177.11616160927196,7.56661479381292,7.435557972535437,0.9826795965106291,0.017471712040466356
4691,1474,17,1,0.02311221110665659,0.0560501383505072,7.634777287493892,-1.612614418375336,0.0354899756836168,0.12380449135465231,92.39600015549443,7.651407659172195,7.618146915815591,0.9956529902943111,0.004356478532921543
4692,1475,14,2,2.7567009222088106,0.47486337153720987,11.319399519002832,-1.7255983989960044,4.131854290199237,8.387442384262531,98.86310911714895,16.583861957604224,6.054937080401439,0.365110195434608,0.9301663802507358
4698,1476,16,2,2.764478886719811,0.47758503365312704,11.634594015577049,-2.286865517571027,4.143493452271427,8.399212589719365,131.02129177166006,17.086889726281075,6.182298304873025,0.3618153100949747,0.9372558601364489
4702,1477,11,1,0.018670153625227833,0.046744489569035465,7.369017593365232,2.270392190870208,0.031045732978017732,0.0987233963463817,-130.08389037759122,7.35551175700019,7.382523429730275,1.0036723036577813,0.003665573109013214
4703,1478,11,1,0.021666346632919595,0.07855416713649975,7.592497187526101,-2.171694017170223,0.0395897309362744,0.14612997329861357,124.42890157886347,7.6555998745938645,7.529394500458336,0.9835146329219271,0.016622380096877002
4705,1479,23,1,0.021471010089103494,0.04117725134832403,7.470413462153961,-1.0175261457560238,0.03680156706809891,0.11416936889580993,58.29995369517857,7.539937359105467,7.400889565202456,0.9815584948149346,0.018613132272724233
4707,1480,23,1,0.019680377806926223,0.06175340076871534,7.441314268959018,1.9084176106087989,0.0316046125827717,0.1305138032786996,-109.34427463732177,7.473865642723778,7.408762895194257,0.9912892804551682,0.00874882382015412
4710,1481,13,1,0.025079128949881915,0.059487827797881324,7.511616568176723,2.438976035807389,0.04221696682541822,0.1539634226418379,-139.74303318404586,7.514282598341425,7.508950538012021,0.9992904099280774,0.0007098419203122408
4712,1482,2,2,2.7637685962582172,0.4645875142815105,10.82362528154757,-0.9074314716205715,4.142430529941181,8.412272135553962,51.985547795788314,15.755798774739146,5.891451788355996,0.37392276155504117,0.9113718121044133
4713,1483,4,2,2.7610096644268753,0.47226382784704846,11.209271183700928,1.6674696539810954,4.138301830290807,8.384641327040692,-95.53254725759574,16.401656264957627,6.016886102444227,0.3668462504789465,0.9264447252925408
4714,1484,11,1,0.030123245721251423,0.0807855149923907,7.476437362493771,-0.2099307690059827,0.04971264797534133,0.17083544946993573,12.028147060850454,7.3369651474735536,7.615909577513988,1.0380190479896838,0.037309806330991895
4716,1485,13,1,0.03584836179022537,0.057918439196264875,7.363030170058141,2.235178356546534,0.058506779677316066,0.21694447637698086,-128.06628630111862,7.3358972072559165,7.390163132860365,1.0073973127037241,0.007370053408869804
4718,1486,13,1,0.036517729748395726,0.05218861648539028,7.333328318368383,-0.6575330151501296,0.05411735695608375,0.19187019190194418,37.67386665268195,7.316068649902822,7.350587986833943,1.0047182904621295,0.004707185527839828
4729,1487,19,1,0.020635360499263213,0.056065967453477576,7.410551835706986,2.010435790897823,0.03246038870363579,0.11175311027451622,-115.18948580190079,7.449821285734569,7.371282385679404,0.9894576128684379,0.010598252572329884
4731,1488,19,1,0.025454885003499694,0.057799111532991124,7.390049500794944,1.6263433973988506,0.03825149062407595,0.13749144216383552,-93.18261270869982,7.307219261857256,7.47287973973263,1.022670796090669,0.022416693941976148
4733,1489,19,1,0.03969735797577213,0.06123224995263439,7.387049226708879,-2.4248955844407627,0.0632227884454895,0.2293116371780345,138.9362827604017,7.387767645148139,7.386330808269619,0.9998055113604631,0.00019450755429167664
4736,1490,1,1,0.01980308111677359,0.062178891284617364,7.458492269456463,2.8786273261821984,0.03212181817761194,0.12691465814996977,-164.93319657950627,7.461240224829861,7.455744314083067,0.9992634052005853,0.0007368661853146703
4746,1491,17,1,0.03077393288702753,0.06630151893353468,7.487741173466145,1.8861884412093246,0.04987158853673563,0.16409750515997545,-108.07063705393836,7.4636870516615055,7.511795295270783,1.006445640509347,0.006424934101589402
4747,1492,23,1,0.04581306646167771,0.06822172361559428,7.398890880882442,2.502674570966432,0.07181822726498464,0.23762488769973727,-143.39269038768975,7.443112609529105,7.354669152235782,0.9881174097540735,0.011953610171741668
4749,1493,28,2,2.7721349295506275,0.47122231399374165,11.510338086689526,3.0404070764550073,4.154950412150281,8.405634803166327,-174.19598896979917,16.835887010509886,6.184789162869163,0.36735748814471597,0.9253505646335081
4750,1494,2,2,2.7634936214636796,0.475324540518321,11.554128728595856,-0.19154433588310277,4.142018954450022,8.38467239950454,10.968238258456191,16.94313263453503,6.165124822656683,0.36387160247393485,0.9328273957345956
4751,1495,13,1,0.0480564983412981,0.05459974799041696,7.461067699860126,-1.890391488458904,0.07454472019752693,0.2074132758889839,108.31145393862495,7.436544433174175,7.485590966546076,1.0065953392483082,0.006573661484511191
4753,1496,23,1,0.023504905025643067,0.0654292041287395,7.5127536524275715,1.909064868090813,0.0392698193583747,0.16547025592301778,-109.3813597608108,7.54550912349947,7.479998181355671,0.9913178897445404,0.008719964100331018
4756,1497,19,1,0.02611100440604397,0.06393752303684576,7.61611852510755,2.1280397588786872,0.04393561484681617,0.15831258464534534,-121.92769682297532,7.677332435227059,7.554904614988041,0.9840533386730442,0.016074831272047365
4779,1498,11,1,0.026558474362386036,0.05310541831824793,7.480731307120516,0.20004769533150818,0.04255393158249137,0.15618767844782644,-11.461888646614206,7.466600695878444,7.494861918362587,1.003785018596179,0.0037778689440753446
4783,1499,23,1,0.038972296646255095,0.07320526698428195,7.403799582487183,-0.551523462749218,0.05833357105642564,0.22522334599104588,31.59996672210265,7.4099271245172345,7.397672040457135,0.9983461262365791,0.0016552425445291433
4788,1500,29,1,0.02917120989619873,0.09419271363079239,7.517895043170463,1.6878468622931007,0.04867810843290644,0.1946103563598275,-96.70650167265448,7.409995785131639,7.625794301209286,1.0291226233233024,0.028704646026374927
4789,1501,17,1,0.02789413151443666,0.04442516885390776,7.502422797937551,-2.3814197246417166,0.04604688417888771,0.15283030726370384,136.4452994700535,7.526099708502584,7.478745887372516,0.9937080529139721,0.006311803853961139
4790,1502,13,1,0.03438578626817088,0.05413675531844848,7.56335326842046,0.49483747073643947,0.05193769428332716,0.1652440886546416,-28.352098625059558,7.60939680695145,7.517309729889473,0.9878982422131211,0.012175429838306119
4792,1503,1,1,0.026757406009402893,0.05720285663979122,7.478056816011939,-2.1999523175086337,0.04225366984007819,0.12740097382380097,126.0479829239774,7.494735290047261,7.461378341976617,0.9955492826924867,0.004460643839883783
4797,1504,7,1,0.03547830722880107,0.07485382539635513,7.504816943777358,-0.22829742662857005,0.05605609559193494,0.23056817405910746,13.080479030050594,7.5184016943863385,7.491232193168377,0.9963862663472414,0.0036202750075721444
4802,1505,19,1,0.0447881570475487,0.06181479501541331,7.510892714562844,2.251716673843705,0.06839280047356702,0.24522546341339105,-129.0138620852346,7.4934912880714615,7.528294141054229,1.0046444109487613,0.004633650659832745
4805,1506,1,1,0.01438565359123536,0.05529504630951017,7.537681632006303,1.8263416529956766,0.02261404722566731,0.075335635051872,-104.64166866575134,7.567629957561716,7.5077333064508895,0.9920851506420478,0.007946296226746325
4807,1507,29,1,0.029023868268171667,0.05567108110731976,7.364215897560096,-2.9957284033143687,0.044038908189751085,0.1703236722975007,171.6425940778657,7.354294417475626,7.374137377644564,1.0026981460140876,0.0026945109221352646
4809,1508,22,2,2.764819866298965,0.47352865171631164,11.404996022141383,-1.5484446433555088,4.144003702196625,8.395117422086429,88.7257959417486,16.703712125274187,6.106279919008577,0.3655642454331596,0.9291921001718907
4811,1509,19,1,0.03574991837262589,0.05581499196141882,7.484921384251388,1.7367766512961444,0.05648040463575636,0.19065896939120539,-99.509972081409,7.371464226152682,7.598378542350093,1.0307828009789912,0.030316192321652054
4813,1510,1,1,0.029430305710482257,0.052394405421861925,7.54266765220162,0.6722349673806236,0.04628803519385518,0.14504763320313194,-38.516226474956234,7.50638449487157,7.578950809531671,1.0096672791954207,0.009620775832396575
4817,1511,1,1,0.026874802391470182,0.05541519722942437,7.387907185386906,0.9026097661432875,0.04434971740861686,0.13449629541763738,-51.71573014305612,7.381241150018157,7.394573220755655,1.0018062098861877,0.001804580160924092
4820,1512,11,1,0.019906331229717134,0.06976330813346103,7.639694894234655,-0.17082626150309124,0.03253660511888851,0.13149688584611238,9.787623814504268,7.720754103213125,7.558635685256186,0.9790022560245157,0.02122053566292059
4821,1513,19,1,0.03924182004721363,0.0513438912110149,7.497811027565275,-0.32197478150277603,0.06409974005715813,0.22286851074458724,18.447796107499638,7.547209281211688,7.448412773918862,0.9869095312437175,0.013176713434041854
4828,1514,23,1,0.03053821884707647,0.053875121385645736,7.4477463228580705,-2.7657903270475206,0.049639918605720985,0.17391834127973677,158.46811275040955,7.507026210764068,7.388466434952074,0.9842068253815345,0.01591887943982727
4833,1515,23,1,0.04462829448673451,0.06633300643109116,7.336255550346499,1.541079221474149,0.07783414614944538,0.22524578306648124,-88.29733525814768,7.387841035403469,7.284670065289529,0.9860350311248534,0.014063164703834213
4837,1516,19,1,0.023144230533332602,0.06939162131441012,7.670447377036527,0.3680001372974568,0.03752418128415386,0.1674042564534335,-21.08485472940218,7.679847705979445,7.661047048093608,0.9975519491263871,0.00245105102241125
4843,1517,1,1,0.03448967941713406,0.05033941664384928,7.448417003928182,-3.0603158284071363,0.053653020036710394,0.1407823696371742,175.34318094446692,7.45199851385903,7.444835493997336,0.9990387786781798,0.0009616835171709918
4847,1518,29,1,0.017321194756302803,0.04439565524009028,7.525605791282536,-0.5119695012848839,0.029352459043011366,0.0964110761339433,29.333691663573152,7.42906053717122,7.622151045393853,1.0259912417265287,0.025657802651090703
4848,1519,19,1,0.03141166213411062,0.06069662629314868,7.513582820732045,-2.4164007926295423,0.05079985780495824,0.14737350142554959,138.44956702582184,7.577689276485527,7.449476364978563,0.9830802099652166,0.01706415096046986
4852,1520,1,1,0.03712047521824714,0.0735609891571848,7.400775204534225,1.2902669073653308,0.058913191138220446,0.21506188437966473,-73.92684823855826,7.372753806399559,7.428796602668894,1.0076013383521214,0.007572557565996455
4853,1521,8,2,2.762451820387751,0.46850604361422693,11.0754287637697,3.072900405182375,4.14046006447342,8.40249814082077,-176.0577876096887,16.16364435419331,5.987213173346092,0.370412330421811,0.9188295458264051
4854,1522,13,1,0.0312526808669007,0.06327517689699287,7.496018422630099,1.6221729421330187,0.05080994435879353,0.1817322435833708,-92.94366323003875,7.4198781803704374,7.572158664889762,1.0205233132967315,0.02031484928846991
4862,1523,1,1,0.030408904941651237,0.05594816664555685,7.449489876358365,0.644257287600859,0.04859905812144614,0.12874643069990907,-36.91322350007148,7.450403542627456,7.448576210089273,0.9997547337499603,0.00024529633149545467
4863,1524,11,1,0.04196574042455083,0.05701176328542512,7.526601902334707,-0.8376504470899416,0.06355790351026966,0.18393822996544573,47.99383532383588,7.5367513049516175,7.516452499717797,0.9973066903215336,0.0026969415278259726
4864,1525,29,1,0.028358827999696797,0.050706741776856794,7.423146722226851,2.1521807954985053,0.04566601264133977,0.18505427530901525,-123.31087633322856,7.431684793739773,7.41460865071393,0.9977022514409886,0.0023003914195461853
4865,1526,29,1,0.03894231959446806,0.057721070381432926,7.464884543790948,-0.5081642879683632,0.060161724958015216,0.18801263405077923,29.115669008161795,7.4413371366858145,7.488431950896082,1.0063288107157637,0.006308846966620479
4867,1527,19,1,0.04394756788754096,0.0658623547682429,7.478466789918364,1.2015959769244853,0.07041682845332721,0.21950857557451048,-68.84637813644723,7.471751472646668,7.485182107190061,1.0017975215841375,0.0017959074928966888
4874,1528,1,1,0.04504617483356592,0.0613666577690744,7.49376504070412,0.8548223137480582,0.06655862946091827,0.21755680010158682,-48.97771081031021,7.449420394315499,7.538109687092741,1.0119055293006312,0.011835077867467899
4876,1529,4,2,2.7538098528406607,0.46827345466926007,10.894457267979137,-0.08439921359124723,4.127527580543834,8.403215114592898,4.842094890060612,15.890768313178915,5.89814622277936,0.37116809625169395,0.9172207338652614
4879,1530,28,2,2.762510789839639,0.4669842509509379,10.99756348519498,-1.2560134354037522,4.14054818643866,8.39155658779473,71.9707057541909,16.035713262029134,5.95941370836083,0.3716338407267539,0.9162301783693367
4880,1531,11,1,0.03546801231528832,0.06972458271544327,7.3164519301455035,1.6851182791511459,0.059302057139563054,0.2218531117139531,-96.55016538737783,7.3119458458391895,7.320958014451816,1.0012325267175979,0.0012317676243445367
4884,1532,29,1,0.0244621731116736,0.07624355639956053,7.580361325588429,-1.5472740063005561,0.03813584530570532,0.13629572101467077,88.65227031311876,7.667185515977391,7.493537135199467,0.9773517439461893,0.02290766538947868
4885,1533,19,1,0.03887404232127355,0.05603420619456383,7.573974939294502,-0.3270651382694183,0.06371282385927993,0.20819401084862937,18.73945206405327,7.588640761151443,7.5593091174375635,0.9961347961200064,0.0038726882448084387
4886,1534,11,1,0.03483588903880067,0.06804056152532222,7.385889283040878,-0.1572389214526118,0.05539201094601885,0.22683508202748592,9.009126570127423,7.465938239697005,7.305840326384752,0.9785562231869266,0.021676186465435104
4888,1535,1,1,0.028555983736801672,0.05542890382609455,7.5021606828850285,2.5644054170634596,0.04623839310167321,0.15186739068029856,-146.9296073550528,7.455713752221666,7.54860761354839,1.0124594189656282,0.012382280952559055
4895,1536,19,1,0.027165589434537576,0.064343680525232,7.67836764891881,0.04708913723667318,0.043884619460747155,0.19466689021089836,-2.698008822450446,7.721426349290108,7.635308948547513,0.9888469569161257,0.011215587046645456
4897,1537,11,1,0.033436138602677544,0.07619391685327957,7.410821332754805,0.868754928456216,0.05644833955134634,0.18394461744407506,-49.775990821756174,7.372834739884623,7.4488079256249895,1.010304474251861,0.010251655292858769
4907,1538,14,2,2.7658533123457008,0.47107680365133925,11.267561758734642,0.6073457160725809,4.145550114472375,8.384910174644753,-34.80480657380694,16.478092641583153,6.057030875886133,0.3675808242879375,0.9248728330793116
4910,1539,7,1,0.020321066535817247,0.06996384547875477,7.683288671947281,0.4187154693207485,0.03491332260437887,0.10338138619450514,-23.99062921035116,7.684771680832385,7.681805663062179,0.999614039571585,0.0003860349255176214
4912,1540,17,1,0.021982693960830784,0.06526915733953335,7.576462064777713,-2.8112666847826517,0.03892473482978608,0.12984242052709105,161.0737161214144,7.580394364287856,7.572529765267573,0.9989625079326566,0.001038030541569608
4913,1541,1,1,0.02818859874961339,0.05575524739465367,7.48136360073373,-0.9181428393909865,0.04644529062844527,0.13564121884386693,52.60570968521489,7.514532291855863,7.448194909611599,0.9911721209427553,0.00886701753644986
4915,1542,17,1,0.03456237982258932,0.05663812515826439,7.5913412669581755,-0.6248450780385191,0.0542821595271704,0.17357165460530222,35.800985828107116,7.641079889531235,7.541602644385118,0.9869812583320314,0.013104040728493976
4917,1543,17,1,0.028871045400940532,0.07117079190946429,7.500015371416144,-0.48482175162893204,0.04806467834711895,0.15743061168029393,27.77824019046493,7.524203911805495,7.475826831026795,0.9935704718604453,0.006450264217200664
4918,1544,13,1,0.030512008529813298,0.058394191168122486,7.440614691685084,1.0752631381716573,0.047983961758279486,0.15338549440361637,-61.608039676594004,7.41851227340269,7.46271710996748,1.0059587198801674,0.005941019444830215
4919,1545,23,1,0.04076462105691999,0.06496011586062839,7.374463810422779,2.070466497908701,0.06855233717583224,0.21712967637157593,-118.62899197320525,7.327020125413782,7.421907495431778,1.0129503356608616,0.012867019549799203
4925,1546,11,1,0.021699208481748094,0.058317049876922954,7.515668123073695,-1.0927302701509174,0.03892294136338913,0.10451674090511222,62.60883262541608,7.58267351062515,7.44866273552224,0.9823267116914465,0.017830853213367172
4927,1547,14,2,2.766835947872359,0.47106380422521094,11.228583998728794,-0.5607432838998432,4.147020654424028,8.396775817118455,32.13469079194558,16.420343748734762,6.036824248722827,0.36764298854510785,0.9247398871654227
4929,1548,19,1,0.03900179636953313,0.06363601744684604,7.504288331271815,1.9306564546932061,0.06560470863403496,0.23669107104598883,-110.61846656111878,7.519633693804864,7.488942968738767,0.9959185877509723,0.0040897582437234795
4930,1549,19,1,0.025690522216215633,0.06898086466521199,7.708437446524803,0.22090162050194473,0.04397379310544406,0.14858670134651636,-12.656730545187235,7.682851484278889,7.734023408770716,1.0066605380302531,0.006638430271610511
4931,1550,1,1,0.026944058480623145,0.04984078282197403,7.514075364614011,-1.9238773346917513,0.04224967148682161,0.15426231859483774,110.23005158329518,7.51789672669993,7.5102540025280895,0.998983395961706,0.0010171210429738642
4939,1551,11,1,0.030289929348704038,0.057153748540312695,7.475407847538667,-2.7023509043704066,0.0472814048406086,0.17045440462785452,154.83330157927858,7.462940254066088,7.487875441011247,1.0033412014696987,0.003335628965497736
4940,1552,4,2,2.764712833451213,0.4718443381016803,11.275336754912278,-0.7583065222046709,4.143843436421259,8.404554312913673,43.44131096201311,16.49637021373918,6.0543032960853775,0.36700820954193825,0.9260980088337097
4945,1553,7,1,0.03202056974796037,0.054748271748682284,7.509374696308774,1.120906655275251,0.0502373224872726,0.1562689347700631,-64.22322056842633,7.490235468635278,7.528513923982272,1.0051104475296246,0.005097422474578297
4946,1554,17,1,0.040210822221260704,0.07594954763248225,7.430701681538908,0.7079948292893988,0.06668637571360989,0.26532207944403197,-40.565115650602436,7.465638231704407,7.395765131373408,0.9906407063719926,0.009403297740318934
4947,1555,11,1,0.018378421609008898,0.05540817803066711,7.5329989666821415,-0.3075925832182588,0.033186021914207185,0.15231499899876463,17.623756829223986,7.530968499575522,7.535029433788762,1.0005392313370411,0.0005390859910111821
4948,1556,23,1,0.03866556234524942,0.05785569681397548,7.449361662824552,-2.893259925649598,0.06393975490577065,0.19338006485730566,165.77158275682692,7.521663724630227,7.3770596010188765,0.9807749815858113,0.019411612720185954
4953,1557,7,1,0.04540608664389746,0.07327966184066967,7.630430810181591,-1.883611157614004,0.07429992483724877,0.24050495082311307,107.92296960160678,7.70734966622751,7.55351195413567,0.9800401280915105,0.020161078177469104
4955,1558,11,1,0.02398486206635115,0.07149919492181776,7.561543801675913,-1.4464483620139623,0.037871717352210024,0.14268609037742191,82.8753864267689,7.616286973954809,7.506800629397016,0.9856247086103505,0.014479363927446448
4957,1559,13,1,0.03910989144141578,0.07396195376618464,7.412519914854538,0.3511576225379677,0.0633057915337256,0.18757955561848424,-20.119849721568006,7.436383908299647,7.388655921409431,0.9935818285501711,0.006438834220811998
4966,1560,29,1,0.03017630241306997,0.06903379448153311,7.485394013070074,-0.7763455190696934,0.04747186369953111,0.15781589160133966,44.48132168419762,7.485209677110853,7.485578349029297,1.0000492533855894,4.925217267128939e-05
4967,1561,8,2,2.7616661278614028,0.4744388276839725,11.37580356563194,3.040263720391439,4.139284240721634,8.39908231882274,-174.20071076021,16.66876633859844,6.082840792665439,0.36492447425937713,0.9305650791927101
4970,1562,19,1,0.026591868469014335,0.05410329953339925,7.454125187743623,0.30591061352458326,0.04594778126192931,0.15113668256455098,-17.527387068264574,7.4809674765323235,7.42728289895492,0.9928238456127753,0.007201995703757925
4972,1563,23,1,0.03967630827018669,0.05376325677975897,7.480423071364786,-0.9657708526795905,0.058454781990804026,0.2051442415501355,55.334593829749,7.471530273466523,7.48931586926305,1.0023804488699843,0.002377618969789454
4974,1564,23,1,0.030107625041137183,0.05373466330685334,7.482905754761358,1.051558429758251,0.04809543064013792,0.14173329137146579,-60.249859931926004,7.526625396527588,7.439186112995127,0.9883826709945203,0.011685204437704298
4975,1565,7,1,0.04064408250274971,0.07432259408761886,7.303276262768796,-2.765357502860662,0.06268389394581883,0.23167852678761808,158.44331374883288,7.336873759376496,7.269678766161099,0.9908414679849817,0.009200664304313474
4988,1566,17,1,0.025416649035901618,0.048417928322019264,7.4659033607379595,1.7147229583751293,0.03728592135415672,0.14562094908331807,-98.24638854844824,7.465085254453443,7.466721467022476,1.000219182033863,0.00021915801611330842
4992,1567,29,1,0.03015271507755815,0.07053513746710342,7.435549460236429,-0.3844345118686476,0.05047744350194123,0.17598945920497702,22.026475034600693,7.479588807342375,7.391510113130482,0.9882241261544445,0.011845620109571848
4995,1568,29,1,0.025329070502797625,0.07248223237790848,7.591831511506244,0.5256719253150338,0.04268322565127999,0.14791999211603232,-30.118782732530697,7.589481552655457,7.5941814703570305,1.0006192672936836,0.0006190756070456276
4997,1569,16,2,2.7655764361426614,0.46512781729231073,10.761412547742538,-3.0281464361855046,4.14513586603577,8.396824370637006,173.50646892071057,15.67295500536619,5.849870090118886,0.3732461484203825,0.9128062762827478
5001,1570,26,2,2.767338889542854,0.4684346483015783,11.236150957916822,-1.8429994306979056,4.147773409155423,8.395874795384191,105.58961826699345,16.400697421859075,6.071604493974566,0.37020404302333193,0.9192732428186886
5002,1571,13,1,0.037701105541506144,0.07211308868977978,7.271817226556191,2.959906142050715,0.06411783341770005,0.26917254177404765,-169.5901296804838,7.265899406552426,7.277735046559955,1.0016289297917964,0.0016276041653393418
5004,1572,1,1,0.03384485564514243,0.06041641319193124,7.415527206388995,-1.3654274320463398,0.0532762795780705,0.15427543527818122,78.2332290863833,7.389624869196058,7.441429543581932,1.0070104606529926,0.0069859732078442986
5005,1573,29,1,0.02788416735135715,0.056542668564998476,7.467774588110037,3.1313648711993958,0.0432988997613627,0.18429179928133954,-179.41399123444634,7.507778869904068,7.427770306316006,0.9893432445235185,0.010713842878365536
5014,1574,29,1,0.03116067888994319,0.06190214331796707,7.53891534305656,2.3322576143110543,0.0494473810624093,0.17174898363620836,-133.62851804108715,7.546600241337305,7.531230444775815,0.9979633482535222,0.0020387278357814676
5017,1575,13,1,0.024957210921425044,0.04841767185308933,7.418600395444658,-1.6579577697099448,0.04196529202211547,0.19418582272550078,94.99398281957738,7.297208060040098,7.53999273084922,1.0332708987891717,0.032726479102204054
5018,1576,19,1,0.04111552721587497,0.06636905184506406,7.41865642896398,-1.573431290354411,0.07051625526240954,0.22922432452539956,90.15097227529398,7.423385016051049,7.413927841876909,0.9987260294119608,0.0012747826058122187
5019,1577,11,1,0.037871791469278736,0.0675837401213437,7.39539299382063,1.0200569445687975,0.06310327488602185,0.18134250799710225,-58.4449577752198,7.422304821208583,7.368481166432676,0.9927483906855844,0.007277997913144185
5020,1578,13,1,0.027065182362900887,0.053703883436496104,7.381395012610068,1.8472203151669544,0.04336088755728475,0.14854960483739835,-105.83792789362462,7.39011427301577,7.372675752204367,0.9976402907766829,0.0023624966258560943
5021,1579,1,1,0.03091402802002091,0.05710153786690785,7.462490137604888,-1.924845197485516,0.0495090504246663,0.1456392060031513,110.28550603915494,7.503572903901201,7.421407371308575,0.9890498121834856,0.011010471180200062
5023,1580,7,1,0.02121294526329791,0.06714262422251507,7.465543330088944,2.307635314809019,0.03602861110583717,0.13807907471192002,-132.2177641953225,7.587960740925014,7.343125919252872,0.9677337785432064,0.032795311854311476
5027,1581,17,1,0.020718589561511576,0.06319686809584123,7.497389352674466,1.9816731356708734,0.0358966645740436,0.16856684330405525,-113.5415070498442,7.444934997967704,7.549843707381229,1.0140912861485243,0.01399269858862302
5037,1582,1,1,0.034086056660942776,0.054584832236235045,7.485615045284332,0.2492106006904598,0.05460893604228069,0.17161268628295928,-14.27871563941042,7.540425856418461,7.430804234150203,0.9854621443993183,0.014644303989064423
5048,1583,17,1,0.032568825531994285,0.055102149043270175,7.579839683279621,2.05377491025534,0.052799131070474854,0.16629883672682227,-117.67263443623963,7.595946912864275,7.563732453694969,0.9957589936397858,0.004250018538039621
5049,1584,7,1,0.02505202116386407,0.05148550890269371,7.496515698845108,0.8192704305499793,0.04029749604580433,0.13051701126078624,-46.94073794939543,7.5762338113358485,7.416797586354367,0.978955741209712,0.021268043900187404
5053,1585,29,1,0.031173854091904405,0.06119719650727695,7.483132430618662,-1.5660831730305158,0.05338716502791953,0.15049591551377364,89.72995617695577,7.501329623471012,7.464935237766309,0.9951482753682991,0.004863522868550059
5055,1586,7,1,0.03395058104438293,0.05745556342495722,7.416655143389492,2.884772801697782,0.053932288775792356,0.18820610503346105,-165.28530638129826,7.4363473538007145,7.396962932978268,0.9947037948943688,0.005310267237859897
5057,1587,17,1,0.032663492238350224,0.06301743493915656,7.460510937611949,0.2810843062155543,0.054771820229603294,0.1642622103015016,-16.10494443833838,7.430000743169038,7.49102113205486,1.0082127029316819,0.008179116604224754
5061,1588,19,1,0.03439336964004782,0.05393043493397575,7.472912897234859,-2.406898698123947,0.05373467575307011,0.18040635234092275,137.90513711869698,7.454387088011871,7.491438706457845,1.0049704446533987,0.004958122616374051
5063,1589,17,1,0.027046098818157276,0.06043355240244787,7.412056059896917,1.1969791648366248,0.044157913221366855,0.12402942787574163,-68.58185430526994,7.409973362182109,7.414138757611725,1.0005621336577097,0.0005619757049805182
5066,1590,29,1,0.020120192859082935,0.07450951187314309,7.65187844930658,0.6204229650062043,0.03547579412396185,0.12467096417349592,-35.5476174085492,7.804968676957191,7.49878822165597,0.9607710846803056,0.04001376359147045
5067,1591,29,1,0.027013606182020974,0.05963801196029748,7.567806936963737,0.603694357848953,0.0448895604139869,0.13440412862810827,-34.589138822300605,7.507417243620577,7.628196630306898,1.016088007735144,0.01595962842238924
5071,1592,23,1,0.03052444010911268,0.055458536562864896,7.547304284731101,1.723958637182032,0.046421555321910786,0.14061458369417565,-98.77555397120634,7.589321246833685,7.5052873226285195,0.9889273465344184,0.01113429656932926
5072,1593,13,1,0.018720233912005804,0.07165899159229697,7.483896967799793,2.1906994053842332,0.03302406016601417,0.11420068085651641,-125.51783011030169,7.503070672476797,7.4647232631227896,0.9948891046042422,0.005123989482885856
5077,1594,13,1,0.024408529016350315,0.06789507158386612,7.425248365833734,-2.1090964505395133,0.04295120034110661,0.13943213626252954,120.84232520527596,7.509845052616827,7.34065167905064,0.977470457462071,0.022786224140960324
5083,1595,23,1,0.032102815568799604,0.062040267240605365,7.644302447307753,0.07694959499317316,0.050878376718771344,0.1718454995290114,-4.40888703358089,7.644670966589989,7.64393392802552,0.9999035879284157,9.641671945208247e-05
5087,1596,7,1,0.04175374515237644,0.06061185656588337,7.55101634381923,-2.7486302461904484,0.06803905338444169,0.22065673409294606,157.4849125299742,7.60520460937438,7.496828078264082,0.9857496889726399,0.014352575358813482
5088,1597,11,1,0.02738804082068606,0.056619175430342804,7.637847215108024,1.534794650772152,0.04277290751399502,0.1669417378700919,-87.9372559101186,7.633819259075608,7.641875171140441,1.0010552924809237,0.0010547359534631906
5090,1598,1,1,0.041896611106214496,0.09222055046333466,7.4393142867616895,-2.698744351338384,0.06749867494965153,0.19971720017720435,154.62666129866193,7.417569662590016,7.461058910933362,1.005863005043644,0.005845867867248923
5100,1599,7,1,0.03569432188386226,0.05260877085494542,7.4630813847070225,0.9653116818010594,0.05728929493412069,0.17441630716285897,-55.3082852739188,7.438109178620713,7.488053590793331,1.0067146651081935,0.006692197176753601
5103,1600,11,1,0.03837278483986588,0.08030195219456947,7.59260611409332,0.3362114716880768,0.06342553823427229,0.18646142619002934,-19.26349836607998,7.583424596677534,7.601787631509107,1.0024214699569398,0.0024185417438536425
5105,1601,8,2,2.7662111241804497,0.4725004891159512,11.342165089240467,-2.6460071245823364,4.146085514890334,8.397102728740396,151.59857795452305,16.604282701293144,6.080047477187789,0.3661734497398237,0.9278859143118074
5106,1602,7,1,0.02398299686589001,0.051367698356692214,7.505496419977358,-2.5219265527016477,0.04196667482588732,0.12418444850337117,144.49574771238412,7.471911542576635,7.53908129737808,1.0089896346361567,0.008949408679039487
5107,1603,23,1,0.04012727415678562,0.0635717957152493,7.404113800585975,-2.4830508943198595,0.059351809819178536,0.22940135416001436,142.2683365647976,7.425350476094769,7.382877125077181,0.9942799533632349,0.005736453026184744
5111,1604,23,1,0.03044025787386179,0.0590173736445033,7.634199511495031,-0.947606981685697,0.05075194672353611,0.16125076995172696,54.29388068128167,7.457700990808539,7.810698032181522,1.047333225320785,0.04623890701853743
5113,1605,14,2,2.763199878348476,0.4718901280588886,10.997713344114565,-1.2340827730393034,4.141579828720296,8.421547976940431,70.71417619548438,16.080541129205614,5.914885559023518,0.36782876344135296,0.9243426567052918
5115,1606,1,1,0.03562228289324264,0.049924569387126964,7.468872483854559,-0.6581448084998777,0.056704090471170705,0.16065045398021577,37.708919841468585,7.471142292926258,7.466602674782863,0.9993923796435128,0.0006078050138368033
5124,1607,11,1,0.03263276435618356,0.07798605381544368,7.516686501650018,2.9171775628224155,0.0552064030893762,0.16971188073550533,-167.1419624311843,7.396776366840777,7.63659663645926,1.0324222685295152,0.03190505145662774
5125,1608,1,1,0.025427384838157728,0.048358564066536214,7.359923158086636,0.48757381815429496,0.040072812328962426,0.12321693372696646,-27.93592198437846,7.312160129311076,7.407686186862197,1.013063999674761,0.012979219415648726
5127,1609,7,1,0.038520286423613694,0.06249907034411087,7.462613633879809,0.21460916513425193,0.06324806675875597,0.1992254320150974,-12.296199422285186,7.466180407576729,7.45904686018289,0.9990445519657414,0.0009559046928884717
5128,1610,19,1,0.037295856663631166,0.0522918301072118,7.508470302424346,-2.439358522397542,0.05945017269984579,0.16343439565739548,139.76494804884348,7.485674776844602,7.53126582800409,1.0060904397423882,0.0060719493216570015
5132,1611,1,1,0.03326708323493402,0.06037844284518935,7.39955137412439,2.3408579392153386,0.05228898710569238,0.18130258274509342,-134.12128036378442,7.471059068320312,7.328043679928467,0.98085741431248,0.019327575573291893
5133,1612,13,1,0.03812568079709537,0.0501832232345782,7.354556091800947,2.873092020495465,0.06204038923215944,0.217946721375126,-164.61604691158013,7.418067617668229,7.291044565933664,0.9828765308862885,0.01727134175727806
5138,1613,23,1,0.03558307580768233,0.06739448286445267,7.349450882927309,3.0039315876894594,0.059699914179759894,0.19706512182487296,-172.11260192431038,7.349661056160287,7.34924070969433,0.9999428073672043,5.719426834102725e-05
5139,1614,1,1,0.022443054530454948,0.061587731120885385,7.533085656561672,-2.8633794762368296,0.038959263580549304,0.14625645853008087,164.05955913016138,7.540331981916311,7.525839331207035,0.9980779824092582,0.0019238664433149822
5141,1615,29,1,0.037206147981886116,0.06787053923110506,7.452276015138453,0.9214413906663378,0.0623457463985683,0.22274230489650992,-52.79470273905907,7.429748396967027,7.474803633309878,1.0060641671743882,0.00604583569520588
5145,1616,13,1,0.02280536131900127,0.059173743232282465,7.485692459777133,2.74757088760972,0.03883467218036496,0.17216320567908497,-157.42421577033545,7.470999343080108,7.500385576474156,1.003933373842586,0.0039256533115605285
5146,1617,13,1,0.03320585403997275,0.06041849288807378,7.577904501368648,1.0188630832814036,0.05279769393379978,0.1460030144097831,-58.37655456906794,7.505895361391469,7.649913641345824,1.0191873551415531,0.01900502703990841
5151,1618,13,1,0.025891006037288417,0.053657593049250205,7.544156662984153,0.10238033475136796,0.039522015287293925,0.13654372113409524,-5.865961088069661,7.57507707020031,7.513236255767996,0.9918362791745592,0.0081971805723149
5153,1619,23,1,0.0389512993638688,0.06208851736468785,7.514821575762946,2.5388272723695424,0.06313885854680899,0.21871084035470792,-145.46408760343138,7.535046395161678,7.494596756364213,0.994631799636504,0.005382647929782506
5154,1620,23,1,0.02948752559078006,0.06820902197173176,7.53251003330247,-0.4364639746371093,0.048312987220046164,0.15004753414019836,25.007543662693617,7.524699362055657,7.540320704549284,1.002076008853244,0.002073856181347656
5155,1621,1,1,0.040128845205473565,0.06762006146792354,7.450871164087044,1.9235299338385352,0.06268746677356966,0.2563997716281445,-110.2101469890566,7.442491535954442,7.459250792219646,1.0022518341047808,0.0022493015777783417
5166,1622,14,2,2.771024820247623,0.4703696305599102,11.298536227813202,-2.5590639500480217,4.153289254691403,8.401858688921202,146.61706714202126,16.514554360522258,6.082518095104147,0.3683125782457864,0.9233086530039122
5167,1623,7,1,0.043529856564169356,0.07036448644405705,7.456793242893189,-2.7898938529268738,0.07279986030461029,0.20592081963549247,159.8491430491201,7.455315293602623,7.458271192183757,1.0003964820352629,0.00039640345183918714
5168,1624,29,1,0.026096184501646674,0.07762332453423199,7.465625206007301,0.578265014153203,0.04257381874826448,0.17793000827048885,-33.13214475123508,7.378887805583711,7.552362606430893,1.0235096135647856,0.023236473310713955
5171,1625,11,1,0.020860985160003332,0.057661813503155905,7.4314422295917195,-1.7600565305134408,0.030891477249731278,0.12702482933787004,100.84381090272703,7.511214352545682,7.351670106637756,0.9787591941303267,0.02146881331763938
5173,1626,11,1,0.05020957070191623,0.07513951448768062,7.523707392673188,-1.3839262662970784,0.08231578887714101,0.2847956172960711,79.29313417999343,7.558898601134154,7.488516184212221,0.9906887999646704,0.009354752018994442
5174,1627,11,1,0.035039206213297154,0.04808967019382011,7.501449904429099,-0.7147533959440552,0.0551899585917395,0.15191041356310916,40.952352984812244,7.466941002345894,7.535958806512304,1.0092431163102435,0.009200595224352457
5175,1628,19,1,0.027541049206552395,0.06275210037622504,7.441244476343933,1.5584426267754423,0.042233482376072495,0.13870624935936918,-89.29218513087679,7.3759573810417445,7.506531571646122,1.017702676935199,0.017547359318656888
5178,1629,17,1,0.034466658336732216,0.07066978169787602,7.473498067172896,-2.5991465585854936,0.05577574049342711,0.20728625962915542,148.9201281352914,7.498492993344215,7.4485031410015745,0.9933333467955479,0.006688949658289061
5180,1630,19,1,0.021521023572955305,0.044886769275679694,7.494353571405848,2.2499175179486492,0.03855963426442266,0.12180865338195036,-128.91077803197626,7.548923197297447,7.439783945514249,0.9855424079791578,0.014562863993982145
5195,1631,17,1,0.033767494787175834,0.06011442985511766,7.4398798182815575,3.1140900344384237,0.057258888591574596,0.20781285879794242,-178.42421598718641,7.481729811453856,7.398029825109261,0.9888127493970101,0.011250179893890733
5196,1632,13,1,0.03915876222389268,0.056363087942479,7.550970755547363,-0.6264334948056688,0.06366820309188148,0.2097075313048393,35.891995412734055,7.598578393420904,7.503363117673822,0.9874693303382219,0.012609673488290393
5207,1633,11,1,0.02601422678508197,0.05033741641829952,7.474506904661326,-0.19746326274464424,0.04203019704136296,0.1274333407891386,11.31381156829933,7.471658908748566,7.477354900574087,1.0007623463403625,0.0007620558651125607
5209,1634,7,1,0.032245992075076245,0.0578223747778983,7.545006770360775,2.5281411999540775,0.05211113785044144,0.16097989245892982,-144.85182076678524,7.576989319807739,7.513024220913809,0.9915579795359203,0.008477805367280196
5210,1635,23,1,0.025887683598785162,0.05536406376965932,7.529159080252119,-0.7946714198796667,0.041836110352243897,0.1217972190442909,45.5313184602564,7.527064935141667,7.531253225362571,1.0005564307279122,0.0005562759633926
5214,1636,1,1,0.028321825642233355,0.05591565056912698,7.577323240493171,-1.5324309953061774,0.044077769739427924,0.12810278892635338,87.80182842747405,7.585036988017494,7.5696094929688496,0.9979660619884891,0.0020360085691211055
5217,1637,29,1,0.03731780220636198,0.06755997435783441,7.446433128340439,-2.1942001334299817,0.053608866558234776,0.1805318085816556,125.71840705384687,7.450294148917853,7.442572107763024,0.9989635253319561,0.0010370120864229252
5220,1638,1,1,0.020937580552992666,0.04580994559663512,7.476791784163805,1.5225366577925727,0.03151954413744025,0.13132623915864752,-87.23492464536686,7.434404751649699,7.519178816677916,1.0114029391538584,0.011338294214341016
5225,1639,28,2,2.7621505891208975,0.46999059593327897,11.13662730714179,2.1797612346103405,4.140009280155772,8.406878884296725,-124.88468469633594,16.269007418597166,6.004247195686411,0.36906044979873404,0.9217117480736816
5229,1640,16,2,2.76526491306675,0.47566548121429786,11.504954099386635,-1.4104280970608531,4.144669653453981,8.394207037900514,80.80512107342659,16.87547208875035,6.1344361100229206,0.3635119703769534,0.9336009414674732
5234,1641,17,1,0.02713959736673258,0.06971021442042624,7.608994898004353,0.5572321616653761,0.043757387302816524,0.1488032226343526,-31.927051074850347,7.60022154749365,7.617768248515054,1.0023087091490366,0.0023060471529565535
5239,1642,1,1,0.03747081864658565,0.05855095723568455,7.373233826389188,0.18644849779971706,0.061758499330420595,0.19561624855584306,-10.682712035794879,7.363212881992499,7.383254770785878,1.0027218945200393,0.002718195199730064
5240,1643,7,1,0.025079236122405136,0.04392850613225707,7.53787562573002,2.351353522645042,0.04224124938451348,0.12128229384793382,-134.72263299046293,7.496073355768955,7.579677895691086,1.0111531112296,0.011091260200254948
5242,1644,11,1,0.02387705238303846,0.07401304868054923,7.5188689686710015,0.973611318046824,0.04080806629333306,0.1634198255028703,-55.78381940652542,7.540405576987251,7.497332360354752,0.9942876790654399,0.005728682972395476
5243,1645,13,1,0.0309788897458126,0.06422999356616227,7.383663364502015,-0.1349869580018287,0.05155348591188044,0.17581685814985418,7.734182979141418,7.261525588590316,7.505801140413713,1.033639701305634,0.03308324604799636
5245,1646,17,1,0.04313857387087161,0.07104978096761543,7.360014926435667,2.6209781146431066,0.07124565635801425,0.2029356157038258,-150.17098414542295,7.331737184440798,7.388292668430537,1.0077137904110582,0.007684153436510393
5249,1647,19,1,0.03240106982047167,0.06451107834198148,7.487176485064897,-0.24697405275795126,0.05163746154592508,0.1786867935006909,14.150570881270465,7.448816422980057,7.525536547149739,1.010299639541793,0.010246870008035685
5252,1648,13,1,0.030514375766134978,0.07524876996343052,7.3628946518513665,0.07520387899927766,0.052492249420436295,0.19814773631959276,-4.308864865266145,7.382601716714402,7.343187586988331,0.9946612141304012,0.005353075331066989
5265,1649,14,2,2.7667873744604834,0.4675749361581851,11.165370297028279,1.910988835964288,4.146948035880045,8.413338436322082,-109.49806188512125,16.28832590361575,6.042414690440811,0.3709659744160381,0.9176508204033268
5267,1650,19,1,0.034080466214852896,0.07016863335628545,7.392502400408146,-3.114750946915945,0.05545510432532283,0.18995819655876298,178.4620834864269,7.409968883695016,7.375035917121276,0.995285679721192,0.0047254589422671
5268,1651,7,1,0.032543513729398794,0.08363870250116247,7.418555061170986,-2.6977736315157226,0.05754497261393887,0.15813944154076862,154.57104316085395,7.508755704970126,7.328354417371843,0.9759745429620419,0.02431757749464048
5269,1652,13,1,0.03125369725859325,0.06085273500046005,7.553461880414463,-1.7070196088820249,0.04855887224410502,0.18706632069316825,97.80501913850057,7.613787610957344,7.4931361498715825,0.9841535557267022,0.01597300191566479
5271,1653,29,1,0.04472282877850047,0.06323832874211396,7.37764128313428,0.32761516090785636,0.07260321537986529,0.24655714150696428,-18.7709660477107,7.331947429007297,7.4233351372612635,1.012464315809523,0.01238711733828593
5273,1654,19,1,0.04453889782627805,0.06930704454502827,7.328406080370303,-1.0272695567017194,0.07490676961207406,0.2006766989594235,58.85821000015648,7.34568063945457,7.311131521286038,0.9952966757113065,0.004714410990552839
5275,1655,2,2,2.7691752559262413,0.4723089285602654,11.443791321321633,2.9746878266081427,4.1505214677632,8.407351070334297,-170.43057416898108,16.747877666057956,6.139704976585312,0.3665960009385744,0.9269806125971471
5278,1656,1,1,0.017352442460560266,0.06458451556579016,7.614985532302741,2.951971249823048,0.02736784158881386,0.11886848448630703,-169.13549385810776,7.689642192062051,7.540328872543433,0.9805825400208149,0.01960782707796771
5280,1657,23,1,0.027650774112151288,0.06604565295803558,7.507772741897623,-0.22491241684128147,0.042836307638745706,0.16169872222018533,12.886532246953132,7.4843505678406625,7.531194915954582,1.0062589729982991,0.006239446733982923
5292,1658,11,1,0.035368505662787805,0.06689177501657376,7.399741819764009,-3.134470870012066,0.05976091316360658,0.1681908206109266,179.59195186881954,7.384856884777805,7.414626754750214,1.004031204725683,0.004023095764354401
5293,1659,17,1,0.038457861876797984,0.07082617947132329,7.4670824396282,2.5344300433646016,0.0647265374339559,0.19221449950704364,-145.21214494061536,7.449542124922768,7.484622754333634,1.0047090987368876,0.0046980369768908235
5295,1660,1,1,0.026576859433058004,0.05982035481952836,7.512547456769258,3.1224497837276277,0.04058346693532949,0.13469197724564536,-178.90319434734155,7.585553119675139,7.439541793863375,0.9807513936679126,0.019435661026034376
5296,1661,23,1,0.03707572625479526,0.052533639526012706,7.440098004767818,-0.8227078901898349,0.057508734681076465,0.19822799501661523,47.137689869691506,7.497231212479445,7.38296479705619,0.9847588513432728,0.015358186861252317
5301,1662,14,2,2.7682927600800977,0.4737047914762872,11.382397083914794,2.3773481401495484,4.149200785165942,8.407201107023946,-136.20553738961826,16.674051776006998,6.090742391822589,0.36528268435550965,0.9297961849477535
5303,1663,7,1,0.03804322086864771,0.06433973667625396,7.47435996706586,2.2385799067435377,0.060530577461063724,0.17929028273696632,-128.26118077254648,7.503399123588255,7.445320810543463,0.9922597329439383,0.007770339306736816
5306,1664,1,1,0.02343618534714891,0.07921699178282585,7.385094590071972,0.5172805832021121,0.04124868497408014,0.21072555060389023,-29.637994244104174,7.419424934008562,7.350764246135381,0.9907458208036501,0.009297198165272502
5307,1665,19,1,0.03196901882395408,0.06248714131831852,7.555182145536986,1.2101562218396047,0.05135651678242975,0.1637152720739324,-69.33684405766996,7.634348392350274,7.476015898723699,0.9792605098052342,0.02095680694079697
5308,1666,7,1,0.035269552913501936,0.058377842322241774,7.425710844560773,-1.3043233062564947,0.057073337773612495,0.24321873795372165,74.73222055820531,7.4773470144039065,7.374074674717641,0.9861886388999563,0.013907401169803275
5309,1667,29,1,0.025602284041348535,0.052183244031665445,7.544310128547534,0.6692834176842242,0.042851543599179365,0.1466300725221286,-38.34711513335007,7.595769306975337,7.492850950119731,0.986450568376123,0.013641851289512215
5313,1668,13,1,0.031126412101613127,0.05217113408087298,7.483018314676711,-1.3568376286477624,0.04975347323039308,0.1573545973302531,77.74106959875303,7.5336866528974324,7.43234997645599,0.9865488596605663,0.013542219486846243
5314,1669,19,1,0.02431027072250726,0.057318530818107116,7.528389348199027,-1.8474177464190942,0.038915115532832965,0.1505019813593706,105.84923987011354,7.512415404581784,7.5443632918162695,1.0042526784680996,0.004243655017939304
5317,1670,29,1,0.01643523395449051,0.04936165519129249,7.498638170902999,2.6010742746369386,0.02919086092507958,0.09361720373180038,-149.03057813656068,7.50386876038801,7.493407581417992,0.9986058952649544,0.0013950771768946402
5320,1671,23,1,0.039784799909839706,0.06956758754109761,7.355074013427235,2.6547741798219797,0.06659531067496822,0.19788003346020033,-152.10735605010566,7.390232802620978,7.319915224233491,0.9904850658611799,0.009560417510295146
5324,1672,4,2,2.7605643823442247,0.4775377630482301,11.450686751664302,-1.2119726613424058,4.137636043671289,8.391252591412185,69.4473416568162,16.80597540010909,6.095398103219511,0.36269231378143896,0.935365496338711
5329,1673,13,1,0.03652982290412214,0.06635728129287154,7.489162742911517,2.7403230403733314,0.059825790487468215,0.17550261508575443,-157.0089447036316,7.4271554535643585,7.551170032258673,1.0166974529440875,0.01655920467367253
5330,1674,13,1,0.03887563642678294,0.06482442468972231,7.401776897229661,2.238546457768696,0.06245934043461188,0.19998414544361107,-128.25926428782662,7.334132602567615,7.4694211918917075,1.0184464334987247,0.01827785289971771
5331,1675,23,1,0.03792520175269075,0.0539656830369039,7.478997389271987,2.0616786604765425,0.058718939458749335,0.21371473685492015,-118.12548597037386,7.489287720788996,7.468707057754978,0.9972519865972181,0.0027517943867100447
5339,1676,11,1,0.0379696601650654,0.07864267565999371,7.432995980652322,-0.043492935855503324,0.06526368069633053,0.21698781192423294,2.491961651791265,7.418966225915906,7.447025735388738,1.003782131986909,0.003774993225594363
5344,1677,4,2,2.7601334585203636,0.4724672780357608,11.101565481656857,-1.23794278084716,4.1369909155936835,8.417803873844397,70.92247636499972,16.23886891106315,5.9642620522505645,0.36728309618826077,0.9255097288566503
5345,1678,29,1,0.0362333137640145,0.05605207149285725,7.4446928556712955,-0.4037644990590584,0.058673863824873565,0.16305275992691187,23.13400172236455,7.407652394446147,7.481733316896443,1.0100005937786494,0.009950836641146458
5348,1679,7,1,0.029064154945374943,0.06908091360066446,7.573389276294717,1.2296760300294634,0.04732857860395466,0.18108510371771427,-70.45524668322624,7.59582180937774,7.550956743211693,0.9940934546265084,0.0059240406810300425
5349,1680,19,1,0.034923444169741844,0.07247508412842557,7.352479690162884,1.519474001068427,0.06057009370589726,0.2177136518662609,-87.059447331782,7.342353324037094,7.362606056288674,1.0027583434571687,0.0027545444673143815
5352,1681,29,1,0.02036838222668926,0.06239672869329045,7.609296216733275,-2.998317778116792,0.031291259492439105,0.12643841228599464,171.79095432499193,7.644712741465385,7.573879692001167,0.99073437395757,0.009308751748742817
5354,1682,23,1,0.029149373031482167,0.05033996940884058,7.397225963110683,2.238309425168681,0.04711642217140324,0.1402643525878618,-128.24568331099636,7.394082026360377,7.400369899860989,1.000850392716526,0.0008500312863185263
5357,1683,1,1,0.03528504766543483,0.07166958543379578,7.396987279771962,2.119597565533169,0.061860180850776825,0.18040980376611876,-121.44399478445258,7.401413055159034,7.39256150438489,0.9988040728563347,0.0011966426924038794
5360,1684,13,1,0.027235105743786354,0.05989463734937927,7.4017941299762775,-0.6176635410985315,0.04245340371520035,0.15012850083601775,35.389514065109985,7.3341948149734435,7.469393444979112,1.018434011287735,0.018265656627510417
5365,1685,19,1,0.023641437406499044,0.06098408427650496,7.365238700921512,1.2774579406627344,0.038831090892683606,0.18567681671617917,-73.19294850259554,7.45917220507114,7.271305196771885,0.9748139601641677,0.025507253183219985
5367,1686,29,1,0.027905920472496445,0.04513343046684228,7.482786020483338,0.5628881581679225,0.0440346424832712,0.1345042182115043,-32.251115805678914,7.510709233958475,7.454862807008201,0.9925644269787768,0.007463320051836358
5369,1687,17,1,0.025048269613244925,0.08873010441482689,7.456221397260632,-2.828689804500529,0.044499181937728546,0.14485424138626268,162.07198734566686,7.503825130457964,7.408617664063297,0.9873121421755658,0.012768862580937549
5370,1688,17,1,0.03669598769293067,0.06332197116729203,7.573025255242902,-0.9109621793539313,0.05538876915831731,0.18651857634155683,52.194288175869836,7.560573594457069,7.585476916028734,1.003293840243804,0.003288424471372737
5371,1689,1,1,0.03658653223799172,0.06496488619501396,7.483140673561535,2.7484885310636553,0.058731233546902205,0.20166888101814315,-157.47679286098878,7.51065080853927,7.455630538583798,0.9926743671942628,0.0073525638973836955
5373,1690,29,1,0.02158869901367394,0.07352767711617937,7.496323403307297,1.510331266553942,0.03653068682296927,0.12931585411783914,-86.5356072420895,7.586910866429492,7.4057359401851,0.9761200665944221,0.024168504545102654
5379,1691,23,1,0.036395933680275945,0.04604649114172886,7.43846158016222,2.5967220376063054,0.05773174393548082,0.15300746701005258,-148.78121332082222,7.450265925925777,7.426657234398662,0.9968311612280898,0.0031738675091200937
5385,1692,29,1,0.04650802458419526,0.08539642419095178,7.4565663590471845,1.753537862357218,0.07848090290843877,0.24237085137448275,-100.4703187564816,7.528765865311781,7.384366852782586,0.9808203608516367,0.019365349354665575
5392,1693,7,1,0.025892511990191137,0.05129989351666414,7.34542341596027,1.2933185521198811,0.042212162142969765,0.13785979240176366,-74.10169460242456,7.364875255233112,7.325971576687431,0.994717673117676,0.00529631531671133
5401,1694,7,1,0.02727945654774877,0.07894542902496271,7.6899026633074445,1.236462402780041,0.04521931319493592,0.15063986922139505,-70.84407720260761,7.686276731809605,7.693528594805283,1.0009434819027092,0.0009430370335219122
5413,1695,17,1,0.033968428718749166,0.06424836532866171,7.288882897459388,0.17144331277530508,0.05454425314588577,0.1883126199772142,-9.822978244386064,7.318913735861156,7.258852059057621,0.9917936350978909,0.008240175847038265
5416,1696,16,2,2.7587338041208387,0.47160158058592155,11.285191156748795,0.28631825854780246,4.134896259835639,8.385629905599128,-16.411238305830793,16.501528681813955,6.068853631683633,0.3677752375979572,0.9244570964924551
5418,1697,29,1,0.021825201938932018,0.0641923021679837,7.485159216189385,-2.5427050684497967,0.03603974725780323,0.13074825331433412,145.68626896824452,7.489626169249283,7.480692263129483,0.9988071626116025,0.00119354924347869
5420,1698,1,1,0.03168366478734084,0.05735060260996867,7.606551704446088,-2.8870206956695115,0.05090091179091035,0.17411293237079042,165.41410122402138,7.638387717968701,7.574715690923472,0.9916642059298134,0.008370682211758684
5423,1699,29,1,0.03783382968931269,0.052974090902593016,7.523456496757055,-2.7169592387809067,0.05966607401448513,0.202574062105152,155.67029747714614,7.549086381504302,7.497826612009812,0.9932098048818093,0.006813327028153287
5424,1700,1,1,0.028356229410267345,0.05329806732096596,7.565569633014652,-0.6139268578318652,0.04729765606834125,0.14349601672718407,35.17541788676147,7.574343709820855,7.5567955562084475,0.9976832113401911,0.00231947552710785
5427,1701,17,1,0.021546419288692713,0.04991631383607692,7.549345071857554,-1.42267326034204,0.03341779634814439,0.1267969205842071,81.51317344306545,7.468035587847231,7.630654555867877,1.0217753338354836,0.021540804728460084
5432,1702,23,1,0.04950598259894543,0.059175094770292945,7.427587241431504,3.064614994437115,0.08410076476814207,0.24030340710490522,-175.58950498251303,7.473191874265469,7.38198260859754,0.9877951393189817,0.01227979728856743
5435,1703,17,1,0.04008496420119494,0.07879124481278311,7.423457461399507,2.93362373408853,0.06765331684697135,0.17814450982727073,-168.0842586442211,7.419075790343658,7.4278391324553565,1.001181190536307,0.0011804933425247981
5437,1704,7,1,0.021898952394641777,0.04980084151553053,7.5466923302693925,-1.3905564133037436,0.034488908038881494,0.13703496496458475,79.67301365512762,7.535459682453477,7.557924978085305,1.0029812773976003,0.0029768400046893033
5444,1705,26,2,2.7559348215755963,0.4753106423385616,11.20032166240771,-0.14041225896893594,4.13070820652599,8.39585870553771,8.051420752537995,16.407597620906394,5.993045703909028,0.36526040206353855,0.9298440018872252
5445,1706,23,1,0.03488199989763445,0.07807650443215088,7.53038865359459,-3.0752788201952956,0.05508219681923145,0.16785414544877825,176.20049722660625,7.596397071363655,7.464380235825529,0.9826211249493798,0.01753121141697094
5448,1707,23,1,0.03155977178761557,0.057054685323931126,7.4942765953100015,-0.004935570078799506,0.04770935091931896,0.17293214363293805,0.2827873368439418,7.591551382458435,7.397001808161571,0.9743728831571365,0.025959753663030646
5449,1708,16,2,2.7643028830581127,0.47324608910900223,11.347247974346056,0.32645222166662113,4.143229903260134,8.384204821999413,-18.710783968883565,16.618703209872827,6.075792738819285,0.36559968982476215,0.9291160724511383
5453,1709,19,1,0.021637865089545894,0.056970690121474356,7.5983419963135095,-2.0096509505894917,0.03833644251755401,0.13915312651450204,115.14451776517733,7.594280796608503,7.602403196018518,1.00106954162317,0.0010689699692321465
5455,1710,2,2,2.7657233944984916,0.4783176127558237,11.637777462834617,-0.6178697047061721,4.145355901994801,8.408021181030064,35.39486693626807,17.097005044777628,6.178549880891608,0.36138200022224826,0.9381907498020337
5456,1711,23,1,0.022706276404800687,0.06738387003995093,7.350147765801707,2.372088562779663,0.03627353938530892,0.13412271389565614,-135.91066327991385,7.377074950106938,7.323220581496475,0.9926997666453582,0.0073269776780588635
5457,1712,23,1,0.031869123958842116,0.06169991132080532,7.566609378964687,1.6442590672656194,0.05200004475849326,0.1435391032608707,-94.20910498208116,7.478405685112366,7.654813072817007,1.023588903187724,0.023313928190221742
5459,1713,29,1,0.031759965133519745,0.06011843747676435,7.516727541059963,-1.7016001209320588,0.052220618463781406,0.17194107492481545,97.49450535383696,7.5396436772141975,7.49381140490573,0.9939211620242773,0.006097370439211664
5460,1714,1,1,0.02485324676911357,0.05632453526003452,7.371224856864168,-1.2146041519632196,0.03831045862852788,0.12314781797990632,69.59169168469427,7.292555987735801,7.449893725992532,1.0215751155728297,0.021344856697759897
5461,1715,1,1,0.0375606829915036,0.06628994061815428,7.5420181260033585,-2.7733345239207052,0.061777043127579555,0.1929994861187401,158.90036339091083,7.614360437672938,7.469675814333781,0.9809984535768345,0.019183807426862785
5462,1716,17,1,0.023601432018176126,0.06517107898249454,7.495525394541649,-1.6234442386416765,0.03750885391199129,0.14726300759846753,93.01650315139956,7.417091604875011,7.573959184208288,1.0211494730940325,0.020928163280923666
5463,1717,1,1,0.038119789607131076,0.07473145913118745,7.546442154214258,-0.905032329974945,0.0605475557909851,0.2286251897069197,51.854532822379504,7.57180239578238,7.521081912646137,0.9933013989952385,0.006721112028655597
5465,1718,23,1,0.0318342613366906,0.05332447739112757,7.426046993301913,0.46796685149630685,0.050715968392486245,0.17538863237792537,-26.812525548203865,7.480201345476469,7.371892641127357,0.9855206164450895,0.01458497427323083
5468,1719,11,1,0.02242153517565961,0.04959498597497729,7.575232820833834,2.760051481682656,0.03680168722052478,0.14924024967907745,-158.1393011369294,7.657018228930855,7.493447412736815,0.9786377919833059,0.02159284342313252
5470,1720,23,1,0.02303343570401038,0.05621255044197998,7.513001142068117,0.7523238117318609,0.04141165427882905,0.10722862460026639,-43.10497923971695,7.645272820468127,7.380729463668107,0.965397787232422,0.03521140910238145
5473,1721,13,1,0.028645275205709246,0.07536319892335187,7.52967188285856,1.4681868720629063,0.046928691237383115,0.16325583653544515,-84.12091130136783,7.602892834298616,7.456450931418504,0.9807386601295399,0.01944864333510855
5475,1722,17,1,0.024852797968885586,0.06056332193841332,7.397455141636867,-2.500394913116502,0.04157010074433056,0.12423367537621978,143.2620756338038,7.3132884082373,7.481621875036433,1.023017479607331,0.022755591426524734
5480,1723,2,2,2.765964056889588,0.46556927386187896,10.877376985689164,0.6441201992155652,4.145715990465583,8.411068576815751,-36.89890779570165,15.845487561735602,5.9092664096427265,0.37293055115026497,0.9134758467198002
5482,1724,11,1,0.03184275897858574,0.06297023041051682,7.510756547716371,-1.1101777608594499,0.05053808582775798,0.16455406904353928,63.60850019924982,7.459522834483083,7.561990260949656,1.0137364585832351,0.013642756999989307
5484,1725,17,1,0.03370779674785521,0.06473791660399596,7.432213227843407,2.1789709908448662,0.056818829983567035,0.18255600037247496,-124.84584146777594,7.433608851799876,7.430817603886938,0.9996245097141124,0.0003755607956027817
5487,1726,17,1,0.03903446270726661,0.05382438585263658,7.489350513403563,1.3989879237467149,0.060218602139671125,0.19962068754302348,-80.15610360752669,7.532219732455758,7.446481294351368,0.9886171087475117,0.011448047190600249
5489,1727,11,1,0.023875903113199273,0.06301978411611496,7.517542794621973,-0.9394082059559987,0.03907003674837116,0.15515229598021113,53.82412543894733,7.569357127071592,7.465728462172355,0.9863094496455173,0.013784911869523674
5493,1728,13,1,0.030992969604632856,0.06017383079381011,7.427423251045327,2.4069218327880546,0.04975452786408786,0.17225907117950662,-137.90646262992493,7.454688366983539,7.400158135107116,0.9926851091297211,0.00734174289431374
5494,1729,1,1,0.028660370019997668,0.06016480286743753,7.565298882550064,1.634389938826895,0.04542232709617676,0.1578961800159384,-93.64364557167293,7.644504455044474,7.4860933100556535,0.9792777745215012,0.020939178669359314
5499,1730,11,1,0.020016329212824934,0.059499970794542854,7.569160031500647,-0.6080233442924844,0.034802883127873364,0.11328571089988483,34.837171473989194,7.590217964541422,7.54810209845987,0.9944512968826058,0.005564139997870061
5500,1731,13,1,0.0344525859917893,0.06953156461475954,7.570072369826282,-0.902511266116384,0.054899748760370536,0.21426095358592726,51.710086504980595,7.479745518877368,7.6603992207751945,1.024152386126225,0.02386419747027757
5503,1732,19,1,0.021566874265215922,0.06332244574941742,7.517266467311701,-2.0904410478118596,0.03516525964200001,0.13767003647453954,119.77344936202802,7.564573121342604,7.469959813280795,0.9874925780286441,0.012586132003332334
5504,1733,29,1,0.022483103971822176,0.07350009120304063,7.50035224318277,-2.7602292591342166,0.037874996497183074,0.15239659378637826,158.14948703413685,7.578463213322958,7.422241273042583,0.9793860660290946,0.02082861380575403
5505,1734,7,1,0.03322164008810531,0.07303985611087604,7.408709677711195,2.0618724568939357,0.058123989917393,0.1996271920429234,-118.13658968224448,7.465310569392929,7.352108786029464,0.9848362928358826,0.015279554509205274
5507,1735,1,1,0.01773602669328487,0.053572768918946564,7.588853805757676,2.6717042428342714,0.032525602005270264,0.12379367726558695,-153.0773772209064,7.630648982162166,7.547058629353185,0.9890454464614497,0.011014885112895464
5508,1736,17,1,0.02431310115233581,0.05700055022407357,7.414500124442575,-2.674273844914679,0.04009918997154494,0.14059153457046855,153.22460457266214,7.454269452601271,7.374730796283878,0.9893297851891258,0.010727446892230312
5509,1737,11,1,0.04257361187777915,0.06734553294259507,7.497487634637795,-0.3520392000737109,0.06624682065286644,0.23691640441427797,20.17036040381687,7.514430790978539,7.480544478297048,0.9954905017260692,0.004519689038890612
5510,1738,17,1,0.0374008148117548,0.0674562524798059,7.3588514623111285,0.23574645563469368,0.06085542314405723,0.16605764100330622,-13.507276938394302,7.353912313165868,7.36379061145639,1.0013432711555232,0.0013423695723598923
5512,1739,14,2,2.7679680680895546,0.4783872180166994,11.514888873503628,0.4614969171704315,4.148715028194112,8.419939675882135,-26.44830079666873,16.918254917852654,6.1115228291546,0.3612383699636501,0.9385007712549377
5513,1740,7,1,0.04752304467428976,0.05612671439124674,7.492772342675407,-0.38308063298087824,0.07687005703564136,0.2567387941052339,21.94890351324673,7.5612637481103775,7.424280937240435,0.9818836089530436,0.01828199291332408
5514,1741,11,1,0.038708185465984764,0.06517334555169933,7.521273735279047,-0.30556525959917274,0.06272202355981135,0.20735465849800333,17.5075997560151,7.478008397927326,7.564539072630769,1.0115713529724608,0.011504789979596818
5515,1742,17,1,0.020703537341426125,0.04540111110495755,7.44569582892117,-0.3081368626755192,0.03424486143330916,0.10483048256603514,17.654941745617254,7.516537085105138,7.374854572737203,0.9811505603226923,0.019028780603365564
5517,1743,26,2,2.7734858994335614,0.46889459656624916,11.35546026713139,1.6947541915330468,4.156972154213062,8.417848757746059,-97.09574844561436,16.582240778475825,6.128679755786957,0.36959297827481435,0.9205757209989023
5521,1744,7,1,0.041347784368958515,0.05262779209205183,7.509784165879156,-1.9995048890249851,0.06618699395500588,0.2088793087676705,114.56319127422755,7.533124635304826,7.486443696453488,0.993803243526257,0.006216016042569252
5524,1745,19,1,0.02727748337374128,0.0756847164312843,7.393252541277911,-1.56367480675129,0.04676096065598359,0.13620819236201806,89.59196696180636,7.373620668050152,7.412884414505671,1.0053248937290262,0.00531075412834905
5526,1746,1,1,0.035546097511977105,0.06086381003979573,7.423662895523252,-2.281561502435335,0.05858592468307178,0.2054179085395995,130.72384480062436,7.4465184769350685,7.400807314111435,0.9938614047671781,0.006157494415755202
5527,1747,1,1,0.024351094177523076,0.05216941571994055,7.587321047480409,-1.5287407194043217,0.035189653985802684,0.12932965307794647,87.59039119117566,7.636972080880542,7.537670014080274,0.9869971939469473,0.01308789573801472
5529,1748,17,1,0.04012810586702732,0.06488491952781297,7.56071398362548,-0.21817830155691206,0.06712017791874669,0.18662207234384187,12.500695870738623,7.50416851388242,7.617259453368541,1.0150704157665045,0.014957706339777678
5532,1749,17,1,0.028410536199661583,0.07582674000593875,7.38367899313582,-0.7448380978822288,0.046841328717050316,0.1866862549404977,42.67607943423893,7.386225600203889,7.381132386067752,0.9993104442767093,0.0006897935488354388
5533,1750,11,1,0.02374843080481653,0.0688079767869581,7.497502049869132,-0.49328320470543063,0.0376453459643474,0.1311973694612231,28.263045736383155,7.472176891103481,7.5228272086347845,1.0067785222793117,0.0067556256996538794
5534,1751,1,1,0.04735702044750266,0.06460769187157245,7.549285387327548,-1.8507390227174068,0.07743571982019803,0.2346624435105749,106.03953500514865,7.5887279586563885,7.509842815998708,0.9896049584215629,0.010449352304272373
5535,1752,7,1,0.03976525259971922,0.06150565861642803,7.593634131156824,1.5098993877627631,0.064436542410789,0.17607038608675285,-86.51086240627934,7.595863699000658,7.591404563312991,0.9994129521191575,0.0005872202440424638
5536,1753,11,1,0.02940724599592074,0.08360372184931605,7.366258182014155,1.0588948711549497,0.04921021300116156,0.18422066666141937,-60.67020706285615,7.382980990951088,7.349535373077223,0.9954699032931471,0.004540380889109743
5537,1754,19,1,0.020846125263326628,0.0778536909017288,7.554416053632645,-0.41664985377469393,0.03256293807291146,0.1122441846515311,23.87227815754654,7.412359992436701,7.696472114828589,1.0383295094520215,0.03760874703945765
5538,1755,29,1,0.03389148824212537,0.060854378774685455,7.491296363007053,2.3461780366936353,0.052146334978017427,0.15848568453781206,-134.42609949455957,7.497043529053616,7.485549196960489,0.9984668180131832,0.0015343582120028712
5540,1756,17,1,0.023907457622109503,0.060182088453907205,7.579575021379494,2.4104996397627994,0.04005934518596733,0.11047942240351749,-138.11145587760058,7.499527205098849,7.659622837660138,1.0213474300689838,0.021121980072723395
5543,1757,13,1,0.024359105714476432,0.06447780560777525,7.500367368224379,1.5429438585344672,0.03893470588349968,0.14488432787627342,-88.40417111730615,7.39233524279125,7.608399493657507,1.0292281456089205,0.028807155737680553
5544,1758,29,1,0.037129377300763475,0.060923724883376905,7.521040769213238,-2.569092673551233,0.05983341568946089,0.20684705687087535,147.19816736025948,7.517501844711201,7.524579693715276,1.000941516098071,0.0009410730803438021
5545,1759,17,1,0.026595148747888063,0.06294037597729649,7.584435083673454,-0.14792303927443404,0.04256210834188708,0.16283980049106286,8.475365846138876,7.673308592583966,7.495561574762941,0.9768356745103653,0.023435762302673104
5549,1760,29,1,0.027521102540943598,0.08104692891844714,7.53525474015788,2.8220150543054605,0.04699136166310543,0.21119726827298094,-161.68955232905975,7.60125532513632,7.46925415517944,0.9826342933751522,0.017517811209938443
5551,1761,17,1,0.025161152027856702,0.049413078053370606,7.478007334240746,-1.39959650650427,0.0388489693426585,0.13997876144915986,80.19097284174416,7.493511442847767,7.462503225633725,0.995861991077142,0.004146588232410519
5562,1762,17,1,0.02194620055777267,0.060483868593879365,7.413324270641228,1.5525814300119989,0.03362458561052182,0.12586298000274085,-88.95636329148093,7.300113613842285,7.526534927440175,1.0310161355802128,0.030542480718748505
5563,1763,28,2,2.7645332063042063,0.4770351142469805,11.659569730001769,0.32908624261772734,4.143575124334298,8.388778326412817,-18.861703861679814,17.11181102787624,6.207328432127294,0.3627511092785654,0.9352388508548585
5568,1764,13,1,0.02046549533707499,0.05970363747353456,7.505513461553685,0.17668039849302636,0.03313163420750641,0.11652270015715323,-10.123041157867801,7.5100486819898515,7.500978241117519,0.9987922260884826,0.0012085037111445192
5570,1765,11,1,0.03543336591951987,0.058214011668426546,7.613238205008059,-1.1082008283590616,0.0572646250628752,0.21110194970804486,63.495230306206324,7.590908672860142,7.635567737155977,1.0058832303509995,0.005865974910184525
5573,1766,23,1,0.02742267258006401,0.05896034961574811,7.388093493213057,-2.044077529878538,0.044881303889582023,0.1341553677041394,117.11701546454228,7.501612688886225,7.274574297539889,0.96973472228409,0.03073030837453545
5578,1767,29,1,0.04387766652579002,0.06496548762923936,7.492395790437259,0.9227715564551872,0.07061468637089728,0.25501061806253983,-52.87091561858269,7.502774442994211,7.482017137880309,0.9972333827610552,0.0027704496257919165
5581,1768,23,1,0.032767790718778146,0.06811288440945065,7.476636376651813,-0.5658387737999467,0.052157356783395864,0.18113810934213045,32.420173625229516,7.504820082138162,7.448452671165463,0.9924891722445345,0.007539140347753655
5585,1769,23,1,0.028531555400904927,0.07691914462106793,7.3690540770222315,1.2696665429110965,0.049181457437542826,0.20206273609847758,-72.74653429599076,7.318469265957636,7.419638888086827,1.0138238774329202,0.013728983540052005
5586,1770,11,1,0.043668147424790985,0.05712458395558746,7.533891289086937,2.7694494031642907,0.07188066690392901,0.2200607444993236,-158.67776235252364,7.498546815105798,7.569235763068074,1.0094270196219717,0.009382793731663123
5592,1771,11,1,0.03995225500416732,0.05795343521924681,7.469777278041809,0.4984180773329788,0.06355663557420924,0.18096624068438977,-28.557252275397992,7.477152984151877,7.462401571931741,0.9980271351607487,0.0019748128586777386
5593,1772,1,1,0.016004535183636676,0.06030465114812497,7.585902438295251,-3.0081838785624306,0.027379718413350455,0.120469611122758,172.3562402405462,7.639690196222942,7.532114680367562,0.9859188641041275,0.014180978035298131
5594,1773,13,1,0.04224233477177511,0.07011089600362579,7.375264161913211,-1.6872755103910262,0.06834501422426113,0.23263765065086037,96.67376563754515,7.331577053575466,7.418951270250955,1.011917520069284,0.011846927073704036
5596,1774,17,1,0.0203199580953719,0.06151217151230274,7.591609895057235,-1.7959567238492447,0.03312380928480067,0.12265601199248352,102.90074046650864,7.701247369186456,7.481972420928014,0.9715273464483448,0.028883853529039744
5601,1775,26,2,2.7646599650041592,0.4683335306670555,11.110953916176433,-1.221665073828067,4.143764371169976,8.402694806902678,70.00270466520095,16.21724867812243,6.0046591542304295,0.37026374037976617,0.9191460608097293
5606,1776,17,1,0.04477001545459387,0.048816288457394066,7.482915929133905,-2.7879358552330373,0.07242227450208932,0.20303328071142634,159.73695803350168,7.51629371897594,7.44953813929187,0.9911185509534391,0.008921065038852666
5610,1777,19,1,0.025617348925484555,0.04293582094804825,7.503444365933269,-1.3387764231993655,0.04149608681859142,0.1376496631189298,76.70623875718508,7.454857948241613,7.552030783624926,1.0130348339375446,0.012950430581519609
5613,1778,23,1,0.026590634305777537,0.055549832883979106,7.5061092324563825,-0.3201685873846619,0.04265008425310801,0.13689707621714473,18.34430879324002,7.439629610389166,7.572588854523597,1.01787175586655,0.017713470456773562
5614,1779,29,1,0.03262257236808309,0.0727741418802734,7.435279862944847,-0.5694180077399894,0.05656776327624202,0.2014517594666439,32.62524863119455,7.386578772439511,7.483980953450179,1.0131863727459445,0.013100001991329345
5617,1780,23,1,0.019570211825956613,0.057764957984678816,7.487629256913626,-1.210742598125552,0.03492621409395066,0.13501358273302774,69.37044094817695,7.4975709357825755,7.477687578044675,0.9973480267264954,0.0026554944236243587
5618,1781,7,1,0.015788122528978644,0.06269405935910771,7.354514952235153,0.07325146847168856,0.02515965242335009,0.11366943986717912,-4.196999987363103,7.261905032349803,7.4471248721205034,1.0255056819037975,0.025184507880347554
5621,1782,1,1,0.021075991592276442,0.05465719824666981,7.5374436088244625,-2.965752753976118,0.032243907737855085,0.14023307032692045,169.92511588122127,7.539859635455534,7.5350275821933925,0.9993591321993026,0.0006410732222904631
5622,1783,11,1,0.04192812540722643,0.0653602425757117,7.4306343107966315,0.4300721680118552,0.06258202534383127,0.2160814177541615,-24.641320123038163,7.429908290445959,7.431360331147305,1.0001954318471484,0.0001954127522109463
5623,1784,19,1,0.021362481062209195,0.06352051973900943,7.488265010792167,-2.1716137853787165,0.036164388635851245,0.10775701264133528,124.42430463623988,7.581344462699837,7.3951855588844975,0.9754451331513506,0.02486008488575732
5624,1785,7,1,0.018559181088671155,0.06903254531069503,7.689473540234218,1.8362924642382574,0.03221251186290881,0.14081136155552484,-105.21180815362007,7.664422510968194,7.71452456950024,1.0065369645867444,0.006515668240470942
5625,1786,1,1,0.03156323862724034,0.05326928589729382,7.510589547083243,-2.4981618006591373,0.052408668689614614,0.1513117512326997,143.13412771336365,7.512460376716402,7.508718717450085,0.9995019395672404,0.0004981844957523938
5637,1787,8,2,2.760767239080352,0.4708892034909053,11.243022539582027,0.43439570915545256,4.137939176177152,8.39198834839159,-24.89546548387098,16.43331116514318,6.052733914020875,0.3683210190079875,0.9232906199891168
5639,1788,7,1,0.023343267475724825,0.09294964904701071,7.45773844091178,1.3267231304648388,0.03868489175003877,0.17336129337860987,-76.01563595593554,7.486255422418663,7.429221459404896,0.9923815098743533,0.0076476217911972295
5640,1789,13,1,0.018231794717325972,0.06145455843510805,7.459375283025054,-0.2340170619605593,0.02703814049782316,0.13054482892636035,13.408189984839284,7.443849342293287,7.474901223756821,1.004171481720769,0.0041627992003830635
5642,1790,7,1,0.033686356156350815,0.047531053000566134,7.451865580045397,-2.487604349475952,0.05273073958789452,0.14851861464337113,142.52923031737063,7.497228865315003,7.406502294775792,0.9878986526663276,0.012175014372529623
5647,1791,1,1,0.016932343514845506,0.06513339505136428,7.453272999984487,-2.938035719193888,0.02738049390834363,0.11158410894870169,168.33704676802054,7.5988630305736,7.307682969395376,0.9616811015007538,0.03906740853029669
5648,1792,11,1,0.03412785800085973,0.04895145113178641,7.475725460984507,1.6791858159022575,0.05351560789247681,0.1677383705705244,-96.21026026880453,7.429449943334416,7.522000978634599,1.0124573199908586,0.01238020788526858
5654,1793,1,1,0.03136016385010924,0.07445169074575776,7.442121632532977,-1.4052563733433308,0.052167093503314596,0.1785502235602785,80.51525932712892,7.4400552720259325,7.444187993040024,1.000555469127982,0.0005553148978411341
5656,1794,29,1,0.017073559740788034,0.0669592310247555,7.471364808647892,0.41776362428262204,0.030024581213272485,0.11781154249538776,-23.936092506659072,7.496467036760072,7.446262580535714,0.9933029177640382,0.006719583036053656
5661,1795,13,1,0.021126205992859498,0.062496161147046494,7.6043674430721815,1.833583456301442,0.03500838500558133,0.12756839738151085,-105.0565934322551,7.604998440613345,7.603736445531017,0.9998340571543594,0.000165956615297143
5662,1796,19,1,0.03789120366700504,0.08095130283087178,7.388791474161233,-2.5917834092390204,0.0678913956250843,0.22037598681692885,148.49825074663943,7.414530658204521,7.3630522901179445,0.993057096873743,0.006967089038389794
5669,1797,13,1,0.020905768738141345,0.05132101809090497,7.421942506415382,1.4473924905778282,0.03137822204472651,0.12265562637877706,-82.92948100910945,7.408393878274703,7.435491134556061,1.003657642496685,0.003650965533340624
5672,1798,13,1,0.021605412619628422,0.07107288176518162,7.514590943569375,-2.9667867546984725,0.03414496374667204,0.17567115907811007,169.98435975925963,7.486661261666166,7.5425206254725845,1.0074611848798922,0.007433453693739697
5674,1799,7,1,0.030732395402794252,0.05923080720188885,7.334668726559741,-2.16339399471434,0.05079778647702813,0.16798575193000698,123.95334532825177,7.38541406221337,7.2839233909061125,0.9862579578541814,0.01383711727017031
5675,1800,7,1,0.018270174415894062,0.06356209690040496,7.494847260113072,-0.7430464115438725,0.03177860393795966,0.11517540259702662,42.57342336433031,7.5738861460297455,7.415808374196398,0.9791285782773204,0.02109152679796747
5680,1801,13,1,0.03557105458768485,0.07822302326980615,7.545188341020559,2.7777089020589223,0.05948384663333111,0.23342358583398393,-159.15099679377377,7.5361909695389215,7.554185712502195,1.002387776933468,0.0023849295935321735
5683,1802,7,1,0.029397196228821403,0.08298125192983613,7.63778242698007,1.2323776787960636,0.047696940336844906,0.15309318037722716,-70.61003975818882,7.57529201343648,7.700272840523661,1.016498483077022,0.01636349664081729
5684,1803,23,1,0.026629949448066893,0.04700573764521645,7.49504767508741,-2.782426984072084,0.042188669838081165,0.1269982094615652,159.4213229865592,7.447504117232435,7.542591232942384,1.0127676486260588,0.012686659222463266
5688,1804,1,1,0.015468786551756786,0.06618943765325111,7.581721951351352,1.8247049563286468,0.02384662658391346,0.08473832179315621,-104.54789285446083,7.58608895278521,7.5773549499174955,0.9988486817222848,0.0011519814263510147
5694,1805,13,1,0.041371465751267024,0.0633850813067146,7.452585179971302,-0.19939163074995087,0.06584342359666248,0.1956656120093828,11.424298929346367,7.446946905871812,7.458223454070791,1.0015142511879718,0.001513105577013021
5697,1806,23,1,0.030680610872364303,0.0684186343140599,7.548242935151463,-0.5569427955246476,0.05078320105817767,0.17402008298137855,31.910471620610316,7.472488935798926,7.623996934504,1.0202754396837226,0.020071955818951732
5698,1807,4,2,2.7676735426627825,0.4728900200753578,11.431405723019708,3.040121541177087,4.148274132527263,8.408838829491803,-174.17966040801733,16.737520136347005,6.125291309692415,0.36596169921198796,0.9283397933540647
5699,1808,4,2,2.7616386267721773,0.4711819895390248,11.204417487143788,-1.4949180105204285,4.139242992259891,8.401757774557364,85.64606193112593,16.38391409189144,6.024920882396134,0.36773391563240226,0.9245454501656565
5703,1809,23,1,0.022189162984368325,0.05417644991288018,7.5153064959797184,-2.7783253701365136,0.03595092601027681,0.11828831718520898,159.18631782096654,7.482037110191915,7.548575881767523,1.0088931357323756,0.008853766857173694
5706,1810,7,1,0.042159253323356335,0.05762339395187552,7.485543413889788,0.43888771186865144,0.06798050289212385,0.20842252435812464,-25.146413589200993,7.473036100071025,7.498050727708553,1.003347317917719,0.003341725009718387
5708,1811,19,1,0.03286309613239637,0.0575367763934708,7.385876985084561,2.6679846172592705,0.050290073062541955,0.19621567848008054,-152.8642583708272,7.295350501897748,7.476403468271373,1.0248175829696637,0.02451340128453981
5709,1812,19,1,0.021090543275220305,0.06295566042991617,7.499269697501039,0.21962969604440022,0.03571249720325119,0.13445865146812072,-12.583854640667232,7.5374764995139385,7.461062895488139,0.9898621768133238,0.010189472723092325
5710,1813,29,1,0.03280445203590923,0.0617901321721357,7.567919319418548,0.363601572004438,0.05300481491908904,0.17784537046471952,-20.83283550749584,7.583250117022883,7.552588521814213,0.9959566683499149,0.004051522474611415
5711,1814,14,2,2.7652444515905192,0.4684506755179168,10.975550454172893,-1.5126211696016885,4.1446390650331955,8.40481178867488,86.67326506859386,16.020999087010743,5.930101821335043,0.3701455688954479,0.9193978295493281
5712,1815,19,1,0.03290941894985882,0.04937110662330056,7.4776185974325715,-0.9926467464962997,0.051724021840560686,0.16924084235837425,56.874469114357275,7.4372541927399105,7.5179830021252325,1.0108546524420434,0.010796058709525533
5713,1816,23,1,0.040886302902341146,0.054793835718046684,7.521309274428853,-0.7292518258802706,0.06169551183095959,0.1977869184444043,41.78305182296532,7.4997960375550985,7.5428225113026075,1.0057370191845292,0.005720609561129411
5719,1817,7,1,0.03833853743905143,0.05775858318849074,7.514106139809998,2.8797144475958736,0.06208896586117415,0.18605467133500272,-164.99548403820611,7.482045334593045,7.54616694502695,1.0085700644097197,0.00853349809556013
5720,1818,7,1,0.0280118881208244,0.07661504454393128,7.350782676412941,-0.8845922920810768,0.04482027836181872,0.15934344803043848,50.68340492762729,7.500718460101755,7.200846892724129,0.960020954129565,0.04079450863645427
5722,1819,13,1,0.04514333089118981,0.06615908617279735,7.570116204370544,1.2326278859903919,0.0784900815121552,0.23592013069336554,-70.62437555150753,7.547680284467733,7.592552124273355,1.0059451166602755,0.005927496830196034
5723,1820,1,1,0.02861180181701521,0.06164224490692849,7.592073651340613,-0.25108562647125937,0.0435336059872191,0.14900454227240395,14.386146694537613,7.581780364221607,7.602366938459621,1.0027152691385208,0.0027115877931952162
5724,1821,23,1,0.026223961334570153,0.07516079435775738,7.805512499651482,0.6914898706112854,0.04262609985660895,0.13580454989676924,-39.61945116002598,7.803205643512456,7.807819355790509,1.0005912585786958,0.000591083837001018
5725,1822,22,2,2.752246411140089,0.4776924646230998,11.297022991042562,-0.9248499841805202,4.125187876972463,8.395500618651528,52.98363544487035,16.580954811797536,6.013091170287589,0.3626504769200147,0.9354556195813033
5729,1823,29,1,0.024831403770789018,0.07754979495788121,7.496878478030949,2.7133795092378308,0.04186968730830166,0.13918649837294889,-155.46519409552164,7.4570545329878035,7.536702423074092,1.0106808780509717,0.010624140476558476
5731,1824,17,1,0.02146805984482706,0.06359717775521427,7.508298713589285,-1.8149346752620643,0.03630687130898116,0.12887655511475304,103.98809698654124,7.567191269827238,7.449406157351334,0.9844347647263061,0.015687323715920385
5734,1825,1,1,0.024393055670939738,0.05921304510124123,7.301000989331663,-1.525178614754218,0.038618281062990395,0.15538478380968201,87.38629763157783,7.261565803574853,7.340436175088473,1.010861345011126,0.01080267919821771
5736,1826,17,1,0.046228600634267245,0.057274567458687864,7.500761898395017,-3.076792415304919,0.0719740829180739,0.1886598532547107,176.2872198222837,7.5069942060417825,7.494529590748249,0.9983395997184198,0.001661779891480114
5737,1827,29,1,0.051755417088136864,0.08206240895081245,7.486474997477384,-0.6585650476729719,0.07716909838282107,0.2957917987275433,37.73299776396276,7.46973080476728,7.503219190187489,1.004483211817866,0.004473184700609277
5740,1828,16,2,2.75177376536382,0.4734733868396161,11.0577037865765,1.68704312190776,4.124480691418196,8.377188837859004,-96.66681274095461,16.183434004623976,5.931973568529021,0.36654603508959355,0.9270876335591226
5752,1829,14,2,2.7655791058731545,0.470078062473706,11.238083344448018,1.11965273723139,4.145139996925909,8.41944135324105,-64.15783476451759,16.419573356470345,6.05659333242569,0.36886423300633514,0.9221305543319632
5753,1830,1,1,0.03743271750781403,0.056865872597550986,7.483406074660632,-3.0202465707886277,0.060251998670289825,0.21807365998837835,173.04738158587614,7.424661242365545,7.542150906955718,1.0158242458147142,0.015700025285010497
5755,1831,7,1,0.0361949117886912,0.06780305645360347,7.54678023107467,1.6752724656887343,0.060675130551491804,0.19819955191425315,-95.98604182621678,7.442395292191047,7.651165169958295,1.0280514363415096,0.027663436773687437
5756,1832,11,1,0.037594873184418745,0.06396148792962865,7.5436704160713814,-1.2702565747020393,0.06394000421010496,0.20940050596175452,72.78034061479993,7.501129695506466,7.5862111366362965,1.0113424836769318,0.01127852045982401
5759,1833,7,1,0.02060916582461025,0.04875217036125875,7.410431755535171,-2.512954325712481,0.0371723494688874,0.10872589293567862,143.98167697231946,7.463345075192139,7.3575184358782035,0.9858204815337162,0.014280765656453021
5764,1834,7,1,0.04307740592679562,0.06399222043043554,7.416554420039476,0.24362666559409074,0.06999430686595677,0.18676522049029493,-13.95877972649224,7.426765876698577,7.406342963380373,0.9972500932899634,0.002753692909340968
5766,1835,7,1,0.03332833359246043,0.06200276283999262,7.51625900572786,-2.4664682883311992,0.05296782512310502,0.18686842798520428,141.318223219099,7.490968983321471,7.541549028134248,1.0067521364626382,0.006729417490034805
5770,1836,1,1,0.030255838824199764,0.047726081972745894,7.370516095895436,0.10266142204585438,0.04865690672708363,0.15764580677333717,-5.882066209157481,7.352471454160869,7.388560737630003,1.0049084561149448,0.0048964391366341
5772,1837,14,2,2.764053174155606,0.47089156705831214,11.293375684013064,1.9991194252518056,4.142856392958956,8.404700458298855,-114.5346581050743,16.50971383866022,6.077037529365911,0.3680886046089742,0.9237872360929988
5773,1838,1,1,0.03510133543061261,0.04830416152112182,7.400956305326847,0.16527472110263916,0.05159246159577109,0.1631442812782084,-9.469543983713955,7.416863853532765,7.385048757120929,0.9957104381258554,0.004298781819443633
5776,1839,11,1,0.03376589449025671,0.05442700233075208,7.475564133964365,-0.274603778623203,0.05365566089389379,0.16315425610044437,15.733637561352042,7.415075494360905,7.5360527735678255,1.0163150434946917,0.01618303007491759
5778,1840,16,2,2.7655404124049348,0.47192833072687035,11.205697329292402,1.6399908545624295,4.14508193729579,8.383047483543685,-93.97101253600587,16.396446845045716,6.014947813539091,0.36684458958597743,0.926448281301399
5781,1841,13,1,0.02788375901648762,0.053475211652274465,7.5132652747935795,-2.0460326258052004,0.044680525325617594,0.1703015725412245,117.2290342080429,7.539160588894672,7.487369960692488,0.9931304516475651,0.006893225023737359
5785,1842,7,1,0.02530399648229048,0.07706463017918912,7.531750756213425,-1.584001215546061,0.04137440949494617,0.13232151590141053,90.75658439664511,7.462466886942806,7.601034625484042,1.0185686235718767,0.018397812544038578
5802,1843,19,1,0.03449188354715555,0.06381416020078262,7.554264070805703,0.8508372609461133,0.053425252639222945,0.15212948072634885,-48.749384099313275,7.56711710380521,7.541411037806195,0.9966029247801532,0.0034028550972105354
5803,1844,29,1,0.03580700786157366,0.06869678115484668,7.455292545828514,-0.9540938934683266,0.05294055518765134,0.18276723407074744,54.665553354230546,7.552839226578625,7.357745865078404,0.9741695333837264,0.02616843809963998
5808,1845,13,1,0.028715708353333667,0.05593880224254103,7.6208510976065424,0.14423757425064346,0.04396153981508917,0.16483002635845873,-8.264204254607161,7.61173418003037,7.6299680151827145,1.0023954902681942,0.0023926245138250713
5815,1846,19,1,0.03631149228726837,0.06098133870634816,7.667175537145266,1.6730959798482004,0.06197460158765612,0.23577614353689375,-95.8613383774256,7.689691893480538,7.644659180809995,0.9941437559144961,0.005873442241197218
5817,1847,13,1,0.027491555123665815,0.08043703751288528,7.379268079720563,-0.31297573867139106,0.04751719495281419,0.145780292541745,17.932188919108494,7.42216182010419,7.336374339336938,0.9884417124219952,0.011625472857262044
5819,1848,19,1,0.03583530869171653,0.057566347036756546,7.462004293784188,-2.6185887262164393,0.05781987711682086,0.1931447089719253,150.03408228023872,7.499306593205579,7.424701994362801,0.9900518004010704,0.009997930302040051
5821,1849,28,2,2.760213091035666,0.47374304735069206,11.424884870485915,-2.339943756541183,4.1371099463836005,8.399884740813025,134.07532240247224,16.729548202495693,6.12022153847614,0.36583304368991465,0.9286156302044488
5823,1850,1,1,0.02962092078248016,0.06469524615781676,7.51346344169737,1.4013191502152893,0.04353165702592987,0.14081534628507425,-80.28967305695419,7.492074398757834,7.534852484636906,1.0057097785742977,0.005693524193072689
5824,1851,13,1,0.024364537241085612,0.05987807023243687,7.401269324357478,-0.09412489931661726,0.040740192542384375,0.16924764460268352,5.392959476327701,7.397847897474935,7.404690751240021,1.000924978974956,0.0009245513796621664
5825,1852,11,1,0.03425690473416019,0.06975700678095602,7.360910410721557,-1.619380581228004,0.05983757100340835,0.19040987701639162,92.78367274172925,7.363352869924568,7.358467951518545,0.9993365904782351,0.0006636296508795644
5830,1853,13,1,0.04084943721042726,0.07828334440034952,7.543906489431813,-2.182008269446848,0.06695363171503539,0.2665312742962077,125.01986472002066,7.456021236341142,7.6317917425224815,1.0235743033193927,0.023299666615376892
5831,1854,17,1,0.022467026637357234,0.07652228386727528,7.54859661113386,2.387562048251754,0.04186891812700731,0.1551850180732951,-136.7972286919589,7.464078258641404,7.633114963626316,1.0226466951614839,0.022393129967441836
5833,1855,1,1,0.034126540328548186,0.07414561368364873,7.503798651717106,-1.7350244667801258,0.058857031043265465,0.19495208211680917,99.4095793104722,7.5471458537766996,7.460451449657512,0.9885129549900239,0.011553402235726179
5834,1856,23,1,0.023999653405954405,0.056054381178913384,7.403072703491293,2.5493874699428876,0.039136415153353185,0.12155595394313841,-146.06914236875394,7.403901481264261,7.4022439257183255,0.9997761240408006,0.0002239010222273746
5835,1857,23,1,0.032571906938212956,0.05368084330259047,7.434924610039957,-1.5791792907748574,0.049040630546101784,0.16046280062506113,90.48030846090374,7.376090289757213,7.4937589303226995,1.0159527115237303,0.01582647393715183
5836,1858,7,1,0.03970284665838554,0.05282031742371059,7.522368212443636,-3.0382002551343894,0.0606067498934664,0.1696467389117452,174.07605192394905,7.522584852592029,7.522151572295242,0.9999424027371872,5.759892158297405e-05
5840,1859,23,1,0.02451180967299184,0.06470935673288683,7.625535894164442,-2.648499758312829,0.04049541823324302,0.17613468165927296,151.74785819041816,7.553768671909192,7.697303116419691,1.0190016997799087,0.018822866550315554
5848,1860,17,1,0.025335646994031256,0.0583054186410335,7.538575437998264,-2.2714747731379035,0.04173798934075437,0.1526743039471679,130.14591777473908,7.548411421826382,7.528739454170148,0.9973938930250473,0.00260950730254383
5849,1861,13,1,0.04029604635208604,0.06914222064759852,7.621785726064698,2.4958151914692084,0.0641740033137995,0.25482433073550065,-142.99967690509254,7.599345811038611,7.644225641090785,1.0059057491484311,0.005888361555310598
5851,1862,13,1,0.031191505882095513,0.06739686217064672,7.450037481574598,-1.4231817614721782,0.048578020771758566,0.17893688119807358,81.5423084077591,7.5093872890765,7.390687674072699,0.9841931691049592,0.01593275406967663
5852,1863,17,1,0.022967290931144014,0.09079546360491197,7.462454343434626,1.2609431630590804,0.03735936953244438,0.14811945724741418,-72.24672144607759,7.457265546687546,7.467643140181704,1.0013916084158714,0.0013906408021494934
5854,1864,11,1,0.027149099039552645,0.0643270754345405,7.623498791427712,-1.475225679164024,0.04202764193136101,0.16581970382949665,84.52420524296416,7.480345405485718,7.766652177369708,1.0382745389904091,0.03755582308295628
5860,1865,29,1,0.043940727089186817,0.07758078598689402,7.373635846531822,-0.21861109728111958,0.06888891964603974,0.22545027482155872,12.52549322256034,7.295308549263746,7.451963143799897,1.0214733336469999,0.02124523068356213
5863,1866,23,1,0.02609552891695568,0.05845225411167562,7.497199145636802,-0.5223698484877171,0.04484026567581362,0.14139948631025365,29.929587666547494,7.467284446643973,7.527113844629631,1.008012202884885,0.007980233260907531
5864,1867,26,2,2.765779789195114,0.47379750992005326,11.106220398631452,-1.5522055182910375,4.145440606155952,8.428618592533995,88.94128491982899,16.261182602638538,5.951258194624368,0.3659794210575261,0.9283018018699316
5865,1868,23,1,0.03436952915122422,0.05741214638588664,7.44659118701601,1.528899702648807,0.057323392282592416,0.1710043519312661,-87.59950026762678,7.50199994849538,7.39118242553664,0.9852282692989134,0.014881644523733558
5867,1869,11,1,0.03128075541104505,0.043904870368642206,7.497656799857979,-1.429690984976602,0.044783382717474444,0.1530890822507256,81.91525944624757,7.472779568733701,7.522534030982255,1.006658093121966,0.006636001563781451
5868,1870,23,1,0.03046540860729271,0.056980050075828056,7.412000113919388,1.2597718660468324,0.05145916124729879,0.17421575159185368,-72.17961106812247,7.3517999727081795,7.472200255130596,1.0163769801775584,0.016243966617905215
5871,1871,17,1,0.01763395164712027,0.06292834145070011,7.549155355711869,-2.181072965240381,0.03424500929590265,0.11757173577756738,124.96627571884031,7.55366157451053,7.544649136913207,0.9988068782922794,0.0011938339022926642
5874,1872,7,1,0.02554909193192892,0.0677893523358038,7.4109839586333095,1.157525954908239,0.040734367949237765,0.14203816243030057,-66.32135188957984,7.527607912373164,7.294360004893454,0.9690143389248104,0.03147327113129046
5880,1873,8,2,2.7632272950049934,0.47033087167024296,11.00932245134233,-1.2514017932660058,4.141620663468621,8.415147437623364,71.70648314748452,16.084204556030034,5.934440346654623,0.3689607606009821,0.9219245102715551
5883,1874,11,1,0.031178878518560698,0.07009095167153187,7.380592258281865,-0.10798968665147235,0.049554796104046804,0.17691628621916144,6.187353282249479,7.364747223501938,7.396437293061792,1.0043029405624033,0.004293702788457691
5884,1875,1,1,0.0350349090221252,0.06131744429968952,7.420588287752314,0.24334948897503308,0.05609921370226867,0.1731646769361246,-13.942898669077541,7.443258152567213,7.397918422937418,0.9939086178793681,0.006109991266410547
5885,1876,19,1,0.028254480749601255,0.05816382192522912,7.555553354933224,0.8506720602958638,0.04582437851692201,0.18303145851505576,-48.73991880204177,7.440171156113106,7.670935553753343,1.0310160065942344,0.03054235564223296
5886,1877,23,1,0.025683826738325786,0.06940593918874449,7.490067123845249,-0.6905731959903705,0.04089574048257466,0.13975631803143565,39.56692957739625,7.608318024031913,7.371816223658586,0.9689153634710979,0.031575391309966255
5887,1878,11,1,0.044349661252657456,0.0707839177356454,7.453302193354284,2.6392667208210896,0.06693176756540278,0.23670525214049212,-151.2188441053354,7.378228838158682,7.528375548549885,1.0203499665955975,0.020144991642104756
5892,1879,1,1,0.038939198718952975,0.04697229915983594,7.471561457660864,-0.9608004568575595,0.061494114600227065,0.18074964821877876,55.04981111982477,7.453163200675893,7.489959714645835,1.0049370331735934,0.0049248760354120074
5893,1880,7,1,0.031266891504501224,0.06790206350842933,7.583013727275317,-2.7876489130756164,0.04749563688694479,0.1707045667353541,159.72051747905954,7.547959519732919,7.618067934817716,1.0092883930950491,0.00924545538307867
5894,1881,11,1,0.026816415095407768,0.06988938116639182,7.447618131458073,1.7209682840668952,0.042900453441351995,0.15634195692921257,-98.60421935621883,7.347189035783335,7.548047227132811,1.0273381003770596,0.026969453562753033
5895,1882,29,1,0.023609223894366076,0.06427805128536178,7.532373314832357,1.7990945230201922,0.03786351526089557,0.12843634628298356,-103.08052311574922,7.611671294043544,7.453075335621171,0.9791641083415569,0.021055244050381002
5899,1883,17,1,0.03280054811196795,0.06528192649613675,7.509700921271564,-2.9675052821980907,0.05230787188150353,0.17959073506440054,170.02552835248053,7.570301137883829,7.4491007046593,0.9839900116234466,0.01613918243817453
5900,1884,13,1,0.027244103446823265,0.057293048689462646,7.483960788377684,-1.9179421870704392,0.043295657930571635,0.1390035996427784,109.8899926735344,7.564995832870115,7.402925743885252,0.9785763148367295,0.021655657153702875
5901,1885,23,1,0.031380130951482225,0.06851889356842335,7.422496968781432,1.7221169720326754,0.048192286502115295,0.1590615094481753,-98.6700343239327,7.410274132398902,7.4347198051639625,1.0032988891272159,0.003293456752879469
5902,1886,7,1,0.03171310876269508,0.060200665590347154,7.508630515756583,0.8306097351019199,0.04880829037868209,0.1590147348371382,-47.59043223991446,7.457671711156196,7.559589320356968,1.0136661431540772,0.013573395173314552
5908,1887,17,1,0.031945856767669645,0.069767090866988,7.652900073734951,-1.6697137891320877,0.0492473773111733,0.16787645110240926,95.66755311210694,7.598876992535157,7.706923154934744,1.0142187013299107,0.014118329176988157
5910,1888,23,1,0.029768527574245748,0.07235744555287153,7.597357113933447,-1.0456513429131162,0.04722392468853332,0.14982619716509338,59.911408788176345,7.675171037714292,7.5195431901526035,0.9797232078872297,0.020484471800893633
5911,1889,11,1,0.028803234293169583,0.05685441525682259,7.547414613840969,1.2948726054011448,0.046905153478154764,0.1486059388334682,-74.19073529291657,7.587276123198838,7.507553104483102,0.9894925375824961,0.010562957356222948
5913,1890,17,1,0.035825306041367265,0.0758960810259165,7.527107375231153,1.4058658470439611,0.06061009499762054,0.2090360597108223,-80.55017958534295,7.544379366057243,7.509835384405064,0.9954212295039675,0.004589277119368645
5916,1891,29,1,0.05372727567407615,0.06401198849713981,7.478118792913986,-0.08613043574986222,0.0882828542878671,0.28727517791718643,4.934910491680602,7.525649825997168,7.430587759830804,0.9873682581086919,0.012712029428636784
5920,1892,7,1,0.04259998774643652,0.06644798789952994,7.4696171587524605,2.681670423683215,0.07104867379659166,0.19740260121429204,-153.64839730132954,7.477159373001364,7.462074944503558,0.9979825990399144,0.002019437968133474
5921,1893,29,1,0.03126983556690989,0.041568254138694374,7.445927576919531,-1.6617874072467176,0.046802342572918876,0.15910718400681412,95.2134048833142,7.395807330734941,7.496047823104121,1.0135536916913193,0.013462458684113367
5922,1894,2,2,2.768737605263968,0.47508904118073986,11.34077481511543,-0.5242909470894759,4.149866737181852,8.436310048044154,30.046139104881497,16.622687954757023,6.058861675473838,0.3644934978003924,0.931490700723843
5929,1895,11,1,0.03167215361714914,0.05040039125918175,7.409255733339106,0.02072893600150394,0.049911661737203614,0.1444659376464649,-1.1876805521574236,7.428752923258869,7.389758543419343,0.9947508848063263,0.005262928051472767
5930,1896,13,1,0.022233705334374288,0.0492803101782367,7.513977211901762,-0.8053420887818284,0.036543868289078234,0.1105249812051117,46.142702752285885,7.5152396650738655,7.512714758729658,0.9996640284998571,0.000336027948049743
5932,1897,11,1,0.03605328062352803,0.06185483306311295,7.3399901838742245,0.7217368151635478,0.055736690670806825,0.21100341764125854,-41.35247342001744,7.314049718550078,7.365930649198371,1.0070933248534955,0.007068256135038757
5933,1898,29,1,0.05113689946107265,0.057582659494254146,7.382480546181093,-0.9312939125272526,0.07583892955959551,0.2586773387051373,53.35921068163264,7.399225552591539,7.365735539770648,0.9954738489071789,0.004536417347989577
5934,1899,28,2,2.7594070342668813,0.48219990596023077,11.913023005251883,1.5877438619910387,4.135903867222218,8.390318122001341,-90.96460706338915,17.54115088028342,6.284895130220343,0.3582943430060043,0.9448698071934164
5935,1900,7,1,0.025925615083345278,0.05256347707118491,7.484460721654823,-2.2113594073887786,0.04333968283909664,0.11289812287124121,126.70156103226748,7.4972632569547235,7.471658186354923,0.9965847443630783,0.0034210975983502813
5939,1901,11,1,0.02101452953452018,0.058349816749100135,7.547041721062012,-3.1140915968151006,0.029979611155956095,0.1309633098712478,178.4243055139223,7.499569665565702,7.594513776558321,1.0126599412001671,0.012580308219000826
5942,1902,29,1,0.04568102745738895,0.07189177598514569,7.523251886961038,1.6148176679306006,0.07478330258473054,0.21400963748335777,-92.52223703944303,7.493901212444524,7.5526025614775545,1.0078332162873391,0.007802656339975626
5944,1903,26,2,2.7629428698760914,0.47444469286940816,11.391755491448558,2.670608296348583,4.141194914151523,8.394995651724322,-153.02102404667156,16.69196653356679,6.091544449330327,0.36493869293833686,0.9305345512545345
5946,1904,23,1,0.03206092271169805,0.06113445675807994,7.376686234410095,-1.0029596701326537,0.05069943535987833,0.1746950303076754,57.46535611313558,7.3564235306286685,7.39694893819152,1.0055088464379631,0.0054937144233968335
5951,1905,13,1,0.04423604685139098,0.051281974535966515,7.478354242937058,-1.3598691433532133,0.06983132834270493,0.20194097662244315,77.91476258659222,7.52926706431485,7.427441421559267,0.9864760219174336,0.013616049661160819
5953,1906,1,1,0.02560447438656661,0.0557603512816181,7.414530076231202,1.1656659308413737,0.039336825305565565,0.1302766905314628,-66.78773815721762,7.433637091812156,7.395423060650246,0.9948593090179232,0.00515393838436414
5954,1907,17,1,0.03547542983685415,0.05289540339061324,7.484008023444373,1.476055382677595,0.05485272308247948,0.17759247102364412,-84.57174374772165,7.534563364773574,7.433452682115171,0.9865804190948706,0.013510231728996553
5955,1908,1,1,0.02868904826325201,0.06558906707027745,7.612188358653144,-2.089863358393059,0.044200134690617045,0.13781534927895092,119.740350199164,7.617762276554708,7.606614440751583,0.9985365996734455,0.001464471880868849
5958,1909,16,2,2.7581291742149134,0.4677217418764482,10.903531795058447,-2.420039163460216,4.133991429174712,8.406999522764774,138.6516240204001,15.899533900224576,5.907529689892319,0.37155363968303984,0.9164007037481837
5963,1910,13,1,0.03847575339875083,0.05933962212230013,7.47163364601046,0.21170670424665222,0.059969207137803224,0.20240636231034745,-12.129900649144302,7.467558549438324,7.475708742582596,1.0010914133568978,0.0010908180901809258
5964,1911,26,2,2.7728082994968357,0.4737840253256085,11.479347404578098,-0.8339565613532139,4.15595808569778,8.427528377126633,47.78870053267657,16.819376042621627,6.139318766534568,0.36501465636876473,0.93037146622357
5969,1912,14,2,2.757482850465182,0.4750358478911279,11.1385214783843,-2.9235772644050066,4.133024306787308,8.407056994622627,167.51504008042906,16.31949860490521,5.95754435186339,0.3650568253409887,0.9302809419679706
5970,1913,7,1,0.022770093479405288,0.05357642438675653,7.459180399884516,0.7984644486896836,0.03623833279090687,0.12272797247634823,-45.748642999392736,7.481759750664763,7.4366010491042704,0.9939641604294391,0.006054110390089416
5971,1914,7,1,0.0187891164313477,0.06447605255690188,7.511439963205452,1.9613932456320593,0.03525543368070494,0.10307526592288449,-112.37955494169736,7.514157427715623,7.508722498695281,0.9992767081242808,0.0007235535459198943
5973,1915,23,1,0.023607044772918667,0.06382879869810394,7.478076681827929,0.7620862523096054,0.04127899939890283,0.12400940227998336,-43.66432588338594,7.511510626611693,7.444642737044164,0.9910979438236259,0.008941856631401008
5974,1916,23,1,0.04168786696358197,0.05126447541674917,7.426240645613614,-0.5931751096246349,0.06623520037198913,0.22688147077526544,33.986430308513434,7.402563733909328,7.4499175573179,1.006396949099088,0.006376553853872573
5980,1917,1,1,0.03729188341692695,0.058613040114554156,7.472169573403262,3.1026437796030324,0.06094087263277997,0.17237574080751047,-177.7683938949758,7.466551523448242,7.4777876233582825,1.001504858015746,0.0015037265682559867
5983,1918,17,1,0.028993836273523504,0.060459892942140964,7.5180332160464625,0.12754059964918305,0.04401652332185087,0.1617877833904335,-7.30753807929544,7.529464914267435,7.506601517825488,0.9969634765946483,0.0030411406527371225
5984,1919,29,1,0.039820815121398935,0.04559591891037378,7.502843406564164,-1.1724541502332393,0.062481133721659775,0.1936826082300975,67.17667446503553,7.533845410909038,7.471841402219291,0.9917699388150486,0.008264068077910296
5985,1920,11,1,0.03489678513731817,0.06755461843968291,7.5615775304935315,0.33978293969635914,0.057455562990170926,0.1814568642552741,-19.46812840570819,7.674605355579952,7.448549705407108,0.9705449805300429,0.02989530283346707
5988,1921,16,2,2.77542368596649,0.47930610040626503,11.402532455976564,-2.540767195866455,4.159872033693589,8.43096151980794,145.56870931492932,16.766212474962554,6.038852436990569,0.36017988236809917,0.9407875030734343
5992,1922,17,1,0.03545779444534776,0.054894373162797876,7.484828738216004,3.0610612547030174,0.05607297454519061,0.2098711380158306,-175.38589071806297,7.460151023973314,7.509506452458694,1.0066158752452565,0.00659406249783394
5993,1923,29,1,0.04585207439597738,0.06173964321264733,7.465414906013412,2.2432222054135993,0.06900370456373996,0.23460315412308294,-128.52716488849268,7.512770891333201,7.418058920693622,0.9873932039177663,0.012686765817032883
5996,1924,28,2,2.769876176261793,0.47784573758717314,11.574120196028623,1.6114579953663972,4.151570479124629,8.418050562414555,-92.33623058823765,16.99905221959992,6.149188172457326,0.3617371188122657,0.9374245180955925
5997,1925,19,1,0.03750454268341037,0.052762739235413365,7.403822481125847,-1.5380493791975733,0.06270518298629629,0.18890824811390894,88.12373812269907,7.482308253164742,7.325336709086952,0.9790209733725689,0.021201419196360958
5999,1926,17,1,0.030581355817809294,0.07079935186160442,7.417937717621305,-2.0269393140669183,0.048066848424664306,0.17239599317465473,116.13506802897828,7.431821800137812,7.4040536351047965,0.9962636126403757,0.0037433807198262747
6004,1927,17,1,0.042329716689436414,0.058216217066219614,7.50891270057612,2.598953541296006,0.06346067163121984,0.20949896636264792,-148.9090690597395,7.530764268562953,7.487061132589289,0.9941967196933647,0.005820168340792008
6007,1928,29,1,0.034163387493731726,0.07513327476931253,7.363443924157078,0.5334858457161826,0.050058756155077565,0.23154654028103194,-30.56648739093323,7.333114321215458,7.393773527098698,1.008271956937552,0.008237885221647066
6009,1929,23,1,0.04055424038119736,0.07909521868541297,7.469378144783398,-0.5120676817719452,0.07026904996105833,0.2329584378794525,29.33931700791122,7.54239330414544,7.396362985421356,0.9806387292686232,0.019550532305834784
6011,1930,17,1,0.04291933551270799,0.06151737175204672,7.550371313361022,-0.33267934620820894,0.0695305420569378,0.2191293364955955,19.061122489735283,7.5550532517566955,7.545689374965345,0.9987605809675567,0.0012401875884938305
6012,1931,23,1,0.02832500215932963,0.04142906399324288,7.561854743909494,-0.9554025333273821,0.04693603880377228,0.1347826192253217,54.740532891828025,7.520244252107906,7.603465235711083,1.011066260724158,0.011005366596099294
6014,1932,11,1,0.025745897022224077,0.05779204092548458,7.581135244502819,1.7087388179208645,0.04204908197271475,0.18007752653707515,-97.90352255939725,7.508778928968174,7.653491560037463,1.0192724586032227,0.019088517273745047
6016,1933,11,1,0.035262929521220863,0.07733122563326757,7.540125620549233,2.6338550482431704,0.05643002468979486,0.2028106191887615,-150.90877810940424,7.631101811188982,7.449149429909484,0.9761564731042229,0.024131213515013558
6019,1934,13,1,0.02825367651051806,0.05632814333930331,7.576555624239755,2.8328099937935294,0.044870580504627784,0.15457811884878023,-162.30805680173734,7.641504524396438,7.511606724083072,0.9830010176793521,0.017144703577148184
6023,1935,17,1,0.051976984717117085,0.06826797734604058,7.5108452602491855,2.78445593150937,0.08469521919614852,0.2784118687561297,-159.53757307713437,7.526306342798323,7.495384177700047,0.9958914554244973,0.004117002018658275
6029,1936,17,1,0.038787821329446026,0.0748470213333701,7.389117085099561,0.22496613073953023,0.06658186853809278,0.1770073726905964,-12.889609821717432,7.423822556744782,7.3544116134543405,0.990650242141445,0.00939367213850374
6031,1937,17,1,0.03972396989931688,0.07104638421500845,7.349428479307845,-2.216417338162348,0.06378542434559843,0.1906372963326747,126.99135913006629,7.3919278917557465,7.306929066859942,0.988501129050433,0.011565365270934606
6033,1938,1,1,0.026595024493311522,0.07410726537184884,7.433715776586606,2.7382971292915195,0.042216858829137095,0.1526709032337026,-156.8928685573965,7.406403718294568,7.461027834878645,1.007375255071385,0.007348157802336535
6035,1939,29,1,0.047595199297488525,0.06935075280610785,7.337454019224676,0.10130050900320761,0.07973362242709454,0.23711111695467216,-5.804091659348577,7.368810569692969,7.306097468756385,0.9914893861982943,0.008546983841025918
6038,1940,7,1,0.03174966248902047,0.06522588915996083,7.390037365898283,-0.08469716989192894,0.05276135620593498,0.16996859787071195,4.852790365686709,7.386782256960258,7.39329247483631,1.0008813333938356,0.0008809451906283486
6040,1941,29,1,0.02004572697689716,0.04149392786281163,7.635868011316232,-3.10085401645847,0.030084935357533874,0.11079250817182162,177.6658480286664,7.632768948833323,7.638967073799141,1.000812041476346,0.0008117119044793582
6042,1942,29,1,0.030040756492447116,0.07756593864099966,7.468263966628284,1.257566883487978,0.05155270070910599,0.1576250170431814,-72.05327487406939,7.427332623456964,7.509195309799604,1.0110218150300825,0.010961407725870525
6045,1943,1,1,0.02548071159451709,0.05758741700024215,7.527250105667315,0.11987565694363024,0.03633438783391934,0.14952016636580676,-6.868369209068601,7.596883731254812,7.4576164800798175,0.9816678448556443,0.018501743561056862
6047,1944,29,1,0.01643727422053003,0.043929861609386736,7.488249642175074,2.9394045412002456,0.02498037229851479,0.1108384220206242,-168.4154744919521,7.527705738496275,7.448793545853873,0.9895170991821786,0.010538135934725626
6049,1945,7,1,0.032164184158407216,0.06520787020482954,7.445423271408988,-1.586305856447563,0.04998850062466957,0.20053687782619167,90.88863059754472,7.480265097402124,7.410581445415853,0.9906843339000817,0.009359259970331223
6051,1946,7,1,0.03467545499276853,0.05970667024597741,7.562757931957776,-2.6356741973429627,0.05580991656448096,0.18035277225631627,151.01300767089978,7.509786414136303,7.61572944977925,1.0141073300624797,0.014008518664238353
6052,1947,1,1,0.026785799415924245,0.06396522423443533,7.4354368904326575,-2.543022774193935,0.04421843743076075,0.16732070952333203,145.70447216731102,7.418378033225306,7.452495747640012,1.0045990800498303,0.004588528544786152
6053,1948,7,1,0.03511946783928714,0.07741582182888912,7.494433555246124,-1.5799474951358687,0.05754840795132695,0.1821797751748546,90.52432332955028,7.489038627899289,7.499828482592958,1.00144075297642,0.0014397158389798021
6056,1949,13,1,0.04374159176341376,0.06670098286951325,7.4976810787405554,-2.466926955496066,0.06790764561481095,0.23252695020338174,141.34450289838549,7.512639712926631,7.4827224445544775,0.9960177421631605,0.00399020284511469
6057,1950,1,1,0.026661696087289723,0.07978761033665945,7.524526027322483,-1.0939773651565436,0.0447671122536603,0.17128897745649282,62.680285905322314,7.623998279139054,7.425053775505912,0.9739054894362321,0.02643947311907092
6058,1951,19,1,0.03408974516447369,0.06526662145565318,7.375429525675798,2.6911395438262797,0.051154684581021216,0.1680451146755296,-154.19093793952007,7.369844122197549,7.381014929154048,1.0015157453497359,0.00151459747769418
6061,1952,17,1,0.020928567823615435,0.062385180407918454,7.568502616425919,2.3482928738573525,0.03679396741717608,0.1463464192983965,-134.54727073281896,7.631652187044839,7.505353045806998,0.9834506161782056,0.01668746747391411
6064,1953,17,1,0.03338867451504838,0.06473784495857811,7.262189705561034,2.842613803648897,0.053374848689195405,0.18050770089899668,-162.8697737340592,7.230031485422317,7.294347925699753,1.008895734466318,0.008856342630127951
6065,1954,17,1,0.030187273724505203,0.054601172942676815,7.270448379000245,1.329759636943696,0.04682724938023595,0.1454090847457447,-76.18961496266,7.280938247280637,7.259958510719853,0.9971185394178258,0.002885617979405621
6067,1955,22,2,2.7704589489037756,0.46949154237092033,11.422464015726746,-1.0824750719969363,4.152442468033407,8.410429075045597,62.027745764380136,16.685720616989713,6.159207414463782,0.3691304412823718,0.921562386892421
6068,1956,17,1,0.023936218710296376,0.06179434213676312,7.5043338000289035,-2.504805771821998,0.04084595637870424,0.1302840242026933,143.51479922421433,7.605478914185391,7.403188685872416,0.9734020394250685,0.026956453924290538
6069,1957,11,1,0.03345624205231761,0.07028739886992008,7.479287137803963,-2.937951348301606,0.05437061291431619,0.19225634292074217,168.33221266286577,7.505674886436234,7.452899389171694,0.9929685873604902,0.00705622023759273
6070,1958,1,1,0.04295970073762366,0.05988268279193006,7.426842256637055,1.4114428280383868,0.07271721829676252,0.23225849249579683,-80.8697170461601,7.421231581729346,7.432452931544764,1.001512060322042,0.0015109180224461346
6073,1959,8,2,2.76653142649267,0.47023206254835936,11.23746482523432,0.6896953031700326,4.146564946768331,8.406541130775908,-39.523095121590146,16.423711951680342,6.051217698788291,0.36844397396833173,0.9230279617516642
6079,1960,11,1,0.031725674862171316,0.058186198327306246,7.319920770821354,2.6984841402846724,0.04875714651025157,0.18242444024472643,-154.61175232052378,7.296800757903895,7.3430407837388145,1.0063370273314414,0.006317011793247953
6080,1961,13,1,0.034656232718984055,0.0618733319847412,7.500941253214458,1.1543755259526172,0.05585360012946617,0.2438485730202166,-66.14084559953423,7.4763043722868145,7.525578134142103,1.0065906575497297,0.006569010500405229
6083,1962,7,1,0.031272511902079844,0.07084824247785536,7.502069374149646,2.0234599990769127,0.05016873260667541,0.212208935087112,-115.9357179668926,7.447589413986375,7.556549334312917,1.0146302265430904,0.014523981969827236
6087,1963,1,1,0.03326536207299018,0.06498424443745597,7.52610248905073,0.7746077389961156,0.052893869695637724,0.1955863715204609,-44.38175421575554,7.5026061682945855,7.549598809806878,1.0062635090338181,0.006243954501105887
6088,1964,19,1,0.025367016892197624,0.06660329181899188,7.608607366445423,2.632864686165452,0.043384624956161424,0.13951975596952654,-150.8520345438041,7.591572297065316,7.625642435825529,1.0044878896527645,0.004477841623220696
6089,1965,17,1,0.021639893688120037,0.0524971087302556,7.505630400795128,-2.318381061983483,0.03766195268813099,0.10210960367053776,132.83345015531253,7.571717461173713,7.439543340416541,0.9825437067039366,0.01760999592295007
6090,1966,1,1,0.0324290699152992,0.06363789249592162,7.390883730384057,1.8160428111965188,0.05133942583473472,0.20756567323434746,-104.05158850511054,7.400452279420462,7.3813151813476505,0.9974140637152639,0.002589284146649321
6097,1967,13,1,0.04111265337930374,0.06050756771843654,7.549514251536968,-0.3135123003850212,0.068207833053437,0.22133637554288907,17.96293165375504,7.540561745812866,7.558466757261073,1.0023744930486311,0.002371677283020092
6100,1968,19,1,0.025062471968576187,0.04923766138763502,7.451967280758874,-1.6297467162624943,0.0401054738180615,0.15444880082357706,93.37760851602611,7.514867370778897,7.3890671907388485,0.9832598269758939,0.016881472408617135
6101,1969,11,1,0.040113104744806546,0.05727463357878528,7.472365791338896,-0.8216995086200198,0.05968817226813397,0.2012756670937663,47.079913872419056,7.412288520027994,7.532443062649795,1.0162101815515066,0.016079852884219138
6102,1970,11,1,0.029390341155029705,0.076700758720299,7.442241665956235,0.1867818101766114,0.048458947268807735,0.21956247778574758,-10.701809412694349,7.463991902086824,7.4204914298256455,0.9941719561285943,0.005845076552696064
6107,1971,22,2,2.7636606404020316,0.4759618695090065,11.566223321326751,1.9364331361917229,4.1422689318382595,8.386576247875713,-110.95589097190803,16.968237629030522,6.164209013622981,0.3632792720368787,0.9341016782449798
6109,1972,22,2,2.768788534820859,0.46993387289422694,11.431934117451041,-1.0854677495970309,4.149942610323841,8.403471128926782,62.186239895185814,16.70617154099728,6.157696693904798,0.3685881399453901,0.9227200523304325
6112,1973,7,1,0.03455808625118431,0.06582120368559047,7.374323737673544,1.0216867878084028,0.05436510395537849,0.19164046375923244,-58.538340925090985,7.39533701051953,7.353310464827556,0.9943171561171326,0.005699037252361359
6114,1974,26,2,2.7675245827764874,0.4672819367775916,11.118026010469572,0.20462407667040683,4.148051265397292,8.407625301442218,-11.71762392045887,16.215674220919592,6.020377800019557,0.37126903994240096,0.9170059875106762
6121,1975,19,1,0.03983849602928281,0.06755598447648256,7.478632712239029,-2.235491285287388,0.06562140234755663,0.24988916596618127,128.08421580222065,7.471125195137802,7.486140229340255,1.0020097420147938,0.0020077245106422618
6122,1976,4,2,2.76702666950888,0.4747534747871781,11.421392734515148,0.551771345322258,4.14730600475564,8.38604885223543,-31.607700770609345,16.745217311267755,6.097568157762546,0.36413789349031195,0.9322548835334497
6125,1977,1,1,0.025498405477014163,0.07004287203658796,7.439227874176877,-1.9763899012406019,0.04271609622021213,0.15760212944737878,113.238800017517,7.472534533156835,7.40592121519692,0.9910855791078194,0.008954332235357848
6127,1978,19,1,0.036080699424137594,0.06271907289365378,7.421883925551744,0.7787644652875743,0.05635887855946835,0.1952859010940485,-44.61991710346405,7.510158482903008,7.333609368200483,0.9764919588442185,0.02378764158446477
6131,1979,29,1,0.03751116343972739,0.061987483090693164,7.425049135093698,1.617894451378145,0.06275123259166497,0.18575194088066144,-92.69852377336144,7.379077154786782,7.471021115400614,1.0124600893424984,0.012382943054109695
6132,1980,7,1,0.03056781644393369,0.05504884499224949,7.371853422882391,-0.247901939799199,0.04865825605697091,0.1482301140549378,14.203734888544357,7.39805011984715,7.345656725917632,0.9929179455287873,0.007107221335531235
6134,1981,7,1,0.02849272709176738,0.05556114833605945,7.568386430979528,-0.7551918452281049,0.045844835489807896,0.1208670927214177,43.26930545493322,7.482459908503296,7.6543129534557615,1.0229674528235249,0.022706695346450943
6135,1982,29,1,0.05456377854221303,0.06940593983673043,7.591255594785105,0.3118105943718544,0.08663444363487034,0.28509979851785866,-17.865431108623948,7.614070929646464,7.568440259923745,0.9940070600675587,0.00601095156828412
6137,1983,7,1,0.0422611298037577,0.058687148856462604,7.355791741374109,-1.140439239233415,0.0651660471800185,0.2287023939216774,65.342355191692,7.406080451131415,7.305503031616802,0.9864196155877233,0.013673228260242212
6142,1984,17,1,0.02792076714376366,0.04540747511155174,7.386646486459859,2.0925744289745722,0.04511179869126811,0.15154640293111116,-119.89568310315124,7.424916195464972,7.348376777454748,0.9896915445245061,0.010361862876546914
6144,1985,1,1,0.033191089063204365,0.06238673340218451,7.418614866170113,-2.6518944488930805,0.051055377713363055,0.19097773510003577,151.94235962844422,7.43772399644072,7.399505735899506,0.9948615651025094,0.005151670659639504
6145,1986,7,1,0.015834768976161127,0.05681967484461284,7.56484240639061,-1.6849638048069282,0.027793509710603372,0.13310116269659475,96.5413146480661,7.548647035782254,7.581037776998964,1.0042909333372154,0.004281746991761089
6149,1987,17,1,0.034505936539434665,0.06812858828040513,7.5122730839632705,-2.298590646130471,0.054208695742435815,0.17179266573307192,131.6995428558327,7.514215913041484,7.510330254885058,0.999482892400033,0.0005172413346795748
6150,1988,17,1,0.03148670815419387,0.060798992812476055,7.467304355432177,-2.6203084453082903,0.051878962523313414,0.16607995373876666,150.13261493092836,7.485805308732714,7.448803402131639,0.9950570573138057,0.00495518929453541
6153,1989,13,1,0.016795224288222218,0.06183767561529019,7.665945622642624,3.1256770503769142,0.026695394024766214,0.11464267746616433,-179.08810310797244,7.774093599827252,7.557797645457998,0.9721773411148459,0.02821516940198324
6159,1990,7,1,0.035767102170636556,0.06729463440615939,7.5472234477632965,-1.1498426443452616,0.056903819363079956,0.18188377017620586,65.88113061626417,7.594428515496058,7.500018380030535,0.9875685003456305,0.01250925404805692
6168,1991,2,2,2.764633500686047,0.47087464878313073,11.219470027641192,1.120177495667809,4.143724818131876,8.399501198478836,-64.17499102875853,16.402519082974266,6.036420972308117,0.36801792101396746,0.92393830413802
6176,1992,17,1,0.03719796137383674,0.05957801526000274,7.551993743938547,-2.9853950399054647,0.060284465525549516,0.18047251982898968,171.0505359601597,7.587942506375237,7.5160449815018575,0.9905247667845437,0.009520336921768026
6177,1993,29,1,0.04587033647301957,0.08501251678677292,7.421753311365221,-0.4092847785496068,0.08211281653590705,0.2243855682722209,23.4502904486553,7.424775813299009,7.418730809431434,0.9991858334824403,0.0008144980860948388
6181,1994,17,1,0.044682175899357496,0.06951912323558286,7.3508172295648215,1.340309979261244,0.07435308343040453,0.2555210527588334,-76.79410502702927,7.387740717650759,7.313893741478881,0.9900041191219064,0.010046090640761304
6182,1995,13,1,0.03166649349343401,0.07911623131549439,7.488334477428711,0.23262384093973423,0.05253978193567113,0.1956034332277084,-13.328364307708275,7.4590859405138925,7.517583014343528,1.0078423917214723,0.007811760279399547
6183,1996,23,1,0.03626049835310837,0.07330002097265355,7.49510466433628,0.12235991752043647,0.06325305293792703,0.18402283773543626,-7.010706853206576,7.5615865579048,7.428622770767761,0.9824158877083751,0.017740084107126172
6185,1997,11,1,0.022432942045841908,0.05629781321679697,7.443838126954844,1.5512984146086768,0.032809332931882894,0.1309401083144196,-88.88285192264398,7.44639958219025,7.441276671719439,0.9993120285294569,0.0006882082043482744
6189,1998,23,1,0.02785099375910036,0.0490970546464834,7.54538659660189,-0.433934656709865,0.044523630900723664,0.13080811761110744,24.862624418085595,7.612018673651778,7.478754519552004,0.9824929286417736,0.01766167344689664
6190,1999,7,1,0.03268572428927406,0.05785576166286149,7.482166830622426,2.7763143066527864,0.053309189349152665,0.16103750210011603,-159.07109236434923,7.499956412536913,7.464377248707941,0.9952560839194348,0.004755195204062593
6192,2000,19,1,0.04206404444519221,0.0784848769275943,7.369819643701533,2.718404422849757,0.06445655937141953,0.24808947759492608,-155.75310043023492,7.33550690785766,7.404132379545405,1.0093552460040947,0.009311689431422406
6193,2001,29,1,0.02785612057761734,0.04193687076994484,7.45268438399477,-0.5733327792343628,0.04849294099939213,0.10542065166556008,32.84954850862352,7.403335174958674,7.502033593030865,1.0133316155137797,0.013243337968820133
6195,2002,17,1,0.032847726603691105,0.05941501612027112,7.554546748921397,0.1607330732318424,0.0520151817518644,0.16754669144596238,-9.20932672614841,7.541650225185126,7.567443272657668,1.0034200800491127,0.0034142415593925923
6196,2003,7,1,0.031010507099219112,0.06352776691461327,7.417525390318059,0.4351124841496781,0.04994915388138891,0.14959590279292934,-24.930108962071674,7.457326890861141,7.377723889774974,0.9893255314871983,0.010731746357089844
6197,2004,19,1,0.03676964692105546,0.07355170806477956,7.405824351403412,-2.8173180227913175,0.06040997746245712,0.2300263276797879,161.42043224726606,7.453389886461216,7.358258816345609,0.987236536453244,0.012845439697415927
6198,2005,13,1,0.04793037220246355,0.06174992765859871,7.517072971292506,2.736688552529836,0.0770837809143698,0.2155859692363148,-156.80070387384893,7.507228611066747,7.526917331518263,1.0026226349924248,0.0026192003891283735
6199,2006,7,1,0.01644903794788548,0.05690449833976575,7.686193886304731,-1.6541400537091728,0.025082194438782963,0.13035233574401822,94.77524380099794,7.6796774730102815,7.692710299599181,1.0016970538977323,0.0016956151226059217
6201,2007,17,1,0.030692279577922883,0.06285729921487511,7.43576036471585,1.857168876306897,0.0489941907163453,0.14723680331222808,-106.4079384592259,7.4160515750098615,7.455469154421837,1.0053151706151562,0.005301082536094055
6205,2008,8,2,2.769991567316882,0.4715474935042661,11.259503679393534,-2.6173780007425096,4.151743072418411,8.415241408955133,149.95822341195074,16.469726516236445,6.049280842550621,0.3672969819254147,0.9254800185159758
6207,2009,13,1,0.022995896402214326,0.06314329083572784,7.4598305521500965,1.5551942648857917,0.035495008635663294,0.15092306999705116,-89.10606770257455,7.30199082405545,7.617670280244746,1.043231971087848,0.0423172421923592
6210,2010,13,1,0.026102540090115072,0.05229253539918437,7.5726359508587935,0.4405650186985426,0.04257333333324608,0.1552880300010019,-25.242516176757167,7.496643371563321,7.648628530154267,1.0202737613433053,0.02007031099569883
6212,2011,13,1,0.031363002878421635,0.05874813448772092,7.579204854773518,0.5880222656722323,0.05042244837622567,0.16264204726681905,-33.69119408916346,7.574194913844286,7.584214795702748,1.001322897281155,0.0013220228309506344
6225,2012,7,1,0.024250625540177616,0.055149168457038614,7.563353988302915,1.9179065137579803,0.04019935467637032,0.12763102175224716,-109.88794874118568,7.582735363870341,7.543972612735488,0.9948880253266457,0.0051250742983604365
6226,2013,7,1,0.028621484714863095,0.04883979477333965,7.543009960342638,-0.17998676569736466,0.04630074945489377,0.14568643889960795,10.312482046981042,7.538571937416992,7.547447983268284,1.0011774174107482,0.0011767246626953076
6227,2014,7,1,0.03698236217262089,0.0673920664128544,7.4582421904685505,2.298370449659427,0.05867617229531248,0.1907039183579331,-131.68692652989645,7.575548649152359,7.340935731784744,0.9690302408137969,0.031456864952367
6238,2015,19,1,0.0257886941718221,0.06359619251061614,7.339533907942792,0.9930077755120734,0.04247388653430289,0.14202463277214095,-56.8951545615397,7.346883559229584,7.332184256656002,0.9979992465573903,0.0020027569540450054
6239,2016,1,1,0.018115067862671943,0.04979267988791142,7.370950908232839,-1.7962458660580645,0.030837843008192638,0.09909994149836308,102.91730709419608,7.351000639748975,7.390901176716702,1.0054279055224093,0.005413214314473499
6244,2017,29,1,0.041492224182222155,0.07041165598288869,7.422488955034536,-0.8401508241525935,0.062151721166437836,0.2261277578916864,48.13709638648767,7.456828168453137,7.388149741615936,0.9907898606102054,0.009252748943549076
6250,2018,29,1,0.018972409093531265,0.06646137208267751,7.512904449919374,-2.8559836654031745,0.032177612651498017,0.1129733018165668,163.6358103842079,7.585415767107166,7.440393132731581,0.9808813862248065,0.0193031383990437
6252,2019,13,1,0.01795137292459217,0.061073534630110685,7.573163046622117,1.3969461651831185,0.028911879967582467,0.1524164557897213,-80.03911947186725,7.507284557533293,7.639041535710943,1.0175505506908535,0.017397879507746527
6258,2020,1,1,0.0287832903421189,0.06195057242375104,7.498877447510912,-0.42415277185747924,0.04659633281653678,0.1423490383941342,24.302163701726357,7.536965897235622,7.460788997786202,0.9898928958299572,0.010158440377593492
6260,2021,29,1,0.02558455293345534,0.06761424004663093,7.525445707668713,1.8028951536483686,0.041622053397862374,0.1408329171098496,-103.29828321174953,7.486970112229517,7.563921303107909,1.0102780149679904,0.010225466220555715
6262,2022,26,2,2.7702110139786384,0.47097289791457464,11.395524792524673,-0.28628517868687253,4.152071399549607,8.404782962181573,16.4094234339289,16.663361313272528,6.127688271776819,0.36773422580089266,0.9245447869506619
6264,2023,17,1,0.02133612146030914,0.07153493598890456,7.466941991794362,0.48098802842552185,0.03630297181577229,0.13595292056345895,-27.558584027305642,7.505372957789363,7.428511025799361,0.9897590789395441,0.010293629182397223
6266,2024,23,1,0.03588832135316533,0.0730347950285046,7.3872043879775084,3.109633879125636,0.06047459729638093,0.16526572952183693,-178.1688971128226,7.395540278993669,7.378868496961348,0.9977456978931377,0.002256845913110682
6268,2025,17,1,0.02695620961362562,0.0467983027955957,7.510474015322283,0.24555700049041845,0.041627895480764225,0.13620870325426052,-14.069379761193936,7.522208145834492,7.498739884810075,0.9968801367139232,0.0031247376632339507
6269,2026,17,1,0.03772401162417196,0.06901300634768621,7.494876551326587,2.059188454659976,0.06262679065860617,0.19562526465628693,-117.98280767735034,7.488774046077004,7.5009790565761705,1.001629774169186,0.0016284471686203279
6272,2027,1,1,0.02906826541599257,0.08046071859284448,7.5209046241446735,-1.5936728539384433,0.0503066163291034,0.1886005497179488,91.31072846147407,7.576625362708438,7.465183885580908,0.9852914098569481,0.014817562872658334
6273,2028,11,1,0.04166287500144695,0.06235341916826022,7.5047332460921305,2.894271952206089,0.06710962732934111,0.21201349868665686,-165.82956761015382,7.56503204150984,7.44443445067442,0.9840585485727366,0.01606953730143817
6277,2029,19,1,0.0229599903511841,0.06611039494665905,7.612029791593483,-0.6301477725707832,0.03693540922444578,0.13762913437236576,36.10480783902488,7.649657544966256,7.574402038220709,0.9901622384658164,0.009886391515263956
6279,2030,23,1,0.04316505155556289,0.051047571236646085,7.516371756046458,1.6530766812176123,0.06499762152307352,0.20117180416073308,-94.71431705326957,7.56242587699322,7.470317635099693,0.9878202783879517,0.012254348891063254
6282,2031,29,1,0.0431849446828779,0.0696205293911402,7.59954895885028,-0.44473490395441456,0.07324716606972954,0.24429854769632037,25.4814330198262,7.633886371537816,7.565211546162745,0.9910039497534154,0.009036697539147211
6283,2032,17,1,0.02348607924045123,0.053757875856788595,7.536864381677987,1.7504229331223367,0.036192135410765484,0.12812429479507068,-100.29184643205664,7.475559522071646,7.598169241284328,1.016401410335999,0.01626800125404201
6284,2033,11,1,0.03718958404750407,0.06570782324523974,7.455848767775769,-1.9468852741359588,0.05984463343136825,0.20086244000023643,111.54830941576837,7.3803260386601,7.531371496891438,1.020465960099882,0.020258653700723866
6287,2034,4,2,2.772668658137179,0.467918310569523,11.379867881426788,1.6641247774152874,4.155749036276056,8.391791166391883,-95.34081805173373,16.610137897499104,6.149597865354476,0.37023159610736206,0.9192145410771766
6289,2035,17,1,0.044278078054762034,0.07129907381649812,7.41443792409028,-0.6640745133043202,0.07253407082815173,0.258187749245954,38.04866691876622,7.434726960388874,7.394148887791686,0.9945420897346491,0.00547284541493637
6290,2036,1,1,0.056383648719835526,0.06544591040767041,7.489810134534823,-0.765901054813194,0.08490236893746748,0.30575380908199995,43.882897934921395,7.499249133503182,7.4803711355664655,0.9974826815857633,0.0025204908532556088
6297,2037,1,1,0.020055784990956796,0.054921677432092454,7.376843601063332,0.865241195218766,0.032423932492974934,0.12474210285498719,-49.57466874545859,7.345767269595573,7.40791993253109,1.00846101716192,0.008425373546832196
6298,2038,29,1,0.018835070434654492,0.0720724268270622,7.601633391535035,2.193173536651442,0.033539722875301,0.11420490303791984,-125.65958739095325,7.633298225153334,7.569968557916737,0.9917034988849365,0.008331060441183494
6301,2039,19,1,0.0300946456977417,0.06718272218666811,7.60652706717552,-1.6577845488382672,0.05008407729484021,0.15651197196198768,94.98405799629685,7.591388933160561,7.621665201190477,1.0039882382916339,0.003980301097010165
6304,2040,29,1,0.03343492782608634,0.05817550084041155,7.307444008754228,-2.0046037916281296,0.05547898122245742,0.15373248403110043,114.85533686291295,7.196474767250401,7.418413250258053,1.0308398889992147,0.030371561210974982
6310,2041,1,1,0.029576887809344785,0.08384874842508996,7.432483126754321,-2.521023878657958,0.0499027588034357,0.22199117731378257,144.44402829144238,7.275169980821427,7.589796272687216,1.0432465897972414,0.04233124872268396
6311,2042,2,2,2.7659678170028594,0.47271312183887076,11.313473159666495,2.796043503925914,4.145721671640074,8.400687766701056,-160.20795324150012,16.55930778098121,6.067638538351779,0.366418609920435,0.927360598691579
6312,2043,19,1,0.02333919675451923,0.06348517978175745,7.556455375739162,0.7125211658679322,0.03950547773808229,0.09754825148479765,-40.82445561940611,7.5067482180699905,7.606162533408336,1.0132433261980252,0.013156210206378744
6316,2044,7,1,0.03463393847212967,0.05882895625846629,7.625273843038985,2.380177177139845,0.05483282108798284,0.19548957288996982,-136.3741067454354,7.646560664254565,7.603987021823405,0.9944323148274781,0.005583228000398272
6317,2045,7,1,0.03596007693254284,0.053730417093898676,7.40808171722202,1.8570234838275943,0.059207845421425875,0.21023086343149536,-106.3996080923187,7.375885119633946,7.440278314810093,1.0087302329322807,0.008692290073751262
6323,2046,11,1,0.04175883720240056,0.06546912544466008,7.495606787051272,-1.437433206906265,0.06600588116076558,0.18918448456545026,82.35885608108363,7.574987756687635,7.416225817414907,0.9790412942737018,0.021180665392825954
6330,2047,11,1,0.034115978445126476,0.06391240905241553,7.465318969478292,0.23804178039500315,0.053398032579039155,0.1674509884424648,-13.638789371819389,7.463947641381665,7.466690297574918,1.000367453836097,0.0003673863373375403
6341,2048,1,1,0.03043911354817235,0.052132210718542356,7.553873617741541,-2.1248791763428216,0.04633654249407841,0.14337665098387867,121.74660878450712,7.534607740257461,7.573139495225619,1.0051139696048519,0.00510092661302405
6347,2049,11,1,0.025149165587506413,0.06226753794982834,7.522577937146133,-3.001796893826209,0.038036771771487815,0.1576097520571171,171.99029297159106,7.556243592473737,7.48891228181853,0.9910893144416002,0.008950563386352953
6350,2050,7,1,0.029471181062998685,0.06367162266731435,7.528984825866912,-1.4341311500364056,0.04894613125766554,0.20921903637763542,82.16966216005414,7.5177335115597925,7.540236140174033,1.0029932729830924,0.002988799836191711
6351,2051,13,1,0.02229824356643773,0.062477185170199824,7.471671096127312,-0.8210047836711056,0.03558582924876204,0.14254145600235915,47.04010906256944,7.497710228285803,7.445631963968823,0.9930541108243274,0.0069700959326185535
6353,2052,29,1,0.03578017918157303,0.058699402252169866,7.5114014676332,-0.69429868699253,0.057879810181915604,0.18838624279053526,39.780384495174246,7.500336858146301,7.522466077120098,1.0029504300129883,0.0029460839058001544
6356,2053,29,1,0.030679242322870014,0.0604943665023661,7.408661953525717,-2.7118776160578806,0.04890769122560656,0.15475527377134707,155.37914194954118,7.383745985255266,7.433577921796169,1.006748869292147,0.006726172263425814
6357,2054,8,2,2.767895591805774,0.47165039997289243,11.321748808209216,1.9982019417921413,4.148606463412726,8.400998047325496,-114.48206320557422,16.561809315728713,6.081688300689721,0.36721158810311594,0.925662739261626
6364,2055,29,1,0.02126092574742261,0.05760057412472281,7.453015756585817,2.9779336181095952,0.033697785806768826,0.16176419736781267,-170.62302798882115,7.3847420365215095,7.521289476650124,1.0184904820579126,0.01832109908099352
6365,2056,29,1,0.0361793149077354,0.05094602163180013,7.504636169257199,-2.4686138609991444,0.05662169418974944,0.1611334401475651,141.4411554783257,7.518653064691623,7.490619273822774,0.9962714344407645,0.003735529642821316
6366,2057,23,1,0.03472982866865299,0.06920117211832566,7.418084261780896,-0.32351936816988597,0.05977040742657101,0.21394341387244736,18.536294396877917,7.361307920377327,7.4748606031844655,1.0154256124095564,0.015307548256384609
6367,2058,1,1,0.02521123950786913,0.07631678515235923,7.457940745450738,-2.8971365972066847,0.04065696332947795,0.13608687911021028,165.99369969102284,7.6023998055973845,7.313481685304093,0.9619964580025677,0.03873966422561462
6371,2059,23,1,0.031797998330499316,0.06380477331548458,7.521234505561214,1.5679431401298387,0.04984747290227008,0.18603254520624135,-89.83652444394785,7.594936595607431,7.447532415514998,0.9805917826650871,0.019598402361133863
6372,2060,14,2,2.765361805413296,0.47113439996334544,11.386751056503225,-1.3315902476245607,4.144814615719614,8.391199902145337,76.30095810669005,16.652521797046987,6.120980315959467,0.36757077339751076,0.924894329280407
6376,2061,11,1,0.03620341721378799,0.07498456019630041,7.493112481078015,0.5252396621886635,0.05984703645894644,0.19396095699212146,-30.094015889369622,7.491096291190788,7.495128670965242,1.0005382896731945,0.0005381448342910788
6381,2062,7,1,0.04446683268304824,0.07930340191876448,7.379193952721041,-0.2715676344823468,0.0770430031595427,0.19371619386188443,15.559679305703803,7.323319623316581,7.4350682821255,1.0152592901248123,0.015143748697337353
6383,2063,13,1,0.04346399594444493,0.08213338504637888,7.432598141832944,-0.28596607103053445,0.07335538532280984,0.18007798650477752,16.38464895826696,7.470886194967272,7.394310088698616,0.9897500638786011,0.01030273732110735
6385,2064,23,1,0.024595168747055432,0.058463305485784316,7.509606364547367,1.7567931425573742,0.03752443269974471,0.1666023808226345,-100.6568325464984,7.553868216065096,7.4653445130296365,0.9882810104037567,0.011788061682350937
6388,2065,11,1,0.021326834835853424,0.05655703848866198,7.348524495230985,1.9470449413201267,0.03272050128764229,0.12519862046320426,-111.55745766076977,7.343841821031803,7.353207169430166,1.0012752655390182,0.001274452906082197
6391,2066,23,1,0.021175884167148135,0.06981305939267468,7.724400921439483,-1.0055842088679545,0.037386153531570696,0.13235764518531207,57.61573111292878,7.814300730186045,7.634501112692919,0.9769909523959612,0.02327683652386332
6392,2067,13,1,0.03397074991894701,0.053922426900791284,7.479240366935878,-0.23439545546534138,0.05656277953540556,0.21622907690363405,13.429870346610434,7.454410220090279,7.5040705137814765,1.0066618675689942,0.006639750998074
6398,2068,11,1,0.028666993694411738,0.05772945744308053,7.512156831672368,0.9627406880498601,0.04696443612793871,0.14288829672202982,-55.16097818855551,7.5179690796183305,7.506344583726405,0.9984537717874579,0.0015474245482887895
6399,2069,23,1,0.021947248146948803,0.04966357638403199,7.476224532411874,-1.4023422543368282,0.03246360173473899,0.1492361587619519,80.34829260583841,7.426418942187007,7.52603012263674,1.013413083913685,0.013323727774344757
6400,2070,19,1,0.03364439403583702,0.05895484631988709,7.354634924364257,-1.411771439626409,0.057691834558513795,0.20183093440639144,80.88854511644207,7.394353271040416,7.3149165776881,0.9892571141193071,0.010800902311161554
6406,2071,1,1,0.026389959137148342,0.07887329810236256,7.530951192575449,-2.0547889975200135,0.04224621360722813,0.1436663957024856,117.73073735018413,7.535922216518117,7.52598016863278,0.9986807125127242,0.0013201583214531838
6411,2072,11,1,0.04347332212515447,0.06417901032455758,7.4577115456629235,0.3278608381872033,0.07231194147482681,0.24217252253252233,-18.785042318741933,7.4471915508414765,7.468231540484371,1.0028252247171643,0.002821239399522056
6415,2073,17,1,0.03800352014505708,0.07076042208662624,7.491491448721221,-2.968826428093754,0.06254870023784717,0.18540734966770833,170.10122442190814,7.502741163394767,7.480241734047675,0.9970011721240144,0.003003331112516108
6420,2074,7,1,0.03447619809012437,0.07010624079262708,7.450283364298757,-0.45731696647544756,0.05353474670762185,0.20904700195714204,26.202332085027745,7.517788137279096,7.382778591318418,0.9820413207321985,0.018121397450147216
6423,2075,29,1,0.031150699575494992,0.048339649852922245,7.526955267183948,-2.7186498306927422,0.05136343292194101,0.14644440819719784,155.76716126518218,7.545184967060763,7.508725567307132,0.9951678587187991,0.004843844351325792
6424,2076,11,1,0.03915887763001107,0.060838481129394814,7.560263795003393,-2.834265973233536,0.06563968595597147,0.20797833849646746,162.39147826960564,7.544023044974444,7.57650454503234,1.0043055939601795,0.004296344802064094
6425,2077,17,1,0.04772604973508185,0.07054135693419057,7.333953070237966,-0.5134824046514982,0.06948990656282085,0.3248357357812395,29.4203746445141,7.39551794968254,7.272388190793392,0.9833507592400025,0.016789002835158905
6427,2078,7,1,0.03157036859153008,0.06937229787663192,7.456869611685035,-2.880932328022722,0.05003100715924702,0.15936811052151184,165.06526345547323,7.448639866503216,7.465099356866853,1.0022097309923192,0.002207292231292974
6434,2079,26,2,2.7680251001889626,0.47307782174208907,11.499725137609044,-0.6353890409789543,4.1488002628889165,8.407925141782512,36.39863480583921,16.83862401428805,6.160826260930042,0.36587468522976735,0.9285263452460283
6435,2080,11,1,0.0290891974860414,0.06791041991761176,7.635032433693736,-1.8659208772108973,0.04793879811175233,0.1545317480661237,106.90939117465852,7.57473365141358,7.695331215973891,1.015921030376798,0.01579529171717833
6439,2081,23,1,0.03547542734891122,0.07232296612141924,7.531930139452485,-3.1410571289993166,0.056999993985091556,0.18927229230958936,179.96931669126357,7.500705992582942,7.563154286322031,1.0083256554517457,0.008291140860691574
6444,2082,8,2,2.767153010931411,0.4685067585053234,11.060911175784957,3.0234206503558667,4.147495185357708,8.40918105787363,-173.23571240712127,16.146346093619897,5.975476257950018,0.3700822603022972,0.9195327287264005
6445,2083,1,1,0.029649046775251334,0.06535989216356186,7.487433875425028,3.1364224052225698,0.04782205192721916,0.17602133460214442,-179.7037665858919,7.4552549500487775,7.519612800801281,1.008632548609499,0.008595448296877282
6453,2084,23,1,0.03594427735761547,0.061851387205711615,7.3866275174442935,0.3164862329802992,0.05940101104355113,0.17931692538494537,-18.13332542901298,7.457863024339999,7.315392010548584,0.980896536537821,0.019287694344266654
6459,2085,8,2,2.773277096674773,0.4722764296067602,11.422255686567883,-0.8602057537659968,4.156659612131111,8.417979009499048,49.279646625869134,16.719223119958333,6.125288253177431,0.3663620139063433,0.9274818527516372
6460,2086,29,1,0.037430628082059623,0.06763465927058498,7.516516010768738,0.099238593897128,0.05817649293901243,0.1804349793855386,-5.685952591953164,7.528277757154165,7.504754264383311,0.9968753155064584,0.0031295739591524507
6464,2087,29,1,0.026986002480460684,0.053302275567100973,7.4752090820067405,2.587303641614276,0.04442561461112399,0.15318927847830457,-148.24157897918477,7.4948712249995175,7.455546939013967,0.9947531738965197,0.005260626900752021
6468,2088,11,1,0.033322414354115766,0.061736130227155114,7.38072784152653,2.9493631172739856,0.05879664043323547,0.19511945839103187,-168.98605885922132,7.437528439785759,7.323927243267301,0.9847259479492181,0.015391598085936565
6471,2089,7,1,0.028030022403277784,0.07457145528918908,7.47658798042981,1.6901199079941678,0.04874761345529719,0.15463584590191085,-96.83673760357543,7.4419288897411775,7.511247071118439,1.0093145449794365,0.00927136570300571
6472,2090,19,1,0.041069681212508716,0.057714841711316724,7.494146132800405,2.5695559994818806,0.06366755912987744,0.19791247418956007,-147.22471398257957,7.448559947161093,7.539732318439716,1.0122402681760483,0.012165811776685227
6474,2091,1,1,0.02900578146466012,0.05856623473790625,7.523589612003955,1.6244827341431896,0.042795390632364844,0.15358512694759682,-93.07600456036478,7.576401894176925,7.470777329830984,0.9860587432106628,0.01403911826575659
6476,2092,1,1,0.02122854090646347,0.054579578458898846,7.603775511597732,3.0295502615853875,0.03343199340513564,0.12717452817498454,-173.58044381073782,7.661929388252834,7.54562163494263,0.9848200436970189,0.015296053011139643
6480,2093,8,2,2.762394452237962,0.469992187467253,10.998294844342444,-0.7189167588720947,4.140374262637399,8.425311949018472,41.184460001814664,16.06571808910695,5.930871599577936,0.3691631812959079,0.9214925252474395
6484,2094,23,1,0.03530277462866631,0.05865634380249827,7.532617076553382,-1.3498515863799796,0.057897804312945944,0.17851837214316074,77.34079885760244,7.5521368636017145,7.513097289505052,0.9948306585537641,0.005182737115122993
6488,2095,22,2,2.760931917987753,0.470600349138873,11.139004744908586,0.6048212727924593,4.138185473955141,8.400397820442876,-34.66013215853867,16.279847601939835,5.998161887877334,0.3684409113978818,0.9230345034875808
6490,2096,13,1,0.03854531979607,0.05820420582677808,7.575475456393727,-1.570503406160211,0.06058890366867133,0.19700995041246488,89.9832168863041,7.5589348769796425,7.592016035807813,1.0043764312520957,0.004366875586699934
6494,2097,11,1,0.038748650420849524,0.06901238225507669,7.439413965674925,-0.8193688082184866,0.06030110920290198,0.2211861669578305,46.946374565371045,7.5016424000397715,7.377185531310077,0.9834093839598332,0.0167293914956114
6497,2098,29,1,0.020476797526167906,0.05354027983419369,7.581144633956383,1.6839209155550172,0.031435421269664726,0.1280816203988047,-96.48156149535738,7.585500235440389,7.576789032472377,0.9988515980887704,0.0011490617035578123
6504,2099,11,1,0.032572971529107334,0.059447057510118605,7.54087152279375,1.8982130436444242,0.0524397284491052,0.1736671968876939,-108.75959602253386,7.582411478234536,7.499331567352964,0.9890430753962569,0.011017282369875477
6510,2100,11,1,0.03488571577839075,0.06921822134955012,7.370816203839686,-2.3641027421132863,0.058356911157354065,0.21906119908393348,135.4531094486794,7.301237282991368,7.440395124688005,1.0190594876324337,0.01887957016539716
6511,2101,17,1,0.030386811865823538,0.05061164508648899,7.506531572039458,2.272108110911035,0.04858149002107572,0.1588724935051521,-130.18220535649638,7.539391792043081,7.473671352035836,0.9912830581272345,0.008755100724819703
6514,2102,13,1,0.04988126236041912,0.07348213714339191,7.4366208510010745,-1.8396608952179274,0.08226450347411098,0.2569520204507303,105.40480506662738,7.454660500977493,7.418581201024657,0.9951601686021644,0.004851571792580912
6515,2103,26,2,2.7609130472657064,0.47593907308049915,11.394086446907977,0.41748382607323864,4.138157299167303,8.394358490810857,-23.91363552333197,16.711220405233785,6.0769524885821715,0.36364504454019,0.9333146598635331
6516,2104,1,1,0.024593242031786536,0.0621105452925365,7.518664253147756,-1.9214000295849205,0.039784743338537244,0.12208570293849207,110.08811245323419,7.486416065936586,7.550912440358925,1.0086151202196467,0.008578169240013157
6517,2105,14,2,2.7648257259732856,0.47086087630240486,11.18904660802338,-0.8856286573070414,4.144012487820943,8.405037744055132,50.736331148216664,16.357325749864135,6.020767466182625,0.3680777382716508,0.9238104590849971
6519,2106,13,1,0.04203948507397485,0.0692598809319762,7.513357734843372,1.700684869865053,0.07323417225215652,0.218447305956616,-97.44206534631918,7.526422671094267,7.500292798592477,0.9965282480610419,0.0034777889492220103
6521,2107,29,1,0.025152336563705784,0.061781681006101576,7.539934149357782,1.7160843996492023,0.03840582053367952,0.15002072395931307,-98.32439338851148,7.521349525907336,7.558518772808228,1.0049418321503159,0.004929651395437995
6524,2108,7,1,0.041589407998729504,0.06779657032551961,7.4700681561432285,-2.868787895918192,0.06588414027804901,0.20653395724929632,164.3694387462149,7.436725121444155,7.5034111908423045,1.0089671284482273,0.008927103207660563
6529,2109,29,1,0.021977796601431655,0.0587115307779053,7.459932152440891,-0.1276264288486881,0.034245001555436465,0.1504758972698007,7.31245572809205,7.469053109596621,7.4508111952851594,0.9975576670772331,0.0024453190643956555
6533,2110,29,1,0.026133746819944546,0.06409704156397421,7.491395518505443,-2.2887957930951215,0.041246315840933974,0.14063353054662225,131.1383391156797,7.4484808975778085,7.534310139433075,1.011523053228636,0.011457043169493482
6535,2111,13,1,0.023094541785703835,0.060173808894922826,7.398851592035381,-1.1760506519414053,0.036873451961237334,0.11465585171997753,67.38273884708623,7.331474151320333,7.46622903275043,1.0183803255182764,0.018212945584035786
6536,2112,7,1,0.015371941700854307,0.055611610503315236,7.480964390629845,-2.31161182777971,0.025763765615040853,0.10636223475802332,132.44560160401488,7.496836370893038,7.465092410366649,0.9957656858232045,0.004243297905033353
6540,2113,28,2,2.7685223410443855,0.475159764919593,11.42822535824292,-0.057571022862220385,4.149544664497515,8.42471923499762,3.292097568821631,16.751032306526238,6.105418409959601,0.36448012864144,0.9315194234324577
6542,2114,7,1,0.030919324391310333,0.058856968620053914,7.55760444531685,0.9562549686371429,0.04820179148470152,0.1538389987410017,-54.789373836941024,7.509908570226018,7.605300320407679,1.01270211871285,0.012621955921597823
6543,2115,8,2,2.768501897937073,0.47019555734345253,11.067781583079533,-0.6912412317813131,4.149513964983309,8.42870371798052,39.598726249415606,16.170326247160247,5.9652369189988255,0.36890022055346045,0.9220537333121027
6544,2116,13,1,0.02409001706507053,0.05272015443328155,7.479646710351259,-2.7751038555251695,0.039958276606688006,0.15173611153733027,159.00173863007817,7.516466334265748,7.442827086436769,0.9902029431711448,0.009845284233420758
6545,2117,19,1,0.03896054679001727,0.07787972946969063,7.470871092845649,-2.717725991934808,0.06169784173458823,0.22562906022093263,155.714229197807,7.432226663957906,7.509515521733389,1.01039915240345,0.010345360911058582
6546,2118,13,1,0.03053753197341654,0.06412111815689639,7.337896424116319,-0.24074629473889458,0.05137510469597673,0.1493420851711548,13.793746622590128,7.308021152787556,7.367771695445083,1.0081760221280607,0.008142734539173151
6552,2119,19,1,0.033160870404890984,0.06882590383258877,7.388763026477945,0.5337903103316098,0.056238196270995994,0.17289805870037894,-30.58393193586371,7.360858673814381,7.4166673791415105,1.0075818199751156,0.007553186524880691
6554,2120,11,1,0.02659150252529362,0.04925113248846039,7.492365350016858,2.6060213760568205,0.041378136696324876,0.12381080051759318,-149.31402616513753,7.499811138829941,7.484919561203774,0.9980144063163049,0.0019875669338700066
6556,2121,1,1,0.03207441399295503,0.06711451004460436,7.515883983691138,0.7378718622984489,0.050891749052482935,0.1792622189958427,-42.276943528342706,7.524713939617219,7.507054027765057,0.9976530786427397,0.002349678612719735
6557,2122,23,1,0.027071630388360794,0.07228488887908813,7.34199503530308,-2.7489730120512825,0.04399289810519437,0.20676646537769056,157.50455158296862,7.460589243192176,7.223400827413985,0.9682078173658164,0.032305717265906586
6565,2123,23,1,0.03970861627939812,0.07914825933808736,7.329522563175083,0.859367470805947,0.0647601782932754,0.20935757415942594,-49.23812911451888,7.305915759086812,7.353129367263353,1.0064623805876518,0.006441566659982938
6566,2124,19,1,0.022604401587202148,0.04660001181412854,7.507840893891374,2.5390629993621663,0.03832664199917592,0.10586744760328902,-145.47759377991878,7.571443266593332,7.444238521189416,0.9831994058563224,0.01694291970244246
6568,2125,19,1,0.0447707160079913,0.07029759006310692,7.4280838912944205,1.4479761031046443,0.07744899558320972,0.298224196449168,-82.9629195173822,7.467895674058917,7.388272108529923,0.9893378845923652,0.01071926040338755
6575,2126,13,1,0.03120113041785833,0.06770529171508811,7.532819411531708,-0.008116918204913795,0.05156829624458175,0.1821262137037495,0.4650651519197752,7.509252396398533,7.556386426664885,1.00627679398404,0.0062571565427675295
6578,2127,17,1,0.030212216651056945,0.05802532108492794,7.424220696062437,1.1391095247870744,0.04889317069852098,0.15139953956235003,-65.2661681667024,7.369708966674235,7.478732425450639,1.0147934551105624,0.0146848353840325
6581,2128,13,1,0.030041473859890984,0.06772881377935971,7.487436220893212,-1.0677425489537056,0.05154963603105873,0.1670388149392211,61.17714165444469,7.464824537945934,7.510047903840491,1.006058195429065,0.00603989998183404
6584,2129,7,1,0.021606442868755404,0.07308646613265418,7.435405035044064,-2.0567925964267597,0.036643821132512494,0.15138781418709302,117.84553511090047,7.473122157847367,7.397687912240759,0.9899059263299481,0.010145277258074934
6587,2130,7,1,0.039920956404858855,0.05424095357497069,7.559633607774448,-2.250211463088278,0.06229223117580889,0.22117063576439014,128.92761985884994,7.589642359627101,7.529624855921796,0.9920921828906502,0.007939208011825107
6589,2131,1,1,0.049041944940744445,0.05687423613061723,7.5041271993626175,-0.9581899668515228,0.0775815330982836,0.2611694671442875,54.9002410484439,7.474804335415375,7.533450063309859,1.0078457876972942,0.007815129772782217
6592,2132,23,1,0.029574579481547653,0.056906926176220694,7.534888267465922,0.3305469417426781,0.04693442838161637,0.1628814761269445,-18.938944697632387,7.532632956869015,7.537143578062829,1.000598810697354,0.000598631463891817
6593,2133,29,1,0.02974757083128474,0.05492121789115342,7.386996341587948,-2.2183326737114424,0.047164307420360055,0.14649458917922634,127.10109975541975,7.3628670883811145,7.411125594794781,1.0065543090530344,0.006532899731109431
6595,2134,1,1,0.04247303775540789,0.0674607711558766,7.522785811160118,-1.6615422638387005,0.07274747742700205,0.19373244593543176,95.19935921455532,7.5397437770148015,7.505827845305433,0.995501712961021,0.004508427138661068
6596,2135,17,1,0.043455283655049914,0.06042924069762964,7.401514312849724,2.0286016994167126,0.06609608625870982,0.2355098209177918,-116.2303157030625,7.442250451385379,7.360778174314065,0.9890527364533738,0.011007514628441724
6597,2136,29,1,0.03240320356443361,0.06781035604895112,7.434915776194975,1.0814163705101083,0.05437413722215678,0.15286562556698652,-61.96059392436832,7.476222502001485,7.393609050388468,0.9889498404319963,0.011111551778101822
6600,2137,19,1,0.036499975139808565,0.04753904937288208,7.440539203823471,-0.6396921506909174,0.057335526901106555,0.19020201738232104,36.651660427778985,7.466706272518234,7.414372135128709,0.9929910009206945,0.0070336484972260875
6603,2138,17,1,0.04320819034589425,0.0674029352983676,7.4315684962349735,0.9300415306407193,0.06106540058455688,0.24789335595708148,-53.28745447776859,7.41980190678831,7.443335085681639,1.003171672126691,0.003166650338384365
6604,2139,17,1,0.03756726147980225,0.05610986420037122,7.506796145729258,-1.1229647136143384,0.05969382308574005,0.19530030366129905,64.34113862106786,7.47531727982064,7.538275011637876,1.0084220815599612,0.008386764552418782
6605,2140,23,1,0.031096628273830206,0.06746656642712427,7.582980572031979,-2.500171063916017,0.047475093792898104,0.17887418962381982,143.24925001825534,7.575413119597764,7.590548024466193,1.0019978982834976,0.0019959044764337568
6608,2141,7,1,0.030261282535357415,0.0636396938811699,7.6051742293555495,1.5244601858807634,0.04727216087812983,0.16986573719891554,-87.34513468182227,7.636034790894864,7.574313667816235,0.9919171239041205,0.008115675093989094
6609,2142,28,2,2.764841375627972,0.47739127117595237,11.863562370258762,2.6282459028325884,4.144035854753466,8.386397744288816,-150.59385098484142,17.421678784540305,6.305445955977221,0.36193101904579733,0.9370063124067027
6611,2143,17,1,0.023297122526113167,0.0510417088416929,7.45390889203212,-0.7277188022467069,0.03996861102217844,0.09647505012178183,41.695216042238755,7.478662886444697,7.4291548976195445,0.9933801015533288,0.0066418827412922
6613,2144,29,1,0.02187360697728199,0.07113930536446497,7.6158954575383255,-0.9539680294460369,0.039136129943664895,0.1256316045949599,54.658341876667414,7.583170746756244,7.648620168320404,1.008630877999438,0.008593792014224262
6623,2145,1,1,0.03224871652191831,0.06209392380997747,7.445572345037605,0.40423492344088396,0.05286592520751495,0.14758941913367324,-23.160955051828346,7.460327358249118,7.430817331826091,0.99604440596157,0.003963432904213832
6627,2146,16,2,2.763188510493627,0.47176740597586964,11.403952325601978,2.195787775445449,4.141562460809447,8.39191522050796,-125.81581389350714,16.680659317002206,6.127245334201747,0.3673263279201674,0.9254172309286095
6632,2147,1,1,0.04178876828763014,0.061305657559594995,7.558841258907707,-1.4428760770693667,0.06723068372159659,0.1903241562174948,82.67070956660746,7.567782729393084,7.549899788422331,0.9976369642720719,0.002365830999517144
6635,2148,23,1,0.03682596383736031,0.05469989026948832,7.490375404144881,-1.3876550632021323,0.056236823806196504,0.17023096581598304,79.50677854002524,7.534862468397807,7.445888339891954,0.9881916718614278,0.011878460518363151
6637,2149,11,1,0.03402635389310794,0.06502184881231493,7.356422218106328,0.9989341744308594,0.05508991750840846,0.16012638731547338,-57.23471219645971,7.381217919989486,7.33162651622317,0.9932814063608643,0.00674123946342514
6638,2150,1,1,0.025191904406912526,0.058357553534515993,7.567474484552118,-1.8613892348802898,0.04037273586572118,0.17572318921477098,106.64974719262723,7.587919843806491,7.547029125297744,0.99461107663886,0.0054034828385902305
6639,2151,17,1,0.029341374273134282,0.06215181733709437,7.45443536436267,2.8262212338142456,0.04672448053094266,0.1883804943347799,-161.93054866292897,7.550886116673622,7.357984612051717,0.9744531301834964,0.02587741327050833
6641,2152,17,1,0.04367359942333597,0.06854515766065127,7.3908550043499295,3.090147247311952,0.07413359035482765,0.21285398338165246,-177.0523953233336,7.397990764025358,7.3837192446745,0.9980708925158089,0.0019309700085386294
6644,2153,19,1,0.046336183103284675,0.060149729815548225,7.50090317579589,1.958566229012502,0.07481233720910799,0.2352215432244212,-112.21757884624506,7.484185696413515,7.517620655178267,1.004467414374923,0.0044574577195771
6645,2154,22,2,2.7626893953697103,0.4790948904943497,11.569937043851157,2.522833519927291,4.140815663437544,8.395464562363737,-144.54127494080294,17.00508532735941,6.134788760342903,0.3607620098484697,0.9395294482430676
6647,2155,1,1,0.044707588739443006,0.07677733399300028,7.370280198134168,2.71767915112595,0.06602807070448473,0.2610953160483225,-155.71154542364886,7.367783418503418,7.372776977764922,1.0006777559786793,0.000677526379901895
6648,2156,23,1,0.034545009146152064,0.05236465562149708,7.517812551473236,-2.784839973429133,0.053955780514241033,0.17698977886231299,159.5595770884842,7.5250916757243855,7.510533427222085,0.9980653726054575,0.0019365005980958737
6650,2157,7,1,0.02645936520879097,0.07440707194972195,7.5247557883676075,1.917292743444387,0.04339068302939256,0.1465054022678546,-109.85278229518819,7.346554699057104,7.702956877678109,1.0485128326434088,0.047363952883621996
6651,2158,13,1,0.03113654859526916,0.06422392448727159,7.476939802539627,3.016781765293691,0.0502404803138562,0.1575374054577689,-172.84886286338576,7.444495997808497,7.50938360727076,1.0087161856868974,0.008678364568378998
6656,2159,2,2,2.7737122870590865,0.47577669701971276,11.663860988159998,-1.1795660409448077,4.157310773186139,8.41050854667778,67.57764015997233,17.11462828041609,6.213093695903907,0.3630282582890462,0.9346420191031378
6660,2160,11,1,0.03410277586616428,0.05880527844805612,7.499831888678871,0.8902056766927602,0.052782990420966076,0.167913536042468,-51.005028172770494,7.530877495871455,7.468786281486286,0.9917551155998476,0.008279014157490201
6662,2161,13,1,0.02419658884957902,0.08624743399661919,7.443769922689203,-1.1288344350725725,0.04049351811477394,0.1524764840316302,64.67744889544389,7.5528953211001975,7.334644524278208,0.9711036910292836,0.029319927817320537
6666,2162,11,1,0.02941491516655519,0.07124713492233604,7.360857365009001,2.502094901301505,0.04642665136290436,0.1892445562864195,-143.359477787773,7.212233843432115,7.509480886585888,1.0412142825103299,0.04038212240965085
6667,2163,19,1,0.035511104370384114,0.07483355675671242,7.450482912465705,-0.28821753738363054,0.05833645253929405,0.21145897804040947,16.51364848531557,7.421317740460663,7.479648084470744,1.0078598364940052,0.007829068893304442
6670,2164,29,1,0.0309289549593767,0.04984190007204094,7.397269333359612,2.6399990187643483,0.051329504828105305,0.166216546262469,-151.2608016860123,7.434850283756,7.359688382963224,0.9898905965925107,0.010160763033707162
6672,2165,17,1,0.02069029685978219,0.05646869618552633,7.614860292708932,-2.615659551041835,0.0350015214212981,0.136890751593095,149.86625291679132,7.682594669409373,7.547125916008492,0.9823667967359657,0.01779005105721901
6674,2166,4,2,2.7632164107373844,0.46737950132110295,10.993689078001701,-0.22273676124753758,4.141604184583461,8.405394398155336,12.755434526604045,16.033129266950844,5.954248889052556,0.3713716012585312,0.916787832217855
6679,2167,11,1,0.026448690904507927,0.05489309249787602,7.450505650860161,-1.373555157161041,0.04139912453393588,0.14574695328319168,78.69891343016681,7.485526828415362,7.415484473304956,0.9906429625174112,0.009401020332401134
6682,2168,13,1,0.03526154709334555,0.06024301334590143,7.4112008183392515,0.6925033629012415,0.05627990732543176,0.18468080013372692,-39.6775200020087,7.4337851860399455,7.388616450638556,0.993923857863661,0.006094658140907263
6683,2169,29,1,0.035215689380908854,0.051994549673675415,7.493869781925569,0.04014332012410437,0.05773354573399732,0.17227652750769556,-2.30004281301728,7.459455430406362,7.528284133444776,1.00922704126066,0.00918466760717162
6684,2170,11,1,0.039586391513552255,0.06517016147109889,7.395294866970508,-1.7361975002617862,0.06188026959991381,0.18508386313563302,99.4767891621053,7.3469591513337456,7.443630582607273,1.0131580194312062,0.013072018494528168
6685,2171,23,1,0.0427611568647048,0.061660120142864476,7.4540371086493655,0.18453608862246892,0.07153363067057661,0.20520794088790295,-10.57313906556374,7.436276803689405,7.471797413609329,1.0047766659119386,0.004765284825146196
6687,2172,1,1,0.0145718575191469,0.0696568355404582,7.628617928568818,0.7565783211525346,0.027422833823720325,0.10610902604504269,-43.34874467332386,7.4223992278027815,7.834836629334855,1.055566588224892,0.05406449836575433
6688,2173,17,1,0.03930321718641988,0.05441571420220088,7.3897448560298304,2.0005209497745446,0.06056539719724947,0.21267672262589962,-114.62140725969225,7.329414346662706,7.4500753653969545,1.016462573000691,0.016328171145962092
6691,2174,19,1,0.022501069454721242,0.04902573752553321,7.557166488011223,0.06316100488261008,0.03575159432059982,0.1392948084886871,-3.618859010561583,7.601172976181159,7.513159999841287,0.9884211322889681,0.011646293154914193
6693,2175,22,2,2.770007212124932,0.4766494024348904,11.517969034450845,-0.4433717488969061,4.151766563627818,8.40668040942734,25.39684043211913,16.903754521864876,6.132183547036811,0.3627705039791532,0.9351970770723327
6696,2176,19,1,0.02822675336763251,0.0710792759197541,7.410516937232698,-0.3965094747637628,0.04490080315956458,0.1428621062447474,22.718319442705265,7.446247731679727,7.374786142785668,0.9904030067936057,0.009643266387397922
6697,2177,19,1,0.04163233454843943,0.07297186715512101,7.434538990344437,0.14838883855623383,0.06991746067976601,0.22225282807614746,-8.502054196857808,7.417842809925641,7.451235170763238,1.004501626914083,0.004491517346397045
6698,2178,13,1,0.031645287713471415,0.06598821896095586,7.395925010552208,-1.6452501168235258,0.05215401801448613,0.16271438609032807,94.2658879447359,7.415491409864111,7.376358611240304,0.994722831372746,0.0052911297191322905
6701,2179,11,1,0.042294848871172505,0.04653970844723845,7.387566242275404,1.2258616634170603,0.06729720509818211,0.2010566962928223,-70.23669956016867,7.405024498779052,7.3701079857717575,0.9952847538839269,0.004726389160138336
6702,2180,13,1,0.02751281196376813,0.07187479292420026,7.428379974576552,0.13294735272761715,0.04288516022338638,0.1414544775414163,-7.617322212853601,7.429753012930838,7.427006936222267,0.9996303946169152,0.00036967369977958584
6706,2181,19,1,0.04300429791238865,0.060306501480756954,7.429475277486955,0.967854712740995,0.06838410860310071,0.2114759047641131,-55.45399020292852,7.497327268311049,7.3616232866628595,0.9818996854756802,0.018265621269298052
6707,2182,13,1,0.036019317239553865,0.05471518811134845,7.48191894072437,-1.3371712779591154,0.058595219534865406,0.16887920363272052,76.61427071216214,7.467123047204551,7.496714834244188,1.0039629435396429,0.003955106607553273
6710,2183,13,1,0.021231750466697945,0.05725469378905999,7.564733256938686,-1.981366954888514,0.035316932139276606,0.1362699511381441,113.52396418407753,7.612834963994388,7.516631549882984,0.987362997547378,0.012717357088984218
6713,2184,17,1,0.02867033033426084,0.06657222810431061,7.560970919322316,-1.2923424448617167,0.04754326332809393,0.16841138266062908,74.04576777138416,7.568652638525988,7.553289200118644,0.9979701224060488,0.002031939888577301
6714,2185,29,1,0.034043284872862165,0.06425018259425593,7.502946529011729,-0.4878838335696113,0.05427393014673725,0.16214271137176167,27.9536845603935,7.445813444135905,7.560079613887555,1.0153463648544192,0.015229506076021668
6718,2186,4,2,2.7641762955372404,0.46757846516921414,10.900614876406886,-0.8707393885646436,4.143040582016536,8.40763892223722,49.88324344544999,15.90141368637048,5.899816066443292,0.3710246260368774,0.9175260050306414
6721,2187,13,1,0.030473019361215877,0.05433039180554327,7.508805638846413,0.8365974311243647,0.04958340516654283,0.14827043850319596,-47.93350195393568,7.423596344038105,7.59401493365472,1.0229563383727724,0.02269583177582373
6725,2188,29,1,0.024154962109654836,0.05532694764855368,7.347885739692033,-0.8803358829122977,0.03905087965979233,0.12532382848044768,50.4395306463417,7.370408821657197,7.325362657726869,0.9938882407990769,0.006130493250187109
6729,2189,13,1,0.026727710800357532,0.050315548441653125,7.421316491526469,-0.05045319289048001,0.03975661290880649,0.14720239303136357,2.8907550142983953,7.4297610064534405,7.412871976599498,0.9977268407638856,0.0022757458024093113
6731,2190,29,1,0.040530296271504736,0.07337783839091168,7.437423185095023,-0.7925236937458946,0.0671033529778541,0.25782697255007486,45.408262799373304,7.3914344514735095,7.483411918716535,1.0124437912352304,0.012366846010235525
6732,2191,17,1,0.030484362986141145,0.06527043691708895,7.48393215570396,-2.8147855075776085,0.049155705266672074,0.20887472220421346,161.27532981180636,7.511841494980214,7.456022816427708,0.9925692416979502,0.007458469343547334
6735,2192,28,2,2.7721722009769505,0.4704827978820153,11.289916220662084,2.2724880162046426,4.155006214096666,8.423968918894841,-130.21047710736795,16.50452946561135,6.075302975712819,0.36809913232432656,0.9237647371387596
6737,2193,29,1,0.04612275036899731,0.06423100349907712,7.51746763362372,0.03749992952694935,0.07183174827428568,0.20339940595505857,-2.1485876927008953,7.510694584973594,7.5242406822738435,1.001803574509254,0.0018019495341305132
6740,2194,1,1,0.03877447027936152,0.057449957450735945,7.5247344133865814,2.9926432086867085,0.06366134681493335,0.17599119796465879,-171.4658254392321,7.572830054387714,7.476638772385448,0.9872978422450492,0.012783345792396332
6746,2195,1,1,0.0427200856312798,0.07999043559491853,7.317798801108148,-2.4108782077288313,0.06825409243003577,0.24411638157020443,138.13314620419453,7.312370847132305,7.323226755083986,1.0014845948295876,0.0014834936360967478
6750,2196,4,2,2.7672491445440244,0.473090146132086,11.460729972437345,0.8652401212285653,4.147639081131012,8.416691353265849,-49.58107734938879,16.780938243330606,6.140521701544086,0.3659224301111153,0.9284239806169722
6755,2197,16,2,2.7690991391948914,0.4676103289868248,11.228244463136855,0.8827451122517258,4.150407467828186,8.40822527871706,-50.571086173798086,16.38226552235305,6.07422340392066,0.37078042689715823,0.9180457508094381
6763,2198,17,1,0.04007539102540224,0.07266424533200257,7.558608196357083,-0.6458481253342936,0.06271690483564497,0.2166337433987678,37.00437179037389,7.5799716215845105,7.537244771129655,0.9943631912376574,0.005652740470851284
6768,2199,7,1,0.0333041292661746,0.06450510547330515,7.506360221486512,1.2003036437119807,0.053719379598154746,0.18226260354672716,-68.772332910504,7.499350409110336,7.513370033862688,1.0018694452169246,0.0018676994360358504
6775,2200,23,1,0.0178856011002844,0.06602954190017103,7.491019712384078,1.140337112210237,0.029619132824731154,0.12810543387004145,-65.3365037511494,7.5230690727015475,7.458970352066611,0.9914797112700285,0.008556741684842824
6778,2201,7,1,0.03735635614057502,0.08295046047063505,7.376895407589424,-1.808171254626882,0.060687376088925965,0.1888500292624091,103.60058152956394,7.366815880362604,7.386974934816243,1.0027364678011534,0.002732728788983329
6781,2202,1,1,0.018325145204765157,0.035601204857631234,7.516879102490094,2.8942035426717236,0.03046321836654927,0.11287604443689467,-165.8256480462639,7.5032011411664445,7.530557063813744,1.003645900214138,0.0036392660137685214
6784,2203,4,2,2.757015896176947,0.4744463501572356,11.406849244910896,-0.3181093115728974,4.132325277933005,8.386354681752179,18.23271947701646,16.711632231628816,6.102066258192978,0.36513885499730353,0.9301048646863846
6797,2204,1,1,0.04695965782195164,0.06391784283402152,7.413919495096696,2.4260425327529664,0.07051639834373939,0.23848706409273893,-139.00199806127927,7.400322058361374,7.427516931832017,1.0036748229679973,0.003668083189820016
6799,2205,1,1,0.028198866733051327,0.06620828915221484,7.521606931456945,-0.8753913301142123,0.04505890957532608,0.12776785085645878,50.15622863843462,7.559891570980956,7.483322291932933,0.9898716432201305,0.010179909658372888
6807,2206,17,1,0.024251427947427497,0.057877093133159224,7.740298309589464,1.1130406443787755,0.04131293312550044,0.14750001233783316,-63.77253134861534,7.694540008513193,7.786056610665734,1.0118937067129794,0.011823394718413052
6810,2207,19,1,0.040876731918613185,0.07885068423857224,7.469015821724735,2.405451552663002,0.06245499350981543,0.24910921026936886,-137.8222217993566,7.4307320783530635,7.507299565096404,1.01030416464165,0.01025134884848319
6811,2208,1,1,0.043031503325747344,0.07199049875917723,7.38475103769604,2.764529794403701,0.06920533824970367,0.19552165012111386,-158.39588954510268,7.41920615115231,7.350295924239771,0.9907119137130546,0.009331421812432345
6814,2209,19,1,0.03213226770231201,0.07061738534741557,7.627849194702007,-2.7109962245961388,0.05100188476070329,0.1617197036434182,155.328641938725,7.530715038580227,7.724983350823789,1.0257967950252154,0.02546829483447216
6817,2210,13,1,0.035724023243002605,0.08204587776816745,7.614349813612772,0.11314716050951891,0.0541846529314999,0.1996985555321039,-6.482854761970354,7.607660515696593,7.621039111528948,1.001758568985137,0.0017570240611269761
6820,2211,19,1,0.018485467558841374,0.062377233584405334,7.585230450957848,1.417586487897614,0.029669885971557033,0.1165659986733034,-81.22172285083563,7.741954570018085,7.42850633189761,0.9595130357217089,0.04132349572594633
6821,2212,17,1,0.030855959165161033,0.06147214680144695,7.359104293021184,-2.5531885453473797,0.053918869727430374,0.16307936439088483,146.2869279410268,7.386436054917366,7.331772531125,0.9925994724132249,0.0074280131950576166
6825,2213,26,2,2.768105775948739,0.4714024174410865,11.064879125542978,-2.9577510234439486,4.148921148062331,8.410607504583824,169.47312663700149,16.18060615156991,5.949152099516044,0.3676717697586893,0.9246783390913713
6829,2214,19,1,0.029530843383629293,0.042046035388035696,7.471022626962929,-1.5619901302535226,0.04038916330284759,0.1481715391707061,89.49544210383186,7.3733692845978736,7.568675969327984,1.0264881192290318,0.026141894420885346
6831,2215,7,1,0.027169278544853563,0.05671739526188631,7.499229333302838,0.31211755041003186,0.04260664661599322,0.13773425655002325,-17.88301835473956,7.465079022708213,7.533379643897463,1.0091493500579813,0.009107685357205745
6832,2216,14,2,2.762122158753757,0.46543436621962087,10.915426757037158,-0.10904540917833055,4.13996667631814,8.3947438018158,6.254275892609246,15.898513081735931,5.932340432338387,0.37313806654997234,0.9130355478746964
6841,2217,17,1,0.03179943566999813,0.05005896365112821,7.516318127773534,-1.3141610132752108,0.051692114403874286,0.1613412264971585,75.29587965486776,7.479460158699908,7.553176096847161,1.0098557832494781,0.00980745318307717
6849,2218,7,1,0.046461218229677,0.07329473399900537,7.370140923076004,2.3777872585013737,0.07560003465447955,0.283988475186524,-136.23717446553184,7.365175374693984,7.375106471458025,1.0013483856471583,0.0013474771877084123
6852,2219,17,1,0.03013024054397892,0.06404130787126891,7.429660262128899,1.1967722985089484,0.050652497533922446,0.14609805754051577,-68.5700017366191,7.389127413740733,7.470193110517064,1.0109709431489275,0.01091109067120424
6854,2220,17,1,0.020897762006330336,0.0764502215479436,7.651159319499407,-0.04398385970448428,0.03378355076814468,0.16485775981169093,2.5200895288451495,7.825158319405329,7.477160319593484,0.9555283119385767,0.04548304188686189
6863,2221,13,1,0.031078137795594322,0.0654413389551904,7.589840958686508,2.844883622954868,0.05099482872120458,0.17193649211158857,-162.9998247956779,7.489823982705304,7.689857934667714,1.0267074302980026,0.02635548663684086
6866,2222,23,1,0.03447079118372162,0.05423660698234951,7.404502962755828,-2.2843792580196354,0.05345879551224204,0.17153004267732755,130.88529029084077,7.3382552645284935,7.47075066098316,1.0180554357512093,0.017893894717999334
6868,2223,29,1,0.024034847593747743,0.056615272491641604,7.524316624929455,-0.9493198524302897,0.039238881466416416,0.15263869816315923,54.39202095080785,7.563060162447315,7.485573087411592,0.9897545340944837,0.010298220941287083
6872,2224,17,1,0.029736133100723455,0.06448193248865268,7.537396019504775,-2.0300042252324206,0.0475216690757743,0.1994285339044127,116.31067450473783,7.600310054422881,7.474481984586671,0.9834443504363369,0.016693838231479467
6873,2225,11,1,0.04001236478934071,0.06742407229038104,7.382581529450229,0.7270429986460977,0.06360593124913708,0.2184872854942367,-41.65649536084026,7.4358869080292855,7.329276150871173,0.985662670979706,0.014440850633728405
6884,2226,19,1,0.03604960648637725,0.06672445028969767,7.5310677828328645,-0.27919429996811934,0.058465839901494183,0.18698961836943673,15.996655064002113,7.463302280802856,7.598833284862869,1.0181596562702044,0.017996253382416397
6885,2227,17,1,0.028443830711346152,0.05493895964117731,7.35521298568718,-0.27151705488340616,0.046521377787939085,0.18468262305187472,15.556781315875362,7.289196799010779,7.421229172363582,1.0181134323840346,0.01795085657067047
6890,2228,23,1,0.025916626956165263,0.054957132497018335,7.535519608461641,-1.5863730246022656,0.03909084998123085,0.1397486394023905,90.89247904509958,7.547703469707622,7.523335747215657,0.9967715050558406,0.003233714960359613
6894,2229,13,1,0.03662822576525423,0.06380460179370266,7.5221267365391835,-2.0673534627807717,0.060354613256799076,0.22573290868351073,118.45062819180163,7.454322985295435,7.589930487782931,1.0181917932393054,0.018027814105919634
6895,2230,23,1,0.024595557561397852,0.06182600668396968,7.4571448645623555,-0.023329102661050826,0.03898975694585088,0.17038680636987164,1.3366591200692601,7.486621195591142,7.427668533533571,0.9921255983817789,0.007905527266571467
6896,2231,1,1,0.046971651026331745,0.07115429689980184,7.5294253132582805,2.0167510587122863,0.081004048363596,0.2903285165735101,-115.55132402092434,7.520540611280964,7.538310015235595,1.0023627827935635,0.002359994716109546
6903,2232,29,1,0.03007396769269525,0.055991735847551315,7.557350146538918,-0.04905646320042321,0.04682333354069233,0.1665966644663606,2.8107282957415056,7.514935554755196,7.599764738322638,1.0112880786467644,0.011224725852657744
6912,2233,1,1,0.036925352416580924,0.053870356060382714,7.357721797067066,-2.717743612680891,0.06251469152742986,0.16271720005802998,155.71523879517085,7.352698543995005,7.362745050139128,1.0013663699230984,0.0013654370770212858
6915,2234,17,1,0.047642009567407585,0.0753334562773902,7.490022289536197,-0.037410999410529965,0.0815214327106255,0.2084711690483708,2.143492357569829,7.502296585055735,7.477747994016662,0.9967278564955733,0.003277505738984008
6917,2235,13,1,0.04302632352684855,0.06043073817026846,7.55879841569821,-1.4783085027883955,0.06812931668729406,0.1858901750671785,84.70083802850021,7.557626412496713,7.5599704188997086,1.0003101511341073,0.00031010304470182796
6918,2236,13,1,0.04223386020952945,0.06515489280555341,7.455129410721267,1.6059330998289292,0.07236645953615871,0.1835212649448795,-92.01318879204176,7.522810193525363,7.38744862791717,0.9820065158995113,0.018156836474700025
6924,2237,29,1,0.033957960877523785,0.054671062547305575,7.45324559682922,2.9569968928634442,0.05186175974070407,0.16619950736577016,-169.42344198961507,7.449683637362119,7.45680755629632,1.0009562713372784,0.000955814328355341
6928,2238,17,1,0.029499278589347346,0.05184273314915079,7.478550591062176,0.5933659707823556,0.047583448503039104,0.1519342627319757,-33.997365838045496,7.486607103463434,7.470494078660918,0.997847753384165,0.00215456519365832
6931,2239,13,1,0.042939317180700286,0.0684438092695204,7.424356821547938,-0.8535297899785231,0.06460742975594705,0.23102189668363787,48.90365466307198,7.465977834160155,7.38273580893572,0.9888504858876535,0.011212018390985653
6932,2240,13,1,0.03890649678016879,0.07449105407896552,7.463500184878135,2.5155309898904434,0.06449854914867185,0.1938677394454902,-144.1293089405642,7.441542017152701,7.48545835260357,1.0059015101103566,0.005884147432574387
6940,2241,13,1,0.03782166616773593,0.0649311878701508,7.314526862113909,-1.0441074598876898,0.061503449417156957,0.16767097985431992,59.822950797208094,7.361311455207865,7.267742269019954,0.9872890602771991,0.012792240421257983
6944,2242,13,1,0.0211762428690768,0.08180486975651519,7.51057712667343,-1.8281328703915458,0.035321838167205036,0.1322468451646533,104.74429786444617,7.470478076025843,7.550676177321014,1.010735337213898,0.010678021135067137
6945,2243,23,1,0.017938747480887165,0.06517832490780405,7.593870306321853,1.7405227098583018,0.03177342970795263,0.2010609358840604,-99.72460542174593,7.679960370032527,7.507780242611178,0.9775805968878171,0.022673567031821718
6946,2244,28,2,2.7588843110907404,0.46685916579699255,10.845129238729664,0.1726782771336604,4.135121406113232,8.399552250036141,-9.88732497137573,15.80697759794186,5.883280879517467,0.3721951804552122,0.9150372024139011
6949,2245,19,1,0.02036546209071824,0.04539478468335415,7.502830011310241,-1.2698386939315844,0.032228014503810874,0.10631451994786681,72.75639782283797,7.484008889250325,7.521651133370155,1.0050296899264641,0.005017072766287625
6951,2246,19,1,0.039807364798840804,0.045464075504621,7.426175273006382,1.0190038871672031,0.062435025679738014,0.17569196876718476,-58.384622035078586,7.4821134895815025,7.370237056431262,0.9850474824652121,0.015065148483217668
6952,2247,23,1,0.02360384319337918,0.0814034197956066,7.569682366140291,0.10401042794691874,0.04031495047619048,0.12672916853140087,-5.959358545182813,7.665735292268146,7.473629440012435,0.9749396705036927,0.025378324078037112
6959,2248,1,1,0.036385318897443786,0.08285352920621482,7.565205857165283,-2.082055704707769,0.056419089060954136,0.23319401687214994,119.29300459548244,7.539869992564296,7.59054172176627,1.006720504365718,0.006697997405315914
6960,2249,14,2,2.75375830146472,0.47396784752473453,11.302610088377502,-1.3970381071331457,4.127450268675839,8.374144048096259,80.05076315688983,16.553377658211357,6.051842518543647,0.36559562909154136,0.929124782466526
6961,2250,13,1,0.03649731049611141,0.07165564816117706,7.510708772262657,0.5850158476847768,0.05632084281310836,0.19296834503125376,-33.51893903175849,7.519382316548675,7.502035227976637,0.997693016814179,0.0023096473446156227
6964,2251,11,1,0.03765251700380335,0.09015898267025335,7.60834893032362,1.8269135140989583,0.06575457728107367,0.2318841247187652,-104.67443390497988,7.668250713181129,7.54844714746611,0.984376675959605,0.015746329040921513
6969,2252,28,2,2.761024522802409,0.4732131279361087,11.380776775181776,-1.1451245854535783,4.138324174873121,8.393994433786634,65.60437925486501,16.661225127508832,6.100328422854718,0.36613924703428047,0.9279592169564748
6971,2253,17,1,0.03182134227175226,0.0475652572683313,7.528234908939153,1.250557329765702,0.0522839239001766,0.16235235652832533,-71.65165702653272,7.53276866593961,7.523701151938696,0.9987962574714508,0.0012044674629038009
6972,2254,19,1,0.03716005189153828,0.05800585518770899,7.501932852381363,-0.9933549100144915,0.058509993308791926,0.19359663322214904,56.915043893941466,7.399877344402106,7.603988360360618,1.027583026915023,0.027207790308829596
6976,2255,7,1,0.03817957522153681,0.06690697011990522,7.368915103076186,-2.9254265387831397,0.06353407870558511,0.21536341000372347,167.61459393257815,7.361846641548149,7.3759835646042236,1.0019202957823503,0.0019184537829962669
6982,2256,13,1,0.030533089674037707,0.07279582213765069,7.500655523789145,2.1472852723820304,0.05197942578476477,0.1459022036013203,-123.03038352169935,7.363225233541295,7.638085814036993,1.0373288296606276,0.0366448745211599
6983,2257,11,1,0.04077167720838052,0.0659289011095199,7.407773002204702,-0.7345069617463732,0.06505542296085295,0.24929544786240526,42.0841489482441,7.399628707274677,7.415917297134728,1.0022012712400066,0.0021988511061560704
6989,2258,13,1,0.02162544542877764,0.04294127429704266,7.5767525033971195,0.9491803729630568,0.03598271786151675,0.10289043273924994,-54.384029365825754,7.41724980258554,7.736255204208698,1.0430085827110687,0.04210318358427678
6992,2259,17,1,0.026316811854267725,0.05356322463541053,7.482318729756758,0.16094167231694126,0.03833119611907604,0.15801064759727876,-9.221278573474507,7.462141766759619,7.502495692753896,1.005407820871755,0.005393238039137677
6993,2260,19,1,0.040754987336171104,0.06355793682674028,7.5810258472214365,-2.4255118818574695,0.06370608285170225,0.18674883404344889,138.97159398940883,7.604964858481717,7.557086835961156,0.993704372944319,0.006315507094347717
6999,2261,13,1,0.01638897963044692,0.05985545117477683,7.593480650075592,0.24724702422161868,0.027873334922206082,0.11835425861021853,-14.166210985555685,7.6475555936427115,7.5394057065084725,0.985858241132089,0.014242465625188943
7001,2262,11,1,0.02351955982427796,0.06927103007511443,7.515589153482125,-1.974189622312798,0.03698631515773649,0.14913358580611055,113.11273331896452,7.206177459906268,7.825000847057983,1.085874014426473,0.0823386396614032
7002,2263,29,1,0.04115935424365215,0.06573520270883713,7.599321031273208,-1.2930400370789528,0.06986508290564689,0.2003692971975903,74.08573684763536,7.629846414252972,7.56879564829344,0.9919984279309363,0.008033713236786826
7006,2264,13,1,0.034784933045093294,0.05074950293696655,7.307495872984798,-2.492764034124027,0.053679149367148266,0.17318064757782187,142.82485848201748,7.29778998812986,7.317201757839737,1.002659951813008,0.0026564188399531914
7008,2265,13,1,0.020532357521301267,0.05999194640027373,7.627507224711453,1.8827257400017752,0.035015652344419626,0.14883084599633303,-107.87223888366906,7.766198444689416,7.488816004733491,0.964283369536404,0.0363660671545832
7015,2266,1,1,0.019616327944078468,0.08292058051313071,7.478374203488509,-1.1585196146051757,0.03405305244414448,0.12278913539316227,66.3782843984813,7.50989536831258,7.446853038664437,0.9916054316929441,0.008429951207674908
7018,2267,29,1,0.03591718211791511,0.06700329000968236,7.417878366562806,2.82743047528754,0.05628312999569021,0.20323412350015121,-161.99983309167806,7.430457949752696,7.405298783372915,0.9966140490196007,0.0033916930335753754
7024,2268,11,1,0.042302160526259035,0.06990737528800645,7.512725218487049,0.634061855641669,0.06868913912470763,0.23541414062554747,-36.329068296536924,7.539039492019999,7.486410944954097,0.9930191973232654,0.007005253824057733
7025,2269,23,1,0.026754700556147447,0.06919147722538704,7.4907638824647185,3.0824936752203516,0.04051826000066471,0.1749760869915252,-176.61387796487546,7.536238764822264,7.445289000107172,0.9879316768545566,0.012141587445840934
7026,2270,16,2,2.759341114469305,0.4776502803983187,11.61457746930996,-2.226942786717699,4.135804869092667,8.393356675387736,127.58800814771436,17.054005421965226,6.1751495166547,0.36209379344404496,0.9366553311178573
7028,2271,13,1,0.0455321378889452,0.0746109928792333,7.346491759115907,-2.8659610743004915,0.07393906002304622,0.2785496595590753,164.207473783345,7.371518741728615,7.321464776503202,0.9932098164599286,0.006813315371014191
7029,2272,17,1,0.02730910908351133,0.05836331784589483,7.5399628561870555,-1.1423831338088941,0.04317833875906168,0.14670385768657548,65.45373215091495,7.561744946103272,7.518180766270839,0.9942388720932881,0.005777771146005837
7032,2273,4,2,2.7634399108618806,0.469791459077488,11.029819279161044,1.947702641124228,4.141938623719441,8.389686644982552,-111.60158449318332,16.11359380222548,5.94604475609661,0.3690079835123677,0.9218237206604747
7039,2274,26,2,2.762663070032133,0.47224738330556015,11.342600889759243,-2.901620292532937,4.140775997438916,8.392715817950434,166.24415854772946,16.599299878313573,6.085901901204914,0.36663605970249025,0.9268948170962062
7042,2275,4,2,2.7565611864495825,0.4636783221425508,10.565487422014177,-3.0248353868931184,4.131644756415334,8.401564607037754,173.31669670642836,15.366639197942211,5.764335646086142,0.37512012690830016,0.9088367784953089
7047,2276,11,1,0.022328635112947384,0.05639613437027366,7.549424327201505,2.968777370849681,0.03416321655509002,0.15830178213123447,-170.09841366343178,7.435836623205648,7.663012031197362,1.0305514254149626,0.03009175244967661
7048,2277,29,1,0.036278802855769184,0.06443589610285999,7.495213791895863,-1.6192678003281924,0.061855598965426535,0.1761853923510174,92.77721085383847,7.536988965584014,7.453438618207712,0.9889146252226432,0.01114716000051124
7054,2278,1,1,0.035908688157416074,0.0746288076250772,7.367500335111829,-1.9467066745948403,0.06055302929604143,0.17005477309794742,111.53807640897894,7.338101034900396,7.396899635323261,1.0080127815279751,0.007980807295337868
7055,2279,19,1,0.029988224803342962,0.050087119491094186,7.495540746649114,-1.4588503901679362,0.04747330406984441,0.17307515675424642,83.58597029251804,7.501747049177523,7.489334444120705,0.9983453714214239,0.0016559986098891339
7065,2280,7,1,0.028089147533351018,0.0587303371863894,7.507294564228475,1.1981197629609488,0.04523545217813666,0.15078942209804622,-68.64720576367696,7.483165935936982,7.53142319251997,1.0064487754242144,0.0064280489023208565
7069,2281,17,1,0.031864406808818045,0.07117079656602596,7.434706762214381,-0.8415132820578379,0.050069183088812995,0.19772515333728874,48.21515946170503,7.488628855196542,7.380784669232218,0.9855989410011302,0.014505506325067658
7070,2282,1,1,0.03737040521342072,0.07696537075769726,7.3911858435691355,-2.805143989411545,0.062101049307682565,0.22256826128296203,160.72291150656122,7.4452656084745374,7.337106078663734,0.9854727103774925,0.01463358277006529
7076,2283,23,1,0.034141543647433686,0.05521619587156619,7.447940599869126,-2.7466418633135286,0.053781179101423,0.19386765009900198,157.37098659439215,7.436723672769945,7.459157526968302,1.0030166314072553,0.0030120882272813873
7085,2284,13,1,0.024881732815802287,0.043719344141439326,7.49875617455037,-0.24297688038419835,0.04142991404310873,0.15181761745295308,13.921549769395465,7.485069605675952,7.512442743424787,1.0036570318234685,0.0036503570874506725
7092,2285,11,1,0.03455313471758627,0.06419566309678046,7.528822677130097,1.4585637265994686,0.05681596624468613,0.1973053201914451,-83.56954567584344,7.543813127858399,7.513832226401794,0.9960257629731192,0.003982150030930597
7093,2286,17,1,0.024965968438041674,0.06639150386893451,7.645300657042721,-0.46400589552417676,0.043009017319117764,0.10846004719931811,26.585579484598764,7.71871550345289,7.571885810632554,0.9809774446597167,0.019205221535019506
7094,2287,8,2,2.759120377650162,0.466886942111817,10.84272077891841,0.02238962165932702,4.1354746845526105,8.392596384012235,-1.276417657548404,15.804194627248616,5.881246930588206,0.37213202376336996,0.9151713761691327
7102,2288,11,1,0.022854895063833768,0.05320698972434571,7.421805006211737,0.5273454770890236,0.036230354642607494,0.11027133342466773,-30.214670184189163,7.4395209873018375,7.404089025121635,0.995237332855075,0.004774035716452685
7104,2289,13,1,0.019103574394996988,0.06614496333252395,7.587114410444688,-0.9921169175583713,0.03387861803532515,0.12673698283366525,56.84411215890153,7.777278769067545,7.396950051821833,0.9510974559947128,0.050128243317662025
7108,2290,11,1,0.03093140894540476,0.05604755172077401,7.515968515041132,-2.9491201836969934,0.049813500506811624,0.1595703856544122,168.97213979688877,7.549966045514591,7.481970984567673,0.9909939911600909,0.009046746378839165
7114,2291,23,1,0.047705938148060845,0.06392991392073044,7.5324275279708734,2.437140333695746,0.0701493209217101,0.27437241856597655,-139.63785520436343,7.478368578170103,7.586486477771645,1.0144574178808392,0.014353659454413362
7115,2292,7,1,0.0339928408463682,0.055482731252698855,7.28067303793308,-0.2224394676142946,0.05334644233305129,0.15814146820260153,12.744842691708566,7.225620843759876,7.3357252321062845,1.0152380523040447,0.015122831058715664
7117,2293,29,1,0.02052458763314461,0.049449292832897486,7.542102542250226,-0.5419238840349623,0.03411593365541207,0.11861822301317126,31.049951374319665,7.53732812594997,7.546876958550481,1.0012668723506457,0.0012660703758692105
7119,2294,29,1,0.03614887284577078,0.07099143200980493,7.3632174583726355,1.8571778129963126,0.06059643185992211,0.17771356557296772,-106.40845049037125,7.4369689700903105,7.2894659466549605,0.9801662446046808,0.020032414398901927
7120,2295,19,1,0.03030540361736701,0.0515047631776361,7.429138124578665,0.2451152359438119,0.0474917468485801,0.16067867058752322,-14.044068519704307,7.398093694240582,7.46018255491675,1.0083925485729526,0.008357478301655617
7121,2296,29,1,0.02053359248187511,0.04705887152037319,7.437409913752748,-3.0143141118885035,0.034912908080629135,0.13365791285300851,172.70747673579223,7.514564499339311,7.360255328166184,0.9794653208197636,0.020747702891538745
7122,2297,7,1,0.026571173812399426,0.06276020993163427,7.525815394699051,-1.2649672520782953,0.04111651887803817,0.13348368055973328,72.47728476311272,7.60256857204679,7.449062217351312,0.979808619515792,0.020397305360905282
7127,2298,17,1,0.030457790400131156,0.06971927579844531,7.404567833262768,2.1606854060236516,0.04718289091703291,0.19959675565439258,-123.7981546203573,7.459321499025079,7.349814167500457,0.9853193978113245,0.0147891590691753
7128,2299,13,1,0.04294418877574499,0.052174250297080046,7.5052856199715645,2.0545295881149883,0.06802102176633311,0.25477982417222467,-117.71587430382237,7.531770787556491,7.47880045238664,0.9929670808281413,0.00705773742026514
7130,2300,1,1,0.02914151170451153,0.04274782045673751,7.48287614251755,0.7297556070311163,0.047885555304998405,0.11404062375750383,-41.811916359443586,7.506122773584729,7.45962951145037,0.9938059550134223,0.006213287678274625
7134,2301,11,1,0.019828888873960872,0.05120327250752702,7.541494800617408,-1.9812020240873742,0.03247516377498094,0.14784775853047485,113.51451434404196,7.576104700839496,7.50688490039532,0.9908634049848195,0.009178525249199722
7136,2302,23,1,0.027743931412465995,0.061527701106786424,7.435099054223196,0.09702880144983991,0.0465338921713737,0.15092754574728362,-5.559340811899288,7.4241970797335926,7.446001028712798,1.0029368763712814,0.002932570073403509
7137,2303,14,2,2.761631577123564,0.47208316027835273,11.251369526863323,1.1737634181969139,4.139232656483113,8.38903198254523,-67.24525925642715,16.459641818089377,6.0430972356372665,0.36714633905312677,0.9258023707764628
7139,2304,1,1,0.04035471781494303,0.07800018469913594,7.502346000280001,-2.1197296194636044,0.05958744782081538,0.237338073011331,121.4515609085888,7.493764315116494,7.510927685443507,1.0022903536334056,0.00228773377372519
7140,2305,1,1,0.028942034765891952,0.0767601987877598,7.51632296400285,1.8340632033031097,0.046917954930503485,0.14026917121639465,-105.08408091282814,7.553119904173803,7.479526023831895,0.9902564925122874,0.009791207841169691
7144,2306,29,1,0.03456605261682182,0.05915119580893924,7.516897414447168,-0.41766475440158607,0.05926650392803629,0.1820406643883624,23.930427690963086,7.559963853938409,7.473830974955928,0.9886067075654589,0.011458567841691815
7145,2307,17,1,0.03274402099777152,0.05650999541962052,7.466440655411994,-0.18785923286068418,0.048675370573136596,0.17781494673721515,10.763541188047276,7.492860745886448,7.440020564937539,0.992947929670531,0.007077024165538389
7147,2308,29,1,0.04512746661304197,0.06154051862695968,7.406623329259106,-2.6709424367350936,0.0753716138184341,0.21533260090051834,153.03372892218593,7.467155509334796,7.346091149183417,0.9837870846535827,0.016345418792005555
7152,2309,29,1,0.03982750360905388,0.05695298789656854,7.335085676584924,2.6288822548593815,0.06565442836598026,0.18636819612460767,-150.6238580235352,7.385312470320682,7.284858882849168,0.9863981939998875,0.013694943985750862
7157,2310,23,1,0.03655782083035407,0.0710809643622262,7.382644181099494,-2.25123402772121,0.05966089232442057,0.2165414412096736,128.98620849472107,7.268691596316421,7.496596765882566,1.0313543595220962,0.030870398731881337
7159,2311,2,2,2.7676718935872064,0.47277412517517603,11.314983393112156,2.3703450217339683,4.148271767615605,8.418403625027524,-135.81723885082778,16.56285553985193,6.067111246372377,0.36630828734660426,0.9275969684470504
7160,2312,26,2,2.759130754920892,0.4742439505334007,11.41183266140204,-1.2309879311006737,4.135490124119257,8.370620116535827,70.52399981535208,16.719092651744525,6.104572671059558,0.3651258353677816,0.9301328100074754
7161,2313,11,1,0.03031080720253971,0.0650420469477558,7.5249048640837,-2.3746628092270337,0.051026166069241326,0.18508820005175536,136.05815672848885,7.50244402622255,7.547365701944851,1.0059876055809667,0.005969733376525663
7163,2314,8,2,2.758795177081317,0.46790424504593303,11.008441290335936,-1.5542141358579775,4.134987820350975,8.393452361665922,89.05632135577117,16.060024988444567,5.9568575922273075,0.3709120998574633,0.9177654792133562
7164,2315,13,1,0.029557850145294582,0.061330317004913586,7.551132770517623,-2.6039193008799866,0.05017155969679351,0.18710763200176067,149.19358612596287,7.580290335561443,7.521975205473803,0.9923070057337954,0.007722699608107024
7166,2316,29,1,0.03374203942995921,0.06094644229544263,7.414362656978245,1.7771602725324782,0.05322493434778198,0.1661947393302443,-101.82378313330553,7.347704717892498,7.481020596063991,1.0181438807478007,0.017980760361919878
7167,2317,19,1,0.026243641673224436,0.06797483042348959,7.482601983585689,2.446296476738319,0.04515966147553703,0.14025221356118922,-140.1624635524303,7.441854642849355,7.523349324322021,1.0109508563904794,0.010891222284900085
7169,2318,29,1,0.038620631582596994,0.056856458483577794,7.4987920952486915,-0.05523963889825452,0.06309145597213704,0.16338632185084961,3.164998173981854,7.470986168835424,7.52659802166196,1.007443709782052,0.0074161081038334915
7172,2319,23,1,0.01839491805111462,0.08146010179647425,7.538930595824704,-2.451784711676993,0.03125933120531932,0.09479612407542448,140.47691625398488,7.470082272114267,7.607778919535142,1.018433083118093,0.018264745333659908
7181,2320,19,1,0.031416400801752106,0.07579109305312084,7.396765644111109,1.3598630629765691,0.05355207893104572,0.15218953567355617,-77.91441422277593,7.457920623736442,7.335610664485773,0.9835999918179082,0.016535600171143052
7185,2321,23,1,0.04528141218806651,0.06669972156601561,7.448830417538015,-1.9561975154694091,0.06853991959848407,0.24319509059438288,112.0818615475937,7.466783773983786,7.430877061092244,0.9951911406599653,0.004820449772490577
7189,2322,11,1,0.044988021486605016,0.0652477385090639,7.429403038185194,1.9073120439810793,0.06975727198864605,0.2575581373790058,-109.28093035407193,7.451583939808021,7.40722213656237,0.9940466612730939,0.005971112755310574
7192,2323,13,1,0.02563369133351822,0.06337930296254479,7.699198218022008,-1.1394112926739726,0.04465633817209679,0.1329931776112771,65.28345819776722,7.661400948128624,7.7369954879153955,1.0098669342981241,0.009818495075217367
7200,2324,17,1,0.03459720210358548,0.0637355306277941,7.565225665270881,3.1227134163999617,0.050964440258373864,0.1742622026411255,-178.9182993888278,7.6374887949421195,7.492962535599642,0.9810767304250333,0.01910402488136516
7208,2325,11,1,0.020855025361893445,0.06128277546906543,7.4471598533480785,-2.5803113471251904,0.03458173236994551,0.11208654188949461,147.840950019197,7.4306193048076175,7.463700401888541,1.0044519972998105,0.004442109170793662
7209,2326,1,1,0.04968884145049999,0.05685736397257334,7.502241617440764,2.209347980519709,0.07703412222145106,0.23244199759504058,-126.58631477772727,7.5730111088955665,7.4314721259859615,0.9813100785309363,0.018866225606565857
7215,2327,16,2,2.7605914661322344,0.481318769000726,11.610690401369611,-1.8380957023964755,4.137676404925241,8.413195895320873,105.30870262226718,17.08312742568727,6.13825337705195,0.359316723694403,0.9426548870293063
7219,2328,23,1,0.03381023469717039,0.07321742846740671,7.466726717287844,0.8194130549727007,0.053627876774145516,0.16955236485298475,-46.94890972463528,7.462272542924201,7.471180891651486,1.0011937849597483,0.0011930728235519227
7223,2329,1,1,0.01987322376266243,0.048062081938226815,7.542034583677926,-2.303807026779103,0.03542710325500138,0.08830592127472062,131.9984194478573,7.668253431531236,7.415815735824615,0.9670801574360314,0.03347076878339078
7226,2330,23,1,0.04134602612703022,0.07506892241782025,7.379985654914932,0.5409121474914593,0.06554276033335213,0.2602476373803338,-30.991983131908494,7.366598728028333,7.393372581801531,1.0036344933071117,0.003627900517037797
7227,2331,13,1,0.026897327519166875,0.08368661553088194,7.684761393264112,2.9687650753382875,0.04704523449207262,0.1538683248602957,-170.09770918131582,7.690483117634466,7.679039668893756,0.9985119987176787,0.0014891091805063345
7228,2332,11,1,0.041761393366759984,0.07056362563220175,7.405141334947613,-0.8988624157199213,0.06661044187852908,0.21077032782906188,51.50102276893866,7.467066578849682,7.343216091045544,0.9834137694506513,0.016724932341215564
7241,2333,7,1,0.04248912824253153,0.0632842635560058,7.495951649771312,-0.6888744775283872,0.06438190101876382,0.20548106885115275,39.469600185662316,7.499107205634227,7.492796093908398,0.9991584182552974,0.0008419360236964969
7248,2334,29,1,0.03901287646899501,0.057452147775145804,7.422400020003692,-1.1817128557275318,0.06780427240346365,0.17467665610514277,67.70715921850481,7.43195116571609,7.412848874291294,0.9974297070851439,0.002573600368252177
7251,2335,29,1,0.02873882491513484,0.05814936917575716,7.547817308987091,-2.3996084423194746,0.046796576278941224,0.1398080581296957,137.48743622910237,7.593092527378034,7.502542090596147,0.9880746301384589,0.011996903617959883
7254,2336,1,1,0.03576789348436261,0.06505140746884698,7.514660907161336,-3.0029816812503265,0.05855389435855815,0.1873941170075832,172.05817628585115,7.539289303101009,7.490032511221666,0.9934666531686106,0.006554759088650605
7256,2337,19,1,0.026018844722820768,0.054652055928352226,7.605063495467563,-2.4003526086819957,0.04185565438241912,0.11633172219581793,137.53007381958477,7.54905452140201,7.661072469533115,1.014838672553434,0.014729390253988678
7258,2338,13,1,0.033435413801317516,0.06604398714596266,7.480441525699393,2.4164328657147296,0.05346794341859844,0.19875374066705914,-138.45140467559474,7.4276223315917065,7.533260719807083,1.0142223693531196,0.014121945590036463
7262,2339,28,2,2.7547252964854385,0.47531115860345485,11.260421902781964,1.593159517316373,4.1288970932862,8.365080803188144,-91.28769897811138,16.511843559241523,6.009000246322402,0.36392061399826076,0.9327220066527281
7265,2340,7,1,0.022757730247677306,0.06789732638384685,7.549238222094386,1.3051745706568216,0.037057358039394056,0.1839863457967616,-74.7809944240153,7.6329601067721455,7.465516337416628,0.9780630624275165,0.022180220630137113
7266,2341,23,1,0.04550356947980102,0.05514204413646531,7.50561718468518,2.083600560765639,0.07148129726585936,0.24024777117338922,-119.38151834181913,7.563815463896274,7.447418905474086,0.984611396327981,0.015507926338115076
7267,2342,13,1,0.03725385428477912,0.051511238626542104,7.524329338139664,-1.7836879237798533,0.06020761646638358,0.18642371861645032,102.19779001058369,7.521061762575985,7.527596913703343,1.0008689133706994,0.0008685360294149366
7272,2343,1,1,0.03059056285160831,0.08797717241789114,7.382599656998769,0.11481649432561633,0.051636073460358006,0.18269259746856098,-6.578500551185891,7.372356591058713,7.392842722938828,1.002778776586168,0.0027749211432173213
7274,2344,13,1,0.026291337168127687,0.05143406021221209,7.520232746335783,-0.15146166646528336,0.04081185071684138,0.1404115405866411,8.678114250485187,7.46619409325009,7.5742713994214785,1.014475555392954,0.01437153740009561
7276,2345,7,1,0.040752263695046205,0.05489047257161821,7.426520571299941,3.0391410131309695,0.06307833456463724,0.20694867445255385,-174.1299533982329,7.435549487426253,7.417491655173626,0.9975714192632079,0.0024315333242881767
7281,2346,17,1,0.040084668533368444,0.06303238450267548,7.49710234780158,-1.1131107690143094,0.0665700731478072,0.19962624447351096,63.77654917723508,7.477917078936323,7.516287616666841,1.0051311798894642,0.005118049074222651
7284,2347,17,1,0.038541342611469395,0.059448819363696566,7.425916480061725,-0.3222339715306619,0.06554705124738415,0.17096347922059812,18.462646594285747,7.44693993583432,7.404893024289127,0.9943538000967531,0.005662184816929647
7290,2348,13,1,0.04084972488650582,0.06560852463268604,7.467502067320406,-1.3914127629522826,0.06837847298346378,0.21903024285558403,79.72207885791802,7.489500297181977,7.4455038374588325,0.9941255814170007,0.005891723808913821
7295,2349,23,1,0.03823776491496586,0.05405385483606665,7.52738078858717,3.043177303575779,0.06074031308192268,0.18047761196059492,-174.36121580282847,7.542825476011107,7.511936101163234,0.9959048005358055,0.004103601998547307
7300,2350,11,1,0.030010871520636286,0.05313572777893907,7.50919936604653,2.3046689927693738,0.048607792482162425,0.16370004068081034,-132.04780646312938,7.505110542789402,7.5132881893036565,1.001089610401823,0.0010890170996431879
7302,2351,19,1,0.031762913598396524,0.05561109055307254,7.511645872425703,-1.6114480353006118,0.04831308326572544,0.14717062736304604,92.32917133037587,7.5137784476378435,7.509513297213563,0.9994323561103108,0.0005678050452214678
7306,2352,19,1,0.02141479843176542,0.07030060823028488,7.686411485569582,1.842395062638384,0.03326227351743369,0.13657029215318717,-105.56146128598778,7.742480059379796,7.63034291175937,0.9855166372066306,0.014589011768489282
7308,2353,13,1,0.02811870586106,0.06549067829347696,7.37172192618255,-2.612035197956099,0.04844998193864558,0.15655032994553894,149.65859277787854,7.372903313623652,7.370540538741449,0.9996795326370498,0.00032051872084478544
7313,2354,2,2,2.7590762229526278,0.47660030346128324,11.371437109378178,-1.8414166842343194,4.135408507555682,8.377117329791805,105.49899146048621,16.68661046990929,6.056263748847063,0.36294151887636084,0.9348287836279936
7315,2355,4,2,2.7641874474019645,0.47408262041788685,11.475137730293147,2.894853266818758,4.143057404317101,8.408323433674989,-165.85642585872796,16.809723926945587,6.140551533640707,0.3652975837275679,0.9297642123405104
7317,2356,19,1,0.03819151942536846,0.06412186172763683,7.426074611973301,-0.47653455557146734,0.0654895414423453,0.20425869429423382,27.303418840460992,7.426681578742088,7.425467645204515,0.9998365442863407,0.0001634690736363072
7321,2357,7,1,0.02894251142595022,0.05521748444179836,7.364880830910246,0.45041083364665374,0.04798049519391229,0.13142272674457992,-25.806639816579935,7.353405878027184,7.37635578379331,1.003120989939465,0.003116127238584161
7328,2358,13,1,0.03473381536040122,0.06850863852396108,7.5005334818162925,-1.585192343947762,0.060472812583324764,0.18435854589938255,90.82483101398202,7.463090195703606,7.537976767928979,1.0100342579630732,0.009984166113906612
7329,2359,17,1,0.021478261759242327,0.06527410594179552,7.576725932997338,-1.7488300890186481,0.03568898281969467,0.1442726800736449,100.20058318730415,7.46512269599835,7.688329169996325,1.0298999069523163,0.02945948896288971
7333,2360,7,1,0.0382831121908826,0.0666325095123433,7.46335644159108,-1.342170822693265,0.06505042302384621,0.24002961246176727,76.9007235086951,7.467570326753088,7.459142556429075,0.9988714173479131,0.0011292198610597355
7334,2361,28,2,2.765152107095973,0.4737185783936366,11.400390249030092,1.227541224552582,4.144500891837558,8.392162072551429,-70.32647593588274,16.699375135825203,6.101405362234982,0.36536728545882086,0.929614648453974
7339,2362,19,1,0.038436009618721845,0.05285003200259858,7.5442165827104875,-1.705681479529472,0.0610006944666621,0.2160754682752801,97.72834997942817,7.522113203024874,7.566319962396099,1.005876906951287,0.005859688529162285
7342,2363,23,1,0.04628703767147544,0.0864083825250093,7.4457011072174595,-1.3170157598493064,0.07259267533829554,0.24026072658870495,75.45944456679821,7.35882999035264,7.532572224082279,1.0236100350133668,0.023334570005935737
7343,2364,1,1,0.040829417995039065,0.07149870440900793,7.39832791803316,1.2745372812890308,0.0672942450152566,0.27992380643243453,-73.02560703411746,7.332579410657094,7.4640764254092264,1.017933254778123,0.017773882992076235
7344,2365,7,1,0.03477275388876451,0.06361881481022959,7.482210635622989,2.009211382290445,0.056630392028416215,0.1676238594185253,-115.11933236386166,7.563490489493628,7.4009307817523515,0.9785073164345105,0.02172616030980542
7347,2366,29,1,0.03097733366154477,0.06479211346441874,7.2772627525994995,0.7122731847688731,0.050417649488948425,0.19564709185192095,-40.81024735527525,7.309776706039954,7.244748799159043,0.9911039817636045,0.008935764598809083
7349,2367,1,1,0.023275436207076665,0.06944022389177792,7.611571558963944,-0.1416078128649488,0.038251282716572785,0.1381601447331312,8.113530025962376,7.447120801016902,7.776022316910986,1.0441649228852543,0.0432107237442635
7350,2368,26,2,2.77104083448889,0.46921093966022626,11.305122830313616,-2.4919314950510834,4.153313160314698,8.406316465179122,142.77066069109895,16.51304433942118,6.097201321206046,0.36923544779991585,0.9213383325907827
7351,2369,13,1,0.028052851255837206,0.05477485420160654,7.51053574927917,-1.193136578775879,0.04576367124718482,0.15487275146516952,68.36169034186837,7.436323531328903,7.584747967229439,1.0199593838642482,0.019762163560007113
7356,2370,7,1,0.04555749998845255,0.06215133565356904,7.497471324660139,-0.00358157652837424,0.07206130543062726,0.22807465124828968,0.20520920437612436,7.504416174082504,7.490526475237775,0.9981491299892591,0.001852584457248083
7359,2371,23,1,0.02443463097845153,0.0636684817755928,7.55360513036454,1.1095763507858103,0.04171753260797181,0.1501394244489848,-63.5740419457246,7.573671363292933,7.533538897436146,0.9947010552832678,0.005313021420124188
7362,2372,23,1,0.033706736353226664,0.06493458587477385,7.502900240293034,-2.4887200711666337,0.05688645625725517,0.21331329809612162,142.59315645695898,7.45027744436003,7.555523036226037,1.014126399003527,0.014027321235167646
7365,2373,4,2,2.7614057070536036,0.4678182442832826,10.981884800521215,2.6512739969343357,4.138894530209325,8.388787585600292,-151.90038117891075,16.020217196816997,5.943552404225431,0.3710032349253252,0.9175715258015922
7367,2374,23,1,0.02557042077549697,0.06401025873329924,7.5144364270532495,0.07447509488948693,0.038966850952027995,0.16926126633919805,-4.2671086172954915,7.539309418822111,7.489563435284388,0.9934017851272252,0.006620055145936023
7368,2375,19,1,0.035659624767280275,0.06065509269926086,7.497384042559548,-2.036900329618728,0.057755074215501946,0.20351793950575325,116.70579218561542,7.503802670051281,7.490965415067816,0.99828923339966,0.0017122312143267404
7369,2376,14,2,2.763147536610639,0.46040418794243343,10.217279707983911,-2.6494651695123275,4.141501000924041,8.39855807584965,151.79673081548046,14.832589898040661,5.601969517927161,0.37767979539885776,0.9034322876470317
7373,2377,19,1,0.03993213717449766,0.06208393916029795,7.5041048467361255,-2.510505076994859,0.059620603233267414,0.2343006825437688,143.84134535948556,7.526619298492388,7.481590394979863,0.9940173799515083,0.006000569612524888
7375,2378,1,1,0.031975888677371896,0.047131174161178964,7.401911412152468,-0.09075620888058593,0.05052255110031402,0.18350986142161135,5.199947727981877,7.399133726056525,7.404689098248409,1.0007508138651853,0.0007505321102280307
7377,2379,11,1,0.025499430641272327,0.046837993074484434,7.487338599414488,0.9302287666624354,0.0423905480945885,0.11218999167395163,-53.298182308828345,7.484767626827534,7.4899095720014435,1.0006869879507654,0.0006867520555717847
7381,2380,29,1,0.033972955532659346,0.06735642267188789,7.569104426697929,-2.0741392297016064,0.0531143881944056,0.21375609419024807,118.83942399248858,7.638174116196333,7.500034737199525,0.9819146072221775,0.01825042583764063
7383,2381,29,1,0.025820181369329943,0.05135138712128633,7.5268090099662945,3.0499038650115047,0.04102741471499187,0.15761664943166265,-174.74661938383565,7.498543006126878,7.555075013805712,1.0075390656068308,0.0075107535748521045
7391,2382,11,1,0.01988670459969484,0.052020153683634565,7.5246231677941955,1.3121516023499233,0.03459154094661167,0.11589168794769736,-75.18074889509312,7.505041707345195,7.544204628243196,1.0052182149580424,0.005204635504621699
7394,2383,17,1,0.0355046447549693,0.07255500845099572,7.482786451589591,2.981350094529261,0.06000698243789449,0.19966048462423824,-170.81877765764582,7.5419226928817675,7.423650210297414,0.9843179932491244,0.015805941189091264
7396,2384,7,1,0.028240934911905845,0.05888535865434881,7.488733000337849,0.6573856921719488,0.046450053658775026,0.1303917839607049,-37.66542567399473,7.479205707805723,7.498260292869975,1.0025476749548907,0.002544433759808529
7406,2385,22,2,2.7555397710235403,0.4708515505657562,11.000102713549325,-2.7003693271158595,4.130116122789229,8.389779523605739,154.72615378432195,16.077757303285498,5.922448123813153,0.3683628264871804,0.923201304926325
7408,2386,23,1,0.03824828809245237,0.0535967697141006,7.473919567219671,-0.5992501284422785,0.05564960345837972,0.18706482997383006,34.33450323272904,7.492648315559834,7.455190818879507,0.9950007667379049,0.005011760742598048
7415,2387,23,1,0.027153574465664805,0.04581451704203227,7.572235333454824,0.22318657288105057,0.043641817526590215,0.1629454531375997,-12.787648675001554,7.6240842107837095,7.52038645612594,0.9863986609026305,0.013694470667020004
7419,2388,29,1,0.036229642594345794,0.06212619433893507,7.481919444102357,-0.30671279765976844,0.06012094633431111,0.1794837161513243,17.573348839506203,7.475272436824811,7.488566451379901,1.001778398669405,0.0017768187233783653
7421,2389,19,1,0.030636452015774973,0.05495589898460265,7.5994744721173255,-0.5547169235503447,0.05099730751191897,0.1657349593558142,31.782938549660543,7.591039145731238,7.607909798503412,1.0022224431264672,0.002219976240998362
7423,2390,19,1,0.022310736476989383,0.05927062586736911,7.553577741766912,-1.6243240683773348,0.03626261875505896,0.15189309453043107,93.06691368088063,7.535178485328775,7.571976998205049,1.0048835622073082,0.004871666663705535
7425,2391,26,2,2.768926954319825,0.4721370261221087,11.465463088635746,-0.4025174964113634,4.150149838636848,8.404396909345188,23.056071797583108,16.778615408704667,6.152310768566823,0.3666757130254641,0.9268098948982139
7428,2392,1,1,0.027032494016832293,0.060049787376801826,7.532244493653248,2.685935656700149,0.044439544743285715,0.1473594402050836,-153.8927771689211,7.558004802425615,7.506484184880883,0.9931833044710163,0.006840008657199542
7430,2393,8,2,2.7570029792619457,0.4743549190996713,11.459106698857994,-0.16439529397747096,4.132306017927964,8.38819031793688,9.412758113670721,16.78567035461078,6.132543043105205,0.3653439459700032,0.9296647279292075
7431,2394,2,2,2.7668301775416335,0.47100891232175635,11.147034629696696,2.656242398839631,4.147012254770844,8.397442457746346,-152.18501162291153,16.297214902506433,5.99685435688696,0.36796804808437994,0.9240449041199165
7432,2395,1,1,0.02742755889103314,0.07529900313072795,7.5160653009777745,2.106446484286058,0.0461680269053056,0.21061532843593492,-120.69049332507873,7.567142974050157,7.464987627905391,0.9865001432515436,0.013591599068661158
7436,2396,13,1,0.02059887873782178,0.0580295152279385,7.312306969714064,-2.7439662121927477,0.03259505250327487,0.11125992896489462,157.21768308339432,7.2886022779182555,7.3360116615098745,1.0065045919346225,0.006483505655325738
7437,2397,14,2,2.762412597265737,0.473178320019232,11.338458598020365,1.8526590609685294,4.140401168841509,8.392857950548866,-106.14310886389951,16.603451634882887,6.073465561157838,0.36579535958642717,0.9286964345897537
7442,2398,1,1,0.04335399202943304,0.07702682623748541,7.27286081125899,-2.0775660314134807,0.06070196224168857,0.22669956147849477,119.03576525929378,7.293863825984622,7.251857796533358,0.9942409084603943,0.005775722998333131
7447,2399,29,1,0.030763655736549052,0.07670502880151345,7.465927528173695,-0.379346496053434,0.050171135557114555,0.15758290479974574,21.734953203583405,7.583471235580407,7.348383820766982,0.9690000255146438,0.03148803868324345
7454,2400,19,1,0.03724125426602419,0.06792004260209064,7.406957429695392,0.14447527855223907,0.06298348320013034,0.24552693214643084,-8.277823720092663,7.364937953017527,7.448976906373259,1.0114106804282443,0.011345947935222277
7456,2401,19,1,0.034509065649650915,0.06469272607371322,7.547362249411119,2.6667387666158837,0.05507420144617015,0.19403438436973833,-152.792876383096,7.524256015991641,7.570468482830597,1.006141798835757,0.006122995731728837
7457,2402,16,2,2.7586381619823497,0.47899196530330923,11.32635046273262,2.8342010283815,4.134753317545698,8.418152811227932,-162.38134742051656,16.636390720512964,6.016310204952275,0.3616355437922036,0.9376436435111388
7458,2403,23,1,0.03168314693718178,0.06464118966079573,7.471349221018856,1.7947149217732405,0.0472888014884919,0.14751363234661394,-102.82959044946608,7.523010539704488,7.419687902333222,0.9862657859076553,0.013829180555580618
7461,2404,29,1,0.0352135683720805,0.05739206843451468,7.518221744649482,-0.6216655581852742,0.05490350282860225,0.17467203498523898,35.61881276032843,7.513778489195272,7.522665000103692,1.0011826953537688,0.001181996382953756
7462,2405,19,1,0.04471660557707528,0.06501213366724089,7.406043166230215,0.3062831757213374,0.0720185881127826,0.24583285035403324,-17.548733327479052,7.390282051302506,7.421804281157924,1.004265362219817,0.0042562849213669054
7469,2406,7,1,0.03741117240275409,0.07466364113525908,7.462224600728466,1.5839399408622534,0.06065454566352161,0.2169241022986728,-90.75307362374707,7.48146685476806,7.442982346688875,0.994856021041561,0.005157243334035868
7470,2407,11,1,0.03424760279702505,0.06532991413704499,7.533987628037372,-1.116771387620275,0.05733384821340775,0.19944265605269101,63.98628718082217,7.447471152434318,7.620504103640428,1.0232337860281004,0.022966981066198804
7476,2408,1,1,0.03361786201549142,0.05446481558109291,7.518878386043412,1.4295712493252313,0.05255902847745163,0.15726402899667025,-81.90839909106435,7.461401598515943,7.576355173570884,1.0154064318261338,0.015288659977307096
7478,2409,23,1,0.03181847422177129,0.058488553305270266,7.336827677826517,-1.7579778631631269,0.05221066205606123,0.17388338002746911,100.72471203393324,7.378848656080402,7.29480669957263,0.988610424142726,0.011454808562802244
7492,2410,23,1,0.03455596593877693,0.07801118077286211,7.56525096665834,1.7175224867259902,0.058712446435706875,0.23291233863258715,-98.40678971496112,7.621772744735815,7.508729188580863,0.9851683381358977,0.014942472715466995
7499,2411,17,1,0.03573865335090975,0.06426669070734055,7.572420891605563,2.656079443357848,0.05837188496548123,0.24154762592857656,-152.1821421465836,7.573465247661668,7.571376535549458,0.9997242065495904,0.0002758314866683103
7501,2412,8,2,2.7617862796497663,0.4715292676615996,11.083573278434425,1.2675856970402248,4.139464133358932,8.402705103776482,-72.6337424329302,16.207327503485207,5.959819053383643,0.36772373805009184,0.924567212456689
7505,2413,11,1,0.025804010990536218,0.048862582867913326,7.4604920911273735,-2.938702464746526,0.040206078324138035,0.14169172353465034,168.3752484715692,7.4846401449878925,7.436344037266853,0.9935473039738081,0.006473582054791994
7508,2414,29,1,0.04240000973444759,0.07077348506681393,7.5166020033416885,-1.150305686692951,0.06972816467303693,0.23904446639614035,65.90766098057802,7.608708145679285,7.424495861004091,0.9757892823396307,0.024507388390831015
7509,2415,16,2,2.762045067892237,0.47498189580204697,11.44880675070454,-1.7452629007221843,4.139851315871134,8.39536812524704,99.9897647199126,16.781903398068696,6.115710103340384,0.36442291188758696,0.9316423560098902
7510,2416,17,1,0.039750764591841826,0.07011139641191894,7.3877077797429545,-2.904061741322283,0.0655901045665532,0.22118108962675836,166.390481225522,7.362977140426967,7.412438419058939,1.0067175651490756,0.006695077838297162
7511,2417,1,1,0.027742709310221384,0.06878507295150471,7.584853890399966,1.9073455526801582,0.04733616778667345,0.16426152567769514,-109.28285024677737,7.5689622020340686,7.600745578765861,1.004199172341388,0.004190374289479731
7520,2418,7,1,0.024698833528014292,0.07313725630634753,7.43442661935966,2.9518393136582066,0.04150223182687226,0.1660199920103729,-169.12793446979583,7.384500223705307,7.4843530150140145,1.0135219430271214,0.013431135502593502
7521,2419,13,1,0.03262712470887366,0.06303718989164386,7.271804185034812,1.0783937405557125,0.04907126419500025,0.1831723698779753,-61.78740998789916,7.276353508955888,7.267254861113736,0.998749559400742,0.0012512228892077406
7523,2420,19,1,0.035229454463311966,0.06299726036799176,7.493927812900841,1.1480941830374425,0.05375673843557935,0.22551174052304687,-65.78095116397267,7.439038098244088,7.548817527557598,1.0147572075668523,0.014649117532800973
7524,2421,11,1,0.041606318750660135,0.05160888664221339,7.464063134092016,1.190406104366536,0.06809459744312983,0.20202605622336092,-68.2052456668211,7.419695413749955,7.508430854434077,1.0119594451976668,0.011888356125877854
7527,2422,1,1,0.04212962451637709,0.06562617068651976,7.523158639163844,0.21080356689185656,0.06843900441641051,0.19760689470896864,-12.078154693276371,7.519346576237541,7.526970702090147,1.0010139346252107,0.00101342085396378
7531,2423,11,1,0.02319991057258762,0.06179354925118606,7.329642823326789,2.075159207915599,0.037106743740008316,0.12415879310425655,-118.89786443319643,7.319702138138768,7.339583508514811,1.0027161447284108,0.002712461010073988
7534,2424,11,1,0.023286519308392355,0.06292402926924755,7.5525520977085145,0.3963763326993488,0.03987948030152697,0.14440116755809462,-22.710690964809242,7.4612441931721305,7.6438600022449,1.02447524894573,0.024179351126644526
7535,2425,1,1,0.035498531634132774,0.05545430125849436,7.45464070651885,2.6001509169012142,0.05413292796572971,0.19445537768068635,-148.9776736307767,7.444452447854858,7.464828965182842,1.002737141176025,0.0027334003247353167
7542,2426,23,1,0.04461810261409023,0.04935840471805878,7.490673243005736,-2.841886386343065,0.0721590486877948,0.2202717877150668,162.82809576813685,7.45704311939404,7.524303366617432,1.0090196940189957,0.00897919920431651
7545,2427,1,1,0.042140963437657754,0.05567215945788765,7.3319554561530165,-1.50157132020372,0.06815746581580058,0.18231304038567814,86.0336992956557,7.310733550977585,7.35317736132845,1.0058056842114276,0.005788880006799005
7546,2428,23,1,0.04421829797600997,0.07821073106222595,7.509442987915164,-0.40240430691293755,0.07042848508319734,0.23691008872036703,23.05606845816673,7.5185340451417195,7.500351930688609,0.9975816942047554,0.0024212334366704256
7550,2429,19,1,0.028975776575597557,0.06484473812395929,7.537452435833118,1.9711623852112765,0.045982681875239385,0.14985590011265118,-112.93928541284315,7.509559995632835,7.565344876033403,1.0074285151770555,0.007401025860589949
7552,2430,1,1,0.03781609376529819,0.0647873067755101,7.5613681831944834,0.3080382791399966,0.06336832653461638,0.2041453323425836,-17.649293336956294,7.4995740734577225,7.6231622929312435,1.0164793651296706,0.016344690071857883
7561,2431,13,1,0.0328743820920186,0.060581859136889155,7.433557479536881,-0.5811169402127125,0.054039197030300495,0.17598027371130615,33.295548087905715,7.400943077309717,7.466171881764046,1.0088135800766138,0.00877491088673105
7567,2432,19,1,0.020779475597976306,0.05845060965129845,7.54241784126174,-2.5594488252500454,0.03462702660649628,0.14470104962803132,146.64561556472262,7.49820394173132,7.58663174079216,1.0117931973774006,0.011724065269506105
7571,2433,17,1,0.01910680255391636,0.06052501454706701,7.537149205115148,-0.6111459733074717,0.03265806026585895,0.12297353155358409,35.016084937724536,7.5167198374326825,7.557578572797614,1.0054357134825564,0.005420980035422751
7573,2434,13,1,0.03953681220068644,0.06087797957257518,7.384529673388414,2.868634561862324,0.06260672832239128,0.22716671162244526,-164.36065334475435,7.383299147320151,7.385760199456675,1.0003333268891614,0.000333271345011002
7577,2435,1,1,0.034099606168489616,0.06226308444153494,7.488609218591471,-0.4224170831332587,0.055250904564057624,0.17491879257234008,24.20271606770192,7.450529753927809,7.526688683255135,1.010221948216122,0.010169969763978588
7578,2436,17,1,0.03652352069253176,0.06994761441217758,7.325963986752362,0.7313323204228126,0.05934440218266192,0.210749764652281,-41.90225539532683,7.340241503344654,7.311686470160072,0.9961097965003507,0.00389778508824484
7580,2437,11,1,0.017281083543002323,0.056389721082327184,7.617844084437755,0.19476302438463947,0.029533274764117535,0.11545077895456952,-11.159099303240902,7.6293941868223305,7.60629398205318,0.9969722098238089,0.003032380882714714
7584,2438,19,1,0.031594892814533496,0.04256309735302029,7.45535861768923,-0.1254405046148743,0.04952439277512473,0.19217017835409783,7.187211498595912,7.421259307190797,7.4894579281876625,1.0091896291685678,0.009147597653458451
7591,2439,13,1,0.02441877050710679,0.05157679193515703,7.489620588361344,-2.0716731455581874,0.041220460981832845,0.16960770257271052,118.69812777511298,7.491834819321696,7.4874063574009915,0.999408894879892,0.0005912798743885548
7593,2440,23,1,0.03826577402468478,0.06122001237327529,7.4426692406341415,-0.15689160183427486,0.06451701962252568,0.21291951803473694,8.989226641010033,7.466269614075598,7.419068867192683,0.9936781352237896,0.006341911128498986
7595,2441,23,1,0.04070236976129336,0.0641428147815708,7.4472702630377965,0.5006272469809617,0.06756209936621965,0.21834412852955742,-28.683828379248908,7.446226447203028,7.448314078872567,1.0002803610237134,0.00028032172807002857
7597,2442,11,1,0.02317159119397479,0.04947721012588421,7.367488150477793,-1.0805919304359357,0.03861589365937988,0.11609602921464239,61.91335698676067,7.336327288363793,7.398649012591792,1.008494948736386,0.008459019268861334
7602,2443,13,1,0.024811154018528583,0.06526214591727626,7.4344633156118665,-0.5830431149545131,0.04018422039238473,0.15731238743571013,33.40590976204938,7.473311485311535,7.3956151459122,0.9896034924341045,0.010450833651459119
7604,2444,29,1,0.03140923908781244,0.06449185289246925,7.3834811644003615,2.024008837793599,0.051568341650612165,0.17970065640936198,-115.96716410610162,7.383328166507953,7.383634162292768,1.0000414441533567,4.144329456555805e-05
7605,2445,23,1,0.03249630832789549,0.07052798844637635,7.491128705805593,-2.9049338759720906,0.05515537123302646,0.19997959045761696,166.44045084838422,7.494309138694574,7.487948272916613,0.999151240539956,0.0008491198092794214
7606,2446,11,1,0.022143191790658066,0.04735807715214445,7.4441666738035925,-1.4892936334063012,0.035984755266129986,0.144439530940717,85.33023964732304,7.443050451367552,7.445282896239635,1.0002999368184684,0.0002998918441656464
7607,2447,28,2,2.7698248481660928,0.4681177249557691,11.144092512593069,1.4577768485924614,4.151493499490185,8.417747779586149,-83.5179726608876,16.264588190196054,6.0235968349900855,0.37035040571276073,0.9189614446966788
7608,2448,29,1,0.029816526532544102,0.05363139783350907,7.49767240054619,-1.4437664753298611,0.043883528706854094,0.17723332051640517,82.72172563720949,7.481545448473573,7.513799352618806,1.0043111285452144,0.004301855618936297
7614,2449,7,1,0.019024771494599954,0.08017648411580966,7.5641617765386,-1.5218629314440728,0.033093493392454036,0.16018492932962347,87.1963229698044,7.346976068168833,7.781347484908368,1.059122476064877,0.05742492421127269
7618,2450,7,1,0.02792910986259898,0.061987538429929295,7.528576711661827,2.1094216375050943,0.04532518419582214,0.161985912776347,-120.86095704624496,7.462176315668274,7.594977107655381,1.017796522940401,0.01763956150986641
7626,2451,23,1,0.029678217623179844,0.056642058599889585,7.5568273011788865,-2.7890838180596256,0.04924434445488508,0.15250456401645726,159.80273147634335,7.588944812517672,7.524709789840102,0.9915357109236561,0.008500263419748818
7634,2452,1,1,0.035738652849644316,0.051099300628629905,7.511851227323836,0.19944961281460155,0.054772731955783104,0.184405881296739,-11.427621049932286,7.482462573597345,7.541239881050329,1.0078553426595658,0.007824610162563613
7642,2453,19,1,0.03968801062504712,0.06321960804885467,7.462531769108252,1.604163120365737,0.06738501305229236,0.19139072001829532,-91.91177646096126,7.437214918117203,7.4878486200992995,1.0068081536623006,0.0067850568076238005
7643,2454,29,1,0.028613461760951333,0.05536563103174409,7.521028683333353,-1.1463674497238099,0.04586127252016719,0.1449044507742449,65.68201663641402,7.510726495284918,7.531330871381786,1.00274332664221,0.0027395688760670956
7650,2455,29,1,0.023661645008981574,0.0729023713756725,7.627991376095171,-1.4050630347400108,0.03851372790604993,0.16877784337649018,80.50418183780408,7.6876194014947,7.568363350695644,0.98448725872461,0.015634004408130918
7655,2456,7,1,0.02072903177082865,0.054557875754872094,7.61681692353899,2.091651659747861,0.0357038608083284,0.11633915066622874,-119.84281231630402,7.696049090654028,7.537584756423951,0.979409651320635,0.02080453499418624
7659,2457,7,1,0.04725288011296558,0.0752063578974305,7.590876579270343,-0.8043009064392268,0.07219172186635454,0.2419334773110647,46.08304740692988,7.664877731006608,7.51687542753408,0.980690846133942,0.01949739294625106
7660,2458,7,1,0.03426827879889761,0.053483952010563766,7.470203194359664,-1.454457417690967,0.05110778000608243,0.1607646136851209,83.33427151459338,7.5423290411608965,7.3980773475584325,0.9808743833880441,0.019310277090103852
7664,2459,17,1,0.02858645622670662,0.05734634380579629,7.378308400702582,0.21561408785033576,0.04580160078708332,0.16429062982256817,-12.353777243265915,7.3811548999850105,7.375461901420154,0.9992287116796765,0.0007715858779112954
7669,2460,29,1,0.04648460977819584,0.05878309958512677,7.505639536183958,1.4788689371825556,0.0729864039438402,0.21569080798859974,-84.73294853969031,7.494153547784475,7.5171255245834425,1.0030653197392463,0.0030606288362532534
7671,2461,7,1,0.02917191394801918,0.06679689356924254,7.4645843294351675,0.10928745144883038,0.04570899836355371,0.16985134381869005,-6.2617097262183785,7.3233206627970535,7.6058479960732805,1.0385791290980175,0.03784903764327965
7679,2462,29,1,0.024183766814250118,0.06689517696191445,7.47923318882878,-1.6955455962804091,0.04026188574318209,0.1480992535539521,97.14760664174302,7.468912403497745,7.489553974159816,1.0027636648479643,0.002759851196096111
7682,2463,7,1,0.02857531719617876,0.0704547979679763,7.447717181014911,-2.8995008431618805,0.04711067501465014,0.18995668334819596,166.12916100188156,7.511172512199092,7.384261849830733,0.9831037481615233,0.017040209675505506
7684,2464,29,1,0.03573189917227454,0.06280552197047677,7.524671074207057,-1.393312157282379,0.05683080161752939,0.18195808430049568,79.83090615331271,7.572246016904914,7.4770961315091995,0.9874343906440317,0.012645055771523016
7686,2465,13,1,0.029608219985579075,0.06773247034968811,7.430720316569316,-2.024941266475949,0.04915126461435063,0.1614733995293586,116.02058833713164,7.4859611993962805,7.375479433742351,0.9852414723091485,0.01486824438911703
7688,2466,1,1,0.028027176647727012,0.050336979881153036,7.5016915888660645,-1.5581149105857741,0.04119431168439421,0.14873814708104963,89.2734083724054,7.417038201571878,7.586344976160247,1.0228267362236976,0.022569146249580913
7692,2467,17,1,0.019047176008164822,0.059624721772510145,7.604919942810743,1.7574531955717234,0.0335862629463823,0.13171885664538574,-100.69465079848952,7.572959866848817,7.636880018772672,1.0084405771386258,0.008405105169355755
7696,2468,29,1,0.02416009911263507,0.06031636354530032,7.381679663342712,0.7410955884501219,0.040025456743212055,0.1373651714013878,-42.46164943602358,7.4027805164609335,7.36057881022449,0.9942992087712713,0.005717087188979067
7702,2469,1,1,0.027227182676162368,0.09133539600115335,7.553380282323773,2.095797249182547,0.04717312330435789,0.14825702339541663,-120.08033709338052,7.468516315699857,7.6382442489476885,1.022725789979335,0.02247046049634557
7703,2470,29,1,0.032397181954801374,0.06256167552624507,7.499885058388185,1.7499518374082117,0.053829070434558826,0.20511473636147826,-100.2648546423926,7.5869528758338545,7.4128172409425135,0.9770480141710116,0.023218440487508596
7704,2471,29,1,0.03317669729922772,0.056865878990979606,7.42880864897451,-0.050402626492343346,0.05427775318615091,0.18442670471189815,2.8878577826187724,7.465353019746421,7.392264278202599,0.9902096067861095,0.009838554874328538
7708,2472,23,1,0.041559815612375026,0.0756598185442229,7.491085158101741,0.0968013025534918,0.07212253962779175,0.2600454091392027,-5.546306109300229,7.481081682819569,7.501088633383909,1.0026743392750659,0.002670768005180369
7713,2473,7,1,0.03490826760302376,0.08032606704528739,7.3574371168392245,2.709385249497052,0.057522878225127264,0.1747167632996244,-155.2363398613221,7.277988150837852,7.436886082840596,1.0218326725338858,0.02159691336526257
7716,2474,7,1,0.02929931490381063,0.08682064982082288,7.460902487999537,-0.9708478240172158,0.047561073478864166,0.1403373163452146,55.62548286080705,7.584998578760167,7.336806397238906,0.9672785460743185,0.03326570504311838
7718,2475,17,1,0.021810044202681476,0.06486975846063432,7.582504511418413,-3.000661535624395,0.035968396788063996,0.16144466194530982,171.9252417372323,7.625283741823475,7.539725281013352,0.9887796357870792,0.011283667643228119
7719,2476,14,2,2.7577926865149567,0.4738124545622793,11.46238582760287,2.7106468807626487,4.133487678539452,8.384879101217251,-155.3150299378093,16.787502715699798,6.137268939505939,0.36558558133642594,0.9291463344870797
7723,2477,16,2,2.7748633193665904,0.47417548441822543,11.887180129681933,-1.644970420769133,4.159033277758667,8.404004708672142,94.25638630289754,17.423709435796802,6.3506508235670704,0.36448328336558083,0.9315126456762132
7724,2478,28,2,2.763929533024209,0.47800447489358827,11.582971053782245,1.1382781406916205,4.142671565992297,8.412595277762229,-65.22498022394774,17.00953311286077,6.156408994703722,0.3619387406964693,0.9369896607497024
7726,2479,7,1,0.02719176353419322,0.060267457025727215,7.331440792001177,-0.0761671897334184,0.04467338953433703,0.16296677465620796,4.36405850462011,7.316771512154828,7.346110071847526,1.004009768467412,0.004001745431090007
7727,2480,19,1,0.027412123830081923,0.054927824151377445,7.35747235879406,-2.738069431140071,0.04308916282836678,0.18342142799862224,156.87982241612264,7.396801637962114,7.318143079626005,0.9893658689003616,0.010690975718324204
7732,2481,22,2,2.768852180404102,0.4735180924499401,11.491355214225978,0.09239590509846973,4.150037920258843,8.405703592909006,-5.300376800036568,16.832397053888233,6.150313374563723,0.36538547390925635,0.9295756227342435
7733,2482,19,1,0.0359250498456541,0.05853863635717441,7.541964944188085,2.444303927956858,0.05723469458726151,0.17828074742053562,-140.0482989237333,7.5374040198086565,7.546525868567514,1.0012102109340144,0.0012094790716160439
7740,2483,13,1,0.034177995297398275,0.05669830138418439,7.408151207216231,-2.8426228665024413,0.054957871205481956,0.15355926863877517,162.87029299138138,7.340572441400545,7.475729973031916,1.0184123966775516,0.018244434792275083
7741,2484,16,2,2.7575873640059556,0.47238387407382054,11.239359673264126,-2.5517624367643066,4.133180515899894,8.391003982922852,146.19881544319676,16.4424351611753,6.036284185352953,0.3671161921079749,0.9258668890698648
7753,2485,19,1,0.015642123036020958,0.05465281021393246,7.510620681744625,-2.6231000964802593,0.029078220216275343,0.09473619270005638,150.29256476810485,7.525350769778934,7.495890593710317,0.9960852089198384,0.003922468903299013
7754,2486,23,1,0.030352375878512486,0.05991502461883105,7.468904589404621,-1.4651832298462755,0.045433431941654265,0.14963788115163765,83.94881528295593,7.462201715087383,7.475607463721858,1.0017964870351026,0.0017948748004482941
7755,2487,7,1,0.02665285482393129,0.044197924729620384,7.4346833190346695,-1.7072078941385302,0.03676420636730664,0.13444447983929964,97.81580708615957,7.4213948923492525,7.4479717457200865,1.0035811129519914,0.0035747122278618733
7759,2488,11,1,0.02662799664116426,0.07716035284551367,7.486444762460016,0.7812760301588779,0.04261666597770597,0.15914366034377792,-44.76381916071427,7.513862318036032,7.459027206884,0.9927021405462264,0.0073245863546602345
7760,2489,22,2,2.7643298389429107,0.46679560670687353,10.852310475353956,1.9014578843903913,4.143270370939562,8.403491670135478,-108.93906205721801,15.822262122336582,5.882358828371329,0.37177735919739907,0.9159250757282684
7761,2490,16,2,2.7602339561069504,0.4734115247967463,11.181141506581103,1.2408259332865739,4.137141277508721,8.423097687935064,-71.08766812712017,16.365390987388682,5.996892025773521,0.36643744291809344,0.9273202521864491
7763,2491,1,1,0.030146703586282998,0.053718834735934425,7.4754476718986185,-1.0891545941236278,0.04900897244764381,0.15941972675677837,62.403961474407616,7.492492540319703,7.458402803477536,0.9954501473763612,0.004560226803582106
7764,2492,13,1,0.037689036458167104,0.05553408693533274,7.375680159689263,0.006763033185891068,0.0626202657794371,0.22965207024716194,-0.3874932458197312,7.360410454499154,7.3909498648793726,1.004149145019698,0.004140555137833609
7765,2493,19,1,0.021388153672734615,0.06923068637158149,7.410299569568477,-0.01873341920427862,0.03278365247541028,0.11450204980757267,1.0733458577027286,7.34996374153983,7.470635397597121,1.0164179933807416,0.01628431548878907
7771,2494,1,1,0.03102174957510476,0.06763373126815826,7.64883377775414,-1.6392002929780067,0.04798204860580795,0.18219523380067032,93.91925856609897,7.806311745334756,7.491355810173525,0.9596536821182607,0.04117698780136236
7774,2495,29,1,0.04014322636249642,0.08222465919131185,7.282375636419299,-2.180691354268797,0.06115488165029119,0.2669316439348063,124.94441101503091,7.272716733398949,7.292034539439651,1.0026562021798524,0.002652679153776954
7781,2496,29,1,0.022983036892880324,0.06520417087796401,7.56379130738333,-2.8682041624493606,0.03879321119323264,0.1484457512581093,164.33599328831568,7.401638571922477,7.72594404284418,1.0438153616622041,0.042876046911174734
7783,2497,7,1,0.02974744092434172,0.07102523497047367,7.60280748052435,-1.8370140634316976,0.04906615629055432,0.22689047740175772,105.2531527462903,7.706500214728023,7.499114746320678,0.9730895396575728,0.027277485184070756
7787,2498,13,1,0.03064622190305997,0.09080975257685087,7.711336904592218,0.12926375211875016,0.05165623216652732,0.1776603955895049,-7.406267441177519,7.706305576959909,7.716368232224526,1.0013057690438207,0.0013049170836544291
7788,2499,16,2,2.7694556198951106,0.47597515390033246,11.577765235519946,-2.842574305073624,4.150941038086845,8.40273208466853,162.86102498907235,16.985600714211653,6.169929756828241,0.36324471890275467,0.9341760467038602
7791,2500,29,1,0.048920752025287804,0.06617280487001007,7.439605416472858,-1.1595932392588113,0.07798148286936651,0.285542928159493,66.4397985376027,7.4139111543568355,7.46529967858888,1.006931364992396,0.0069074260468518405
7797,2501,17,1,0.031310221492018335,0.06217688075365226,7.4610831779408135,0.4508247262911648,0.04804593822936799,0.16396269475503195,-25.830354117163704,7.472176889729953,7.449989466151674,0.9970306613580342,0.0029737536828268367
7800,2502,13,1,0.02920645759467985,0.07676790208243821,7.580041853516948,-2.479310880727122,0.048984611527205436,0.18507769248396563,142.05404956180521,7.558288485800526,7.601795221233371,1.0057561623262434,0.005739643167360492
7802,2503,14,2,2.7610450904897976,0.47525442185605765,11.44425944913284,1.5709888252491284,4.13835499546274,8.393476802716423,-90.01745598004904,16.77663460201561,6.111884296250071,0.36430931716875836,0.9318864495486103
7807,2504,19,1,0.028169846252157578,0.06241231420205948,7.335375740196122,-1.919571407348073,0.043986985575461296,0.1627035692092573,109.98334011900458,7.357157462156491,7.3135940182357535,0.9940787669497605,0.00593881560586187
7811,2505,13,1,0.028506370471236,0.06378723887334113,7.410340614754911,0.8518977128701174,0.04791008491756318,0.17087954586329968,-48.81014351800465,7.523036858174866,7.297644371334954,0.9700396939309169,0.03041594152786004
7812,2506,13,1,0.029110696390271987,0.061202522062673174,7.669941944465917,2.4581902492230814,0.04901811495313921,0.15148150271976496,-140.84392651532917,7.766183903538317,7.573699985393516,0.9752151223128898,0.02509587680564961
7817,2507,26,2,2.770267899858823,0.4677489450926794,10.992119880752329,3.0315522021087538,4.152156492190261,8.407983010833467,-173.68865519852505,16.03917580269015,5.945063958814505,0.3706589435734832,0.918304381082203
7820,2508,1,1,0.03461231911224824,0.055555561311817,7.383827531220133,-2.2444271215131213,0.055621372317618586,0.1898264286593207,128.59620147926594,7.441579154354214,7.326075908086054,0.9844786645586405,0.015642733498282803
7821,2509,11,1,0.037642030471993264,0.06293581532464726,7.4207726834796155,-0.3850660949259168,0.0576432206385171,0.18318873968120455,22.0626620805257,7.457065487600267,7.384479879358961,0.9902661967550102,0.00978140839738941
7828,2510,22,2,2.759453473181271,0.4741794718102154,11.412624685637821,-0.3086636120697682,4.135973028818957,8.387952608681672,17.678706749745327,16.719172221895313,6.106077149380326,0.36521408287091206,0.929943406083528
7831,2511,19,1,0.032900819094075925,0.07749130055159766,7.421663617492905,0.8862875632752919,0.0547799480289237,0.23108966220487268,-50.78053681715703,7.446493149267338,7.396834085718471,0.9933312147673494,0.006691095973660261
7832,2512,28,2,2.752658954053258,0.47018562543945214,10.827769146791963,-1.5214803554148932,4.125805420687615,8.408226186931078,87.16803485120091,15.80951277730387,5.846025516280057,0.36977898045489477,0.9201791362513286
7835,2513,8,2,2.761313652086833,0.4683676380037053,10.877606258674364,1.598879173365007,4.138756790357407,8.404083179129792,-91.61545708979457,15.872457473179876,5.882755044168849,0.3706266061263104,0.9183732331775408
7837,2514,7,1,0.027410940471586428,0.07100772535126264,7.446497249424314,1.5404257704136388,0.04732673620040567,0.16292358102452653,-88.25989530224525,7.453415408057936,7.4395790907906925,0.998143627248753,0.0018580974119493275
7841,2515,11,1,0.0267744905508524,0.06964515375299193,7.5247298484044025,-2.073092235300872,0.04425975004292579,0.15129520369139512,118.77943562755809,7.566109480506703,7.4833502163021,0.989061846855663,0.010998303709488165
7844,2516,29,1,0.028473059246591215,0.06628547863931768,7.604057193318528,0.32356291488054756,0.04533650032242346,0.1667787282798015,-18.53878943451684,7.4115460734968055,7.796568313140252,1.0519489774232478,0.05063379060085908
7846,2517,2,2,2.77196639970986,0.47025622584795607,11.215862413110205,-0.9694662377015001,4.154698279565597,8.413579757123056,55.55282713430876,16.393004254397276,6.038720571823129,0.3683718053207542,0.9231821237813191
7847,2518,19,1,0.040752948273752344,0.08259486539054765,7.462514261422421,0.2630433911299698,0.06957085685854726,0.22621013547726557,-15.071276147998486,7.479221384707258,7.445807138137582,0.9955323896899217,0.004477612423792841
7849,2519,7,1,0.02803464953609889,0.0689327806226275,7.466498253374184,0.7592533157605547,0.048806392087617854,0.1343787179445285,-43.502010573374235,7.534206945122293,7.398789561626075,0.9820263254669573,0.018136665797118603
7850,2520,1,1,0.027457601983635976,0.06833220842596265,7.418161054107946,2.452036682585873,0.04304762482621778,0.15464630737622428,-140.4913531242981,7.39578435994638,7.440537748269516,1.0060512024343906,0.006032949136141015
7854,2521,29,1,0.020549912858875172,0.07032384704154239,7.559208953075006,-0.4418345865296917,0.03441411962411632,0.1337264064800362,25.31525705247208,7.654819257839294,7.46359864831072,0.9750195787663118,0.025296378326833686
7856,2522,1,1,0.03331928883662232,0.04976107112002045,7.4940618147345734,-0.4262141507174547,0.05453908002420808,0.1703602562071086,24.420272014349727,7.54741008076751,7.440713548701637,0.985863159557507,0.014237476912198713
7859,2523,23,1,0.037529479149817704,0.06630615281611457,7.420756987428883,0.6372293721651214,0.0551365895241921,0.21529383260001325,-36.510553602370514,7.382988960836717,7.45852501402105,1.0102310938814911,0.010179022613500842
7860,2524,13,1,0.03120650240976125,0.072171654944787,7.562115182387676,1.775713854390262,0.053035242319122836,0.17149486235910197,-101.74090948507784,7.61155875977278,7.512671605002573,0.9870082912198185,0.013076652812763014
7865,2525,11,1,0.030513606040148706,0.06755226932349848,7.656442205188418,1.0101572794818954,0.04898955820008699,0.15275427720358664,-57.877748757024165,7.656445793250319,7.656438617126517,0.9999990627343291,9.372661100844637e-07
7866,2526,2,2,2.7683347140044643,0.4718957994579843,11.238067971140795,-1.3445670513807038,4.149263683220757,8.404176079269675,77.04449507189759,16.44097742711909,6.035158515162499,0.3670802749967661,0.9259437599664454
7875,2527,13,1,0.03182557817906175,0.07480730511597605,7.449614596889384,-0.9515397083037165,0.05056678783533459,0.2078214937444584,54.5192093260682,7.421742564818264,7.477486628960501,1.0075109131926085,0.007482811817609096
7878,2528,29,1,0.03499518573612559,0.047661926361672366,7.437823169478767,-1.8271558749399528,0.05290791939193832,0.17363113970363378,104.6883201549037,7.457857429307952,7.417788909649584,0.9946273416945588,0.005387129909566754
7879,2529,23,1,0.018703164931276495,0.045492992584917014,7.552239927534833,-0.7294453024547984,0.03570018177047253,0.10510775517189964,41.79413721646273,7.540474632530398,7.5640052225392695,1.0031205714700449,0.003115710072064923
7884,2530,7,1,0.029702080992588118,0.06366910820827272,7.546155431083368,-2.0579457987931606,0.052426088780923946,0.1702452931757358,117.91160874357803,7.597724891469135,7.494585970697604,0.9864250256169005,0.013667744020576607
7890,2531,1,1,0.0366463034834673,0.06366383896467752,7.387070110008542,1.0531207321720213,0.06120328678861868,0.19113476045738703,-60.33937325854403,7.388466174835583,7.385674045181501,0.9996220961715178,0.0003779752476287747
7891,2532,13,1,0.018040437628442558,0.05274544132080096,7.38834753791093,-1.0215643783969355,0.032575326281760054,0.07690809314939642,58.53132738265831,7.394964140403829,7.38173093541803,0.9982105112702986,0.0017910912985477025
7893,2533,29,1,0.04925827507294376,0.06581524313105593,7.391930578321167,-2.4889660743715285,0.07497986625659589,0.2784718922675869,142.60725142803756,7.394115174099578,7.389745982542759,0.9994090987962801,0.0005910758374318006
7894,2534,13,1,0.016055678869442983,0.05584732707733302,7.570839265721366,-2.9755664225874088,0.0265199028609929,0.11311883430723335,170.48739767481902,7.543371599444953,7.59830693199778,1.0072825966252106,0.00725617472841607
7903,2535,7,1,0.02666163399181306,0.04482824045435692,7.444115482547106,-2.1340368346044976,0.04449907860425676,0.12382596585260461,122.2713039495489,7.43384689350474,7.454384071589473,1.002762658200921,0.002758847324827595
7906,2536,14,2,2.7590587403314397,0.46477947728894514,10.6376371344438,-1.2552117762963095,4.135382526430321,8.413865204902912,71.92474992413551,15.481444529899413,5.793829738988188,0.37424348404947144,0.9106923528669276
7914,2537,26,2,2.7618139830941955,0.47328341643789495,11.253381695757122,3.023440102430806,4.139505679992817,8.406167305621262,-173.22392547649756,16.473949617144957,6.032813774369284,0.36620324297281726,0.927822064963131
7919,2538,1,1,0.019793658125146513,0.053050997100009635,7.653572397469289,0.007121150804217103,0.02967220945377173,0.10255292577406655,-0.40801188636264313,7.624679834937636,7.682464960000942,1.0075786952782626,0.007550085380052514
7921,2539,29,1,0.024374060593143454,0.07124738456749795,7.453876219085644,-2.2884143300180653,0.03814802741374219,0.14181356946718107,131.11648288608276,7.3635455167355435,7.544206921435746,1.024534567524517,0.024237242394449677
7924,2540,7,1,0.033400341368244095,0.05898804228959908,7.438555911922861,-0.15692082178988265,0.055742039032131756,0.20442545551393243,8.99090081641849,7.48963584327986,7.387475980565861,0.9863598357982033,0.013733830050299508
7926,2541,1,1,0.03880122804874551,0.06857238314502177,7.57710057940142,1.444444941834169,0.06452326852352616,0.20708545278931137,-82.76059890855244,7.551860152625482,7.602341006177357,1.0066845588413507,0.006662291601237214
7930,2542,17,1,0.01897353443871932,0.06528747787170955,7.544985961739864,3.02958618283225,0.03152697740633436,0.14015434862783985,-173.58250194653854,7.538349610747688,7.55162231273204,1.0017606906908945,0.0017591420383890927
7931,2543,23,1,0.026525678177846755,0.06499737314018864,7.718317916731037,-2.901586678697742,0.04302396797770446,0.1421698831734397,166.248670578317,7.641999138388241,7.794636695073833,1.0199735113707151,0.019776013158867036
7933,2544,14,2,2.7725841203130868,0.4773453698084306,11.596467925953073,1.0053840405029963,4.155622580468784,8.40816501739768,-57.61076999749864,17.031911839222612,6.161024012683537,0.36173414181814745,0.9374309398303823
7934,2545,29,1,0.0381515284418291,0.05225099388527637,7.532475901620998,-0.18613079080870396,0.06206108667961189,0.22042107671544192,10.664508765012387,7.566060257853969,7.498891545388026,0.9911223661751546,0.00891721571276292
7936,2546,1,1,0.028867757217723798,0.05550368750187949,7.480087472328065,0.4664313262545043,0.04696200881798561,0.16056778938451816,-26.72454643301451,7.486739274993884,7.473435669662248,0.9982230441260228,0.0017785360640302037
7939,2547,22,2,2.7630455065872437,0.46676050044435907,10.99802953103371,0.1088483133774708,4.141348450403436,8.402682447141165,-6.230108333094194,16.03295653456525,5.963102527502173,0.3719278172211341,0.9156052889882181
7944,2548,19,1,0.021506884150760137,0.06393676708884344,7.522028619204766,-2.221793416177196,0.03740483921855591,0.14198209863703234,127.29938569623646,7.439818945772917,7.604238292636614,1.022099912385249,0.021858378263001074
7946,2549,26,2,2.755761659441847,0.4750402216241965,11.270105154412615,3.0671004747732846,4.130448359347078,8.384209423788025,-175.72552280523564,16.516928194029088,6.023282114796143,0.364673263941026,0.9311045403267013
7949,2550,29,1,0.04065386868749695,0.07074617749471766,7.619086958044482,2.100753309200539,0.06565785686978956,0.20880789424002408,-120.36429842197057,7.583530964111619,7.6546429519773485,1.0093771606132105,0.009333400216760542
7951,2551,29,1,0.021568073618119177,0.07507833320677197,7.628955562589554,1.3661997631669067,0.035738094534373564,0.13961122544688112,-78.27748039951862,7.498746922449654,7.759164202729451,1.0347281063053566,0.034135377791006775
7953,2552,17,1,0.019619666409154038,0.05359055638055883,7.396764787351699,-2.334546233888575,0.0336973988697257,0.10919183780051935,133.75964628120616,7.388295715310976,7.405233859392421,1.0022925644470813,0.0022899395301049673
7955,2553,17,1,0.03575200697006789,0.05391664483690124,7.425680510672958,-2.36158034549937,0.05667647963369509,0.1890470674183306,135.3085867709363,7.440797290825531,7.410563730520384,0.9959367848466422,0.004071486816823243
7956,2554,19,1,0.024658767845078602,0.05945747905058852,7.526866087938157,2.108581635009452,0.038717031991671584,0.13483989182696401,-120.81282844615635,7.511657015104141,7.542075160772171,1.0040494588087379,0.004041276317746084
7958,2555,23,1,0.043223456028312644,0.06611219736831392,7.43726467515827,-2.773867111722124,0.0734248102719717,0.2116564401032956,158.93087841752939,7.437301111308397,7.437228239008145,0.9999902017816461,9.798266356619845e-06
7961,2556,23,1,0.04378710006623584,0.0662450474050001,7.434160617264408,1.3614836988186614,0.06656700935620229,0.19568905898188768,-78.0072698153062,7.416110179639871,7.452211054888943,1.0048678989894437,0.004856079537108095
7963,2557,2,2,2.77364664358329,0.46964812891000085,11.238819354184603,-3.0297269233643305,4.157212680534164,8.424103736978438,173.59708096214942,16.420609432184445,6.0570292761847595,0.368867507701204,0.9221235638190913
7967,2558,1,1,0.042010268946321455,0.05839602882556657,7.524617294341518,-2.907773691244626,0.06752381424603988,0.20125615993003684,166.60316027160718,7.519905059634165,7.529329529048872,1.0012532697341217,0.0012524848834231566
7968,2559,13,1,0.033747141208765645,0.05453932534751065,7.521071322652381,0.08101058687423408,0.05055271319769252,0.1552413895323107,-4.641564728009792,7.556110516325132,7.486032128979631,0.99072560053296,0.009317607072071648
7974,2560,1,1,0.04167587710713654,0.05497620756374611,7.4708008321757715,-0.5000402200028397,0.06512438228065368,0.20517197938592763,28.650194204617073,7.481752989902962,7.459848674448582,0.9970723017073753,0.00293199028409915
7975,2561,11,1,0.022586688319718436,0.05523227932066116,7.474091380044886,0.4112639749507677,0.03525125742627473,0.11264243271939851,-23.563690033020933,7.350163522496924,7.598019237592848,1.0337211157734523,0.03316198618572893
7976,2562,17,1,0.023904629582203473,0.05878912574787021,7.305991485911003,1.3782069342803063,0.0377312250643418,0.1511864030251807,-78.96544062668751,7.263917287131162,7.348065684690846,1.0115844377397802,0.011517724558255752
7985,2563,19,1,0.0238167359278421,0.05365703348192819,7.4608467054834176,-2.032076885554241,0.03755640513907216,0.11983604509195069,116.42942919121522,7.528127238566913,7.393566172399921,0.9821255589999023,0.0180356293968747
7986,2564,8,2,2.765771179849187,0.4734226309384507,11.357214602867394,2.1486954649840486,4.14542745686567,8.411682568047189,-123.10472183744723,16.629714708647008,6.0847144970877824,0.3658941000307055,0.9284847192107203
7987,2565,17,1,0.037162847212601775,0.08052380965088553,7.403167384761852,0.292932208409071,0.058979113416221314,0.19369229286375156,-16.783779236498724,7.347458851673306,7.458875917850397,1.0151640272407538,0.015049918553297143
7989,2566,1,1,0.03240690698448841,0.06521046682420512,7.536386087983959,2.8029622310486513,0.05063587941761422,0.1839642049882391,-160.5979059665841,7.523453260378447,7.549318915589473,1.0034380030440604,0.0034321032533440187
7991,2567,19,1,0.03247718720275537,0.06602390795970686,7.570187245884458,-3.1283103894853634,0.049880020199527274,0.17690945838085945,179.23898232386054,7.602486749772051,7.537887741996867,0.9915029108367573,0.008533343453334483
7995,2568,17,1,0.03785083375389627,0.08010710883102894,7.596169582075789,1.3278811390474072,0.05896851537285796,0.2489043578971335,-76.08198495576289,7.565205806224859,7.627133357926719,1.0081858383351454,0.00815247093061043
7998,2569,29,1,0.029890321681302227,0.07508637406200327,7.482371839678103,-2.2054288365078065,0.04895731183238398,0.1982339472353886,126.3617643540089,7.490872147334751,7.473871532021454,0.9977304891901879,0.002272089075170587
8000,2570,11,1,0.039808973794359784,0.06147812542756698,7.50657513806782,2.7756804042783085,0.06389018253776829,0.21999642942543607,-159.0347724253642,7.488936414259797,7.524213861875845,1.0047106085116273,0.004699539665851978
8002,2571,17,1,0.035203976619712106,0.06296975750722345,7.508982535833722,-2.0347147183219283,0.05497231994064646,0.18884048689473695,116.58056587988652,7.497156269457556,7.520808802209888,1.0031548672459567,0.0031498984901694445
8003,2572,11,1,0.02741101865783554,0.05581232850063174,7.621310262809161,-1.7169215010342647,0.03929695626611151,0.14457383123783346,98.37235576553572,7.639659917443508,7.602960608174815,0.9951962116553253,0.0048153543161442965
8004,2573,8,2,2.7591653351024577,0.47245876935783415,11.28329737998621,2.8490562701567663,4.135541876561705,8.394079349926518,-163.24531337334727,16.508846370314537,6.057748389657888,0.36693953373693383,0.9262450176306014
8005,2574,13,1,0.03325218995598259,0.08119155500778354,7.435042734715572,2.4814940497859137,0.05496713135075327,0.1912403707643895,-142.17913592997022,7.436554135179173,7.433531334251972,0.9995935212906067,0.00040656133865735997
8007,2575,23,1,0.040492071936406866,0.04562460186487623,7.4666122452168215,-0.6098494976964725,0.06328494111289779,0.1872986678191874,34.941802365468405,7.487610107221839,7.4456143832118045,0.9943913046474563,0.005624468317199274
8009,2576,7,1,0.0378884999530819,0.06581163913167068,7.474695914699269,-0.7428265805357404,0.0614681755459359,0.14468818268672673,42.560827977257205,7.457071578143224,7.492320251255314,1.0047268787408994,0.004715733390942628
8012,2577,7,1,0.01801429185585975,0.06349851251041615,7.529954805364024,-0.7070186915944541,0.03223671471644747,0.11203384490468617,40.50918706592008,7.511596151118249,7.5483134596097985,1.0048880834050273,0.004876165852335954
8015,2578,14,2,2.768014095718299,0.4802695191066662,12.004051082203928,2.168927709753886,4.148783792840686,8.40696971932899,-124.26392832487426,17.661665491113048,6.3464366732948045,0.3593339867346139,0.9426175163977047
8018,2579,23,1,0.017186069000316793,0.054806497211425165,7.486679164154592,-1.613420843652183,0.026540475973127413,0.10797022591062037,92.44220491999121,7.510387049166823,7.46297127914236,0.993686640952849,0.006333351407855757
8023,2580,13,1,0.026867896633320613,0.05262861605878086,7.503664458745472,0.8061474554321331,0.04482966923542034,0.12901164476901028,-46.18884686247893,7.583992529099778,7.423336388391166,0.9788164162751778,0.021410357778107687
8024,2581,11,1,0.020904618031947958,0.07735672384382025,7.577540699030225,3.0574236432908832,0.030358348851600655,0.12774259297205015,-175.17747094351992,7.225505413585503,7.929575984474949,1.0974423975332774,0.0929154456378642
8030,2582,23,1,0.036621761234415774,0.06593101944344218,7.486233177767402,0.44520195089158593,0.0624076870991438,0.20488702783038623,-25.508192829607477,7.478389558288059,7.494076797246745,1.0020976760887375,0.002095478271405363
8033,2583,11,1,0.03557091486689665,0.060771492558494886,7.575876462677661,0.03307428441146523,0.05827080804927616,0.1798152145997857,-1.8950169154978191,7.629070416245357,7.522682509109965,0.986054931815959,0.014042983364302266
8045,2584,11,1,0.03749007354139889,0.07292168184939142,7.3562584435884935,2.7717560492952327,0.05675211273354193,0.21113950062542586,-158.80992345695924,7.396634953141246,7.315881934035743,0.9890824652538506,0.01097745813646401
8046,2585,11,1,0.02507797773237334,0.06450667291110998,7.33686834398396,0.03632896060005601,0.040937924761603184,0.14647858979943607,-2.0814961134140977,7.332038537043619,7.341698150924301,1.0013174526882092,0.0013165854187096207
8047,2586,19,1,0.03853728773055175,0.05672741867759676,7.448193563046705,-1.6350724706317736,0.06280133424746702,0.1988823882038682,93.68275177744971,7.44040807693909,7.45597904915432,1.0020927578237933,0.002090570295122696
8048,2587,11,1,0.03767228355747213,0.06864418501149443,7.526471453248459,-1.6718583092972843,0.06491317588691167,0.1923281463420485,95.79042506233527,7.530871519331449,7.522071387165467,0.9988314589960282,0.001169224147151173
8049,2588,13,1,0.044983591769788334,0.05989122600537289,7.529771165859818,-2.586946272690487,0.07363880659090785,0.2158597070727997,148.22110322713084,7.56510194342155,7.494440388298087,0.9906595369564175,0.00938428984984888
8050,2589,13,1,0.025899439798694395,0.07609785174207254,7.431021181989293,-0.8908666538574268,0.04247219817424918,0.1678558033226321,51.042899370978326,7.495332414528877,7.366709949449708,0.9828396583412566,0.017308854587968835
8054,2590,19,1,0.02169764615131002,0.05469036841016525,7.525995239755749,-1.7393030408342351,0.03265182786307263,0.1641853355745345,99.65472353514161,7.489576685977592,7.5624137935339055,1.0097251300854806,0.00967806984138855
8060,2591,11,1,0.02888810718418374,0.07251216991492442,7.616494791614144,2.1446110738161104,0.046588265677409535,0.18816509194345898,-122.87716323113082,7.635795283188765,7.597194300039524,0.9949447331001361,0.00506807714117274
8062,2592,4,2,2.762133194248996,0.4797167254788479,11.743880958446281,-0.9744956155016827,4.139983028466292,8.381937574787152,55.828051659193434,17.272857023720146,6.214904893172412,0.359807580450514,0.9415926617167196
8063,2593,17,1,0.0335319517735736,0.060888589220390484,7.269583467434689,-2.266789118005711,0.05379031071093297,0.1957162129569594,129.87744950066173,7.1927278158388335,7.3464391190305465,1.0213703767370748,0.02114444436607522
8064,2594,7,1,0.03773538603371037,0.06138848769326996,7.508162152459149,1.961644274596616,0.062261140945120044,0.2122460712335349,-112.39393785367302,7.518019495928929,7.49830480898937,0.9973776754702173,0.00262576733683114
8075,2595,11,1,0.020775043415632948,0.05448796994399401,7.541918142322115,-0.741995331838161,0.03787296307545874,0.1246903721456164,42.513200933065704,7.467209501534593,7.616626783109636,1.0200097883344958,0.019811575617159672
8077,2596,13,1,0.035340952476524926,0.08218035276809638,7.555560127290826,-0.03515521470222229,0.05811301756039222,0.18837705891126902,2.0142454368016214,7.467645384708672,7.643474869872979,1.0235455054580322,0.02327153542583928
8079,2597,1,1,0.022443084694305632,0.05892095558821969,7.63582357749427,-2.0570301822364203,0.03794395826755356,0.143136695163684,117.85914777491116,7.5679033677983565,7.703743787190185,1.0179495446479714,0.017789884485047966
8081,2598,1,1,0.028891251058361326,0.07510375142148018,7.413224301013449,-2.3499195523355474,0.04619052580243039,0.15080188295997082,134.64047254060347,7.400788576869798,7.425660025157102,1.0033606483996904,0.0033550108936949495
8085,2599,17,1,0.02929184552995233,0.0657726694522365,7.5635490800093415,-1.590370830762467,0.047825693753812036,0.1747516814724239,91.12153646535457,7.593277583753964,7.533820576264719,0.9921697834915907,0.007860993147567628
8086,2600,23,1,0.025886599356413662,0.054028942496154926,7.486617324433436,1.623310427920943,0.03843017057058065,0.14630305719841166,-93.00883635838102,7.547642949912906,7.425591698953966,0.9838292230079129,0.016302589763819285
8090,2601,23,1,0.03895884190941144,0.07918939497376296,7.364195847860535,-0.8401541047004409,0.06624540859156551,0.25467699192871107,48.13728435321504,7.434749827399482,7.29364186832159,0.9810204832235425,0.01916135339052499
8091,2602,23,1,0.029925320217342836,0.07327013678851574,7.562474873826107,-1.4277075633965235,0.051216383934335634,0.1836852707675587,81.80161775684188,7.6759539146091695,7.448995833043045,0.9704325893444763,0.030011085703124944
8092,2603,17,1,0.023242498673947374,0.0559705768451489,7.4858364830147135,1.4425699744594451,0.03212792406431568,0.12883762677250854,-82.65317118797068,7.452865681412586,7.518807284616843,1.008847818546994,0.008808848998221857
8103,2604,7,1,0.038491169752484414,0.06724203444567867,7.33671904917379,2.227041729728896,0.06506389499344929,0.21729200755296868,-127.60009192952968,7.342432525077853,7.331005573269724,0.998443710341348,0.0015575016204846083
8104,2605,29,1,0.03558330343445711,0.0640791157083605,7.43094592435916,0.08202501265913792,0.06025729546350785,0.22482541228302416,-4.699687051339738,7.457389247837358,7.404502600880962,0.9929081552271483,0.0071170813910823765
8105,2606,16,2,2.7613807313432717,0.47117454510449897,11.104296102371794,1.1497760904420986,4.138857609657612,8.387230304010686,-65.87088837771246,16.229474104359003,5.979118100384581,0.36841108109465337,0.9230982233790599
8106,2607,13,1,0.041513161100000584,0.0688364290603213,7.4274060391475265,1.0509843543872661,0.06879350923381333,0.2210687860868735,-60.21696782259009,7.409634993170086,7.445177085124966,1.0047967399187194,0.004785263087482825
8107,2608,7,1,0.029495409085172508,0.05167981033423606,7.496053066632443,2.9919677136255527,0.04572057370582061,0.15028443143490858,-171.42712242389027,7.478009963578808,7.514096169686078,1.0048256429562177,0.004814027567107591
8108,2609,11,1,0.025188981405633828,0.06382851613198423,7.571664817487071,0.4920552167047127,0.04064026080330705,0.1524808846854227,-28.192687206793906,7.551797183370069,7.591532451604071,1.005261696953608,0.005247890548751206
8111,2610,19,1,0.01787332674037517,0.054175717508099054,7.7342776107307225,0.5393508714661547,0.031589967442064236,0.13104851715514523,-30.902528612264234,7.730452798655545,7.738102422805899,1.0009895441249812,0.000989054768313596
8113,2611,8,2,2.763357413422367,0.4724666115551134,11.298945155121222,1.8352881152080185,4.141815479474874,8.396647993318496,-105.14782037381119,16.531901988017747,6.0659883222246975,0.3669262209890489,0.9262735168733337
8122,2612,7,1,0.01849152229173961,0.05138606040530209,7.512087495039378,1.5162059358261097,0.02972899990070501,0.1547345018421356,-86.87220099601053,7.593364525796187,7.43081046428257,0.9785926171512788,0.02163900002774998
8123,2613,17,1,0.029223230708340733,0.06332064068912605,7.366841514243206,-1.5921123402832718,0.0516950175370371,0.16134309709026887,91.22131760211225,7.370324295372183,7.363358733114228,0.9990549178056753,0.000945528995633693
8124,2614,23,1,0.04324590178268815,0.06662240558440083,7.465794758433404,-0.49146413312797077,0.07454602327574525,0.24312596764082195,28.158820631919546,7.431436207270114,7.500153309596693,1.009246813187921,0.009204258160051392
8129,2615,13,1,0.04098916035124074,0.06588742540187684,7.547544995100479,-0.14604855866646396,0.06378005432786171,0.17735246277717867,8.367966011412179,7.55592456729377,7.539165422907187,0.9977819862761566,0.0022204762472383234
8131,2616,29,1,0.02406708506383505,0.0800662051861551,7.48196885283862,0.7740213822329594,0.03935209524527219,0.14000910382196372,-44.34815845298712,7.539340006457658,7.424597699219581,0.9847808552022065,0.015335844013109438
8133,2617,23,1,0.04339205995761068,0.06365449623039333,7.453258623066187,1.2831063285626618,0.07239431996640759,0.23316785533975345,-73.51657726920514,7.42856970462436,7.477947541508013,1.0066470180461409,0.006624999799529207
8136,2618,7,1,0.036978895844153495,0.05637467967794376,7.505446090282279,-0.8835936489485361,0.057987846942090686,0.18643182680576564,50.626186879667806,7.518470798516606,7.492421382047951,0.9965352772968414,0.0034707352708033155
8139,2619,23,1,0.03746206267003732,0.06595309200532884,7.504006325151687,0.009258765656288989,0.06110347047805555,0.19763987933014873,-0.5304882015276741,7.42827561567212,7.579737034631255,1.0203898491110888,0.020184073999441034
8141,2620,23,1,0.03803676769837458,0.06992271170576504,7.535268909085084,3.088076565527774,0.0631109096026314,0.20797944748039124,-176.93375400571978,7.574545361878588,7.495992456291576,0.9896293570327858,0.01042469837968258
8152,2621,1,1,0.020952028924680732,0.0550170575832579,7.575818017431603,-1.6445747524488947,0.03212926874781458,0.14381188057836564,94.22719241019009,7.664264276670462,7.487371758192741,0.976919830515739,0.023349626148714164
8156,2622,29,1,0.02432385747641066,0.05827633766577751,7.4324023554609715,2.320116726931296,0.04050729888118192,0.14371619319259382,-132.932896433594,7.428630087435055,7.43617462348689,1.0010156026027728,0.001015087140201953
8158,2623,7,1,0.030940613600995988,0.07286416040909545,7.461254153417825,-0.18388177489461424,0.04990754145560192,0.16728426228101856,10.535649638510211,7.483742199459329,7.438766107376321,0.9939901601519281,0.006027953365240282
8162,2624,13,1,0.020721159218619476,0.060419680599798346,7.547775249880943,-1.5552340115615342,0.03458829102404798,0.13062150838706574,89.10834501858788,7.495988989649138,7.599561510112749,1.0138170587772513,0.013722258153519393
8163,2625,23,1,0.028296918545178348,0.05252464560679506,7.499728296934807,-1.3297606378062174,0.044552715831987645,0.1365158136711543,76.18967230494623,7.512640245397135,7.486816348472477,0.9965626070088369,0.00344331099770807
8166,2626,11,1,0.025875905223329047,0.07321134323469188,7.543176529383155,-1.6867897541597445,0.04397000100239521,0.16235222040982128,96.64593384331343,7.583986606315916,7.502366452450394,0.9892378299036618,0.01082039556512893
8171,2627,19,1,0.03146278876965538,0.054917985888661196,7.345616281487599,0.8176772166154797,0.051825006156627364,0.17903401697089136,-46.84945350823487,7.348242408222372,7.342990154752829,0.9992852367712222,0.0007150187633378459
8173,2628,14,2,2.769900560962242,0.4739239225084704,11.484928124039495,2.549632561543223,4.151606760842273,8.395644033611761,-146.07669630277385,16.828780614056033,6.141075634022956,0.3649150687063861,0.930585273551889
8179,2629,7,1,0.03041656699947476,0.059832250234644155,7.421408564145166,1.100252246585388,0.04920135574349652,0.17854407513741874,-63.039810124977194,7.3933814514475955,7.449435676842737,1.0075816763632783,0.007553043995711866
8181,2630,7,1,0.048675516452262604,0.05147710490083994,7.48179647709264,-2.646520966449492,0.07697570230326102,0.22497188971513404,151.63448174057814,7.5282202401011284,7.435372714084154,0.9876667362197512,0.012409790389413864
8184,2631,23,1,0.03635616363777912,0.07703746383157135,7.467627849881732,-1.2367256538447524,0.05935230795698803,0.25635520189839095,70.85916036931208,7.4944207035230415,7.440834996240423,0.9928499200401936,0.0071757334939323335
8185,2632,1,1,0.0381151182632146,0.07134732069732236,7.423237379647324,1.6069196198876858,0.0629989974697225,0.1958389237150296,-92.06971224691883,7.329871858339489,7.516602900955161,1.0254753488498194,0.025154933496757362
8188,2633,16,2,2.7630434758819193,0.4680395030189783,11.041582232847363,1.1368588662221695,4.141345458314774,8.406450822253847,-65.1436555700968,16.1095996811631,5.973564784531626,0.3708077731761699,0.9179875386407942
