net,domain_exact,best_k,gcd_k_n,phase_mae_deg,mean_abs_deg,q_odd_over_even,radius_parity_separation,f_decoder_acc,f_decoder_exact,q_decoder_acc,q_decoder_exact,q_certified,q_break_at,composition_acc,composition_exact,substitution_acc,substitution_exact,family
0,True,9,1,0.17280170003668566,0.30721448034801796,0.9990900139247447,0.0009104003010536645,1.0,True,,False,False,gcd_k_not_2,0.6,False,1.0,True,FAMILY_F
1,True,3,1,0.18868098058916652,0.3153838643196313,0.9854172103063946,0.014689899551495217,1.0,True,,False,False,gcd_k_not_2,0.0,False,1.0,True,FAMILY_F
5,True,2,2,8.972981393876678,13.346689285973772,0.26099010731989253,1.1721105318594427,0.46,False,1.0,True,True,,0.0,False,0.5,False,FAMILY_Q
6,True,1,1,0.18168804969005695,0.28704813901010606,1.0195371506489277,0.01934814681933416,1.0,True,,False,False,gcd_k_not_2,0.0,False,1.0,True,FAMILY_F
8,True,6,2,8.795243295468337,13.08675522218441,0.26818543726964156,1.1541128627149817,0.45,False,1.0,True,True,,0.0,False,0.5,False,FAMILY_Q
11,True,7,1,0.16601133190988707,0.2824434482891252,1.0094476221773216,0.009403203221674204,1.0,True,,False,False,gcd_k_not_2,0.0,False,1.0,True,FAMILY_F
13,True,1,1,0.1599281074635643,0.2661961686711313,0.9934350807707168,0.006586539278464974,1.0,True,,False,False,gcd_k_not_2,0.0,False,1.0,True,FAMILY_F
14,True,4,2,8.708666793114554,12.96004257983227,0.25310107556148764,1.19208089276253,0.44,False,1.0,True,True,,0.0,False,0.5,False,FAMILY_Q
16,True,8,2,8.756352010501505,13.029841363413562,0.26099178865760514,1.1721063023401757,0.48,False,1.0,True,True,,0.25,False,0.5,False,FAMILY_Q
17,True,3,1,0.13182310662327265,0.22841243113502502,1.0460302008578584,0.044994644593768784,1.0,True,,False,False,gcd_k_not_2,0.0,False,1.0,True,FAMILY_F
20,True,1,1,0.13506297050685886,0.21221150385167212,0.9821330489632887,0.018028003767008693,1.0,True,,False,False,gcd_k_not_2,0.0,False,1.0,True,FAMILY_F
21,True,1,1,0.19474757584701644,0.2918437061992693,1.080424007033337,0.0773150153636429,1.0,True,,False,False,gcd_k_not_2,1.0,True,1.0,True,FAMILY_F
23,True,9,1,0.17356476129145115,0.33057240581741565,1.1417894836735993,0.13240281993578737,1.0,True,,False,False,gcd_k_not_2,0.0,False,1.0,True,FAMILY_F
25,True,1,1,0.13147665147649495,0.2182377327100042,1.0011706456718932,0.0011699608670805387,1.0,True,,False,False,gcd_k_not_2,0.0,False,1.0,True,FAMILY_F
29,True,9,1,0.1281203064329676,0.22592340935679095,1.0051367228310284,0.005123563667794151,1.0,True,,False,False,gcd_k_not_2,0.0,False,1.0,True,FAMILY_F
30,True,7,1,0.13492359537880372,0.2169218356627077,1.0113299991121418,0.011266176228807117,1.0,True,,False,False,gcd_k_not_2,0.0,False,1.0,True,FAMILY_F
31,True,1,1,0.1699805375133982,0.21463808505936743,0.960135442392675,0.040675309210942714,1.0,True,,False,False,gcd_k_not_2,0.0,False,1.0,True,FAMILY_F
34,True,1,1,0.15441513555153588,0.2777427995212348,0.984260865006876,0.015863977635893586,1.0,True,,False,False,gcd_k_not_2,0.0,False,1.0,True,FAMILY_F
38,True,9,1,0.22998227649757158,0.42258638068701027,0.9681103110849271,0.03240640398605878,1.0,True,,False,False,gcd_k_not_2,0.0,False,1.0,True,FAMILY_F
40,True,9,1,0.176423997132621,0.241662768745718,1.0129164350120812,0.01283355313456283,1.0,True,,False,False,gcd_k_not_2,1.0,True,1.0,True,FAMILY_F
41,True,6,2,9.077595277747681,13.499552627726796,0.2697446496712659,1.1502396966473465,0.54,False,1.0,True,True,,0.0,False,0.5,False,FAMILY_Q
42,True,3,1,0.13299236153062916,0.22809467583711743,0.8702266167716413,0.13877824437379863,1.0,True,,False,False,gcd_k_not_2,0.0,False,1.0,True,FAMILY_F
43,True,3,1,0.20122057370037322,0.30444139775539997,0.9890517663486575,0.011008495441463859,1.0,True,,False,False,gcd_k_not_2,0.0,False,1.0,True,FAMILY_F
45,True,1,1,0.2224732360574691,0.39848415971259654,1.03459604567484,0.03400777834832076,1.0,True,,False,False,gcd_k_not_2,0.0,False,1.0,True,FAMILY_F
47,True,1,1,0.11391045799090016,0.19691142256050714,1.0069647626904195,0.006940592899182545,1.0,True,,False,False,gcd_k_not_2,0.2,False,1.0,True,FAMILY_F
48,True,1,1,0.14665224433936092,0.27788263478154357,0.9526130877988526,0.04853691957433905,1.0,True,,False,False,gcd_k_not_2,0.0,False,1.0,True,FAMILY_F
53,True,1,1,0.14489941031947665,0.20039813947760168,1.0744012265555387,0.07173272518651459,1.0,True,,False,False,gcd_k_not_2,0.0,False,1.0,True,FAMILY_F
55,True,1,1,0.14437631522481806,0.26696562874796576,0.9615087467667032,0.03924657822377267,1.0,True,,False,False,gcd_k_not_2,0.0,False,1.0,True,FAMILY_F
56,True,4,2,8.726003229469198,12.985420273388003,0.2623650360124262,1.168655567834204,0.58,False,1.0,True,True,,0.5,False,0.5,False,FAMILY_Q
57,True,7,1,0.19777322806132464,0.36419226535424765,0.9979892895538789,0.002012733958719149,1.0,True,,False,False,gcd_k_not_2,0.3,False,1.0,True,FAMILY_F
65,True,9,1,0.1938084610970393,0.35482672946844335,1.0479541447907061,0.046831268085455034,1.0,True,,False,False,gcd_k_not_2,0.0,False,1.0,True,FAMILY_F
68,True,9,1,0.26033620858629847,0.41942282804355113,1.03983760141738,0.03905958139971433,1.0,True,,False,False,gcd_k_not_2,0.3,False,1.0,True,FAMILY_F
69,True,2,2,8.982372286648904,13.36041644576485,0.2734628947503452,1.1410416561718324,0.53,False,1.0,True,True,,0.0,False,0.5,False,FAMILY_Q
70,True,9,1,0.15269932588499027,0.23051831253438562,0.9892303818434424,0.010827924462502244,1.0,True,,False,False,gcd_k_not_2,0.0,False,1.0,True,FAMILY_F
74,True,9,1,0.14258704369374167,0.22214481506802228,0.9966664201731622,0.0033391454808446718,1.0,True,,False,False,gcd_k_not_2,0.0,False,1.0,True,FAMILY_F
75,True,3,1,0.17535302076492443,0.23366288351214587,1.0365775925413072,0.03592064714378458,1.0,True,,False,False,gcd_k_not_2,0.0,False,1.0,True,FAMILY_F
76,True,9,1,0.16025711076355192,0.2751744921102206,0.9903893423314336,0.009657063032008542,1.0,True,,False,False,gcd_k_not_2,0.0,False,1.0,True,FAMILY_F
77,True,7,1,0.18327127713085417,0.2807489371131558,0.9629661173542862,0.037732574513948895,1.0,True,,False,False,gcd_k_not_2,0.0,False,1.0,True,FAMILY_F
82,True,6,2,8.818030263051,13.120095356647246,0.2686031818845715,1.153074229293518,0.52,False,1.0,True,True,,0.0,False,0.5,False,FAMILY_Q
84,True,9,1,0.12390649413430209,0.1875768744911523,1.0355485234520552,0.03492770920711733,1.0,True,,False,False,gcd_k_not_2,0.6,False,1.0,True,FAMILY_F
86,True,2,2,9.011394524822517,13.402832500882967,0.275283619779553,1.1365571845825517,0.47,False,1.0,True,True,,0.25,False,0.5,False,FAMILY_Q
87,True,7,1,0.12171464132526898,0.22816933270291972,0.9932204503491887,0.006802608963422566,1.0,True,,False,False,gcd_k_not_2,0.0,False,1.0,True,FAMILY_F
88,True,3,1,0.3013036920847407,0.45520651306434184,1.0221290406655572,0.02188687291516649,1.0,True,,False,False,gcd_k_not_2,0.46,False,1.0,True,FAMILY_F
90,True,1,1,0.20795056566876746,0.3326364924534896,1.0859981897382678,0.08245279421748498,1.0,True,,False,False,gcd_k_not_2,0.0,False,1.0,True,FAMILY_F
91,True,3,1,0.11223636715701879,0.21709060517103723,0.9482624064730327,0.0531115247669626,1.0,True,,False,False,gcd_k_not_2,0.0,False,1.0,True,FAMILY_F
93,True,9,1,0.20006138561238138,0.3870542836208541,0.9939029468788363,0.006115696985861595,1.0,True,,False,False,gcd_k_not_2,0.0,False,1.0,True,FAMILY_F
94,True,9,1,0.1553227971135751,0.22601256242935905,1.0441097357884987,0.04315789413476247,1.0,True,,False,False,gcd_k_not_2,0.0,False,1.0,True,FAMILY_F
95,True,7,1,0.1699033859957134,0.2630777039933144,1.002044088179224,0.0020420011640033984,1.0,True,,False,False,gcd_k_not_2,0.0,False,1.0,True,FAMILY_F
103,True,1,1,0.14628080401495117,0.22476059382243654,1.0093480483332162,0.009304558601453468,1.0,True,,False,False,gcd_k_not_2,0.0,False,1.0,True,FAMILY_F
104,True,3,1,0.14517198504201803,0.22297211125218194,1.0636419420464354,0.061679248468195155,1.0,True,,False,False,gcd_k_not_2,0.9,False,1.0,True,FAMILY_F
111,True,9,1,0.16094740458400547,0.2731456243576962,0.9840664218282106,0.016061537049860925,1.0,True,,False,False,gcd_k_not_2,0.0,False,1.0,True,FAMILY_F
112,True,9,1,0.2903501215094876,0.46905749691093107,1.0011140078943428,0.0011133877329807282,1.0,True,,False,False,gcd_k_not_2,0.5,False,1.0,True,FAMILY_F
113,True,7,1,0.20184111224672918,0.3050611975543694,1.005678521966818,0.005662444808203332,1.0,True,,False,False,gcd_k_not_2,0.98,False,1.0,True,FAMILY_F
115,True,7,1,0.1250822098600695,0.22055542868133998,1.03733595571921,0.03665174181450087,1.0,True,,False,False,gcd_k_not_2,0.0,False,1.0,True,FAMILY_F
116,True,4,2,8.895927589457425,13.234035351365288,0.27045448913063147,1.1484795671328525,0.52,False,1.0,True,True,,0.0,False,0.5,False,FAMILY_Q
117,True,7,1,0.21402815277924536,0.3797559906713152,0.9582953682179458,0.04259279009581224,1.0,True,,False,False,gcd_k_not_2,0.0,False,1.0,True,FAMILY_F
119,True,7,1,0.12910575649636935,0.2129754180170282,0.9977895078030133,0.0022129380381195342,1.0,True,,False,False,gcd_k_not_2,0.0,False,1.0,True,FAMILY_F
122,True,7,1,0.10808082310860849,0.15956427629122946,0.9893181564404702,0.010739200790931432,1.0,True,,False,False,gcd_k_not_2,0.0,False,1.0,True,FAMILY_F
123,True,6,2,8.79412263571221,13.085109381929477,3.795514911679126,1.1658872772435152,0.5,False,1.0,True,True,,0.0,False,0.5,False,FAMILY_Q
126,True,9,1,0.1488032095947159,0.2693857426236025,0.9866159377672675,0.013474232213977606,1.0,True,,False,False,gcd_k_not_2,0.0,False,1.0,True,FAMILY_F
127,True,7,1,0.13294977389775509,0.21819900440955675,1.050433674075423,0.04919317772925705,1.0,True,,False,False,gcd_k_not_2,1.0,True,1.0,True,FAMILY_F
130,True,6,2,9.19395711725808,13.669462465261152,0.2741431062985736,1.1393647858128964,0.48,False,1.0,True,True,,0.0,False,0.5,False,FAMILY_Q
131,True,9,1,0.19363598248801353,0.29822509270667824,1.0656649909224212,0.06357758030560275,1.0,True,,False,False,gcd_k_not_2,0.0,False,1.0,True,FAMILY_F
132,True,2,2,9.015935278953812,13.409466697712912,0.2674401337403385,1.1559676023479017,0.45,False,1.0,True,True,,0.0,False,0.5,False,FAMILY_Q
135,True,1,1,0.146673518003516,0.29583818451565996,1.0043940931674782,0.004384460303945895,1.0,True,,False,False,gcd_k_not_2,0.0,False,1.0,True,FAMILY_F
137,True,9,1,0.17033302738928546,0.2525542625490357,0.9936971946180411,0.0063227308529833735,1.0,True,,False,False,gcd_k_not_2,0.0,False,1.0,True,FAMILY_F
138,True,4,2,8.99158741871586,13.373882785829162,0.2779498157465452,1.130013362585215,0.48,False,1.0,True,True,,0.0,False,0.5,False,FAMILY_Q
139,True,7,1,0.16290988552822905,0.27859282292524506,0.999724478638309,0.0002755593229308471,1.0,True,,False,False,gcd_k_not_2,0.0,False,1.0,True,FAMILY_F
140,True,7,1,0.170180364162611,0.3079294518769806,0.9914647203602756,0.008571861256151517,1.0,True,,False,False,gcd_k_not_2,0.0,False,1.0,True,FAMILY_F
141,True,1,1,0.1932193363867532,0.23215584293572347,0.9822545368438941,0.017904323411825653,1.0,True,,False,False,gcd_k_not_2,0.0,False,1.0,True,FAMILY_F
142,True,3,1,0.12184813553087959,0.21447693229636228,0.9528107216971984,0.048329597721369695,1.0,True,,False,False,gcd_k_not_2,0.0,False,1.0,True,FAMILY_F
143,True,1,1,0.1463456091082438,0.27388049354005367,0.9632808381940903,0.03740591879833719,1.0,True,,False,False,gcd_k_not_2,0.3,False,1.0,True,FAMILY_F
144,True,1,1,0.13861780681288088,0.24819803798850332,1.0425155219500841,0.041630549675815955,1.0,True,,False,False,gcd_k_not_2,0.0,False,1.0,True,FAMILY_F
147,True,2,2,8.981505737633807,13.359148585372731,0.2609083982369868,1.172316090203567,0.4,False,1.0,True,True,,0.0,False,0.5,False,FAMILY_Q
148,True,3,1,0.24079295150093538,0.38871260473886,1.000256499909385,0.00025646701750156803,1.0,True,,False,False,gcd_k_not_2,0.0,False,1.0,True,FAMILY_F
149,True,1,1,0.19561078299908974,0.320535543318322,1.005460831965338,0.005445962223043129,1.0,True,,False,False,gcd_k_not_2,0.4,False,1.0,True,FAMILY_F
151,True,3,1,0.1539699023554151,0.24036302472594515,1.004024244802316,0.004016163789189121,1.0,True,,False,False,gcd_k_not_2,0.0,False,1.0,True,FAMILY_F
152,True,3,1,0.13063808140658678,0.22079069771816157,0.9900795387397731,0.00996991433468949,1.0,True,,False,False,gcd_k_not_2,0.0,False,1.0,True,FAMILY_F
155,True,7,1,0.17119202307366171,0.27782919518148486,0.9396043361533061,0.06227627224887812,1.0,True,,False,False,gcd_k_not_2,0.0,False,1.0,True,FAMILY_F
157,True,4,2,8.98812263050621,13.368819309486495,0.270716859769274,1.1478294863627496,0.51,False,1.0,True,True,,0.25,False,0.5,False,FAMILY_Q
159,True,7,1,0.1609143926802604,0.28069791141202605,0.9793092833823347,0.02090700709725164,1.0,True,,False,False,gcd_k_not_2,0.0,False,1.0,True,FAMILY_F
160,True,9,1,0.13180570210572085,0.26098676752144734,0.9900444922976126,0.010005311681140546,1.0,True,,False,False,gcd_k_not_2,0.0,False,1.0,True,FAMILY_F
161,True,1,1,0.1363810985831887,0.21095262641269344,1.0019333743543144,0.0019315071910802342,1.0,True,,False,False,gcd_k_not_2,0.0,False,1.0,True,FAMILY_F
162,True,3,1,0.1710502931702127,0.2751079362809128,0.9993586741634246,0.0006415315519549998,1.0,True,,False,False,gcd_k_not_2,0.0,False,1.0,True,FAMILY_F
163,True,9,1,0.15393416959940667,0.2553409136949778,0.9671831629858274,0.03336429228518059,1.0,True,,False,False,gcd_k_not_2,0.0,False,1.0,True,FAMILY_F
165,True,8,2,8.991959042034374,13.374431702418589,0.2650840405545168,1.161845278078683,0.56,False,1.0,True,True,,0.0,False,0.5,False,FAMILY_Q
166,True,7,1,0.11119661912893498,0.17786772444619459,0.9748414390845733,0.025479069273621105,1.0,True,,False,False,gcd_k_not_2,0.0,False,1.0,True,FAMILY_F
169,True,3,1,0.1643925347329061,0.23303678103379236,0.9543052721590071,0.04676314237285143,1.0,True,,False,False,gcd_k_not_2,0.0,False,1.0,True,FAMILY_F
171,True,1,1,0.17176064638374733,0.2445566243139288,1.018679521734931,0.018506673826935244,1.0,True,,False,False,gcd_k_not_2,0.0,False,1.0,True,FAMILY_F
174,True,7,1,0.17258097335261038,0.29511544980949395,0.9519529849869949,0.049229684713256845,1.0,True,,False,False,gcd_k_not_2,0.0,False,1.0,True,FAMILY_F
177,True,7,1,0.15315963979549074,0.23977781913255983,0.9737210333260586,0.02662885608474951,1.0,True,,False,False,gcd_k_not_2,0.0,False,1.0,True,FAMILY_F
178,True,3,1,0.14708905501382713,0.22291044404219282,0.9995579006302246,0.00044219711730874076,1.0,True,,False,False,gcd_k_not_2,0.0,False,1.0,True,FAMILY_F
180,True,3,1,0.22326012096973213,0.39519621788942,1.0099069263648022,0.009858094655875652,1.0,True,,False,False,gcd_k_not_2,0.0,False,1.0,True,FAMILY_F
181,True,3,1,0.211443625075076,0.36390681954461,1.0304720241868313,0.030014719556685044,1.0,True,,False,False,gcd_k_not_2,0.0,False,1.0,True,FAMILY_F
182,True,1,1,0.1260160773309245,0.21283285022099502,1.0407551994961781,0.03994129183768807,1.0,True,,False,False,gcd_k_not_2,0.2,False,1.0,True,FAMILY_F
183,True,8,2,8.822007794210684,13.125917732730443,0.2756874532510556,1.1355642714883698,0.53,False,1.0,True,True,,0.25,False,0.5,False,FAMILY_Q
185,True,3,1,0.19013339932026682,0.3032077144601991,1.0048864183721664,0.004874508927177868,1.0,True,,False,False,gcd_k_not_2,0.0,False,1.0,True,FAMILY_F
186,True,1,1,0.10961106931884623,0.18581601964746974,0.9850550917239469,0.015057424187732697,1.0,True,,False,False,gcd_k_not_2,0.0,False,1.0,True,FAMILY_F
188,True,7,1,0.1814216126643721,0.32795941730455125,1.0001165920846138,0.00011658528815291973,1.0,True,,False,False,gcd_k_not_2,0.0,False,1.0,True,FAMILY_F
189,True,7,1,0.15675033183900303,0.25354557451914994,0.9918100542769929,0.008223621228762181,1.0,True,,False,False,gcd_k_not_2,0.0,False,1.0,True,FAMILY_F
191,True,1,1,0.10277429873567444,0.16261437391819578,0.9718099520415473,0.02859306793665959,1.0,True,,False,False,gcd_k_not_2,0.5,False,1.0,True,FAMILY_F
194,True,7,1,0.1544128658792073,0.2529056464914489,0.9588581426003514,0.04200595898693661,1.0,True,,False,False,gcd_k_not_2,0.0,False,1.0,True,FAMILY_F
195,True,7,1,0.1251798416986911,0.23198261982397236,1.074068595771346,0.07142347743209529,1.0,True,,False,False,gcd_k_not_2,0.0,False,1.0,True,FAMILY_F
196,True,7,1,0.09657370422183252,0.15610908846005211,0.9266366868453105,0.07615687343192357,1.0,True,,False,False,gcd_k_not_2,0.94,False,1.0,True,FAMILY_F
198,True,1,1,0.18239472858144487,0.2928580204471812,0.9959858114577403,0.004022261600475002,1.0,True,,False,False,gcd_k_not_2,0.0,False,1.0,True,FAMILY_F
199,True,4,2,8.931774516572817,13.286451791567625,0.2675257708967527,1.155754377419931,0.42,False,1.0,True,True,,0.25,False,0.5,False,FAMILY_Q
202,True,3,1,0.15595811456785513,0.2899082160299816,0.9967089731275716,0.003296451227214669,1.0,True,,False,False,gcd_k_not_2,0.06,False,1.0,True,FAMILY_F
204,True,1,1,0.10603249634644969,0.18243961190770394,0.9684644309794134,0.032040781153354195,1.0,True,,False,False,gcd_k_not_2,0.0,False,1.0,True,FAMILY_F
205,True,9,1,0.17820167361917458,0.3002616267598642,0.9253352945164213,0.07756021062537259,1.0,True,,False,False,gcd_k_not_2,0.0,False,1.0,True,FAMILY_F
206,True,3,1,0.188369443695521,0.343787887866191,0.9893344970181421,0.010722684393041618,1.0,True,,False,False,gcd_k_not_2,0.0,False,1.0,True,FAMILY_F
208,True,3,1,0.11859827431263872,0.22099192935634265,1.013133253478059,0.01304757492368567,1.0,True,,False,False,gcd_k_not_2,0.0,False,1.0,True,FAMILY_F
209,True,3,1,0.1062941525566435,0.15678016808334228,0.9552147183542204,0.0458111134550757,1.0,True,,False,False,gcd_k_not_2,0.0,False,1.0,True,FAMILY_F
211,True,3,1,0.16106310445380126,0.2986367550683818,1.001637595101239,0.0016362553393750637,1.0,True,,False,False,gcd_k_not_2,0.0,False,1.0,True,FAMILY_F
213,True,8,2,8.752969438188336,13.024893728763603,0.27497876757402906,1.1373071471700003,0.48,False,1.0,True,True,,0.0,False,0.5,False,FAMILY_Q
215,True,6,2,8.869136463410076,13.194854717194325,0.27281458121200786,1.1426415591429617,0.51,False,1.0,True,True,,0.0,False,0.5,False,FAMILY_Q
216,True,3,1,0.13647079547766303,0.23968346830546064,0.9746832844253764,0.02564129222574603,1.0,True,,False,False,gcd_k_not_2,0.0,False,1.0,True,FAMILY_F
217,True,2,2,8.794813291234085,13.086124031176826,0.24872250675552873,1.2032737284386181,0.5,False,1.0,True,True,,0.25,False,0.5,False,FAMILY_Q
219,True,7,1,0.17625435845037427,0.3151396581796246,1.0015548067900708,0.0015535990169204335,1.0,True,,False,False,gcd_k_not_2,0.0,False,1.0,True,FAMILY_F
220,True,1,1,0.1996993028945804,0.3317454159835733,1.001233106094524,0.001232346287665095,1.0,True,,False,False,gcd_k_not_2,0.0,False,1.0,True,FAMILY_F
222,True,6,2,8.788937941237908,13.077529475739553,0.24540607200419587,1.2118038364490353,0.47,False,1.0,True,True,,0.0,False,0.5,False,FAMILY_Q
224,True,9,1,0.183461315426026,0.2547104987265897,1.0147888281939195,0.014680276152986525,1.0,True,,False,False,gcd_k_not_2,0.0,False,1.0,True,FAMILY_F
225,True,8,2,8.921272014334448,13.27109508972988,0.26667000817414666,1.157886406236015,0.49,False,1.0,True,True,,0.25,False,0.5,False,FAMILY_Q
226,True,3,1,0.1774845348348044,0.2892531651433802,0.9828895941862026,0.01725805195000748,1.0,True,,False,False,gcd_k_not_2,0.0,False,1.0,True,FAMILY_F
228,True,2,2,8.701599021862595,12.949695223128803,0.2654619924811771,1.1609009387609066,0.48,False,1.0,True,True,,0.0,False,0.5,False,FAMILY_Q
232,True,9,1,0.11014111427954333,0.16785404809563848,0.9598342180718652,0.04098895871677443,1.0,True,,False,False,gcd_k_not_2,0.0,False,1.0,True,FAMILY_F
233,True,3,1,0.14760243836547832,0.2390542820015432,0.9514710368718731,0.04973577594665909,1.0,True,,False,False,gcd_k_not_2,0.0,False,1.0,True,FAMILY_F
234,True,7,1,0.20753132126021603,0.3600793374956146,1.0165471529148054,0.01641137217236636,1.0,True,,False,False,gcd_k_not_2,0.0,False,1.0,True,FAMILY_F
235,True,9,1,0.40614729139095546,0.639411548474147,1.010743481009628,0.010686078170680959,1.0,True,,False,False,gcd_k_not_2,0.48,False,1.0,True,FAMILY_F
239,True,1,1,0.13721351477415605,0.247929344810805,1.0246101535627288,0.024311004782251164,1.0,True,,False,False,gcd_k_not_2,0.0,False,1.0,True,FAMILY_F
240,True,1,1,0.11228134233006459,0.18915144493206199,0.963973449926546,0.036687410488977217,1.0,True,,False,False,gcd_k_not_2,0.0,False,1.0,True,FAMILY_F
244,True,7,1,0.1374018293015807,0.22201351420819132,0.991982256859386,0.008050014615345977,1.0,True,,False,False,gcd_k_not_2,0.0,False,1.0,True,FAMILY_F
246,True,7,1,0.10990324125588356,0.16505729196920163,0.9910797381222598,0.00896022565741408,1.0,True,,False,False,gcd_k_not_2,0.0,False,1.0,True,FAMILY_F
247,True,3,1,0.204998777399951,0.3756230781151435,1.0037987775396744,0.0037915758630600255,1.0,True,,False,False,gcd_k_not_2,0.0,False,1.0,True,FAMILY_F
248,True,4,2,8.974919955020603,13.349523983845463,0.27611498666115175,1.1345137717296665,0.53,False,1.0,True,True,,0.25,False,0.5,False,FAMILY_Q
249,True,2,2,8.813347192167546,13.113244956654814,0.27573210103538615,1.135454533717223,0.51,False,1.0,True,True,,0.25,False,0.5,False,FAMILY_Q
250,True,1,1,0.15132123403480596,0.2905253763081629,0.9954459917632366,0.00456440139754356,1.0,True,,False,False,gcd_k_not_2,0.0,False,1.0,True,FAMILY_F
258,True,3,1,0.14481353735113775,0.19017094578720267,0.9813608476617393,0.018814495461800775,1.0,True,,False,False,gcd_k_not_2,0.0,False,1.0,True,FAMILY_F
259,True,4,2,9.247007887500239,13.746890559981901,0.2676585389947479,1.15542385978167,0.69,False,1.0,True,True,,0.0,False,0.5,False,FAMILY_Q
265,True,1,1,0.13656148517709166,0.20334465137941274,0.9867428925024135,0.01334556932113989,1.0,True,,False,False,gcd_k_not_2,0.0,False,1.0,True,FAMILY_F
266,True,4,2,8.787861761552707,13.075956805336222,0.27273002742759334,1.1428503404486252,0.61,False,1.0,True,True,,0.0,False,0.5,False,FAMILY_Q
267,True,7,1,0.13030552806123047,0.217205979424987,1.030429108495867,0.029973081422585243,1.0,True,,False,False,gcd_k_not_2,0.0,False,1.0,True,FAMILY_F
269,True,7,1,0.13995617337616062,0.2588979115786941,0.9341704995615304,0.06807000774067529,1.0,True,,False,False,gcd_k_not_2,0.0,False,1.0,True,FAMILY_F
272,True,4,2,8.633742784947552,12.850332131787983,0.2717404918128285,1.145295778306247,0.49,False,1.0,True,True,,0.1,False,0.5,False,FAMILY_Q
273,True,3,1,0.09459633037578122,0.16673405466153912,0.9871959230980915,0.012886577265060692,1.0,True,,False,False,gcd_k_not_2,0.0,False,1.0,True,FAMILY_F
274,True,7,1,0.16020054265361583,0.24299420240690614,0.9766491158877523,0.023626736707653275,1.0,True,,False,False,gcd_k_not_2,0.0,False,1.0,True,FAMILY_F
275,True,2,2,8.748157406891487,13.01785211201198,0.2786164827825288,1.128381382426096,0.59,False,1.0,True,True,,0.0,False,0.5,False,FAMILY_Q
278,True,7,1,0.15837383357979914,0.2641133083083607,0.9826191185431301,0.01753325315418297,1.0,True,,False,False,gcd_k_not_2,0.0,False,1.0,True,FAMILY_F
279,True,2,2,8.968933976450701,13.34077543510885,0.2835162183709664,1.116438999950296,0.52,False,1.0,True,True,,0.0,False,0.5,False,FAMILY_Q
282,True,3,1,0.16189688680126743,0.2464238450267601,0.9601517908309368,0.04065828917481023,1.0,True,,False,False,gcd_k_not_2,0.0,False,1.0,True,FAMILY_F
287,True,7,1,0.10832998877068273,0.18981208611610992,0.9708780748550563,0.029552234119896437,1.0,True,,False,False,gcd_k_not_2,0.0,False,1.0,True,FAMILY_F
288,True,9,1,0.16760830760839693,0.2477306160145447,1.0073843726041765,0.007357208420026431,1.0,True,,False,False,gcd_k_not_2,0.0,False,1.0,True,FAMILY_F
290,True,1,1,0.10847518089252807,0.17380218040600529,1.0268724785472465,0.026516200532267487,1.0,True,,False,False,gcd_k_not_2,0.0,False,1.0,True,FAMILY_F
291,True,7,1,0.16063979231554573,0.27459848009059934,1.0771023257399126,0.07424027673980566,1.0,True,,False,False,gcd_k_not_2,0.0,False,1.0,True,FAMILY_F
297,True,1,1,0.12397759031028449,0.23886156151704155,1.0104025440195061,0.010348717524708052,1.0,True,,False,False,gcd_k_not_2,0.0,False,1.0,True,FAMILY_F
298,True,1,1,0.10271973323045175,0.1637234324091735,1.0200747073682168,0.019875212827520146,1.0,True,,False,False,gcd_k_not_2,0.0,False,1.0,True,FAMILY_F
299,True,3,1,0.06865454479089503,0.11026437178373608,1.0072204400837006,0.0071944664766361984,1.0,True,,False,False,gcd_k_not_2,0.0,False,1.0,True,FAMILY_F
300,True,3,1,0.1316717256470108,0.23746895838752136,1.0140719945379426,0.013973675793224106,1.0,True,,False,False,gcd_k_not_2,0.0,False,1.0,True,FAMILY_F
301,True,9,1,0.12433292812298827,0.2131224924498941,1.0046899976376789,0.004679025328809374,1.0,True,,False,False,gcd_k_not_2,0.0,False,1.0,True,FAMILY_F
303,True,3,1,0.10188087939898546,0.1598852690256769,0.996967985620104,0.003036617914487433,1.0,True,,False,False,gcd_k_not_2,0.0,False,1.0,True,FAMILY_F
304,True,1,1,0.2234828874129129,0.30537463514375934,1.0248818417905718,0.024576092567030142,1.0,True,,False,False,gcd_k_not_2,0.0,False,1.0,True,FAMILY_F
305,True,2,2,9.073714203857135,13.493882170681701,0.2684677642496064,1.1534108415961988,0.5,False,1.0,True,True,,0.0,False,0.5,False,FAMILY_Q
306,True,7,1,0.1933544637669889,0.2676523586863606,0.9838610496272671,0.016270242692415525,1.0,True,,False,False,gcd_k_not_2,0.0,False,1.0,True,FAMILY_F
309,True,3,1,0.12212038812265218,0.22330291750419937,1.053170952593993,0.05179398483776167,1.0,True,,False,False,gcd_k_not_2,0.0,False,1.0,True,FAMILY_F
310,True,9,1,0.1006178547894592,0.17530079092115872,0.939678308680769,0.062197624265085065,1.0,True,,False,False,gcd_k_not_2,0.0,False,1.0,True,FAMILY_F
312,True,1,1,0.13898146663028285,0.23610488290018983,1.002483924232304,0.0024808431191340164,1.0,True,,False,False,gcd_k_not_2,0.0,False,1.0,True,FAMILY_F
313,True,3,1,0.14014664127619605,0.26418256192360695,0.986764679276334,0.013323491062350526,1.0,True,,False,False,gcd_k_not_2,0.0,False,1.0,True,FAMILY_F
318,True,1,1,0.1166088649422987,0.1501896671139294,0.9815941636388883,0.0185767971049251,1.0,True,,False,False,gcd_k_not_2,0.0,False,1.0,True,FAMILY_F
320,True,9,1,0.17325375220239214,0.305997550100431,0.968596358905678,0.03190460142045467,1.0,True,,False,False,gcd_k_not_2,0.0,False,1.0,True,FAMILY_F
324,True,4,2,9.005146713340338,13.393699587380635,0.25853590229131335,1.1782962986733452,0.55,False,1.0,True,True,,0.26,False,0.5,False,FAMILY_Q
326,True,1,1,0.1577291821296485,0.2406609824844036,1.0098762419336582,0.00982771150541735,1.0,True,,False,False,gcd_k_not_2,0.0,False,1.0,True,FAMILY_F
327,True,3,1,0.10560057379242344,0.17697355108078103,0.9098119357369778,0.09444706316406962,1.0,True,,False,False,gcd_k_not_2,0.0,False,1.0,True,FAMILY_F
329,True,7,1,0.2010073551859424,0.3467116850441724,1.02949463979978,0.02906599428386739,1.0,True,,False,False,gcd_k_not_2,0.0,False,1.0,True,FAMILY_F
330,True,9,1,0.10746893249855265,0.16682419530893283,0.951045797774128,0.050182524963506156,1.0,True,,False,False,gcd_k_not_2,0.98,False,1.0,True,FAMILY_F
331,True,7,1,0.14318636374582466,0.22645661868743064,1.0840215530406208,0.08063405382543369,1.0,True,,False,False,gcd_k_not_2,0.0,False,1.0,True,FAMILY_F
336,True,1,1,0.13682057174353063,0.22497423123205623,1.0142792926336024,0.014178066255084845,1.0,True,,False,False,gcd_k_not_2,0.0,False,1.0,True,FAMILY_F
337,True,7,1,0.12963826952084181,0.2134348563923446,1.0344115571581003,0.033829494368553814,1.0,True,,False,False,gcd_k_not_2,0.67,False,1.0,True,FAMILY_F
338,True,8,2,8.947565158433456,13.309536014513867,0.280333099386123,1.12418698065204,0.48,False,1.0,True,True,,0.0,False,0.5,False,FAMILY_Q
343,True,3,1,0.24906790890019326,0.40721252062507834,0.9989301888401524,0.0010703837140689622,1.0,True,,False,False,gcd_k_not_2,0.0,False,1.0,True,FAMILY_F
346,True,1,1,0.13426645092257414,0.20365311671280661,1.004030724215465,0.004022617185215992,1.0,True,,False,False,gcd_k_not_2,0.0,False,1.0,True,FAMILY_F
347,True,7,1,0.21729727921166453,0.34686086512347425,0.9897307210283818,0.01032228015890574,1.0,True,,False,False,gcd_k_not_2,0.0,False,1.0,True,FAMILY_F
349,True,3,1,0.19121024424130031,0.363076796743044,0.9812187482723949,0.018959291339214496,1.0,True,,False,False,gcd_k_not_2,0.0,False,1.0,True,FAMILY_F
350,True,6,2,8.723398170343794,12.981605237465258,3.8914572605828677,1.1822477869256987,0.49,False,1.0,True,True,,0.0,False,0.5,False,FAMILY_Q
351,True,7,1,0.1505444044323561,0.26414461631097025,1.0105718492164975,0.01051626105340848,1.0,True,,False,False,gcd_k_not_2,0.0,False,1.0,True,FAMILY_F
355,True,7,1,0.12715704266308894,0.2024385130472309,1.0258451598333396,0.025515434590732206,1.0,True,,False,False,gcd_k_not_2,0.0,False,1.0,True,FAMILY_F
356,True,3,1,0.17537614898929133,0.24408019949129997,0.9705296522547007,0.02991109289990028,1.0,True,,False,False,gcd_k_not_2,0.0,False,1.0,True,FAMILY_F
357,True,7,1,0.13609667094861758,0.22944825101586072,1.0210141647327946,0.020795662988906286,1.0,True,,False,False,gcd_k_not_2,0.0,False,1.0,True,FAMILY_F
360,True,1,1,0.1352664315316991,0.21348564293578062,0.9887363228499186,0.011327471641831482,1.0,True,,False,False,gcd_k_not_2,0.0,False,1.0,True,FAMILY_F
365,True,9,1,0.09849709384666888,0.17285626382895772,0.9737332815084667,0.026616279654015224,1.0,True,,False,False,gcd_k_not_2,0.0,False,1.0,True,FAMILY_F
366,True,3,1,0.19364950363089678,0.31037377681521433,0.9537341230109604,0.047361487363221995,1.0,True,,False,False,gcd_k_not_2,0.0,False,1.0,True,FAMILY_F
367,True,8,2,8.916006164470268,13.263395346454185,0.26503825583050505,1.1619597127313563,0.61,False,1.0,True,True,,0.0,False,0.5,False,FAMILY_Q
368,True,8,2,8.774829097034212,13.056883107575638,0.27116220230201965,1.1467266669479108,0.37,False,1.0,True,True,,0.0,False,0.5,False,FAMILY_Q
370,True,1,1,0.19459410266711147,0.34496229256831384,1.0141318591139745,0.014032705008887838,1.0,True,,False,False,gcd_k_not_2,0.0,False,1.0,True,FAMILY_F
371,True,6,2,9.081883017075432,13.505815893949658,0.2753249995984139,1.136455414313651,0.52,False,1.0,True,True,,0.0,False,0.5,False,FAMILY_Q
373,True,3,1,0.34789160576045475,0.5383145008113739,0.9935047601911978,0.0065164026076157825,1.0,True,,False,False,gcd_k_not_2,0.4,False,1.0,True,FAMILY_F
375,True,3,1,0.15224784072713285,0.2659563646690168,1.0643716184002554,0.06236437066514119,1.0,True,,False,False,gcd_k_not_2,0.0,False,1.0,True,FAMILY_F
378,True,2,2,8.902171426467708,13.243166767669955,0.27725375170058525,1.131719123685677,0.5,False,1.0,True,True,,0.25,False,0.5,False,FAMILY_Q
382,True,6,2,8.705806712956385,12.955854158530467,0.2700325692247374,1.1495255294450517,0.59,False,1.0,True,True,,0.0,False,0.5,False,FAMILY_Q
383,True,3,1,0.1548659522258182,0.27611402100910354,1.0297752989536473,0.02933851739056679,1.0,True,,False,False,gcd_k_not_2,0.0,False,1.0,True,FAMILY_F
384,True,9,1,0.10700406802059502,0.18591745423376296,1.0392045653567747,0.038450841100304715,1.0,True,,False,False,gcd_k_not_2,0.0,False,1.0,True,FAMILY_F
386,True,2,2,8.392829738770857,12.497240110139787,0.25231054852022555,1.1940959091389445,0.54,False,1.0,True,True,,0.0,False,0.5,False,FAMILY_Q
392,True,1,1,0.10264637906349104,0.1640931947247962,0.9878394556659821,0.012234936075301671,1.0,True,,False,False,gcd_k_not_2,0.0,False,1.0,True,FAMILY_F
394,True,3,1,0.09266741614979833,0.15389705582499819,0.9951371901318521,0.004874662145740985,1.0,True,,False,False,gcd_k_not_2,1.0,True,1.0,True,FAMILY_F
395,True,7,1,0.21441956737919682,0.3326714042108263,1.015751020910761,0.01562794288318834,1.0,True,,False,False,gcd_k_not_2,0.0,False,1.0,True,FAMILY_F
397,True,1,1,0.13485991644837234,0.21110239282185503,1.000571572833865,0.0005714095327821322,1.0,True,,False,False,gcd_k_not_2,0.0,False,1.0,True,FAMILY_F
399,True,3,1,0.15377863014535856,0.2916389872562803,0.9994269007640378,0.0005732635044003238,1.0,True,,False,False,gcd_k_not_2,0.0,False,1.0,True,FAMILY_F
401,True,7,1,0.17164404111675124,0.25461247282517635,0.9942235341732061,0.005793197931734183,1.0,True,,False,False,gcd_k_not_2,0.0,False,1.0,True,FAMILY_F
406,True,9,1,0.19762491903300755,0.2785391530334864,0.9980684861652772,0.0019333810108079121,1.0,True,,False,False,gcd_k_not_2,0.0,False,1.0,True,FAMILY_F
407,True,1,1,0.16009413179514353,0.29225164978357254,0.9647123514610267,0.03592144011588478,1.0,True,,False,False,gcd_k_not_2,0.0,False,1.0,True,FAMILY_F
408,True,9,1,0.14642012511581232,0.24827149655814115,1.0398958278719803,0.0391155541639592,1.0,True,,False,False,gcd_k_not_2,0.0,False,1.0,True,FAMILY_F
410,True,7,1,0.17541316411890548,0.30249282781696973,0.9798983540022677,0.020305735349592954,1.0,True,,False,False,gcd_k_not_2,0.6,False,1.0,True,FAMILY_F
411,True,9,1,0.15857153964264983,0.26408604233984123,0.983968462380246,0.016161081109646574,1.0,True,,False,False,gcd_k_not_2,0.0,False,1.0,True,FAMILY_F
412,True,2,2,8.92221390382999,13.272472241248204,0.2626050323300218,1.168053268897849,0.48,False,1.0,True,True,,0.0,False,0.5,False,FAMILY_Q
413,True,3,1,0.15583613324734516,0.3123279054997823,0.9970886486580816,0.0029155955033590007,1.0,True,,False,False,gcd_k_not_2,0.0,False,1.0,True,FAMILY_F
415,True,6,2,9.181023599190517,13.650588778581735,0.26991424295388217,1.1498189914744208,0.46,False,1.0,True,True,,0.0,False,0.5,False,FAMILY_Q
416,True,7,1,0.1742894320258721,0.2918538994409551,1.0016018000895484,0.0016005182344227987,1.0,True,,False,False,gcd_k_not_2,0.24,False,1.0,True,FAMILY_F
419,True,7,1,0.18962756479377882,0.29944061321157117,1.0008115034638985,0.000811174328509663,1.0,True,,False,False,gcd_k_not_2,0.0,False,1.0,True,FAMILY_F
422,True,3,1,0.15572822039324594,0.3016994618980586,0.9886585839724853,0.011406096671314394,1.0,True,,False,False,gcd_k_not_2,0.1,False,1.0,True,FAMILY_F
424,True,3,1,0.18655278318981505,0.2476094841240532,0.9915820845741186,0.008453495832366344,1.0,True,,False,False,gcd_k_not_2,0.0,False,1.0,True,FAMILY_F
426,True,1,1,0.14855753369692784,0.20423399292726846,1.0036805786823688,0.0036738177946398147,1.0,True,,False,False,gcd_k_not_2,0.0,False,1.0,True,FAMILY_F
427,True,1,1,0.18792431134786386,0.32228939334666634,0.9806574772857314,0.0195314161444768,1.0,True,,False,False,gcd_k_not_2,0.0,False,1.0,True,FAMILY_F
428,True,7,1,0.13751621165941358,0.22465298089371719,0.9767243462334603,0.02354972134672212,1.0,True,,False,False,gcd_k_not_2,0.0,False,1.0,True,FAMILY_F
431,True,7,1,0.16833152371306542,0.29607498532215315,0.9886083804592246,0.011456875725470678,1.0,True,,False,False,gcd_k_not_2,0.0,False,1.0,True,FAMILY_F
436,True,2,2,8.954716949553594,13.3199919512498,0.26350049910451967,1.1658080094427496,0.42,False,1.0,True,True,,0.0,False,0.5,False,FAMILY_Q
439,True,9,1,0.22829082662619626,0.3807863897695692,0.9794713621982477,0.020741535536997917,1.0,True,,False,False,gcd_k_not_2,0.0,False,1.0,True,FAMILY_F
441,True,9,1,0.13988722628629938,0.20687625926659936,0.9734042283775346,0.026954205570271377,1.0,True,,False,False,gcd_k_not_2,0.0,False,1.0,True,FAMILY_F
445,True,2,2,8.681060510763725,12.91962280741822,0.2733486973756175,1.1413233533312863,0.48,False,1.0,True,True,,0.0,False,0.5,False,FAMILY_Q
446,True,1,1,0.19683569209843088,0.328189701168586,0.997520843131672,0.002482233791804871,1.0,True,,False,False,gcd_k_not_2,0.0,False,1.0,True,FAMILY_F
450,True,3,1,0.13183036480075266,0.22872937455685394,1.0041721343129184,0.004163449078538176,1.0,True,,False,False,gcd_k_not_2,0.0,False,1.0,True,FAMILY_F
451,True,1,1,0.11930940631692977,0.20726541086302883,0.9998462862667997,0.0001537255480642334,1.0,True,,False,False,gcd_k_not_2,0.0,False,1.0,True,FAMILY_F
453,True,9,1,0.17474900312350228,0.24302774692513712,0.9708182902762339,0.02961380038712338,1.0,True,,False,False,gcd_k_not_2,0.0,False,1.0,True,FAMILY_F
458,True,9,1,0.14567522169213254,0.2618785325315664,1.0856113643356113,0.08209714024346382,1.0,True,,False,False,gcd_k_not_2,0.0,False,1.0,True,FAMILY_F
462,True,8,2,9.087488942511659,13.514002416572659,0.25617420510143735,1.1842717226286268,0.42,False,1.0,True,True,,0.0,False,0.5,False,FAMILY_Q
463,True,1,1,0.1948296691661435,0.3253954297087806,0.9810559544304532,0.01912519989875105,1.0,True,,False,False,gcd_k_not_2,0.0,False,1.0,True,FAMILY_F
465,True,8,2,9.17940244127669,13.648217681700757,0.2726821306271455,1.142968620160402,0.53,False,1.0,True,True,,0.0,False,0.5,False,FAMILY_Q
466,True,3,1,0.13165355132313822,0.22711563503848964,0.9989236962289154,0.001076883297861793,1.0,True,,False,False,gcd_k_not_2,0.0,False,1.0,True,FAMILY_F
470,True,7,1,0.1375669269616762,0.2251977152540684,0.9930115743445461,0.007012930326560851,1.0,True,,False,False,gcd_k_not_2,0.0,False,1.0,True,FAMILY_F
471,True,6,2,8.962121513559124,13.3308140548002,0.2665401974529449,1.1582100655345446,0.45,False,1.0,True,True,,0.0,False,0.5,False,FAMILY_Q
472,True,9,1,0.16074147357977042,0.3099000620858363,1.0403395474448556,0.03954199436596063,1.0,True,,False,False,gcd_k_not_2,0.0,False,1.0,True,FAMILY_F
473,True,7,1,0.16900872039417708,0.26076160305622437,0.9793031225405179,0.02091329743664204,1.0,True,,False,False,gcd_k_not_2,0.0,False,1.0,True,FAMILY_F
474,True,1,1,0.3045572308821772,0.47170370828588604,0.9383129285266222,0.06365027087784869,1.0,True,,False,False,gcd_k_not_2,0.0,False,1.0,True,FAMILY_F
475,True,3,1,0.18780515543998222,0.27935082955012414,0.9803261125303167,0.019869341059736378,1.0,True,,False,False,gcd_k_not_2,0.0,False,1.0,True,FAMILY_F
477,True,4,2,9.041384879024882,13.446651300597033,0.2752686835610641,1.1365939206084699,0.59,False,1.0,True,True,,0.25,False,0.5,False,FAMILY_Q
478,True,2,2,8.900564022005902,13.240816461398463,0.27638828027663004,1.1338426259547643,0.49,False,1.0,True,True,,0.0,False,0.5,False,FAMILY_Q
481,True,7,1,0.10734979812742453,0.17138836922215347,0.9394826580466773,0.06240565410806183,1.0,True,,False,False,gcd_k_not_2,0.0,False,1.0,True,FAMILY_F
483,True,7,1,0.1526300175775086,0.24961621282861512,1.0188217143428873,0.018646237267181016,1.0,True,,False,False,gcd_k_not_2,0.0,False,1.0,True,FAMILY_F
485,True,9,1,0.12541043012887054,0.2103848022183214,0.9990691039249218,0.0009313295605945289,1.0,True,,False,False,gcd_k_not_2,0.0,False,1.0,True,FAMILY_F
487,True,7,1,0.13594032366578596,0.20932949761222677,0.9777811204428877,0.022468491914956482,1.0,True,,False,False,gcd_k_not_2,1.0,True,1.0,True,FAMILY_F
489,True,7,1,0.12558666083070522,0.21981014031701104,1.0143030978050211,0.014201534834163984,1.0,True,,False,False,gcd_k_not_2,0.0,False,1.0,True,FAMILY_F
491,True,6,2,9.130839706504892,13.577313811103334,0.2609514033137283,1.1722078975352777,0.39,False,1.0,True,True,,0.0,False,0.5,False,FAMILY_Q
492,True,3,1,0.18023633756422477,0.2750914738958281,1.0103644804918845,0.010311046173426866,1.0,True,,False,False,gcd_k_not_2,0.0,False,1.0,True,FAMILY_F
494,True,9,1,0.15006054785631912,0.24047400055256848,1.1636875072874433,0.15130420334372022,1.0,True,,False,False,gcd_k_not_2,0.0,False,1.0,True,FAMILY_F
495,True,7,1,0.14257654599974737,0.22469315957090555,0.9873665838194015,0.012713725070609888,1.0,True,,False,False,gcd_k_not_2,1.0,True,1.0,True,FAMILY_F
497,True,1,1,0.10411114948233578,0.18640849753341077,0.9816319006047914,0.0185383565833822,1.0,True,,False,False,gcd_k_not_2,0.0,False,1.0,True,FAMILY_F
498,True,7,1,0.12314971994067139,0.18087027672215827,0.996909693912399,0.0030950884729757716,1.0,True,,False,False,gcd_k_not_2,0.0,False,1.0,True,FAMILY_F
501,True,9,1,0.20156296178048067,0.3402475423275095,0.9726912391989846,0.027686806995811643,1.0,True,,False,False,gcd_k_not_2,0.0,False,1.0,True,FAMILY_F
502,True,1,1,0.22212561414064522,0.3770084371700711,1.0247977916542608,0.02449409195967257,1.0,True,,False,False,gcd_k_not_2,0.0,False,1.0,True,FAMILY_F
504,True,1,1,0.21579651694249033,0.3669291905540208,0.9754345835933907,0.024870898394340937,1.0,True,,False,False,gcd_k_not_2,0.0,False,1.0,True,FAMILY_F
508,True,9,1,0.19797313872365943,0.35530603667055494,1.0277912337194766,0.0274103499979142,1.0,True,,False,False,gcd_k_not_2,0.0,False,1.0,True,FAMILY_F
510,True,6,2,8.839838577744686,13.152000304788418,0.27578339375612326,1.1353284731378417,0.5,False,1.0,True,True,,0.25,False,0.5,False,FAMILY_Q
514,True,3,1,0.2025679924626749,0.3565419618061173,1.0111999596486128,0.011137589372833566,1.0,True,,False,False,gcd_k_not_2,0.0,False,1.0,True,FAMILY_F
515,True,3,1,0.1402304796441235,0.2605546100618001,0.9534849232460082,0.04762266265838384,1.0,True,,False,False,gcd_k_not_2,0.0,False,1.0,True,FAMILY_F
520,True,9,1,0.21202697941660528,0.37060716518564246,0.9772337788096245,0.023028355507947802,1.0,True,,False,False,gcd_k_not_2,0.3,False,1.0,True,FAMILY_F
523,True,7,1,0.15819080846101566,0.24738239540838156,0.9793307419872664,0.02088509774973883,1.0,True,,False,False,gcd_k_not_2,0.0,False,1.0,True,FAMILY_F
524,True,7,1,0.10320479119428318,0.15946033350320885,1.0201188998831239,0.019918530423420015,1.0,True,,False,False,gcd_k_not_2,0.0,False,1.0,True,FAMILY_F
526,True,7,1,0.12580543297543273,0.19988048309065778,1.0097377608666724,0.009690578598148229,1.0,True,,False,False,gcd_k_not_2,0.0,False,1.0,True,FAMILY_F
527,True,7,1,0.09693026735792985,0.1391902062443025,0.9764827532594155,0.023797067494570577,1.0,True,,False,False,gcd_k_not_2,0.0,False,1.0,True,FAMILY_F
528,True,9,1,0.16074365894890924,0.26639030639666117,0.9800260013474029,0.020175491270321474,1.0,True,,False,False,gcd_k_not_2,0.0,False,1.0,True,FAMILY_F
530,True,1,1,0.17362689252846983,0.3001894007547736,0.9646321142449342,0.03600458884757537,1.0,True,,False,False,gcd_k_not_2,0.0,False,1.0,True,FAMILY_F
531,True,9,1,0.11631128382927816,0.19623244055645095,0.979850475691532,0.020354591981427254,1.0,True,,False,False,gcd_k_not_2,0.26,False,1.0,True,FAMILY_F
532,True,3,1,0.1451012355107815,0.2526298510478182,0.969436595234058,0.031037713871981395,1.0,True,,False,False,gcd_k_not_2,0.0,False,1.0,True,FAMILY_F
533,True,2,2,8.837193254530167,13.14813059311367,0.25681937771024727,1.1826371163113765,0.49,False,1.0,True,True,,0.25,False,0.5,False,FAMILY_Q
534,True,7,1,0.22196813903134113,0.3356993569646216,1.027632600636962,0.027256023234467148,1.0,True,,False,False,gcd_k_not_2,0.0,False,1.0,True,FAMILY_F
537,True,2,2,8.927718067907318,13.28051976804972,0.26633504488568677,1.158721711252241,0.52,False,1.0,True,True,,0.0,False,0.5,False,FAMILY_Q
539,True,1,1,0.16006566831441935,0.2641244010248431,0.9948564485778102,0.0051568135901275845,1.0,True,,False,False,gcd_k_not_2,0.0,False,1.0,True,FAMILY_F
542,True,7,1,0.1372619504872839,0.22765799959758684,1.0010631092088216,0.001062544408448976,1.0,True,,False,False,gcd_k_not_2,0.0,False,1.0,True,FAMILY_F
544,True,3,1,0.10091791980794326,0.16067113152480145,1.0655046942509978,0.06342730126280476,1.0,True,,False,False,gcd_k_not_2,0.7,False,1.0,True,FAMILY_F
545,True,9,1,0.11511318685486686,0.18678870487026616,1.004524588978746,0.004514376130502895,1.0,True,,False,False,gcd_k_not_2,0.3,False,1.0,True,FAMILY_F
546,True,4,2,9.169469442441292,13.633718389531024,0.25730834777219436,1.1813993815340043,0.52,False,1.0,True,True,,0.0,False,0.5,False,FAMILY_Q
547,True,7,1,0.16740311019438878,0.28606160253113666,1.0130405911677642,0.012956113478267603,1.0,True,,False,False,gcd_k_not_2,0.0,False,1.0,True,FAMILY_F
548,True,9,1,0.17690604704266572,0.30578385671741626,1.0595230995183058,0.057802798650063714,1.0,True,,False,False,gcd_k_not_2,0.0,False,1.0,True,FAMILY_F
549,True,3,1,0.14968240429712795,0.2368953984085834,1.014475934403749,0.014371910983422779,1.0,True,,False,False,gcd_k_not_2,0.0,False,1.0,True,FAMILY_F
553,True,1,1,0.16136015375643287,0.2777132706746304,0.9642344728176425,0.03641675948294781,1.0,True,,False,False,gcd_k_not_2,0.0,False,1.0,True,FAMILY_F
554,True,3,1,0.1595536433241888,0.2641747042037094,1.0006174071791691,0.00061721664217623,1.0,True,,False,False,gcd_k_not_2,0.0,False,1.0,True,FAMILY_F
555,True,6,2,8.877919371429517,13.207699580330505,0.2664460901410926,1.1584447463960876,0.33,False,1.0,True,True,,0.0,False,0.5,False,FAMILY_Q
556,True,8,2,8.739402911853487,13.005034107445619,0.2693651576230137,1.1511814988606706,0.5,False,1.0,True,True,,0.0,False,0.5,False,FAMILY_Q
557,True,3,1,0.17395152086537496,0.29571531105151494,1.0149382244172562,0.014827476332756198,1.0,True,,False,False,gcd_k_not_2,0.0,False,1.0,True,FAMILY_F
560,True,1,1,0.1545519187306526,0.2797098107616999,1.006578529221876,0.0065569616399983625,1.0,True,,False,False,gcd_k_not_2,0.0,False,1.0,True,FAMILY_F
561,True,9,1,0.16856456751638021,0.29366730394007373,0.9799004435816837,0.020303603126585277,1.0,True,,False,False,gcd_k_not_2,0.0,False,1.0,True,FAMILY_F
562,True,1,1,0.1814007374110803,0.284470556069127,1.055684819136594,0.054176417141594754,1.0,True,,False,False,gcd_k_not_2,0.0,False,1.0,True,FAMILY_F
566,True,9,1,0.15066381379701393,0.2204082944671017,0.9702188899402813,0.03023127045606738,1.0,True,,False,False,gcd_k_not_2,1.0,True,1.0,True,FAMILY_F
568,True,9,1,0.16510111478282294,0.2947462713338779,0.9832738192074356,0.01686724307110414,1.0,True,,False,False,gcd_k_not_2,0.0,False,1.0,True,FAMILY_F
569,True,9,1,0.24013249973707915,0.3639272037397167,1.0185861674292855,0.018415034967722343,1.0,True,,False,False,gcd_k_not_2,0.0,False,1.0,True,FAMILY_F
570,True,8,2,8.908785468247626,13.252837963641166,0.2724652854736219,1.1435042241731315,0.54,False,1.0,True,True,,0.0,False,0.5,False,FAMILY_Q
571,True,2,2,8.761955609782435,13.038042017414714,0.26259588823822755,1.168076212873962,0.5,False,1.0,True,True,,0.25,False,0.5,False,FAMILY_Q
572,True,9,1,0.15776849992975814,0.2653883964635785,1.0646310425700876,0.06260783765958851,1.0,True,,False,False,gcd_k_not_2,0.0,False,1.0,True,FAMILY_F
573,True,9,1,0.1662074124992262,0.258947921542422,1.0224541709150534,0.022204874887122063,1.0,True,,False,False,gcd_k_not_2,0.0,False,1.0,True,FAMILY_F
574,True,1,1,0.16479419570855533,0.2785909543756619,0.9519139788237461,0.04927063558941399,1.0,True,,False,False,gcd_k_not_2,0.0,False,1.0,True,FAMILY_F
576,True,2,2,8.874074055966478,13.2020776909667,0.274048463325747,1.1395979942226777,0.44,False,1.0,True,True,,0.0,False,0.5,False,FAMILY_Q
577,True,1,1,0.13409072060659782,0.2353512355093992,0.948014808448612,0.053372480872246324,1.0,True,,False,False,gcd_k_not_2,0.0,False,1.0,True,FAMILY_F
578,True,4,2,8.851430076656518,13.168955836635384,0.2813754233948724,1.1216456371563701,0.5,False,1.0,True,True,,0.0,False,0.5,False,FAMILY_Q
580,True,3,1,0.155815506257038,0.2805360192671937,1.0451252883066362,0.044129607672105005,1.0,True,,False,False,gcd_k_not_2,0.0,False,1.0,True,FAMILY_F
582,True,2,2,8.766024323541076,13.044001153020956,0.26177017048044815,1.1701494405093658,0.53,False,1.0,True,True,,0.0,False,0.5,False,FAMILY_Q
583,True,3,1,0.13974009406979992,0.22459183890526502,0.9939761619284406,0.006042036195391132,1.0,True,,False,False,gcd_k_not_2,1.0,True,1.0,True,FAMILY_F
585,True,3,1,0.17188302630994384,0.29229435618763366,1.0275921913967716,0.02721670710101116,1.0,True,,False,False,gcd_k_not_2,0.0,False,1.0,True,FAMILY_F
587,True,1,1,0.1462899792762592,0.2446971279598172,0.9817627959767062,0.018405032186816928,1.0,True,,False,False,gcd_k_not_2,0.0,False,1.0,True,FAMILY_F
591,True,1,1,0.17250641304167819,0.2922512253465367,1.033180531642274,0.03263904127143373,1.0,True,,False,False,gcd_k_not_2,0.0,False,1.0,True,FAMILY_F
593,True,2,2,8.843329203731011,13.157108667427837,0.282117512394552,1.1198388301625986,0.51,False,1.0,True,True,,0.0,False,0.5,False,FAMILY_Q
595,True,9,1,0.13357050078166044,0.2151220860054011,0.992308231084734,0.007721464776640623,1.0,True,,False,False,gcd_k_not_2,0.0,False,1.0,True,FAMILY_F
599,True,1,1,0.11159893420348532,0.1852814230816564,0.9968122201620551,0.0031928689195283226,1.0,True,,False,False,gcd_k_not_2,0.0,False,1.0,True,FAMILY_F
600,True,9,1,0.14026086223518008,0.2548219083109183,0.9694936559502421,0.030978870084290035,1.0,True,,False,False,gcd_k_not_2,0.0,False,1.0,True,FAMILY_F
603,True,9,1,0.16158807990926682,0.27045665028001636,0.9685044159311754,0.03199950562866887,1.0,True,,False,False,gcd_k_not_2,0.0,False,1.0,True,FAMILY_F
605,True,7,1,0.21742375278323198,0.40253335647970534,0.9712025378997562,0.029218166623229288,1.0,True,,False,False,gcd_k_not_2,0.0,False,1.0,True,FAMILY_F
607,True,9,1,0.20332085556726126,0.27820699688671785,1.0024303649415969,0.0024274151892095855,1.0,True,,False,False,gcd_k_not_2,0.0,False,1.0,True,FAMILY_F
608,True,1,1,0.17077257802879833,0.27255734995507114,1.006428955133515,0.006408355618140681,1.0,True,,False,False,gcd_k_not_2,0.2,False,1.0,True,FAMILY_F
609,True,9,1,0.14373423142378972,0.2397263238354983,1.0019464201847847,0.0019445277507528275,1.0,True,,False,False,gcd_k_not_2,0.0,False,1.0,True,FAMILY_F
611,True,3,1,0.1553148138649919,0.2524521958087125,0.9783324439409627,0.0219048685425935,1.0,True,,False,False,gcd_k_not_2,0.0,False,1.0,True,FAMILY_F
612,True,7,1,0.1150292178766353,0.21245131277273335,0.9962877393132168,0.0037191639398239207,1.0,True,,False,False,gcd_k_not_2,0.0,False,1.0,True,FAMILY_F
615,True,3,1,0.17986853499606134,0.3274095125195153,1.0374168840549223,0.036729728066702,1.0,True,,False,False,gcd_k_not_2,0.0,False,1.0,True,FAMILY_F
616,True,7,1,0.10974101932164618,0.1789063054641769,0.9950613171691427,0.004950908313800502,1.0,True,,False,False,gcd_k_not_2,1.0,True,1.0,True,FAMILY_F
617,True,1,1,0.15526564774411533,0.21829981503905194,0.9871321182546182,0.012951209058695335,1.0,True,,False,False,gcd_k_not_2,0.0,False,1.0,True,FAMILY_F
619,True,7,1,0.1783110967014839,0.2429326329386808,0.9843873103682964,0.015735526578030647,1.0,True,,False,False,gcd_k_not_2,0.0,False,1.0,True,FAMILY_F
620,True,1,1,0.1673444673607913,0.2944085769596534,0.9744336511883313,0.025897399789839872,1.0,True,,False,False,gcd_k_not_2,0.0,False,1.0,True,FAMILY_F
621,True,9,1,0.14636678862052882,0.2766961140399642,1.0032605734028281,0.003255266385330593,1.0,True,,False,False,gcd_k_not_2,0.0,False,1.0,True,FAMILY_F
625,True,1,1,0.1020643327089435,0.19228034749611356,0.984740565436793,0.015376754855462757,1.0,True,,False,False,gcd_k_not_2,0.0,False,1.0,True,FAMILY_F
626,True,1,1,0.09219932952535236,0.1698194695400773,1.0201589980627823,0.01995783310334846,1.0,True,,False,False,gcd_k_not_2,0.0,False,1.0,True,FAMILY_F
627,True,7,1,0.1912274251528469,0.3367477492269725,1.0052571078710002,0.005243325507103396,1.0,True,,False,False,gcd_k_not_2,0.0,False,1.0,True,FAMILY_F
629,True,1,1,0.17331856680941798,0.24707411755519346,0.9963445313205586,0.0036621621389403914,1.0,True,,False,False,gcd_k_not_2,0.0,False,1.0,True,FAMILY_F
632,True,2,2,8.94830669384683,13.310626602775095,0.2789802522310009,1.1274916035822784,0.51,False,1.0,True,True,,0.3,False,0.5,False,FAMILY_Q
633,True,7,1,0.20837139287906617,0.38604502102281335,0.9216509373990549,0.08154349062685672,1.0,True,,False,False,gcd_k_not_2,0.0,False,1.0,True,FAMILY_F
634,True,2,2,8.650298085223612,12.874576353637206,0.26767739511204913,1.1553769243052905,0.51,False,1.0,True,True,,0.25,False,0.5,False,FAMILY_Q
635,True,9,1,0.2155233547928134,0.3077457538251233,0.9836731646492548,0.01646121512525686,1.0,True,,False,False,gcd_k_not_2,0.0,False,1.0,True,FAMILY_F
637,True,7,1,0.15685207892400105,0.24610364453756653,0.9423172554124443,0.05939580099679132,1.0,True,,False,False,gcd_k_not_2,0.0,False,1.0,True,FAMILY_F
638,True,1,1,0.2032582136747662,0.35639651374003883,0.9897744413376424,0.010278108362356299,1.0,True,,False,False,gcd_k_not_2,0.6,False,1.0,True,FAMILY_F
640,True,3,1,0.14372917338451963,0.17902748588084352,0.9002658254395307,0.1049686556746878,1.0,True,,False,False,gcd_k_not_2,0.0,False,1.0,True,FAMILY_F
642,True,6,2,8.575116753437616,12.764450776564473,0.26990245666955254,1.1498482257372775,0.44,False,1.0,True,True,,0.0,False,0.5,False,FAMILY_Q
644,True,3,1,0.16818150788936626,0.3306063300314413,1.010956691479764,0.010896993979220575,1.0,True,,False,False,gcd_k_not_2,0.0,False,1.0,True,FAMILY_F
645,True,1,1,0.20095069465396714,0.29815293843148777,1.0472388365145764,0.04614882804294631,1.0,True,,False,False,gcd_k_not_2,0.7,False,1.0,True,FAMILY_F
646,True,2,2,8.753265757756253,13.025324018127758,0.2577388718655204,1.1803103883297064,0.53,False,1.0,True,True,,0.0,False,0.5,False,FAMILY_Q
647,True,3,1,0.15817563775599877,0.2418699501812097,1.0099322528324124,0.009883171752098418,1.0,True,,False,False,gcd_k_not_2,0.0,False,1.0,True,FAMILY_F
651,True,4,2,9.191120736463827,13.665322672528971,0.26213494506261936,1.1692332231570888,0.46,False,1.0,True,True,,0.0,False,0.5,False,FAMILY_Q
653,True,1,1,0.18974002257615896,0.3643115058182182,0.9886275213165604,0.011437515131954405,1.0,True,,False,False,gcd_k_not_2,0.0,False,1.0,True,FAMILY_F
654,True,4,2,9.490077735234266,14.101298002103619,0.2626875416853517,1.1678462548708328,0.45,False,1.0,True,True,,0.47,False,0.5,False,FAMILY_Q
655,True,9,1,0.14687782944704122,0.2533428900256283,1.0226112480321308,0.02235847155910966,1.0,True,,False,False,gcd_k_not_2,0.0,False,1.0,True,FAMILY_F
656,True,7,1,0.1806646243285321,0.31973075717477023,1.1480645560463987,0.1378585719219889,1.0,True,,False,False,gcd_k_not_2,0.0,False,1.0,True,FAMILY_F
657,True,6,2,8.834621922606054,13.144368167061701,0.25962684163304883,1.1755436354580873,0.49,False,1.0,True,True,,0.0,False,0.5,False,FAMILY_Q
659,True,1,1,0.1502414616118821,0.2737572868451094,0.993116078822416,0.0069076971991025886,1.0,True,,False,False,gcd_k_not_2,0.0,False,1.0,True,FAMILY_F
660,True,9,1,0.15280319518987764,0.26277961271309225,1.047531187881233,0.0464278035544044,1.0,True,,False,False,gcd_k_not_2,0.0,False,1.0,True,FAMILY_F
661,True,9,1,0.13978957408233442,0.21651629820233875,1.0323901683638634,0.03187396678851149,1.0,True,,False,False,gcd_k_not_2,1.0,True,1.0,True,FAMILY_F
662,True,3,1,0.16810838782755388,0.3389678474041698,1.0082395640862418,0.008205758151160541,1.0,True,,False,False,gcd_k_not_2,0.0,False,1.0,True,FAMILY_F
664,True,1,1,0.1889206691400133,0.3562856297273235,1.0750868404474487,0.07236982952603355,1.0,True,,False,False,gcd_k_not_2,0.0,False,1.0,True,FAMILY_F
666,True,2,2,8.818720756324382,13.121107747877923,0.2646009774864129,1.163053066707737,0.46,False,1.0,True,True,,0.25,False,0.5,False,FAMILY_Q
667,True,2,2,9.098014520739293,13.529379127070355,0.25594011548902695,1.184865226191549,0.46,False,1.0,True,True,,0.0,False,0.5,False,FAMILY_Q
668,True,1,1,0.16986616176202135,0.26884950787906914,0.9877179646539928,0.012357925585429013,1.0,True,,False,False,gcd_k_not_2,0.0,False,1.0,True,FAMILY_F
669,True,9,1,0.09056891233696915,0.15776917790072464,1.060093255408335,0.058340325371750185,1.0,True,,False,False,gcd_k_not_2,0.8,False,1.0,True,FAMILY_F
670,True,9,1,0.19568266421210662,0.3674762330366769,0.9982264467224549,0.001775127419071182,1.0,True,,False,False,gcd_k_not_2,0.0,False,1.0,True,FAMILY_F
672,True,3,1,0.17833346817180837,0.27958916263588385,0.9999963046474765,3.6953593513525803e-06,1.0,True,,False,False,gcd_k_not_2,0.4,False,1.0,True,FAMILY_F
673,True,4,2,9.045642775429092,13.452874339295077,0.28303872561329396,1.1175988067608758,0.57,False,1.0,True,True,,0.0,False,0.5,False,FAMILY_Q
674,True,3,1,0.18676488692630222,0.3265465174470005,1.1352412774663083,0.12667540562609067,1.0,True,,False,False,gcd_k_not_2,0.0,False,1.0,True,FAMILY_F
676,True,1,1,0.12263461559156941,0.1997293327492567,1.000985690586308,0.000985205032644731,1.0,True,,False,False,gcd_k_not_2,0.0,False,1.0,True,FAMILY_F
678,True,7,1,0.14292067449845314,0.2715537670541781,0.9498432638812098,0.05144694145205504,1.0,True,,False,False,gcd_k_not_2,0.0,False,1.0,True,FAMILY_F
679,True,9,1,0.14636582782608906,0.21921733721273065,0.9751190131377255,0.025194417852064402,1.0,True,,False,False,gcd_k_not_2,0.0,False,1.0,True,FAMILY_F
680,True,8,2,8.836521944326654,13.147150121222642,0.23630269894410805,1.2354535854498168,0.59,False,1.0,True,True,,0.0,False,0.5,False,FAMILY_Q
681,True,3,1,0.1914325164848224,0.3370243997703611,1.0071531828503264,0.007127690015336268,1.0,True,,False,False,gcd_k_not_2,0.0,False,1.0,True,FAMILY_F
682,True,1,1,0.16158207796392798,0.23427346457676723,0.9884115925668875,0.011655944349180465,1.0,True,,False,False,gcd_k_not_2,0.0,False,1.0,True,FAMILY_F
683,True,1,1,0.14901065695038693,0.24437795005474536,0.9270674873571607,0.0756927436338633,1.0,True,,False,False,gcd_k_not_2,0.0,False,1.0,True,FAMILY_F
684,True,9,1,0.1819787468714508,0.31366953379848084,1.027921336093116,0.027536902537756022,1.0,True,,False,False,gcd_k_not_2,0.0,False,1.0,True,FAMILY_F
685,True,7,1,0.1430384865726973,0.2517251950614357,1.0168414329546798,0.01670080025082299,1.0,True,,False,False,gcd_k_not_2,0.12,False,1.0,True,FAMILY_F
687,True,1,1,0.20560770061138642,0.2853550646868216,1.1484347574272602,0.1381794414879138,1.0,True,,False,False,gcd_k_not_2,0.0,False,1.0,True,FAMILY_F
689,True,3,1,0.15333599854970253,0.23603983967556594,0.9723878988124538,0.027998651993526292,1.0,True,,False,False,gcd_k_not_2,0.0,False,1.0,True,FAMILY_F
693,True,9,1,0.1323974348043215,0.23149556124400592,1.0412207107828761,0.040388293696144745,1.0,True,,False,False,gcd_k_not_2,0.0,False,1.0,True,FAMILY_F
694,True,3,1,0.19976535673614465,0.3469084695461837,1.0273217753451245,0.026953565711563845,1.0,True,,False,False,gcd_k_not_2,0.0,False,1.0,True,FAMILY_F
695,True,7,1,0.11091727910307544,0.18330767734509396,0.9882624782088654,0.011806813154476941,1.0,True,,False,False,gcd_k_not_2,0.0,False,1.0,True,FAMILY_F
697,True,3,1,0.12740036691212084,0.206603173712164,1.0135686443401468,0.013477210601472493,1.0,True,,False,False,gcd_k_not_2,0.0,False,1.0,True,FAMILY_F
698,True,3,1,0.21773089158705755,0.35098448218154804,1.0055991683782741,0.005583536796937924,1.0,True,,False,False,gcd_k_not_2,0.0,False,1.0,True,FAMILY_F
700,True,9,1,0.1902757679832036,0.3265155879871619,0.9937052734696527,0.006314600873169756,1.0,True,,False,False,gcd_k_not_2,0.4,False,1.0,True,FAMILY_F
701,True,1,1,0.2233604377480433,0.35282428944722116,1.1171180859067822,0.1106391624410685,1.0,True,,False,False,gcd_k_not_2,0.0,False,1.0,True,FAMILY_F
702,True,9,1,0.14746681897807734,0.2269932956574047,0.9832020632013664,0.01694021714712992,1.0,True,,False,False,gcd_k_not_2,0.0,False,1.0,True,FAMILY_F
704,True,9,1,0.16383199288541953,0.24535228531155956,0.9841889321360597,0.015937058823243196,1.0,True,,False,False,gcd_k_not_2,1.0,True,1.0,True,FAMILY_F
705,True,7,1,0.17313349083431923,0.2368960455022381,0.9780533561431888,0.022190143444464818,1.0,True,,False,False,gcd_k_not_2,0.0,False,1.0,True,FAMILY_F
706,True,8,2,8.911540187671852,13.25686840833503,0.2769163575147288,1.1325466045287633,0.54,False,1.0,True,True,,0.0,False,0.5,False,FAMILY_Q
707,True,3,1,0.16282917086242193,0.2776751392137993,0.9995116713012605,0.0004884479603179259,1.0,True,,False,False,gcd_k_not_2,0.0,False,1.0,True,FAMILY_F
708,True,8,2,8.890279054048303,13.225775085431206,0.2662909022159631,1.1588318237145552,0.49,False,1.0,True,True,,0.0,False,0.5,False,FAMILY_Q
709,True,2,2,8.753795491592042,13.026099580556899,0.2524005550751612,1.1938663583233124,0.46,False,1.0,True,True,,0.0,False,0.5,False,FAMILY_Q
711,True,7,1,0.1322642206001842,0.19187816373972066,1.016818791693858,0.016678535288470277,1.0,True,,False,False,gcd_k_not_2,0.0,False,1.0,True,FAMILY_F
712,True,9,1,0.13042738721002817,0.2401776066385113,0.9798657863797379,0.02033896818539228,1.0,True,,False,False,gcd_k_not_2,0.0,False,1.0,True,FAMILY_F
714,True,7,1,0.1545313453191132,0.2559972974896583,1.0158554324369868,0.0157307237233962,1.0,True,,False,False,gcd_k_not_2,0.5,False,1.0,True,FAMILY_F
716,True,7,1,0.12105873007262084,0.18514822116266622,0.9891913499407453,0.010867380917956103,1.0,True,,False,False,gcd_k_not_2,0.0,False,1.0,True,FAMILY_F
719,True,6,2,8.880664223073124,13.211713770968723,0.26698050421360503,1.157112510174525,0.51,False,1.0,True,True,,0.5,False,0.5,False,FAMILY_Q
720,True,3,1,0.11865124118707024,0.19780636459460296,1.001743441163374,0.001741922693510429,1.0,True,,False,False,gcd_k_not_2,0.0,False,1.0,True,FAMILY_F
721,True,7,1,0.16876705513951262,0.23800144712649435,0.9764270048070112,0.023854152099374526,1.0,True,,False,False,gcd_k_not_2,0.0,False,1.0,True,FAMILY_F
722,True,3,1,0.12502215820725207,0.17938210004818056,1.0280306331128244,0.02764320484627015,1.0,True,,False,False,gcd_k_not_2,0.0,False,1.0,True,FAMILY_F
723,True,2,2,8.91481797482724,13.261659995249222,0.25113493351958094,1.197097205772648,0.5,False,1.0,True,True,,0.0,False,0.5,False,FAMILY_Q
724,True,4,2,8.890898019090166,13.226680637821733,0.26989421570230543,1.1498686666493951,0.4,False,1.0,True,True,,0.0,False,0.5,False,FAMILY_Q
726,True,6,2,8.739813610989662,13.005635333881834,0.26984415508344894,1.1499928428123816,0.57,False,1.0,True,True,,0.25,False,0.5,False,FAMILY_Q
727,True,7,1,0.147236987012487,0.2645407556700409,0.9879372816652708,0.012135914393259313,1.0,True,,False,False,gcd_k_not_2,0.58,False,1.0,True,FAMILY_F
729,True,3,1,0.1588977582637828,0.2491841878883367,0.9588371052889737,0.0420278895063649,1.0,True,,False,False,gcd_k_not_2,0.0,False,1.0,True,FAMILY_F
730,True,1,1,0.14806655025822146,0.28516529655963163,1.0253368516498562,0.025019889041387557,1.0,True,,False,False,gcd_k_not_2,0.0,False,1.0,True,FAMILY_F
731,True,9,1,0.13355872584359896,0.22919103819527104,0.967211748047311,0.03333474597763577,1.0,True,,False,False,gcd_k_not_2,0.0,False,1.0,True,FAMILY_F
734,True,7,1,0.1506946803700366,0.22622070638916922,1.0989484887149643,0.09428386570414911,1.0,True,,False,False,gcd_k_not_2,0.0,False,1.0,True,FAMILY_F
735,True,7,1,0.13190489214187862,0.2216669402363809,1.006294433659479,0.006274685862531028,1.0,True,,False,False,gcd_k_not_2,0.0,False,1.0,True,FAMILY_F
737,True,1,1,0.1395768385920464,0.19454202113435284,0.9921815289903878,0.007849155205825494,1.0,True,,False,False,gcd_k_not_2,1.0,True,1.0,True,FAMILY_F
739,True,9,1,0.16362176768844375,0.30391350418320034,0.9776816731024319,0.022570191351934686,1.0,True,,False,False,gcd_k_not_2,0.0,False,1.0,True,FAMILY_F
741,True,7,1,0.18371364468393594,0.2954659609259037,0.9763034368975686,0.02398069310614636,1.0,True,,False,False,gcd_k_not_2,0.0,False,1.0,True,FAMILY_F
744,True,9,1,0.12719398557418438,0.22376763370608746,1.0229819967784903,0.022720910828754996,1.0,True,,False,False,gcd_k_not_2,0.0,False,1.0,True,FAMILY_F
745,True,6,2,9.066448338209193,13.48326801352335,0.2504889814814385,1.1987486968987526,0.45,False,1.0,True,True,,0.0,False,0.5,False,FAMILY_Q
748,True,3,1,0.12435272354142368,0.2112883257439434,1.0657564900824836,0.06366335083362906,1.0,True,,False,False,gcd_k_not_2,0.0,False,1.0,True,FAMILY_F
749,True,3,1,0.15895960847356355,0.2435535747089986,0.9519520603954883,0.04923065538277274,1.0,True,,False,False,gcd_k_not_2,0.0,False,1.0,True,FAMILY_F
750,True,9,1,0.1676054818207033,0.2845632223066306,0.9871754675492124,0.012907297478469937,1.0,True,,False,False,gcd_k_not_2,0.0,False,1.0,True,FAMILY_F
753,True,3,1,0.1160464495260905,0.17539029459638325,1.0320511194814088,0.031545583842977815,1.0,True,,False,False,gcd_k_not_2,0.0,False,1.0,True,FAMILY_F
754,True,3,1,0.18738970264910373,0.33828304836788303,0.9937397797963613,0.006279876909792224,1.0,True,,False,False,gcd_k_not_2,0.0,False,1.0,True,FAMILY_F
759,True,7,1,0.15308273289540592,0.26641197012547324,0.9912550172417598,0.008783388046754083,1.0,True,,False,False,gcd_k_not_2,0.0,False,1.0,True,FAMILY_F
760,True,1,1,0.23336712481497077,0.39081628552618664,0.9735146780787011,0.02684076507308629,1.0,True,,False,False,gcd_k_not_2,0.0,False,1.0,True,FAMILY_F
764,True,7,1,0.16028125246393368,0.27352094868507826,0.9926970275251324,0.007329736908312247,1.0,True,,False,False,gcd_k_not_2,0.0,False,1.0,True,FAMILY_F
765,True,7,1,0.19288410582360815,0.2713049458370693,1.0098778177249614,0.009829271847124026,1.0,True,,False,False,gcd_k_not_2,0.0,False,1.0,True,FAMILY_F
766,True,1,1,0.14775385296630597,0.23408389265238488,1.0008793616801372,0.0008789752115777331,1.0,True,,False,False,gcd_k_not_2,0.0,False,1.0,True,FAMILY_F
768,True,3,1,0.14412588666509796,0.22273158638445192,1.0328055560233405,0.032276137701547976,1.0,True,,False,False,gcd_k_not_2,0.0,False,1.0,True,FAMILY_F
771,True,7,1,0.11529481182957957,0.1798804933261841,0.9322870539491227,0.07008580418989874,1.0,True,,False,False,gcd_k_not_2,0.0,False,1.0,True,FAMILY_F
772,True,4,2,8.538814272632523,12.711259583960121,0.26903337391943266,1.1520053626690108,0.45,False,1.0,True,True,,0.25,False,0.5,False,FAMILY_Q
773,True,7,1,0.138711087263607,0.20831417826506607,0.9884983527487355,0.011568173778334285,1.0,True,,False,False,gcd_k_not_2,0.0,False,1.0,True,FAMILY_F
774,True,6,2,8.812646441166814,13.112220119636936,0.2760984822731453,1.1345543118856332,0.52,False,1.0,True,True,,0.25,False,0.5,False,FAMILY_Q
775,True,1,1,0.11396493512209556,0.2089979732198774,1.0373004708043592,0.0366175449708037,1.0,True,,False,False,gcd_k_not_2,0.0,False,1.0,True,FAMILY_F
777,True,9,1,0.16760694707404541,0.2969691178733196,0.9952507842353061,0.0047605201333265745,1.0,True,,False,False,gcd_k_not_2,0.6,False,1.0,True,FAMILY_F
779,True,3,1,0.13390535259959632,0.22841041599081097,0.982479995777746,0.017674835821362877,1.0,True,,False,False,gcd_k_not_2,0.0,False,1.0,True,FAMILY_F
786,True,3,1,0.23061539838642037,0.3806783594683394,0.9699603795262112,0.0304976899901038,1.0,True,,False,False,gcd_k_not_2,0.0,False,1.0,True,FAMILY_F
787,True,9,1,0.16536269626304795,0.26849459776490886,0.96765116223532,0.0328806633874376,1.0,True,,False,False,gcd_k_not_2,0.0,False,1.0,True,FAMILY_F
788,True,2,2,8.956328189336567,13.322347051527856,0.27302090972011994,1.1421322065160895,0.5,False,1.0,True,True,,0.25,False,0.5,False,FAMILY_Q
790,True,7,1,0.18910507320297992,0.32624964870752127,1.0167214502343616,0.01658280595212435,1.0,True,,False,False,gcd_k_not_2,0.0,False,1.0,True,FAMILY_F
791,True,1,1,0.19111679694507921,0.30922951749267197,1.0201995055528432,0.019997535389273857,1.0,True,,False,False,gcd_k_not_2,0.0,False,1.0,True,FAMILY_F
794,True,9,1,0.16871126088025198,0.2630365314905033,0.985098449171909,0.015013412392022375,1.0,True,,False,False,gcd_k_not_2,0.0,False,1.0,True,FAMILY_F
798,True,9,1,0.11909047564675977,0.20836444356833947,1.0128487948474287,0.012766776004556033,1.0,True,,False,False,gcd_k_not_2,0.0,False,1.0,True,FAMILY_F
799,True,9,1,0.14717864213758639,0.26041381233158956,0.9870300932300351,0.01305456501555195,1.0,True,,False,False,gcd_k_not_2,0.0,False,1.0,True,FAMILY_F
807,True,3,1,0.17948424413577377,0.33445925157308226,0.9616189346838395,0.039132029812249385,1.0,True,,False,False,gcd_k_not_2,0.0,False,1.0,True,FAMILY_F
808,True,2,2,9.05975866366654,13.473498404986517,0.2784897496057745,1.1286914902785963,0.52,False,1.0,True,True,,0.25,False,0.5,False,FAMILY_Q
809,True,9,1,0.12878147164372053,0.232228532421946,0.9924930374345842,0.00753524597012525,1.0,True,,False,False,gcd_k_not_2,0.0,False,1.0,True,FAMILY_F
812,True,4,2,8.880536965454809,13.211527680426217,0.26047362747311675,1.1734103061075838,0.53,False,1.0,True,True,,0.0,False,0.5,False,FAMILY_Q
813,True,3,1,0.11125773490841448,0.16191993474103689,0.9664802535627057,0.034091109103756276,1.0,True,,False,False,gcd_k_not_2,0.0,False,1.0,True,FAMILY_F
814,True,4,2,8.598094440216205,12.798113199328855,0.25961033915887255,1.1755852390597807,0.47,False,1.0,True,True,,0.0,False,0.5,False,FAMILY_Q
815,True,3,1,0.12150738725646117,0.176121261350594,1.0171292110933177,0.0169837519571027,1.0,True,,False,False,gcd_k_not_2,0.0,False,1.0,True,FAMILY_F
816,True,9,1,0.15661043884530323,0.23826849368201516,1.0046851888083757,0.004674238962338594,1.0,True,,False,False,gcd_k_not_2,1.0,True,1.0,True,FAMILY_F
817,True,1,1,0.12940245520875557,0.20460072955775924,0.9773546151907698,0.022904727998973976,1.0,True,,False,False,gcd_k_not_2,0.0,False,1.0,True,FAMILY_F
820,True,9,1,0.19625603195078759,0.3147879663663613,0.9916101413933431,0.008425201732290062,1.0,True,,False,False,gcd_k_not_2,0.9,False,1.0,True,FAMILY_F
822,True,7,1,0.17885865278225635,0.3282660279044276,0.9840632457301445,0.016064764370946952,1.0,True,,False,False,gcd_k_not_2,0.0,False,1.0,True,FAMILY_F
823,True,7,1,0.12856748867813486,0.19108182230814563,1.0227528530814174,0.022496918540251855,1.0,True,,False,False,gcd_k_not_2,0.0,False,1.0,True,FAMILY_F
825,True,6,2,8.912670315702188,13.258517132243936,0.27022738525139045,1.1490424836088389,0.49,False,1.0,True,True,,0.25,False,0.5,False,FAMILY_Q
830,True,3,1,0.16934879497343075,0.28672280353512064,1.0011649614452651,0.0011642832727030152,1.0,True,,False,False,gcd_k_not_2,0.0,False,1.0,True,FAMILY_F
831,True,2,2,8.761577841765895,13.037489998269846,0.27363343068758805,1.1406210795209313,0.44,False,1.0,True,True,,0.0,False,0.5,False,FAMILY_Q
833,True,6,2,8.7631144331858,13.039743088687345,0.2622958861860288,1.1688291499434598,0.64,False,1.0,True,True,,0.0,False,0.5,False,FAMILY_Q
834,True,4,2,8.685012558853925,12.925410325091764,0.27358571870451287,1.1407387357238794,0.52,False,1.0,True,True,,0.25,False,0.5,False,FAMILY_Q
835,True,3,1,0.11010843210760285,0.19220178345814595,0.9433123170454627,0.05834129949911812,1.0,True,,False,False,gcd_k_not_2,0.0,False,1.0,True,FAMILY_F
837,True,9,1,0.13802254729305286,0.2428545456001208,1.0983658338521172,0.09375470403227079,1.0,True,,False,False,gcd_k_not_2,0.2,False,1.0,True,FAMILY_F
839,True,7,1,0.14882262220177178,0.2476795294215152,1.073299538349959,0.07070810270694855,1.0,True,,False,False,gcd_k_not_2,0.0,False,1.0,True,FAMILY_F
841,True,7,1,0.18707374981281247,0.3509832113592755,1.0398100541619533,0.03903309926404793,1.0,True,,False,False,gcd_k_not_2,0.0,False,1.0,True,FAMILY_F
842,True,7,1,0.13458844566589828,0.22509418963505706,0.990597457844168,0.00944695485144957,1.0,True,,False,False,gcd_k_not_2,0.0,False,1.0,True,FAMILY_F
844,True,1,1,0.14291174490672437,0.2523805950327386,0.9840438731625843,0.016084449596350334,1.0,True,,False,False,gcd_k_not_2,0.0,False,1.0,True,FAMILY_F
845,True,7,1,0.1480380303802248,0.25096480308324315,0.9857855002353806,0.014316248923093211,1.0,True,,False,False,gcd_k_not_2,0.0,False,1.0,True,FAMILY_F
848,True,1,1,0.16893275658170936,0.2958115453594538,0.9966361436203435,0.0033695236765143464,1.0,True,,False,False,gcd_k_not_2,0.0,False,1.0,True,FAMILY_F
849,True,3,1,0.13162339236520088,0.22163552566579606,1.0176439836291051,0.01748968972947259,1.0,True,,False,False,gcd_k_not_2,0.0,False,1.0,True,FAMILY_F
853,True,7,1,0.12817483026110055,0.1976713893743974,0.9839402472493298,0.016189754477672878,1.0,True,,False,False,gcd_k_not_2,0.0,False,1.0,True,FAMILY_F
854,True,9,1,0.15204327008767093,0.2358590165840775,1.0850631177201726,0.08159284675581571,1.0,True,,False,False,gcd_k_not_2,1.0,True,1.0,True,FAMILY_F
855,True,1,1,0.10395799515612784,0.20220784538786596,1.007402024501966,0.007374730533912214,1.0,True,,False,False,gcd_k_not_2,0.6,False,1.0,True,FAMILY_F
856,True,7,1,0.08646255097256912,0.15402480967994456,1.004813570129204,0.004802012716717368,1.0,True,,False,False,gcd_k_not_2,0.0,False,1.0,True,FAMILY_F
858,True,9,1,0.17502841910043115,0.27181777407069146,1.0544382157213503,0.052995719515698404,1.0,True,,False,False,gcd_k_not_2,0.0,False,1.0,True,FAMILY_F
860,True,9,1,0.1102409223808872,0.1593929414587241,0.9729974045383042,0.02737215507692427,1.0,True,,False,False,gcd_k_not_2,0.0,False,1.0,True,FAMILY_F
865,True,3,1,0.10404883684677088,0.2127485045540435,0.9482166538508063,0.05315974077815185,1.0,True,,False,False,gcd_k_not_2,0.0,False,1.0,True,FAMILY_F
866,True,8,2,8.713240257901786,12.966736270380768,0.25367233555701896,1.1906263594966866,0.43,False,1.0,True,True,,0.0,False,0.5,False,FAMILY_Q
868,True,7,1,0.18312285840638434,0.2552192149913609,1.0406101255121647,0.03980194453065569,1.0,True,,False,False,gcd_k_not_2,0.0,False,1.0,True,FAMILY_F
869,True,4,2,8.773911296019683,13.055540526657959,0.27576996273704424,1.1353614811704587,0.54,False,1.0,True,True,,0.0,False,0.5,False,FAMILY_Q
870,True,3,1,0.18949047531422078,0.26149751733754295,0.973662201178154,0.02668926709557889,1.0,True,,False,False,gcd_k_not_2,0.0,False,1.0,True,FAMILY_F
873,True,1,1,0.12820288786731648,0.2522352912339171,1.0623436335336733,0.06045901616002961,1.0,True,,False,False,gcd_k_not_2,0.0,False,1.0,True,FAMILY_F
874,True,1,1,0.1372071064690764,0.26834743634573394,0.9975995110688282,0.0024033735669943468,1.0,True,,False,False,gcd_k_not_2,0.0,False,1.0,True,FAMILY_F
876,True,2,2,8.73781761569757,13.002713528861078,0.2661211355540497,1.159255372709354,0.5,False,1.0,True,True,,0.25,False,0.5,False,FAMILY_Q
878,True,6,2,8.981833357298363,13.359631512314309,0.27374196778953774,1.1403534633797399,0.56,False,1.0,True,True,,0.0,False,0.5,False,FAMILY_Q
879,True,8,2,8.883024741473434,13.215167158117277,0.26244205396858206,1.168462257278025,0.51,False,1.0,True,True,,0.25,False,0.5,False,FAMILY_Q
880,True,7,1,0.1408611780414997,0.2256443915153422,1.0116102787891532,0.011543268506404518,1.0,True,,False,False,gcd_k_not_2,0.4,False,1.0,True,FAMILY_F
881,True,7,1,0.19102051397007103,0.33135226920245525,0.991004620433525,0.009036020784840141,1.0,True,,False,False,gcd_k_not_2,0.0,False,1.0,True,FAMILY_F
885,True,9,1,0.12309859845346384,0.22590684081360746,1.0047051869194819,0.00469414350816541,1.0,True,,False,False,gcd_k_not_2,0.0,False,1.0,True,FAMILY_F
886,True,4,2,8.636809076500263,12.854822282686431,0.2656941870128062,1.1603210641588642,0.49,False,1.0,True,True,,0.0,False,0.5,False,FAMILY_Q
887,True,9,1,0.12040855390558872,0.1828512386652646,0.9870934476803528,0.012990382847584482,1.0,True,,False,False,gcd_k_not_2,0.0,False,1.0,True,FAMILY_F
888,True,3,1,0.1614090232697126,0.2756282043874375,0.9879097291943673,0.012163802639602267,1.0,True,,False,False,gcd_k_not_2,0.0,False,1.0,True,FAMILY_F
890,True,1,1,0.19387129013064694,0.32053262638523244,0.9530441706940119,0.04808475917808083,1.0,True,,False,False,gcd_k_not_2,0.17,False,1.0,True,FAMILY_F
892,True,9,1,0.13729933905939812,0.25908266355836135,1.0067455897571114,0.006722914744691442,1.0,True,,False,False,gcd_k_not_2,0.0,False,1.0,True,FAMILY_F
893,True,9,1,0.15592979316138716,0.22141831071227394,1.0255218215255881,0.025200243467498634,1.0,True,,False,False,gcd_k_not_2,1.0,True,1.0,True,FAMILY_F
895,True,3,1,0.10173424828997372,0.18538524159292225,0.9647623592365183,0.03586962117614527,1.0,True,,False,False,gcd_k_not_2,0.0,False,1.0,True,FAMILY_F
902,True,6,2,8.754671988390273,13.027382450982222,0.2608524149834514,1.1724569445762607,0.52,False,1.0,True,True,,0.0,False,0.5,False,FAMILY_Q
904,True,9,1,0.1428046685900858,0.23790971888905652,0.970550785085127,0.029889323470139048,1.0,True,,False,False,gcd_k_not_2,0.0,False,1.0,True,FAMILY_F
905,True,1,1,0.22336393414052197,0.3605340555870014,0.9900691695314964,0.00998038723532563,1.0,True,,False,False,gcd_k_not_2,0.0,False,1.0,True,FAMILY_F
907,True,8,2,8.945600982690804,13.306664488877734,0.2721447983130741,1.1442961566200598,0.5,False,1.0,True,True,,0.0,False,0.5,False,FAMILY_Q
908,True,2,2,9.207507352960103,13.689241374241265,0.2795108230772205,1.1261947361883267,0.59,False,1.0,True,True,,0.0,False,0.5,False,FAMILY_Q
909,True,7,1,0.13511982098313569,0.2332115816551497,0.9820093614891995,0.018153938987738264,1.0,True,,False,False,gcd_k_not_2,0.0,False,1.0,True,FAMILY_F
910,True,9,1,0.18710219404335846,0.25125155008717026,1.0055234361713878,0.005508224009520662,1.0,True,,False,False,gcd_k_not_2,0.0,False,1.0,True,FAMILY_F
913,True,9,1,0.17396046978510363,0.29233604323466794,1.0233318265697988,0.023062778199217978,1.0,True,,False,False,gcd_k_not_2,0.6,False,1.0,True,FAMILY_F
914,True,3,1,0.1526213410063651,0.2475030971764335,0.9956525742982512,0.004356896343320271,1.0,True,,False,False,gcd_k_not_2,0.0,False,1.0,True,FAMILY_F
916,True,1,1,0.1885735226296125,0.2812765302881663,1.0188436519052462,0.018667767449413813,1.0,True,,False,False,gcd_k_not_2,0.0,False,1.0,True,FAMILY_F
918,True,9,1,0.09933153568391133,0.16174712535616415,1.0082489185617431,0.008215035980351247,1.0,True,,False,False,gcd_k_not_2,0.6,False,1.0,True,FAMILY_F
919,True,9,1,0.108891356558385,0.19893051054089314,0.9816073752432436,0.01856333902118096,1.0,True,,False,False,gcd_k_not_2,0.0,False,1.0,True,FAMILY_F
920,True,6,2,8.719628663233676,12.976088970598685,0.2625447428921673,1.1682045507844911,0.51,False,1.0,True,True,,0.25,False,0.5,False,FAMILY_Q
922,True,1,1,0.22451676668654252,0.44439955811151854,1.0007486982434026,0.000748418073754109,1.0,True,,False,False,gcd_k_not_2,0.0,False,1.0,True,FAMILY_F
923,True,9,1,0.11534004521898893,0.21042664310500342,0.9936964772554512,0.006323452758693049,1.0,True,,False,False,gcd_k_not_2,0.0,False,1.0,True,FAMILY_F
924,True,9,1,0.22637050905517983,0.39537091957056897,0.9807436865094571,0.019443518736618728,1.0,True,,False,False,gcd_k_not_2,0.0,False,1.0,True,FAMILY_F
926,True,3,1,0.14430027415930882,0.2636567705478454,0.9724516108603092,0.027933145723838825,1.0,True,,False,False,gcd_k_not_2,0.0,False,1.0,True,FAMILY_F
927,True,1,1,0.11482683838200301,0.19620247232939905,1.0073174142902148,0.007290739609113771,1.0,True,,False,False,gcd_k_not_2,0.0,False,1.0,True,FAMILY_F
931,True,7,1,0.1416214207031509,0.236972352131929,1.016205912932566,0.01607565261922539,1.0,True,,False,False,gcd_k_not_2,0.0,False,1.0,True,FAMILY_F
932,True,9,1,0.17933739927986578,0.29066825839503835,0.9544042791253379,0.04665945665557765,1.0,True,,False,False,gcd_k_not_2,0.0,False,1.0,True,FAMILY_F
934,True,8,2,8.622114751274161,12.833298801469528,0.25453959664874365,1.1884206849151795,0.5,False,1.0,True,True,,0.0,False,0.5,False,FAMILY_Q
935,True,3,1,0.16801814473252538,0.2858535402554952,0.9925015800921003,0.00752663885722292,1.0,True,,False,False,gcd_k_not_2,0.0,False,1.0,True,FAMILY_F
937,True,7,1,0.17401195981101844,0.28013564426247467,1.0179875029939778,0.01782716985837701,1.0,True,,False,False,gcd_k_not_2,0.4,False,1.0,True,FAMILY_F
945,True,3,1,0.14146046609029644,0.24934519972223512,1.0349041650521766,0.034305463275988414,1.0,True,,False,False,gcd_k_not_2,0.0,False,1.0,True,FAMILY_F
946,True,3,1,0.15641415909038678,0.25790643553195536,0.9698694536187734,0.030591414396395556,1.0,True,,False,False,gcd_k_not_2,1.0,True,1.0,True,FAMILY_F
947,True,2,2,8.703059702616525,12.951835700157696,0.2602866390725062,1.1738811441687227,0.46,False,1.0,True,True,,0.0,False,0.5,False,FAMILY_Q
948,True,1,1,0.13410249140611977,0.20508769424513099,0.9989325947301376,0.0010679752510679402,1.0,True,,False,False,gcd_k_not_2,0.0,False,1.0,True,FAMILY_F
949,True,7,1,0.30071070570430447,0.4904767682044064,0.9945837999247263,0.005430907516122454,1.0,True,,False,False,gcd_k_not_2,0.0,False,1.0,True,FAMILY_F
952,True,3,1,0.20872881778477348,0.3549362397898497,1.0049595064219388,0.004947238491404253,1.0,True,,False,False,gcd_k_not_2,0.0,False,1.0,True,FAMILY_F
954,True,9,1,0.18211500140846318,0.32811761818716256,0.984158044360341,0.0159684413090855,1.0,True,,False,False,gcd_k_not_2,0.0,False,1.0,True,FAMILY_F
957,True,7,1,0.1898194929120158,0.3749093809507299,1.1708762034427596,0.1574260228858464,1.0,True,,False,False,gcd_k_not_2,0.0,False,1.0,True,FAMILY_F
958,True,3,1,0.1609274711989117,0.2466217297411666,0.9677651409137284,0.032762913028638554,1.0,True,,False,False,gcd_k_not_2,0.9,False,1.0,True,FAMILY_F
959,True,9,1,0.2258407137074351,0.42315632524876956,0.9659124360561729,0.034678618761077924,1.0,True,,False,False,gcd_k_not_2,0.0,False,1.0,True,FAMILY_F
960,True,7,1,0.15252246741928735,0.2734226605294477,0.9908329063440263,0.00920930493640292,1.0,True,,False,False,gcd_k_not_2,0.0,False,1.0,True,FAMILY_F
961,True,1,1,0.1204562832110925,0.20387807882738307,0.9369936214542283,0.06505584514880204,1.0,True,,False,False,gcd_k_not_2,0.0,False,1.0,True,FAMILY_F
963,True,1,1,0.10861098791701485,0.17858998354405317,1.0110541997639786,0.010993437934468312,1.0,True,,False,False,gcd_k_not_2,0.7,False,1.0,True,FAMILY_F
966,True,9,1,0.21564751961325923,0.38130425106952726,0.9895123197015048,0.010542965926512833,1.0,True,,False,False,gcd_k_not_2,0.0,False,1.0,True,FAMILY_F
967,True,9,1,0.16706174628211376,0.29562402377672337,0.967698612137133,0.03283164165856084,1.0,True,,False,False,gcd_k_not_2,0.0,False,1.0,True,FAMILY_F
968,True,7,1,0.20715221888525392,0.3140437618984528,0.9967135376030934,0.003291871703190587,1.0,True,,False,False,gcd_k_not_2,0.0,False,1.0,True,FAMILY_F
970,True,9,1,0.1879505154700243,0.2661178662977235,0.9962282015417919,0.0037789251301979863,1.0,True,,False,False,gcd_k_not_2,0.0,False,1.0,True,FAMILY_F
971,True,1,1,0.14611698600366807,0.17816724311032647,1.0824937842981237,0.07922595968364633,1.0,True,,False,False,gcd_k_not_2,0.0,False,1.0,True,FAMILY_F
972,True,3,1,0.10866353924723189,0.16402926382738867,0.9837793167841108,0.016353314180313556,1.0,True,,False,False,gcd_k_not_2,0.0,False,1.0,True,FAMILY_F
973,True,7,1,0.15492726885631136,0.3110177740767568,0.9584132517033731,0.042469839560629934,1.0,True,,False,False,gcd_k_not_2,0.9,False,1.0,True,FAMILY_F
974,True,3,1,0.19437632565987645,0.28588430928632147,0.9573037154401891,0.04362765392309971,1.0,True,,False,False,gcd_k_not_2,0.0,False,1.0,True,FAMILY_F
976,True,6,2,8.908788643173175,13.252842462014737,0.2756941660030126,1.1355477720281069,0.49,False,1.0,True,True,,0.25,False,0.5,False,FAMILY_Q
978,True,4,2,8.829020993745923,13.136174961185132,0.26992059797645174,1.1498032289371312,0.52,False,1.0,True,True,,0.0,False,0.5,False,FAMILY_Q
980,True,3,1,0.15436988534643853,0.25135085633110626,0.976127976709851,0.02416040213133839,1.0,True,,False,False,gcd_k_not_2,0.5,False,1.0,True,FAMILY_F
981,True,1,1,0.24880209769567763,0.36322759988961045,0.9811425167080406,0.019036978039615033,1.0,True,,False,False,gcd_k_not_2,0.0,False,1.0,True,FAMILY_F
982,True,1,1,0.18317738593157395,0.30366133825697816,0.9655530933506699,0.03505059900529945,1.0,True,,False,False,gcd_k_not_2,0.0,False,1.0,True,FAMILY_F
983,True,7,1,0.1474991183096148,0.2608943252857735,0.9700239267669047,0.030432192041738703,1.0,True,,False,False,gcd_k_not_2,0.0,False,1.0,True,FAMILY_F
987,True,9,1,0.14003460666605796,0.23658601526311668,1.025959609223461,0.025626976081138512,1.0,True,,False,False,gcd_k_not_2,0.0,False,1.0,True,FAMILY_F
989,True,3,1,0.17227347158879702,0.280459185614357,1.0131292168166306,0.01304359075111127,1.0,True,,False,False,gcd_k_not_2,0.0,False,1.0,True,FAMILY_F
990,True,7,1,0.17538122863699646,0.25932472952590396,1.0257783605119986,0.025450326664051504,1.0,True,,False,False,gcd_k_not_2,0.0,False,1.0,True,FAMILY_F
992,True,3,1,0.18513253968050208,0.23404649738305774,1.0143970288536182,0.014294132335780257,1.0,True,,False,False,gcd_k_not_2,1.0,True,1.0,True,FAMILY_F
994,True,6,2,9.07123560429487,13.490260925825615,0.25565266997473723,1.1855943093566448,0.64,False,1.0,True,True,,0.0,False,0.5,False,FAMILY_Q
995,True,7,1,0.14503058398204158,0.21372540102868884,0.9924235352567626,0.007605275293298523,1.0,True,,False,False,gcd_k_not_2,0.6,False,1.0,True,FAMILY_F
996,True,7,1,0.13000146827402284,0.24410475094276807,1.026916672913875,0.02655922986235043,1.0,True,,False,False,gcd_k_not_2,0.0,False,1.0,True,FAMILY_F
997,True,8,2,9.181616549549119,13.651449155063247,0.25619073290256184,1.184229826912969,0.45,False,1.0,True,True,,0.25,False,0.5,False,FAMILY_Q
998,True,9,1,0.0840683945907923,0.136661032728366,1.002796591720373,0.002792686718096306,1.0,True,,False,False,gcd_k_not_2,0.0,False,1.0,True,FAMILY_F
999,True,3,1,0.12222277724762674,0.1944012675080184,0.9969854347893924,0.0030191158714440378,1.0,True,,False,False,gcd_k_not_2,0.0,False,1.0,True,FAMILY_F
1002,True,3,1,0.18393639007960347,0.3151579869917449,0.9396577380293145,0.06221949448874724,1.0,True,,False,False,gcd_k_not_2,0.0,False,1.0,True,FAMILY_F
1004,True,3,1,0.15838311499459748,0.2690309470052176,0.9851460040152678,0.01496514206480298,1.0,True,,False,False,gcd_k_not_2,0.0,False,1.0,True,FAMILY_F
1005,True,9,1,0.2312704861284085,0.4142672547657864,1.002529531386265,0.0025263361629568673,1.0,True,,False,False,gcd_k_not_2,0.0,False,1.0,True,FAMILY_F
1007,True,9,1,0.17062050422286157,0.2870387137608129,0.9787017908354827,0.02152745730878868,1.0,True,,False,False,gcd_k_not_2,0.0,False,1.0,True,FAMILY_F
1012,True,1,1,0.1544530800555427,0.26637896280368056,1.0323058274453736,0.03179228933863989,1.0,True,,False,False,gcd_k_not_2,0.0,False,1.0,True,FAMILY_F
1013,True,9,1,0.13840959706801373,0.2410403875805529,1.0142560077213196,0.014155110042290153,1.0,True,,False,False,gcd_k_not_2,0.0,False,1.0,True,FAMILY_F
1014,True,7,1,0.14031730139326046,0.23709950895856283,0.9847584002451855,0.015358644914093004,1.0,True,,False,False,gcd_k_not_2,0.0,False,1.0,True,FAMILY_F
1016,True,1,1,0.1638387874764228,0.2642346607893381,0.996746776632805,0.003258523719949153,1.0,True,,False,False,gcd_k_not_2,0.2,False,1.0,True,FAMILY_F
1019,True,1,1,0.1589730860838035,0.3009173350891673,0.9815902772328359,0.018580756051015834,1.0,True,,False,False,gcd_k_not_2,0.0,False,1.0,True,FAMILY_F
1020,True,9,1,0.17316211395679096,0.2658516564219972,1.0436417359895989,0.042709771699261156,1.0,True,,False,False,gcd_k_not_2,0.0,False,1.0,True,FAMILY_F
1021,True,7,1,0.18992018800039165,0.3285831879933237,0.9805808930208199,0.01960950653175471,1.0,True,,False,False,gcd_k_not_2,0.0,False,1.0,True,FAMILY_F
1022,True,7,1,0.16563805158048345,0.26982425901929513,0.9815063124836017,0.018666291800219913,1.0,True,,False,False,gcd_k_not_2,0.96,False,1.0,True,FAMILY_F
1023,True,9,1,0.15458460880513547,0.2253187904685417,1.01056854822078,0.010512994675195238,1.0,True,,False,False,gcd_k_not_2,1.0,True,1.0,True,FAMILY_F
1024,True,2,2,8.731663989417907,12.993710199805625,0.27411489950325635,1.1394342861538578,0.5,False,1.0,True,True,,0.25,False,0.5,False,FAMILY_Q
1025,True,8,2,8.837979175085302,13.149278062073558,3.8086594775694333,1.1681673408860667,0.43,False,1.0,True,True,,0.0,False,0.5,False,FAMILY_Q
1026,True,8,2,8.916899730585678,13.264703853712506,0.2694976503586782,1.1508526217987547,0.49,False,1.0,True,True,,0.25,False,0.5,False,FAMILY_Q
1029,True,3,1,0.40118694697018614,0.6138372743289692,1.0051686398058535,0.005155316817994937,1.0,True,,False,False,gcd_k_not_2,0.0,False,1.0,True,FAMILY_F
1030,True,7,1,0.14711910204892095,0.21034788404973487,0.9852024712661094,0.014907828242278117,1.0,True,,False,False,gcd_k_not_2,1.0,True,1.0,True,FAMILY_F
1031,True,1,1,0.22567792832724343,0.4102862727374211,0.9553782590707862,0.04564000926390417,1.0,True,,False,False,gcd_k_not_2,0.0,False,1.0,True,FAMILY_F
1033,True,2,2,8.938188581458132,13.295827780038453,0.26917068132345867,1.1516643575700178,0.54,False,1.0,True,True,,0.0,False,0.5,False,FAMILY_Q
1034,True,3,1,0.18430475219463607,0.293424237373388,0.9563885798624633,0.04458359713038461,1.0,True,,False,False,gcd_k_not_2,0.06,False,1.0,True,FAMILY_F
1035,True,1,1,0.1487813861471466,0.2489805699004938,0.9671901444302534,0.03335707599251837,1.0,True,,False,False,gcd_k_not_2,0.9,False,1.0,True,FAMILY_F
1036,True,9,1,0.11637408061449551,0.21029913750531137,0.9685898894925666,0.03191127890586676,1.0,True,,False,False,gcd_k_not_2,0.0,False,1.0,True,FAMILY_F
1037,True,1,1,0.11012214979965379,0.19612373647531323,1.0256867138469161,0.025360993554758904,1.0,True,,False,False,gcd_k_not_2,0.0,False,1.0,True,FAMILY_F
1039,True,3,1,0.11142915800700742,0.21225080527921256,1.0313922228101648,0.03090710150178454,1.0,True,,False,False,gcd_k_not_2,0.0,False,1.0,True,FAMILY_F
1046,True,1,1,0.1580047910960896,0.2128846798758698,0.9846561424318101,0.015462484649244067,1.0,True,,False,False,gcd_k_not_2,0.0,False,1.0,True,FAMILY_F
1048,True,3,1,0.18752818791129885,0.3096103061888033,0.9957187202498016,0.004290464088709436,1.0,True,,False,False,gcd_k_not_2,0.0,False,1.0,True,FAMILY_F
1050,True,2,2,9.371034943199831,13.927797442205938,0.25460939957944717,1.1882432901752729,0.48,False,1.0,True,True,,0.0,False,0.5,False,FAMILY_Q
1051,True,1,1,0.13874786625771127,0.24805071717181432,1.0381406927788006,0.037426947917711714,1.0,True,,False,False,gcd_k_not_2,0.0,False,1.0,True,FAMILY_F
1052,True,8,2,8.87434651278389,13.202474702853563,0.27639752033648146,1.1338199395322608,0.48,False,1.0,True,True,,0.0,False,0.5,False,FAMILY_Q
1053,True,3,1,0.1214751961309108,0.199078844382033,1.007224712059395,0.007198707763997487,1.0,True,,False,False,gcd_k_not_2,0.0,False,1.0,True,FAMILY_F
1054,True,1,1,0.13860305345336993,0.200955877499671,1.0079560377172843,0.007924513851736549,1.0,True,,False,False,gcd_k_not_2,0.94,False,1.0,True,FAMILY_F
1057,True,3,1,0.13053255621724674,0.23519573439199515,1.021599144834935,0.02136837551610534,1.0,True,,False,False,gcd_k_not_2,0.0,False,1.0,True,FAMILY_F
1058,True,7,1,0.2312918746582604,0.3805526012330149,0.9922752696013117,0.007754681811850373,1.0,True,,False,False,gcd_k_not_2,0.0,False,1.0,True,FAMILY_F
1065,True,6,2,9.045219837765012,13.452254315227021,0.2799381890901272,1.125150912829228,0.59,False,1.0,True,True,,0.0,False,0.5,False,FAMILY_Q
1066,True,7,1,0.1361385829894404,0.25391735670840887,1.0013935262863707,0.0013925560046718275,1.0,True,,False,False,gcd_k_not_2,0.0,False,1.0,True,FAMILY_F
1067,True,2,2,8.959697035697513,13.327270212347859,0.25759350067941456,1.180678015462867,0.54,False,1.0,True,True,,0.0,False,0.5,False,FAMILY_Q
1071,True,1,1,0.12395758747390212,0.21158109964482838,0.972486211212774,0.027897572749377257,1.0,True,,False,False,gcd_k_not_2,0.0,False,1.0,True,FAMILY_F
1074,True,3,1,0.16959880454864587,0.3004288824813395,1.041190800891784,0.04035957919640644,1.0,True,,False,False,gcd_k_not_2,0.0,False,1.0,True,FAMILY_F
1075,True,7,1,0.1697495520600775,0.22836006797185918,1.0257005578049325,0.025374488550056872,1.0,True,,False,False,gcd_k_not_2,0.0,False,1.0,True,FAMILY_F
1076,True,1,1,0.2122376170906283,0.3490429863297853,0.9396814462964104,0.06219428846809944,1.0,True,,False,False,gcd_k_not_2,1.0,True,1.0,True,FAMILY_F
1077,True,7,1,0.1754567646282718,0.2869553858226268,0.9857338084738008,0.014368684730370776,1.0,True,,False,False,gcd_k_not_2,0.0,False,1.0,True,FAMILY_F
1078,True,7,1,0.17799915041157519,0.2929035405732839,1.0070034053950592,0.006978967127044372,1.0,True,,False,False,gcd_k_not_2,0.0,False,1.0,True,FAMILY_F
1079,True,9,1,0.1297725191385918,0.22684235327966754,1.019698458966098,0.019506336580740767,1.0,True,,False,False,gcd_k_not_2,0.0,False,1.0,True,FAMILY_F
1082,True,9,1,0.16009477691384258,0.27052677934152886,1.0184543566017439,0.018285631816627665,1.0,True,,False,False,gcd_k_not_2,0.1,False,1.0,True,FAMILY_F
1086,True,7,1,0.21262721300372445,0.38184209722360435,0.98220950728908,0.01795016384040125,1.0,True,,False,False,gcd_k_not_2,0.0,False,1.0,True,FAMILY_F
1087,True,4,2,9.154872584100884,13.61240911387985,0.2651074414792117,1.1617867928458694,0.5,False,1.0,True,True,,0.25,False,0.5,False,FAMILY_Q
1088,True,9,1,0.18683251201053128,0.30165380025626054,0.9864147483115774,0.013678162327348652,1.0,True,,False,False,gcd_k_not_2,0.0,False,1.0,True,FAMILY_F
1090,True,3,1,0.208322332466651,0.3339278404611051,0.9821700199802924,0.017990363934456896,1.0,True,,False,False,gcd_k_not_2,0.0,False,1.0,True,FAMILY_F
1094,True,1,1,0.20076611878421288,0.29526048221868395,0.969579547247074,0.03089030122743246,1.0,True,,False,False,gcd_k_not_2,0.98,False,1.0,True,FAMILY_F
1095,True,7,1,0.20152012911206915,0.3933819225647252,1.0042502444157912,0.004241231281007083,1.0,True,,False,False,gcd_k_not_2,0.0,False,1.0,True,FAMILY_F
1096,True,7,1,0.2498959825208588,0.42874475797994227,1.0047775811402615,0.004766195696925335,1.0,True,,False,False,gcd_k_not_2,0.6,False,1.0,True,FAMILY_F
1098,True,2,2,8.958847953199898,13.32603293096978,0.27766986029543667,1.1306991925716057,0.48,False,1.0,True,True,,0.0,False,0.5,False,FAMILY_Q
1101,True,9,1,0.17255796731183456,0.23875458096823218,0.9963004478770924,0.003706408147973667,1.0,True,,False,False,gcd_k_not_2,0.0,False,1.0,True,FAMILY_F
1102,True,8,2,8.99382335867792,13.377149300296438,0.25139699983452146,1.1964276728559684,0.54,False,1.0,True,True,,0.0,False,0.5,False,FAMILY_Q
1103,True,4,2,9.131667435953734,13.57852255717993,0.26793074453232374,1.154746438044138,0.49,False,1.0,True,True,,0.25,False,0.5,False,FAMILY_Q
1105,True,9,1,0.1453627289337642,0.24714504593799888,0.9831999364631056,0.016942380067696165,1.0,True,,False,False,gcd_k_not_2,0.0,False,1.0,True,FAMILY_F
1107,True,9,1,0.1763398485083384,0.25434624178718873,0.9985396539228918,0.00146141316159703,1.0,True,,False,False,gcd_k_not_2,1.0,True,1.0,True,FAMILY_F
1109,True,6,2,8.913632081907117,13.259925862234276,0.2743425741574816,1.1388733933216966,0.49,False,1.0,True,True,,0.0,False,0.5,False,FAMILY_Q
1110,True,2,2,8.794146117658725,13.085149724943951,0.2628167787081971,1.1675220565978022,0.51,False,1.0,True,True,,0.25,False,0.5,False,FAMILY_Q
1113,True,7,1,0.09575718301843625,0.16273564540715976,0.9637272885547011,0.036942717715142064,1.0,True,,False,False,gcd_k_not_2,0.0,False,1.0,True,FAMILY_F
1115,True,1,1,0.15813542271823303,0.2800001836184278,0.9818710882216551,0.01829474367539424,1.0,True,,False,False,gcd_k_not_2,0.0,False,1.0,True,FAMILY_F
1117,True,3,1,0.11731508097617274,0.1910771264306525,0.9914287638223528,0.008608127323817095,1.0,True,,False,False,gcd_k_not_2,0.0,False,1.0,True,FAMILY_F
1118,True,9,1,0.21165220907952173,0.3433585548677384,0.9963226909111832,0.0036840828444807444,1.0,True,,False,False,gcd_k_not_2,0.0,False,1.0,True,FAMILY_F
1123,True,1,1,0.25737295854527253,0.41689032196601666,1.0179289767117115,0.01776968061673538,1.0,True,,False,False,gcd_k_not_2,0.3,False,1.0,True,FAMILY_F
1127,True,7,1,0.17964436679288365,0.2756277857939459,0.9972560926254788,0.002747677060195356,1.0,True,,False,False,gcd_k_not_2,0.0,False,1.0,True,FAMILY_F
1128,True,3,1,0.1911555228657508,0.3207425559992833,0.9851487192277459,0.014962386070532194,1.0,True,,False,False,gcd_k_not_2,0.0,False,1.0,True,FAMILY_F
1130,True,9,1,0.20180106340943962,0.30168678082500877,1.0737048423649687,0.07108518132301954,1.0,True,,False,False,gcd_k_not_2,0.0,False,1.0,True,FAMILY_F
1131,True,3,1,0.11556070162956296,0.21844225400726244,0.9968640673747389,0.003140857383831784,1.0,True,,False,False,gcd_k_not_2,0.0,False,1.0,True,FAMILY_F
1132,True,7,1,0.1868991338016972,0.30833937823334007,1.0019542418201974,0.0019523341536724402,1.0,True,,False,False,gcd_k_not_2,0.0,False,1.0,True,FAMILY_F
1138,True,1,1,0.2033858821636536,0.2720734027289059,1.2119058673146776,0.19160477888865862,1.0,True,,False,False,gcd_k_not_2,0.0,False,1.0,True,FAMILY_F
1141,True,3,1,0.16067463580119393,0.22552369525828872,0.9841766400722488,0.01594954764428133,1.0,True,,False,False,gcd_k_not_2,0.0,False,1.0,True,FAMILY_F
1142,True,1,1,0.16336808765569882,0.31199684955267526,0.9962600936277246,0.003746912924035928,1.0,True,,False,False,gcd_k_not_2,0.0,False,1.0,True,FAMILY_F
1144,True,9,1,0.12194308058341277,0.1958165791898638,1.0485765439851014,0.04742468044723902,1.0,True,,False,False,gcd_k_not_2,0.0,False,1.0,True,FAMILY_F
1146,True,9,1,0.14171100312239532,0.23162912823598847,0.9969910903668879,0.0030134432222822154,1.0,True,,False,False,gcd_k_not_2,0.0,False,1.0,True,FAMILY_F
1147,True,1,1,0.14634547876815346,0.26072221374971166,1.0143848636857866,0.014282140364643179,1.0,True,,False,False,gcd_k_not_2,0.0,False,1.0,True,FAMILY_F
1148,True,7,1,0.17134607693128154,0.32515559638645125,0.9101884831107431,0.09403419367600713,1.0,True,,False,False,gcd_k_not_2,0.0,False,1.0,True,FAMILY_F
1154,True,3,1,0.18809653895935363,0.36494732920387957,1.010105292676629,0.010054490890049663,1.0,True,,False,False,gcd_k_not_2,0.0,False,1.0,True,FAMILY_F
1157,True,1,1,0.09134691270100016,0.15009219075269672,1.0343525638149338,0.033772478208510676,1.0,True,,False,False,gcd_k_not_2,0.1,False,1.0,True,FAMILY_F
1159,True,7,1,0.07169302499754387,0.13533406625917774,1.004816384316756,0.004804813402796818,1.0,True,,False,False,gcd_k_not_2,0.0,False,1.0,True,FAMILY_F
1161,True,7,1,0.13236017433106265,0.19586996149247002,1.062918583279234,0.06099957971120515,1.0,True,,False,False,gcd_k_not_2,0.0,False,1.0,True,FAMILY_F
1165,True,1,1,0.15094243459585202,0.2456446538553069,1.0574209901883063,0.05581841583433123,1.0,True,,False,False,gcd_k_not_2,0.0,False,1.0,True,FAMILY_F
1167,True,1,1,0.15615681052828864,0.24445781052164217,0.98979818172259,0.010254123630345374,1.0,True,,False,False,gcd_k_not_2,0.0,False,1.0,True,FAMILY_F
1171,True,2,2,8.731500735407005,12.99346952888863,0.27398823566972835,1.1397464183782064,0.45,False,1.0,True,True,,0.0,False,0.5,False,FAMILY_Q
1173,True,9,1,0.128392944381771,0.2106310421487593,1.0119308732426016,0.011860122433901358,1.0,True,,False,False,gcd_k_not_2,0.0,False,1.0,True,FAMILY_F
1175,True,7,1,0.15387280591592847,0.24753654862350313,0.9908374357319096,0.00920473375036953,1.0,True,,False,False,gcd_k_not_2,0.0,False,1.0,True,FAMILY_F
1177,True,7,1,0.1819058290329935,0.30432041759753076,0.9839210695915325,0.016209244062091666,1.0,True,,False,False,gcd_k_not_2,0.0,False,1.0,True,FAMILY_F
1178,True,9,1,0.1455744912540878,0.25572071309665684,0.9443752532664892,0.05721606118989946,1.0,True,,False,False,gcd_k_not_2,0.0,False,1.0,True,FAMILY_F
1179,True,7,1,0.20509908288299203,0.3346568776360357,0.9849191368624832,0.015195443338165146,1.0,True,,False,False,gcd_k_not_2,0.0,False,1.0,True,FAMILY_F
1180,True,1,1,0.1251198981099155,0.23703793891849123,1.0305489436514863,0.030089344802052186,1.0,True,,False,False,gcd_k_not_2,0.0,False,1.0,True,FAMILY_F
1184,True,3,1,0.18493809237899533,0.2954900544482553,0.9766418220109631,0.023634203960405168,1.0,True,,False,False,gcd_k_not_2,0.0,False,1.0,True,FAMILY_F
1185,True,4,2,8.816233577474826,13.117463446035414,4.393437510417983,1.258357959599312,0.5,False,1.0,True,True,,0.0,False,0.5,False,FAMILY_Q
1186,True,1,1,0.13590831492920608,0.21848114450749676,0.9940139871583404,0.006003982800732698,1.0,True,,False,False,gcd_k_not_2,0.0,False,1.0,True,FAMILY_F
1187,True,4,2,8.753738983269331,13.026018424762736,0.25538201743862826,1.1862811036287189,0.45,False,1.0,True,True,,0.1,False,0.5,False,FAMILY_Q
1190,True,8,2,8.752156550218507,13.023701547166901,0.2752855849935456,1.1365523511506204,0.4,False,1.0,True,True,,0.0,False,0.5,False,FAMILY_Q
1193,True,3,1,0.20226547585754545,0.2958184107344016,1.0086481198421053,0.00861088585569209,1.0,True,,False,False,gcd_k_not_2,0.0,False,1.0,True,FAMILY_F
1197,True,7,1,0.19766446832323376,0.3516874780712846,0.970965055663602,0.02946266779612918,1.0,True,,False,False,gcd_k_not_2,0.0,False,1.0,True,FAMILY_F
1198,True,4,2,9.13741518047239,13.586916060803578,0.2771980766759046,1.1318556401295143,0.6,False,1.0,True,True,,0.0,False,0.5,False,FAMILY_Q
1199,True,1,1,0.11975423211085628,0.21006908290525916,1.0487468202707644,0.04758696368770641,1.0,True,,False,False,gcd_k_not_2,0.0,False,1.0,True,FAMILY_F
1202,True,8,2,8.776832669808286,13.059815633850686,0.27108557887580426,1.1469163575419918,0.5,False,1.0,True,True,,0.0,False,0.5,False,FAMILY_Q
1203,True,1,1,0.13220483454202617,0.21660618303391002,1.0540913052394074,0.05266689470077179,1.0,True,,False,False,gcd_k_not_2,0.0,False,1.0,True,FAMILY_F
1204,True,3,1,0.10107014995854015,0.16391146998106806,1.0189127943606708,0.018735622869396864,1.0,True,,False,False,gcd_k_not_2,1.0,True,1.0,True,FAMILY_F
1205,True,3,1,0.14843022273936046,0.23825986681129627,0.9965786385530527,0.003427224333549662,1.0,True,,False,False,gcd_k_not_2,0.0,False,1.0,True,FAMILY_F
1206,True,6,2,8.822874666455398,13.127184475727901,0.2771256259827759,1.132033308721617,0.5,False,1.0,True,True,,0.0,False,0.5,False,FAMILY_Q
1208,True,9,1,0.09055488829807704,0.1644457946333917,0.9687679643403259,0.03172749275218837,1.0,True,,False,False,gcd_k_not_2,0.0,False,1.0,True,FAMILY_F
1209,True,4,2,8.770915594052939,13.051155562776605,0.2664541170091724,1.158424727969067,0.49,False,1.0,True,True,,0.25,False,0.5,False,FAMILY_Q
1210,True,7,1,0.1452770742939574,0.23701658362864056,1.0013782686438029,0.0013773194856730347,1.0,True,,False,False,gcd_k_not_2,0.5,False,1.0,True,FAMILY_F
1212,True,7,1,0.15843256101030342,0.2716919736946855,1.067885964902177,0.06565735834024912,1.0,True,,False,False,gcd_k_not_2,0.9,False,1.0,True,FAMILY_F
1215,True,1,1,0.15144594531279598,0.28636755696748967,1.0364541606977373,0.03580160202108094,1.0,True,,False,False,gcd_k_not_2,0.0,False,1.0,True,FAMILY_F
1216,True,9,1,0.23107030429729694,0.43141323337891424,0.9725249859724551,0.02785770950728897,1.0,True,,False,False,gcd_k_not_2,0.0,False,1.0,True,FAMILY_F
1217,True,3,1,0.2569967679351164,0.4110613926433061,0.9974260783691696,0.002577238435709139,1.0,True,,False,False,gcd_k_not_2,0.0,False,1.0,True,FAMILY_F
1220,True,9,1,0.16465477692029282,0.24016145245033604,1.0099064209323336,0.009857594193602657,1.0,True,,False,False,gcd_k_not_2,0.0,False,1.0,True,FAMILY_F
1221,True,1,1,0.12092071939171965,0.21601475240851928,1.016038154815436,0.01591056674907459,1.0,True,,False,False,gcd_k_not_2,1.0,True,1.0,True,FAMILY_F
1222,True,4,2,9.104153578641741,13.538342547130066,0.24410004247002093,1.2151755192118225,0.41,False,1.0,True,True,,0.0,False,0.5,False,FAMILY_Q
1223,True,1,1,0.15539899316401803,0.2739398200807512,0.9994313374684952,0.0005688242660283604,1.0,True,,False,False,gcd_k_not_2,0.0,False,1.0,True,FAMILY_F
1226,True,1,1,0.150661794518849,0.22394557121462935,0.9870269729980143,0.013057726118747127,1.0,True,,False,False,gcd_k_not_2,0.0,False,1.0,True,FAMILY_F
1231,True,3,1,0.17186089347031766,0.2797960821370667,0.9840265123174808,0.016102090958311825,1.0,True,,False,False,gcd_k_not_2,0.04,False,1.0,True,FAMILY_F
1232,True,1,1,0.21601051923826678,0.34924258916294604,0.9810920056199339,0.019088456595078063,1.0,True,,False,False,gcd_k_not_2,0.5,False,1.0,True,FAMILY_F
1233,True,6,2,8.858532943273007,13.179345044956793,0.2717744464539057,1.1452118032039547,0.58,False,1.0,True,True,,0.0,False,0.5,False,FAMILY_Q
1234,True,1,1,0.17155794797313406,0.27415672695015586,0.9544770610422441,0.04658324199873741,1.0,True,,False,False,gcd_k_not_2,0.0,False,1.0,True,FAMILY_F
1235,True,9,1,0.13037788585997256,0.23174638664681685,0.9706353557303441,0.02980220991597201,1.0,True,,False,False,gcd_k_not_2,0.0,False,1.0,True,FAMILY_F
1242,True,1,1,0.1871949950371357,0.32703548337495425,0.9839898387882217,0.016139358074088728,1.0,True,,False,False,gcd_k_not_2,1.0,True,1.0,True,FAMILY_F
1243,True,7,1,0.13408147287524988,0.2296012812600744,0.9750669553030188,0.025247796921553906,1.0,True,,False,False,gcd_k_not_2,0.0,False,1.0,True,FAMILY_F
1244,True,7,1,0.1230780436618913,0.19280315890405614,0.9034164285278264,0.10148443611666724,1.0,True,,False,False,gcd_k_not_2,0.7,False,1.0,True,FAMILY_F
1245,True,1,1,0.1746423169460357,0.32365097194921133,1.0955658906017132,0.09120771723791782,1.0,True,,False,False,gcd_k_not_2,0.0,False,1.0,True,FAMILY_F
1246,True,3,1,0.29045271967857667,0.45832543196138753,0.987040654615471,0.01304386536272146,1.0,True,,False,False,gcd_k_not_2,0.0,False,1.0,True,FAMILY_F
1247,True,1,1,0.15934234245377554,0.24042228277417205,0.9907550151558275,0.009287918175555951,1.0,True,,False,False,gcd_k_not_2,0.0,False,1.0,True,FAMILY_F
1248,True,7,1,0.18932630280202714,0.36861776949293285,0.9933418645549694,0.0066803748653691646,1.0,True,,False,False,gcd_k_not_2,0.0,False,1.0,True,FAMILY_F
1249,True,3,1,0.14129253015696458,0.23346776222247106,0.9985660762986872,0.0014349525075182303,1.0,True,,False,False,gcd_k_not_2,0.0,False,1.0,True,FAMILY_F
1251,True,8,2,8.811887825903181,13.111112022691419,0.27377339748649243,1.1402759767892057,0.51,False,1.0,True,True,,0.5,False,0.5,False,FAMILY_Q
1253,True,7,1,0.33604995832104795,0.5217257583364378,1.011430671383547,0.01136571252111275,1.0,True,,False,False,gcd_k_not_2,0.0,False,1.0,True,FAMILY_F
1256,True,6,2,8.64320496083603,12.864188406446832,0.2598107130719343,1.175080159658559,0.48,False,1.0,True,True,,0.25,False,0.5,False,FAMILY_Q
1257,True,9,1,0.15765207525883138,0.19392416970270265,0.9809673150330896,0.019215546690221283,1.0,True,,False,False,gcd_k_not_2,0.0,False,1.0,True,FAMILY_F
1259,True,9,1,0.23295167176216144,0.3679614473315795,0.9787054560714447,0.021523712751905823,1.0,True,,False,False,gcd_k_not_2,0.0,False,1.0,True,FAMILY_F
1260,True,1,1,0.1533314905881332,0.24190231033315804,0.9687296231391569,0.031767060843004145,1.0,True,,False,False,gcd_k_not_2,0.82,False,1.0,True,FAMILY_F
1263,True,7,1,0.101912749465114,0.18839439071060227,1.0089031762580511,0.008863718633403751,1.0,True,,False,False,gcd_k_not_2,0.0,False,1.0,True,FAMILY_F
1264,True,4,2,8.818848736862513,13.121294352546862,0.2665276184443601,1.1582414325185315,0.47,False,1.0,True,True,,0.0,False,0.5,False,FAMILY_Q
1265,True,4,2,9.058444308136618,13.471574838313236,0.2736462812567467,1.1405893919409669,0.58,False,1.0,True,True,,0.25,False,0.5,False,FAMILY_Q
1266,True,9,1,0.1762813687939579,0.3380657888143215,0.9866792489946015,0.013410067087719087,1.0,True,,False,False,gcd_k_not_2,0.0,False,1.0,True,FAMILY_F
1267,True,2,2,8.825210903579178,13.130603827408695,0.27364891097728233,1.1405829075225793,0.44,False,1.0,True,True,,0.0,False,0.5,False,FAMILY_Q
1268,True,1,1,0.08893576094144826,0.14672900663217883,0.996347844207596,0.003658837113983596,1.0,True,,False,False,gcd_k_not_2,0.0,False,1.0,True,FAMILY_F
1269,True,9,1,0.3492673405718257,0.4725255787064542,0.9258751096267537,0.07697787878634782,1.0,True,,False,False,gcd_k_not_2,0.84,False,1.0,True,FAMILY_F
1271,True,7,1,0.16778392734482056,0.24681925153719209,1.0036353643220848,0.0036287683745437112,1.0,True,,False,False,gcd_k_not_2,1.0,True,1.0,True,FAMILY_F
1273,True,9,1,0.21483862460682868,0.3438205065035431,1.0052896546710994,0.005275701351949701,1.0,True,,False,False,gcd_k_not_2,0.0,False,1.0,True,FAMILY_F
1275,True,6,2,8.864459784378317,13.18801682093357,0.27728324399862253,1.1316468127129944,0.55,False,1.0,True,True,,0.0,False,0.5,False,FAMILY_Q
1276,True,9,1,0.11938099891928328,0.2347132686652097,1.0511809440052615,0.04990388015727415,1.0,True,,False,False,gcd_k_not_2,0.0,False,1.0,True,FAMILY_F
1277,True,7,1,0.15458877674585803,0.23929244765260327,0.9704270495280723,0.03001679303885979,1.0,True,,False,False,gcd_k_not_2,0.0,False,1.0,True,FAMILY_F
1278,True,7,1,0.18565872625042507,0.306197253852024,1.033061575048731,0.03252392889078003,1.0,True,,False,False,gcd_k_not_2,0.0,False,1.0,True,FAMILY_F
1281,True,3,1,0.1917730288550755,0.3728060355544958,0.9851676672739769,0.014943153639401015,1.0,True,,False,False,gcd_k_not_2,0.0,False,1.0,True,FAMILY_F
1284,True,1,1,0.13532796992798513,0.26068314389797503,0.9508827896567144,0.05035383017749472,1.0,True,,False,False,gcd_k_not_2,0.0,False,1.0,True,FAMILY_F
1286,True,9,1,0.1030081621687183,0.17865488269487742,0.9696459884753318,0.030821794070887566,1.0,True,,False,False,gcd_k_not_2,0.0,False,1.0,True,FAMILY_F
1289,True,9,1,0.1958073129827459,0.29170049263739856,0.9945524291216492,0.005462449418539278,1.0,True,,False,False,gcd_k_not_2,1.0,True,1.0,True,FAMILY_F
1290,True,6,2,8.969263883660862,13.341255771443528,0.2809994038419873,1.1225619528027544,0.5,False,1.0,True,True,,0.0,False,0.5,False,FAMILY_Q
1291,True,4,2,8.873606708464493,13.201393312333707,0.28346491925262035,1.1165635616509535,0.44,False,1.0,True,True,,0.5,False,0.5,False,FAMILY_Q
1292,True,2,2,9.037329785514444,13.440726780395725,0.2619062147835036,1.169807671235102,0.51,False,1.0,True,True,,0.0,False,0.5,False,FAMILY_Q
1295,True,9,1,0.18646890059866789,0.2882365999320943,1.0244405056116828,0.024145442203843043,1.0,True,,False,False,gcd_k_not_2,0.5,False,1.0,True,FAMILY_F
1296,True,6,2,8.887301603530943,13.221421881481353,0.27490454745366805,1.1374897893250837,0.53,False,1.0,True,True,,0.0,False,0.5,False,FAMILY_Q
1300,True,3,1,0.13493243398793925,0.24154100410060012,0.9936096948594035,0.00641078858823174,1.0,True,,False,False,gcd_k_not_2,0.0,False,1.0,True,FAMILY_F
1301,True,3,1,0.14999993145251442,0.21073413187352644,1.0005424141290018,0.0005422670623436804,1.0,True,,False,False,gcd_k_not_2,0.4,False,1.0,True,FAMILY_F
1302,True,7,1,0.16093911093444127,0.270989309637991,0.9979221501521885,0.002080010822897319,1.0,True,,False,False,gcd_k_not_2,1.0,True,1.0,True,FAMILY_F
1303,True,1,1,0.1927148027241888,0.3015715811991185,0.9888879494662056,0.011174134306336037,1.0,True,,False,False,gcd_k_not_2,0.0,False,1.0,True,FAMILY_F
1305,True,7,1,0.208653023396715,0.398170747275028,0.992916761024193,0.00710841427432909,1.0,True,,False,False,gcd_k_not_2,0.0,False,1.0,True,FAMILY_F
1309,True,4,2,8.547360658926346,12.723783423049255,0.27063293804913147,1.1480373916179183,0.54,False,1.0,True,True,,0.0,False,0.5,False,FAMILY_Q
1310,True,3,1,0.11965573062605048,0.18411009604225917,1.0020509661210555,0.0020488650446588504,1.0,True,,False,False,gcd_k_not_2,0.5,False,1.0,True,FAMILY_F
1311,True,1,1,0.17413429314746554,0.23583511489442963,1.0217320309534357,0.02149842869451602,1.0,True,,False,False,gcd_k_not_2,0.0,False,1.0,True,FAMILY_F
1314,True,6,2,8.839554284122032,13.151584276991727,0.27969285230754815,1.1257500522779207,0.52,False,1.0,True,True,,0.27,False,0.5,False,FAMILY_Q
1316,True,9,1,0.14131581943973404,0.23966152460199824,1.0067949022086742,0.006771895026438199,1.0,True,,False,False,gcd_k_not_2,0.0,False,1.0,True,FAMILY_F
1321,True,3,1,0.15854066569836053,0.22039231063509818,1.1423351115250346,0.1328784752295009,1.0,True,,False,False,gcd_k_not_2,0.0,False,1.0,True,FAMILY_F
1322,True,3,1,0.18593660339718243,0.330989640254037,0.9537170926982922,0.04737933396261198,1.0,True,,False,False,gcd_k_not_2,0.09,False,1.0,True,FAMILY_F
1323,True,3,1,0.3114820620889555,0.5061993210395609,1.0116239919921528,0.011556823778624012,1.0,True,,False,False,gcd_k_not_2,0.0,False,1.0,True,FAMILY_F
1325,True,8,2,8.898000202671652,13.2370661593321,0.2648955493187571,1.1623164475156116,0.51,False,1.0,True,True,,0.25,False,0.5,False,FAMILY_Q
1327,True,9,1,0.090179421767427,0.18614836714344718,1.0211466842498935,0.02092543249303216,1.0,True,,False,False,gcd_k_not_2,0.0,False,1.0,True,FAMILY_F
1329,True,7,1,0.179082148055058,0.29400044955355426,0.9824374731509617,0.017718114277898222,1.0,True,,False,False,gcd_k_not_2,0.0,False,1.0,True,FAMILY_F
1333,True,1,1,0.1352579281719984,0.2559840107033395,1.034079472264104,0.03350849632848471,1.0,True,,False,False,gcd_k_not_2,0.0,False,1.0,True,FAMILY_F
1334,True,7,1,0.16597916592990217,0.2627355889955159,0.9882127506071604,0.011857130872176538,1.0,True,,False,False,gcd_k_not_2,0.0,False,1.0,True,FAMILY_F
1335,True,6,2,8.727893240067537,12.988186964675014,0.2648255394588806,1.162491486147003,0.48,False,1.0,True,True,,0.0,False,0.5,False,FAMILY_Q
1337,True,9,1,0.15738226175646627,0.23410240869398388,0.9755997139813084,0.024701649677321698,1.0,True,,False,False,gcd_k_not_2,0.0,False,1.0,True,FAMILY_F
1338,True,2,2,8.867377309647928,13.192281338270357,0.2630710065299314,1.1668845055586436,0.56,False,1.0,True,True,,0.0,False,0.5,False,FAMILY_Q
1339,True,7,1,0.17157059644911568,0.31187605774122346,0.9899660807546805,0.010084512839047143,1.0,True,,False,False,gcd_k_not_2,0.0,False,1.0,True,FAMILY_F
1341,True,2,2,9.0216973793688,13.41788484432567,0.26792918479391054,1.1547503188438406,0.55,False,1.0,True,True,,0.0,False,0.5,False,FAMILY_Q
1343,True,2,2,8.836380664299963,13.146941141222625,0.26336945368921316,1.1661363889394731,0.6,False,1.0,True,True,,0.0,False,0.5,False,FAMILY_Q
1344,True,1,1,0.3512939208398814,0.7078788840321597,0.9533680137095889,0.04774521335777744,1.0,True,,False,False,gcd_k_not_2,0.0,False,1.0,True,FAMILY_F
1345,True,3,1,0.12701324768670355,0.17814123582894045,1.0045066954018775,0.004496563081794998,1.0,True,,False,False,gcd_k_not_2,1.0,True,1.0,True,FAMILY_F
1347,True,9,1,0.09343664343749987,0.14269210828517861,0.9917913539502721,0.00824247583307148,1.0,True,,False,False,gcd_k_not_2,0.0,False,1.0,True,FAMILY_F
1348,True,7,1,0.16350446568834828,0.3008238764630668,0.9829436742748111,0.01720303601808219,1.0,True,,False,False,gcd_k_not_2,0.0,False,1.0,True,FAMILY_F
1349,True,1,1,0.10451252070555976,0.1693644679929275,1.029478735158131,0.029050548446208836,1.0,True,,False,False,gcd_k_not_2,0.0,False,1.0,True,FAMILY_F
1350,True,1,1,0.14435111850665328,0.24644849714986417,1.0471267455412592,0.04604184439864661,1.0,True,,False,False,gcd_k_not_2,0.1,False,1.0,True,FAMILY_F
1351,True,7,1,0.16146344639241572,0.2518783261314504,0.963145751817698,0.03754611510447269,1.0,True,,False,False,gcd_k_not_2,1.0,True,1.0,True,FAMILY_F
1352,True,7,1,0.1431847299741481,0.2614879856412561,0.9752228715660569,0.025087931889223716,1.0,True,,False,False,gcd_k_not_2,0.0,False,1.0,True,FAMILY_F
1353,True,7,1,0.12765374067891433,0.20955843156679005,1.0046116351138559,0.004601025987354403,1.0,True,,False,False,gcd_k_not_2,0.0,False,1.0,True,FAMILY_F
1354,True,7,1,0.10148510586843439,0.15908759067735923,1.0198230791638023,0.019628530209694378,1.0,True,,False,False,gcd_k_not_2,0.0,False,1.0,True,FAMILY_F
1356,True,9,1,0.13944841768222774,0.23061952062940635,1.0582400993972765,0.05659213365275618,1.0,True,,False,False,gcd_k_not_2,0.0,False,1.0,True,FAMILY_F
1358,True,7,1,0.12918308282312685,0.212170245490981,1.012299529562027,0.012224352668515388,1.0,True,,False,False,gcd_k_not_2,0.0,False,1.0,True,FAMILY_F
1362,True,7,1,0.19434713862991146,0.30053096783648003,0.9933615482398215,0.006660559662185121,1.0,True,,False,False,gcd_k_not_2,1.0,True,1.0,True,FAMILY_F
1363,True,3,1,0.1624479748119817,0.2579521064139655,0.9951952857191011,0.004816284716878921,1.0,True,,False,False,gcd_k_not_2,0.0,False,1.0,True,FAMILY_F
1365,True,7,1,0.12842242902078493,0.19856833409209068,0.9529680299402723,0.04816460826669659,1.0,True,,False,False,gcd_k_not_2,0.0,False,1.0,True,FAMILY_F
1366,True,3,1,0.1383172715894451,0.25934188110475354,0.9963630618861775,0.0036435638218894964,1.0,True,,False,False,gcd_k_not_2,0.0,False,1.0,True,FAMILY_F
1370,True,1,1,0.11059802009785888,0.20593137514969434,0.9250859036765922,0.07782935419176307,1.0,True,,False,False,gcd_k_not_2,0.0,False,1.0,True,FAMILY_F
1372,True,3,1,0.19841967124083992,0.37722136784428234,1.0266876748807412,0.026336248265102415,1.0,True,,False,False,gcd_k_not_2,0.0,False,1.0,True,FAMILY_F
1373,True,3,1,0.11121019535547527,0.20656650035086896,0.9892373455061062,0.010820885218355454,1.0,True,,False,False,gcd_k_not_2,0.0,False,1.0,True,FAMILY_F
1375,True,7,1,0.2904768001693959,0.48349139827658427,0.9855082763077724,0.014597495125204201,1.0,True,,False,False,gcd_k_not_2,0.0,False,1.0,True,FAMILY_F
1376,True,1,1,0.07789550061527806,0.1390669957873625,1.0069049642481402,0.006881207003967063,1.0,True,,False,False,gcd_k_not_2,0.0,False,1.0,True,FAMILY_F
1377,True,4,2,8.930674918455914,13.284843384771722,0.27465974757672595,1.138092347863387,0.48,False,1.0,True,True,,0.0,False,0.5,False,FAMILY_Q
1378,True,2,2,8.694655226628264,12.93953010044847,0.26781954083994247,1.1550231489175204,0.49,False,1.0,True,True,,0.0,False,0.5,False,FAMILY_Q
1379,True,1,1,0.13103006471554848,0.20363188146145,1.043728114976355,0.04279249735414143,1.0,True,,False,False,gcd_k_not_2,0.3,False,1.0,True,FAMILY_F
1381,True,1,1,0.15359874210217286,0.23611218426564237,0.9808736114708114,0.019311063985538265,1.0,True,,False,False,gcd_k_not_2,0.6,False,1.0,True,FAMILY_F
1382,True,1,1,0.1649053193293256,0.31353715512656155,0.9685602531289591,0.031941869009158824,1.0,True,,False,False,gcd_k_not_2,0.0,False,1.0,True,FAMILY_F
1386,True,7,1,0.14159374974908165,0.20912175881612996,1.2593403626474027,0.22957175194579205,1.0,True,,False,False,gcd_k_not_2,0.5,False,1.0,True,FAMILY_F
1390,True,1,1,0.16089847521291187,0.24763752105150338,0.9853655237207082,0.01474234956177325,1.0,True,,False,False,gcd_k_not_2,0.6,False,1.0,True,FAMILY_F
1391,True,9,1,0.191527339696083,0.2904624524835169,0.9576776215809926,0.04323733177766879,1.0,True,,False,False,gcd_k_not_2,0.0,False,1.0,True,FAMILY_F
1392,True,3,1,0.14152899517628503,0.20303088778843312,1.0300648476616685,0.029619593380279072,1.0,True,,False,False,gcd_k_not_2,1.0,True,1.0,True,FAMILY_F
1394,True,8,2,8.82711588271065,13.133388829168235,0.2661445023085528,1.1591970685074466,0.55,False,1.0,True,True,,0.0,False,0.5,False,FAMILY_Q
1395,True,2,2,8.782398945109732,13.067961370296246,0.2740735966110822,1.1395360602712667,0.48,False,1.0,True,True,,0.0,False,0.5,False,FAMILY_Q
1396,True,1,1,0.08063119555697239,0.1278750390723847,0.9721841470099345,0.028208170147029813,1.0,True,,False,False,gcd_k_not_2,0.0,False,1.0,True,FAMILY_F
1398,True,2,2,8.705324045726776,12.95514898581158,0.25465797337227725,1.1881198580747676,0.5,False,1.0,True,True,,0.25,False,0.5,False,FAMILY_Q
1399,True,8,2,8.521753412975798,12.686257379309266,0.268440663255527,1.1534782161065118,0.51,False,1.0,True,True,,0.0,False,0.5,False,FAMILY_Q
1403,True,7,1,0.14477187422521987,0.20235007832945864,1.043467983178658,0.04254334644484379,1.0,True,,False,False,gcd_k_not_2,0.0,False,1.0,True,FAMILY_F
1404,True,2,2,9.008750740903865,13.39896690764942,0.2766700932265741,1.1331508595855462,0.47,False,1.0,True,True,,0.0,False,0.5,False,FAMILY_Q
1405,True,3,1,0.18598339831696153,0.3141992512575632,0.960491140993079,0.04030506252316754,1.0,True,,False,False,gcd_k_not_2,0.0,False,1.0,True,FAMILY_F
1408,True,1,1,0.13676322768922744,0.24512021335560885,1.0433059814530135,0.042388151207992913,1.0,True,,False,False,gcd_k_not_2,0.0,False,1.0,True,FAMILY_F
1409,True,7,1,0.2202242201783855,0.3497649050889912,0.9800699083686059,0.0201306949286601,1.0,True,,False,False,gcd_k_not_2,0.5,False,1.0,True,FAMILY_F
1411,True,7,1,0.11574682746162265,0.19764854560325737,0.953098313976629,0.048027982705976774,1.0,True,,False,False,gcd_k_not_2,0.0,False,1.0,True,FAMILY_F
1412,True,1,1,0.09244337644581006,0.15485793340186055,1.0212469523865897,0.021023608581328894,1.0,True,,False,False,gcd_k_not_2,0.0,False,1.0,True,FAMILY_F
1413,True,8,2,8.805617440871174,13.101935449912434,0.27754790376081423,1.1309980535562683,0.54,False,1.0,True,True,,0.0,False,0.5,False,FAMILY_Q
1414,True,9,1,0.13912123461570186,0.22357630278037566,1.0585843968754876,0.05691716789887916,1.0,True,,False,False,gcd_k_not_2,0.0,False,1.0,True,FAMILY_F
1415,True,3,1,0.14338579038638538,0.2203537453795016,0.9682008758049598,0.03231288491530098,1.0,True,,False,False,gcd_k_not_2,0.0,False,1.0,True,FAMILY_F
1417,True,3,1,0.18281944680714524,0.3596936436557998,0.942874655828508,0.0588049712832676,1.0,True,,False,False,gcd_k_not_2,0.0,False,1.0,True,FAMILY_F
1419,True,3,1,0.15273118206087877,0.2970593585408112,0.9909287644772047,0.009112566641908295,1.0,True,,False,False,gcd_k_not_2,0.0,False,1.0,True,FAMILY_F
1421,True,6,2,8.778377527874538,13.062074429974256,4.28354499938021,1.2429325385760464,0.65,False,1.0,True,True,,0.0,False,0.5,False,FAMILY_Q
1424,True,8,2,9.024350298166379,13.421762093140808,0.2610175917601303,1.17204139429712,0.59,False,1.0,True,True,,0.05,False,0.5,False,FAMILY_Q
1425,True,7,1,0.15635686792737266,0.22136583033059173,0.9917461776681714,0.008288026280027054,1.0,True,,False,False,gcd_k_not_2,1.0,True,1.0,True,FAMILY_F
1427,True,4,2,8.866288985836029,13.190691789242544,0.2742312964441168,1.1391475089039502,0.49,False,1.0,True,True,,0.0,False,0.5,False,FAMILY_Q
1430,True,8,2,8.888384241782093,13.22300439828486,0.276488833122447,1.1335957637917702,0.52,False,1.0,True,True,,0.0,False,0.5,False,FAMILY_Q
1431,True,9,1,0.14991044863673325,0.2829815064776689,1.0078738073851086,0.00784293052297225,1.0,True,,False,False,gcd_k_not_2,0.0,False,1.0,True,FAMILY_F
1432,True,1,1,0.09678396424310753,0.17966675277274277,0.9822969284779957,0.0178611703097343,1.0,True,,False,False,gcd_k_not_2,0.0,False,1.0,True,FAMILY_F
1435,True,4,2,8.985562434244045,13.365077655715357,0.2698705240483578,1.1499274329543192,0.57,False,1.0,True,True,,0.5,False,0.5,False,FAMILY_Q
1439,True,7,1,0.19087923094239329,0.2973042930108051,1.0152741610391176,0.015158395154773406,1.0,True,,False,False,gcd_k_not_2,0.0,False,1.0,True,FAMILY_F
1440,True,9,1,0.13164871696084895,0.21375211613136616,0.9610155796255683,0.03975941933299206,1.0,True,,False,False,gcd_k_not_2,0.98,False,1.0,True,FAMILY_F
1441,True,1,1,0.25368022443243426,0.43451980525161804,1.0144573796738412,0.014353621793856835,1.0,True,,False,False,gcd_k_not_2,0.0,False,1.0,True,FAMILY_F
1444,True,9,1,0.18561454454846832,0.2726350022059104,0.9655640352181778,0.03503927032120306,1.0,True,,False,False,gcd_k_not_2,0.0,False,1.0,True,FAMILY_F
1448,True,3,1,0.11876042819224283,0.21104964135320067,0.9701246124258234,0.030328424289254398,1.0,True,,False,False,gcd_k_not_2,0.0,False,1.0,True,FAMILY_F
1450,True,9,1,0.16080279365853473,0.24283121950393152,1.0186362339846011,0.018464182571235263,1.0,True,,False,False,gcd_k_not_2,0.0,False,1.0,True,FAMILY_F
1451,True,8,2,8.885114005226647,13.218220402963437,0.2557653194126801,1.18530854305707,0.52,False,1.0,True,True,,0.0,False,0.5,False,FAMILY_Q
1452,True,3,1,0.19350842084178618,0.28706640394566296,0.9856253398183076,0.01447872354711971,1.0,True,,False,False,gcd_k_not_2,0.0,False,1.0,True,FAMILY_F
1453,True,4,2,8.928464522469243,13.281610679104134,0.274319982016815,1.1389290417225986,0.49,False,1.0,True,True,,0.0,False,0.5,False,FAMILY_Q
1454,True,9,1,0.1349152442378974,0.2391754683322261,1.007920712677971,0.007889467575048839,1.0,True,,False,False,gcd_k_not_2,0.0,False,1.0,True,FAMILY_F
1455,True,3,1,0.13162090801700765,0.23245776293237405,0.9766980602523748,0.023576630357648107,1.0,True,,False,False,gcd_k_not_2,0.0,False,1.0,True,FAMILY_F
1456,True,4,2,8.614987084485714,12.822857624433166,0.25541352299772874,1.1862011414761833,0.56,False,1.0,True,True,,0.0,False,0.5,False,FAMILY_Q
1457,True,6,2,8.713013158198336,12.966405067543606,0.25976679253103774,1.17519085573249,0.5,False,1.0,True,True,,0.0,False,0.5,False,FAMILY_Q
1459,True,9,1,0.1558752100351818,0.32812306379033035,0.9467946961704841,0.054659388516082826,1.0,True,,False,False,gcd_k_not_2,0.0,False,1.0,True,FAMILY_F
1461,True,3,1,0.17409760623303785,0.31830744314671094,1.0441573975212237,0.04320352001736237,1.0,True,,False,False,gcd_k_not_2,0.0,False,1.0,True,FAMILY_F
1462,True,2,2,8.873422701578667,13.201122379116358,0.2653924051457385,1.1610747652142812,0.5,False,1.0,True,True,,0.0,False,0.5,False,FAMILY_Q
1464,True,1,1,0.1760590462854913,0.28381414172663555,0.9877485439538841,0.012326967697580285,1.0,True,,False,False,gcd_k_not_2,0.0,False,1.0,True,FAMILY_F
1467,True,1,1,0.11422894896103619,0.1728437046570246,1.030956761201454,0.030484904250882267,1.0,True,,False,False,gcd_k_not_2,0.0,False,1.0,True,FAMILY_F
1468,True,1,1,0.12978499402206448,0.21490081835497923,1.0252562256732076,0.024941264569930927,1.0,True,,False,False,gcd_k_not_2,0.0,False,1.0,True,FAMILY_F
1469,True,1,1,0.07536546627254892,0.14508475659142828,0.9953598616759833,0.004650928800501447,1.0,True,,False,False,gcd_k_not_2,1.0,True,1.0,True,FAMILY_F
1471,True,1,1,0.16619144769974376,0.2301924429062628,0.9995360594154667,0.0004640482299367702,1.0,True,,False,False,gcd_k_not_2,0.6,False,1.0,True,FAMILY_F
1476,True,1,1,0.17665171849157355,0.3056889485901827,0.9994390584698414,0.0005610989019969406,1.0,True,,False,False,gcd_k_not_2,0.4,False,1.0,True,FAMILY_F
1477,True,3,1,0.1810625776886141,0.3429012061294771,1.0356257810276928,0.03500228908449657,1.0,True,,False,False,gcd_k_not_2,0.0,False,1.0,True,FAMILY_F
1478,True,9,1,0.181599792169167,0.33069135314397746,0.9551277328608455,0.04590213353834945,1.0,True,,False,False,gcd_k_not_2,0.0,False,1.0,True,FAMILY_F
1479,True,1,1,0.15635444294529063,0.2564863289415734,0.9527630608575479,0.048379591041330106,1.0,True,,False,False,gcd_k_not_2,0.0,False,1.0,True,FAMILY_F
1480,True,1,1,0.24993534450807034,0.4480388303070002,0.9731540923171766,0.027211161852338513,1.0,True,,False,False,gcd_k_not_2,0.3,False,1.0,True,FAMILY_F
1482,True,3,1,0.15211251493004127,0.28697196480541176,0.9895710850002204,0.010483581188332805,1.0,True,,False,False,gcd_k_not_2,0.0,False,1.0,True,FAMILY_F
1484,True,4,2,8.936175145914019,13.292883644647386,0.2729914094653288,1.1422050221690394,0.43,False,1.0,True,True,,0.0,False,0.5,False,FAMILY_Q
1487,True,3,1,0.14090759902479236,0.2442801207713378,0.9817204148640627,0.018448197837424223,1.0,True,,False,False,gcd_k_not_2,0.0,False,1.0,True,FAMILY_F
1488,True,6,2,8.916841157001357,13.264616085489354,0.25394652317774524,1.1899286979664963,0.57,False,1.0,True,True,,0.0,False,0.5,False,FAMILY_Q
1489,True,9,1,0.09734343176420762,0.18444542150071247,1.011279156504289,0.011215903538614486,1.0,True,,False,False,gcd_k_not_2,0.0,False,1.0,True,FAMILY_F
1490,True,3,1,0.14497478843382092,0.25222544690175497,0.9679213504557193,0.032601556497013656,1.0,True,,False,False,gcd_k_not_2,0.0,False,1.0,True,FAMILY_F
1491,True,7,1,0.19299062264994096,0.29366804461169577,0.9948357682131831,0.005177600952526133,1.0,True,,False,False,gcd_k_not_2,0.43,False,1.0,True,FAMILY_F
1494,True,7,1,0.09783876883710513,0.16300177586454034,0.9760517440869932,0.02423849070214674,1.0,True,,False,False,gcd_k_not_2,0.0,False,1.0,True,FAMILY_F
1495,True,8,2,9.088061621699515,13.514836915489672,4.0761172239983665,1.2119961333656375,0.49,False,1.0,True,True,,0.0,False,0.5,False,FAMILY_Q
1496,True,3,1,0.15487036681974622,0.27406647578354354,0.9906648630297354,0.00937891369223925,1.0,True,,False,False,gcd_k_not_2,0.0,False,1.0,True,FAMILY_F
1497,True,7,1,0.12240030973725022,0.22021976891243422,1.0030018205887414,0.002997321877479942,1.0,True,,False,False,gcd_k_not_2,0.0,False,1.0,True,FAMILY_F
1500,True,7,1,0.15701921915623143,0.26236410085923717,0.9873283270790114,0.012752470488470837,1.0,True,,False,False,gcd_k_not_2,0.0,False,1.0,True,FAMILY_F
1502,True,3,1,0.1810891867482624,0.2801973256950131,0.9802315020500022,0.019965845336298048,1.0,True,,False,False,gcd_k_not_2,0.0,False,1.0,True,FAMILY_F
1503,True,3,1,0.13645990378097783,0.23909366547426436,1.0178723615298724,0.017714065439027402,1.0,True,,False,False,gcd_k_not_2,0.28,False,1.0,True,FAMILY_F
1504,True,9,1,0.16959462872113035,0.3248791558070757,1.003337297046804,0.0033317375478643073,1.0,True,,False,False,gcd_k_not_2,0.0,False,1.0,True,FAMILY_F
1506,True,9,1,0.17953987553836462,0.25867270470869863,1.0254690594960512,0.025148801337294236,1.0,True,,False,False,gcd_k_not_2,0.0,False,1.0,True,FAMILY_F
1508,True,9,1,0.11448089176180001,0.21575414175427704,1.0626053506620572,0.06070511806047836,1.0,True,,False,False,gcd_k_not_2,0.0,False,1.0,True,FAMILY_F
1510,True,9,1,0.11948080826542778,0.19434312782660954,1.0547005752318295,0.05324432755917024,1.0,True,,False,False,gcd_k_not_2,0.8,False,1.0,True,FAMILY_F
1513,True,1,1,0.16339513709266426,0.2203988967015101,1.0583720314968337,0.05671669708258316,1.0,True,,False,False,gcd_k_not_2,0.0,False,1.0,True,FAMILY_F
1515,True,1,1,0.12585318944866355,0.2482187001541107,0.9713652652449624,0.0290506637809503,1.0,True,,False,False,gcd_k_not_2,0.0,False,1.0,True,FAMILY_F
1516,True,3,1,0.1130311507510984,0.2056442069016163,0.9957775749106521,0.004231358386253958,1.0,True,,False,False,gcd_k_not_2,0.0,False,1.0,True,FAMILY_F
1517,True,1,1,0.167071998254707,0.3262504532310928,1.0014190025147947,0.0014179964445343754,1.0,True,,False,False,gcd_k_not_2,0.0,False,1.0,True,FAMILY_F
1518,True,3,1,0.15371074050724676,0.29214208749916487,1.0089567747417703,0.008916841670644346,1.0,True,,False,False,gcd_k_not_2,0.0,False,1.0,True,FAMILY_F
1519,True,3,1,0.19884564257723936,0.2923638843625392,1.026933041491404,0.026575166460937168,1.0,True,,False,False,gcd_k_not_2,0.0,False,1.0,True,FAMILY_F
1520,True,1,1,0.14499715933182014,0.25297793552617615,0.9876411281754259,0.01243571754416153,1.0,True,,False,False,gcd_k_not_2,0.0,False,1.0,True,FAMILY_F
1522,True,1,1,0.1470119146054728,0.2463822381691366,0.9890029934851047,0.011057807907696072,1.0,True,,False,False,gcd_k_not_2,0.3,False,1.0,True,FAMILY_F
1524,True,9,1,0.11218254307688093,0.19996269084681556,0.94472541386798,0.05684564590749197,1.0,True,,False,False,gcd_k_not_2,0.0,False,1.0,True,FAMILY_F
1525,True,4,2,8.770618524788743,13.050722927615519,0.27506956781163944,1.1370837332939177,0.47,False,1.0,True,True,,0.25,False,0.5,False,FAMILY_Q
1526,True,3,1,0.15062738395248226,0.2685298357503841,1.0462812259862442,0.04523447256272214,1.0,True,,False,False,gcd_k_not_2,0.2,False,1.0,True,FAMILY_F
1527,True,9,1,0.2108430705125639,0.3604266372962115,0.9567441412479032,0.04421207437423127,1.0,True,,False,False,gcd_k_not_2,0.0,False,1.0,True,FAMILY_F
1535,True,9,1,0.0880016859549074,0.14669453316887368,0.9922637577181421,0.007766283206113841,1.0,True,,False,False,gcd_k_not_2,0.8,False,1.0,True,FAMILY_F
1536,True,1,1,0.09692112884661323,0.1704972120088885,0.9959807247247112,0.00402736882726475,1.0,True,,False,False,gcd_k_not_2,0.0,False,1.0,True,FAMILY_F
1537,True,8,2,8.898382936374812,13.23762648415299,0.27330213467599984,1.141438226692227,0.51,False,1.0,True,True,,0.0,False,0.5,False,FAMILY_Q
1540,True,9,1,0.1427918000531789,0.24659066387648487,0.9850307139581285,0.015082170705583632,1.0,True,,False,False,gcd_k_not_2,0.0,False,1.0,True,FAMILY_F
1541,True,9,1,0.1693034251120983,0.24636508070895508,1.0181787945177605,0.018015048584537643,1.0,True,,False,False,gcd_k_not_2,0.0,False,1.0,True,FAMILY_F
1542,True,2,2,8.801828396909062,13.09639102478109,0.2707853404945706,1.1476598545300027,0.46,False,1.0,True,True,,0.0,False,0.5,False,FAMILY_Q
1546,True,3,1,0.17917080070294633,0.2760830034483719,1.0067453789024126,0.006722705305146256,1.0,True,,False,False,gcd_k_not_2,0.04,False,1.0,True,FAMILY_F
1547,True,2,2,8.941555276157821,13.30074971525378,0.2718751112373259,1.1449628699068228,0.44,False,1.0,True,True,,0.0,False,0.5,False,FAMILY_Q
1548,True,2,2,9.002412573206001,13.389703434952214,0.2719630717595173,1.1447453851523899,0.52,False,1.0,True,True,,0.0,False,0.5,False,FAMILY_Q
1552,True,9,1,0.1897623623331454,0.3047311501234906,1.0095615651406857,0.009516070874908831,1.0,True,,False,False,gcd_k_not_2,0.0,False,1.0,True,FAMILY_F
1553,True,7,1,0.17609803442012328,0.26902997973246473,1.0206169307501536,0.020406570326518606,1.0,True,,False,False,gcd_k_not_2,0.0,False,1.0,True,FAMILY_F
1557,True,1,1,0.14697540086374242,0.21097551019076402,0.9799538297355196,0.020249129008385224,1.0,True,,False,False,gcd_k_not_2,0.0,False,1.0,True,FAMILY_F
1558,True,4,2,8.724148668798769,12.982705867776472,0.2681187638897398,1.1542786952624822,0.59,False,1.0,True,True,,0.0,False,0.5,False,FAMILY_Q
1560,True,7,1,0.1560505969716504,0.2921197418190453,0.9435605641448226,0.05807839168625149,1.0,True,,False,False,gcd_k_not_2,0.0,False,1.0,True,FAMILY_F
1563,True,7,1,0.18403300291280042,0.3361946368404829,0.9603096547869052,0.040493954734319014,1.0,True,,False,False,gcd_k_not_2,0.0,False,1.0,True,FAMILY_F
1564,True,7,1,0.15442216897542194,0.22739333892756453,0.9791680438487544,0.021051225251934657,1.0,True,,False,False,gcd_k_not_2,0.0,False,1.0,True,FAMILY_F
1565,True,1,1,0.20780521749927497,0.41124848687363535,0.9839874641331265,0.016141771212117854,1.0,True,,False,False,gcd_k_not_2,0.0,False,1.0,True,FAMILY_F
1566,True,9,1,0.14685467793469334,0.2699894108220646,0.9562509108297079,0.044727482479981734,1.0,True,,False,False,gcd_k_not_2,0.0,False,1.0,True,FAMILY_F
1568,True,6,2,8.997896741024798,13.383105471616263,0.2686890644525471,1.1528607852595016,0.45,False,1.0,True,True,,0.0,False,0.5,False,FAMILY_Q
1572,True,1,1,0.1153216669814413,0.1970068208634895,0.9779490922916416,0.02229673937948557,1.0,True,,False,False,gcd_k_not_2,0.0,False,1.0,True,FAMILY_F
1576,True,3,1,0.15098271514275785,0.21101110939932197,1.0186496685708368,0.01847737015610088,1.0,True,,False,False,gcd_k_not_2,1.0,True,1.0,True,FAMILY_F
1577,True,7,1,0.12043358968237021,0.21169194874077552,0.9702203103703203,0.03022980676113555,1.0,True,,False,False,gcd_k_not_2,0.4,False,1.0,True,FAMILY_F
1578,True,7,1,0.13117443757083624,0.19313091357057902,0.983175775305228,0.016966952606288863,1.0,True,,False,False,gcd_k_not_2,0.0,False,1.0,True,FAMILY_F
1579,True,1,1,0.20958943719289788,0.4210343276810153,0.9434898852110852,0.05815323786239008,1.0,True,,False,False,gcd_k_not_2,0.0,False,1.0,True,FAMILY_F
1580,True,9,1,0.12897599187872746,0.2131113454033869,0.9803719033003765,0.0198226370177363,1.0,True,,False,False,gcd_k_not_2,0.0,False,1.0,True,FAMILY_F
1581,True,7,1,0.20788236097599758,0.3731318155354079,0.9496677724810251,0.05163159408941281,1.0,True,,False,False,gcd_k_not_2,0.0,False,1.0,True,FAMILY_F
1582,True,7,1,0.11832575945335981,0.21732655769465245,1.013999121431376,0.013901814834384513,1.0,True,,False,False,gcd_k_not_2,0.0,False,1.0,True,FAMILY_F
1587,True,9,1,0.21511839383716966,0.3382144096076977,1.0026556275569076,0.0026521060539472932,1.0,True,,False,False,gcd_k_not_2,0.2,False,1.0,True,FAMILY_F
1589,True,3,1,0.1383950739814343,0.2474274941795264,1.0094428023502016,0.009398428598373167,1.0,True,,False,False,gcd_k_not_2,0.0,False,1.0,True,FAMILY_F
1590,True,1,1,0.16592294731281476,0.2337710870527418,0.9988273930712634,0.0011732948355633623,1.0,True,,False,False,gcd_k_not_2,0.0,False,1.0,True,FAMILY_F
1591,True,6,2,8.790795521136134,13.080246426934584,0.267505316841456,1.155805302630012,0.57,False,1.0,True,True,,0.0,False,0.5,False,FAMILY_Q
1592,True,1,1,0.12255262502564325,0.21435369268449475,1.0206405835342196,0.020429742629555527,1.0,True,,False,False,gcd_k_not_2,0.0,False,1.0,True,FAMILY_F
1593,True,2,2,8.684752800970351,12.925028769581429,0.26607159060038565,1.159379003286184,0.47,False,1.0,True,True,,0.0,False,0.5,False,FAMILY_Q
1595,True,7,1,0.15567675659885724,0.23848170129823865,1.018491839027117,0.018322431302005823,1.0,True,,False,False,gcd_k_not_2,0.0,False,1.0,True,FAMILY_F
1601,True,9,1,0.1718082739992961,0.27017090959007656,0.9843745811753251,0.01574845694245905,1.0,True,,False,False,gcd_k_not_2,0.0,False,1.0,True,FAMILY_F
1602,True,8,2,8.844793914004537,13.159248584464494,0.27290660345305434,1.142414368146942,0.52,False,1.0,True,True,,0.25,False,0.5,False,FAMILY_Q
1604,True,3,1,0.25215909571061074,0.40455312831856105,0.9849205314957431,0.01519402743332369,1.0,True,,False,False,gcd_k_not_2,0.0,False,1.0,True,FAMILY_F
1606,True,3,1,0.21473178851530533,0.3743082724590677,1.0427012311320811,0.04180859195783192,1.0,True,,False,False,gcd_k_not_2,0.0,False,1.0,True,FAMILY_F
1607,True,9,1,0.10972537574406994,0.1666652597053614,0.9945498848109583,0.0054650076496415,1.0,True,,False,False,gcd_k_not_2,0.0,False,1.0,True,FAMILY_F
1611,True,4,2,8.865301119395053,13.189243983572133,0.25774208701822027,1.1803022585361367,0.5,False,1.0,True,True,,0.0,False,0.5,False,FAMILY_Q
1613,True,9,1,0.20634852070796073,0.3127362152780733,0.9993599592154203,0.0006402456762522046,1.0,True,,False,False,gcd_k_not_2,0.0,False,1.0,True,FAMILY_F
1614,True,7,1,0.10001649003437756,0.15983620998150078,0.9835481170865001,0.016588337607524185,1.0,True,,False,False,gcd_k_not_2,0.0,False,1.0,True,FAMILY_F
1617,True,7,1,0.09927981539198669,0.16249507496619714,1.0100917179346516,0.010041052201359936,1.0,True,,False,False,gcd_k_not_2,0.0,False,1.0,True,FAMILY_F
1618,True,3,1,0.15473515808020336,0.27701094015866945,0.9803399083196266,0.019855269893596712,1.0,True,,False,False,gcd_k_not_2,0.0,False,1.0,True,FAMILY_F
1620,True,7,1,0.13365084128380217,0.20006815072388565,0.9848285331565032,0.015287433236733386,1.0,True,,False,False,gcd_k_not_2,1.0,True,1.0,True,FAMILY_F
1621,True,9,1,0.12298653027491478,0.22021127113117306,0.9940416375597884,0.00597616652328609,1.0,True,,False,False,gcd_k_not_2,0.0,False,1.0,True,FAMILY_F
1626,True,9,1,0.14623367852435662,0.22044058783070303,1.008758940072519,0.00872074781875306,1.0,True,,False,False,gcd_k_not_2,0.0,False,1.0,True,FAMILY_F
1629,True,4,2,8.712511319335137,12.965671226130652,0.2756753555340395,1.1355940072429078,0.58,False,1.0,True,True,,0.0,False,0.5,False,FAMILY_Q
1631,True,3,1,0.16022124719499597,0.2563563017559828,1.0054665657228985,0.005451664780986372,1.0,True,,False,False,gcd_k_not_2,1.0,True,1.0,True,FAMILY_F
1633,True,4,2,8.871605120789527,13.198464836387334,0.2788586671402115,1.1277889439845723,0.5,False,1.0,True,True,,0.05,False,0.5,False,FAMILY_Q
1638,True,1,1,0.13156489716790598,0.2183560523470299,1.0018554330545109,0.0018537133340141274,1.0,True,,False,False,gcd_k_not_2,0.0,False,1.0,True,FAMILY_F
1643,True,6,2,8.881971344411461,13.21362574586248,0.2589881500477844,1.1771546061400033,0.51,False,1.0,True,True,,0.0,False,0.5,False,FAMILY_Q
1645,True,9,1,0.19807896683052015,0.3775473669135767,1.0074361419660343,0.007408596279183743,1.0,True,,False,False,gcd_k_not_2,0.0,False,1.0,True,FAMILY_F
1646,True,7,1,0.17495652755961272,0.2961577404049622,0.9975164803132942,0.0024866074559907842,1.0,True,,False,False,gcd_k_not_2,0.0,False,1.0,True,FAMILY_F
1647,True,4,2,9.11300818802484,13.551276082778877,0.2678195020459363,1.155023245458067,0.45,False,1.0,True,True,,0.25,False,0.5,False,FAMILY_Q
1654,True,3,1,0.15097276655081804,0.19872611918708072,1.0242568140398918,0.023966142904053123,1.0,True,,False,False,gcd_k_not_2,1.0,True,1.0,True,FAMILY_F
1657,True,6,2,8.98602217378247,13.36575027286254,0.26704523632531213,1.1569512163597333,0.5,False,1.0,True,True,,0.0,False,0.5,False,FAMILY_Q
1658,True,3,1,0.1858660734185741,0.3060406260606285,0.9392249922929493,0.062679686935336,1.0,True,,False,False,gcd_k_not_2,0.0,False,1.0,True,FAMILY_F
1660,True,3,1,0.23314696132703447,0.34522826044053306,0.9499116454756039,0.05137499910892533,1.0,True,,False,False,gcd_k_not_2,0.0,False,1.0,True,FAMILY_F
1663,True,4,2,9.009651564568818,13.400282520191691,0.2653060763375744,1.1612904377871882,0.53,False,1.0,True,True,,0.25,False,0.5,False,FAMILY_Q
1666,True,3,1,0.16645618581376537,0.2601338517719093,1.075475201710972,0.07273052614529167,1.0,True,,False,False,gcd_k_not_2,0.0,False,1.0,True,FAMILY_F
1668,True,7,1,0.14340549669102765,0.21491842198834282,1.0517999984845312,0.05049224926678134,1.0,True,,False,False,gcd_k_not_2,1.0,True,1.0,True,FAMILY_F
1669,True,6,2,8.774632671292764,13.056596165536252,0.27677905969992145,1.1328834614033467,0.53,False,1.0,True,True,,0.25,False,0.5,False,FAMILY_Q
1671,True,1,1,0.21743031478766173,0.3664377093422324,0.9843732939512184,0.015749764519019712,1.0,True,,False,False,gcd_k_not_2,0.0,False,1.0,True,FAMILY_F
1675,True,1,1,0.14591309144282458,0.23402402230693264,0.9753752579797373,0.0249317104897294,1.0,True,,False,False,gcd_k_not_2,0.0,False,1.0,True,FAMILY_F
1677,True,3,1,0.26074012018258175,0.41936738795565437,1.001152417210623,0.0011517535603102745,1.0,True,,False,False,gcd_k_not_2,0.0,False,1.0,True,FAMILY_F
1680,True,3,1,0.17459179846025913,0.2861850971901644,1.0144871024741018,0.014382919062931163,1.0,True,,False,False,gcd_k_not_2,0.0,False,1.0,True,FAMILY_F
1681,True,1,1,0.1381197997115168,0.20362947887274613,1.0377067486348905,0.03700900402881938,1.0,True,,False,False,gcd_k_not_2,0.0,False,1.0,True,FAMILY_F
1683,True,1,1,0.1835865663551629,0.30604671156178975,1.0176925421352845,0.01753740152754963,1.0,True,,False,False,gcd_k_not_2,0.0,False,1.0,True,FAMILY_F
1684,True,2,2,8.831305000168983,13.139516021895394,0.2578736354768604,1.179969662440376,0.5,False,1.0,True,True,,0.0,False,0.5,False,FAMILY_Q
1686,True,8,2,8.930495166238385,13.284580677414631,0.2680266091104125,1.1545079348186633,0.48,False,1.0,True,True,,0.25,False,0.5,False,FAMILY_Q
1687,True,3,1,0.1257063934723407,0.19824484304487433,1.026981457796881,0.026622303517474744,1.0,True,,False,False,gcd_k_not_2,0.0,False,1.0,True,FAMILY_F
1688,True,7,1,0.12711106059885893,0.18638418256620246,0.9906685508497368,0.009375191210289567,1.0,True,,False,False,gcd_k_not_2,1.0,True,1.0,True,FAMILY_F
1690,True,6,2,8.597759759117556,12.797623343607864,0.24336079965172736,1.2170871086819075,0.56,False,1.0,True,True,,0.0,False,0.5,False,FAMILY_Q
1693,True,7,1,0.19124057938923314,0.31924955146056794,1.0002389386003934,0.00023891005797601977,1.0,True,,False,False,gcd_k_not_2,0.0,False,1.0,True,FAMILY_F
1695,True,6,2,8.851803544873839,13.16950293722671,0.2670886596130645,1.1568430272444348,0.5,False,1.0,True,True,,0.0,False,0.5,False,FAMILY_Q
1696,True,9,1,0.16501321406535013,0.21128606911213885,0.9784713463314618,0.021762916818034564,1.0,True,,False,False,gcd_k_not_2,1.0,True,1.0,True,FAMILY_F
1697,True,8,2,8.804869967758831,13.100841291056565,0.26595827144873674,1.1596618073536358,0.49,False,1.0,True,True,,0.0,False,0.5,False,FAMILY_Q
1698,True,4,2,8.9242564394505,13.275459143889742,0.27053106003316707,1.1482898181927015,0.49,False,1.0,True,True,,0.0,False,0.5,False,FAMILY_Q
1699,True,1,1,0.17917755727086004,0.28179007083052093,1.0354707429137044,0.034852618773512076,1.0,True,,False,False,gcd_k_not_2,0.0,False,1.0,True,FAMILY_F
1700,True,9,1,0.13754170847843405,0.21044167522447,0.9819883514833091,0.018175332365814433,1.0,True,,False,False,gcd_k_not_2,0.78,False,1.0,True,FAMILY_F
1701,True,3,1,0.11280808969424044,0.23032772409462307,1.0048816446773834,0.004869758462144983,1.0,True,,False,False,gcd_k_not_2,0.0,False,1.0,True,FAMILY_F
1702,True,3,1,0.13862710688821994,0.23393575352040286,1.0036799280981432,0.003673169598136424,1.0,True,,False,False,gcd_k_not_2,0.0,False,1.0,True,FAMILY_F
1703,True,7,1,0.1513515191816247,0.24864765426109553,0.9974977675105183,0.0025053669948278826,1.0,True,,False,False,gcd_k_not_2,0.0,False,1.0,True,FAMILY_F
1705,True,4,2,9.026289916577577,13.424598096384303,0.27599520843473535,1.1348080099037396,0.58,False,1.0,True,True,,0.3,False,0.5,False,FAMILY_Q
1710,True,3,1,0.15912706981857846,0.21984988012587986,0.9918925370533813,0.008140462194423553,1.0,True,,False,False,gcd_k_not_2,0.0,False,1.0,True,FAMILY_F
1711,True,6,2,8.923009481081202,13.27363531779053,0.27179385883418883,1.1451637953863585,0.4,False,1.0,True,True,,0.25,False,0.5,False,FAMILY_Q
1712,True,9,1,0.15267754920855148,0.273627561239992,0.9676826692536565,0.03284811240280061,1.0,True,,False,False,gcd_k_not_2,0.0,False,1.0,True,FAMILY_F
1713,True,3,1,0.21641495031957764,0.3947814516930297,1.0057164610465343,0.005700168650509731,1.0,True,,False,False,gcd_k_not_2,0.0,False,1.0,True,FAMILY_F
1715,True,9,1,0.19720363875475216,0.41768247476501846,1.0067258305911249,0.006703288001374533,1.0,True,,False,False,gcd_k_not_2,0.0,False,1.0,True,FAMILY_F
1719,True,7,1,0.08026192148232046,0.12185008896591039,0.9716876149042807,0.028718935881832188,1.0,True,,False,False,gcd_k_not_2,1.0,True,1.0,True,FAMILY_F
1720,True,7,1,0.1343362506321899,0.2009802332583525,0.942882253789552,0.05879691998734453,1.0,True,,False,False,gcd_k_not_2,0.0,False,1.0,True,FAMILY_F
1721,True,7,1,0.12475503853369938,0.17454705446779856,0.9827288506776588,0.017421594804996433,1.0,True,,False,False,gcd_k_not_2,0.0,False,1.0,True,FAMILY_F
1725,True,4,2,8.882392214471434,13.21424459332497,0.2811882431343377,1.122101706314662,0.52,False,1.0,True,True,,0.0,False,0.5,False,FAMILY_Q
1726,True,3,1,0.2680012387050697,0.42608934644535695,0.9936755415104037,0.006344521320460106,1.0,True,,False,False,gcd_k_not_2,0.0,False,1.0,True,FAMILY_F
1728,True,6,2,8.804288886462954,13.09999074505037,0.27580205551348086,1.1352826112120447,0.51,False,1.0,True,True,,0.0,False,0.5,False,FAMILY_Q
1732,True,3,1,0.1705675973597794,0.24280302866587636,0.9986150421212361,0.001385917597511881,1.0,True,,False,False,gcd_k_not_2,0.0,False,1.0,True,FAMILY_F
1734,True,3,1,0.12968826479616652,0.23143971734099486,0.934452308159088,0.06776873388343199,1.0,True,,False,False,gcd_k_not_2,0.0,False,1.0,True,FAMILY_F
1735,True,4,2,8.618139147000171,12.827475234125812,0.2519973580512692,1.1948949207257036,0.55,False,1.0,True,True,,0.0,False,0.5,False,FAMILY_Q
1736,True,3,1,0.14096247771873457,0.246675519086241,0.9432606192208147,0.05839605888986308,1.0,True,,False,False,gcd_k_not_2,0.0,False,1.0,True,FAMILY_F
1737,True,9,1,0.15983484008570087,0.3183758807345042,1.0168376317316268,0.016697062239135495,1.0,True,,False,False,gcd_k_not_2,0.0,False,1.0,True,FAMILY_F
1738,True,3,1,0.1298492764187163,0.19912641281062965,0.9482743563810695,0.053098931831152524,1.0,True,,False,False,gcd_k_not_2,0.0,False,1.0,True,FAMILY_F
1741,True,9,1,0.12321698157071916,0.20826591337374498,0.9764152786720209,0.02386615969071639,1.0,True,,False,False,gcd_k_not_2,0.0,False,1.0,True,FAMILY_F
1742,True,3,1,0.07658207357196384,0.15428085020528345,0.9891454417445209,0.010913790442552527,1.0,True,,False,False,gcd_k_not_2,0.0,False,1.0,True,FAMILY_F
1743,True,7,1,0.18039934514673966,0.2719083633907756,0.980935005280387,0.019248480812134955,1.0,True,,False,False,gcd_k_not_2,0.0,False,1.0,True,FAMILY_F
1744,True,7,1,0.12999947465306785,0.22113543981155384,1.0092940907139423,0.00925110043063918,1.0,True,,False,False,gcd_k_not_2,0.0,False,1.0,True,FAMILY_F
1746,True,9,1,0.13941032422277871,0.24990318733649852,0.9736025182648442,0.026750555383729353,1.0,True,,False,False,gcd_k_not_2,0.0,False,1.0,True,FAMILY_F
1747,True,7,1,0.12401999827217869,0.21374648341218408,0.9880251588176209,0.012046971467404483,1.0,True,,False,False,gcd_k_not_2,0.0,False,1.0,True,FAMILY_F
1748,True,7,1,0.14176613139940517,0.2506319140816637,1.0221948893431454,0.021951286159520307,1.0,True,,False,False,gcd_k_not_2,0.1,False,1.0,True,FAMILY_F
1753,True,1,1,0.12586796986721832,0.22018050581040782,0.9651668335737275,0.03545059465809029,1.0,True,,False,False,gcd_k_not_2,0.0,False,1.0,True,FAMILY_F
1754,True,8,2,8.820612764192637,13.123873930172845,0.2746612105117131,1.1380887462592502,0.51,False,1.0,True,True,,0.0,False,0.5,False,FAMILY_Q
1755,True,7,1,0.18690738399034307,0.3170177379004854,1.005477308968233,0.005462349480334932,1.0,True,,False,False,gcd_k_not_2,0.0,False,1.0,True,FAMILY_F
1756,True,3,1,0.15608895704697426,0.2713011380588774,0.9697727959595848,0.03069105645322902,1.0,True,,False,False,gcd_k_not_2,0.0,False,1.0,True,FAMILY_F
1757,True,3,1,0.11785491365481189,0.18154200469366522,1.0999108668849331,0.09515724544360664,1.0,True,,False,False,gcd_k_not_2,0.0,False,1.0,True,FAMILY_F
1759,True,7,1,0.13744877949836934,0.26735785398798084,0.9283555643592943,0.07430625032527123,1.0,True,,False,False,gcd_k_not_2,0.0,False,1.0,True,FAMILY_F
1760,True,2,2,8.830074520565393,13.137715625040219,0.2731502371444747,1.141813026694734,0.47,False,1.0,True,True,,0.5,False,0.5,False,FAMILY_Q
1761,True,1,1,0.114756896343677,0.2087769628055735,1.0303595916377892,0.029905630276358824,1.0,True,,False,False,gcd_k_not_2,0.0,False,1.0,True,FAMILY_F
1763,True,6,2,9.066229108098513,13.482949404694258,0.26753208039313453,1.1557386687675553,0.55,False,1.0,True,True,,0.25,False,0.5,False,FAMILY_Q
1766,True,3,1,0.12458560791729464,0.19201325829903276,0.9738694836144758,0.026476437882483467,1.0,True,,False,False,gcd_k_not_2,0.0,False,1.0,True,FAMILY_F
1768,True,9,1,0.2658536764010709,0.31579555954163674,1.007056365688258,0.007031557069238793,1.0,True,,False,False,gcd_k_not_2,0.0,False,1.0,True,FAMILY_F
1771,True,1,1,0.20030280256587107,0.28618380694391915,1.002586504314316,0.0025831636323763087,1.0,True,,False,False,gcd_k_not_2,0.8,False,1.0,True,FAMILY_F
1773,True,9,1,0.15052922137039548,0.21815589531786847,0.9396709749693827,0.06220542123807324,1.0,True,,False,False,gcd_k_not_2,1.0,True,1.0,True,FAMILY_F
1774,True,9,1,0.17378826336975703,0.22771887791679335,0.9846229007073752,0.015496242925690247,1.0,True,,False,False,gcd_k_not_2,0.0,False,1.0,True,FAMILY_F
1775,True,3,1,0.11634583282532916,0.19067668767550222,1.0887028608164444,0.0849358350395247,1.0,True,,False,False,gcd_k_not_2,0.0,False,1.0,True,FAMILY_F
1776,True,1,1,0.12711428770131913,0.20118385500595565,1.006674089651861,0.0066518919901125345,1.0,True,,False,False,gcd_k_not_2,0.0,False,1.0,True,FAMILY_F
1779,True,7,1,0.11051784805873698,0.1869095517272581,0.9946040910103565,0.005410506289406282,1.0,True,,False,False,gcd_k_not_2,0.0,False,1.0,True,FAMILY_F
1781,True,7,1,0.1142354677760603,0.18939499510247276,0.9440170935624376,0.05759507632206356,1.0,True,,False,False,gcd_k_not_2,0.0,False,1.0,True,FAMILY_F
1783,True,2,2,8.829240086852282,13.13649467154121,0.25681578570792785,1.1826462123460013,0.5,False,1.0,True,True,,0.0,False,0.5,False,FAMILY_Q
1785,True,4,2,8.792733854362895,13.08308476085294,0.26341387950776296,1.1660250570924824,0.45,False,1.0,True,True,,0.0,False,0.5,False,FAMILY_Q
1786,True,1,1,0.1441364551796125,0.26359084477423605,1.0478793919014522,0.046759972380010464,1.0,True,,False,False,gcd_k_not_2,0.0,False,1.0,True,FAMILY_F
1790,True,1,1,0.20327275047131987,0.3443582254333694,0.8949179476593743,0.1109093430355909,1.0,True,,False,False,gcd_k_not_2,0.0,False,1.0,True,FAMILY_F
1794,True,9,1,0.1412101395864606,0.2792077198487586,0.992864903411564,0.007160642526466862,1.0,True,,False,False,gcd_k_not_2,0.3,False,1.0,True,FAMILY_F
1795,True,6,2,8.838743081869918,13.150399258040784,0.2736245534386402,1.1406429698614546,0.42,False,1.0,True,True,,0.0,False,0.5,False,FAMILY_Q
1797,True,3,1,0.13081191716111265,0.23294867541937886,0.9839899332410462,0.016139262090710094,1.0,True,,False,False,gcd_k_not_2,0.0,False,1.0,True,FAMILY_F
1798,True,7,1,0.1969787055234031,0.3106546170174311,1.0060198900772273,0.006001824914104371,1.0,True,,False,False,gcd_k_not_2,0.0,False,1.0,True,FAMILY_F
1800,True,6,2,9.213322797808368,13.697728955488177,0.27059031837087044,1.1481429868981945,0.4,False,1.0,True,True,,0.0,False,0.5,False,FAMILY_Q
1801,True,1,1,0.13709291769761034,0.22093044672410456,1.0055825820150577,0.005567042778611272,1.0,True,,False,False,gcd_k_not_2,0.0,False,1.0,True,FAMILY_F
1804,True,7,1,0.19200765239822246,0.2893790948918547,0.9482402456311212,0.05313487849863356,1.0,True,,False,False,gcd_k_not_2,0.0,False,1.0,True,FAMILY_F
1806,True,7,1,0.13001197941771592,0.24115171895462617,1.0071996230633042,0.007173798739874611,1.0,True,,False,False,gcd_k_not_2,0.0,False,1.0,True,FAMILY_F
1807,True,2,2,8.98172963625221,13.359476785156419,0.2700008626050346,1.1496041599492872,0.53,False,1.0,True,True,,0.0,False,0.5,False,FAMILY_Q
1814,True,3,1,0.17470603954280842,0.26817825714664645,1.0350798311856726,0.03447514013760772,1.0,True,,False,False,gcd_k_not_2,0.0,False,1.0,True,FAMILY_F
1816,True,7,1,0.09055524004101077,0.14228171121844835,0.9340894206028233,0.06815670329930612,1.0,True,,False,False,gcd_k_not_2,0.0,False,1.0,True,FAMILY_F
1820,True,9,1,0.1780664006044088,0.3106932120413435,1.0020767680123779,0.0020746137666235037,1.0,True,,False,False,gcd_k_not_2,0.0,False,1.0,True,FAMILY_F
1821,True,1,1,0.1540505710301853,0.23270364212973008,0.9901613177959666,0.009887321310143186,1.0,True,,False,False,gcd_k_not_2,1.0,True,1.0,True,FAMILY_F
1822,True,7,1,0.10399269774136793,0.17242719127158715,0.9571425053322354,0.0437959878251065,1.0,True,,False,False,gcd_k_not_2,0.0,False,1.0,True,FAMILY_F
1823,True,9,1,0.06986877537895471,0.11469418793981039,1.0117069479561158,0.011638820423630774,1.0,True,,False,False,gcd_k_not_2,0.0,False,1.0,True,FAMILY_F
1826,True,9,1,0.18651556525129273,0.3077637930542378,0.9848820205798589,0.015233126466352526,1.0,True,,False,False,gcd_k_not_2,0.0,False,1.0,True,FAMILY_F
1828,True,8,2,8.923063313486765,13.273714779054886,0.2699125755586143,1.1498231271868962,0.46,False,1.0,True,True,,0.25,False,0.5,False,FAMILY_Q
1829,True,9,1,0.1095547556671878,0.20342917966524413,0.9979756443011978,0.0020264067828617426,1.0,True,,False,False,gcd_k_not_2,0.0,False,1.0,True,FAMILY_F
1834,True,7,1,0.19704543112081097,0.253280527557827,0.9627261085296908,0.03798175538433302,1.0,True,,False,False,gcd_k_not_2,1.0,True,1.0,True,FAMILY_F
1835,True,1,1,0.15615036952517794,0.26482063186374416,1.0141552756973988,0.014055793878649765,1.0,True,,False,False,gcd_k_not_2,0.0,False,1.0,True,FAMILY_F
1836,True,3,1,0.13736832828717926,0.22581414588573084,1.048520805629129,0.04737155267918086,1.0,True,,False,False,gcd_k_not_2,0.0,False,1.0,True,FAMILY_F
1837,True,9,1,0.161104861401092,0.2645032023638313,0.9359360296690034,0.06618397441773945,1.0,True,,False,False,gcd_k_not_2,0.4,False,1.0,True,FAMILY_F
1838,True,7,1,0.11536689942222829,0.1860739628899956,1.0246728209328653,0.024372156012345107,1.0,True,,False,False,gcd_k_not_2,0.0,False,1.0,True,FAMILY_F
1839,True,1,1,0.15994424614376054,0.26269034035937167,0.9843290308011207,0.015794728551194556,1.0,True,,False,False,gcd_k_not_2,0.0,False,1.0,True,FAMILY_F
1842,True,7,1,0.1336488578472778,0.2346884746176943,1.0348158400303487,0.03422013859478252,1.0,True,,False,False,gcd_k_not_2,0.0,False,1.0,True,FAMILY_F
1843,True,9,1,0.1902922069414166,0.2657829379064729,1.0024211748749712,0.0024182473750782307,1.0,True,,False,False,gcd_k_not_2,0.0,False,1.0,True,FAMILY_F
1845,True,9,1,0.16359767425176,0.27521727771963805,0.9355510820695351,0.06659490263781073,1.0,True,,False,False,gcd_k_not_2,0.0,False,1.0,True,FAMILY_F
1850,True,9,1,0.17486712455826195,0.2686084930165618,0.9751521859778705,0.025160404548602158,1.0,True,,False,False,gcd_k_not_2,0.0,False,1.0,True,FAMILY_F
1851,True,8,2,8.807157716884872,13.104188924459834,0.2652893917287572,1.161332123819377,0.48,False,1.0,True,True,,0.25,False,0.5,False,FAMILY_Q
1853,True,3,1,0.09242732203620421,0.1462870437203383,1.0057467285275947,0.005730263393537589,1.0,True,,False,False,gcd_k_not_2,0.1,False,1.0,True,FAMILY_F
1859,True,3,1,0.16951073515245108,0.3026071498936826,0.9940900306399512,0.005927484987377607,1.0,True,,False,False,gcd_k_not_2,0.0,False,1.0,True,FAMILY_F
1860,True,1,1,0.15348883032644603,0.25517477850201464,0.9853651065507417,0.014742772904560683,1.0,True,,False,False,gcd_k_not_2,0.0,False,1.0,True,FAMILY_F
1861,True,3,1,0.1082224460234564,0.17153039253077215,1.0374152462705548,0.03672814988406778,1.0,True,,False,False,gcd_k_not_2,0.0,False,1.0,True,FAMILY_F
1862,True,3,1,0.10026716738044156,0.19454889981244863,0.9579842089440926,0.04291739521082836,1.0,True,,False,False,gcd_k_not_2,0.0,False,1.0,True,FAMILY_F
1864,True,9,1,0.1682096070270574,0.29128955326047734,0.9216232723225635,0.08157345803031071,1.0,True,,False,False,gcd_k_not_2,0.0,False,1.0,True,FAMILY_F
1866,True,7,1,0.12734070833925878,0.20887641657152334,1.0082193493988825,0.008185708798536206,1.0,True,,False,False,gcd_k_not_2,0.6,False,1.0,True,FAMILY_F
1868,True,7,1,0.16566331527849829,0.25817024424270407,0.9727571080229022,0.02761910411201175,1.0,True,,False,False,gcd_k_not_2,0.42,False,1.0,True,FAMILY_F
1870,True,9,1,0.13262829130954287,0.2118397454509291,0.967483076861235,0.03305433578685702,1.0,True,,False,False,gcd_k_not_2,0.0,False,1.0,True,FAMILY_F
1871,True,9,1,0.1214116535397498,0.21533309770457054,0.974185092642529,0.026152469141499515,1.0,True,,False,False,gcd_k_not_2,0.0,False,1.0,True,FAMILY_F
1872,True,9,1,0.14349198817269432,0.2498535457854223,1.035353018811808,0.034738955340972044,1.0,True,,False,False,gcd_k_not_2,0.0,False,1.0,True,FAMILY_F
1873,True,1,1,0.15140311426257844,0.2704101193720051,0.9784190516194844,0.021816357220023747,1.0,True,,False,False,gcd_k_not_2,0.0,False,1.0,True,FAMILY_F
1874,True,7,1,0.12910331386751595,0.18268827004506444,0.959184225974422,0.04166609090094913,1.0,True,,False,False,gcd_k_not_2,0.6,False,1.0,True,FAMILY_F
1876,True,4,2,8.972829672595564,13.34647055871433,0.2763223536205765,1.1340045002370263,0.5,False,1.0,True,True,,0.0,False,0.5,False,FAMILY_Q
1877,True,1,1,0.09024802070968611,0.16041386943641853,0.9758955260623478,0.024398530812698074,1.0,True,,False,False,gcd_k_not_2,0.0,False,1.0,True,FAMILY_F
1878,True,9,1,0.2710249741467736,0.4192683984698521,1.0181741381047056,0.018010475668638868,1.0,True,,False,False,gcd_k_not_2,0.0,False,1.0,True,FAMILY_F
1879,True,7,1,0.16155235558235487,0.25030856683551944,1.0164160681910654,0.016282421520070867,1.0,True,,False,False,gcd_k_not_2,0.0,False,1.0,True,FAMILY_F
1881,True,3,1,0.14140182582656646,0.2501633566869726,0.9993444153012078,0.0006557996649050942,1.0,True,,False,False,gcd_k_not_2,0.0,False,1.0,True,FAMILY_F
1882,True,4,2,9.007376230347704,13.396958014821738,0.2665240891926224,1.1582502331636666,0.48,False,1.0,True,True,,0.0,False,0.5,False,FAMILY_Q
1884,True,8,2,8.880585135829897,13.21159916216403,0.2745669349201675,1.1383208605286312,0.5,False,1.0,True,True,,0.0,False,0.5,False,FAMILY_Q
1885,True,1,1,0.16637305812885084,0.31763343776483244,1.0989897270245186,0.09432130681729854,1.0,True,,False,False,gcd_k_not_2,0.0,False,1.0,True,FAMILY_F
1887,True,3,1,0.17053207727225306,0.3065680304508671,1.0026888471394033,0.0026852370434318866,1.0,True,,False,False,gcd_k_not_2,0.0,False,1.0,True,FAMILY_F
1888,True,7,1,0.12947005404038234,0.19230005532318134,1.0113589300377475,0.011294781720072412,1.0,True,,False,False,gcd_k_not_2,0.0,False,1.0,True,FAMILY_F
1890,True,3,1,0.13905343965168065,0.2373015509831255,0.993779868901386,0.006239536466020537,1.0,True,,False,False,gcd_k_not_2,0.0,False,1.0,True,FAMILY_F
1891,True,1,1,0.15231329545211886,0.2663169160668498,0.9401402704550216,0.061706599730481926,1.0,True,,False,False,gcd_k_not_2,0.0,False,1.0,True,FAMILY_F
1893,True,1,1,0.1335193930379385,0.22999781503303585,1.0025932408186669,0.0025898827238692097,1.0,True,,False,False,gcd_k_not_2,0.0,False,1.0,True,FAMILY_F
1895,True,1,1,0.14662953737927603,0.223504531473086,0.9942541226906876,0.005762432424168672,1.0,True,,False,False,gcd_k_not_2,0.0,False,1.0,True,FAMILY_F
1896,True,7,1,0.11989446430286715,0.22438305037466502,1.0272907622552307,0.02692338244058443,1.0,True,,False,False,gcd_k_not_2,0.0,False,1.0,True,FAMILY_F
1898,True,2,2,9.032545021382601,13.433736663035262,0.26589527338900665,1.1598190498739696,0.5,False,1.0,True,True,,0.15,False,0.5,False,FAMILY_Q
1899,True,7,1,0.26549634810813827,0.4683198820884268,1.0018365277172894,0.0018348428474163512,1.0,True,,False,False,gcd_k_not_2,0.0,False,1.0,True,FAMILY_F
1900,True,1,1,0.2599219099022544,0.36423321031161954,1.0170476771453993,0.016903593641897238,1.0,True,,False,False,gcd_k_not_2,0.0,False,1.0,True,FAMILY_F
1902,True,7,1,0.16885018387655,0.2574877772271121,1.0750318409726087,0.07231873698616582,1.0,True,,False,False,gcd_k_not_2,0.0,False,1.0,True,FAMILY_F
1906,True,3,1,0.08739915122467255,0.13894474249611147,0.9812867707038615,0.018889975517769733,1.0,True,,False,False,gcd_k_not_2,0.0,False,1.0,True,FAMILY_F
1907,True,1,1,0.13410971309676273,0.25534204279209216,1.0016213848454854,0.001620071465823627,1.0,True,,False,False,gcd_k_not_2,0.0,False,1.0,True,FAMILY_F
1911,True,7,1,0.19212074923944486,0.29794869557929127,0.977023457759876,0.0232435706819162,1.0,True,,False,False,gcd_k_not_2,1.0,True,1.0,True,FAMILY_F
1912,True,7,1,0.15501583786580347,0.29755087202222663,0.9989510836256915,0.0010494667757512284,1.0,True,,False,False,gcd_k_not_2,0.0,False,1.0,True,FAMILY_F
1916,True,3,1,0.11640188525638616,0.17571497777914458,0.975195333397785,0.025116165659975924,1.0,True,,False,False,gcd_k_not_2,0.0,False,1.0,True,FAMILY_F
1917,True,7,1,0.21642415901334794,0.3780358362045356,0.9851232020073305,0.01498828685053531,1.0,True,,False,False,gcd_k_not_2,0.0,False,1.0,True,FAMILY_F
1919,True,9,1,0.11876579942790053,0.18047302112734764,0.9763084077448708,0.023975602352634025,1.0,True,,False,False,gcd_k_not_2,0.0,False,1.0,True,FAMILY_F
1920,True,3,1,0.1525809383530669,0.2202860057231439,1.0248477186165348,0.024542802293805968,1.0,True,,False,False,gcd_k_not_2,0.0,False,1.0,True,FAMILY_F
1921,True,7,1,0.15223603086350676,0.29615012152429415,0.9984134498170658,0.0015878097528611696,1.0,True,,False,False,gcd_k_not_2,0.0,False,1.0,True,FAMILY_F
1923,True,3,1,0.14562769119556454,0.2504241971717288,0.9965125927325615,0.003493498894154601,1.0,True,,False,False,gcd_k_not_2,0.0,False,1.0,True,FAMILY_F
1924,True,9,1,0.11831750808261818,0.20255109256295517,1.0331132348259415,0.03257392088028634,1.0,True,,False,False,gcd_k_not_2,0.0,False,1.0,True,FAMILY_F
1925,True,3,1,0.15044322570840912,0.245904193697635,1.1059026538167056,0.1005769698089029,1.0,True,,False,False,gcd_k_not_2,0.12,False,1.0,True,FAMILY_F
1926,True,8,2,8.98327760967637,13.361738010473132,0.26936325640793807,1.151186218607947,0.5,False,1.0,True,True,,0.0,False,0.5,False,FAMILY_Q
1927,True,1,1,0.11335990351429912,0.19486462057085424,0.9765750908206681,0.023702523914339125,1.0,True,,False,False,gcd_k_not_2,0.0,False,1.0,True,FAMILY_F
1928,True,7,1,0.19442211133020135,0.29368050489869607,0.9841260663937086,0.016000932476174234,1.0,True,,False,False,gcd_k_not_2,0.0,False,1.0,True,FAMILY_F
1930,True,3,1,0.12718730945069384,0.22544686979467424,1.0293269574021036,0.028903136870213574,1.0,True,,False,False,gcd_k_not_2,0.0,False,1.0,True,FAMILY_F
1932,True,3,1,0.13798074195321552,0.2362559298331776,1.1290974450804134,0.1212696444483663,1.0,True,,False,False,gcd_k_not_2,0.0,False,1.0,True,FAMILY_F
1934,True,9,1,0.15252844122347078,0.2227976652142094,0.9517230466539492,0.04947111059514018,1.0,True,,False,False,gcd_k_not_2,0.0,False,1.0,True,FAMILY_F
1939,True,9,1,0.18470244231631494,0.3069014627939716,0.9822202766884447,0.01793920032062086,1.0,True,,False,False,gcd_k_not_2,0.0,False,1.0,True,FAMILY_F
1940,True,1,1,0.13507035583818414,0.20488697728486416,0.9986611103814548,0.0013397865316843473,1.0,True,,False,False,gcd_k_not_2,0.0,False,1.0,True,FAMILY_F
1941,True,3,1,0.13172110174246363,0.23639917636184,0.9940477893103954,0.005969977972958301,1.0,True,,False,False,gcd_k_not_2,0.02,False,1.0,True,FAMILY_F
1944,True,1,1,0.12833753986120822,0.23490609592579884,1.0234731349735413,0.023200836786842913,1.0,True,,False,False,gcd_k_not_2,0.0,False,1.0,True,FAMILY_F
1945,True,7,1,0.16288733950285497,0.284064520920622,0.9993622496221353,0.0006379538055050256,1.0,True,,False,False,gcd_k_not_2,0.69,False,1.0,True,FAMILY_F
1946,True,3,1,0.13945545773213786,0.23620976379446115,0.9958323017566437,0.004176401233398313,1.0,True,,False,False,gcd_k_not_2,0.0,False,1.0,True,FAMILY_F
1948,True,1,1,0.15536791587803217,0.2944920453673311,0.9914797207623517,0.008556732111122596,1.0,True,,False,False,gcd_k_not_2,0.0,False,1.0,True,FAMILY_F
1949,True,8,2,8.854539939611433,13.173507707419853,0.26817529928839273,1.154138077160553,0.57,False,1.0,True,True,,0.25,False,0.5,False,FAMILY_Q
1950,True,7,1,0.1334705790396503,0.1689582769394668,1.0366694421579499,0.036009223096210234,1.0,True,,False,False,gcd_k_not_2,0.0,False,1.0,True,FAMILY_F
1952,True,1,1,0.15924984360918024,0.2309407478589948,0.9718486663280959,0.02855323955902411,1.0,True,,False,False,gcd_k_not_2,0.0,False,1.0,True,FAMILY_F
1953,True,3,1,0.2137476898541083,0.2723842450572589,1.0033837782814854,0.0033780629734240226,1.0,True,,False,False,gcd_k_not_2,0.0,False,1.0,True,FAMILY_F
1955,True,7,1,0.1973425683818232,0.3127691548611003,1.0162861947431154,0.016154645888641274,1.0,True,,False,False,gcd_k_not_2,0.0,False,1.0,True,FAMILY_F
1961,True,9,1,0.17769408293837669,0.31488338236612096,1.0058589262107231,0.005841812835552875,1.0,True,,False,False,gcd_k_not_2,0.0,False,1.0,True,FAMILY_F
1962,True,8,2,8.685726305625929,12.92645566078689,0.263966753488095,1.1646402003545062,0.47,False,1.0,True,True,,0.0,False,0.5,False,FAMILY_Q
1965,True,3,1,0.17163206201005396,0.26973811578302204,1.0313177250847942,0.030834885845823917,1.0,True,,False,False,gcd_k_not_2,0.0,False,1.0,True,FAMILY_F
1967,True,4,2,8.788792398822816,13.077317566987414,0.26465591654761456,1.1629156576593607,0.5,False,1.0,True,True,,0.0,False,0.5,False,FAMILY_Q
1968,True,9,1,0.2704500392496068,0.40559162942712784,1.0147428306323885,0.014634950335334889,1.0,True,,False,False,gcd_k_not_2,0.0,False,1.0,True,FAMILY_F
1970,True,6,2,9.12609872493468,13.57039063837634,0.27681057422828786,1.1328061348627414,0.48,False,1.0,True,True,,0.25,False,0.5,False,FAMILY_Q
1971,True,7,1,0.1375670330202187,0.28907005971963207,1.00667867898798,0.006656450838804161,1.0,True,,False,False,gcd_k_not_2,0.0,False,1.0,True,FAMILY_F
1972,True,6,2,8.615112098144698,12.823039960484637,0.2659516775009452,1.1596782650473745,0.45,False,1.0,True,True,,0.0,False,0.5,False,FAMILY_Q
1974,True,3,1,0.19926669793497442,0.31939023012989104,1.0102189084786093,0.010166960857355722,1.0,True,,False,False,gcd_k_not_2,0.0,False,1.0,True,FAMILY_F
1978,True,3,1,0.13132538958863127,0.22094000880600062,1.0335503140450764,0.03299678774934179,1.0,True,,False,False,gcd_k_not_2,0.0,False,1.0,True,FAMILY_F
1979,True,3,1,0.21277488823548976,0.34218513075997214,0.9849929836032697,0.0151204729897722,1.0,True,,False,False,gcd_k_not_2,0.0,False,1.0,True,FAMILY_F
1980,True,6,2,9.323609110086966,13.858634493624923,0.2611576998060877,1.171688997034256,0.49,False,1.0,True,True,,0.0,False,0.5,False,FAMILY_Q
1982,True,3,1,0.15064862058024292,0.2560524749582614,0.999418738594381,0.0005814303871410834,1.0,True,,False,False,gcd_k_not_2,0.0,False,1.0,True,FAMILY_F
1986,True,1,1,0.1822522439420929,0.29700740071556736,1.0218588160537383,0.021622494983504704,1.0,True,,False,False,gcd_k_not_2,0.0,False,1.0,True,FAMILY_F
1989,True,7,1,0.06596010546060449,0.10897971556137467,0.9783006308465169,0.021937382837711492,1.0,True,,False,False,gcd_k_not_2,0.0,False,1.0,True,FAMILY_F
1990,True,7,1,0.10276619698578845,0.16040922009794897,0.9904150889423443,0.00963106752044251,1.0,True,,False,False,gcd_k_not_2,0.0,False,1.0,True,FAMILY_F
1991,True,7,1,0.14847827316069545,0.2147743486114316,1.0075060625205785,0.007477997362711785,1.0,True,,False,False,gcd_k_not_2,0.0,False,1.0,True,FAMILY_F
1994,True,3,1,0.15777304927453592,0.22449643807404313,0.9274638126788627,0.0752659394630333,1.0,True,,False,False,gcd_k_not_2,1.0,True,1.0,True,FAMILY_F
1998,True,9,1,0.11166620992047607,0.20577399496613114,1.0024393928654383,0.0024364211712271685,1.0,True,,False,False,gcd_k_not_2,0.0,False,1.0,True,FAMILY_F
2001,True,9,1,0.1815584643250949,0.2664474742963158,0.9916510168521717,0.008383982010085254,1.0,True,,False,False,gcd_k_not_2,0.0,False,1.0,True,FAMILY_F
2002,True,9,1,0.09849679624015764,0.16383808511005554,0.9781948500563218,0.022045502689542824,1.0,True,,False,False,gcd_k_not_2,0.0,False,1.0,True,FAMILY_F
2003,True,7,1,0.13337359038507154,0.20604934077611112,0.9687241934174337,0.03177266443632799,1.0,True,,False,False,gcd_k_not_2,0.8,False,1.0,True,FAMILY_F
2004,True,2,2,8.997443286540657,13.382442867498323,0.2531279370259155,1.1920124688093021,0.48,False,1.0,True,True,,0.0,False,0.5,False,FAMILY_Q
2005,True,1,1,0.14067448660233245,0.27618364677406515,1.0389202413556027,0.038177306366556155,1.0,True,,False,False,gcd_k_not_2,0.0,False,1.0,True,FAMILY_F
2007,True,1,1,0.13795341755530338,0.26236961555983873,1.0048838954004853,0.00487199823559826,1.0,True,,False,False,gcd_k_not_2,0.0,False,1.0,True,FAMILY_F
2008,True,7,1,0.18341235180612808,0.311833790560482,0.9911536758311508,0.008885626736124782,1.0,True,,False,False,gcd_k_not_2,0.0,False,1.0,True,FAMILY_F
2009,True,7,1,0.14699349819949148,0.226081741770235,0.9754656341654151,0.024839071265291907,1.0,True,,False,False,gcd_k_not_2,0.9,False,1.0,True,FAMILY_F
2012,True,3,1,0.11172725407780981,0.1968295194630626,1.0222377241782157,0.021993184987440195,1.0,True,,False,False,gcd_k_not_2,0.0,False,1.0,True,FAMILY_F
2015,True,1,1,0.12205293892137546,0.20873798665907167,1.0034828328783771,0.003476778359386663,1.0,True,,False,False,gcd_k_not_2,0.06,False,1.0,True,FAMILY_F
2023,True,7,1,0.18577965066779076,0.3465894424136612,1.0166674118995045,0.01652965858540387,1.0,True,,False,False,gcd_k_not_2,0.0,False,1.0,True,FAMILY_F
2025,True,4,2,8.919023268715673,13.26780697163794,0.274793470571175,1.1377631689686862,0.49,False,1.0,True,True,,0.5,False,0.5,False,FAMILY_Q
2027,True,7,1,0.16773521125730195,0.25998530609951626,0.9512353875819203,0.04998332105744718,1.0,True,,False,False,gcd_k_not_2,0.1,False,1.0,True,FAMILY_F
2028,True,1,1,0.09751828175115687,0.18248600465648773,1.0204303764621037,0.02022378667447917,1.0,True,,False,False,gcd_k_not_2,0.0,False,1.0,True,FAMILY_F
2030,True,7,1,0.15196964069451604,0.2537329646085842,0.9895905491329958,0.010463912659356284,1.0,True,,False,False,gcd_k_not_2,0.0,False,1.0,True,FAMILY_F
2031,True,7,1,0.2306297742436806,0.38883894459930896,1.0452012362926724,0.04420223838179225,1.0,True,,False,False,gcd_k_not_2,0.0,False,1.0,True,FAMILY_F
2033,True,6,2,8.683348591178309,12.922974678956573,0.26340314597752357,1.1660519547821055,0.44,False,1.0,True,True,,0.0,False,0.5,False,FAMILY_Q
2034,True,1,1,0.15426795038695817,0.24366309635389277,0.9979482708509,0.0020538361068039076,1.0,True,,False,False,gcd_k_not_2,0.0,False,1.0,True,FAMILY_F
2038,True,3,1,0.14573591060678764,0.24644378211014195,0.988118252653862,0.011952757166509152,1.0,True,,False,False,gcd_k_not_2,0.7,False,1.0,True,FAMILY_F
2039,True,3,1,0.13776101996739132,0.21949568427709115,1.035184045236148,0.0345757872055895,1.0,True,,False,False,gcd_k_not_2,0.0,False,1.0,True,FAMILY_F
2040,True,8,2,8.906270286572191,13.249159776265174,0.25880965812600737,1.1776051082693537,0.45,False,1.0,True,True,,0.0,False,0.5,False,FAMILY_Q
2042,True,1,1,0.12224042793720734,0.20829650944215533,1.011275428321719,0.01121221704689904,1.0,True,,False,False,gcd_k_not_2,0.0,False,1.0,True,FAMILY_F
2043,True,9,1,0.15989607103414932,0.2639501059867724,0.9467420565505869,0.054714946204820106,1.0,True,,False,False,gcd_k_not_2,0.0,False,1.0,True,FAMILY_F
2048,True,3,1,0.13628611062407137,0.22032363753983905,1.0194721574644556,0.01928440299855755,1.0,True,,False,False,gcd_k_not_2,0.0,False,1.0,True,FAMILY_F
2049,True,7,1,0.14756157588431243,0.26171383093619965,1.0464194499749901,0.045366505850555155,1.0,True,,False,False,gcd_k_not_2,0.0,False,1.0,True,FAMILY_F
2051,True,1,1,0.16786094239744606,0.26452046152467873,0.9899385376898571,0.01011233474760819,1.0,True,,False,False,gcd_k_not_2,0.61,False,1.0,True,FAMILY_F
2052,True,9,1,0.1376594499424505,0.23857774493576037,0.963883817496125,0.03678036570403817,1.0,True,,False,False,gcd_k_not_2,0.0,False,1.0,True,FAMILY_F
2054,True,6,2,9.008621189104673,13.398778257263391,0.26852153116197897,1.15327718271834,0.43,False,1.0,True,True,,0.25,False,0.5,False,FAMILY_Q
2055,True,6,2,8.93495644393004,13.291108100158349,0.2819564680586536,1.12023075639803,0.52,False,1.0,True,True,,0.25,False,0.5,False,FAMILY_Q
2057,True,3,1,0.1764441931276595,0.3100479281635577,0.9606731711309703,0.04011563931008954,1.0,True,,False,False,gcd_k_not_2,0.0,False,1.0,True,FAMILY_F
2058,True,1,1,0.18906644428143446,0.3334250378156358,1.0305844153083439,0.030123756567588648,1.0,True,,False,False,gcd_k_not_2,0.0,False,1.0,True,FAMILY_F
2060,True,7,1,0.2025580024866646,0.33409815110913643,0.9588001197652191,0.04206644651391907,1.0,True,,False,False,gcd_k_not_2,0.1,False,1.0,True,FAMILY_F
2061,True,7,1,0.12519622225247026,0.20928721417338114,1.0100979395231067,0.010047211456275932,1.0,True,,False,False,gcd_k_not_2,0.0,False,1.0,True,FAMILY_F
2063,True,9,1,0.26382991143468054,0.4162043616920589,0.9596140164215295,0.04121830446203855,1.0,True,,False,False,gcd_k_not_2,0.1,False,1.0,True,FAMILY_F
2064,True,9,1,0.24247121611491923,0.3912612296025099,0.9697614839714387,0.03070271834901995,1.0,True,,False,False,gcd_k_not_2,0.9,False,1.0,True,FAMILY_F
2068,True,1,1,0.18292732952766652,0.2737553041941271,1.0330973163994936,0.032558516636190624,1.0,True,,False,False,gcd_k_not_2,0.0,False,1.0,True,FAMILY_F
2070,True,1,1,0.0897609142480233,0.16768092360243222,0.9905993773165359,0.009445017204955344,1.0,True,,False,False,gcd_k_not_2,0.0,False,1.0,True,FAMILY_F
2072,True,9,1,0.14116827987421124,0.21498038505117364,0.9848921537112426,0.015222838440375308,1.0,True,,False,False,gcd_k_not_2,0.0,False,1.0,True,FAMILY_F
2074,True,7,1,0.13630763772184895,0.20799810351003362,1.0076708207401763,0.007641512404257853,1.0,True,,False,False,gcd_k_not_2,0.28,False,1.0,True,FAMILY_F
2076,True,7,1,0.21559294510121096,0.3733455480869452,0.9927682473951978,0.007257996622793468,1.0,True,,False,False,gcd_k_not_2,0.0,False,1.0,True,FAMILY_F
2079,True,2,2,8.832808533578403,13.141718588905261,0.26892833165213853,1.152266286616849,0.53,False,1.0,True,True,,0.25,False,0.5,False,FAMILY_Q
2080,True,9,1,0.16902446024218876,0.2700405298536102,0.9963100010601019,0.0036968195700452754,1.0,True,,False,False,gcd_k_not_2,0.0,False,1.0,True,FAMILY_F
2081,True,7,1,0.11740375951337577,0.2094709277818664,0.9630023389107276,0.03769497402616692,1.0,True,,False,False,gcd_k_not_2,0.0,False,1.0,True,FAMILY_F
2082,True,7,1,0.12964598462183644,0.20012603104125912,1.0042206358140076,0.004211747687442858,1.0,True,,False,False,gcd_k_not_2,0.5,False,1.0,True,FAMILY_F
2084,True,1,1,0.13975514481647366,0.2045330068694308,0.9866333479299634,0.013456586827120788,1.0,True,,False,False,gcd_k_not_2,1.0,True,1.0,True,FAMILY_F
2085,True,3,1,0.1264749563400867,0.1822335498092426,1.0012309577953231,0.001230200632793647,1.0,True,,False,False,gcd_k_not_2,0.0,False,1.0,True,FAMILY_F
2086,True,3,1,0.1424601978056411,0.25731255887216165,0.9636879175978873,0.036983557393918336,1.0,True,,False,False,gcd_k_not_2,0.0,False,1.0,True,FAMILY_F
2087,True,3,1,0.17883931421416455,0.3210709619083718,0.9672479143129407,0.03329736475892816,1.0,True,,False,False,gcd_k_not_2,0.0,False,1.0,True,FAMILY_F
2088,True,3,1,0.1308502552129852,0.23056217768051482,1.0205314710216935,0.020322842099867497,1.0,True,,False,False,gcd_k_not_2,0.0,False,1.0,True,FAMILY_F
2089,True,3,1,0.15581587832426164,0.26526812018635804,0.9965677507391489,0.0034381495539837843,1.0,True,,False,False,gcd_k_not_2,0.0,False,1.0,True,FAMILY_F
2091,True,3,1,0.0978818206758946,0.17191523308468937,1.0301556842288078,0.02970775538356119,1.0,True,,False,False,gcd_k_not_2,0.0,False,1.0,True,FAMILY_F
2092,True,7,1,0.2229215107988832,0.40863073425050517,1.0164700871862875,0.0163355631119422,1.0,True,,False,False,gcd_k_not_2,0.0,False,1.0,True,FAMILY_F
2094,True,8,2,8.964756198804798,13.334666909482737,0.2766169900563507,1.1332811886072716,0.5,False,1.0,True,True,,0.0,False,0.5,False,FAMILY_Q
2095,True,1,1,0.1165181813103892,0.20601710614133123,0.9533038487959645,0.04781248061618215,1.0,True,,False,False,gcd_k_not_2,0.0,False,1.0,True,FAMILY_F
2098,True,2,2,8.639125476882311,12.858215201191962,0.2753542271415084,1.1363835355494338,0.55,False,1.0,True,True,,0.0,False,0.5,False,FAMILY_Q
2100,True,1,1,0.179607623149154,0.2693766169725406,1.0137296911834144,0.013636081588831183,1.0,True,,False,False,gcd_k_not_2,0.0,False,1.0,True,FAMILY_F
2101,True,6,2,8.632301854018765,12.848217908906953,3.9555274798234143,1.1928205390271518,0.54,False,1.0,True,True,,0.0,False,0.5,False,FAMILY_Q
2103,True,8,2,9.55418646654732,14.194678430296873,0.2510024349283993,1.197435822919832,0.52,False,1.0,True,True,,0.0,False,0.5,False,FAMILY_Q
2104,True,7,1,0.11489428607084495,0.18420354186431534,1.0310281246182167,0.030554106309137644,1.0,True,,False,False,gcd_k_not_2,0.0,False,1.0,True,FAMILY_F
2105,True,1,1,0.11146009077302861,0.2479660795962257,0.9737936019809305,0.02655434488466103,1.0,True,,False,False,gcd_k_not_2,0.0,False,1.0,True,FAMILY_F
2108,True,1,1,0.09005105649849084,0.1314960886406863,1.0365372554528676,0.035881745207497144,1.0,True,,False,False,gcd_k_not_2,0.0,False,1.0,True,FAMILY_F
2109,True,7,1,0.11521639550966382,0.2024324870007692,1.0345121861665527,0.033926743129104577,1.0,True,,False,False,gcd_k_not_2,0.0,False,1.0,True,FAMILY_F
2110,True,8,2,8.95700035763448,13.323327162758687,3.8418023360028486,1.1738613593833322,0.5,False,1.0,True,True,,0.75,False,0.5,False,FAMILY_Q
2111,True,7,1,0.20435902501893563,0.35363953347184585,0.9851704467334564,0.01494033249481948,1.0,True,,False,False,gcd_k_not_2,0.0,False,1.0,True,FAMILY_F
2114,True,3,1,0.21878659286301552,0.36004965346202605,0.9702897268169207,0.030158278530008235,1.0,True,,False,False,gcd_k_not_2,0.0,False,1.0,True,FAMILY_F
2116,True,4,2,8.964859468174915,13.334818303543344,0.2654272296472875,1.16098777257616,0.52,False,1.0,True,True,,0.0,False,0.5,False,FAMILY_Q
2119,True,7,1,0.20044849965586678,0.3278155265389335,1.0230031550348642,0.0227415908646646,1.0,True,,False,False,gcd_k_not_2,0.0,False,1.0,True,FAMILY_F
2120,True,9,1,0.10239426684506804,0.1749745607869217,0.9666585821084213,0.03390666605266477,1.0,True,,False,False,gcd_k_not_2,0.0,False,1.0,True,FAMILY_F
2121,True,9,1,0.11016610523868074,0.16135695103238135,1.0067950975601745,0.006772089057259397,1.0,True,,False,False,gcd_k_not_2,0.0,False,1.0,True,FAMILY_F
2122,True,1,1,0.18425950031900903,0.2406280668320861,0.9899876759569725,0.010062699547335302,1.0,True,,False,False,gcd_k_not_2,0.0,False,1.0,True,FAMILY_F
2124,True,3,1,0.26154643638047737,0.40450469325184935,1.0022087834321942,0.002206346761108492,1.0,True,,False,False,gcd_k_not_2,0.0,False,1.0,True,FAMILY_F
2126,True,7,1,0.11913457850530583,0.19766157972637757,1.030312683035307,0.029860112965447147,1.0,True,,False,False,gcd_k_not_2,0.0,False,1.0,True,FAMILY_F
2127,True,1,1,0.16118232116763073,0.2998530920782252,0.9707935471547594,0.02963928199116143,1.0,True,,False,False,gcd_k_not_2,0.0,False,1.0,True,FAMILY_F
2128,True,3,1,0.16754957246360114,0.2896680237707156,0.9794065109320694,0.020807741061974677,1.0,True,,False,False,gcd_k_not_2,0.0,False,1.0,True,FAMILY_F
2129,True,7,1,0.1615457339608883,0.2754505141976638,1.060880128109165,0.05908167804502239,1.0,True,,False,False,gcd_k_not_2,0.0,False,1.0,True,FAMILY_F
2130,True,3,1,0.10888156339702039,0.20246702916737788,1.0844163954564157,0.08099763141416988,1.0,True,,False,False,gcd_k_not_2,0.0,False,1.0,True,FAMILY_F
2134,True,2,2,8.789217417768457,13.077938728148933,0.25801158854960726,1.179620948175604,0.49,False,1.0,True,True,,0.25,False,0.5,False,FAMILY_Q
2137,True,1,1,0.13247615641211133,0.2206162171322424,1.010438776627595,0.010384575495609645,1.0,True,,False,False,gcd_k_not_2,0.4,False,1.0,True,FAMILY_F
2143,True,3,1,0.234021090188684,0.3592213297690249,0.9435284953107447,0.05811235062980258,1.0,True,,False,False,gcd_k_not_2,0.9,False,1.0,True,FAMILY_F
2145,True,7,1,0.12688425962552108,0.18790300235752308,1.005786896842729,0.0057702010635707615,1.0,True,,False,False,gcd_k_not_2,1.0,True,1.0,True,FAMILY_F
2150,True,2,2,9.1366048442695,13.585732443840577,0.27189706492388405,1.1449085860099675,0.56,False,1.0,True,True,,0.25,False,0.5,False,FAMILY_Q
2151,True,7,1,0.16597142889564034,0.2678795608646439,1.0156509782759078,0.01552945271238859,1.0,True,,False,False,gcd_k_not_2,0.9,False,1.0,True,FAMILY_F
2152,True,3,1,0.15042974894254751,0.29609707405003693,1.044351069450508,0.04338889744844957,1.0,True,,False,False,gcd_k_not_2,0.0,False,1.0,True,FAMILY_F
2153,True,7,1,0.13017082393592394,0.2524828705446923,1.1118115527202936,0.10589160057985805,1.0,True,,False,False,gcd_k_not_2,0.0,False,1.0,True,FAMILY_F
2157,True,3,1,0.13486531897686738,0.2504089450682398,0.9690239386524493,0.03146336693981486,1.0,True,,False,False,gcd_k_not_2,0.0,False,1.0,True,FAMILY_F
2158,True,1,1,0.14223562435822237,0.23064450919227217,1.0605920969768816,0.058810375004133095,1.0,True,,False,False,gcd_k_not_2,0.9,False,1.0,True,FAMILY_F
2160,True,3,1,0.1566993609924527,0.2970394324241851,0.9862092558237715,0.013886496738239003,1.0,True,,False,False,gcd_k_not_2,0.0,False,1.0,True,FAMILY_F
2163,True,8,2,9.309361562601648,13.837853596290298,0.26100417751463795,1.172075137676193,0.51,False,1.0,True,True,,0.0,False,0.5,False,FAMILY_Q
2165,True,9,1,0.16898579982559161,0.2345030745363886,1.0055580212387614,0.005542618243802628,1.0,True,,False,False,gcd_k_not_2,0.0,False,1.0,True,FAMILY_F
2169,True,3,1,0.18691785679543832,0.30173486399136057,1.0040953468658402,0.004086978069426539,1.0,True,,False,False,gcd_k_not_2,0.0,False,1.0,True,FAMILY_F
2171,True,3,1,0.09821112282247685,0.18109731368349755,0.9684828344243525,0.03202178350197717,1.0,True,,False,False,gcd_k_not_2,0.0,False,1.0,True,FAMILY_F
2172,True,7,1,0.13567037843354093,0.21489477074870159,1.0078301244353072,0.0077995885608194235,1.0,True,,False,False,gcd_k_not_2,0.0,False,1.0,True,FAMILY_F
2173,True,8,2,8.94763758975556,13.309641786971428,0.267803963657078,1.1550619138795657,0.58,False,1.0,True,True,,0.0,False,0.5,False,FAMILY_Q
2176,True,7,1,0.15014479652519883,0.23658943249714645,0.9767016212356169,0.023572984930137895,1.0,True,,False,False,gcd_k_not_2,0.0,False,1.0,True,FAMILY_F
2182,True,9,1,0.10899517918871138,0.1878521086354957,0.9823348316908961,0.017822587815839255,1.0,True,,False,False,gcd_k_not_2,0.0,False,1.0,True,FAMILY_F
2183,True,3,1,0.17265503715818664,0.2963625194233458,0.981710376550938,0.01845842224522649,1.0,True,,False,False,gcd_k_not_2,0.0,False,1.0,True,FAMILY_F
2184,True,7,1,0.12569663359918717,0.21645310627328784,1.0250097628678678,0.024700881276195345,1.0,True,,False,False,gcd_k_not_2,0.0,False,1.0,True,FAMILY_F
2185,True,3,1,0.11204219598615078,0.19276846040622775,1.0036783988267701,0.0036716459377153644,1.0,True,,False,False,gcd_k_not_2,0.0,False,1.0,True,FAMILY_F
2186,True,1,1,0.154576743800404,0.22344000602140882,1.0103699378632465,0.010316447403972154,1.0,True,,False,False,gcd_k_not_2,0.0,False,1.0,True,FAMILY_F
2187,True,3,1,0.15797185238463296,0.3046519099014413,0.992474241306571,0.007554184177050056,1.0,True,,False,False,gcd_k_not_2,0.0,False,1.0,True,FAMILY_F
2189,True,4,2,8.669999255313302,12.90342568748471,0.26717112051152925,1.1566375963376496,0.49,False,1.0,True,True,,0.0,False,0.5,False,FAMILY_Q
2191,True,9,1,0.1374333032285926,0.25516402600468735,1.0004002430328043,0.0004001629515877119,1.0,True,,False,False,gcd_k_not_2,0.0,False,1.0,True,FAMILY_F
2194,True,9,1,0.1165944996763531,0.18383466860129985,0.974289408887291,0.026045412589433346,1.0,True,,False,False,gcd_k_not_2,0.2,False,1.0,True,FAMILY_F
2196,True,1,1,0.1544386171783396,0.2331746324360066,1.0067929755145448,0.006769981355752955,1.0,True,,False,False,gcd_k_not_2,0.0,False,1.0,True,FAMILY_F
2199,True,8,2,8.759238585958533,13.03406732229997,0.2738664673534799,1.1400465453103545,0.5,False,1.0,True,True,,0.0,False,0.5,False,FAMILY_Q
2200,True,7,1,0.17679238488123103,0.30533874945782247,1.0211401899869266,0.02091907339397694,1.0,True,,False,False,gcd_k_not_2,0.0,False,1.0,True,FAMILY_F
2204,True,9,1,0.13262001504023593,0.22661189792884023,0.9899273723867552,0.010123613306714335,1.0,True,,False,False,gcd_k_not_2,0.0,False,1.0,True,FAMILY_F
2206,True,1,1,0.1555207177822081,0.2582005729599061,0.9979506554214386,0.0020514466390854445,1.0,True,,False,False,gcd_k_not_2,0.0,False,1.0,True,FAMILY_F
2209,True,7,1,0.13065941317103263,0.23722275121271513,1.0063106786666915,0.0062908289666138775,1.0,True,,False,False,gcd_k_not_2,0.0,False,1.0,True,FAMILY_F
2211,True,3,1,0.11442605514579507,0.21739744024794969,1.031209285681032,0.030729758770837803,1.0,True,,False,False,gcd_k_not_2,0.0,False,1.0,True,FAMILY_F
2213,True,8,2,9.001965087309362,13.389050948639305,0.2662489753024756,1.1589364161534652,0.51,False,1.0,True,True,,0.0,False,0.5,False,FAMILY_Q
2215,True,9,1,0.15827625038022125,0.23514088492633378,1.0034722773998943,0.0034662594926451653,1.0,True,,False,False,gcd_k_not_2,0.0,False,1.0,True,FAMILY_F
2216,True,9,1,0.10214128012692583,0.19176552371283087,0.9950935845294373,0.004918481527491789,1.0,True,,False,False,gcd_k_not_2,0.0,False,1.0,True,FAMILY_F
2220,True,9,1,0.16471337179135484,0.27310244724163973,0.9912184435690294,0.008820284343319546,1.0,True,,False,False,gcd_k_not_2,0.1,False,1.0,True,FAMILY_F
2222,True,9,1,0.17412602508946506,0.2834592617697967,1.0093259014083575,0.009282617022774524,1.0,True,,False,False,gcd_k_not_2,0.0,False,1.0,True,FAMILY_F
2223,True,3,1,0.15864718160025015,0.2797932862178108,1.0180722941148885,0.01791045263104896,1.0,True,,False,False,gcd_k_not_2,0.0,False,1.0,True,FAMILY_F
2224,True,9,1,0.19400565015932847,0.34737200072454744,1.0139333119824336,0.01383691495595575,1.0,True,,False,False,gcd_k_not_2,0.0,False,1.0,True,FAMILY_F
2226,True,8,2,8.850113125819316,13.167030954495678,0.2693741797095885,1.1511591018143548,0.55,False,1.0,True,True,,0.0,False,0.5,False,FAMILY_Q
2227,True,3,1,0.1623046434650262,0.2765618727049379,0.9613482255107251,0.03941347486034537,1.0,True,,False,False,gcd_k_not_2,0.2,False,1.0,True,FAMILY_F
2230,True,1,1,0.1721350565674452,0.2834703978020329,1.0038238117700793,0.0038165149526809836,1.0,True,,False,False,gcd_k_not_2,0.0,False,1.0,True,FAMILY_F
2231,True,1,1,0.23821759150662591,0.3607996593456969,1.0170600655372153,0.016915773435504138,1.0,True,,False,False,gcd_k_not_2,0.0,False,1.0,True,FAMILY_F
2233,True,3,1,0.29192434907425363,0.4583419409989365,0.9426315051111299,0.05906266292699525,1.0,True,,False,False,gcd_k_not_2,0.0,False,1.0,True,FAMILY_F
2234,True,9,1,0.1502867762677903,0.2494719914327973,0.9910993964759439,0.00894039096170616,1.0,True,,False,False,gcd_k_not_2,0.0,False,1.0,True,FAMILY_F
2236,True,1,1,0.18739837409620388,0.29260667048730526,0.9888879404676086,0.011174143405765478,1.0,True,,False,False,gcd_k_not_2,0.0,False,1.0,True,FAMILY_F
2239,True,1,1,0.17392453775501435,0.298410642302271,0.9910096079664528,0.00903098809526063,1.0,True,,False,False,gcd_k_not_2,0.0,False,1.0,True,FAMILY_F
2241,True,9,1,0.10823096870349379,0.17622624447976903,1.0063368255906735,0.006316811324846092,1.0,True,,False,False,gcd_k_not_2,0.93,False,1.0,True,FAMILY_F
2242,True,4,2,8.913144595433721,13.259211540763546,0.25425928947719906,1.1891332466569031,0.5,False,1.0,True,True,,0.0,False,0.5,False,FAMILY_Q
2244,True,2,2,8.946914857004325,13.308585683761935,0.27302243259855924,1.1421284476778568,0.55,False,1.0,True,True,,0.0,False,0.5,False,FAMILY_Q
2245,True,3,1,0.1271916062311308,0.20816204518843898,0.9990892827755776,0.000911132116278392,1.0,True,,False,False,gcd_k_not_2,0.82,False,1.0,True,FAMILY_F
2246,True,3,1,0.12118233064685353,0.2154462536808959,1.0265393752456038,0.026191818002438264,1.0,True,,False,False,gcd_k_not_2,0.0,False,1.0,True,FAMILY_F
2247,True,1,1,0.13984251514594714,0.23369057821245892,1.0154855233939148,0.015366543906342293,1.0,True,,False,False,gcd_k_not_2,0.0,False,1.0,True,FAMILY_F
2248,True,3,1,0.1403364455914191,0.23452396688771004,1.022142819889877,0.021900352113687845,1.0,True,,False,False,gcd_k_not_2,0.8,False,1.0,True,FAMILY_F
2257,True,9,1,0.18075390758721496,0.28232505708333117,1.0244554231420666,0.024160001610813886,1.0,True,,False,False,gcd_k_not_2,0.0,False,1.0,True,FAMILY_F
2258,True,9,1,0.15714251208959093,0.285957744103579,1.0838837436385773,0.08050712415665921,1.0,True,,False,False,gcd_k_not_2,0.0,False,1.0,True,FAMILY_F
2260,True,2,2,9.077242149501856,13.4990354718446,0.2715364068284137,1.145800606666999,0.47,False,1.0,True,True,,0.0,False,0.5,False,FAMILY_Q
2261,True,9,1,0.15340130656038295,0.23475102758749117,1.048332851261949,0.047192380117490905,1.0,True,,False,False,gcd_k_not_2,0.0,False,1.0,True,FAMILY_F
2264,True,1,1,0.1596042110966804,0.25825308962496063,0.977144248477845,0.023119963593704558,1.0,True,,False,False,gcd_k_not_2,0.0,False,1.0,True,FAMILY_F
2267,True,3,1,0.1517935569493821,0.269325321718719,0.9783351498998162,0.021902102989254334,1.0,True,,False,False,gcd_k_not_2,0.0,False,1.0,True,FAMILY_F
2271,True,1,1,0.17726652588585198,0.21884814104402778,0.9698849610287809,0.030575429090530713,1.0,True,,False,False,gcd_k_not_2,0.0,False,1.0,True,FAMILY_F
2272,True,7,1,0.17644962828553562,0.2693011339610516,0.9935947061420133,0.006425873662538127,1.0,True,,False,False,gcd_k_not_2,0.0,False,1.0,True,FAMILY_F
2274,True,3,1,0.15706132365830927,0.2597981685889015,1.0324415276366405,0.03192370082534599,1.0,True,,False,False,gcd_k_not_2,0.1,False,1.0,True,FAMILY_F
2277,True,6,2,8.865132508867775,13.188998201327491,0.2825436233112918,1.118802298258468,0.49,False,1.0,True,True,,0.0,False,0.5,False,FAMILY_Q
2279,True,6,2,8.989547219353812,13.37090102561777,0.26377829682001563,1.165112116630747,0.4,False,1.0,True,True,,0.0,False,0.5,False,FAMILY_Q
2281,True,7,1,0.1673619598736157,0.2673689254087042,0.9788735476260183,0.021351998362226187,1.0,True,,False,False,gcd_k_not_2,0.0,False,1.0,True,FAMILY_F
2285,True,1,1,0.10127715356910438,0.19643436488279922,0.9807786394842177,0.019407883478375396,1.0,True,,False,False,gcd_k_not_2,0.0,False,1.0,True,FAMILY_F
2286,True,3,1,0.128994599262998,0.23162573628276623,0.9774301512386816,0.022827454863253074,1.0,True,,False,False,gcd_k_not_2,0.24,False,1.0,True,FAMILY_F
2288,True,3,1,0.14876925507182107,0.22639271549778836,1.0325470780463757,0.03202590325992255,1.0,True,,False,False,gcd_k_not_2,0.0,False,1.0,True,FAMILY_F
2290,True,9,1,0.13361156617040407,0.22545006745879834,0.9984090098909194,0.0015922567414439913,1.0,True,,False,False,gcd_k_not_2,0.84,False,1.0,True,FAMILY_F
2294,True,7,1,0.1295994639410906,0.23482629522216933,0.9495229011921201,0.0517840531927206,1.0,True,,False,False,gcd_k_not_2,0.0,False,1.0,True,FAMILY_F
2295,True,9,1,0.20133175572993597,0.3189393619070189,0.9334615412134847,0.06882832408939903,1.0,True,,False,False,gcd_k_not_2,0.0,False,1.0,True,FAMILY_F
2297,True,3,1,0.15751031296006215,0.21586769194080452,0.9689955595719187,0.031492646367188334,1.0,True,,False,False,gcd_k_not_2,0.0,False,1.0,True,FAMILY_F
2300,True,3,1,0.13869132183808763,0.21650240587311537,1.017062803762326,0.01691846553364576,1.0,True,,False,False,gcd_k_not_2,1.0,True,1.0,True,FAMILY_F
2301,True,9,1,0.13318845732180826,0.21244073320593995,0.9939901145553214,0.006027999237116495,1.0,True,,False,False,gcd_k_not_2,0.0,False,1.0,True,FAMILY_F
2302,True,6,2,8.834362718586236,13.143989400440923,0.2703443265161847,1.1487525992025112,0.49,False,1.0,True,True,,0.0,False,0.5,False,FAMILY_Q
2306,True,3,1,0.16843542661746774,0.3069051608773493,0.994785563312755,0.005228067400473207,1.0,True,,False,False,gcd_k_not_2,0.2,False,1.0,True,FAMILY_F
2307,True,3,1,0.1779559660970853,0.29782330734064766,0.9394175812922987,0.06247485770169545,1.0,True,,False,False,gcd_k_not_2,0.6,False,1.0,True,FAMILY_F
2310,True,9,1,0.15209313847651923,0.23509645955317518,1.126270565465323,0.11877186987977628,1.0,True,,False,False,gcd_k_not_2,0.0,False,1.0,True,FAMILY_F
2311,True,1,1,0.18572505370766096,0.32066978573872457,1.0225874686329597,0.02233522058576413,1.0,True,,False,False,gcd_k_not_2,0.0,False,1.0,True,FAMILY_F
2313,True,3,1,0.11550376832648027,0.19089865457787586,0.9687193839296431,0.03177762796028305,1.0,True,,False,False,gcd_k_not_2,0.0,False,1.0,True,FAMILY_F
2314,True,9,1,0.1567692186817132,0.28803483827950677,0.9797795804526997,0.02042694019773312,1.0,True,,False,False,gcd_k_not_2,0.28,False,1.0,True,FAMILY_F
2318,True,4,2,9.062284920031262,13.477188876565812,0.26956973648620547,1.1506737164913996,0.54,False,1.0,True,True,,0.0,False,0.5,False,FAMILY_Q
2319,True,7,1,0.16887349315934846,0.25214690994910205,1.0165149099775104,0.016379655707772223,1.0,True,,False,False,gcd_k_not_2,0.0,False,1.0,True,FAMILY_F
2320,True,1,1,0.13382796316038034,0.2141533587740077,0.9831232390139026,0.01702038547487271,1.0,True,,False,False,gcd_k_not_2,0.0,False,1.0,True,FAMILY_F
2321,True,3,1,0.09450057625976083,0.15498175348053925,1.0523447344312868,0.05100969009067755,1.0,True,,False,False,gcd_k_not_2,0.0,False,1.0,True,FAMILY_F
2323,True,9,1,0.2878781171110029,0.5261246317366215,0.998698702176968,0.0013021450622994113,1.0,True,,False,False,gcd_k_not_2,0.4,False,1.0,True,FAMILY_F
2326,True,9,1,0.2365515432140473,0.4329953258803203,0.9686579778248549,0.03184100288438574,1.0,True,,False,False,gcd_k_not_2,0.0,False,1.0,True,FAMILY_F
2327,True,1,1,0.15046296130620207,0.24596922649679248,1.0497173466403373,0.04851141716864357,1.0,True,,False,False,gcd_k_not_2,0.0,False,1.0,True,FAMILY_F
2328,True,7,1,0.18409425453760367,0.33204002170313984,1.0226766592811083,0.022422426419028325,1.0,True,,False,False,gcd_k_not_2,0.0,False,1.0,True,FAMILY_F
2330,True,6,2,8.857650384229316,13.178054514521277,0.27545155172598407,1.1361442107205602,0.5,False,1.0,True,True,,0.0,False,0.5,False,FAMILY_Q
2332,True,9,1,0.17222614559274652,0.2692753728702815,1.0858112719300472,0.0822809552185842,1.0,True,,False,False,gcd_k_not_2,0.0,False,1.0,True,FAMILY_F
2333,True,7,1,0.12353756562504346,0.1990855208849311,0.9778357113410773,0.022412669092615533,1.0,True,,False,False,gcd_k_not_2,0.0,False,1.0,True,FAMILY_F
2335,True,9,1,0.1447705971266191,0.24931380928815505,0.9978847028397683,0.002117536769989901,1.0,True,,False,False,gcd_k_not_2,0.0,False,1.0,True,FAMILY_F
2339,True,7,1,0.1330344838269816,0.219992178272859,0.9975039978543521,0.0024991210514012465,1.0,True,,False,False,gcd_k_not_2,0.0,False,1.0,True,FAMILY_F
2341,True,7,1,0.16736609928209853,0.33159695190050575,1.0251104344015238,0.024799076608327947,1.0,True,,False,False,gcd_k_not_2,0.0,False,1.0,True,FAMILY_F
2342,True,3,1,0.12998510632923482,0.21939878571053337,0.9823766334316467,0.017780038637608304,1.0,True,,False,False,gcd_k_not_2,0.0,False,1.0,True,FAMILY_F
2345,True,1,1,0.11460516316060146,0.20813864348082414,0.9796945008479443,0.0205137703250258,1.0,True,,False,False,gcd_k_not_2,0.0,False,1.0,True,FAMILY_F
2346,True,1,1,0.25056774309145247,0.4151022937942102,1.0048304970354307,0.004818858295076422,1.0,True,,False,False,gcd_k_not_2,0.0,False,1.0,True,FAMILY_F
2351,True,7,1,0.14550589165925476,0.2483262974681283,0.9973727023297607,0.002630753556584323,1.0,True,,False,False,gcd_k_not_2,0.08,False,1.0,True,FAMILY_F
2353,True,7,1,0.26597676960240624,0.40189453177205503,0.9783145694858413,0.021923136844505677,1.0,True,,False,False,gcd_k_not_2,0.0,False,1.0,True,FAMILY_F
2354,True,1,1,0.1422524228856198,0.2251742310929489,0.9837459343256124,0.016387245355502865,1.0,True,,False,False,gcd_k_not_2,0.0,False,1.0,True,FAMILY_F
2355,True,3,1,0.16337526463630245,0.2490383101390326,0.9928536826621556,0.00717194383111766,1.0,True,,False,False,gcd_k_not_2,0.0,False,1.0,True,FAMILY_F
2358,True,4,2,8.639766015617399,12.859151978255685,0.2531502208758523,1.191955707596108,0.46,False,1.0,True,True,,0.25,False,0.5,False,FAMILY_Q
2359,True,9,1,0.15271637168773075,0.22108017565259008,1.0324855503410395,0.0319663284549192,1.0,True,,False,False,gcd_k_not_2,1.0,True,1.0,True,FAMILY_F
2361,True,7,1,0.16747794981336736,0.28788090854954923,0.9802992802998183,0.019896709448077986,1.0,True,,False,False,gcd_k_not_2,0.0,False,1.0,True,FAMILY_F
2362,True,9,1,0.16573463975690317,0.24134559604781405,0.9999267442897477,7.325839355010515e-05,1.0,True,,False,False,gcd_k_not_2,0.0,False,1.0,True,FAMILY_F
2364,True,1,1,0.08632538436603972,0.15309864193423967,1.0319501135496345,0.03144773421018739,1.0,True,,False,False,gcd_k_not_2,0.0,False,1.0,True,FAMILY_F
2365,True,1,1,0.13012978057114924,0.1973086558237038,0.988552707045138,0.01151319038646143,1.0,True,,False,False,gcd_k_not_2,0.0,False,1.0,True,FAMILY_F
2366,True,3,1,0.2543821626708693,0.38349282372462934,0.9924205202942644,0.007608313233610079,1.0,True,,False,False,gcd_k_not_2,0.0,False,1.0,True,FAMILY_F
2367,True,8,2,9.1580484156846,13.617043181998406,0.2727432396448583,1.142817714841012,0.45,False,1.0,True,True,,0.0,False,0.5,False,FAMILY_Q
2371,True,9,1,0.1650431700070734,0.250051924672809,0.9479952290140599,0.05339311946083288,1.0,True,,False,False,gcd_k_not_2,0.0,False,1.0,True,FAMILY_F
2372,True,7,1,0.13733378619757777,0.18671777799878247,1.0224081155422722,0.02215983546551758,1.0,True,,False,False,gcd_k_not_2,1.0,True,1.0,True,FAMILY_F
2375,True,3,1,0.14229356757087083,0.2181797121560871,1.0120870194058937,0.012014410201267162,1.0,True,,False,False,gcd_k_not_2,1.0,True,1.0,True,FAMILY_F
2377,True,7,1,0.1970268097104948,0.316174375221116,1.0030751323779192,0.0030704114171380523,1.0,True,,False,False,gcd_k_not_2,0.0,False,1.0,True,FAMILY_F
2378,True,4,2,9.168599700131145,13.632447341182765,0.26480889884058784,1.1625330938663379,0.56,False,1.0,True,True,,0.0,False,0.5,False,FAMILY_Q
2383,True,1,1,0.13989267591489046,0.2258258915406574,1.0079446173780806,0.007913183769435261,1.0,True,,False,False,gcd_k_not_2,0.0,False,1.0,True,FAMILY_F
2386,True,7,1,0.21349060883173057,0.36595386685963494,1.031963103654525,0.03146031893693209,1.0,True,,False,False,gcd_k_not_2,0.0,False,1.0,True,FAMILY_F
2391,True,7,1,0.12299244865056365,0.22276956961394798,1.0082459943328672,0.008212135720561032,1.0,True,,False,False,gcd_k_not_2,0.0,False,1.0,True,FAMILY_F
2393,True,1,1,0.25150972245836684,0.36728793640794005,0.9368491022857433,0.06520993054103198,1.0,True,,False,False,gcd_k_not_2,1.0,True,1.0,True,FAMILY_F
2397,True,1,1,0.1378945305443902,0.23211761081481483,0.997306170032513,0.0026974632211176795,1.0,True,,False,False,gcd_k_not_2,0.0,False,1.0,True,FAMILY_F
2399,True,9,1,0.20055023319024493,0.3394923759241168,1.0097735377777148,0.009726009019425884,1.0,True,,False,False,gcd_k_not_2,0.0,False,1.0,True,FAMILY_F
2400,True,8,2,9.162164459636118,13.6230531067832,0.2784840276938583,1.1287054928759948,0.6,False,1.0,True,True,,0.25,False,0.5,False,FAMILY_Q
2401,True,8,2,8.926751082646469,13.27910556674118,0.2642676716910441,1.163886959673443,0.47,False,1.0,True,True,,0.0,False,0.5,False,FAMILY_Q
2402,True,3,1,0.15403350428216867,0.2359623061457768,1.002900476217454,0.002896275927730294,1.0,True,,False,False,gcd_k_not_2,0.0,False,1.0,True,FAMILY_F
2403,True,1,1,0.14501246699026715,0.2285036269236258,1.062244271519384,0.06036556617371497,1.0,True,,False,False,gcd_k_not_2,0.0,False,1.0,True,FAMILY_F
2404,True,3,1,0.21789175260873436,0.3446532699319073,0.9867388647433291,0.013349651020577597,1.0,True,,False,False,gcd_k_not_2,0.0,False,1.0,True,FAMILY_F
2405,True,7,1,0.19866302649171316,0.3067825122313311,0.981120621523765,0.01905929227238475,1.0,True,,False,False,gcd_k_not_2,0.0,False,1.0,True,FAMILY_F
2406,True,1,1,0.12523081680088355,0.21600992796172538,0.9909017260074782,0.009139852433366819,1.0,True,,False,False,gcd_k_not_2,0.0,False,1.0,True,FAMILY_F
2408,True,9,1,0.1897648801425016,0.30983394444623763,0.9831501820397784,0.016992982289309646,1.0,True,,False,False,gcd_k_not_2,0.0,False,1.0,True,FAMILY_F
2411,True,9,1,0.17666193540503938,0.29792482655255553,0.9741484984132863,0.026190027353556918,1.0,True,,False,False,gcd_k_not_2,0.0,False,1.0,True,FAMILY_F
2413,True,7,1,0.11938932576803682,0.21506346486324102,0.9935941691393886,0.006426414121562891,1.0,True,,False,False,gcd_k_not_2,0.3,False,1.0,True,FAMILY_F
2414,True,6,2,8.984090134572863,13.362926533539046,0.2717707024135518,1.1452210625774333,0.58,False,1.0,True,True,,0.0,False,0.5,False,FAMILY_Q
2417,True,9,1,0.16936525818430895,0.2929029166009591,1.0010225077166515,0.0010219852227632757,1.0,True,,False,False,gcd_k_not_2,0.0,False,1.0,True,FAMILY_F
2421,True,4,2,9.030296320242334,13.430450594435133,0.2702570477181833,1.148968948596168,0.5,False,1.0,True,True,,0.25,False,0.5,False,FAMILY_Q
2422,True,3,1,0.13402860683708107,0.22526395287237005,0.9847777216555015,0.015339025804664577,1.0,True,,False,False,gcd_k_not_2,0.0,False,1.0,True,FAMILY_F
2423,True,9,1,0.1436709091287872,0.2440190710473286,1.1663132867062074,0.1535449999100362,1.0,True,,False,False,gcd_k_not_2,0.0,False,1.0,True,FAMILY_F
2424,True,3,1,0.10725517514754712,0.1422557609431943,0.9958337317703866,0.004174965242137444,1.0,True,,False,False,gcd_k_not_2,0.0,False,1.0,True,FAMILY_F
2426,True,9,1,0.09435168817371131,0.16049623657491724,0.9918901611504667,0.008142857480504069,1.0,True,,False,False,gcd_k_not_2,0.0,False,1.0,True,FAMILY_F
2428,True,3,1,0.15259035875496993,0.24128747110969184,1.0535995736138204,0.05220060843653048,1.0,True,,False,False,gcd_k_not_2,0.9,False,1.0,True,FAMILY_F
2431,True,7,1,0.150352818601185,0.28250844228155086,0.9815873866856244,0.018583700560561515,1.0,True,,False,False,gcd_k_not_2,0.0,False,1.0,True,FAMILY_F
2432,True,3,1,0.1710231779172821,0.2984742404767203,0.974948953292484,0.02536880425770274,1.0,True,,False,False,gcd_k_not_2,0.0,False,1.0,True,FAMILY_F
2433,True,1,1,0.15200248217671067,0.25201182304405734,1.020413340501523,0.020207093362842165,1.0,True,,False,False,gcd_k_not_2,0.0,False,1.0,True,FAMILY_F
2437,True,7,1,0.22934202174839288,0.3508189934969263,1.0060610192754642,0.006042706794286121,1.0,True,,False,False,gcd_k_not_2,0.0,False,1.0,True,FAMILY_F
2443,True,3,1,0.11037642436581552,0.17497913630607215,1.0084559112444942,0.008420310545183513,1.0,True,,False,False,gcd_k_not_2,0.0,False,1.0,True,FAMILY_F
2446,True,8,2,8.794048146336017,13.08500686676097,0.2579742777310015,1.179715253967489,0.48,False,1.0,True,True,,0.25,False,0.5,False,FAMILY_Q
2448,True,9,1,0.18348172876683935,0.29600084928915704,0.9677007447989406,0.03282943840564511,1.0,True,,False,False,gcd_k_not_2,0.0,False,1.0,True,FAMILY_F
2449,True,1,1,0.14526871810390174,0.22924239511158323,0.9868481376483714,0.01323892058221929,1.0,True,,False,False,gcd_k_not_2,0.0,False,1.0,True,FAMILY_F
2451,True,7,1,0.16485944280052792,0.30522739026927215,0.9842629775331135,0.015861831465959344,1.0,True,,False,False,gcd_k_not_2,0.0,False,1.0,True,FAMILY_F
2452,True,3,1,0.09855726877132054,0.17082049444605454,0.9954730060897963,0.00453726399343738,1.0,True,,False,False,gcd_k_not_2,0.0,False,1.0,True,FAMILY_F
2453,True,9,1,0.14565689310620067,0.22487908428567466,0.9355972252675052,0.06654563655266053,1.0,True,,False,False,gcd_k_not_2,0.0,False,1.0,True,FAMILY_F
2455,True,9,1,0.10064064173362937,0.17097877568380523,0.9939021313841737,0.006116517475803235,1.0,True,,False,False,gcd_k_not_2,0.0,False,1.0,True,FAMILY_F
2456,True,3,1,0.1738434365741257,0.27342895329092787,1.028101797617002,0.027712413301956812,1.0,True,,False,False,gcd_k_not_2,0.3,False,1.0,True,FAMILY_F
2457,True,8,2,9.343634987001888,13.887842027432328,0.26483590450289596,1.1624655702449198,0.54,False,1.0,True,True,,0.25,False,0.5,False,FAMILY_Q
2461,True,1,1,0.11726457077335602,0.1787910604500921,1.0022976080628074,0.002294971590192673,1.0,True,,False,False,gcd_k_not_2,0.0,False,1.0,True,FAMILY_F
2462,True,6,2,8.768098952360694,13.047034287110238,0.26295233631031856,1.1671820740962346,0.54,False,1.0,True,True,,0.0,False,0.5,False,FAMILY_Q
2465,True,7,1,0.16375675087611774,0.2713769534220692,1.018296858768735,0.018130988698954062,1.0,True,,False,False,gcd_k_not_2,0.0,False,1.0,True,FAMILY_F
2467,True,4,2,8.961929502064223,13.330533511062749,0.2504967263941072,1.198728885547964,0.48,False,1.0,True,True,,0.0,False,0.5,False,FAMILY_Q
2468,True,1,1,0.1244026203454714,0.20906550562993195,1.0368579596057157,0.03619099646285648,1.0,True,,False,False,gcd_k_not_2,0.0,False,1.0,True,FAMILY_F
2469,True,7,1,0.1595238203809314,0.2648558519726162,0.9948942219499115,0.005118845895596305,1.0,True,,False,False,gcd_k_not_2,0.0,False,1.0,True,FAMILY_F
2471,True,6,2,8.752247271164471,13.023835686066146,0.2773113031733888,1.1315780186570692,0.48,False,1.0,True,True,,0.32,False,0.5,False,FAMILY_Q
2473,True,9,1,0.19252128808201988,0.31275240619802286,0.9806067179743899,0.01958317302431854,1.0,True,,False,False,gcd_k_not_2,0.6,False,1.0,True,FAMILY_F
2475,True,3,1,0.1393302816943568,0.28068104796854915,1.0035912611596127,0.0035848241397642166,1.0,True,,False,False,gcd_k_not_2,0.0,False,1.0,True,FAMILY_F
2476,True,4,2,8.80907811523552,13.106999539941649,0.2850446968915166,1.112732194978024,0.48,False,1.0,True,True,,0.0,False,0.5,False,FAMILY_Q
2477,True,7,1,0.12573252876444646,0.2064468512290128,1.0016996142551595,0.0016981711372233215,1.0,True,,False,False,gcd_k_not_2,0.0,False,1.0,True,FAMILY_F
2479,True,9,1,0.10707581192702378,0.17800126578550302,0.9708738126778858,0.029556623193992944,1.0,True,,False,False,gcd_k_not_2,0.0,False,1.0,True,FAMILY_F
2480,True,3,1,0.15120299911036605,0.17991813083446717,0.9872337111148546,0.012848301449136958,1.0,True,,False,False,gcd_k_not_2,0.0,False,1.0,True,FAMILY_F
2481,True,1,1,0.10488777115878944,0.19914216872220117,0.9711338692091357,0.029288858805359613,1.0,True,,False,False,gcd_k_not_2,0.3,False,1.0,True,FAMILY_F
2482,True,1,1,0.20559184784811738,0.3112194718098504,0.9840225467737622,0.016106120620674305,1.0,True,,False,False,gcd_k_not_2,0.0,False,1.0,True,FAMILY_F
2483,True,7,1,0.18352716131652028,0.29211927509805014,1.0098973066749475,0.009848569518530205,1.0,True,,False,False,gcd_k_not_2,1.0,True,1.0,True,FAMILY_F
2485,True,4,2,9.01488955242609,13.407937018510875,0.2697007520539484,1.150348610512632,0.52,False,1.0,True,True,,0.0,False,0.5,False,FAMILY_Q
2486,True,9,1,0.14815243986001597,0.23074402192338667,1.2504353369732475,0.22256612563689449,1.0,True,,False,False,gcd_k_not_2,0.0,False,1.0,True,FAMILY_F
2488,True,7,1,0.08529798124080747,0.1288661249500587,0.974016723556962,0.026325285022123786,1.0,True,,False,False,gcd_k_not_2,0.0,False,1.0,True,FAMILY_F
2489,True,2,2,8.824150875419008,13.12905146561768,0.27459218287568116,1.138258694616633,0.58,False,1.0,True,True,,0.25,False,0.5,False,FAMILY_Q
2490,True,7,1,0.09852616391311177,0.1825865228940391,0.9540809256427589,0.046998129662554136,1.0,True,,False,False,gcd_k_not_2,0.0,False,1.0,True,FAMILY_F
2493,True,9,1,0.23217898303366452,0.39643868404653526,0.991642383865159,0.008392687565346403,1.0,True,,False,False,gcd_k_not_2,0.0,False,1.0,True,FAMILY_F
2494,True,7,1,0.13873359512148786,0.22963523343453723,1.0289906101339055,0.02857638669110675,1.0,True,,False,False,gcd_k_not_2,0.0,False,1.0,True,FAMILY_F
2495,True,3,1,0.15473135199911534,0.28309688176088454,1.0017494788976913,0.0017479498969617724,1.0,True,,False,False,gcd_k_not_2,0.0,False,1.0,True,FAMILY_F
2496,True,2,2,8.634631684659087,12.851632161780673,0.2676827933487329,1.1553634876068093,0.52,False,1.0,True,True,,0.5,False,0.5,False,FAMILY_Q
2499,True,7,1,0.13951198198051196,0.2563454810446642,1.013646083539417,0.013553606714672583,1.0,True,,False,False,gcd_k_not_2,0.09,False,1.0,True,FAMILY_F
2501,True,3,1,0.15232140879192277,0.29161253013727007,1.0550009904808468,0.05352891870672757,1.0,True,,False,False,gcd_k_not_2,0.0,False,1.0,True,FAMILY_F
2504,True,4,2,8.956450383371523,13.322527260876363,0.2707971757641421,1.1476305395428372,0.54,False,1.0,True,True,,0.0,False,0.5,False,FAMILY_Q
2505,True,6,2,8.880432822050228,13.211375987404084,0.25499720643457097,1.1872580906884587,0.52,False,1.0,True,True,,0.0,False,0.5,False,FAMILY_Q
2508,True,9,1,0.11167208692977744,0.1819030549838569,1.007014275270661,0.006989761216038255,1.0,True,,False,False,gcd_k_not_2,0.0,False,1.0,True,FAMILY_F
2509,True,4,2,9.048475580928793,13.45701048904519,0.26370045658663877,1.1653070782330304,0.5,False,1.0,True,True,,0.0,False,0.5,False,FAMILY_Q
2513,True,6,2,9.020738690156053,13.416485233853589,0.2734986623318196,1.1409534366340546,0.47,False,1.0,True,True,,0.5,False,0.5,False,FAMILY_Q
2517,True,9,1,0.2043358629637679,0.30689033871749266,1.0014033791033272,0.0014023950573681817,1.0,True,,False,False,gcd_k_not_2,1.0,True,1.0,True,FAMILY_F
2518,True,1,1,0.1564181522329562,0.22379937402525696,1.0028668278443644,0.0028627243753893993,1.0,True,,False,False,gcd_k_not_2,1.0,True,1.0,True,FAMILY_F
2519,True,3,1,0.1857376379498516,0.3754089014538553,1.0041326877501389,0.004124165805387123,1.0,True,,False,False,gcd_k_not_2,0.0,False,1.0,True,FAMILY_F
2520,True,7,1,0.11355293400621533,0.20212502293322748,0.9249717962302,0.07795252264654759,1.0,True,,False,False,gcd_k_not_2,0.0,False,1.0,True,FAMILY_F
2521,True,4,2,9.11643547422458,13.556281784484273,0.26172106015978736,1.1702728331200483,0.5,False,1.0,True,True,,0.0,False,0.5,False,FAMILY_Q
2522,True,7,1,0.12129599547440349,0.21683841152451527,0.9419851156729498,0.059748021608236127,1.0,True,,False,False,gcd_k_not_2,0.0,False,1.0,True,FAMILY_F
2523,True,7,1,0.14307745450564627,0.249078045251092,1.0220251343356765,0.021785223102988582,1.0,True,,False,False,gcd_k_not_2,0.0,False,1.0,True,FAMILY_F
2527,True,1,1,0.12436786024258105,0.23258749728014327,0.9898037947397761,0.01024845292503561,1.0,True,,False,False,gcd_k_not_2,0.0,False,1.0,True,FAMILY_F
2529,True,8,2,8.998134947860438,13.383451913522913,0.26269914801622046,1.1678171370308208,0.46,False,1.0,True,True,,0.0,False,0.5,False,FAMILY_Q
2532,True,7,1,0.175958162037717,0.2940781899809844,1.0079199787512916,0.007888739426973447,1.0,True,,False,False,gcd_k_not_2,0.0,False,1.0,True,FAMILY_F
2533,True,1,1,0.10916258861821716,0.199376866029581,1.0152180146011585,0.01510309504073216,1.0,True,,False,False,gcd_k_not_2,0.0,False,1.0,True,FAMILY_F
2536,True,6,2,8.689236935107063,12.931594381546002,0.27620572515209224,1.1342909071523704,0.55,False,1.0,True,True,,0.0,False,0.5,False,FAMILY_Q
2537,True,1,1,0.17448309814836588,0.31630366407091814,0.995893224009604,0.004115226146362487,1.0,True,,False,False,gcd_k_not_2,0.3,False,1.0,True,FAMILY_F
2539,True,7,1,0.2302629879275302,0.4061364333845727,1.031526192624617,0.031036954127465165,1.0,True,,False,False,gcd_k_not_2,0.0,False,1.0,True,FAMILY_F
2541,True,1,1,0.18231647215911598,0.30933602895795087,0.9899762742656887,0.010074216325026454,1.0,True,,False,False,gcd_k_not_2,0.0,False,1.0,True,FAMILY_F
2544,True,3,1,0.14833441949269982,0.2322302915105843,1.0601626949278065,0.05840577064707481,1.0,True,,False,False,gcd_k_not_2,0.2,False,1.0,True,FAMILY_F
2548,True,4,2,9.065693496564892,13.48216512328735,0.2648264825142363,1.1624891281915248,0.52,False,1.0,True,True,,0.0,False,0.5,False,FAMILY_Q
2549,True,8,2,8.643379020780703,12.864442616343569,0.2635903959017927,1.1655827813927793,0.48,False,1.0,True,True,,0.5,False,0.5,False,FAMILY_Q
2550,True,4,2,8.875681227003522,13.204425788193753,0.2632581388838609,1.1664153801012989,0.56,False,1.0,True,True,,0.5,False,0.5,False,FAMILY_Q
2553,True,3,1,0.14935304784619555,0.23914137537449623,0.9812401339339186,0.018937498534144906,1.0,True,,False,False,gcd_k_not_2,0.0,False,1.0,True,FAMILY_F
2555,True,9,1,0.13097681715406942,0.23492791985986894,0.9884943283441705,0.011572244880789149,1.0,True,,False,False,gcd_k_not_2,0.0,False,1.0,True,FAMILY_F
2556,True,3,1,0.2384178953836794,0.38276876928713316,0.9760353290067625,0.024255306209816783,1.0,True,,False,False,gcd_k_not_2,0.0,False,1.0,True,FAMILY_F
2560,True,1,1,0.1551608916079136,0.2511144913196453,0.9904263354616121,0.009619712488548426,1.0,True,,False,False,gcd_k_not_2,0.0,False,1.0,True,FAMILY_F
2565,True,3,1,0.1700330715212024,0.3017557948478832,0.994316245198245,0.005699953370424484,1.0,True,,False,False,gcd_k_not_2,0.0,False,1.0,True,FAMILY_F
2566,True,3,1,0.10616956585515026,0.17990589458804337,1.0207571689683663,0.020543951828673475,1.0,True,,False,False,gcd_k_not_2,0.0,False,1.0,True,FAMILY_F
2567,True,7,1,0.10656659649592183,0.21207188550932884,1.0245798479344774,0.02428143099374859,1.0,True,,False,False,gcd_k_not_2,0.0,False,1.0,True,FAMILY_F
2570,True,9,1,0.1558563591976066,0.2245105561701082,0.9877815945276246,0.012293509011264381,1.0,True,,False,False,gcd_k_not_2,0.0,False,1.0,True,FAMILY_F
2573,True,7,1,0.20525891425003304,0.3347691268869892,0.970264622905215,0.030184145570191757,1.0,True,,False,False,gcd_k_not_2,0.0,False,1.0,True,FAMILY_F
2575,True,9,1,0.1313200117159119,0.2276157189566912,1.0031188134815339,0.0031139575551319488,1.0,True,,False,False,gcd_k_not_2,0.0,False,1.0,True,FAMILY_F
2576,True,4,2,8.866318529401545,13.190733863333623,0.27982201857494976,1.125434585391726,0.55,False,1.0,True,True,,0.0,False,0.5,False,FAMILY_Q
2577,True,3,1,0.1670118155530222,0.3054381743833401,0.9878887746345978,0.012185013085179695,1.0,True,,False,False,gcd_k_not_2,0.0,False,1.0,True,FAMILY_F
2578,True,6,2,8.839724450081892,13.15183378758717,0.27327529337915374,1.1415044498227664,0.47,False,1.0,True,True,,0.0,False,0.5,False,FAMILY_Q
2579,True,1,1,0.1402718976392467,0.2070473932174911,1.0182893557275556,0.018123621051316128,1.0,True,,False,False,gcd_k_not_2,1.0,True,1.0,True,FAMILY_F
2584,True,9,1,0.13041739430883154,0.22593946111076138,1.021107706685818,0.02088726554848486,1.0,True,,False,False,gcd_k_not_2,0.0,False,1.0,True,FAMILY_F
2586,True,7,1,0.16676710641217415,0.24964732620174396,1.0135717500851094,0.013480274625958263,1.0,True,,False,False,gcd_k_not_2,0.0,False,1.0,True,FAMILY_F
2587,True,9,1,0.16022986953051774,0.2485737347032671,0.986748369867464,0.013340018628952115,1.0,True,,False,False,gcd_k_not_2,0.0,False,1.0,True,FAMILY_F
2589,True,3,1,0.12512312359985378,0.199195976164577,0.990908046449889,0.009133474111296612,1.0,True,,False,False,gcd_k_not_2,0.0,False,1.0,True,FAMILY_F
2590,True,9,1,0.13957504783708602,0.22381506081990687,0.9909198813120096,0.009121530979947473,1.0,True,,False,False,gcd_k_not_2,0.0,False,1.0,True,FAMILY_F
2592,True,3,1,0.1368857005978651,0.24592432855331003,0.9995905303149512,0.0004095535349272725,1.0,True,,False,False,gcd_k_not_2,0.0,False,1.0,True,FAMILY_F
2598,True,2,2,8.992636412699213,13.375417427731973,0.25898345690332125,1.1771664496995566,0.5,False,1.0,True,True,,0.0,False,0.5,False,FAMILY_Q
2599,True,8,2,8.832558614836405,13.141350162590689,0.2694069550551628,1.1510777407282895,0.43,False,1.0,True,True,,0.0,False,0.5,False,FAMILY_Q
2600,True,4,2,8.91472804052518,13.26152808660256,0.27399679517520603,1.139725323602483,0.49,False,1.0,True,True,,0.0,False,0.5,False,FAMILY_Q
2603,True,7,1,0.14402558589673675,0.22363476308493996,1.0036173370085637,0.0036108062570116665,1.0,True,,False,False,gcd_k_not_2,1.0,True,1.0,True,FAMILY_F
2607,True,7,1,0.09378367262948777,0.15042192313745556,1.03379106503285,0.03322963269317345,1.0,True,,False,False,gcd_k_not_2,0.0,False,1.0,True,FAMILY_F
2609,True,7,1,0.13955788596528534,0.2222461417229826,1.0187775587085866,0.018602900183414435,1.0,True,,False,False,gcd_k_not_2,0.0,False,1.0,True,FAMILY_F
2610,True,9,1,0.16343058971004584,0.2893558916000094,1.0198229388002316,0.019628392587724867,1.0,True,,False,False,gcd_k_not_2,0.0,False,1.0,True,FAMILY_F
2611,True,3,1,0.10618999431944047,0.1830591299281111,0.9974177457284681,0.0025855926003001653,1.0,True,,False,False,gcd_k_not_2,0.0,False,1.0,True,FAMILY_F
2612,True,7,1,0.16888557621570638,0.2804319625163628,0.9972526621510327,0.0027511169728604906,1.0,True,,False,False,gcd_k_not_2,0.0,False,1.0,True,FAMILY_F
2613,True,4,2,8.923623751982738,13.274534356413318,0.27024122760315966,1.1490081671712624,0.52,False,1.0,True,True,,0.0,False,0.5,False,FAMILY_Q
2614,True,3,1,0.16979234415246283,0.28229791963147005,0.9752892689187764,0.025019860604770718,1.0,True,,False,False,gcd_k_not_2,0.0,False,1.0,True,FAMILY_F
2615,True,7,1,0.1450561863356465,0.19200262237713978,1.044113587608057,0.04316158150455515,1.0,True,,False,False,gcd_k_not_2,1.0,True,1.0,True,FAMILY_F
2620,True,3,1,0.12920571542613535,0.22002808207669014,1.0415524863235956,0.04070675292646806,1.0,True,,False,False,gcd_k_not_2,0.0,False,1.0,True,FAMILY_F
2621,True,7,1,0.12587098309432534,0.19378809175360112,0.9760477416891222,0.024242590708262374,1.0,True,,False,False,gcd_k_not_2,0.0,False,1.0,True,FAMILY_F
2622,True,3,1,0.1811405875796859,0.27738027517682035,0.9887528843804743,0.011310722119233447,1.0,True,,False,False,gcd_k_not_2,0.0,False,1.0,True,FAMILY_F
2625,True,3,1,0.1736574153879542,0.26997244501007056,0.9970100338414573,0.002994442799860421,1.0,True,,False,False,gcd_k_not_2,0.0,False,1.0,True,FAMILY_F
2626,True,1,1,0.1607705498338111,0.2418739082793696,0.9996616886090393,0.0003383686279413637,1.0,True,,False,False,gcd_k_not_2,0.0,False,1.0,True,FAMILY_F
2630,True,1,1,0.13373151356587745,0.21988263415448844,1.0005167044607295,0.0005165710034586249,1.0,True,,False,False,gcd_k_not_2,0.0,False,1.0,True,FAMILY_F
2632,True,1,1,0.15383995025794558,0.2645051126462375,1.05382274699343,0.05241226106023075,1.0,True,,False,False,gcd_k_not_2,0.0,False,1.0,True,FAMILY_F
2633,True,7,1,0.16990815317735133,0.3000971570854486,1.0549383003830055,0.05346953762335917,1.0,True,,False,False,gcd_k_not_2,0.0,False,1.0,True,FAMILY_F
2634,True,1,1,0.14940865441999293,0.24444044432620832,1.045899915065175,0.044870147094866975,1.0,True,,False,False,gcd_k_not_2,0.0,False,1.0,True,FAMILY_F
2635,True,4,2,8.864426103900906,13.187966084472581,0.2652842660749806,1.1613449303438668,0.53,False,1.0,True,True,,0.0,False,0.5,False,FAMILY_Q
2636,True,3,1,0.12503504109606353,0.20485613970553462,1.002951165798445,0.002946817524898073,1.0,True,,False,False,gcd_k_not_2,0.0,False,1.0,True,FAMILY_F
2637,True,6,2,9.12923133651693,13.574966868875329,0.25518571280964364,1.186779421705084,0.5,False,1.0,True,True,,0.0,False,0.5,False,FAMILY_Q
2640,True,4,2,8.95011473164058,13.313265078944113,0.2654175705582127,1.161011900787408,0.54,False,1.0,True,True,,0.3,False,0.5,False,FAMILY_Q
2643,True,7,1,0.16853100813183913,0.2932900901224056,1.027598260425595,0.027222612057086988,1.0,True,,False,False,gcd_k_not_2,0.0,False,1.0,True,FAMILY_F
2645,True,9,1,0.21933485746924894,0.3683082410131815,0.9898761217812706,0.010175385400038758,1.0,True,,False,False,gcd_k_not_2,0.0,False,1.0,True,FAMILY_F
2646,True,1,1,0.12938078887264237,0.1980523358837222,1.0129124828400222,0.012829651512522794,1.0,True,,False,False,gcd_k_not_2,0.16,False,1.0,True,FAMILY_F
2647,True,1,1,0.1858734271618293,0.28687998057433345,0.9637005112513276,0.036970493759805864,1.0,True,,False,False,gcd_k_not_2,0.0,False,1.0,True,FAMILY_F
2649,True,1,1,0.10972187612002715,0.20143536414612298,1.023708486309565,0.02343073270676416,1.0,True,,False,False,gcd_k_not_2,0.0,False,1.0,True,FAMILY_F
2651,True,4,2,8.881044246438083,13.212270141114333,0.26669965583317745,1.1578124945245856,0.55,False,1.0,True,True,,0.0,False,0.5,False,FAMILY_Q
2655,True,7,1,0.17601602607896102,0.2167542982817179,0.9993878991752829,0.0006122882157779536,1.0,True,,False,False,gcd_k_not_2,1.0,True,1.0,True,FAMILY_F
2657,True,3,1,0.15688100743258282,0.29556108295997235,1.0091211416765242,0.00907973291138925,1.0,True,,False,False,gcd_k_not_2,0.87,False,1.0,True,FAMILY_F
2659,True,1,1,0.10564136511733534,0.19949824472834463,0.982104083534366,0.018057494169249885,1.0,True,,False,False,gcd_k_not_2,0.0,False,1.0,True,FAMILY_F
2660,True,3,1,0.1384958008951714,0.22833165605706982,0.9867871501487983,0.013300720059732754,1.0,True,,False,False,gcd_k_not_2,0.0,False,1.0,True,FAMILY_F
2662,True,4,2,8.964873013023658,13.334837676288243,0.2793657115667367,1.126549323493687,0.5,False,1.0,True,True,,0.0,False,0.5,False,FAMILY_Q
2663,True,3,1,0.12304032953659995,0.1727913862842151,0.9924698768336538,0.007558581691897605,1.0,True,,False,False,gcd_k_not_2,0.0,False,1.0,True,FAMILY_F
2665,True,9,1,0.18291453889383485,0.2879676947318378,0.9752638243945821,0.02504594606545732,1.0,True,,False,False,gcd_k_not_2,0.0,False,1.0,True,FAMILY_F
2666,True,9,1,0.14671817718345923,0.21644332570621722,0.9825670025930117,0.01758628826585699,1.0,True,,False,False,gcd_k_not_2,0.0,False,1.0,True,FAMILY_F
2667,True,1,1,0.11481101987671882,0.19467026086431743,0.9902371190981165,0.00981077159922286,1.0,True,,False,False,gcd_k_not_2,0.0,False,1.0,True,FAMILY_F
2670,True,1,1,0.15629927344919958,0.2950857674092173,1.0352097562222822,0.03460061658473763,1.0,True,,False,False,gcd_k_not_2,0.0,False,1.0,True,FAMILY_F
2671,True,4,2,8.89204570943888,13.22835882867393,0.27172775742460714,1.1453272735828723,0.55,False,1.0,True,True,,0.0,False,0.5,False,FAMILY_Q
2672,True,1,1,0.11872090989441003,0.21400264478715775,0.9724379452028947,0.027947195869089916,1.0,True,,False,False,gcd_k_not_2,0.0,False,1.0,True,FAMILY_F
2675,True,1,1,0.1276974815499249,0.248172665203069,0.9834174981718588,0.01672114100377313,1.0,True,,False,False,gcd_k_not_2,0.0,False,1.0,True,FAMILY_F
2677,True,2,2,8.89011078164607,13.225529164961364,0.27108346611961887,1.14692158825042,0.52,False,1.0,True,True,,0.0,False,0.5,False,FAMILY_Q
2680,True,7,1,0.11703622607449253,0.19929441853466265,1.0029190314143772,0.0029147772511962113,1.0,True,,False,False,gcd_k_not_2,0.8,False,1.0,True,FAMILY_F
2681,True,9,1,0.13640119706253875,0.16721394638359588,0.9923874087988203,0.00764167768533452,1.0,True,,False,False,gcd_k_not_2,1.0,True,1.0,True,FAMILY_F
2683,True,7,1,0.13819129664888724,0.24126736151341227,0.9807179655286036,0.01946974259533263,1.0,True,,False,False,gcd_k_not_2,0.07,False,1.0,True,FAMILY_F
2684,True,9,1,0.1438815494617565,0.2614160825743127,0.9574357669595204,0.04348978777126824,1.0,True,,False,False,gcd_k_not_2,0.0,False,1.0,True,FAMILY_F
2685,True,8,2,8.991300459082717,13.37346419199108,0.2648923806346063,1.1623243694401646,0.52,False,1.0,True,True,,0.25,False,0.5,False,FAMILY_Q
2687,True,3,1,0.1441275152149004,0.21217461606019547,0.9766351992630039,0.02364098417928381,1.0,True,,False,False,gcd_k_not_2,0.0,False,1.0,True,FAMILY_F
2688,True,3,1,0.12487343504851996,0.18169066024079106,0.9833596167836967,0.016779995998192288,1.0,True,,False,False,gcd_k_not_2,0.9,False,1.0,True,FAMILY_F
2691,True,4,2,8.603659630155404,12.806266180963416,0.26956238081976014,1.1506919710531975,0.42,False,1.0,True,True,,0.0,False,0.5,False,FAMILY_Q
2693,True,2,2,9.220758585590804,13.70858282030796,0.26944808224756345,1.1509756530712012,0.56,False,1.0,True,True,,0.0,False,0.5,False,FAMILY_Q
2694,True,7,1,0.16144346646180688,0.2673733180725892,0.9746696655596495,0.02565526263165797,1.0,True,,False,False,gcd_k_not_2,0.0,False,1.0,True,FAMILY_F
2695,True,7,1,0.16818348632428207,0.23251675727962998,0.9772336738018981,0.023028462947756734,1.0,True,,False,False,gcd_k_not_2,0.0,False,1.0,True,FAMILY_F
2697,True,1,1,0.1867734874454175,0.30596262608767416,1.0219912494549284,0.02175207183597504,1.0,True,,False,False,gcd_k_not_2,1.0,True,1.0,True,FAMILY_F
2698,True,7,1,0.1513967971961816,0.26034671047646324,0.9861800956050968,0.013916063730054561,1.0,True,,False,False,gcd_k_not_2,0.0,False,1.0,True,FAMILY_F
2699,True,7,1,0.139901235542862,0.23058620261354107,1.0110247241482277,0.010964285039207862,1.0,True,,False,False,gcd_k_not_2,0.0,False,1.0,True,FAMILY_F
2700,True,9,1,0.165947224687619,0.21906097193240756,1.036052344965231,0.035413966693323494,1.0,True,,False,False,gcd_k_not_2,0.0,False,1.0,True,FAMILY_F
2701,True,1,1,0.10960964811745923,0.17968638323486325,1.0164270348833284,0.016293210316215574,1.0,True,,False,False,gcd_k_not_2,0.0,False,1.0,True,FAMILY_F
2704,True,7,1,0.16271016187852516,0.29147516608575175,1.0078295267810262,0.007798995558730106,1.0,True,,False,False,gcd_k_not_2,0.0,False,1.0,True,FAMILY_F
2707,True,3,1,0.12601652025660953,0.2060876873693264,1.0236079056949496,0.02333249008220511,1.0,True,,False,False,gcd_k_not_2,1.0,True,1.0,True,FAMILY_F
2709,True,3,1,0.28741921057427244,0.4776017993160806,1.0029511154940147,0.0029467673685954388,1.0,True,,False,False,gcd_k_not_2,0.0,False,1.0,True,FAMILY_F
2710,True,9,1,0.20212997778432318,0.3031816517160578,0.9564330118795117,0.04453716314941374,1.0,True,,False,False,gcd_k_not_2,0.0,False,1.0,True,FAMILY_F
2713,True,3,1,0.2071502830147653,0.28189164302896386,0.9874911031242681,0.012587625530567973,1.0,True,,False,False,gcd_k_not_2,0.0,False,1.0,True,FAMILY_F
2715,True,7,1,0.12893084601911298,0.17311011272907897,0.9522556210757092,0.04891201583323735,1.0,True,,False,False,gcd_k_not_2,0.0,False,1.0,True,FAMILY_F
2718,True,9,1,0.115164502151259,0.22170107865811597,0.988365591496562,0.011702484244541067,1.0,True,,False,False,gcd_k_not_2,0.0,False,1.0,True,FAMILY_F
2721,True,1,1,0.1996412701131284,0.31231378582123226,0.9986858814472062,0.0013149825742925425,1.0,True,,False,False,gcd_k_not_2,0.0,False,1.0,True,FAMILY_F
2722,True,1,1,0.13892606150794415,0.23004609456259956,0.9535781055303887,0.047524994611882164,1.0,True,,False,False,gcd_k_not_2,0.8,False,1.0,True,FAMILY_F
2723,True,9,1,0.14918567587255366,0.26730570701042244,0.9751917459331205,0.025119843800440356,1.0,True,,False,False,gcd_k_not_2,0.0,False,1.0,True,FAMILY_F
2724,True,7,1,0.08007570448358375,0.15111066020314043,0.9915910610849008,0.008444443319120488,1.0,True,,False,False,gcd_k_not_2,0.0,False,1.0,True,FAMILY_F
2725,True,6,2,8.893907345590145,13.231083576153587,0.24870127550394705,1.2033281926341368,0.54,False,1.0,True,True,,0.25,False,0.5,False,FAMILY_Q
2726,True,8,2,8.98371548815262,13.36237889308223,0.2747693693793734,1.1378224925089127,0.46,False,1.0,True,True,,0.0,False,0.5,False,FAMILY_Q
2727,True,3,1,0.20626537137839895,0.31458980009915105,1.019602635483916,0.019412368690258773,1.0,True,,False,False,gcd_k_not_2,0.0,False,1.0,True,FAMILY_F
2729,True,6,2,8.845798707656712,13.16071868693138,0.2624057768226533,1.1685533078497092,0.52,False,1.0,True,True,,0.5,False,0.5,False,FAMILY_Q
2731,True,3,1,0.13098437546963662,0.23854303842211305,1.0148912293661894,0.014781174436769639,1.0,True,,False,False,gcd_k_not_2,0.34,False,1.0,True,FAMILY_F
2732,True,1,1,0.12945843018215286,0.2139496347613186,0.9862080680069197,0.013887701107688973,1.0,True,,False,False,gcd_k_not_2,0.0,False,1.0,True,FAMILY_F
2735,True,7,1,0.13209144825209762,0.2516023944557829,0.991836265153148,0.008197194708897645,1.0,True,,False,False,gcd_k_not_2,0.0,False,1.0,True,FAMILY_F
2737,True,1,1,0.1921362525195172,0.29651797678677605,1.0217480465827473,0.02151410173934073,1.0,True,,False,False,gcd_k_not_2,0.0,False,1.0,True,FAMILY_F
2738,True,1,1,0.15178741274926846,0.26490665300961036,0.985629010348104,0.01447499968725435,1.0,True,,False,False,gcd_k_not_2,0.0,False,1.0,True,FAMILY_F
2739,True,9,1,0.14176583687765054,0.2381494176550136,0.9809082912358232,0.019275711903115014,1.0,True,,False,False,gcd_k_not_2,0.0,False,1.0,True,FAMILY_F
2743,True,6,2,8.685360253313162,12.925918392401936,0.267861296448487,1.1549192417220533,0.52,False,1.0,True,True,,0.0,False,0.5,False,FAMILY_Q
2744,True,9,1,0.170375586238078,0.2717226441756658,1.0294816517835368,0.029053380953336507,1.0,True,,False,False,gcd_k_not_2,0.0,False,1.0,True,FAMILY_F
2747,True,1,1,0.1512401827376885,0.2514689496979234,1.0036491677483868,0.003642521662100585,1.0,True,,False,False,gcd_k_not_2,0.0,False,1.0,True,FAMILY_F
2748,True,6,2,8.684745867113744,12.925019174280182,0.24144371351025987,1.2220550609497627,0.47,False,1.0,True,True,,0.0,False,0.5,False,FAMILY_Q
2751,True,3,1,0.13511871596618222,0.2217701619461189,0.9787164758283144,0.021512454595371978,1.0,True,,False,False,gcd_k_not_2,0.0,False,1.0,True,FAMILY_F
2753,True,7,1,0.1159666364895224,0.1994079454327139,0.9689839933083287,0.03150457982094363,1.0,True,,False,False,gcd_k_not_2,0.3,False,1.0,True,FAMILY_F
2755,True,7,1,0.15221916477172728,0.23536768569565544,1.0138595841908222,0.013764201138572432,1.0,True,,False,False,gcd_k_not_2,0.3,False,1.0,True,FAMILY_F
2758,True,3,1,0.15598608101447273,0.3055735330077278,1.006927774441041,0.0069038602477566125,1.0,True,,False,False,gcd_k_not_2,0.0,False,1.0,True,FAMILY_F
2759,True,7,1,0.1603340144334984,0.2786699289337881,1.0419142022094063,0.04105383288294287,1.0,True,,False,False,gcd_k_not_2,0.0,False,1.0,True,FAMILY_F
2760,True,1,1,0.17309736764336756,0.2935790308474307,0.9807165435163867,0.019471192429563106,1.0,True,,False,False,gcd_k_not_2,0.0,False,1.0,True,FAMILY_F
2764,True,6,2,8.948458954225076,13.31084514797587,0.26240718976179905,1.1685497614717733,0.51,False,1.0,True,True,,0.35,False,0.5,False,FAMILY_Q
2766,True,9,1,0.1490474814326756,0.24152624899008404,0.9753542751194648,0.02495321997776288,1.0,True,,False,False,gcd_k_not_2,0.0,False,1.0,True,FAMILY_F
2769,True,3,1,0.1400273073420713,0.21494662478553864,0.9967577171064362,0.0032475476276232727,1.0,True,,False,False,gcd_k_not_2,0.0,False,1.0,True,FAMILY_F
2770,True,7,1,0.224306661692379,0.4170721958522172,0.9970642553645225,0.002940060268558185,1.0,True,,False,False,gcd_k_not_2,0.0,False,1.0,True,FAMILY_F
2776,True,2,2,9.036864164645896,13.440047191997268,0.27252625224263594,1.1433536187961562,0.43,False,1.0,True,True,,0.0,False,0.5,False,FAMILY_Q
2778,True,7,1,0.11967970281340011,0.21208928898629878,0.9662721965232921,0.03430634226160999,1.0,True,,False,False,gcd_k_not_2,0.2,False,1.0,True,FAMILY_F
2780,True,1,1,0.13067257449689595,0.21562978438465286,0.9380109583772224,0.06397181745007635,1.0,True,,False,False,gcd_k_not_2,0.6,False,1.0,True,FAMILY_F
2782,True,6,2,8.784151216741162,13.07052572938995,0.2758193049898511,1.1352402212097108,0.52,False,1.0,True,True,,0.0,False,0.5,False,FAMILY_Q
2786,True,9,1,0.1710680396850696,0.2524190864305973,1.0114090065579444,0.011344293001320798,1.0,True,,False,False,gcd_k_not_2,0.0,False,1.0,True,FAMILY_F
2789,True,7,1,0.1588355134339342,0.2659953319839345,0.9462396854537527,0.05524531736563929,1.0,True,,False,False,gcd_k_not_2,0.4,False,1.0,True,FAMILY_F
2791,True,4,2,9.244998074153116,13.743955233351176,0.2606678562511204,1.1729213846182296,0.5,False,1.0,True,True,,0.0,False,0.5,False,FAMILY_Q
2795,True,7,1,0.18370907471331935,0.2556774246370433,0.9968730902260793,0.0031318062116472796,1.0,True,,False,False,gcd_k_not_2,0.0,False,1.0,True,FAMILY_F
2796,True,7,1,0.151364765324015,0.22228047994424402,0.9955528453961531,0.00445706523293203,1.0,True,,False,False,gcd_k_not_2,1.0,True,1.0,True,FAMILY_F
2797,True,3,1,0.17741377951077786,0.3319816665891649,0.9893425142480361,0.010714580999132122,1.0,True,,False,False,gcd_k_not_2,0.0,False,1.0,True,FAMILY_F
2798,True,9,1,0.121066994732651,0.21609977583260082,1.0043391436613318,0.004329749957789648,1.0,True,,False,False,gcd_k_not_2,0.0,False,1.0,True,FAMILY_F
2800,True,7,1,0.14647328218937963,0.240707854571731,0.9640440573393552,0.03661419154655166,1.0,True,,False,False,gcd_k_not_2,0.0,False,1.0,True,FAMILY_F
2801,True,7,1,0.15715335351606186,0.28163773168170975,1.079723020599509,0.07666695979210517,1.0,True,,False,False,gcd_k_not_2,0.0,False,1.0,True,FAMILY_F
2802,True,9,1,0.1776815534045495,0.30735157782240524,0.9754211725769516,0.024884645122017286,1.0,True,,False,False,gcd_k_not_2,0.0,False,1.0,True,FAMILY_F
2804,True,8,2,8.70123337858713,12.949164790727394,0.2794166438380383,1.1264248587548942,0.51,False,1.0,True,True,,0.0,False,0.5,False,FAMILY_Q
2805,True,9,1,0.16090979139184428,0.24367340184361655,0.9858357658122301,0.014265262446793055,1.0,True,,False,False,gcd_k_not_2,0.0,False,1.0,True,FAMILY_F
2808,True,1,1,0.15230952268849635,0.23030657478459027,0.9832086622196278,0.016933505888966013,1.0,True,,False,False,gcd_k_not_2,0.0,False,1.0,True,FAMILY_F
2810,True,3,1,0.20905154418163963,0.2778134661963038,0.9925090441503761,0.007519118542137492,1.0,True,,False,False,gcd_k_not_2,0.8,False,1.0,True,FAMILY_F
2811,True,7,1,0.17435570189021515,0.30502906556353426,0.9741352763331083,0.026203598078582167,1.0,True,,False,False,gcd_k_not_2,0.28,False,1.0,True,FAMILY_F
2812,True,7,1,0.1829801530855315,0.29103030324697626,0.9919614940068737,0.008070945163660435,1.0,True,,False,False,gcd_k_not_2,0.0,False,1.0,True,FAMILY_F
2813,True,9,1,0.13621242514345497,0.24650278913769716,1.0327348195690738,0.03220766354168459,1.0,True,,False,False,gcd_k_not_2,0.0,False,1.0,True,FAMILY_F
2815,True,9,1,0.16645131807767014,0.2312922689578732,0.9457381784508825,0.055775049438890646,1.0,True,,False,False,gcd_k_not_2,1.0,True,1.0,True,FAMILY_F
2816,True,3,1,0.18510425592338894,0.30818295407760665,0.9871956806783759,0.012886822818830787,1.0,True,,False,False,gcd_k_not_2,0.0,False,1.0,True,FAMILY_F
2817,True,9,1,0.1405344298976345,0.2716005025341488,0.9971663699436709,0.0028376504821768897,1.0,True,,False,False,gcd_k_not_2,0.0,False,1.0,True,FAMILY_F
2819,True,7,1,0.16183229204560953,0.2495604298445073,0.9823689294274736,0.017787880258614098,1.0,True,,False,False,gcd_k_not_2,0.0,False,1.0,True,FAMILY_F
2820,True,8,2,8.951984492639847,13.315996341958236,0.2768038632899304,1.1328226010322617,0.5,False,1.0,True,True,,0.5,False,0.5,False,FAMILY_Q
2822,True,9,1,0.18323421791967437,0.28151004522164197,1.0432250081524896,0.04231057076927048,1.0,True,,False,False,gcd_k_not_2,0.73,False,1.0,True,FAMILY_F
2823,True,6,2,8.979689507846512,13.35649506406098,0.273596117537489,1.140713091787717,0.45,False,1.0,True,True,,0.0,False,0.5,False,FAMILY_Q
2824,True,7,1,0.11727175032899202,0.21231565366986663,1.002268320416407,0.0022657506921301487,1.0,True,,False,False,gcd_k_not_2,0.8,False,1.0,True,FAMILY_F
2826,True,9,1,0.14870351979219232,0.22316152279395,0.995207530854637,0.004803980609786673,1.0,True,,False,False,gcd_k_not_2,0.0,False,1.0,True,FAMILY_F
2830,True,9,1,0.1924573621109086,0.30186131954281453,1.0473221880726735,0.046228374164422104,1.0,True,,False,False,gcd_k_not_2,0.0,False,1.0,True,FAMILY_F
2834,True,7,1,0.2342537565605656,0.42063204582610625,0.9829018798606108,0.017245553411438647,1.0,True,,False,False,gcd_k_not_2,0.0,False,1.0,True,FAMILY_F
2835,True,7,1,0.21540108428866622,0.35041198361831555,0.9811229514531081,0.019056917727439317,1.0,True,,False,False,gcd_k_not_2,0.0,False,1.0,True,FAMILY_F
2842,True,1,1,0.1693474576290261,0.28003757132957496,1.026548301564313,0.026200512017226778,1.0,True,,False,False,gcd_k_not_2,0.2,False,1.0,True,FAMILY_F
2843,True,3,1,0.1558270343960412,0.26255612875204515,1.0110358006474705,0.01097524036510685,1.0,True,,False,False,gcd_k_not_2,0.0,False,1.0,True,FAMILY_F
2847,True,3,1,0.2482277339983742,0.40848782466381434,1.0081476357047947,0.008114578390482966,1.0,True,,False,False,gcd_k_not_2,0.7,False,1.0,True,FAMILY_F
2850,True,1,1,0.1951838010934349,0.3255745704487073,0.977881571517552,0.022365776395274664,1.0,True,,False,False,gcd_k_not_2,0.0,False,1.0,True,FAMILY_F
2854,True,1,1,0.09093270473250328,0.1357975078122869,0.9819292216690239,0.018235543563718516,1.0,True,,False,False,gcd_k_not_2,0.0,False,1.0,True,FAMILY_F
2856,True,7,1,0.1721601218366704,0.2891105361755754,0.9814133509155522,0.018761001156936265,1.0,True,,False,False,gcd_k_not_2,0.0,False,1.0,True,FAMILY_F
2861,True,9,1,0.15160083731868082,0.28701348183658876,1.035513344852879,0.03489374799991385,1.0,True,,False,False,gcd_k_not_2,0.0,False,1.0,True,FAMILY_F
2862,True,9,1,0.20127436450565847,0.2978261105739229,0.8847349580821156,0.12231432480583564,1.0,True,,False,False,gcd_k_not_2,0.0,False,1.0,True,FAMILY_F
2867,True,1,1,0.1675616505853314,0.27350298280972657,1.0471278882249766,0.04604293507606922,1.0,True,,False,False,gcd_k_not_2,0.62,False,1.0,True,FAMILY_F
2869,True,3,1,0.14607759299092887,0.18766715915611723,0.9731916729871359,0.027172552347415863,1.0,True,,False,False,gcd_k_not_2,0.0,False,1.0,True,FAMILY_F
2871,True,6,2,8.861534905724435,13.18373617078307,0.26648677067842325,1.1583432947012202,0.47,False,1.0,True,True,,0.25,False,0.5,False,FAMILY_Q
2872,True,7,1,0.14940367767706786,0.23118969151411314,0.9866526058673843,0.01343706906098777,1.0,True,,False,False,gcd_k_not_2,0.0,False,1.0,True,FAMILY_F
2873,True,1,1,0.14743970254413405,0.25036402241154865,0.9805546075618361,0.019636310318251846,1.0,True,,False,False,gcd_k_not_2,0.0,False,1.0,True,FAMILY_F
2875,True,4,2,8.906913074533236,13.250099804252157,0.2718261278211902,1.145083995760128,0.51,False,1.0,True,True,,0.0,False,0.5,False,FAMILY_Q
2877,True,3,1,0.15726801671167007,0.2691500670461968,0.965829265835151,0.03476470185759703,1.0,True,,False,False,gcd_k_not_2,0.0,False,1.0,True,FAMILY_F
2884,True,3,1,0.21703220945941065,0.343866035568184,0.9995546784304372,0.0004454207472958814,1.0,True,,False,False,gcd_k_not_2,0.0,False,1.0,True,FAMILY_F
2885,True,9,1,0.12976678745088038,0.18575856056033113,0.9974782637903363,0.00252491980050739,1.0,True,,False,False,gcd_k_not_2,1.0,True,1.0,True,FAMILY_F
2887,True,1,1,0.18034594902287812,0.2986971253748492,1.0054637090357108,0.005448823642226836,1.0,True,,False,False,gcd_k_not_2,0.0,False,1.0,True,FAMILY_F
2888,True,7,1,0.19430470357694582,0.37303327517705587,0.9802526377849614,0.01994428573227632,1.0,True,,False,False,gcd_k_not_2,0.0,False,1.0,True,FAMILY_F
2890,True,3,1,0.14121115813747917,0.23693889995509518,0.9860899383280286,0.014007484156212382,1.0,True,,False,False,gcd_k_not_2,1.0,True,1.0,True,FAMILY_F
2891,True,3,1,0.12950110190009895,0.23736677985788157,1.1413066475104185,0.13198170161635472,1.0,True,,False,False,gcd_k_not_2,0.0,False,1.0,True,FAMILY_F
2893,True,3,1,0.1580476431771117,0.2359332279846374,1.1140910142815292,0.10793387182557306,1.0,True,,False,False,gcd_k_not_2,0.0,False,1.0,True,FAMILY_F
2896,True,7,1,0.10051673543905307,0.18454145131713093,1.0033666899463398,0.003361032169732184,1.0,True,,False,False,gcd_k_not_2,0.0,False,1.0,True,FAMILY_F
2901,True,1,1,0.1766226183625219,0.30261270235375826,1.0451637868668826,0.04416642535615399,1.0,True,,False,False,gcd_k_not_2,0.0,False,1.0,True,FAMILY_F
2903,True,3,1,0.17603235214165175,0.28151962636353867,0.9941642006067666,0.005852877502722925,1.0,True,,False,False,gcd_k_not_2,1.0,True,1.0,True,FAMILY_F
2904,True,9,1,0.130101263132828,0.23289033780422977,0.9376952915961927,0.06430805573407086,1.0,True,,False,False,gcd_k_not_2,0.0,False,1.0,True,FAMILY_F
2905,True,7,1,0.15470165921551873,0.26406945455351977,1.002171551529612,0.002169196268874112,1.0,True,,False,False,gcd_k_not_2,0.0,False,1.0,True,FAMILY_F
2908,True,9,1,0.11339176476530613,0.2240859505890942,1.001646788277429,0.0016454334371810262,1.0,True,,False,False,gcd_k_not_2,0.0,False,1.0,True,FAMILY_F
2909,True,2,2,8.867468974077056,13.192415010057912,0.26578720396719785,1.1600888265130997,0.57,False,1.0,True,True,,0.0,False,0.5,False,FAMILY_Q
2912,True,1,1,0.2214593489918975,0.3583128028771281,0.965398820324708,0.03521033931380444,1.0,True,,False,False,gcd_k_not_2,0.0,False,1.0,True,FAMILY_F
2914,True,8,2,8.737627415918382,13.002435783383264,0.2754003363251697,1.1362701467723149,0.45,False,1.0,True,True,,0.0,False,0.5,False,FAMILY_Q
2916,True,7,1,0.11128541842799199,0.1773642179343596,1.0157005438046633,0.015578250304014262,1.0,True,,False,False,gcd_k_not_2,1.0,True,1.0,True,FAMILY_F
2918,True,3,1,0.16051631932524735,0.255353766278757,1.033810394475616,0.03324832498393596,1.0,True,,False,False,gcd_k_not_2,0.0,False,1.0,True,FAMILY_F
2920,True,7,1,0.1480912715528676,0.2116675166014762,0.9827953995413016,0.017353883777094247,1.0,True,,False,False,gcd_k_not_2,0.0,False,1.0,True,FAMILY_F
2926,True,9,1,0.12179866608146524,0.2283509036348499,0.9749472992076694,0.02537050057222439,1.0,True,,False,False,gcd_k_not_2,0.0,False,1.0,True,FAMILY_F
2931,True,4,2,9.144678589967592,13.597521239275768,0.2766655058161018,1.1331621178587579,0.56,False,1.0,True,True,,0.0,False,0.5,False,FAMILY_Q
2932,True,9,1,0.12756909269726324,0.2067859489650446,1.005760107262438,0.005743565485804511,1.0,True,,False,False,gcd_k_not_2,0.0,False,1.0,True,FAMILY_F
2933,True,3,1,0.2420583079123769,0.29853620434711875,1.0151868526694021,0.015072401498933005,1.0,True,,False,False,gcd_k_not_2,1.0,True,1.0,True,FAMILY_F
2934,True,3,1,0.12024568917381316,0.21311439011808905,1.2139236297672782,0.19325294413137933,1.0,True,,False,False,gcd_k_not_2,0.0,False,1.0,True,FAMILY_F
2935,True,9,1,0.1256656401685107,0.20709471005900673,1.0206638409070214,0.020452527024728717,1.0,True,,False,False,gcd_k_not_2,0.0,False,1.0,True,FAMILY_F
2936,True,3,1,0.11886754319703252,0.1722824335666708,0.9413024997250898,0.06047228629564154,1.0,True,,False,False,gcd_k_not_2,0.0,False,1.0,True,FAMILY_F
2938,True,8,2,8.991390053380805,13.373595563002176,0.27672133884357397,1.1330250997630475,0.5,False,1.0,True,True,,0.0,False,0.5,False,FAMILY_Q
2939,True,3,1,0.21314621583445756,0.3345668001811778,1.000713996930805,0.000713742125961236,1.0,True,,False,False,gcd_k_not_2,0.0,False,1.0,True,FAMILY_F
2940,True,3,1,0.23167259941131216,0.38167590864050255,1.0105394322056478,0.010484183534849242,1.0,True,,False,False,gcd_k_not_2,0.0,False,1.0,True,FAMILY_F
2942,True,7,1,0.15353769092675348,0.2401796481487986,0.986144216059058,0.013952444972434919,1.0,True,,False,False,gcd_k_not_2,1.0,True,1.0,True,FAMILY_F
2943,True,9,1,0.15511111258531843,0.2612437536331967,1.026360027658294,0.02601712163534553,1.0,True,,False,False,gcd_k_not_2,0.0,False,1.0,True,FAMILY_F
2947,True,7,1,0.1923832246125937,0.33526406768618033,1.0252320248005473,0.024917663251974597,1.0,True,,False,False,gcd_k_not_2,0.4,False,1.0,True,FAMILY_F
2950,True,3,1,0.18014501109484932,0.33734407820489276,0.9728506758779609,0.02752293871400794,1.0,True,,False,False,gcd_k_not_2,0.0,False,1.0,True,FAMILY_F
2951,True,6,2,8.695131889969776,12.940225953210806,0.2603212424221929,1.1737940021644473,0.52,False,1.0,True,True,,0.0,False,0.5,False,FAMILY_Q
2952,True,8,2,8.899887926741762,13.239826731751563,0.2648158213833642,1.1625157848081697,0.49,False,1.0,True,True,,0.25,False,0.5,False,FAMILY_Q
2954,True,4,2,8.973476968774015,13.347413366205485,0.27316874656005663,1.141767350798943,0.5,False,1.0,True,True,,0.0,False,0.5,False,FAMILY_Q
2958,True,1,1,0.190402264612829,0.26503807491410547,1.015631244144621,0.015510023661351303,1.0,True,,False,False,gcd_k_not_2,0.71,False,1.0,True,FAMILY_F
2959,True,1,1,0.1301587090440483,0.1970040406705977,0.9794511450415707,0.020762174413754178,1.0,True,,False,False,gcd_k_not_2,0.0,False,1.0,True,FAMILY_F
2960,True,1,1,0.1456316926568959,0.24997847353736619,1.021988270814607,0.021749157630621282,1.0,True,,False,False,gcd_k_not_2,0.0,False,1.0,True,FAMILY_F
2966,True,3,1,0.12392233922088926,0.18649146915568865,0.9923769801864507,0.007652186197047838,1.0,True,,False,False,gcd_k_not_2,0.0,False,1.0,True,FAMILY_F
2967,True,9,1,0.1285167250623457,0.22127761283946626,0.9637426019500659,0.03692683350040805,1.0,True,,False,False,gcd_k_not_2,0.0,False,1.0,True,FAMILY_F
2968,True,7,1,0.16397619593300622,0.2730224192903011,1.0549783657196488,0.05350748858165767,1.0,True,,False,False,gcd_k_not_2,0.0,False,1.0,True,FAMILY_F
2969,True,1,1,0.11621709886700633,0.205286153142006,0.987430807036134,0.012648684844138563,1.0,True,,False,False,gcd_k_not_2,0.0,False,1.0,True,FAMILY_F
2971,True,3,1,0.1830280456439449,0.2773157848023248,0.9629903921236431,0.037707375466385674,1.0,True,,False,False,gcd_k_not_2,0.9,False,1.0,True,FAMILY_F
2972,True,9,1,0.1861106176555246,0.3152707668568257,0.9682633047582206,0.032248424451196925,1.0,True,,False,False,gcd_k_not_2,0.0,False,1.0,True,FAMILY_F
2973,True,3,1,0.12608347505583586,0.21150506826413057,0.9735394418877654,0.026815332443443893,1.0,True,,False,False,gcd_k_not_2,0.12,False,1.0,True,FAMILY_F
2974,True,2,2,8.79292286060848,13.083360280140344,0.269739248047395,1.150253098146883,0.48,False,1.0,True,True,,0.0,False,0.5,False,FAMILY_Q
2977,True,1,1,0.12680742043544233,0.20891834683363747,1.0662883038118074,0.06416171808118089,1.0,True,,False,False,gcd_k_not_2,0.0,False,1.0,True,FAMILY_F
2980,True,3,1,0.2100336282910699,0.36169059016561195,0.9832477545165593,0.016893749603689043,1.0,True,,False,False,gcd_k_not_2,0.0,False,1.0,True,FAMILY_F
2982,True,1,1,0.16624009102700982,0.2899765469101106,1.0063236553860402,0.00630372409662222,1.0,True,,False,False,gcd_k_not_2,0.0,False,1.0,True,FAMILY_F
2983,True,3,1,0.13336349616638019,0.19688275698123375,0.9921977107010218,0.00783284636566784,1.0,True,,False,False,gcd_k_not_2,0.0,False,1.0,True,FAMILY_F
2988,True,1,1,0.19112252787890957,0.32727944274239906,0.9985790134475887,0.0014219968716273428,1.0,True,,False,False,gcd_k_not_2,0.0,False,1.0,True,FAMILY_F
2989,True,1,1,0.13640968244564428,0.22991412399317884,0.995346231810612,0.004664622224650255,1.0,True,,False,False,gcd_k_not_2,0.0,False,1.0,True,FAMILY_F
2992,True,7,1,0.1855393017093138,0.31409361647964906,1.0055239891753533,0.005508773971459468,1.0,True,,False,False,gcd_k_not_2,0.0,False,1.0,True,FAMILY_F
2995,True,9,1,0.150756681110506,0.23572874290794557,1.0171781798218722,0.01703189137549478,1.0,True,,False,False,gcd_k_not_2,0.19,False,1.0,True,FAMILY_F
2997,True,9,1,0.30886158733678026,0.577736422842151,0.9967088946176382,0.003296529996168541,1.0,True,,False,False,gcd_k_not_2,0.0,False,1.0,True,FAMILY_F
3000,True,9,1,0.23222601151439004,0.32428205234295354,1.0424659627804864,0.041583031055926124,1.0,True,,False,False,gcd_k_not_2,0.0,False,1.0,True,FAMILY_F
3003,True,3,1,0.14605644465358023,0.22869813616213386,0.9958814376213138,0.004127061158096371,1.0,True,,False,False,gcd_k_not_2,0.0,False,1.0,True,FAMILY_F
3006,True,3,1,0.12810262886799378,0.2126049659303301,1.0051414946261736,0.005128311034361369,1.0,True,,False,False,gcd_k_not_2,0.0,False,1.0,True,FAMILY_F
3009,True,8,2,8.909947275396044,13.25453553019009,0.2649657751324416,1.1621408884214284,0.43,False,1.0,True,True,,0.0,False,0.5,False,FAMILY_Q
3011,True,3,1,0.17119580270125603,0.30819381617313973,1.0389951630716014,0.03824939242411728,1.0,True,,False,False,gcd_k_not_2,0.0,False,1.0,True,FAMILY_F
3012,True,1,1,0.13967616137094827,0.24157440669387592,1.0047025780241818,0.004691546841643269,1.0,True,,False,False,gcd_k_not_2,0.0,False,1.0,True,FAMILY_F
3015,True,2,2,8.761296634354286,13.037078570651026,0.25781351649412976,1.1801216536049748,0.51,False,1.0,True,True,,0.0,False,0.5,False,FAMILY_Q
3016,True,1,1,0.10886188344540303,0.17335467976754432,1.0152892938506772,0.015173299334572054,1.0,True,,False,False,gcd_k_not_2,0.0,False,1.0,True,FAMILY_F
3019,True,3,1,0.16193244168489224,0.21630487796906392,1.016080770760073,0.015952506460354232,1.0,True,,False,False,gcd_k_not_2,0.0,False,1.0,True,FAMILY_F
3022,True,7,1,0.14512052614287932,0.2035328038671237,1.0035955809631993,0.0035891284622127833,1.0,True,,False,False,gcd_k_not_2,0.5,False,1.0,True,FAMILY_F
3023,True,6,2,9.024812295009239,13.422437085447315,0.26287918133523264,1.1673655398854783,0.45,False,1.0,True,True,,0.0,False,0.5,False,FAMILY_Q
3026,True,9,1,0.17291486920861193,0.279317182670959,1.0107246613101681,0.010667458868465889,1.0,True,,False,False,gcd_k_not_2,0.0,False,1.0,True,FAMILY_F
3031,True,7,1,0.17447744725752196,0.26811728638143456,1.0194981520198716,0.019309898353083253,1.0,True,,False,False,gcd_k_not_2,0.1,False,1.0,True,FAMILY_F
3032,True,4,2,8.760070311755129,13.0352846673211,0.27085894167677366,1.1474775593288054,0.54,False,1.0,True,True,,0.0,False,0.5,False,FAMILY_Q
3033,True,3,1,0.15516966327810625,0.23928034936819406,1.032916020167895,0.03238305944893552,1.0,True,,False,False,gcd_k_not_2,0.0,False,1.0,True,FAMILY_F
3034,True,7,1,0.13395595662143903,0.19413568477866236,1.0223317480066656,0.02208514802645718,1.0,True,,False,False,gcd_k_not_2,1.0,True,1.0,True,FAMILY_F
3035,True,3,1,0.14552440417443355,0.20209428739522847,0.9931250466765286,0.006898667331420325,1.0,True,,False,False,gcd_k_not_2,1.0,True,1.0,True,FAMILY_F
3036,True,6,2,8.881080586144858,13.21232261664154,0.2703131234604776,1.1488299428912019,0.33,False,1.0,True,True,,0.0,False,0.5,False,FAMILY_Q
3037,True,4,2,9.322019262564572,13.856319693877992,0.27190479198293116,1.1448894801032243,0.53,False,1.0,True,True,,0.25,False,0.5,False,FAMILY_Q
3038,True,2,2,8.822515352618717,13.126659119461586,0.272677009364026,1.1429812674928843,0.44,False,1.0,True,True,,0.3,False,0.5,False,FAMILY_Q
3039,True,9,1,0.19263829142323904,0.29839383419886517,0.9719110838094421,0.028489029166867078,1.0,True,,False,False,gcd_k_not_2,0.0,False,1.0,True,FAMILY_F
3040,True,8,2,8.930613661103958,13.28475613912111,0.2822275716580506,1.119571040597414,0.54,False,1.0,True,True,,0.0,False,0.5,False,FAMILY_Q
3041,True,9,1,0.11937181841711693,0.20380385127756595,1.0057035161997525,0.005687297403316281,1.0,True,,False,False,gcd_k_not_2,0.0,False,1.0,True,FAMILY_F
3043,True,1,1,0.13879187699234635,0.2839979141990884,0.9517895945365237,0.049401232180382115,1.0,True,,False,False,gcd_k_not_2,0.0,False,1.0,True,FAMILY_F
3046,True,9,1,0.1576949991839009,0.2942498118384415,1.0002401040425892,0.00024007522107371163,1.0,True,,False,False,gcd_k_not_2,0.0,False,1.0,True,FAMILY_F
3047,True,7,1,0.18142574160677608,0.33705023372549364,0.9867277551663357,0.013360909464470706,1.0,True,,False,False,gcd_k_not_2,0.0,False,1.0,True,FAMILY_F
3050,True,9,1,0.18192125563377146,0.285101170005145,1.015535682870958,0.015415934337444946,1.0,True,,False,False,gcd_k_not_2,0.0,False,1.0,True,FAMILY_F
3051,True,9,1,0.18726055176621367,0.2812730215756815,1.0018315727548774,0.0018298969601691097,1.0,True,,False,False,gcd_k_not_2,0.0,False,1.0,True,FAMILY_F
3052,True,1,1,0.14671368450407055,0.2501321086064216,0.9937601114854364,0.006259417548397607,1.0,True,,False,False,gcd_k_not_2,0.0,False,1.0,True,FAMILY_F
3055,True,1,1,0.19178538916692178,0.30877976920296,1.0179982417142248,0.017837717934715242,1.0,True,,False,False,gcd_k_not_2,0.91,False,1.0,True,FAMILY_F
3057,True,1,1,0.10988464590814699,0.17133404442029881,1.0994733571223891,0.09476029479957854,1.0,True,,False,False,gcd_k_not_2,0.0,False,1.0,True,FAMILY_F
3058,True,1,1,0.17493336709894605,0.28814712456602565,0.9945905292089419,0.0054241416589936075,1.0,True,,False,False,gcd_k_not_2,0.0,False,1.0,True,FAMILY_F
3059,True,8,2,8.843748455588388,13.157718997158696,0.2585655582676657,1.1782214074773683,0.43,False,1.0,True,True,,0.0,False,0.5,False,FAMILY_Q
3061,True,9,1,0.15891849259499938,0.31690608286763877,0.9997230251922283,0.0002770131706064644,1.0,True,,False,False,gcd_k_not_2,0.0,False,1.0,True,FAMILY_F
3062,True,3,1,0.2631870061307408,0.4524055467617756,1.0008049496013227,0.0008046257597305657,1.0,True,,False,False,gcd_k_not_2,0.0,False,1.0,True,FAMILY_F
3064,True,3,1,0.1728737232627056,0.287426235152324,0.9938694795732695,0.006149369845455013,1.0,True,,False,False,gcd_k_not_2,0.0,False,1.0,True,FAMILY_F
3065,True,9,1,0.1550449172260701,0.25629623737421137,0.9387485963719154,0.06318653562685499,1.0,True,,False,False,gcd_k_not_2,0.0,False,1.0,True,FAMILY_F
3067,True,2,2,9.013653169387522,13.406130212159262,0.2726885091718916,1.142952868021654,0.52,False,1.0,True,True,,0.0,False,0.5,False,FAMILY_Q
3069,True,9,1,0.1665217090068502,0.2940053197689899,0.9780630517818683,0.02218023151321761,1.0,True,,False,False,gcd_k_not_2,0.0,False,1.0,True,FAMILY_F
3070,True,2,2,8.932302089504173,13.287221937862384,0.255718393651439,1.1854275769335556,0.46,False,1.0,True,True,,0.08,False,0.5,False,FAMILY_Q
3071,True,3,1,0.13034719750060864,0.2301025893998128,1.0469976312394824,0.04591859855844065,1.0,True,,False,False,gcd_k_not_2,0.81,False,1.0,True,FAMILY_F
3073,True,7,1,0.1708119647832287,0.31538381867752524,0.986571787442505,0.0135189804288748,1.0,True,,False,False,gcd_k_not_2,0.0,False,1.0,True,FAMILY_F
3077,True,3,1,0.121426446685163,0.20784879676752774,1.0095769575597549,0.009531317050315201,1.0,True,,False,False,gcd_k_not_2,0.0,False,1.0,True,FAMILY_F
3081,True,9,1,0.13846968650565206,0.23134344345391816,0.9747584408325681,0.025564199291929466,1.0,True,,False,False,gcd_k_not_2,0.0,False,1.0,True,FAMILY_F
3085,True,1,1,0.25036744752932943,0.2994518752458492,1.0053816703973661,0.005367228071152894,1.0,True,,False,False,gcd_k_not_2,0.0,False,1.0,True,FAMILY_F
3087,True,7,1,0.21872463641607073,0.3567846348331216,1.0015170402091813,0.0015158903758549366,1.0,True,,False,False,gcd_k_not_2,0.0,False,1.0,True,FAMILY_F
3088,True,2,2,8.901377539454911,13.242005476115715,0.2612723886024261,1.1714005920896016,0.57,False,1.0,True,True,,0.0,False,0.5,False,FAMILY_Q
3090,True,7,1,0.159525681875133,0.2703827128514486,1.0410644472686723,0.040238266188629405,1.0,True,,False,False,gcd_k_not_2,0.0,False,1.0,True,FAMILY_F
3091,True,1,1,0.2018976177659754,0.38143935358612885,1.0869606339645346,0.08333711000512571,1.0,True,,False,False,gcd_k_not_2,0.0,False,1.0,True,FAMILY_F
3093,True,9,1,0.2201115068351747,0.40487559707086684,0.9910563823105211,0.008983791487712953,1.0,True,,False,False,gcd_k_not_2,0.0,False,1.0,True,FAMILY_F
3094,True,3,1,0.179861863363004,0.33743271443192097,0.9748940777952335,0.025425082273571473,1.0,True,,False,False,gcd_k_not_2,0.0,False,1.0,True,FAMILY_F
3096,True,9,1,0.09901210733577856,0.1734993366223258,1.1385853004712998,0.12960465073874625,1.0,True,,False,False,gcd_k_not_2,0.0,False,1.0,True,FAMILY_F
3097,True,3,1,0.12401714495461112,0.23121769364635109,1.1124224410361754,0.10643935498150697,1.0,True,,False,False,gcd_k_not_2,0.0,False,1.0,True,FAMILY_F
3098,True,3,1,0.13512322603217794,0.2531767761827483,1.0578520333173886,0.05622564925052208,1.0,True,,False,False,gcd_k_not_2,0.91,False,1.0,True,FAMILY_F
3100,True,3,1,0.1760703413195526,0.20372903190647187,0.9967864311884909,0.0032187406337656423,1.0,True,,False,False,gcd_k_not_2,0.0,False,1.0,True,FAMILY_F
3101,True,7,1,0.16386389649947353,0.2944863602476916,1.001543643975339,0.001542453475831406,1.0,True,,False,False,gcd_k_not_2,0.1,False,1.0,True,FAMILY_F
3102,True,3,1,0.13989759507394559,0.2536609964336005,0.960020598236566,0.040794879196069125,1.0,True,,False,False,gcd_k_not_2,0.0,False,1.0,True,FAMILY_F
3104,True,3,1,0.12568810568723346,0.21175405409598191,0.9763755118803702,0.023906882045055183,1.0,True,,False,False,gcd_k_not_2,0.86,False,1.0,True,FAMILY_F
3108,True,9,1,0.16388058495726707,0.2701920638037161,1.0321723798640408,0.03166304215412396,1.0,True,,False,False,gcd_k_not_2,0.0,False,1.0,True,FAMILY_F
3111,True,3,1,0.1284227979186823,0.22730220328036177,0.9975829586226045,0.0024199659563197075,1.0,True,,False,False,gcd_k_not_2,0.0,False,1.0,True,FAMILY_F
3112,True,3,1,0.13349976022763463,0.19556207251797478,0.9808057869568524,0.019380206953692386,1.0,True,,False,False,gcd_k_not_2,0.0,False,1.0,True,FAMILY_F
3114,True,3,1,0.1700072349573358,0.2947555303947213,0.9818292333070765,0.01833736871728548,1.0,True,,False,False,gcd_k_not_2,0.2,False,1.0,True,FAMILY_F
3116,True,4,2,8.905299177775312,13.247741369043919,0.26359694481169754,1.1655663749615064,0.66,False,1.0,True,True,,0.0,False,0.5,False,FAMILY_Q
3120,True,9,1,0.1370599046517035,0.2588878872452859,0.9937210547838675,0.006298719874644785,1.0,True,,False,False,gcd_k_not_2,0.0,False,1.0,True,FAMILY_F
3122,True,9,1,0.12787773282258433,0.2297179252346758,1.0517338789677633,0.05042942410620117,1.0,True,,False,False,gcd_k_not_2,1.0,True,1.0,True,FAMILY_F
3123,True,9,1,0.14728112735344476,0.26055708232252456,1.0007196161266385,0.0007193572960830072,1.0,True,,False,False,gcd_k_not_2,0.0,False,1.0,True,FAMILY_F
3124,True,7,1,0.1588330394303108,0.3015111800751817,0.9878546279031556,0.012219577756202162,1.0,True,,False,False,gcd_k_not_2,0.0,False,1.0,True,FAMILY_F
3125,True,7,1,0.14680772488531954,0.2570436171221799,1.0294044502124315,0.028978403205288727,1.0,True,,False,False,gcd_k_not_2,0.0,False,1.0,True,FAMILY_F
3126,True,6,2,8.719445320562283,12.975821001905146,0.25275432292681366,1.1929644358798046,0.48,False,1.0,True,True,,0.0,False,0.5,False,FAMILY_Q
3127,True,9,1,0.16763951129464505,0.31910113855551997,1.012818875589704,0.01273723706108283,1.0,True,,False,False,gcd_k_not_2,0.0,False,1.0,True,FAMILY_F
3128,True,7,1,0.1213550849373409,0.20666145993728585,1.0015974149351057,0.0015961400860995524,1.0,True,,False,False,gcd_k_not_2,0.0,False,1.0,True,FAMILY_F
3130,True,7,1,0.12398220003083013,0.20569707907692375,0.9985512729449316,0.001449777220810198,1.0,True,,False,False,gcd_k_not_2,0.0,False,1.0,True,FAMILY_F
3131,True,9,1,0.19561111290456248,0.3478590801037743,1.0062439009750344,0.006224468492589332,1.0,True,,False,False,gcd_k_not_2,0.0,False,1.0,True,FAMILY_F
3132,True,1,1,0.1564599801486344,0.23498836055964703,0.9803817804738917,0.019812563132563098,1.0,True,,False,False,gcd_k_not_2,0.0,False,1.0,True,FAMILY_F
3134,True,1,1,0.14283900803036323,0.2226425903405313,0.991320548489012,0.008717282124742744,1.0,True,,False,False,gcd_k_not_2,0.0,False,1.0,True,FAMILY_F
3136,True,3,1,0.11799370933879433,0.1862268515392178,0.9746576637933163,0.025667574356155513,1.0,True,,False,False,gcd_k_not_2,0.0,False,1.0,True,FAMILY_F
3141,True,7,1,0.12122995648195804,0.22213140107401244,0.9700602737533415,0.03039473121258129,1.0,True,,False,False,gcd_k_not_2,0.0,False,1.0,True,FAMILY_F
3142,True,7,1,0.18034289882579138,0.29905671361041514,0.9967347462748141,0.0032705933838009034,1.0,True,,False,False,gcd_k_not_2,0.0,False,1.0,True,FAMILY_F
3146,True,9,1,0.19745950813902288,0.31493165149340485,0.9588028599401648,0.04206358986130302,1.0,True,,False,False,gcd_k_not_2,0.0,False,1.0,True,FAMILY_F
3149,True,2,2,8.669820005206578,12.903163774576765,0.26579719229964316,1.1600638904349128,0.49,False,1.0,True,True,,0.25,False,0.5,False,FAMILY_Q
3151,True,3,1,0.22006202629270202,0.424562413638081,0.9936847748674243,0.006335229332325693,1.0,True,,False,False,gcd_k_not_2,0.0,False,1.0,True,FAMILY_F
3153,True,7,1,0.1728113304618335,0.3144119793239017,1.0341116566941668,0.03353961084870346,1.0,True,,False,False,gcd_k_not_2,0.62,False,1.0,True,FAMILY_F
3155,True,9,1,0.1337967031444574,0.19353428851517043,0.9486618047159984,0.05269071848153128,1.0,True,,False,False,gcd_k_not_2,0.0,False,1.0,True,FAMILY_F
3157,True,1,1,0.15276964288703118,0.23956395241047584,0.9786131906990698,0.021617979099162826,1.0,True,,False,False,gcd_k_not_2,1.0,True,1.0,True,FAMILY_F
3162,True,8,2,8.811650517656778,13.110761429895115,0.2668932768733757,1.157329881702257,0.38,False,1.0,True,True,,0.25,False,0.5,False,FAMILY_Q
3165,True,7,1,0.17722294882056308,0.26152808726835647,0.9848379823195081,0.015277839113873981,1.0,True,,False,False,gcd_k_not_2,0.59,False,1.0,True,FAMILY_F
3166,True,3,1,0.21875021064544684,0.3068186040939826,0.9702215318980653,0.030228548028552783,1.0,True,,False,False,gcd_k_not_2,0.0,False,1.0,True,FAMILY_F
3167,True,9,1,0.13082047875505515,0.1879112059744161,0.9854247329418016,0.01468226603241944,1.0,True,,False,False,gcd_k_not_2,1.0,True,1.0,True,FAMILY_F
3169,True,1,1,0.1810372173604824,0.26293107090153434,0.9451386205503376,0.0564087092509021,1.0,True,,False,False,gcd_k_not_2,0.0,False,1.0,True,FAMILY_F
3170,True,9,1,0.1452241826690034,0.24083269321497874,1.0314582174479254,0.030971070118730366,1.0,True,,False,False,gcd_k_not_2,0.0,False,1.0,True,FAMILY_F
3171,True,4,2,9.058685714903861,13.471929530214465,0.26564714298143577,1.160438533110702,0.54,False,1.0,True,True,,0.0,False,0.5,False,FAMILY_Q
3173,True,7,1,0.15896296854952194,0.2358010756823958,0.9404203134419988,0.06140905261120075,1.0,True,,False,False,gcd_k_not_2,0.0,False,1.0,True,FAMILY_F
3175,True,7,1,0.1737662033730309,0.34470727866557205,1.0047043769837418,0.004693337369592506,1.0,True,,False,False,gcd_k_not_2,0.0,False,1.0,True,FAMILY_F
3177,True,6,2,8.909557514395914,13.253966545777013,0.27018475777709444,1.149148165657616,0.51,False,1.0,True,True,,0.0,False,0.5,False,FAMILY_Q
3178,True,9,1,0.13569825083442863,0.242362900246096,0.9880272995752899,0.012044804844750238,1.0,True,,False,False,gcd_k_not_2,0.8,False,1.0,True,FAMILY_F
3179,True,7,1,0.18542105711993356,0.3442419512038619,1.0258892880045378,0.02555844305790111,1.0,True,,False,False,gcd_k_not_2,0.0,False,1.0,True,FAMILY_F
3181,True,6,2,9.02336292062665,13.420319602649414,0.27393153785663305,1.139886156464835,0.56,False,1.0,True,True,,0.0,False,0.5,False,FAMILY_Q
3182,True,6,2,8.888562513029854,13.223264784288151,0.26906701965067525,1.1519217961404784,0.48,False,1.0,True,True,,0.0,False,0.5,False,FAMILY_Q
3184,True,7,1,0.14903123967088697,0.23912508708403005,0.9869760940420075,0.013109272926881157,1.0,True,,False,False,gcd_k_not_2,0.0,False,1.0,True,FAMILY_F
3190,True,6,2,8.826911122004558,13.133089118439992,0.2514383029226037,1.196322176377706,0.47,False,1.0,True,True,,0.0,False,0.5,False,FAMILY_Q
3191,True,6,2,8.686530429044183,12.927632026174688,0.23811014061270716,1.2307303436029595,0.45,False,1.0,True,True,,0.0,False,0.5,False,FAMILY_Q
3192,True,4,2,8.734438579088723,12.997768273377353,0.2736369581728938,1.1406123812065192,0.51,False,1.0,True,True,,0.0,False,0.5,False,FAMILY_Q
3194,True,1,1,0.1700873807860197,0.27298210342960855,1.0079514861554801,0.007919998277154052,1.0,True,,False,False,gcd_k_not_2,0.56,False,1.0,True,FAMILY_F
3196,True,7,1,0.14630051165551247,0.2433440574580584,1.0060767536777606,0.006058346139169359,1.0,True,,False,False,gcd_k_not_2,0.0,False,1.0,True,FAMILY_F
3197,True,2,2,9.044137214813558,13.450672399294826,0.2695689739737004,1.1506756088093102,0.46,False,1.0,True,True,,0.0,False,0.5,False,FAMILY_Q
3198,True,9,1,0.19138372349146401,0.25851445678006996,0.9746213051779491,0.02570487288423521,1.0,True,,False,False,gcd_k_not_2,0.0,False,1.0,True,FAMILY_F
3199,True,3,1,0.14627863359755394,0.25502479613909673,1.0275302884082533,0.02715647560546812,1.0,True,,False,False,gcd_k_not_2,0.0,False,1.0,True,FAMILY_F
3200,True,9,1,0.16573438028494714,0.28565621440554156,1.0036920908480906,0.0036852876397069894,1.0,True,,False,False,gcd_k_not_2,0.6,False,1.0,True,FAMILY_F
3203,True,1,1,0.13201806176847042,0.22269426020922586,1.004228975417787,0.004220052169344249,1.0,True,,False,False,gcd_k_not_2,0.0,False,1.0,True,FAMILY_F
3205,True,1,1,0.10954144794995561,0.20955948674154165,1.0139120612077452,0.013815956988114119,1.0,True,,False,False,gcd_k_not_2,0.0,False,1.0,True,FAMILY_F
3211,True,7,1,0.20153007772017184,0.24349945947444665,0.9757747182996097,0.024522311654275104,1.0,True,,False,False,gcd_k_not_2,0.98,False,1.0,True,FAMILY_F
3212,True,7,1,0.2360951541370915,0.41195633631958206,0.9864816101860272,0.013610385059348067,1.0,True,,False,False,gcd_k_not_2,0.0,False,1.0,True,FAMILY_F
3213,True,8,2,8.825244462028092,13.130650881979449,0.2809237865691706,1.1227462882187624,0.55,False,1.0,True,True,,0.0,False,0.5,False,FAMILY_Q
3215,True,2,2,8.630805331172168,12.846029185000114,0.2437296466151758,1.216133032517191,0.51,False,1.0,True,True,,0.25,False,0.5,False,FAMILY_Q
3216,True,9,1,0.18628568031863915,0.3520399281318801,1.0026287750867218,0.002625324393042182,1.0,True,,False,False,gcd_k_not_2,0.0,False,1.0,True,FAMILY_F
3221,True,9,1,0.10685534216516054,0.19488037794010127,0.989661170880869,0.010392552531498336,1.0,True,,False,False,gcd_k_not_2,0.0,False,1.0,True,FAMILY_F
3223,True,9,1,0.14952392563955325,0.30573359386153387,1.0198954654268138,0.01969950006557361,1.0,True,,False,False,gcd_k_not_2,0.0,False,1.0,True,FAMILY_F
3224,True,1,1,0.1307212905786416,0.20806699086803523,1.0047837195231168,0.004772304839202157,1.0,True,,False,False,gcd_k_not_2,0.0,False,1.0,True,FAMILY_F
3225,True,1,1,0.14441267206850314,0.25731253637817825,0.9574946105698792,0.0434283590877897,1.0,True,,False,False,gcd_k_not_2,0.0,False,1.0,True,FAMILY_F
3228,True,9,1,0.13933483831551205,0.21021420304583213,0.996432520543474,0.003573854282392561,1.0,True,,False,False,gcd_k_not_2,1.0,True,1.0,True,FAMILY_F
3230,True,7,1,0.12031144029445778,0.1893098444172091,0.9643398009367299,0.03630756658930897,1.0,True,,False,False,gcd_k_not_2,0.0,False,1.0,True,FAMILY_F
3232,True,3,1,0.16334992871237342,0.24340150201085614,0.965523155384528,0.035081595982243224,1.0,True,,False,False,gcd_k_not_2,0.0,False,1.0,True,FAMILY_F
3233,True,1,1,0.1484923403452149,0.24113425040791828,1.002567361031005,0.002564069584838722,1.0,True,,False,False,gcd_k_not_2,0.0,False,1.0,True,FAMILY_F
3234,True,1,1,0.09704084351516352,0.17996416039083804,0.9765910525290475,0.02368618176329466,1.0,True,,False,False,gcd_k_not_2,0.0,False,1.0,True,FAMILY_F
3240,True,3,1,0.10743736680285021,0.17145564882339828,0.9785706669741671,0.02166142800307946,1.0,True,,False,False,gcd_k_not_2,0.0,False,1.0,True,FAMILY_F
3243,True,9,1,0.18686223513613243,0.31402957397523673,1.0266125154982526,0.026263052551720473,1.0,True,,False,False,gcd_k_not_2,0.42,False,1.0,True,FAMILY_F
3245,True,1,1,0.19188691899327082,0.3574008920370396,1.018936435072,0.018758822460227313,1.0,True,,False,False,gcd_k_not_2,0.0,False,1.0,True,FAMILY_F
3246,True,7,1,0.18278105311769813,0.3274845350268135,1.0223576407713484,0.02211047177869181,1.0,True,,False,False,gcd_k_not_2,0.0,False,1.0,True,FAMILY_F
3250,True,7,1,0.14534719430303067,0.2484858439489475,0.9897570454248226,0.010295683685332112,1.0,True,,False,False,gcd_k_not_2,0.0,False,1.0,True,FAMILY_F
3251,True,1,1,0.1355235519800997,0.25279672621806765,1.2037677872837667,0.18492673180863456,1.0,True,,False,False,gcd_k_not_2,0.0,False,1.0,True,FAMILY_F
3255,True,1,1,0.11745434518168278,0.19839184889042324,1.0367321981668371,0.03606973778869707,1.0,True,,False,False,gcd_k_not_2,0.0,False,1.0,True,FAMILY_F
3257,True,3,1,0.17042519103019177,0.31523695516243305,1.0825329938780275,0.0792621236932598,1.0,True,,False,False,gcd_k_not_2,0.42,False,1.0,True,FAMILY_F
3262,True,1,1,0.14553926963093833,0.20377929819823226,0.9969558076137116,0.003048833003396422,1.0,True,,False,False,gcd_k_not_2,1.0,True,1.0,True,FAMILY_F
3263,True,9,1,0.1389847214102123,0.19657533583444683,1.0437093508283959,0.04277452741572942,1.0,True,,False,False,gcd_k_not_2,0.0,False,1.0,True,FAMILY_F
3265,True,7,1,0.17321624279819334,0.2932271859367925,0.9760204658508171,0.024270532176758515,1.0,True,,False,False,gcd_k_not_2,0.0,False,1.0,True,FAMILY_F
3266,True,2,2,8.84904144324744,13.165463330733646,0.27645999025905993,1.1336665704564641,0.43,False,1.0,True,True,,0.0,False,0.5,False,FAMILY_Q
3267,True,1,1,0.11987229701704077,0.18951880846200486,0.969282498950637,0.031196642498708373,1.0,True,,False,False,gcd_k_not_2,0.0,False,1.0,True,FAMILY_F
3269,True,7,1,0.17446318980056774,0.24849991123277201,0.9850098953817544,0.01510330467683912,1.0,True,,False,False,gcd_k_not_2,0.0,False,1.0,True,FAMILY_F
3272,True,3,1,0.17548414940204407,0.28384079200340256,0.9795314840019022,0.020680162112620522,1.0,True,,False,False,gcd_k_not_2,0.0,False,1.0,True,FAMILY_F
3276,True,7,1,0.11020074816853802,0.186054246614561,0.9898282606809281,0.010223735907330136,1.0,True,,False,False,gcd_k_not_2,0.0,False,1.0,True,FAMILY_F
3277,True,7,1,0.12570025201389914,0.21392491096561936,1.0043476836391652,0.004338252963449264,1.0,True,,False,False,gcd_k_not_2,0.0,False,1.0,True,FAMILY_F
3278,True,7,1,0.13231239080601276,0.19635548803816336,1.0056255876093174,0.00560980837507467,1.0,True,,False,False,gcd_k_not_2,0.0,False,1.0,True,FAMILY_F
3279,True,4,2,8.87415216421532,13.202189366988717,0.26715210147850754,1.1566849751760797,0.49,False,1.0,True,True,,0.5,False,0.5,False,FAMILY_Q
3281,True,9,1,0.1357055400213542,0.23104809811667448,1.0283906169943386,0.02799324425628408,1.0,True,,False,False,gcd_k_not_2,0.0,False,1.0,True,FAMILY_F
3283,True,2,2,8.811110817728121,13.109973277274838,0.2728299516394738,1.1426036092627954,0.48,False,1.0,True,True,,0.25,False,0.5,False,FAMILY_Q
3285,True,2,2,8.705204870012789,12.95497377965588,0.25673200063297613,1.1828583962096346,0.49,False,1.0,True,True,,0.0,False,0.5,False,FAMILY_Q
3288,True,2,2,8.997163619484308,13.38203462482478,0.2617561107693738,1.1701847653909463,0.64,False,1.0,True,True,,0.0,False,0.5,False,FAMILY_Q
3289,True,6,2,8.946986049615994,13.308689333188477,0.2761413704153654,1.13444896680848,0.49,False,1.0,True,True,,0.0,False,0.5,False,FAMILY_Q
3291,True,1,1,0.1634670793637687,0.29120812480180247,0.9947527970856388,0.005261005696572981,1.0,True,,False,False,gcd_k_not_2,0.0,False,1.0,True,FAMILY_F
3292,True,2,2,9.096352359686348,13.526948891609852,0.27838768638714223,1.1289412770428193,0.5,False,1.0,True,True,,0.0,False,0.5,False,FAMILY_Q
3297,True,3,1,0.19394822751916102,0.2936497390071254,0.9762907157150805,0.02399372126417213,1.0,True,,False,False,gcd_k_not_2,0.0,False,1.0,True,FAMILY_F
3298,True,3,1,0.1346298347139958,0.1854839733271396,1.0024081841503878,0.002405287962213991,1.0,True,,False,False,gcd_k_not_2,0.0,False,1.0,True,FAMILY_F
3299,True,3,1,0.09846442882940493,0.183694451613576,0.9868579102198229,0.013229018252969134,1.0,True,,False,False,gcd_k_not_2,0.0,False,1.0,True,FAMILY_F
3300,True,9,1,0.11532374675206636,0.18863213329087541,1.0348525896137626,0.03425564071978107,1.0,True,,False,False,gcd_k_not_2,0.0,False,1.0,True,FAMILY_F
3301,True,1,1,0.15077667535842196,0.23856011006071023,0.9910361115923747,0.009004244931003469,1.0,True,,False,False,gcd_k_not_2,0.0,False,1.0,True,FAMILY_F
3302,True,9,1,0.11478172394112565,0.21753487297791282,0.9838279747041668,0.01630385850188932,1.0,True,,False,False,gcd_k_not_2,0.0,False,1.0,True,FAMILY_F
3303,True,9,1,0.15326890780025595,0.28288439307410285,1.0060301769330517,0.006012050070224913,1.0,True,,False,False,gcd_k_not_2,0.4,False,1.0,True,FAMILY_F
3304,True,3,1,0.17296918318526963,0.2491817056428347,1.0025317787564898,0.0025285778566390676,1.0,True,,False,False,gcd_k_not_2,0.0,False,1.0,True,FAMILY_F
3305,True,7,1,0.1383039449163785,0.2271844968240054,1.0258287545922813,0.025499445136940586,1.0,True,,False,False,gcd_k_not_2,0.04,False,1.0,True,FAMILY_F
3309,True,3,1,0.21018348082317526,0.3543187674265186,0.9963952059870039,0.003611303014739418,1.0,True,,False,False,gcd_k_not_2,0.0,False,1.0,True,FAMILY_F
3310,True,3,1,0.1771325787223763,0.28183831917831975,1.0008638960815326,0.0008635230844281195,1.0,True,,False,False,gcd_k_not_2,0.0,False,1.0,True,FAMILY_F
3312,True,7,1,0.1311337013032101,0.23501005208850329,1.2959117132043616,0.25777272836973597,1.0,True,,False,False,gcd_k_not_2,0.0,False,1.0,True,FAMILY_F
3313,True,8,2,9.074608478846462,13.495187301387507,0.26715728208431944,1.1566720694849237,0.52,False,1.0,True,True,,0.25,False,0.5,False,FAMILY_Q
3315,True,6,2,8.731614267839403,12.99363352694731,0.2677031459336164,1.155312829214562,0.67,False,1.0,True,True,,0.0,False,0.5,False,FAMILY_Q
3317,True,6,2,9.143055225474722,13.59515127079982,0.2635297563452814,1.1657347046340003,0.46,False,1.0,True,True,,0.0,False,0.5,False,FAMILY_Q
3318,True,9,1,0.1328196795079242,0.25769905549526345,1.038752976202764,0.038016352795170606,1.0,True,,False,False,gcd_k_not_2,0.0,False,1.0,True,FAMILY_F
3319,True,8,2,8.88869030921779,13.223451474340267,0.2798223422430841,1.1254337949667208,0.48,False,1.0,True,True,,0.0,False,0.5,False,FAMILY_Q
3320,True,7,1,0.1366267561428534,0.23963259682270913,1.0306188919709471,0.03015720191712382,1.0,True,,False,False,gcd_k_not_2,0.0,False,1.0,True,FAMILY_F
3321,True,1,1,0.1367655939568087,0.221193942674793,1.0042694495237117,0.004260354838743134,1.0,True,,False,False,gcd_k_not_2,0.0,False,1.0,True,FAMILY_F
3322,True,7,1,0.17223351868907086,0.3014254815590224,0.9866905390349062,0.013398625204667449,1.0,True,,False,False,gcd_k_not_2,0.0,False,1.0,True,FAMILY_F
3323,True,1,1,0.12019195091622137,0.2028885173366846,0.9750027938731949,0.025313590648429276,1.0,True,,False,False,gcd_k_not_2,1.0,True,1.0,True,FAMILY_F
3325,True,4,2,8.963046827692363,13.332167423830787,0.27901240230948365,1.1274129889415385,0.51,False,1.0,True,True,,0.0,False,0.5,False,FAMILY_Q
3326,True,3,1,0.12537038614595492,0.21200160805839383,0.9934025318203642,0.0066193035017478455,1.0,True,,False,False,gcd_k_not_2,0.0,False,1.0,True,FAMILY_F
3328,True,8,2,8.992886933286833,13.375782207226328,0.27044194873760186,1.1485106454290759,0.56,False,1.0,True,True,,0.0,False,0.5,False,FAMILY_Q
3329,True,3,1,0.12876176760615016,0.20613198125712434,0.9493420985943868,0.05197435734050077,1.0,True,,False,False,gcd_k_not_2,0.0,False,1.0,True,FAMILY_F
3332,True,1,1,0.16606533766030204,0.2678919812396082,1.0268160637771013,0.026461270222151202,1.0,True,,False,False,gcd_k_not_2,0.88,False,1.0,True,FAMILY_F
3333,True,7,1,0.1265552975974537,0.20633848166726346,0.9852294848045428,0.014880410862839366,1.0,True,,False,False,gcd_k_not_2,0.0,False,1.0,True,FAMILY_F
3334,True,3,1,0.21247528860168838,0.3444695762316114,0.9873068989671887,0.012774172966850725,1.0,True,,False,False,gcd_k_not_2,0.0,False,1.0,True,FAMILY_F
3335,True,1,1,0.20373937704541653,0.31013976276149247,0.9850054108293438,0.015107857226838883,1.0,True,,False,False,gcd_k_not_2,0.0,False,1.0,True,FAMILY_F
3338,True,9,1,0.1840075117879441,0.3244323805433033,0.9844311678217985,0.015690977274148026,1.0,True,,False,False,gcd_k_not_2,0.0,False,1.0,True,FAMILY_F
3339,True,8,2,9.138614611897289,13.588671526319441,0.26565901596386793,1.1604088854483314,0.65,False,1.0,True,True,,0.0,False,0.5,False,FAMILY_Q
3340,True,1,1,0.1250903647582873,0.22348243271787413,1.0057859056124114,0.005769215544113539,1.0,True,,False,False,gcd_k_not_2,0.0,False,1.0,True,FAMILY_F
3342,True,9,1,0.12127151050255643,0.16893234040226696,0.99640320459199,0.0036032755304508416,1.0,True,,False,False,gcd_k_not_2,0.0,False,1.0,True,FAMILY_F
3344,True,1,1,0.16324712135032263,0.2434215143730925,1.0153343685180025,0.0152176916719569,1.0,True,,False,False,gcd_k_not_2,0.0,False,1.0,True,FAMILY_F
3346,True,6,2,9.071897650393277,13.491230521864106,0.2737481806250094,1.140338145988369,0.47,False,1.0,True,True,,0.0,False,0.5,False,FAMILY_Q
3347,True,7,1,0.19260123555697803,0.2748174220676987,1.0049025137266376,0.004890525791725449,1.0,True,,False,False,gcd_k_not_2,0.66,False,1.0,True,FAMILY_F
3348,True,2,2,8.961695838593924,13.3301928347722,0.27209035792704295,1.1444307199358619,0.52,False,1.0,True,True,,0.0,False,0.5,False,FAMILY_Q
3349,True,9,1,0.17496043874956857,0.2593177911193854,0.9814496970792085,0.01872397058389715,1.0,True,,False,False,gcd_k_not_2,0.0,False,1.0,True,FAMILY_F
3350,True,7,1,0.14809807169129893,0.23403939169555926,0.9896180256348864,0.010436148277054979,1.0,True,,False,False,gcd_k_not_2,0.0,False,1.0,True,FAMILY_F
3354,True,1,1,0.1235272615884803,0.22727241012560717,0.9861432065349003,0.013953468631574461,1.0,True,,False,False,gcd_k_not_2,0.0,False,1.0,True,FAMILY_F
3355,True,3,1,0.14417443803473504,0.26087175741468194,1.0129858961668385,0.012902123349762566,1.0,True,,False,False,gcd_k_not_2,0.0,False,1.0,True,FAMILY_F
3356,True,9,1,0.15372478483369745,0.31289725064049273,0.9954116639497732,0.004598886668973874,1.0,True,,False,False,gcd_k_not_2,0.0,False,1.0,True,FAMILY_F
3359,True,1,1,0.1335865131720208,0.21106278722164107,0.9828216831083787,0.017327142463654802,1.0,True,,False,False,gcd_k_not_2,0.94,False,1.0,True,FAMILY_F
3363,True,3,1,0.15188364463670578,0.2739553170290196,0.9812868182679435,0.018889927050961406,1.0,True,,False,False,gcd_k_not_2,0.0,False,1.0,True,FAMILY_F
3364,True,9,1,0.11352229378180193,0.20182183934079137,0.9934044980822806,0.006617324204961456,1.0,True,,False,False,gcd_k_not_2,0.0,False,1.0,True,FAMILY_F
3370,True,9,1,0.1637716262872337,0.3319527912285694,0.924324770358932,0.07865120358758652,1.0,True,,False,False,gcd_k_not_2,0.0,False,1.0,True,FAMILY_F
3373,True,9,1,0.1375143006844605,0.2072580098534634,0.9656497258748354,0.0349505546924201,1.0,True,,False,False,gcd_k_not_2,0.0,False,1.0,True,FAMILY_F
3375,True,1,1,0.15451444375444304,0.2712350103953457,1.041375117257344,0.04053651571195088,1.0,True,,False,False,gcd_k_not_2,0.0,False,1.0,True,FAMILY_F
3379,True,9,1,0.13568758652134802,0.24428155979653998,1.004148983544581,0.004140394330607993,1.0,True,,False,False,gcd_k_not_2,0.0,False,1.0,True,FAMILY_F
3380,True,9,1,0.14335477131802152,0.23770393688626118,0.9942684472105484,0.0057480253448010075,1.0,True,,False,False,gcd_k_not_2,0.0,False,1.0,True,FAMILY_F
3381,True,7,1,0.17142475993946277,0.3207334470653523,1.0268893824117986,0.026532659004610305,1.0,True,,False,False,gcd_k_not_2,0.0,False,1.0,True,FAMILY_F
3382,True,6,2,9.214707914109143,13.699751079316373,0.25549063557190577,1.1860054441408916,0.42,False,1.0,True,True,,0.25,False,0.5,False,FAMILY_Q
3384,True,1,1,0.1361717867339886,0.21404554602394943,0.9915485185231276,0.008487346804023405,1.0,True,,False,False,gcd_k_not_2,0.0,False,1.0,True,FAMILY_F
3385,True,9,1,0.18666410631973837,0.28639766312542436,1.011236524929145,0.011173747880837491,1.0,True,,False,False,gcd_k_not_2,0.0,False,1.0,True,FAMILY_F
3386,True,6,2,8.958001383660289,13.32479188497729,0.2528238087582334,1.1927873433094287,0.49,False,1.0,True,True,,0.0,False,0.5,False,FAMILY_Q
3387,True,1,1,0.19221965153786205,0.3164908444486942,0.9804102459865035,0.019783531269035877,1.0,True,,False,False,gcd_k_not_2,0.0,False,1.0,True,FAMILY_F
3388,True,9,1,0.17162695799234726,0.32971458709108026,0.997595296158968,0.0024075986218587988,1.0,True,,False,False,gcd_k_not_2,0.0,False,1.0,True,FAMILY_F
3391,True,3,1,0.16664424398327854,0.24473612385255913,0.9905765697750943,0.009468040936471408,1.0,True,,False,False,gcd_k_not_2,0.3,False,1.0,True,FAMILY_F
3393,True,9,1,0.13770032070378263,0.20595295890514487,0.9949461234152748,0.005066679771855835,1.0,True,,False,False,gcd_k_not_2,0.0,False,1.0,True,FAMILY_F
3394,True,3,1,0.12829815309137782,0.18569762925888772,0.9973122067784238,0.0026914101986203467,1.0,True,,False,False,gcd_k_not_2,1.0,True,1.0,True,FAMILY_F
3396,True,3,1,0.1733738400321214,0.31434041283023584,1.0051923362887811,0.005178891016899868,1.0,True,,False,False,gcd_k_not_2,0.42,False,1.0,True,FAMILY_F
3398,True,3,1,0.1849777179074626,0.30941177520403346,0.9899872131541599,0.010063167019017789,1.0,True,,False,False,gcd_k_not_2,0.0,False,1.0,True,FAMILY_F
3402,True,4,2,8.98535836674681,13.364781547247865,0.27221771348777357,1.1441159461882002,0.31,False,1.0,True,True,,0.5,False,0.5,False,FAMILY_Q
3406,True,2,2,9.089484052913589,13.516918663822109,0.2721245709458399,1.1443461523787344,0.59,False,1.0,True,True,,0.0,False,0.5,False,FAMILY_Q
3407,True,1,1,0.18524192560251185,0.270586694276097,1.0547071544849869,0.05325056114743449,1.0,True,,False,False,gcd_k_not_2,0.0,False,1.0,True,FAMILY_F
3409,True,7,1,0.34653274317975025,0.5323326186570968,1.007899892802474,0.007868811419127028,1.0,True,,False,False,gcd_k_not_2,0.0,False,1.0,True,FAMILY_F
3410,True,1,1,0.14867992345449815,0.20363791321899768,1.0018548421084648,0.0018531234827308656,1.0,True,,False,False,gcd_k_not_2,1.0,True,1.0,True,FAMILY_F
3415,True,2,2,8.840657918205011,13.153198553330014,0.27551338375578516,1.1359921823963046,0.65,False,1.0,True,True,,0.0,False,0.5,False,FAMILY_Q
3418,True,9,1,0.17195238948123445,0.317608215528263,1.01146723836323,0.011401864414715463,1.0,True,,False,False,gcd_k_not_2,0.0,False,1.0,True,FAMILY_F
3421,True,7,1,0.1332488653628251,0.24372381191455025,1.0075108896451495,0.007482788446021344,1.0,True,,False,False,gcd_k_not_2,0.0,False,1.0,True,FAMILY_F
3424,True,9,1,0.1505013821229392,0.2570432560649318,0.9903876379294076,0.009658783934763689,1.0,True,,False,False,gcd_k_not_2,0.0,False,1.0,True,FAMILY_F
3425,True,2,2,8.791666445828827,13.081523748166523,0.28259783286966583,1.1186704807152665,0.49,False,1.0,True,True,,0.25,False,0.5,False,FAMILY_Q
3427,True,1,1,0.1247308303845067,0.23219909701873817,0.9672983449627874,0.0332452422592072,1.0,True,,False,False,gcd_k_not_2,0.0,False,1.0,True,FAMILY_F
3430,True,3,1,0.15020582495254062,0.24610599673493722,0.9793515725176566,0.020863830124003117,1.0,True,,False,False,gcd_k_not_2,0.1,False,1.0,True,FAMILY_F
3431,True,1,1,0.12812555071024592,0.20167897283841832,1.0211680812130237,0.02094638383594443,1.0,True,,False,False,gcd_k_not_2,0.0,False,1.0,True,FAMILY_F
3433,True,1,1,0.14710344853418367,0.22207104129055938,0.9739985845555101,0.026343904851729844,1.0,True,,False,False,gcd_k_not_2,0.0,False,1.0,True,FAMILY_F
3436,True,3,1,0.22427802268376645,0.382472150965253,0.9835305191112248,0.01660622887330693,1.0,True,,False,False,gcd_k_not_2,0.0,False,1.0,True,FAMILY_F
3439,True,3,1,0.16600873364005939,0.2806015568990736,0.9854350530287957,0.01467179392142323,1.0,True,,False,False,gcd_k_not_2,0.0,False,1.0,True,FAMILY_F
3440,True,3,1,0.16217740171882242,0.27314833153719476,0.9930083011887438,0.007016226482434515,1.0,True,,False,False,gcd_k_not_2,0.0,False,1.0,True,FAMILY_F
3442,True,7,1,0.1730024817728115,0.23741185477220386,1.0092251091260274,0.009182753175964469,1.0,True,,False,False,gcd_k_not_2,1.0,True,1.0,True,FAMILY_F
3443,True,4,2,8.988612866470996,13.369537301564758,0.279453015265353,1.1263359828578132,0.49,False,1.0,True,True,,0.0,False,0.5,False,FAMILY_Q
3444,True,7,1,0.2032031441567272,0.3929460274310241,1.0548983483110108,0.0534316924787385,1.0,True,,False,False,gcd_k_not_2,0.0,False,1.0,True,FAMILY_F
3445,True,9,1,0.14355955030423106,0.25736272504418084,0.9767286954829058,0.023545269080448225,1.0,True,,False,False,gcd_k_not_2,0.0,False,1.0,True,FAMILY_F
3446,True,3,1,0.16718258568678462,0.2620734806989425,0.9770717787665105,0.023194121204637617,1.0,True,,False,False,gcd_k_not_2,0.96,False,1.0,True,FAMILY_F
3447,True,8,2,8.98207758398382,13.359986737250564,0.2719492877297701,1.1447794645487575,0.51,False,1.0,True,True,,0.25,False,0.5,False,FAMILY_Q
3448,True,2,2,9.099169091474439,13.531063707004169,0.26323600733930963,1.1664708548207063,0.49,False,1.0,True,True,,0.0,False,0.5,False,FAMILY_Q
3449,True,9,1,0.1272403742049452,0.18406672754728487,1.0072982100672736,0.007271674961568292,1.0,True,,False,False,gcd_k_not_2,0.0,False,1.0,True,FAMILY_F
3452,True,9,1,0.18340519761985474,0.2691834350216431,0.9924843962723476,0.007543952406064493,1.0,True,,False,False,gcd_k_not_2,0.0,False,1.0,True,FAMILY_F
3454,True,9,1,0.15137186782845483,0.25597290434285463,0.9919502585898924,0.008082271507930188,1.0,True,,False,False,gcd_k_not_2,0.0,False,1.0,True,FAMILY_F
3455,True,1,1,0.13623984042492446,0.2717519199089861,0.9847875629865226,0.015329032987880225,1.0,True,,False,False,gcd_k_not_2,0.0,False,1.0,True,FAMILY_F
3457,True,3,1,0.1512787026683621,0.24235567829031482,1.0315968886629185,0.031105470616972462,1.0,True,,False,False,gcd_k_not_2,0.0,False,1.0,True,FAMILY_F
3458,True,4,2,8.677335650578565,12.914169559162033,0.26267852244475837,1.1678688826157635,0.17,False,1.0,True,True,,0.0,False,0.5,False,FAMILY_Q
3459,True,9,1,0.12944408631382376,0.24898084821597796,0.9569667818520301,0.04397950802950702,1.0,True,,False,False,gcd_k_not_2,0.0,False,1.0,True,FAMILY_F
3460,True,4,2,8.982381948563107,13.36042972227776,0.2645133774402164,1.163272189415103,0.52,False,1.0,True,True,,0.0,False,0.5,False,FAMILY_Q
3461,True,8,2,8.948688500257301,13.311177753571583,0.264432998757148,1.1634732753192372,0.51,False,1.0,True,True,,0.0,False,0.5,False,FAMILY_Q
3462,True,8,2,8.99045313140015,13.372228218336527,0.2785597048785894,1.1285203066679124,0.59,False,1.0,True,True,,0.0,False,0.5,False,FAMILY_Q
3463,True,1,1,0.12789569216627317,0.22390948779862827,1.1056497534863174,0.10034883846318073,1.0,True,,False,False,gcd_k_not_2,0.3,False,1.0,True,FAMILY_F
3464,True,1,1,0.21912624297676386,0.3305495045193328,0.9797489462932982,0.02045820379863615,1.0,True,,False,False,gcd_k_not_2,0.0,False,1.0,True,FAMILY_F
3467,True,9,1,0.09963471303087604,0.19413605751712415,0.9861949382107128,0.013901013967665894,1.0,True,,False,False,gcd_k_not_2,0.0,False,1.0,True,FAMILY_F
3469,True,2,2,8.862113447648213,13.184583169364952,0.2715434167981025,1.1457832639898964,0.52,False,1.0,True,True,,0.0,False,0.5,False,FAMILY_Q
3470,True,1,1,0.1459788541124669,0.26944540785868615,1.0033522101388317,0.003346600884124423,1.0,True,,False,False,gcd_k_not_2,0.0,False,1.0,True,FAMILY_F
3472,True,8,2,8.962419571092394,13.331251349955217,0.2547205759115469,1.1879607912654373,0.52,False,1.0,True,True,,0.0,False,0.5,False,FAMILY_Q
3473,True,1,1,0.11207743502748418,0.20999519326420885,0.974640289835012,0.0256853972802377,1.0,True,,False,False,gcd_k_not_2,0.0,False,1.0,True,FAMILY_F
3475,True,3,1,0.07927674037271668,0.15435886460303724,0.9850490376971509,0.015063569734472308,1.0,True,,False,False,gcd_k_not_2,0.0,False,1.0,True,FAMILY_F
3476,True,1,1,0.10373786027281907,0.1881925596494106,1.007972089501055,0.007940438557625693,1.0,True,,False,False,gcd_k_not_2,0.0,False,1.0,True,FAMILY_F
3478,True,3,1,0.1850196169402649,0.2527148116248721,0.9977147502121197,0.0022878639581928196,1.0,True,,False,False,gcd_k_not_2,0.0,False,1.0,True,FAMILY_F
3479,True,2,2,9.01797271821141,13.41244442950327,0.2701836960491656,1.1491507979843965,0.58,False,1.0,True,True,,0.0,False,0.5,False,FAMILY_Q
3481,True,8,2,8.994788309718292,13.378560752050467,0.27064312948265123,1.1480121421886726,0.5,False,1.0,True,True,,0.0,False,0.5,False,FAMILY_Q
3484,True,7,1,0.19792878805222736,0.30897262572527057,1.0516519843300007,0.05035160419457644,1.0,True,,False,False,gcd_k_not_2,0.0,False,1.0,True,FAMILY_F
3490,True,7,1,0.16299321205174103,0.2397111308660341,0.9851845159936619,0.014926052351282268,1.0,True,,False,False,gcd_k_not_2,0.0,False,1.0,True,FAMILY_F
3491,True,7,1,0.19805074175547088,0.2978598001196752,0.9334968419861026,0.06879055250546455,1.0,True,,False,False,gcd_k_not_2,0.0,False,1.0,True,FAMILY_F
3492,True,4,2,8.71455540378404,12.968664449537746,0.28127691002155925,1.1218856507237724,0.4,False,1.0,True,True,,0.0,False,0.5,False,FAMILY_Q
3495,True,3,1,0.20297493984591675,0.351598173630357,0.9988938063839279,0.0011068057868199625,1.0,True,,False,False,gcd_k_not_2,0.0,False,1.0,True,FAMILY_F
3496,True,3,1,0.13765102513327052,0.20251874170288062,1.084741191728623,0.08129660608697166,1.0,True,,False,False,gcd_k_not_2,0.0,False,1.0,True,FAMILY_F
3497,True,8,2,8.88385045890635,13.216374936091272,0.2799541054740986,1.1251120511999833,0.53,False,1.0,True,True,,0.0,False,0.5,False,FAMILY_Q
3501,True,1,1,0.16907491602024738,0.30829376885467535,0.9286302534894986,0.07401081299162568,1.0,True,,False,False,gcd_k_not_2,0.0,False,1.0,True,FAMILY_F
3502,True,7,1,0.1444304547791087,0.22978460821462604,0.9949829908298312,0.005029626010076292,1.0,True,,False,False,gcd_k_not_2,0.0,False,1.0,True,FAMILY_F
3503,True,7,1,0.15205892976033494,0.22499099292007893,1.0276588104417128,0.02728152320230582,1.0,True,,False,False,gcd_k_not_2,0.0,False,1.0,True,FAMILY_F
3505,True,9,1,0.17261425276277337,0.3057118223160219,0.9934123027610428,0.0066094678254295155,1.0,True,,False,False,gcd_k_not_2,0.0,False,1.0,True,FAMILY_F
3506,True,6,2,8.834298496495652,13.143896866395616,0.2616582481093384,1.1704306661445059,0.49,False,1.0,True,True,,0.0,False,0.5,False,FAMILY_Q
3512,True,1,1,0.11888610398248903,0.20240465956996273,0.9990440285733951,0.0009564285858046778,1.0,True,,False,False,gcd_k_not_2,0.0,False,1.0,True,FAMILY_F
3513,True,3,1,0.13182829512300548,0.2080107910363897,1.0120135135000095,0.011941782119655204,1.0,True,,False,False,gcd_k_not_2,0.0,False,1.0,True,FAMILY_F
3515,True,7,1,0.11455785768439923,0.17299409932074866,1.1491890279553976,0.13883285836176684,1.0,True,,False,False,gcd_k_not_2,0.0,False,1.0,True,FAMILY_F
3517,True,7,1,0.12198914302889706,0.186200131012276,0.9770548265642464,0.023211469027015333,1.0,True,,False,False,gcd_k_not_2,0.0,False,1.0,True,FAMILY_F
3525,True,3,1,0.17953490612971046,0.2977233427130007,1.0067365764744878,0.006713961915542338,1.0,True,,False,False,gcd_k_not_2,0.96,False,1.0,True,FAMILY_F
3526,True,1,1,0.1508758839449488,0.26877318697447405,1.025284562978992,0.024968899127736255,1.0,True,,False,False,gcd_k_not_2,0.0,False,1.0,True,FAMILY_F
3527,True,7,1,0.16137639690036903,0.23403553825334447,1.218808046930368,0.19723026264762306,1.0,True,,False,False,gcd_k_not_2,0.0,False,1.0,True,FAMILY_F
3530,True,7,1,0.18545068053426483,0.3366739183028416,0.9809164933420992,0.01926735096814111,1.0,True,,False,False,gcd_k_not_2,0.0,False,1.0,True,FAMILY_F
3531,True,7,1,0.14729850468784633,0.22383248808189743,1.017677526496173,0.017522647959380508,1.0,True,,False,False,gcd_k_not_2,0.0,False,1.0,True,FAMILY_F
3532,True,7,1,0.0959778867797996,0.18071420396710827,0.9838987369565414,0.016231940414619315,1.0,True,,False,False,gcd_k_not_2,0.0,False,1.0,True,FAMILY_F
3533,True,8,2,8.905634349897335,13.248230344838708,0.26490708112933836,1.1622876175447663,0.54,False,1.0,True,True,,0.0,False,0.5,False,FAMILY_Q
3535,True,9,1,0.140853547798004,0.23743220811926996,1.0725006632594536,0.06996442948822097,1.0,True,,False,False,gcd_k_not_2,0.0,False,1.0,True,FAMILY_F
3539,True,1,1,0.14681555031078886,0.2666994036365138,1.0050242686368507,0.005011678626978866,1.0,True,,False,False,gcd_k_not_2,0.0,False,1.0,True,FAMILY_F
3542,True,3,1,0.16164757239391758,0.2630671379463548,1.0377123687397796,0.0370144180487089,1.0,True,,False,False,gcd_k_not_2,0.0,False,1.0,True,FAMILY_F
3543,True,1,1,0.12910535249003607,0.22807670699618324,1.030782032805601,0.03031544725957079,1.0,True,,False,False,gcd_k_not_2,0.0,False,1.0,True,FAMILY_F
3545,True,1,1,0.15961699259737425,0.2590704894790099,1.0137166648552207,0.013623232200054305,1.0,True,,False,False,gcd_k_not_2,0.6,False,1.0,True,FAMILY_F
3548,True,1,1,0.15485505052547996,0.23791379071195157,1.0218754867768127,0.021638807057981314,1.0,True,,False,False,gcd_k_not_2,0.7,False,1.0,True,FAMILY_F
3550,True,9,1,0.09889528948186654,0.16963746431117815,0.9798939247284372,0.02031025502976942,1.0,True,,False,False,gcd_k_not_2,0.0,False,1.0,True,FAMILY_F
3551,True,1,1,0.11575303791767672,0.2167242587902012,1.0078881396711923,0.007857150520829418,1.0,True,,False,False,gcd_k_not_2,0.0,False,1.0,True,FAMILY_F
3552,True,1,1,0.13851362551398272,0.21075442952459864,0.9984105333020196,0.0015907309048798048,1.0,True,,False,False,gcd_k_not_2,0.0,False,1.0,True,FAMILY_F
3554,True,7,1,0.1939486721126919,0.33294189809591,1.0034459425598494,0.003440015511919975,1.0,True,,False,False,gcd_k_not_2,0.0,False,1.0,True,FAMILY_F
3556,True,1,1,0.1490928415638391,0.22692884447187037,0.9888098065592368,0.011253155936638238,1.0,True,,False,False,gcd_k_not_2,0.9,False,1.0,True,FAMILY_F
3558,True,1,1,0.1743439392228834,0.32760697380549386,0.9915707646828151,0.008464911683444336,1.0,True,,False,False,gcd_k_not_2,0.0,False,1.0,True,FAMILY_F
3559,True,9,1,0.1643080440694889,0.29452183966481704,0.9976488295050306,0.002353937749461074,1.0,True,,False,False,gcd_k_not_2,0.0,False,1.0,True,FAMILY_F
3560,True,1,1,0.0809235696785767,0.1647995508307441,0.9822320178831092,0.017927247624489256,1.0,True,,False,False,gcd_k_not_2,0.0,False,1.0,True,FAMILY_F
3568,True,9,1,0.13499381327202795,0.2536811980134049,0.9947655111929389,0.005248224693769319,1.0,True,,False,False,gcd_k_not_2,0.0,False,1.0,True,FAMILY_F
3570,True,9,1,0.19691825438117275,0.2740299339247667,1.0251690731847318,0.02485626856344546,1.0,True,,False,False,gcd_k_not_2,0.0,False,1.0,True,FAMILY_F
3572,True,1,1,0.1820685679592949,0.34690240475379075,0.979259998844394,0.020957328665981493,1.0,True,,False,False,gcd_k_not_2,0.0,False,1.0,True,FAMILY_F
3574,True,3,1,0.15363594074206055,0.27451782209374753,1.0032689198383904,0.003263585638471562,1.0,True,,False,False,gcd_k_not_2,0.0,False,1.0,True,FAMILY_F
3575,True,7,1,0.15787574841440052,0.2674542225074564,0.9847394476061769,0.015377889941401624,1.0,True,,False,False,gcd_k_not_2,0.0,False,1.0,True,FAMILY_F
3579,True,9,1,0.15255854536690103,0.2527262742026439,1.0666419348138214,0.06449296677010001,1.0,True,,False,False,gcd_k_not_2,0.0,False,1.0,True,FAMILY_F
3580,True,7,1,0.18137346516958916,0.27443217381110013,0.9719740228728013,0.028424286326419232,1.0,True,,False,False,gcd_k_not_2,0.0,False,1.0,True,FAMILY_F
3582,True,7,1,0.1746459641394354,0.3138408521664318,1.0703833050629576,0.0679906033736273,1.0,True,,False,False,gcd_k_not_2,0.0,False,1.0,True,FAMILY_F
3583,True,1,1,0.17631868015648755,0.27176433615631834,0.9928644630757648,0.007161086021095739,1.0,True,,False,False,gcd_k_not_2,0.3,False,1.0,True,FAMILY_F
3584,True,7,1,0.14853730519935854,0.251179933453162,0.9735528011153349,0.02680161267508901,1.0,True,,False,False,gcd_k_not_2,0.0,False,1.0,True,FAMILY_F
3586,True,9,1,0.18542370885312665,0.2830721586512628,0.9716251882475765,0.028783170271468924,1.0,True,,False,False,gcd_k_not_2,0.0,False,1.0,True,FAMILY_F
3587,True,1,1,0.19717251532486252,0.3585768845502405,1.0226411773636486,0.022387735023925024,1.0,True,,False,False,gcd_k_not_2,0.0,False,1.0,True,FAMILY_F
3588,True,1,1,0.19878096392654782,0.3080403945081374,1.0290066564555742,0.02859197761947745,1.0,True,,False,False,gcd_k_not_2,0.0,False,1.0,True,FAMILY_F
3589,True,3,1,0.16207004012319834,0.2284379972250876,0.9677953583305746,0.03273169797162945,1.0,True,,False,False,gcd_k_not_2,0.0,False,1.0,True,FAMILY_F
3591,True,9,1,0.12082500062247066,0.1985069782045242,0.9758625784851236,0.024432287728615568,1.0,True,,False,False,gcd_k_not_2,0.0,False,1.0,True,FAMILY_F
3594,True,2,2,8.641899296266478,12.862276735532848,0.2510395884184265,1.1973408651734432,0.54,False,1.0,True,True,,0.25,False,0.5,False,FAMILY_Q
3595,True,9,1,0.12472247118991032,0.2114793156940046,0.9961708986827996,0.0038364463881594927,1.0,True,,False,False,gcd_k_not_2,0.0,False,1.0,True,FAMILY_F
3599,True,1,1,0.18828886801216005,0.24269271003120715,0.9991775838234391,0.0008227544998659367,1.0,True,,False,False,gcd_k_not_2,0.0,False,1.0,True,FAMILY_F
3600,True,7,1,0.1799295239230743,0.30011194763868504,0.9798140714653863,0.020391741654480468,1.0,True,,False,False,gcd_k_not_2,0.0,False,1.0,True,FAMILY_F
3601,True,3,1,0.1265874355493498,0.16803627955101388,1.006919923956808,0.0068960638381275665,1.0,True,,False,False,gcd_k_not_2,0.0,False,1.0,True,FAMILY_F
3602,True,3,1,0.1856818800248984,0.3355362045200546,1.0450520230737015,0.04405953742534984,1.0,True,,False,False,gcd_k_not_2,0.0,False,1.0,True,FAMILY_F
3603,True,9,1,0.13576437159786836,0.24107838134747028,1.0749145016336354,0.072209723894313,1.0,True,,False,False,gcd_k_not_2,0.5,False,1.0,True,FAMILY_F
3605,True,7,1,0.14232435466280996,0.23492407475136579,0.9607364987701901,0.04004974789262782,1.0,True,,False,False,gcd_k_not_2,0.0,False,1.0,True,FAMILY_F
3606,True,7,1,0.18433784329351247,0.2934288875732414,0.9794650535955693,0.020747975688815836,1.0,True,,False,False,gcd_k_not_2,0.0,False,1.0,True,FAMILY_F
3607,True,1,1,0.17985651421457585,0.31614352573759624,0.9825889910433526,0.01756391166833298,1.0,True,,False,False,gcd_k_not_2,0.0,False,1.0,True,FAMILY_F
3609,True,9,1,0.10832098016927011,0.17991262856199522,1.0199186177598705,0.01972219829525671,1.0,True,,False,False,gcd_k_not_2,0.0,False,1.0,True,FAMILY_F
3611,True,7,1,0.1610438231334463,0.2537118391756104,0.9871954590390359,0.0128870473236247,1.0,True,,False,False,gcd_k_not_2,0.0,False,1.0,True,FAMILY_F
3614,True,1,1,0.12980248764688176,0.18041829532254483,0.9932383252201151,0.006784612451336619,1.0,True,,False,False,gcd_k_not_2,0.0,False,1.0,True,FAMILY_F
3615,True,1,1,0.1445348546664109,0.22811667750462622,1.0144558893925855,0.014352152825688691,1.0,True,,False,False,gcd_k_not_2,0.0,False,1.0,True,FAMILY_F
3616,True,1,1,0.3005000412020227,0.4267907549333649,1.0260881372895831,0.02575222351825499,1.0,True,,False,False,gcd_k_not_2,0.0,False,1.0,True,FAMILY_F
3617,True,8,2,8.447562198810312,12.577500122651056,0.26634116908934896,1.1587064352306256,0.45,False,1.0,True,True,,0.0,False,0.5,False,FAMILY_Q
3618,True,7,1,0.22159772113378,0.34493912931211157,1.017990246217856,0.017829864392628816,1.0,True,,False,False,gcd_k_not_2,0.0,False,1.0,True,FAMILY_F
3619,True,2,2,8.849244568549409,13.165761251700493,0.27558208992065514,1.1358232697111728,0.5,False,1.0,True,True,,0.0,False,0.5,False,FAMILY_Q
3621,True,3,1,0.11589777426391823,0.22667093410667313,1.0271684974353907,0.026804380069798916,1.0,True,,False,False,gcd_k_not_2,0.0,False,1.0,True,FAMILY_F
3622,True,1,1,0.1388700125208911,0.20728860405854557,0.9956132821954754,0.004396360601186748,1.0,True,,False,False,gcd_k_not_2,0.0,False,1.0,True,FAMILY_F
3623,True,7,1,0.1829841432399422,0.3102310883286112,1.0181118379182221,0.017949290597200317,1.0,True,,False,False,gcd_k_not_2,0.0,False,1.0,True,FAMILY_F
3625,True,4,2,8.976944466105287,13.352480974159029,0.2586649980464657,1.177970314744808,0.49,False,1.0,True,True,,0.0,False,0.5,False,FAMILY_Q
3629,True,7,1,0.1025890930721917,0.16368277937900605,1.0017727838161485,0.0017712138265452734,1.0,True,,False,False,gcd_k_not_2,1.0,True,1.0,True,FAMILY_F
3632,True,1,1,0.14640680370989984,0.23168051542547285,0.9851660025574103,0.014944843326431794,1.0,True,,False,False,gcd_k_not_2,0.0,False,1.0,True,FAMILY_F
3634,True,7,1,0.1318864393470502,0.20937283271941143,0.9798990125528921,0.020305063358953445,1.0,True,,False,False,gcd_k_not_2,0.0,False,1.0,True,FAMILY_F
3636,True,1,1,0.14731780759380744,0.2476452712411075,0.9899157482889264,0.010135355448837315,1.0,True,,False,False,gcd_k_not_2,0.5,False,1.0,True,FAMILY_F
3637,True,2,2,8.943485070934166,13.303571826162303,0.27989212927436075,1.1252633784597255,0.5,False,1.0,True,True,,0.0,False,0.5,False,FAMILY_Q
3640,True,7,1,0.14194140089456003,0.2314269743655944,1.002869500735002,0.0028653896161971015,1.0,True,,False,False,gcd_k_not_2,0.65,False,1.0,True,FAMILY_F
3644,True,1,1,0.1661060556743947,0.3108545552761811,1.0203583495204458,0.02015320650940769,1.0,True,,False,False,gcd_k_not_2,0.4,False,1.0,True,FAMILY_F
3647,True,1,1,0.17107943444040025,0.22143376047289073,1.010019836290746,0.009969887968107242,1.0,True,,False,False,gcd_k_not_2,0.0,False,1.0,True,FAMILY_F
3648,True,7,1,0.17285569537465437,0.30383737241939207,0.9706882609868938,0.029747717681565027,1.0,True,,False,False,gcd_k_not_2,0.0,False,1.0,True,FAMILY_F
3652,True,3,1,0.16855996445755478,0.28233532286131613,1.0050822865917008,0.005069404508420348,1.0,True,,False,False,gcd_k_not_2,0.0,False,1.0,True,FAMILY_F
3655,True,4,2,8.84158260906996,13.15455222144007,0.2701234765238059,1.149300106590879,0.47,False,1.0,True,True,,0.0,False,0.5,False,FAMILY_Q
3657,True,1,1,0.20528045273730589,0.3899993363118065,0.9953952972443164,0.0046153288644538515,1.0,True,,False,False,gcd_k_not_2,0.0,False,1.0,True,FAMILY_F
3658,True,9,1,0.1896774053444904,0.28853091601473346,0.9856613087994761,0.01444223255696409,1.0,True,,False,False,gcd_k_not_2,0.0,False,1.0,True,FAMILY_F
3659,True,3,1,0.16928417685218156,0.30612588490998244,1.007539866286428,0.007511548251717113,1.0,True,,False,False,gcd_k_not_2,0.0,False,1.0,True,FAMILY_F
3660,True,9,1,0.1333477177933145,0.21280688623885924,0.9988521003439963,0.0011485588711703152,1.0,True,,False,False,gcd_k_not_2,0.0,False,1.0,True,FAMILY_F
3661,True,4,2,8.942003147764675,13.301405358920947,0.2691748402580157,1.1516540299418665,0.52,False,1.0,True,True,,0.25,False,0.5,False,FAMILY_Q
3662,True,1,1,0.14515504153508185,0.19720826935021352,0.9950437606662148,0.004968552000212924,1.0,True,,False,False,gcd_k_not_2,0.0,False,1.0,True,FAMILY_F
3663,True,4,2,9.022487432463423,13.419039129423087,0.2763006609436602,1.1340577674248906,0.49,False,1.0,True,True,,0.0,False,0.5,False,FAMILY_Q
3666,True,1,1,0.12487283545704081,0.22168165425922462,1.0164039166579286,0.016270466965881653,1.0,True,,False,False,gcd_k_not_2,0.0,False,1.0,True,FAMILY_F
3669,True,1,1,0.1601384274418642,0.3092765065927423,1.0155402456171119,0.015420427005518692,1.0,True,,False,False,gcd_k_not_2,0.0,False,1.0,True,FAMILY_F
3671,True,9,1,0.14902626850633385,0.23833974177436232,0.980501700121355,0.019690263206994768,1.0,True,,False,False,gcd_k_not_2,0.0,False,1.0,True,FAMILY_F
3672,True,3,1,0.11776550266820057,0.18329231294063206,1.0031500914049725,0.0031451376694024875,1.0,True,,False,False,gcd_k_not_2,1.0,True,1.0,True,FAMILY_F
3673,True,9,1,0.16895394775702768,0.2385191123221094,1.0057478603116283,0.0057313887008062945,1.0,True,,False,False,gcd_k_not_2,0.0,False,1.0,True,FAMILY_F
3674,True,7,1,0.13284945306092652,0.2192749967466663,0.9794321078198553,0.020781609128082832,1.0,True,,False,False,gcd_k_not_2,0.0,False,1.0,True,FAMILY_F
3675,True,9,1,0.14919328561557918,0.25250582192493515,0.9563411365060922,0.04463318046041802,1.0,True,,False,False,gcd_k_not_2,0.52,False,1.0,True,FAMILY_F
3676,True,2,2,8.668615089012041,12.90140054969784,0.2612706820070885,1.1714048832362531,0.51,False,1.0,True,True,,0.0,False,0.5,False,FAMILY_Q
3677,True,6,2,8.777300211432449,13.060500405767304,0.2746014414367532,1.1382358986595287,0.57,False,1.0,True,True,,0.0,False,0.5,False,FAMILY_Q
3682,True,1,1,0.20619147313945888,0.3300037637924694,0.98074171800003,0.019445525708839256,1.0,True,,False,False,gcd_k_not_2,0.0,False,1.0,True,FAMILY_F
3684,True,3,1,0.2045569756645087,0.28117512392535077,1.0459570880772575,0.044924781995742506,1.0,True,,False,False,gcd_k_not_2,0.0,False,1.0,True,FAMILY_F
3686,True,3,1,0.1351568082434646,0.23359081658641012,1.046211013799688,0.04516739816963171,1.0,True,,False,False,gcd_k_not_2,0.3,False,1.0,True,FAMILY_F
3690,True,3,1,0.21069792040304283,0.3403619682931917,0.9636671928980263,0.03700505588052623,1.0,True,,False,False,gcd_k_not_2,0.0,False,1.0,True,FAMILY_F
3691,True,1,1,0.12767193508677496,0.19385358295345181,0.9910545998151756,0.008985590034200677,1.0,True,,False,False,gcd_k_not_2,0.0,False,1.0,True,FAMILY_F
3694,True,4,2,8.825426773240526,13.130917123848448,0.2708280448105335,1.147554082028742,0.5,False,1.0,True,True,,0.0,False,0.5,False,FAMILY_Q
3695,True,3,1,0.16435736775161613,0.21116124692638658,0.9804998748713771,0.019692124575255845,1.0,True,,False,False,gcd_k_not_2,0.0,False,1.0,True,FAMILY_F
3700,True,1,1,0.20578119276782195,0.2949244663851391,1.0110733686028874,0.011012396440394704,1.0,True,,False,False,gcd_k_not_2,0.0,False,1.0,True,FAMILY_F
3701,True,7,1,0.09027436715679263,0.1714844670982125,0.9682112334234072,0.032302189964947006,1.0,True,,False,False,gcd_k_not_2,1.0,True,1.0,True,FAMILY_F
3704,True,1,1,0.18710702471642607,0.30453534933629023,0.9921175709276743,0.007913618339960802,1.0,True,,False,False,gcd_k_not_2,0.0,False,1.0,True,FAMILY_F
3705,True,1,1,0.19414311867406991,0.27368349327276675,0.9856907105486645,0.014412405089392512,1.0,True,,False,False,gcd_k_not_2,0.0,False,1.0,True,FAMILY_F
3708,True,7,1,0.16294984525680983,0.2599591092160138,1.0092209351438501,0.009178617425853247,1.0,True,,False,False,gcd_k_not_2,0.7,False,1.0,True,FAMILY_F
3711,True,6,2,9.000064416733,13.386275151083721,0.2761976083257198,1.134310841757269,0.45,False,1.0,True,True,,0.0,False,0.5,False,FAMILY_Q
3714,True,7,1,0.12982808618097993,0.2017794264398711,0.9978256774650726,0.002176688946841774,1.0,True,,False,False,gcd_k_not_2,0.0,False,1.0,True,FAMILY_F
3715,True,9,1,0.15061583379716717,0.23837839031741836,0.9527843787075321,0.04835722961253717,1.0,True,,False,False,gcd_k_not_2,0.7,False,1.0,True,FAMILY_F
3718,True,1,1,0.14469237563269405,0.20872627688965276,0.979598291772172,0.02061196790543202,1.0,True,,False,False,gcd_k_not_2,0.0,False,1.0,True,FAMILY_F
3719,True,8,2,8.98360731335632,13.36221991209218,0.277542302611323,1.1310117808419469,0.57,False,1.0,True,True,,0.25,False,0.5,False,FAMILY_Q
3720,True,8,2,8.875596294469005,13.204303017734897,0.27585345343991696,1.1351563059341356,0.58,False,1.0,True,True,,0.0,False,0.5,False,FAMILY_Q
3721,True,1,1,0.21425201685451195,0.38658590205299315,1.086178517662191,0.08261854575970254,1.0,True,,False,False,gcd_k_not_2,0.0,False,1.0,True,FAMILY_F
3724,True,4,2,8.814254065122638,13.114572226007892,0.27347534973567406,1.1410109358066889,0.49,False,1.0,True,True,,0.0,False,0.5,False,FAMILY_Q
3725,True,3,1,0.11096318017905295,0.22849321159774766,0.9838354185725251,0.01629629280346873,1.0,True,,False,False,gcd_k_not_2,0.0,False,1.0,True,FAMILY_F
3732,True,2,2,8.979643079589602,13.356426205647091,0.2755397613782786,1.1359273314050347,0.55,False,1.0,True,True,,0.0,False,0.5,False,FAMILY_Q
3733,True,4,2,8.854551777113167,13.173522611960262,0.2693656883311522,1.1511801813855862,0.45,False,1.0,True,True,,0.5,False,0.5,False,FAMILY_Q
3734,True,3,1,0.2156265578050583,0.37083078041527273,1.0453894988287722,0.044382254680356024,1.0,True,,False,False,gcd_k_not_2,0.0,False,1.0,True,FAMILY_F
3735,True,1,1,0.15152523607630647,0.24372267444723433,0.9947308644394801,0.005283054124698228,1.0,True,,False,False,gcd_k_not_2,0.0,False,1.0,True,FAMILY_F
3736,True,1,1,0.17576362373269314,0.3013890198636852,0.9763069557841362,0.023977089334751837,1.0,True,,False,False,gcd_k_not_2,0.0,False,1.0,True,FAMILY_F
3737,True,7,1,0.11052724379610769,0.2194805742102314,0.9944147161530857,0.005600925225509194,1.0,True,,False,False,gcd_k_not_2,0.0,False,1.0,True,FAMILY_F
3738,True,7,1,0.20539069120623873,0.3462859352131814,1.0248922418716664,0.024586238573029228,1.0,True,,False,False,gcd_k_not_2,0.1,False,1.0,True,FAMILY_F
3739,True,9,1,0.08724869911041494,0.18365372926089446,1.0197758828984338,0.019582254710413496,1.0,True,,False,False,gcd_k_not_2,0.0,False,1.0,True,FAMILY_F
3742,True,1,1,0.13094247616522092,0.23813925990818705,0.9285761103511943,0.0740690390858357,1.0,True,,False,False,gcd_k_not_2,0.0,False,1.0,True,FAMILY_F
3743,True,7,1,0.11954293822768731,0.20627412251905503,1.0057731884909769,0.005756571604509584,1.0,True,,False,False,gcd_k_not_2,0.0,False,1.0,True,FAMILY_F
3744,True,9,1,0.15526772258414584,0.2710611869484819,0.9629532921743865,0.03774588827284459,1.0,True,,False,False,gcd_k_not_2,0.0,False,1.0,True,FAMILY_F
3745,True,7,1,0.18931562942048683,0.2869916385035911,1.0338051531491512,0.03324325646122703,1.0,True,,False,False,gcd_k_not_2,0.0,False,1.0,True,FAMILY_F
3748,True,9,1,0.16548384917908554,0.3070020559273552,1.032237458418889,0.0317260744164909,1.0,True,,False,False,gcd_k_not_2,0.0,False,1.0,True,FAMILY_F
3749,True,7,1,0.15829063837220886,0.22883015964390258,1.0052195949591183,0.00520600833169561,1.0,True,,False,False,gcd_k_not_2,1.0,True,1.0,True,FAMILY_F
3750,True,4,2,8.83593142051809,13.146284223863617,0.2744677254174326,1.138565159576607,0.49,False,1.0,True,True,,0.0,False,0.5,False,FAMILY_Q
3751,True,3,1,0.16086497182368878,0.28285965284139475,0.9931771576613083,0.006846197602121108,1.0,True,,False,False,gcd_k_not_2,0.0,False,1.0,True,FAMILY_F
3752,True,6,2,9.23663555996476,13.731751650246556,0.2694303416751314,1.1510196886594248,0.58,False,1.0,True,True,,0.0,False,0.5,False,FAMILY_Q
3753,True,3,1,0.18795148698316955,0.2901366109433342,1.011748615292147,0.011680003359108546,1.0,True,,False,False,gcd_k_not_2,0.7,False,1.0,True,FAMILY_F
3754,True,7,1,0.15611328723946405,0.2545346952101348,0.9373328032466884,0.06469430203038984,1.0,True,,False,False,gcd_k_not_2,0.0,False,1.0,True,FAMILY_F
3755,True,3,1,0.10190385867998113,0.16478226764875267,1.003337875781746,0.003332314356052915,1.0,True,,False,False,gcd_k_not_2,1.0,True,1.0,True,FAMILY_F
3757,True,9,1,0.12316103449995049,0.20863546691047788,1.0010629916332336,0.0010624269577501045,1.0,True,,False,False,gcd_k_not_2,0.0,False,1.0,True,FAMILY_F
3758,True,1,1,0.1269191956308678,0.2598828483666592,1.0229970956501557,0.022735668478816955,1.0,True,,False,False,gcd_k_not_2,0.0,False,1.0,True,FAMILY_F
3762,True,3,1,0.07365330837988815,0.11541931516992175,0.9628972516233657,0.03780406574613055,1.0,True,,False,False,gcd_k_not_2,0.0,False,1.0,True,FAMILY_F
3764,True,3,1,0.1374281814507648,0.18558572146574812,1.0078638926546497,0.007833093352012677,1.0,True,,False,False,gcd_k_not_2,0.0,False,1.0,True,FAMILY_F
3765,True,3,1,0.14151932800274863,0.25531540300125405,0.9741649447873759,0.026173147568889294,1.0,True,,False,False,gcd_k_not_2,0.0,False,1.0,True,FAMILY_F
3771,True,3,1,0.11043654405032897,0.1939605736569782,0.9818867079325738,0.0182788370242629,1.0,True,,False,False,gcd_k_not_2,0.0,False,1.0,True,FAMILY_F
3773,True,1,1,0.22038758533765943,0.32354165703580023,1.0128571259411665,0.012775001042515317,1.0,True,,False,False,gcd_k_not_2,0.0,False,1.0,True,FAMILY_F
3775,True,7,1,0.1638582808011702,0.22053025673243332,0.9833892431979133,0.016749870817393722,1.0,True,,False,False,gcd_k_not_2,0.0,False,1.0,True,FAMILY_F
3778,True,9,1,0.1582213367213989,0.2667578782978168,1.024956667936173,0.02464908837936645,1.0,True,,False,False,gcd_k_not_2,0.0,False,1.0,True,FAMILY_F
3780,True,1,1,0.09241113952713104,0.14437180527517396,1.000720137727059,0.0007198785212178467,1.0,True,,False,False,gcd_k_not_2,0.0,False,1.0,True,FAMILY_F
3781,True,9,1,0.18893935374155674,0.2923104830886314,1.0406461708761765,0.03983656888320289,1.0,True,,False,False,gcd_k_not_2,0.0,False,1.0,True,FAMILY_F
3782,True,7,1,0.21650823864262012,0.322110039530371,1.0452688454966403,0.044266889994745796,1.0,True,,False,False,gcd_k_not_2,0.0,False,1.0,True,FAMILY_F
3783,True,7,1,0.1441313086861772,0.23883817073858118,0.9929548528797683,0.007070051898116641,1.0,True,,False,False,gcd_k_not_2,0.9,False,1.0,True,FAMILY_F
3784,True,7,1,0.18841321197256625,0.2860449615860343,1.04696537606858,0.045887807011940854,1.0,True,,False,False,gcd_k_not_2,0.0,False,1.0,True,FAMILY_F
3786,True,1,1,0.19231297722700763,0.26942252743509637,0.9809984280713566,0.01918383342397984,1.0,True,,False,False,gcd_k_not_2,0.0,False,1.0,True,FAMILY_F
3789,True,7,1,0.12321722687676151,0.21082038009062373,0.9945680951005377,0.005446697871890425,1.0,True,,False,False,gcd_k_not_2,0.1,False,1.0,True,FAMILY_F
3790,True,9,1,0.17422504514940687,0.28552200803387323,1.006773800929256,0.00675093618037,1.0,True,,False,False,gcd_k_not_2,0.0,False,1.0,True,FAMILY_F
3792,True,9,1,0.1360364038241514,0.220310674197157,0.9836153639754305,0.016519972896088576,1.0,True,,False,False,gcd_k_not_2,0.0,False,1.0,True,FAMILY_F
3794,True,3,1,0.1447258112631693,0.2184370712032511,1.12061922411362,0.11375849350232733,1.0,True,,False,False,gcd_k_not_2,0.0,False,1.0,True,FAMILY_F
3796,True,1,1,0.23097478144128825,0.3790730606441294,1.0058171464246428,0.005800275897543096,1.0,True,,False,False,gcd_k_not_2,0.0,False,1.0,True,FAMILY_F
3798,True,7,1,0.15177166394678357,0.2733659347769224,0.9509748613509191,0.05025706852535688,1.0,True,,False,False,gcd_k_not_2,0.0,False,1.0,True,FAMILY_F
3799,True,8,2,9.040537558158341,13.445413246634885,0.2671670342243063,1.156647775680648,0.46,False,1.0,True,True,,0.0,False,0.5,False,FAMILY_Q
3802,True,9,1,0.2519845297643896,0.39828710531851536,0.9741805631292567,0.02615711789788577,1.0,True,,False,False,gcd_k_not_2,0.0,False,1.0,True,FAMILY_F
3803,True,4,2,9.037319937085043,13.440714135147553,0.2645257641806174,1.1632412033865553,0.54,False,1.0,True,True,,0.0,False,0.5,False,FAMILY_Q
3809,True,8,2,8.9575654888837,13.324156912376425,0.2691747415920606,1.1516542749522225,0.54,False,1.0,True,True,,0.0,False,0.5,False,FAMILY_Q
3811,True,7,1,0.17200406250143463,0.2707102488677579,1.0060069756940433,0.005988987841844402,1.0,True,,False,False,gcd_k_not_2,0.0,False,1.0,True,FAMILY_F
3812,True,3,1,0.14454385971840342,0.20726292416861528,1.0450547020440555,0.044062099658285794,1.0,True,,False,False,gcd_k_not_2,0.0,False,1.0,True,FAMILY_F
3814,True,4,2,8.899491363057438,13.239245852411594,0.2653187005845176,1.161258897187079,0.54,False,1.0,True,True,,0.0,False,0.5,False,FAMILY_Q
3815,True,7,1,0.1265103486142328,0.21489252945203463,0.9869582986205582,0.013127302559390446,1.0,True,,False,False,gcd_k_not_2,0.0,False,1.0,True,FAMILY_F
3816,True,1,1,0.14401461088192818,0.2493326485024696,1.0293068805078862,0.028883635875271332,1.0,True,,False,False,gcd_k_not_2,0.1,False,1.0,True,FAMILY_F
3817,True,7,1,0.11639369664594598,0.20282913819761433,1.0111691456390979,0.011107117134644266,1.0,True,,False,False,gcd_k_not_2,0.0,False,1.0,True,FAMILY_F
3819,True,8,2,8.89193745845893,13.228201143927958,0.28102405769050426,1.1225018577804111,0.52,False,1.0,True,True,,0.0,False,0.5,False,FAMILY_Q
3820,True,1,1,0.24625560622347065,0.3890625537409559,0.9951773722230642,0.004834284754906131,1.0,True,,False,False,gcd_k_not_2,0.0,False,1.0,True,FAMILY_F
3823,True,7,1,0.15504708096290498,0.29428057618546644,1.035988160908381,0.035352033572066024,1.0,True,,False,False,gcd_k_not_2,0.0,False,1.0,True,FAMILY_F
3824,True,1,1,0.16925837670021784,0.22390116732376458,1.0059161123760008,0.005898663797055046,1.0,True,,False,False,gcd_k_not_2,0.0,False,1.0,True,FAMILY_F
3825,True,1,1,0.1780807967973017,0.33327440335016073,0.9781302802490706,0.022111505970350772,1.0,True,,False,False,gcd_k_not_2,0.0,False,1.0,True,FAMILY_F
3826,True,1,1,0.13764129498389588,0.23640849865505423,0.9735648629988105,0.026789225423299857,1.0,True,,False,False,gcd_k_not_2,0.0,False,1.0,True,FAMILY_F
3827,True,8,2,8.832377220900542,13.141087370916408,0.2667336168113447,1.1577278339457868,0.5,False,1.0,True,True,,0.0,False,0.5,False,FAMILY_Q
3828,True,6,2,9.180409148295809,13.649687228378822,0.26190705318383933,1.169805565241789,0.53,False,1.0,True,True,,0.0,False,0.5,False,FAMILY_Q
3829,True,1,1,0.20472313155449595,0.32081671415310675,0.9911142051104698,0.008925449747406316,1.0,True,,False,False,gcd_k_not_2,0.0,False,1.0,True,FAMILY_F
3830,True,3,1,0.16845464553156927,0.25074006382281266,1.0020937806362196,0.0020915909698836837,1.0,True,,False,False,gcd_k_not_2,0.0,False,1.0,True,FAMILY_F
3835,True,7,1,0.16314208617023854,0.29243056752531443,0.9847898329029676,0.015326728145101264,1.0,True,,False,False,gcd_k_not_2,0.0,False,1.0,True,FAMILY_F
3836,True,1,1,0.12174642157531403,0.19970581911374052,1.0071344919192933,0.007109131897256154,1.0,True,,False,False,gcd_k_not_2,0.0,False,1.0,True,FAMILY_F
3837,True,7,1,0.13517258756519746,0.1956262548773058,1.008158475367995,0.008125330214787993,1.0,True,,False,False,gcd_k_not_2,0.0,False,1.0,True,FAMILY_F
3840,True,2,2,8.951095218085825,13.314697918073097,0.2737952689739972,1.1402220572085155,0.53,False,1.0,True,True,,0.25,False,0.5,False,FAMILY_Q
3843,True,9,1,0.11174560843475081,0.1899671813595967,1.0064315151179795,0.006410899220351709,1.0,True,,False,False,gcd_k_not_2,0.0,False,1.0,True,FAMILY_F
3844,True,1,1,0.16272211498079464,0.252178769219708,0.9892223141504148,0.010836079781447957,1.0,True,,False,False,gcd_k_not_2,0.0,False,1.0,True,FAMILY_F
3845,True,9,1,0.11967973496935956,0.21863485283042403,0.9955295125080523,0.004480502507155668,1.0,True,,False,False,gcd_k_not_2,0.4,False,1.0,True,FAMILY_F
3848,True,7,1,0.17693045120933162,0.3170325860194749,0.9987409904806448,0.0012598025710699086,1.0,True,,False,False,gcd_k_not_2,0.0,False,1.0,True,FAMILY_F
3849,True,7,1,0.15106737558096836,0.28183850259979837,1.0287241274917875,0.028317430746289358,1.0,True,,False,False,gcd_k_not_2,0.1,False,1.0,True,FAMILY_F
3851,True,7,1,0.18796753415130055,0.3088508765163936,1.0115006777642643,0.011434923081454922,1.0,True,,False,False,gcd_k_not_2,0.0,False,1.0,True,FAMILY_F
3852,True,9,1,0.2804251936625068,0.43698543675710705,0.9946235578387392,0.0053909341841789134,1.0,True,,False,False,gcd_k_not_2,0.0,False,1.0,True,FAMILY_F
3853,True,9,1,0.3062224387259804,0.5247262011071279,0.9893267799930625,0.010730484417421545,1.0,True,,False,False,gcd_k_not_2,0.0,False,1.0,True,FAMILY_F
3855,True,1,1,0.15201009209288047,0.24381068174886145,1.0022952074961442,0.0022925765267293266,1.0,True,,False,False,gcd_k_not_2,0.6,False,1.0,True,FAMILY_F
3860,True,1,1,0.16546128120469208,0.32491250460809534,1.027486857777153,0.027114215484768577,1.0,True,,False,False,gcd_k_not_2,0.0,False,1.0,True,FAMILY_F
3862,True,9,1,0.1583197110858264,0.2766971229918126,1.000642722939844,0.0006425164598101043,1.0,True,,False,False,gcd_k_not_2,0.0,False,1.0,True,FAMILY_F
3864,True,7,1,0.1855287114716943,0.24808719647695834,1.0230290696132733,0.022766919130505214,1.0,True,,False,False,gcd_k_not_2,0.0,False,1.0,True,FAMILY_F
3870,True,1,1,0.1852644546959213,0.23288017410470663,1.0394223609085267,0.03866032035753962,1.0,True,,False,False,gcd_k_not_2,1.0,True,1.0,True,FAMILY_F
3872,True,9,1,0.1313654762362781,0.23852670683082264,0.9864876142292585,0.013604299039120138,1.0,True,,False,False,gcd_k_not_2,0.0,False,1.0,True,FAMILY_F
3873,True,3,1,0.1592708367594986,0.2695901436799829,0.9977472542172847,0.0022552860758133756,1.0,True,,False,False,gcd_k_not_2,0.0,False,1.0,True,FAMILY_F
3874,True,7,1,0.17739255657206549,0.32649679634773915,1.0003462137799084,0.0003461538582906116,1.0,True,,False,False,gcd_k_not_2,0.0,False,1.0,True,FAMILY_F
3875,True,6,2,8.825942259043146,13.131673997825336,0.2732777021311015,1.1414985068105314,0.49,False,1.0,True,True,,0.0,False,0.5,False,FAMILY_Q
3877,True,1,1,0.16342798222412955,0.26295147845190564,0.9758963448435063,0.024397691932977115,1.0,True,,False,False,gcd_k_not_2,0.0,False,1.0,True,FAMILY_F
3880,True,4,2,8.755315624797984,13.028328927425584,0.2734445538865733,1.1410868952181197,0.52,False,1.0,True,True,,0.25,False,0.5,False,FAMILY_Q
3881,True,1,1,0.24880415697454056,0.4089216717344069,0.9945579779844572,0.005456870219477913,1.0,True,,False,False,gcd_k_not_2,0.0,False,1.0,True,FAMILY_F
3886,True,7,1,0.11543454117496163,0.2162899171432418,1.0083648745471652,0.00833003469954748,1.0,True,,False,False,gcd_k_not_2,0.0,False,1.0,True,FAMILY_F
3891,True,7,1,0.12639401463855252,0.2018069729628335,0.973957046091954,0.0263865457048378,1.0,True,,False,False,gcd_k_not_2,0.0,False,1.0,True,FAMILY_F
3892,True,9,1,0.13059448236158686,0.20420364500123564,0.9874012157212708,0.012678652079979591,1.0,True,,False,False,gcd_k_not_2,0.0,False,1.0,True,FAMILY_F
3893,True,9,1,0.14062938289433904,0.24830048478264402,0.9672439469784431,0.033301465303139495,1.0,True,,False,False,gcd_k_not_2,0.2,False,1.0,True,FAMILY_F
3894,True,3,1,0.18560812538523414,0.3448594080916389,0.9730714988799418,0.027296021594093018,1.0,True,,False,False,gcd_k_not_2,0.0,False,1.0,True,FAMILY_F
3896,True,7,1,0.1263192302036695,0.19764568771508906,1.0414937438025984,0.040650375665917955,1.0,True,,False,False,gcd_k_not_2,0.0,False,1.0,True,FAMILY_F
3898,True,7,1,0.12987298278961407,0.24084550895878648,1.0066808575947883,0.006658614965606388,1.0,True,,False,False,gcd_k_not_2,0.0,False,1.0,True,FAMILY_F
3899,True,7,1,0.153361090688031,0.2754917607333167,0.9877003353330365,0.012375773599598228,1.0,True,,False,False,gcd_k_not_2,0.0,False,1.0,True,FAMILY_F
3900,True,9,1,0.2414343245185749,0.41719703821397186,1.0267122878922768,0.02636021703905167,1.0,True,,False,False,gcd_k_not_2,0.5,False,1.0,True,FAMILY_F
3902,True,6,2,8.815296413225735,13.11609584100555,0.2655531149192974,1.1606733473648594,0.44,False,1.0,True,True,,0.0,False,0.5,False,FAMILY_Q
3904,True,9,1,0.15453069066878072,0.2979400326576659,0.9911366814356992,0.008902772619215593,1.0,True,,False,False,gcd_k_not_2,0.6,False,1.0,True,FAMILY_F
3908,True,7,1,0.13481119698646096,0.2565008076150488,0.9851636490198836,0.014947232171454848,1.0,True,,False,False,gcd_k_not_2,0.0,False,1.0,True,FAMILY_F
3909,True,7,1,0.12657104608638528,0.2156861800868771,1.0042959578848554,0.004286750036046483,1.0,True,,False,False,gcd_k_not_2,0.0,False,1.0,True,FAMILY_F
3910,True,6,2,9.036604080425755,13.439666633833895,0.27661494780793217,1.1332862010337383,0.49,False,1.0,True,True,,0.0,False,0.5,False,FAMILY_Q
3911,True,4,2,9.03497276967871,13.437288348308204,0.2634829646026458,1.1658519442388877,0.57,False,1.0,True,True,,0.25,False,0.5,False,FAMILY_Q
3912,True,3,1,0.1004253336424077,0.19324062330469516,1.0195306266822468,0.019341748448085977,1.0,True,,False,False,gcd_k_not_2,1.0,True,1.0,True,FAMILY_F
3916,True,7,1,0.13559720608063963,0.2209784939399692,0.9901711681299419,0.00987737339124828,1.0,True,,False,False,gcd_k_not_2,0.8,False,1.0,True,FAMILY_F
3920,True,3,1,0.1295405724561922,0.22272829125586646,0.9813506919534948,0.018824843196353178,1.0,True,,False,False,gcd_k_not_2,0.0,False,1.0,True,FAMILY_F
3921,True,2,2,8.92896648482337,13.282345066351049,0.2779146532771337,1.1300994864893719,0.47,False,1.0,True,True,,0.0,False,0.5,False,FAMILY_Q
3924,True,3,1,0.2105671989626417,0.33744771498578635,0.9804548592822697,0.019738032024434565,1.0,True,,False,False,gcd_k_not_2,0.0,False,1.0,True,FAMILY_F
3925,True,1,1,0.11661987518824989,0.21781598668302476,0.9415717660599181,0.060186530275573434,1.0,True,,False,False,gcd_k_not_2,0.0,False,1.0,True,FAMILY_F
3927,True,7,1,0.09643011082448213,0.17762192163253473,1.0082905996925697,0.008256374544439891,1.0,True,,False,False,gcd_k_not_2,0.1,False,1.0,True,FAMILY_F
3930,True,3,1,0.16872974628365295,0.2627245920962276,1.0153621759304723,0.015245077151832301,1.0,True,,False,False,gcd_k_not_2,1.0,True,1.0,True,FAMILY_F
3931,True,7,1,0.18327548167203447,0.3220461470957214,0.9854964822156657,0.01460946208088921,1.0,True,,False,False,gcd_k_not_2,0.0,False,1.0,True,FAMILY_F
3933,True,1,1,0.22254281607301676,0.3281733756625588,0.995835851922486,0.004172836231499591,1.0,True,,False,False,gcd_k_not_2,0.16,False,1.0,True,FAMILY_F
3937,True,1,1,0.1884334740533707,0.3059433008436196,0.9537421190875773,0.04735310813079635,1.0,True,,False,False,gcd_k_not_2,0.18,False,1.0,True,FAMILY_F
3939,True,8,2,8.80021132133758,13.09402495617987,0.27410343507166507,1.1394625349040128,0.49,False,1.0,True,True,,0.0,False,0.5,False,FAMILY_Q
3943,True,1,1,0.13493982531331894,0.22550726002770727,0.9888855347403177,0.011176576093036445,1.0,True,,False,False,gcd_k_not_2,0.0,False,1.0,True,FAMILY_F
3945,True,1,1,0.12682377899014768,0.1796772638721624,0.9761109955034406,0.02417779623808362,1.0,True,,False,False,gcd_k_not_2,0.0,False,1.0,True,FAMILY_F
3946,True,9,1,0.12017396331072404,0.18298114068891835,0.982676181837848,0.017475186640002523,1.0,True,,False,False,gcd_k_not_2,0.0,False,1.0,True,FAMILY_F
3947,True,9,1,0.09297411245285957,0.15118577430506255,0.9709419656896183,0.029486443351683846,1.0,True,,False,False,gcd_k_not_2,0.0,False,1.0,True,FAMILY_F
3949,True,1,1,0.10404605801103207,0.1694723932555579,0.9993232960251125,0.0006769330165190175,1.0,True,,False,False,gcd_k_not_2,0.0,False,1.0,True,FAMILY_F
3950,True,9,1,0.14426887761892024,0.2174976569212677,1.018130955936547,0.017968066822634028,1.0,True,,False,False,gcd_k_not_2,0.0,False,1.0,True,FAMILY_F
3951,True,7,1,0.14181971406153335,0.22462720879034037,1.004866700575124,0.004854886934605614,1.0,True,,False,False,gcd_k_not_2,0.0,False,1.0,True,FAMILY_F
3952,True,7,1,0.15475216894048532,0.2858702642815813,0.9490885142672547,0.05224132753343436,1.0,True,,False,False,gcd_k_not_2,0.0,False,1.0,True,FAMILY_F
3955,True,8,2,9.088564831043358,13.515577327882738,0.27978527751643095,1.1255243127678851,0.49,False,1.0,True,True,,0.0,False,0.5,False,FAMILY_Q
3958,True,7,1,0.16478246146172734,0.2812577681850791,0.9612987045823748,0.03946496811240795,1.0,True,,False,False,gcd_k_not_2,0.0,False,1.0,True,FAMILY_F
3959,True,9,1,0.17823260473584618,0.28715035818942164,1.0637324471703773,0.061764253653870754,1.0,True,,False,False,gcd_k_not_2,0.0,False,1.0,True,FAMILY_F
3960,True,1,1,0.1375325827532661,0.2406728387517728,1.0241404640739102,0.023852558162217364,1.0,True,,False,False,gcd_k_not_2,0.9,False,1.0,True,FAMILY_F
3961,True,7,1,0.14085100227688674,0.22927121757157148,0.9847672522773486,0.01534965644477776,1.0,True,,False,False,gcd_k_not_2,1.0,True,1.0,True,FAMILY_F
3962,True,7,1,0.1893391929925315,0.31382623712512153,0.9426216848192507,0.05907307184835427,1.0,True,,False,False,gcd_k_not_2,0.0,False,1.0,True,FAMILY_F
3964,True,1,1,0.1541410894364801,0.2217221546005688,1.0192943153737466,0.01910995858984081,1.0,True,,False,False,gcd_k_not_2,0.0,False,1.0,True,FAMILY_F
3965,True,1,1,0.11600311594479473,0.18678119459089454,1.0093114057662582,0.009268255522301486,1.0,True,,False,False,gcd_k_not_2,0.4,False,1.0,True,FAMILY_F
3968,True,9,1,0.137167337731929,0.2368355668748718,0.9929898234982615,0.00703483421649756,1.0,True,,False,False,gcd_k_not_2,0.5,False,1.0,True,FAMILY_F
3970,True,1,1,0.17373936483603292,0.2702697430340825,0.9775042030237239,0.02275170585415564,1.0,True,,False,False,gcd_k_not_2,0.9,False,1.0,True,FAMILY_F
3972,True,1,1,0.1079534024339537,0.1998250724718334,1.0115007087002292,0.011434953664680255,1.0,True,,False,False,gcd_k_not_2,0.0,False,1.0,True,FAMILY_F
3974,True,3,1,0.21495733532297623,0.28864974470964677,1.0571095917844315,0.055524112096421614,1.0,True,,False,False,gcd_k_not_2,0.9,False,1.0,True,FAMILY_F
3977,True,3,1,0.12133795016298461,0.1681678143190316,0.9971317464431231,0.0028723729037759163,1.0,True,,False,False,gcd_k_not_2,0.0,False,1.0,True,FAMILY_F
3980,True,1,1,0.17268299726869132,0.23537776777568922,1.0201164496942094,0.019916128792728287,1.0,True,,False,False,gcd_k_not_2,0.0,False,1.0,True,FAMILY_F
3981,True,3,1,0.20202290619588267,0.35614856021455205,1.0113426229737768,0.01127865819002686,1.0,True,,False,False,gcd_k_not_2,0.0,False,1.0,True,FAMILY_F
3982,True,4,2,8.822874000589803,13.127181970042379,0.2577741428620755,1.180221204816603,0.48,False,1.0,True,True,,0.0,False,0.5,False,FAMILY_Q
3983,True,3,1,0.1566016848091583,0.28762149221312333,1.021093399800425,0.020873255835190986,1.0,True,,False,False,gcd_k_not_2,0.0,False,1.0,True,FAMILY_F
3984,True,7,1,0.0943179066866799,0.14382044346635245,0.9820758587084736,0.018086231374823215,1.0,True,,False,False,gcd_k_not_2,0.0,False,1.0,True,FAMILY_F
3985,True,3,1,0.18105579203853855,0.3146058394903713,0.9989600999685426,0.0010404410087762133,1.0,True,,False,False,gcd_k_not_2,0.0,False,1.0,True,FAMILY_F
3989,True,9,1,0.18877479716053164,0.3098890138178024,1.0325064342259271,0.03198654988593648,1.0,True,,False,False,gcd_k_not_2,0.0,False,1.0,True,FAMILY_F
3990,True,1,1,0.23745675952939738,0.38471339610119965,0.9698779436950022,0.03058266264811943,1.0,True,,False,False,gcd_k_not_2,0.0,False,1.0,True,FAMILY_F
3993,True,1,1,0.18323239330280072,0.3538160588521627,0.9923662105525963,0.007663038458463358,1.0,True,,False,False,gcd_k_not_2,0.0,False,1.0,True,FAMILY_F
3997,True,7,1,0.24947016166227556,0.39466928116968725,1.0029039821103387,0.0028997716678149255,1.0,True,,False,False,gcd_k_not_2,0.4,False,1.0,True,FAMILY_F
4006,True,3,1,0.08265549150229623,0.13378624169170358,0.9734907165061538,0.026865374407008064,1.0,True,,False,False,gcd_k_not_2,0.0,False,1.0,True,FAMILY_F
4007,True,3,1,0.12917778398425786,0.23669869885330927,0.9818700374409245,0.01829581376837978,1.0,True,,False,False,gcd_k_not_2,0.0,False,1.0,True,FAMILY_F
4008,True,9,1,0.14006343314771988,0.24352040578754203,1.0259457753754582,0.025613494389453605,1.0,True,,False,False,gcd_k_not_2,0.0,False,1.0,True,FAMILY_F
4010,True,9,1,0.13529783256356337,0.22595964005019734,0.9986758554055083,0.001325021854754968,1.0,True,,False,False,gcd_k_not_2,0.0,False,1.0,True,FAMILY_F
4012,True,9,1,0.15475601714885698,0.24662481046919524,1.0016707101095037,0.001669315638247265,1.0,True,,False,False,gcd_k_not_2,0.0,False,1.0,True,FAMILY_F
4013,True,1,1,0.1336771943924891,0.2513333683926668,1.001850933180475,0.0018492217874927078,1.0,True,,False,False,gcd_k_not_2,0.0,False,1.0,True,FAMILY_F
4016,True,1,1,0.14594800663521953,0.23495043346537461,1.0280930775505388,0.027703933178913658,1.0,True,,False,False,gcd_k_not_2,0.0,False,1.0,True,FAMILY_F
4018,True,3,1,0.14542895024977667,0.26612064887838055,0.9950254203874274,0.004986983686259596,1.0,True,,False,False,gcd_k_not_2,0.0,False,1.0,True,FAMILY_F
4020,True,1,1,0.20386671272304996,0.4039646907587037,0.9723383307091442,0.02804961893217399,1.0,True,,False,False,gcd_k_not_2,0.0,False,1.0,True,FAMILY_F
4023,True,3,1,0.11618213075333246,0.2132717637518515,1.0109693638333368,0.010909528539437116,1.0,True,,False,False,gcd_k_not_2,0.0,False,1.0,True,FAMILY_F
4024,True,9,1,0.09467042866277836,0.15969005317285018,1.0321626214230137,0.03165359020381149,1.0,True,,False,False,gcd_k_not_2,0.0,False,1.0,True,FAMILY_F
4025,True,3,1,0.14597386852043073,0.2593961606552416,0.97728283701792,0.022978162311206207,1.0,True,,False,False,gcd_k_not_2,0.0,False,1.0,True,FAMILY_F
4026,True,7,1,0.1533769355059095,0.23521295053802252,1.0043633678930768,0.004353869126697703,1.0,True,,False,False,gcd_k_not_2,0.0,False,1.0,True,FAMILY_F
4027,True,7,1,0.20975515466543512,0.3305498209668793,1.011437509487273,0.011372473102769592,1.0,True,,False,False,gcd_k_not_2,0.0,False,1.0,True,FAMILY_F
4028,True,3,1,0.21402701852010142,0.36701535803242474,1.0220799324877448,0.021838832513984826,1.0,True,,False,False,gcd_k_not_2,0.0,False,1.0,True,FAMILY_F
4029,True,1,1,0.1241112261147282,0.20295544806080618,1.003085129016113,0.00308037733536386,1.0,True,,False,False,gcd_k_not_2,0.0,False,1.0,True,FAMILY_F
4032,True,9,1,0.12581593991257106,0.20151710168516399,0.9784160947952035,0.021819378907783005,1.0,True,,False,False,gcd_k_not_2,0.0,False,1.0,True,FAMILY_F
4036,True,3,1,0.11924136821129376,0.21275349989145262,0.9875156369578899,0.01256278220906856,1.0,True,,False,False,gcd_k_not_2,0.0,False,1.0,True,FAMILY_F
4038,True,7,1,0.15377688096570638,0.2893163584427858,0.9637337428394527,0.03693602281143094,1.0,True,,False,False,gcd_k_not_2,0.0,False,1.0,True,FAMILY_F
4039,True,7,1,0.19500746767407579,0.32381615287801396,0.9917324921062981,0.008301825598033845,1.0,True,,False,False,gcd_k_not_2,0.0,False,1.0,True,FAMILY_F
4040,True,7,1,0.16692539468274512,0.24572284976585218,0.987381849874638,0.012698264428809128,1.0,True,,False,False,gcd_k_not_2,0.0,False,1.0,True,FAMILY_F
4041,True,9,1,0.1623183175013298,0.25406636939688604,1.0203428187452692,0.020137987035193542,1.0,True,,False,False,gcd_k_not_2,0.0,False,1.0,True,FAMILY_F
4044,True,1,1,0.1652557978291891,0.26260743264802033,0.9880275880160823,0.012044512919325632,1.0,True,,False,False,gcd_k_not_2,0.56,False,1.0,True,FAMILY_F
4045,True,7,1,0.1239684204457568,0.17123940600681578,1.016241727338379,0.016110892972956828,1.0,True,,False,False,gcd_k_not_2,0.0,False,1.0,True,FAMILY_F
4046,True,6,2,8.753055195867436,13.025018269347074,0.2710498481192436,1.1470048211867925,0.49,False,1.0,True,True,,0.0,False,0.5,False,FAMILY_Q
4047,True,2,2,8.914627570200635,13.261380432929311,0.2695364399024777,1.1507563503315188,0.5,False,1.0,True,True,,0.0,False,0.5,False,FAMILY_Q
4048,True,7,1,0.14905279430535642,0.20480560419691465,1.0531236078022133,0.051749059433474576,1.0,True,,False,False,gcd_k_not_2,0.0,False,1.0,True,FAMILY_F
4049,True,9,1,0.15100615762637828,0.2876625078421123,0.9600028364899758,0.040813373088431096,1.0,True,,False,False,gcd_k_not_2,0.0,False,1.0,True,FAMILY_F
4051,True,9,1,0.2074541739627975,0.30444397734635936,0.9562796825581945,0.0446974099170045,1.0,True,,False,False,gcd_k_not_2,0.6,False,1.0,True,FAMILY_F
4053,True,9,1,0.17127779274572374,0.22870892487993263,0.9907748144609996,0.009267934747806352,1.0,True,,False,False,gcd_k_not_2,0.0,False,1.0,True,FAMILY_F
4054,True,1,1,0.2687380299638549,0.442586090445743,0.9762784531278833,0.02400627991928189,1.0,True,,False,False,gcd_k_not_2,0.0,False,1.0,True,FAMILY_F
4055,True,3,1,0.14799059836289172,0.2448134191601023,0.9638006939474126,0.03686657832860179,1.0,True,,False,False,gcd_k_not_2,0.0,False,1.0,True,FAMILY_F
4056,True,7,1,0.17577538276580332,0.2910914476532717,1.0015275543229845,0.0015263885023068962,1.0,True,,False,False,gcd_k_not_2,0.0,False,1.0,True,FAMILY_F
4058,True,1,1,0.16538436627587344,0.2306724549556203,0.9947687941745719,0.005244924465136139,1.0,True,,False,False,gcd_k_not_2,0.0,False,1.0,True,FAMILY_F
4060,True,1,1,0.14795054135181965,0.2851451776982513,0.9893975903027487,0.010658914788006632,1.0,True,,False,False,gcd_k_not_2,0.0,False,1.0,True,FAMILY_F
4062,True,1,1,0.24112883675940883,0.4253150059257132,1.0217824549597345,0.021547773259480825,1.0,True,,False,False,gcd_k_not_2,0.0,False,1.0,True,FAMILY_F
4063,True,4,2,8.898113616114653,13.23723202073155,0.2789126061561446,1.1276570273415798,0.52,False,1.0,True,True,,0.35,False,0.5,False,FAMILY_Q
4065,True,3,1,0.1484798382871736,0.24268757787573253,1.0168878046822367,0.016746399718448806,1.0,True,,False,False,gcd_k_not_2,0.0,False,1.0,True,FAMILY_F
4068,True,7,1,0.23955112151185748,0.37752538199081676,0.9991799822610286,0.0008203540914250213,1.0,True,,False,False,gcd_k_not_2,0.0,False,1.0,True,FAMILY_F
4070,True,1,1,0.13434515551685294,0.2559401008924138,0.9455268191827183,0.055998385918077355,1.0,True,,False,False,gcd_k_not_2,0.0,False,1.0,True,FAMILY_F
4072,True,1,1,0.14640438265091466,0.24100788887037683,1.0125894810420835,0.012510729247739908,1.0,True,,False,False,gcd_k_not_2,0.0,False,1.0,True,FAMILY_F
4073,True,7,1,0.19393178930315857,0.3206031323025161,0.9966513430274365,0.0033542731276118413,1.0,True,,False,False,gcd_k_not_2,0.0,False,1.0,True,FAMILY_F
4074,True,9,1,0.13841998672428352,0.23469148481929714,1.0230314376923129,0.022769233599834793,1.0,True,,False,False,gcd_k_not_2,0.0,False,1.0,True,FAMILY_F
4077,True,1,1,0.1454583086530594,0.24352618799621467,0.9497666153461842,0.051527587208068694,1.0,True,,False,False,gcd_k_not_2,0.0,False,1.0,True,FAMILY_F
4078,True,8,2,8.94499561705421,13.305780961869116,0.27681870989673507,1.1327861731627562,0.55,False,1.0,True,True,,0.0,False,0.5,False,FAMILY_Q
4079,True,1,1,0.21008389643436984,0.33318044323298845,1.0012704551523544,0.0012696486365283584,1.0,True,,False,False,gcd_k_not_2,0.0,False,1.0,True,FAMILY_F
4080,True,1,1,0.1279187207527531,0.19546326169958114,1.0490987245198797,0.04792226351259276,1.0,True,,False,False,gcd_k_not_2,0.0,False,1.0,True,FAMILY_F
4081,True,9,1,0.14105207815488363,0.2172219580094956,0.9853389625682493,0.014769304091816213,1.0,True,,False,False,gcd_k_not_2,0.38,False,1.0,True,FAMILY_F
4082,True,3,1,0.2039141247319578,0.3421661305836973,0.990137372468204,0.009911504269239648,1.0,True,,False,False,gcd_k_not_2,0.64,False,1.0,True,FAMILY_F
4084,True,1,1,0.11143916682637817,0.1867986195683745,1.0156413753084346,0.015519998249729465,1.0,True,,False,False,gcd_k_not_2,0.0,False,1.0,True,FAMILY_F
4088,True,3,1,0.1640580361367182,0.2506177314876631,0.9880531773827699,0.012018614746470525,1.0,True,,False,False,gcd_k_not_2,0.0,False,1.0,True,FAMILY_F
4089,True,9,1,0.1515226235891176,0.27961718116341017,1.0388973007313989,0.03815523294620622,1.0,True,,False,False,gcd_k_not_2,0.0,False,1.0,True,FAMILY_F
4091,True,3,1,0.1440393906959774,0.3067244133572182,0.9869935511354913,0.01309158638897043,1.0,True,,False,False,gcd_k_not_2,0.0,False,1.0,True,FAMILY_F
4092,True,1,1,0.14036166286728527,0.252713170588123,0.9891548207797266,0.010904308811942747,1.0,True,,False,False,gcd_k_not_2,0.0,False,1.0,True,FAMILY_F
4093,True,3,1,0.14312926432683096,0.2111620840490815,1.0257054761402258,0.025379282865152664,1.0,True,,False,False,gcd_k_not_2,0.0,False,1.0,True,FAMILY_F
4095,True,1,1,0.17051494132827508,0.22082225863129612,1.0273637036179166,0.02699437063915555,1.0,True,,False,False,gcd_k_not_2,0.0,False,1.0,True,FAMILY_F
4097,True,2,2,9.054926099023515,13.466435093374534,0.2684750311766138,1.15339277611927,0.47,False,1.0,True,True,,0.0,False,0.5,False,FAMILY_Q
4100,True,9,1,0.1921945545731718,0.30944167431311853,1.010557593683618,0.010502154941281773,1.0,True,,False,False,gcd_k_not_2,0.0,False,1.0,True,FAMILY_F
4102,True,3,1,0.14317991034871494,0.221367999793581,0.9939714872583417,0.006046739163705174,1.0,True,,False,False,gcd_k_not_2,1.0,True,1.0,True,FAMILY_F
4103,True,1,1,0.12906574103047197,0.21519213445882002,0.9549961389949666,0.04603984642974198,1.0,True,,False,False,gcd_k_not_2,0.0,False,1.0,True,FAMILY_F
4104,True,7,1,0.14761859504931166,0.2867214138571695,1.0143463712521457,0.014244194997335771,1.0,True,,False,False,gcd_k_not_2,0.0,False,1.0,True,FAMILY_F
4107,True,4,2,8.811371314627877,13.110352522411793,0.25906882403884524,1.1769510320879732,0.48,False,1.0,True,True,,0.05,False,0.5,False,FAMILY_Q
4108,True,3,1,0.12328874559147428,0.24521472657066815,0.9681252436445066,0.03239098371246829,1.0,True,,False,False,gcd_k_not_2,0.0,False,1.0,True,FAMILY_F
4109,True,7,1,0.18145028716760428,0.21802828348317152,1.0084501873934337,0.008414634773093657,1.0,True,,False,False,gcd_k_not_2,0.0,False,1.0,True,FAMILY_F
4110,True,8,2,8.800365509132082,13.094253931919733,0.27973693837478103,1.125642372314308,0.49,False,1.0,True,True,,0.5,False,0.5,False,FAMILY_Q
4114,True,7,1,0.23114703671009906,0.40776393963568247,0.9973643935431594,0.002639084250586061,1.0,True,,False,False,gcd_k_not_2,0.0,False,1.0,True,FAMILY_F
4115,True,7,1,0.17891268267715107,0.3002769764510266,1.0069043872409305,0.006880633960267973,1.0,True,,False,False,gcd_k_not_2,0.1,False,1.0,True,FAMILY_F
4117,True,4,2,9.01193201167738,13.403615366961528,0.2812472905185246,1.1219578215702513,0.45,False,1.0,True,True,,0.0,False,0.5,False,FAMILY_Q
4118,True,7,1,0.21578552959319902,0.33360063537854245,1.008923198919716,0.008883564015303692,1.0,True,,False,False,gcd_k_not_2,0.0,False,1.0,True,FAMILY_F
4122,True,3,1,0.23210507162404428,0.35307792511462427,1.0092593280178237,0.009216657988053885,1.0,True,,False,False,gcd_k_not_2,0.0,False,1.0,True,FAMILY_F
4123,True,1,1,0.18602086149153207,0.3387126195606523,0.9275742386269329,0.07514705262367284,1.0,True,,False,False,gcd_k_not_2,0.0,False,1.0,True,FAMILY_F
4124,True,3,1,0.09729426764831395,0.17807394210877225,0.9940195292465435,0.005998407403478465,1.0,True,,False,False,gcd_k_not_2,0.0,False,1.0,True,FAMILY_F
4127,True,9,1,0.14816019508532868,0.24618401724404798,1.022511422201157,0.02226086038778193,1.0,True,,False,False,gcd_k_not_2,0.0,False,1.0,True,FAMILY_F
4129,True,1,1,0.16209409917803355,0.2641428928442955,1.0042099899682555,0.00420114657578585,1.0,True,,False,False,gcd_k_not_2,0.0,False,1.0,True,FAMILY_F
4130,True,9,1,0.15631566243239897,0.2757027085024995,1.0296605284265314,0.029227083062531127,1.0,True,,False,False,gcd_k_not_2,0.0,False,1.0,True,FAMILY_F
4131,True,3,1,0.12552829414332672,0.25326189518937486,1.1228591126999734,0.11574872017174437,1.0,True,,False,False,gcd_k_not_2,0.0,False,1.0,True,FAMILY_F
4132,True,1,1,0.10576454929291047,0.19304298929514527,1.0833598315014237,0.08002442040110609,1.0,True,,False,False,gcd_k_not_2,0.0,False,1.0,True,FAMILY_F
4134,True,2,2,8.844424672413668,13.158708443923528,0.25625603651302725,1.184064301973621,0.53,False,1.0,True,True,,0.0,False,0.5,False,FAMILY_Q
4136,True,9,1,0.10250270728136801,0.16781029971910488,1.020830486980999,0.020615768729932916,1.0,True,,False,False,gcd_k_not_2,0.0,False,1.0,True,FAMILY_F
4140,True,9,1,0.18659798103087935,0.2962854622542418,0.9792776499694538,0.020939305843084795,1.0,True,,False,False,gcd_k_not_2,1.0,True,1.0,True,FAMILY_F
4144,True,7,1,0.12776767499216848,0.21214721235193362,1.0196870553547308,0.019495154264156968,1.0,True,,False,False,gcd_k_not_2,0.0,False,1.0,True,FAMILY_F
4147,True,3,1,0.19645331319038,0.30221486047124324,0.9968759141807938,0.0031289734099355392,1.0,True,,False,False,gcd_k_not_2,0.0,False,1.0,True,FAMILY_F
4148,True,3,1,0.226991621391295,0.3693465460711335,1.1136790934205663,0.10756513964151423,1.0,True,,False,False,gcd_k_not_2,0.0,False,1.0,True,FAMILY_F
4149,True,3,1,0.12693159298449283,0.24631456873674887,1.1083598084470765,0.10279062237188964,1.0,True,,False,False,gcd_k_not_2,0.0,False,1.0,True,FAMILY_F
4151,True,7,1,0.14032358503170753,0.23313377845719188,1.0113745820549098,0.01131025732987928,1.0,True,,False,False,gcd_k_not_2,0.0,False,1.0,True,FAMILY_F
4155,True,6,2,8.905831460114356,13.248520069800268,0.2822618872875816,1.119487555277304,0.49,False,1.0,True,True,,0.45,False,0.5,False,FAMILY_Q
4156,True,9,1,0.13000892521918334,0.2374800671714665,0.9498518930609443,0.05143786265769292,1.0,True,,False,False,gcd_k_not_2,0.0,False,1.0,True,FAMILY_F
4159,True,7,1,0.14419367194616717,0.25414389810637916,0.9797856194094537,0.0204207772724159,1.0,True,,False,False,gcd_k_not_2,0.3,False,1.0,True,FAMILY_F
4160,True,4,2,9.233213211560106,13.726757379797506,0.27740060492254237,1.131359093291292,0.54,False,1.0,True,True,,0.0,False,0.5,False,FAMILY_Q
4161,True,9,1,0.1862516307568334,0.29218731980944296,1.0012156087780901,0.0012148703745443541,1.0,True,,False,False,gcd_k_not_2,0.0,False,1.0,True,FAMILY_F
4163,True,9,1,0.10880678118945027,0.1890293170811636,0.9874937483124725,0.012584946944508653,1.0,True,,False,False,gcd_k_not_2,0.0,False,1.0,True,FAMILY_F
4164,True,6,2,9.10555780378446,13.540389673712484,0.24999886999454055,1.2000028928165913,0.52,False,1.0,True,True,,0.0,False,0.5,False,FAMILY_Q
4168,True,3,1,0.14077198841601746,0.2207807734694874,1.0069407560374315,0.006916752292315243,1.0,True,,False,False,gcd_k_not_2,0.0,False,1.0,True,FAMILY_F
4170,True,7,1,0.17550124736993739,0.3309885337613613,1.0550288502436254,0.05355530676574364,1.0,True,,False,False,gcd_k_not_2,0.0,False,1.0,True,FAMILY_F
4171,True,3,1,0.1387516961107438,0.27002649796165457,1.0016796319989787,0.001678222600787936,1.0,True,,False,False,gcd_k_not_2,0.0,False,1.0,True,FAMILY_F
4172,True,9,1,0.1435726168058395,0.2737286791852189,1.0698581022081353,0.06750037805355873,1.0,True,,False,False,gcd_k_not_2,0.0,False,1.0,True,FAMILY_F
4174,True,9,1,0.14090333923491477,0.2182982479811583,0.9835714118965979,0.01656465505085477,1.0,True,,False,False,gcd_k_not_2,0.0,False,1.0,True,FAMILY_F
4178,True,4,2,8.84843125069983,13.164568964829598,0.26888677561515534,1.1523695233255173,0.47,False,1.0,True,True,,0.0,False,0.5,False,FAMILY_Q
4180,True,9,1,0.19284852024874558,0.3113244112993241,1.0110265777114815,0.010966118333482818,1.0,True,,False,False,gcd_k_not_2,0.0,False,1.0,True,FAMILY_F
4181,True,1,1,0.13119005052468585,0.20962304745624438,1.0283616878620503,0.027965118875760576,1.0,True,,False,False,gcd_k_not_2,0.0,False,1.0,True,FAMILY_F
4182,True,7,1,0.10786769374095603,0.18355714918037952,0.9890236377548238,0.011036934943182574,1.0,True,,False,False,gcd_k_not_2,0.0,False,1.0,True,FAMILY_F
4183,True,1,1,0.12523929130618752,0.2026996213271078,1.047251295884622,0.046160718989023526,1.0,True,,False,False,gcd_k_not_2,0.0,False,1.0,True,FAMILY_F
4186,True,1,1,0.15205107415859573,0.29025000746680046,1.0250216839369952,0.024712509634315295,1.0,True,,False,False,gcd_k_not_2,0.0,False,1.0,True,FAMILY_F
4187,True,1,1,0.17434974956820867,0.3190402132588084,1.0515738758442859,0.05027737626368606,1.0,True,,False,False,gcd_k_not_2,0.0,False,1.0,True,FAMILY_F
4189,True,3,1,0.1817632823713718,0.31263189716989087,0.998919534086526,0.0010810499322753248,1.0,True,,False,False,gcd_k_not_2,0.0,False,1.0,True,FAMILY_F
4191,True,7,1,0.15539635016063538,0.24202025292620483,1.0105816639484324,0.010525972795008843,1.0,True,,False,False,gcd_k_not_2,0.0,False,1.0,True,FAMILY_F
4192,True,1,1,0.18061516723450124,0.34522518016542225,1.001263536860835,0.00126273910213438,1.0,True,,False,False,gcd_k_not_2,0.0,False,1.0,True,FAMILY_F
4195,True,1,1,0.24473958393553955,0.4636481278520528,0.9784727624614596,0.021761469702274654,1.0,True,,False,False,gcd_k_not_2,0.0,False,1.0,True,FAMILY_F
4197,True,1,1,0.17404615282167238,0.3329363092747385,0.9900156978878315,0.010034395329409362,1.0,True,,False,False,gcd_k_not_2,0.0,False,1.0,True,FAMILY_F
4198,True,3,1,0.2150993590887417,0.3245846817059891,1.0034893338498625,0.0034832567270597363,1.0,True,,False,False,gcd_k_not_2,0.2,False,1.0,True,FAMILY_F
4201,True,9,1,0.13202533993547427,0.21962354099362355,0.9920682135178378,0.007963368350881215,1.0,True,,False,False,gcd_k_not_2,0.0,False,1.0,True,FAMILY_F
4207,True,8,2,8.99361798363872,13.376854934176276,0.2639760077007194,1.1646170304105237,0.52,False,1.0,True,True,,0.25,False,0.5,False,FAMILY_Q
4208,True,1,1,0.22510857250092411,0.42236659125958154,1.0631045377930202,0.06117434830570974,1.0,True,,False,False,gcd_k_not_2,0.0,False,1.0,True,FAMILY_F
4209,True,3,1,0.1851962782565179,0.34958256687546985,1.0340644726720525,0.03349399503281587,1.0,True,,False,False,gcd_k_not_2,0.0,False,1.0,True,FAMILY_F
4211,True,7,1,0.15802228178657693,0.2898810045476989,0.981714349079922,0.018454376059362666,1.0,True,,False,False,gcd_k_not_2,0.0,False,1.0,True,FAMILY_F
4213,True,9,1,0.12900799992430126,0.21908172758056066,0.9988893441376304,0.0011112729832964262,1.0,True,,False,False,gcd_k_not_2,0.8,False,1.0,True,FAMILY_F
4215,True,2,2,8.815023420056328,13.115696073255494,0.25661657109592595,1.183150765321758,0.46,False,1.0,True,True,,0.0,False,0.5,False,FAMILY_Q
4216,True,1,1,0.14166093901608484,0.24728630996320844,0.9952218931041742,0.004789549385298664,1.0,True,,False,False,gcd_k_not_2,0.84,False,1.0,True,FAMILY_F
4220,True,3,1,0.15087698629215004,0.299330429256352,0.995262178507296,0.004749071619498596,1.0,True,,False,False,gcd_k_not_2,0.6,False,1.0,True,FAMILY_F
4222,True,3,1,0.15452627984856557,0.27561650850946384,0.9993228926238017,0.0006773366910331512,1.0,True,,False,False,gcd_k_not_2,0.0,False,1.0,True,FAMILY_F
4223,True,7,1,0.1852354458096386,0.32193494800094213,1.0637719269089752,0.061801331898617105,1.0,True,,False,False,gcd_k_not_2,0.1,False,1.0,True,FAMILY_F
4226,True,8,2,8.999914110836373,13.386056115815947,0.2814667192469586,1.1214232409801175,0.54,False,1.0,True,True,,0.0,False,0.5,False,FAMILY_Q
4232,True,3,1,0.11691122515057949,0.17403130038664727,0.9946409393790131,0.005373458967161627,1.0,True,,False,False,gcd_k_not_2,0.0,False,1.0,True,FAMILY_F
4235,True,2,2,8.769320903888985,13.048821589046323,0.25279849073948363,1.1928518668943626,0.51,False,1.0,True,True,,0.0,False,0.5,False,FAMILY_Q
4238,True,9,1,0.14010624268109134,0.23989105064482483,0.9634643376966556,0.03721550893682581,1.0,True,,False,False,gcd_k_not_2,0.1,False,1.0,True,FAMILY_F
4239,True,1,1,0.2126579529628106,0.37364737469592707,0.9634828726738776,0.0371962779348244,1.0,True,,False,False,gcd_k_not_2,0.0,False,1.0,True,FAMILY_F
4240,True,1,1,0.1490365952316839,0.24686922186323743,0.958952501159221,0.04190759992035428,1.0,True,,False,False,gcd_k_not_2,0.0,False,1.0,True,FAMILY_F
4241,True,9,1,0.1888581273361815,0.29637903727900583,0.980800267578345,0.01938583383283554,1.0,True,,False,False,gcd_k_not_2,0.0,False,1.0,True,FAMILY_F
4242,True,1,1,0.12941313730164555,0.22449598301345677,1.0078237645784884,0.0077932781915557095,1.0,True,,False,False,gcd_k_not_2,0.0,False,1.0,True,FAMILY_F
4243,True,7,1,0.1395867218746825,0.22897038695207236,0.9745407696806204,0.025787495209326612,1.0,True,,False,False,gcd_k_not_2,0.0,False,1.0,True,FAMILY_F
4244,True,4,2,9.0474018888453,13.455442827716498,0.27482196099879624,1.1376930444986089,0.45,False,1.0,True,True,,0.5,False,0.5,False,FAMILY_Q
4245,True,3,1,0.1114189009769333,0.197282338637681,0.9633645145548202,0.03731908687723904,1.0,True,,False,False,gcd_k_not_2,0.0,False,1.0,True,FAMILY_F
4246,True,1,1,0.14608615068065972,0.2438029907530763,0.8851260611432353,0.12187401280432075,1.0,True,,False,False,gcd_k_not_2,0.0,False,1.0,True,FAMILY_F
4247,True,8,2,8.938324233994047,13.296026462189916,0.27154130659367764,1.1457884846191664,0.44,False,1.0,True,True,,0.25,False,0.5,False,FAMILY_Q
4249,True,8,2,8.89662960281287,13.235061984342325,0.2640228358152357,1.1644997911926067,0.46,False,1.0,True,True,,0.0,False,0.5,False,FAMILY_Q
4250,True,1,1,0.24219665249261665,0.3590312507268197,1.0000350147804007,3.501416739391504e-05,1.0,True,,False,False,gcd_k_not_2,1.0,True,1.0,True,FAMILY_F
4251,True,9,1,0.17741821700993304,0.3104482412026903,0.9696688680290348,0.030798204168517182,1.0,True,,False,False,gcd_k_not_2,0.0,False,1.0,True,FAMILY_F
4253,True,7,1,0.1575076594597923,0.23832345292241253,0.9463993999907918,0.055076671323944865,1.0,True,,False,False,gcd_k_not_2,0.0,False,1.0,True,FAMILY_F
4254,True,1,1,0.19705928162249778,0.3190201763119786,1.0083822667062823,0.008347282133723566,1.0,True,,False,False,gcd_k_not_2,0.2,False,1.0,True,FAMILY_F
4255,True,7,1,0.14343699429394566,0.25175556758624423,1.0033953065682961,0.0033895522837297837,1.0,True,,False,False,gcd_k_not_2,0.0,False,1.0,True,FAMILY_F
4259,True,7,1,0.2079900496136837,0.3262524109027047,1.0282819841491544,0.02788762545856604,1.0,True,,False,False,gcd_k_not_2,0.92,False,1.0,True,FAMILY_F
4262,True,3,1,0.1516532692893297,0.2687972563611596,1.0108780090839802,0.010819163603997496,1.0,True,,False,False,gcd_k_not_2,0.0,False,1.0,True,FAMILY_F
4267,True,7,1,0.19343488011455615,0.34274113543889334,1.0160711458565939,0.01594303444064773,1.0,True,,False,False,gcd_k_not_2,0.0,False,1.0,True,FAMILY_F
4269,True,4,2,8.632031274424204,12.847822391329665,3.9487522127146306,1.1917154409705624,0.48,False,1.0,True,True,,0.0,False,0.5,False,FAMILY_Q
4271,True,4,2,9.155997681528818,13.614047686334235,0.2684686762542994,1.1534085743541769,0.46,False,1.0,True,True,,0.0,False,0.5,False,FAMILY_Q
4274,True,3,1,0.14164633759868822,0.22193694751689055,0.9263011811000835,0.07651847968844427,1.0,True,,False,False,gcd_k_not_2,0.0,False,1.0,True,FAMILY_F
4275,True,8,2,8.437854710441197,12.56326806326501,0.26145964985957737,1.1709298037755471,0.45,False,1.0,True,True,,0.0,False,0.5,False,FAMILY_Q
4279,True,1,1,0.13686093421813633,0.23431057840645514,0.9920185742597912,0.008013404938429867,1.0,True,,False,False,gcd_k_not_2,0.0,False,1.0,True,FAMILY_F
4281,True,7,1,0.14774903965073438,0.2873498602151105,0.9986579032741231,0.0013429979424476003,1.0,True,,False,False,gcd_k_not_2,0.0,False,1.0,True,FAMILY_F
4285,True,7,1,0.17359427028094057,0.26721911507536245,0.9360836277600124,0.0660264580760252,1.0,True,,False,False,gcd_k_not_2,0.0,False,1.0,True,FAMILY_F
4287,True,1,1,0.17704355306642444,0.22115916879571818,0.9908219912893405,0.009220320802981918,1.0,True,,False,False,gcd_k_not_2,0.0,False,1.0,True,FAMILY_F
4288,True,2,2,9.119266283258183,13.560415779676033,0.27018601378171025,1.1491450516691222,0.5,False,1.0,True,True,,0.0,False,0.5,False,FAMILY_Q
4289,True,2,2,9.18853771687068,13.66155352080193,0.27766569681462805,1.1307093944624749,0.52,False,1.0,True,True,,0.0,False,0.5,False,FAMILY_Q
4290,True,3,1,0.1752586384110437,0.2848908912091737,1.0038687979754999,0.0038613286253157343,1.0,True,,False,False,gcd_k_not_2,0.0,False,1.0,True,FAMILY_F
4292,True,9,1,0.17964496223041557,0.27610618206015924,1.0033623968326963,0.00335675346408839,1.0,True,,False,False,gcd_k_not_2,0.0,False,1.0,True,FAMILY_F
4293,True,3,1,0.11933404589700469,0.19323120773853053,1.034173052882268,0.033598963307322725,1.0,True,,False,False,gcd_k_not_2,0.0,False,1.0,True,FAMILY_F
4298,True,2,2,9.361401108492206,13.913747986667193,0.2646338304772623,1.1629708960817797,0.54,False,1.0,True,True,,0.25,False,0.5,False,FAMILY_Q
4301,True,3,1,0.16519550250602397,0.21332069349608412,0.9968168189444123,0.0031882554527665253,1.0,True,,False,False,gcd_k_not_2,0.0,False,1.0,True,FAMILY_F
4304,True,9,1,0.11100756488168587,0.21516923001556734,0.9890514605569081,0.011008804608832476,1.0,True,,False,False,gcd_k_not_2,0.0,False,1.0,True,FAMILY_F
4306,True,1,1,0.14772976819856704,0.22882776143711092,1.0235231230704593,0.02324967063856992,1.0,True,,False,False,gcd_k_not_2,0.0,False,1.0,True,FAMILY_F
4307,True,4,2,8.93181462709151,13.286510276177932,0.2738492285511425,1.140089039069044,0.4,False,1.0,True,True,,0.0,False,0.5,False,FAMILY_Q
4310,True,3,1,0.16231282032810565,0.2642582509160769,0.9936887174149172,0.006331261776177671,1.0,True,,False,False,gcd_k_not_2,0.0,False,1.0,True,FAMILY_F
4311,True,9,1,0.18426777199091632,0.2767124854150883,0.972922864110786,0.027448752692536597,1.0,True,,False,False,gcd_k_not_2,0.0,False,1.0,True,FAMILY_F
4312,True,1,1,0.08553157293750921,0.14985297054971372,0.9659543115162905,0.03463527945107829,1.0,True,,False,False,gcd_k_not_2,0.0,False,1.0,True,FAMILY_F
4314,True,1,1,0.11944743985730875,0.20189383049021045,1.091558945007473,0.08755091050723006,1.0,True,,False,False,gcd_k_not_2,0.0,False,1.0,True,FAMILY_F
4316,True,3,1,0.14408054740171167,0.28331117639058817,1.0439708106879746,0.043024891019040196,1.0,True,,False,False,gcd_k_not_2,0.1,False,1.0,True,FAMILY_F
4317,True,3,1,0.10887676527303485,0.1993838719742022,1.0047571139313731,0.004745825714561808,1.0,True,,False,False,gcd_k_not_2,0.0,False,1.0,True,FAMILY_F
4319,True,3,1,0.13106490798240705,0.24766541377534332,0.977861366911708,0.02238643563058202,1.0,True,,False,False,gcd_k_not_2,0.0,False,1.0,True,FAMILY_F
4320,True,4,2,9.264300091633622,13.772118264651468,0.2606483979041048,1.1729703592613239,0.53,False,1.0,True,True,,0.0,False,0.5,False,FAMILY_Q
4321,True,9,1,0.24689447809290269,0.4390393504998588,0.9816952954814945,0.018473783088896148,1.0,True,,False,False,gcd_k_not_2,0.0,False,1.0,True,FAMILY_F
4322,True,9,1,0.12470586655726525,0.21999698369636886,1.164600791423384,0.15208420146159782,1.0,True,,False,False,gcd_k_not_2,0.0,False,1.0,True,FAMILY_F
4324,True,3,1,0.20180135445339809,0.3644022726561486,0.975599505805142,0.02470186302756111,1.0,True,,False,False,gcd_k_not_2,0.0,False,1.0,True,FAMILY_F
4325,True,4,2,8.908494766040668,13.252412946151427,0.2716345078454466,1.1455579219671166,0.56,False,1.0,True,True,,0.25,False,0.5,False,FAMILY_Q
4330,True,9,1,0.24820119706016577,0.3829281286802189,1.025149029210703,0.024836719518370257,1.0,True,,False,False,gcd_k_not_2,0.5,False,1.0,True,FAMILY_F
4331,True,3,1,0.1476182027014319,0.2228103642054514,0.9871056131393535,0.012978058916833438,1.0,True,,False,False,gcd_k_not_2,0.0,False,1.0,True,FAMILY_F
4332,True,1,1,0.15303906268721224,0.3272041972815736,1.0071844716199116,0.0071587556813981846,1.0,True,,False,False,gcd_k_not_2,0.0,False,1.0,True,FAMILY_F
4333,True,3,1,0.13809011119024056,0.22649838121982477,0.9948822877384434,0.005130841346391813,1.0,True,,False,False,gcd_k_not_2,0.0,False,1.0,True,FAMILY_F
4335,True,9,1,0.14632089524403824,0.2569175018120946,1.0010180750230306,0.0010175570483229005,1.0,True,,False,False,gcd_k_not_2,0.0,False,1.0,True,FAMILY_F
4337,True,3,1,0.2606518631876536,0.4008039208701673,0.963782349583624,0.03688560539721232,1.0,True,,False,False,gcd_k_not_2,0.0,False,1.0,True,FAMILY_F
4338,True,1,1,0.16443273920214044,0.240103947790027,0.9777719953285295,0.022477823251590895,1.0,True,,False,False,gcd_k_not_2,0.0,False,1.0,True,FAMILY_F
4343,True,1,1,0.1379062817386325,0.2579017024755037,0.9706991155594343,0.029736537870468198,1.0,True,,False,False,gcd_k_not_2,0.0,False,1.0,True,FAMILY_F
4345,True,8,2,8.786741104568131,13.074315335006679,0.2709743628040498,1.1471917271211653,0.48,False,1.0,True,True,,0.25,False,0.5,False,FAMILY_Q
4346,True,7,1,0.1344372527160051,0.23048748463666488,0.9816876124084151,0.01848160878326251,1.0,True,,False,False,gcd_k_not_2,0.0,False,1.0,True,FAMILY_F
4348,True,7,1,0.1427906007907047,0.22467038794337638,1.0044859451085648,0.0044759057747564834,1.0,True,,False,False,gcd_k_not_2,0.0,False,1.0,True,FAMILY_F
4349,True,9,1,0.14598776690605914,0.24956772311475167,1.002125674427397,0.0021234175801725986,1.0,True,,False,False,gcd_k_not_2,0.0,False,1.0,True,FAMILY_F
4351,True,7,1,0.12467120816795815,0.21631461755577966,0.9732449330324114,0.027117836736539735,1.0,True,,False,False,gcd_k_not_2,0.0,False,1.0,True,FAMILY_F
4352,True,3,1,0.18926203909061262,0.33880441985324844,0.9582694388669311,0.042619835968246124,1.0,True,,False,False,gcd_k_not_2,0.0,False,1.0,True,FAMILY_F
4353,True,7,1,0.16437365946402255,0.2712527983544536,0.9803571005742285,0.019837734739937333,1.0,True,,False,False,gcd_k_not_2,0.0,False,1.0,True,FAMILY_F
4354,True,3,1,0.2274554275095417,0.36429102658781304,0.993739826752215,0.006279829658599754,1.0,True,,False,False,gcd_k_not_2,0.0,False,1.0,True,FAMILY_F
4355,True,9,1,0.16805413813451858,0.3025074265566316,1.001919080339297,0.0019172406698592867,1.0,True,,False,False,gcd_k_not_2,0.0,False,1.0,True,FAMILY_F
4358,True,1,1,0.1157992000520571,0.20403807864612333,0.9478220834743357,0.053575649406946174,1.0,True,,False,False,gcd_k_not_2,0.0,False,1.0,True,FAMILY_F
4360,True,8,2,8.786308445786094,13.073681619574664,0.25220939395659353,1.1943539309837312,0.52,False,1.0,True,True,,0.0,False,0.5,False,FAMILY_Q
4361,True,1,1,0.15239969191543115,0.2249518322559676,1.0279722850688269,0.0275864569499061,1.0,True,,False,False,gcd_k_not_2,0.0,False,1.0,True,FAMILY_F
4362,True,6,2,8.995262220610702,13.379253547710238,0.2708209902519313,1.1475715546742962,0.52,False,1.0,True,True,,0.25,False,0.5,False,FAMILY_Q
4363,True,7,1,0.18695729076617412,0.29218949309644926,0.9871548154548733,0.012928217213097557,1.0,True,,False,False,gcd_k_not_2,0.0,False,1.0,True,FAMILY_F
4364,True,1,1,0.13878145978726375,0.2558296557634846,1.0288561609672866,0.028445743490784547,1.0,True,,False,False,gcd_k_not_2,0.0,False,1.0,True,FAMILY_F
4367,True,8,2,8.777877190150859,13.061344149085427,0.2552139301942248,1.1867077824582957,0.5,False,1.0,True,True,,0.0,False,0.5,False,FAMILY_Q
4368,True,8,2,8.890716676096224,13.226414573697289,0.2740768645090318,1.1395280076303784,0.5,False,1.0,True,True,,0.0,False,0.5,False,FAMILY_Q
4369,True,7,1,0.21437409721543493,0.30909678123368844,1.0171848487367288,0.017038447168082605,1.0,True,,False,False,gcd_k_not_2,1.0,True,1.0,True,FAMILY_F
4370,True,6,2,9.02704456967534,13.42569890086663,0.2726772848639827,1.1429805871230743,0.44,False,1.0,True,True,,0.25,False,0.5,False,FAMILY_Q
4371,True,6,2,9.409634845271158,13.984067869494746,0.26890382526163786,1.1523271664621484,0.53,False,1.0,True,True,,0.0,False,0.5,False,FAMILY_Q
4372,True,3,1,0.13440739041929675,0.20924846427072258,0.9940447578406739,0.005973027572134312,1.0,True,,False,False,gcd_k_not_2,1.0,True,1.0,True,FAMILY_F
4374,True,1,1,0.17909986201532702,0.27836217022697035,1.001042297372849,0.0010417544638785944,1.0,True,,False,False,gcd_k_not_2,0.02,False,1.0,True,FAMILY_F
4375,True,8,2,8.903449426785384,13.245035505114037,0.27904992111488985,1.1273212514749864,0.52,False,1.0,True,True,,0.25,False,0.5,False,FAMILY_Q
4378,True,9,1,0.14014483335682465,0.23125394784028144,0.9875931113405627,0.01248433453371075,1.0,True,,False,False,gcd_k_not_2,0.0,False,1.0,True,FAMILY_F
4379,True,3,1,0.13430986252573265,0.23850996284141923,0.9746484266374859,0.02567705017311242,1.0,True,,False,False,gcd_k_not_2,0.0,False,1.0,True,FAMILY_F
4381,True,9,1,0.11961031629675366,0.19489314616199574,0.9963088144215129,0.0036980106001854277,1.0,True,,False,False,gcd_k_not_2,0.0,False,1.0,True,FAMILY_F
4382,True,3,1,0.1535462005427792,0.2698588672560091,0.9771646162915466,0.023099122369774565,1.0,True,,False,False,gcd_k_not_2,0.0,False,1.0,True,FAMILY_F
4384,True,4,2,8.79461642877204,13.085837966546947,0.26859758138271844,1.1530881492302443,0.5,False,1.0,True,True,,0.0,False,0.5,False,FAMILY_Q
4386,True,9,1,0.10634016663360575,0.20200055649667853,1.0611614930653672,0.05934662885090839,1.0,True,,False,False,gcd_k_not_2,0.0,False,1.0,True,FAMILY_F
4387,True,4,2,8.891305667087934,13.227277856198766,0.26465422816188877,1.1629198803326648,0.53,False,1.0,True,True,,0.0,False,0.5,False,FAMILY_Q
4389,True,7,1,0.1848612710869218,0.30241848882429434,0.9943016232024847,0.005714658937462764,1.0,True,,False,False,gcd_k_not_2,0.0,False,1.0,True,FAMILY_F
4390,True,8,2,8.639489198212617,12.858747554834613,0.2747438393074411,1.137885335592734,0.53,False,1.0,True,True,,0.0,False,0.5,False,FAMILY_Q
4391,True,8,2,8.738779052459682,13.004121729165403,0.2630207738963508,1.1670104583159122,0.48,False,1.0,True,True,,0.0,False,0.5,False,FAMILY_Q
4394,True,3,1,0.1324388554885249,0.22094927659922953,0.999035979515341,0.0009644853764890354,1.0,True,,False,False,gcd_k_not_2,0.0,False,1.0,True,FAMILY_F
4396,True,7,1,0.17449833561286876,0.2690272893806257,0.9548473076065563,0.04619562071958139,1.0,True,,False,False,gcd_k_not_2,0.0,False,1.0,True,FAMILY_F
4397,True,1,1,0.1440987126418135,0.24530679615847953,0.9607087406200312,0.040078629289471986,1.0,True,,False,False,gcd_k_not_2,0.5,False,1.0,True,FAMILY_F
4398,True,4,2,8.651687786747498,12.876612714026015,0.2572115597411902,1.1816443056118897,0.62,False,1.0,True,True,,0.25,False,0.5,False,FAMILY_Q
4400,True,1,1,0.1454073508937624,0.2507211728291064,0.9957455450472592,0.00426352443907372,1.0,True,,False,False,gcd_k_not_2,0.0,False,1.0,True,FAMILY_F
4402,True,8,2,8.864722711491824,13.188398357174119,0.26128213254212385,1.1713760916742468,0.49,False,1.0,True,True,,0.0,False,0.5,False,FAMILY_Q
4403,True,6,2,8.912965247468255,13.258951061628489,0.2769568811111601,1.1324471947082109,0.51,False,1.0,True,True,,0.0,False,0.5,False,FAMILY_Q
4404,True,1,1,0.11780027719582441,0.22588343934908686,0.9785956540227659,0.021635897090662225,1.0,True,,False,False,gcd_k_not_2,0.0,False,1.0,True,FAMILY_F
4405,True,1,1,0.14572221698572105,0.18393331015920372,0.9796459697678312,0.02056330328049094,1.0,True,,False,False,gcd_k_not_2,0.0,False,1.0,True,FAMILY_F
4407,True,7,1,0.17223847573586432,0.306885159860817,1.0000709803674326,7.097784841570136e-05,1.0,True,,False,False,gcd_k_not_2,0.0,False,1.0,True,FAMILY_F
4409,True,3,1,0.12895831997412352,0.19896342663885724,0.9650578915206605,0.035563439255521946,1.0,True,,False,False,gcd_k_not_2,0.0,False,1.0,True,FAMILY_F
4412,True,6,2,9.038850029451238,13.442950008402377,0.2724851540640275,1.1434551414803635,0.49,False,1.0,True,True,,0.0,False,0.5,False,FAMILY_Q
4413,True,9,1,0.13393200166938027,0.21908372229671888,0.9717232803164615,0.02868223950675274,1.0,True,,False,False,gcd_k_not_2,0.0,False,1.0,True,FAMILY_F
4414,True,9,1,0.13900648101386417,0.25174025879812056,0.9798656801679009,0.020339076568458573,1.0,True,,False,False,gcd_k_not_2,0.0,False,1.0,True,FAMILY_F
4415,True,7,1,0.1644853754408423,0.23611386089870365,1.0229498552634078,0.022689494950846927,1.0,True,,False,False,gcd_k_not_2,0.0,False,1.0,True,FAMILY_F
4416,True,3,1,0.1461232826730594,0.22513848276824105,1.0093018505746951,0.009258788640476991,1.0,True,,False,False,gcd_k_not_2,0.0,False,1.0,True,FAMILY_F
4417,True,1,1,0.24281936654327707,0.3738214907586919,0.9957068163145308,0.004302419223478356,1.0,True,,False,False,gcd_k_not_2,0.0,False,1.0,True,FAMILY_F
4418,True,3,1,0.16748373336035946,0.22620649866742332,1.0186805879194392,0.018507720370653048,1.0,True,,False,False,gcd_k_not_2,0.0,False,1.0,True,FAMILY_F
4421,True,4,2,9.0960318529904,13.526479511909825,0.2696813934205653,1.1503966433845758,0.58,False,1.0,True,True,,0.0,False,0.5,False,FAMILY_Q
4427,True,3,1,0.11800128967846035,0.19419521453875485,0.9962789785345468,0.0037279573701514738,1.0,True,,False,False,gcd_k_not_2,0.0,False,1.0,True,FAMILY_F
4429,True,8,2,8.79555364500902,13.087210533952488,0.27336595777368466,1.1412807728843966,0.45,False,1.0,True,True,,0.0,False,0.5,False,FAMILY_Q
4434,True,1,1,0.13347677711486033,0.22414870737649356,0.9847010997526787,0.015416830523475554,1.0,True,,False,False,gcd_k_not_2,0.0,False,1.0,True,FAMILY_F
4435,True,1,1,0.1373170363434274,0.22656391140229704,0.9975113345066609,0.0024917660794688983,1.0,True,,False,False,gcd_k_not_2,1.0,True,1.0,True,FAMILY_F
4437,True,6,2,8.826268776537436,13.132141703192207,4.2867569793647515,1.243392496456186,0.5,False,1.0,True,True,,0.0,False,0.5,False,FAMILY_Q
4439,True,3,1,0.23290244831226672,0.3846997538326951,1.0156640055517974,0.015542278384347435,1.0,True,,False,False,gcd_k_not_2,0.0,False,1.0,True,FAMILY_F
4440,True,3,1,0.17549984397639734,0.33214522816385594,0.9684056922708553,0.0321014187808976,1.0,True,,False,False,gcd_k_not_2,0.0,False,1.0,True,FAMILY_F
4442,True,9,1,0.17112660624822287,0.31817120187876113,0.9797577100960517,0.02044925982681602,1.0,True,,False,False,gcd_k_not_2,0.4,False,1.0,True,FAMILY_F
4443,True,3,1,0.1359954918314707,0.22806848960656073,0.9908671092665647,0.009174786896549604,1.0,True,,False,False,gcd_k_not_2,0.0,False,1.0,True,FAMILY_F
4445,True,9,1,0.1296889002590678,0.21690326517056632,1.0409807575105128,0.04015790679036001,1.0,True,,False,False,gcd_k_not_2,0.0,False,1.0,True,FAMILY_F
4446,True,1,1,0.243180399922123,0.36811868261176434,0.9817646160974536,0.01840317841425189,1.0,True,,False,False,gcd_k_not_2,0.5,False,1.0,True,FAMILY_F
4447,True,7,1,0.2930992126590164,0.48346582135432925,1.0075217902931866,0.007493607620655588,1.0,True,,False,False,gcd_k_not_2,0.89,False,1.0,True,FAMILY_F
4448,True,3,1,0.16689755419449204,0.2809842645635399,1.0105990075256415,0.010543134146559833,1.0,True,,False,False,gcd_k_not_2,0.0,False,1.0,True,FAMILY_F
4451,True,1,1,0.18302664270703037,0.2823485357958681,0.9778835736506726,0.0223637292345839,1.0,True,,False,False,gcd_k_not_2,0.5,False,1.0,True,FAMILY_F
4452,True,3,1,0.15516596634157706,0.23444151857261825,0.9977508878587056,0.002251644241495136,1.0,True,,False,False,gcd_k_not_2,1.0,True,1.0,True,FAMILY_F
4453,True,6,2,8.810995250303838,13.109802501197512,0.27343144221052096,1.141119236899389,0.48,False,1.0,True,True,,0.0,False,0.5,False,FAMILY_Q
4454,True,9,1,0.14228425165723413,0.22054003360660632,0.9931314630748231,0.0068922066129854295,1.0,True,,False,False,gcd_k_not_2,0.0,False,1.0,True,FAMILY_F
4455,True,3,1,0.1657120370577661,0.3040047931553405,1.0340266941983547,0.03345747063734114,1.0,True,,False,False,gcd_k_not_2,0.0,False,1.0,True,FAMILY_F
4456,True,8,2,8.839469361613741,13.15146035856762,0.2677909820661784,1.1550942202483665,0.45,False,1.0,True,True,,0.0,False,0.5,False,FAMILY_Q
4457,True,4,2,9.050407305529935,13.459834096530159,0.26048603828702166,1.1733790605375762,0.46,False,1.0,True,True,,0.0,False,0.5,False,FAMILY_Q
4458,True,7,1,0.09259320252267064,0.15088222333657153,1.0000589569136755,5.895517576786597e-05,1.0,True,,False,False,gcd_k_not_2,0.0,False,1.0,True,FAMILY_F
4459,True,2,2,8.754814628992786,13.027590605067905,3.9980198372878917,1.1996830484429315,0.56,False,1.0,True,True,,0.75,False,0.5,False,FAMILY_Q
4463,True,3,1,0.1574733671680806,0.2576008760820527,1.0036210296148012,0.0036144855352184474,1.0,True,,False,False,gcd_k_not_2,0.0,False,1.0,True,FAMILY_F
4465,True,7,1,0.17761041082889156,0.30722007350604785,0.9920780542221123,0.007953449174441263,1.0,True,,False,False,gcd_k_not_2,0.0,False,1.0,True,FAMILY_F
4470,True,9,1,0.14270412236296595,0.23591092264428212,0.924450635999563,0.07851525270347763,1.0,True,,False,False,gcd_k_not_2,1.0,True,1.0,True,FAMILY_F
4471,True,1,1,0.15897075184327433,0.2724210156877171,1.033448307439583,0.03289811431862708,1.0,True,,False,False,gcd_k_not_2,0.0,False,1.0,True,FAMILY_F
4472,True,1,1,0.20247442200004245,0.3444007927339134,0.9885727342517978,0.01149293214311493,1.0,True,,False,False,gcd_k_not_2,0.0,False,1.0,True,FAMILY_F
4473,True,3,1,0.18991644748657396,0.2926324437309362,1.02696860900333,0.026609794432475888,1.0,True,,False,False,gcd_k_not_2,1.0,True,1.0,True,FAMILY_F
4477,True,1,1,0.12952737955114635,0.21656781010237666,1.0019699987010602,0.0019680601630777694,1.0,True,,False,False,gcd_k_not_2,0.0,False,1.0,True,FAMILY_F
4478,True,4,2,8.883790399240198,13.216287856979303,0.2793218682635901,1.1266564726429302,0.55,False,1.0,True,True,,0.0,False,0.5,False,FAMILY_Q
4481,True,1,1,0.1394607768844365,0.26177064448182386,1.0059213862486722,0.005903906593015585,1.0,True,,False,False,gcd_k_not_2,0.0,False,1.0,True,FAMILY_F
4483,True,2,2,9.000766496455048,13.387297056011368,3.9455111659447644,1.191185730699718,0.4,False,1.0,True,True,,0.65,False,0.5,False,FAMILY_Q
4484,True,1,1,0.1643202029898717,0.23079366347855268,0.9736183054971516,0.026734343139569638,1.0,True,,False,False,gcd_k_not_2,0.0,False,1.0,True,FAMILY_F
4486,True,3,1,0.14897043045544894,0.26527264996896416,0.9167618955912187,0.0868528371731918,1.0,True,,False,False,gcd_k_not_2,0.0,False,1.0,True,FAMILY_F
4489,True,1,1,0.2738139062059862,0.45770517308316294,0.9984249482610331,0.001576293110569317,1.0,True,,False,False,gcd_k_not_2,0.0,False,1.0,True,FAMILY_F
4491,True,8,2,8.812233887821696,13.111618015710443,0.27248687907384916,1.1434508801468426,0.53,False,1.0,True,True,,0.0,False,0.5,False,FAMILY_Q
4492,True,9,1,0.11811225546235939,0.21978305553529331,1.0938664007196264,0.08965844304810087,1.0,True,,False,False,gcd_k_not_2,0.0,False,1.0,True,FAMILY_F
4495,True,8,2,8.904359544104231,13.246365509233753,0.26760490407215615,1.1555573721354955,0.51,False,1.0,True,True,,0.5,False,0.5,False,FAMILY_Q
4500,True,1,1,0.18290342812298319,0.2900224147295527,1.022739107546851,0.022483480407346053,1.0,True,,False,False,gcd_k_not_2,0.3,False,1.0,True,FAMILY_F
4501,True,9,1,0.09670530869579133,0.167888252775675,1.0064653930832674,0.006444559777163376,1.0,True,,False,False,gcd_k_not_2,0.3,False,1.0,True,FAMILY_F
4503,True,1,1,0.1533886713573031,0.30633246026012695,1.0032509690598361,0.003245693235692759,1.0,True,,False,False,gcd_k_not_2,0.0,False,1.0,True,FAMILY_F
4505,True,3,1,0.2084192959355764,0.36889497850856523,1.0472988341741725,0.04620608714726448,1.0,True,,False,False,gcd_k_not_2,0.0,False,1.0,True,FAMILY_F
4513,True,1,1,0.17473557852823962,0.2357233045415515,1.0093288433453693,0.009285531710018733,1.0,True,,False,False,gcd_k_not_2,1.0,True,1.0,True,FAMILY_F
4514,True,2,2,8.983295291175725,13.361764626659083,0.26917161559083247,1.1516620375550202,0.52,False,1.0,True,True,,0.25,False,0.5,False,FAMILY_Q
4519,True,9,1,0.14698038514468545,0.24782382815102144,0.9779361562326454,0.022309965564691846,1.0,True,,False,False,gcd_k_not_2,1.0,True,1.0,True,FAMILY_F
4523,True,4,2,8.940551101229648,13.29928367705539,0.26746294946070653,1.1559107914767546,0.55,False,1.0,True,True,,0.0,False,0.5,False,FAMILY_Q
4527,True,9,1,0.15933254956892015,0.22512225286673998,1.016385625714196,0.016252472250581945,1.0,True,,False,False,gcd_k_not_2,0.0,False,1.0,True,FAMILY_F
4529,True,3,1,0.15106140605768334,0.20654001153022042,1.0126607568574788,0.012581113647038015,1.0,True,,False,False,gcd_k_not_2,1.0,True,1.0,True,FAMILY_F
4530,True,7,1,0.21232419406646721,0.3363893705800423,0.9972786508186751,0.002725057097275291,1.0,True,,False,False,gcd_k_not_2,0.8,False,1.0,True,FAMILY_F
4532,True,9,1,0.16035745544705485,0.21546671850571564,0.9777140340943774,0.02253709638646281,1.0,True,,False,False,gcd_k_not_2,0.0,False,1.0,True,FAMILY_F
4533,True,9,1,0.17823860161056815,0.282824508420095,0.991742878866775,0.008291352484134836,1.0,True,,False,False,gcd_k_not_2,0.0,False,1.0,True,FAMILY_F
4534,True,6,2,8.861004795484481,13.182962451248514,0.2805635369682278,1.1236247827812738,0.49,False,1.0,True,True,,0.0,False,0.5,False,FAMILY_Q
4536,True,6,2,8.761657995547946,13.0376081626423,0.266210913451992,1.1590313726605381,0.43,False,1.0,True,True,,0.0,False,0.5,False,FAMILY_Q
4538,True,2,2,8.88018917686189,13.211019057975191,0.2620658271193222,1.169406788495367,0.41,False,1.0,True,True,,0.0,False,0.5,False,FAMILY_Q
4539,True,8,2,8.874216554189259,13.202283436151577,3.963134502056385,1.1940577072125143,0.49,False,1.0,True,True,,0.75,False,0.5,False,FAMILY_Q
4542,True,9,1,0.14197783939367523,0.2374086257941836,1.0154436350479796,0.015325295909465656,1.0,True,,False,False,gcd_k_not_2,0.0,False,1.0,True,FAMILY_F
4543,True,3,1,0.22341805744589088,0.3069797937569138,0.9922730883149746,0.007756880048568674,1.0,True,,False,False,gcd_k_not_2,0.0,False,1.0,True,FAMILY_F
4544,True,1,1,0.1515444557984097,0.2527939919954518,0.9767489995959967,0.02352448430099652,1.0,True,,False,False,gcd_k_not_2,0.48,False,1.0,True,FAMILY_F
4549,True,8,2,9.049268356999802,13.45816752633717,0.30566315129957516,1.0635773063049614,0.5,False,1.0,True,True,,0.0,False,0.5,False,FAMILY_Q
4550,True,3,1,0.17780182522153212,0.308828281289974,0.9851566663986513,0.014954319578491046,1.0,True,,False,False,gcd_k_not_2,0.0,False,1.0,True,FAMILY_F
4556,True,9,1,0.10942192412722315,0.16027878367704182,0.9668124079390116,0.03374759273129165,1.0,True,,False,False,gcd_k_not_2,0.0,False,1.0,True,FAMILY_F
4559,True,6,2,9.12014123586912,13.561691627544777,0.27828049172577557,1.1292036653079927,0.57,False,1.0,True,True,,0.5,False,0.5,False,FAMILY_Q
4560,True,1,1,0.16449866375991118,0.2426053984227964,1.0209323191267499,0.020715507321684916,1.0,True,,False,False,gcd_k_not_2,0.0,False,1.0,True,FAMILY_F
4561,True,1,1,0.1412915191194594,0.2315884488850567,0.969586507611231,0.03088312422047946,1.0,True,,False,False,gcd_k_not_2,0.0,False,1.0,True,FAMILY_F
4562,True,2,2,9.041655109622022,13.447049141498004,0.27820770811206613,1.1293818482037368,0.55,False,1.0,True,True,,0.25,False,0.5,False,FAMILY_Q
4564,True,9,1,0.17592747944941733,0.2948440486436673,0.9901786191461823,0.009869848624975325,1.0,True,,False,False,gcd_k_not_2,0.8,False,1.0,True,FAMILY_F
4565,True,7,1,0.09200070035462485,0.1708775892050762,0.9873436877085308,0.012736913468713935,1.0,True,,False,False,gcd_k_not_2,0.0,False,1.0,True,FAMILY_F
4568,True,1,1,0.17353021688160516,0.22828197937633574,0.9911400017425029,0.008899422692270165,1.0,True,,False,False,gcd_k_not_2,1.0,True,1.0,True,FAMILY_F
4570,True,4,2,8.935697912637472,13.292192492255383,0.28301728797482795,1.11765089799669,0.46,False,1.0,True,True,,0.0,False,0.5,False,FAMILY_Q
4571,True,3,1,0.13874837460653583,0.2375908837738045,0.9284200184312378,0.07423692026075547,1.0,True,,False,False,gcd_k_not_2,0.0,False,1.0,True,FAMILY_F
4572,True,1,1,0.12593440008478998,0.2548015877149368,1.0543106750336242,0.05287484088329069,1.0,True,,False,False,gcd_k_not_2,0.0,False,1.0,True,FAMILY_F
4574,True,1,1,0.12236082941784002,0.2063592819910197,1.0166288751683759,0.016491755496645246,1.0,True,,False,False,gcd_k_not_2,0.0,False,1.0,True,FAMILY_F
4576,True,7,1,0.12912806261447102,0.2355274264643904,1.0219013538852766,0.021664117137258996,1.0,True,,False,False,gcd_k_not_2,0.46,False,1.0,True,FAMILY_F
4577,True,7,1,0.12239559203259227,0.19403102115860701,0.9801211976946036,0.0200783692720837,1.0,True,,False,False,gcd_k_not_2,0.0,False,1.0,True,FAMILY_F
4578,True,9,1,0.14595493174522553,0.24190317672816042,0.9806580297675712,0.019530852819351713,1.0,True,,False,False,gcd_k_not_2,0.0,False,1.0,True,FAMILY_F
4580,True,3,1,0.1198947099087973,0.21588213642634177,1.026478063337602,0.02613209964285804,1.0,True,,False,False,gcd_k_not_2,0.0,False,1.0,True,FAMILY_F
4581,True,8,2,9.180950017974316,13.650476079353764,0.2551019959438296,1.186991983860262,0.55,False,1.0,True,True,,0.0,False,0.5,False,FAMILY_Q
4582,True,7,1,0.14575619313470392,0.2552687145460367,0.9910941262787382,0.008945708395922458,1.0,True,,False,False,gcd_k_not_2,0.2,False,1.0,True,FAMILY_F
4584,True,3,1,0.1775049919540821,0.2791816868865037,1.030754506875243,0.030288749103962793,1.0,True,,False,False,gcd_k_not_2,0.0,False,1.0,True,FAMILY_F
4586,True,9,1,0.13517028594728842,0.2469201223494967,1.0164622071541962,0.016327811248621607,1.0,True,,False,False,gcd_k_not_2,0.0,False,1.0,True,FAMILY_F
4591,True,2,2,8.813490164791437,13.113454155890299,0.2807300625483218,1.1232186367524113,0.54,False,1.0,True,True,,0.25,False,0.5,False,FAMILY_Q
4593,True,9,1,0.11640352100915796,0.22777301680728415,0.9813769155771801,0.018798123947451905,1.0,True,,False,False,gcd_k_not_2,0.0,False,1.0,True,FAMILY_F
4594,True,7,1,0.12202518486973386,0.2091153891551672,0.9903009077832979,0.009746357627404662,1.0,True,,False,False,gcd_k_not_2,0.0,False,1.0,True,FAMILY_F
4595,True,9,1,0.16913207916906753,0.3113470101168107,0.9595963717980872,0.0412366840267613,1.0,True,,False,False,gcd_k_not_2,0.0,False,1.0,True,FAMILY_F
4597,True,3,1,0.1440635152454295,0.24189396272521618,0.9832024772203486,0.016939796084961333,1.0,True,,False,False,gcd_k_not_2,0.0,False,1.0,True,FAMILY_F
4600,True,1,1,0.12758092680770358,0.2219659819331661,1.060310602442142,0.0585451556388189,1.0,True,,False,False,gcd_k_not_2,0.0,False,1.0,True,FAMILY_F
4603,True,9,1,0.13134561412017418,0.227585510376164,1.0400418033637187,0.039255865539319555,1.0,True,,False,False,gcd_k_not_2,0.0,False,1.0,True,FAMILY_F
4604,True,3,1,0.21810510894824897,0.3890261479664565,1.0340818274317978,0.03351077323652109,1.0,True,,False,False,gcd_k_not_2,0.0,False,1.0,True,FAMILY_F
4606,True,3,1,0.12642871533823583,0.2458792998093497,1.0119167741173825,0.01184618993259336,1.0,True,,False,False,gcd_k_not_2,0.0,False,1.0,True,FAMILY_F
4610,True,1,1,0.17310298011845004,0.29470784763945507,1.0348738317817259,0.03427616124110305,1.0,True,,False,False,gcd_k_not_2,0.3,False,1.0,True,FAMILY_F
4611,True,4,2,8.909310301938348,13.253604991004467,0.27600354232980234,1.1347875356964643,0.5,False,1.0,True,True,,0.25,False,0.5,False,FAMILY_Q
4612,True,4,2,8.661285555412567,12.890668672589943,0.27500113732618714,1.137252103467472,0.52,False,1.0,True,True,,0.0,False,0.5,False,FAMILY_Q
4614,True,3,1,0.11598819635425212,0.2279156539092563,1.0110250674446302,0.010964624581870069,1.0,True,,False,False,gcd_k_not_2,0.0,False,1.0,True,FAMILY_F
4617,True,1,1,0.17714154190303041,0.2631796534515719,1.0249287648415133,0.02462186845714986,1.0,True,,False,False,gcd_k_not_2,1.0,True,1.0,True,FAMILY_F
4618,True,3,1,0.15862454226303505,0.2809763245934016,0.9705909008000614,0.029848000605299137,1.0,True,,False,False,gcd_k_not_2,0.0,False,1.0,True,FAMILY_F
4619,True,8,2,8.85284987728703,13.171033422958802,0.2700231777266552,1.149548819384549,0.49,False,1.0,True,True,,0.0,False,0.5,False,FAMILY_Q
4621,True,9,1,0.1089368002834467,0.1939350669457547,0.9890564920578303,0.011003717577521194,1.0,True,,False,False,gcd_k_not_2,0.0,False,1.0,True,FAMILY_F
4622,True,1,1,0.13366244890402965,0.20393867045269587,0.9576162920483735,0.04330134370436587,1.0,True,,False,False,gcd_k_not_2,0.0,False,1.0,True,FAMILY_F
4624,True,9,1,0.20384904477457635,0.32117804153850554,0.966854266109052,0.03370431095184177,1.0,True,,False,False,gcd_k_not_2,0.0,False,1.0,True,FAMILY_F
4626,True,3,1,0.20735917253718575,0.3450484370767783,1.0859076929291935,0.08236960170423957,1.0,True,,False,False,gcd_k_not_2,0.0,False,1.0,True,FAMILY_F
4627,True,6,2,8.8989506464986,13.238456459735234,0.2699532101782713,1.1497223424778735,0.43,False,1.0,True,True,,0.0,False,0.5,False,FAMILY_Q
4629,True,1,1,0.1439801262012404,0.2180653225301215,0.9748256864839894,0.025495225921262337,1.0,True,,False,False,gcd_k_not_2,0.0,False,1.0,True,FAMILY_F
4630,True,7,1,0.1347285671684978,0.25471539925567843,1.0107486755521775,0.010691217338960276,1.0,True,,False,False,gcd_k_not_2,0.0,False,1.0,True,FAMILY_F
4632,True,7,1,0.14549219540574493,0.21382268491434964,0.987551923524794,0.012526039021038594,1.0,True,,False,False,gcd_k_not_2,0.0,False,1.0,True,FAMILY_F
4634,True,7,1,0.09818850120080551,0.16801991714956716,1.0165948332176162,0.016458272077527918,1.0,True,,False,False,gcd_k_not_2,0.0,False,1.0,True,FAMILY_F
4635,True,9,1,0.17985725138106076,0.28987340854073124,1.005943607633556,0.005925996733844132,1.0,True,,False,False,gcd_k_not_2,0.0,False,1.0,True,FAMILY_F
4637,True,3,1,0.11292532598630588,0.170923090661313,0.9945520784371237,0.005462802021339214,1.0,True,,False,False,gcd_k_not_2,0.0,False,1.0,True,FAMILY_F
4640,True,4,2,9.15278831233144,13.609362082103189,0.26970588304726606,1.1503358796763927,0.46,False,1.0,True,True,,0.25,False,0.5,False,FAMILY_Q
4646,True,9,1,0.16445075442809606,0.3046361949323939,0.9439148984587364,0.05770324779724827,1.0,True,,False,False,gcd_k_not_2,0.0,False,1.0,True,FAMILY_F
4649,True,7,1,0.19209823032272008,0.34043569339728696,0.9953198353210921,0.0046911423382454956,1.0,True,,False,False,gcd_k_not_2,0.0,False,1.0,True,FAMILY_F
4650,True,9,1,0.09939206505664569,0.1490942977755923,0.9629305862934939,0.037769459567597245,1.0,True,,False,False,gcd_k_not_2,0.0,False,1.0,True,FAMILY_F
4651,True,2,2,9.11026200418876,13.54726355118124,0.27480822043429876,1.1377268642316167,0.58,False,1.0,True,True,,0.0,False,0.5,False,FAMILY_Q
4654,True,1,1,0.1542369263402798,0.29175607732311226,1.0064493190559187,0.006428589045003485,1.0,True,,False,False,gcd_k_not_2,0.0,False,1.0,True,FAMILY_F
4655,True,2,2,9.088745379259528,13.51583803180921,0.27294766925030467,1.1423129926116895,0.5,False,1.0,True,True,,0.25,False,0.5,False,FAMILY_Q
4656,True,7,1,0.14256974029102001,0.23669236776174227,1.0210490289043308,0.020829805317233822,1.0,True,,False,False,gcd_k_not_2,0.0,False,1.0,True,FAMILY_F
4657,True,1,1,0.14422296862336642,0.22212562802502972,0.9805469568054687,0.0196441120748868,1.0,True,,False,False,gcd_k_not_2,0.0,False,1.0,True,FAMILY_F
4658,True,9,1,0.08062568702882067,0.14526183005032436,0.9716524179276641,0.02875515158207358,1.0,True,,False,False,gcd_k_not_2,0.0,False,1.0,True,FAMILY_F
4660,True,3,1,0.07148536327791935,0.12878542313952474,0.9961436211521432,0.0038638290421518146,1.0,True,,False,False,gcd_k_not_2,0.0,False,1.0,True,FAMILY_F
4662,True,1,1,0.09213308533212004,0.1793901724585531,0.9875174607454498,0.012560935439398343,1.0,True,,False,False,gcd_k_not_2,0.0,False,1.0,True,FAMILY_F
4664,True,3,1,0.13360386001730606,0.23893568258657702,0.9936325715899532,0.006387765228944538,1.0,True,,False,False,gcd_k_not_2,0.3,False,1.0,True,FAMILY_F
4666,True,4,2,8.88640052032107,13.220105353897939,0.2722816379142935,1.1439579734541903,0.54,False,1.0,True,True,,0.25,False,0.5,False,FAMILY_Q
4669,True,1,1,0.15566228179395278,0.25108800182275887,0.953810913202071,0.04728102037492497,1.0,True,,False,False,gcd_k_not_2,0.0,False,1.0,True,FAMILY_F
4670,True,7,1,0.16549784304412182,0.2635026508820627,0.9629827004113023,0.0377153599784058,1.0,True,,False,False,gcd_k_not_2,0.0,False,1.0,True,FAMILY_F
4671,True,4,2,9.315276868060707,13.84648174359905,0.25528220570616184,1.1865344556125457,0.5,False,1.0,True,True,,0.25,False,0.5,False,FAMILY_Q
4674,True,9,1,0.21737826711066188,0.380327115101895,1.0193797009627819,0.019193716717606085,1.0,True,,False,False,gcd_k_not_2,0.0,False,1.0,True,FAMILY_F
4676,True,6,2,8.952276418849985,13.316423324099528,0.27706138120396095,1.1321908710675792,0.53,False,1.0,True,True,,0.0,False,0.5,False,FAMILY_Q
4677,True,9,1,0.13334695540328761,0.23018384857704063,0.9413513054433973,0.060420485866887,1.0,True,,False,False,gcd_k_not_2,0.0,False,1.0,True,FAMILY_F
4680,True,3,1,0.172366605586214,0.2549050348109936,0.9874223706380084,0.01265722832530443,1.0,True,,False,False,gcd_k_not_2,0.0,False,1.0,True,FAMILY_F
4683,True,7,1,0.09191065245771873,0.1550202930898953,0.9928826868496333,0.007142731679422459,1.0,True,,False,False,gcd_k_not_2,0.0,False,1.0,True,FAMILY_F
4684,True,8,2,8.695966471907752,12.941448272366886,0.26602003825205023,1.159507653230087,0.44,False,1.0,True,True,,0.0,False,0.5,False,FAMILY_Q
4685,True,7,1,0.11627153674878549,0.18947184297042702,1.1206295149502492,0.11376764691788159,1.0,True,,False,False,gcd_k_not_2,0.0,False,1.0,True,FAMILY_F
4687,True,2,2,8.497311631485653,12.650431088355878,0.2595771252088882,1.1756689764722745,0.54,False,1.0,True,True,,0.0,False,0.5,False,FAMILY_Q
4688,True,3,1,0.17940023988837686,0.2780619364516156,1.0020230044658718,0.0020209602600559677,1.0,True,,False,False,gcd_k_not_2,0.0,False,1.0,True,FAMILY_F
4689,True,1,1,0.17463392543782957,0.30727433526530723,0.9996907085015404,0.00030933933647302956,1.0,True,,False,False,gcd_k_not_2,0.4,False,1.0,True,FAMILY_F
4690,True,3,1,0.13692502207441593,0.20858808033843718,1.0248152350595856,0.024511110574348547,1.0,True,,False,False,gcd_k_not_2,1.0,True,1.0,True,FAMILY_F
4691,True,7,1,0.1584738361525575,0.21435852188392548,1.0406190498312018,0.03981051714141531,1.0,True,,False,False,gcd_k_not_2,0.0,False,1.0,True,FAMILY_F
4693,True,3,1,0.12536364422425125,0.21595248942595285,0.9892178705720887,0.010840571651219303,1.0,True,,False,False,gcd_k_not_2,0.0,False,1.0,True,FAMILY_F
4694,True,7,1,0.1336937085796385,0.18100892061275392,0.9249415355515849,0.07798518870538824,1.0,True,,False,False,gcd_k_not_2,0.0,False,1.0,True,FAMILY_F
4697,True,7,1,0.10621016088769723,0.17300610256727464,0.9947340271504662,0.005279874687911579,1.0,True,,False,False,gcd_k_not_2,0.0,False,1.0,True,FAMILY_F
4700,True,4,2,9.496239739813939,14.110272026887124,3.429820453734782,1.097028865667095,0.55,False,1.0,True,True,,0.0,False,0.5,False,FAMILY_Q
4701,True,3,1,0.23836836948021473,0.41709028417742683,1.0290331026321058,0.028617672717555356,1.0,True,,False,False,gcd_k_not_2,0.0,False,1.0,True,FAMILY_F
4702,True,6,2,8.934755841612859,13.29080920901097,0.25908175376795717,1.1769184074262913,0.49,False,1.0,True,True,,0.0,False,0.5,False,FAMILY_Q
4703,True,1,1,0.18729518060803863,0.28043346913599887,1.03927464835845,0.03851825293867596,1.0,True,,False,False,gcd_k_not_2,1.0,True,1.0,True,FAMILY_F
4706,True,7,1,0.13555903005360528,0.23472701773350785,1.001770898993338,0.0017693323389092143,1.0,True,,False,False,gcd_k_not_2,0.0,False,1.0,True,FAMILY_F
4707,True,7,1,0.13871834988065257,0.21593307824512903,0.9970874029191817,0.002916844877756348,1.0,True,,False,False,gcd_k_not_2,0.0,False,1.0,True,FAMILY_F
4708,True,3,1,0.19282955611178657,0.3006979815167793,1.0943996195807228,0.0901448020694549,1.0,True,,False,False,gcd_k_not_2,0.0,False,1.0,True,FAMILY_F
4710,True,3,1,0.22768300676564796,0.3584827432449994,1.0051532760963289,0.005140032094066511,1.0,True,,False,False,gcd_k_not_2,0.0,False,1.0,True,FAMILY_F
4712,True,7,1,0.1585881834879076,0.26598240891953273,1.0056744942260172,0.005658439833934322,1.0,True,,False,False,gcd_k_not_2,1.0,True,1.0,True,FAMILY_F
4714,True,7,1,0.12200453425975524,0.2006010218347047,0.984107431344332,0.01601986707433478,1.0,True,,False,False,gcd_k_not_2,0.0,False,1.0,True,FAMILY_F
4716,True,9,1,0.13057824458410341,0.18935273708796194,1.0235519264968487,0.02327780788667132,1.0,True,,False,False,gcd_k_not_2,0.0,False,1.0,True,FAMILY_F
4717,True,9,1,0.20932089481152566,0.3251567190904324,0.9548188339726815,0.04622542533570641,1.0,True,,False,False,gcd_k_not_2,0.3,False,1.0,True,FAMILY_F
4718,True,1,1,0.15887048437595055,0.26445161002994955,0.9748449627046646,0.025475455309549064,1.0,True,,False,False,gcd_k_not_2,0.56,False,1.0,True,FAMILY_F
4720,True,4,2,8.80921785122486,13.10720557944101,0.26909095852567555,1.1518623414092146,0.37,False,1.0,True,True,,0.0,False,0.5,False,FAMILY_Q
4721,True,3,1,0.15062565872765965,0.25523755130643244,1.1177909711933733,0.11123946866861775,1.0,True,,False,False,gcd_k_not_2,0.0,False,1.0,True,FAMILY_F
4725,True,1,1,0.11294559905984536,0.18366667090829192,0.980110064375643,0.020089727315868826,1.0,True,,False,False,gcd_k_not_2,0.0,False,1.0,True,FAMILY_F
4729,True,9,1,0.20495808119595788,0.36346138803306116,1.0068123351591949,0.006789209972296129,1.0,True,,False,False,gcd_k_not_2,0.0,False,1.0,True,FAMILY_F
4730,True,3,1,0.13112499733971023,0.18950919659321455,0.9956620063535295,0.004347423193566529,1.0,True,,False,False,gcd_k_not_2,1.0,True,1.0,True,FAMILY_F
4732,True,3,1,0.15405281273327046,0.23838256459500326,1.005301897241884,0.005287879345425358,1.0,True,,False,False,gcd_k_not_2,0.0,False,1.0,True,FAMILY_F
4735,True,3,1,0.12798304741060668,0.21173613317402531,0.9540834066857116,0.04699553064847603,1.0,True,,False,False,gcd_k_not_2,0.0,False,1.0,True,FAMILY_F
4737,True,6,2,8.722566780704804,12.980389905021866,0.25610155089956843,1.1844559041706175,0.48,False,1.0,True,True,,0.0,False,0.5,False,FAMILY_Q
4741,True,9,1,0.09907493692342423,0.13268626297991873,1.004735314534784,0.004724129415441342,1.0,True,,False,False,gcd_k_not_2,0.0,False,1.0,True,FAMILY_F
4742,True,7,1,0.1751812173484273,0.24176865921670182,1.0211388962519758,0.020917806580414762,1.0,True,,False,False,gcd_k_not_2,0.0,False,1.0,True,FAMILY_F
4743,True,1,1,0.1652718254486748,0.26379171119453954,0.9822764373397446,0.017882029293594188,1.0,True,,False,False,gcd_k_not_2,0.0,False,1.0,True,FAMILY_F
4744,True,9,1,0.08655760625943901,0.13658540476974154,0.940745199431232,0.061063967166976436,1.0,True,,False,False,gcd_k_not_2,0.0,False,1.0,True,FAMILY_F
4749,True,7,1,0.22172748921802368,0.36051012736028587,0.9828434862301649,0.017304960163500877,1.0,True,,False,False,gcd_k_not_2,0.6,False,1.0,True,FAMILY_F
4751,True,3,1,0.1859751582373661,0.3408373741380752,1.0078789721786492,0.007848054875638357,1.0,True,,False,False,gcd_k_not_2,0.0,False,1.0,True,FAMILY_F
4752,True,8,2,8.84058823295778,13.153097722781945,0.2684244672643058,1.1535184815750694,0.45,False,1.0,True,True,,0.25,False,0.5,False,FAMILY_Q
4753,True,9,1,0.12676436448917835,0.21027733645457883,1.011992931271335,0.011921444737638167,1.0,True,,False,False,gcd_k_not_2,0.0,False,1.0,True,FAMILY_F
4754,True,1,1,0.14390893254703835,0.25608132826012003,0.9776259268110721,0.0226272045543074,1.0,True,,False,False,gcd_k_not_2,0.0,False,1.0,True,FAMILY_F
4756,True,3,1,0.1539458224567482,0.2623878782913087,0.9741330450613387,0.026205888203302566,1.0,True,,False,False,gcd_k_not_2,0.0,False,1.0,True,FAMILY_F
4757,True,7,1,0.1512862381214602,0.22632403653123107,0.9795474819371682,0.020663831758980757,1.0,True,,False,False,gcd_k_not_2,1.0,True,1.0,True,FAMILY_F
4758,True,7,1,0.1933628627722545,0.30107360878244477,0.9784721820493185,0.021762062813926203,1.0,True,,False,False,gcd_k_not_2,0.17,False,1.0,True,FAMILY_F
4759,True,1,1,0.19287669962328524,0.32460028223498705,1.082912963023521,0.07961250853532167,1.0,True,,False,False,gcd_k_not_2,0.5,False,1.0,True,FAMILY_F
4763,True,9,1,0.15463235293710584,0.2708923563046894,0.9684561365701512,0.03204934348683124,1.0,True,,False,False,gcd_k_not_2,0.0,False,1.0,True,FAMILY_F
4766,True,3,1,0.16249866085010006,0.27847513475608476,1.0009006234261197,0.0009002180473886588,1.0,True,,False,False,gcd_k_not_2,0.0,False,1.0,True,FAMILY_F
4768,True,2,2,8.761550068987033,13.037451096168327,0.27034750017605047,1.1487447327960754,0.41,False,1.0,True,True,,0.0,False,0.5,False,FAMILY_Q
4769,True,7,1,0.1522622495162828,0.20748365415410638,0.9751527946418129,0.025159780474292872,1.0,True,,False,False,gcd_k_not_2,0.0,False,1.0,True,FAMILY_F
4770,True,3,1,0.15575028843004743,0.2809323989477175,0.9451288852217723,0.05641900153261213,1.0,True,,False,False,gcd_k_not_2,0.0,False,1.0,True,FAMILY_F
4774,True,1,1,0.23439790442226513,0.4323039057136886,1.0069133248379472,0.006889510127205225,1.0,True,,False,False,gcd_k_not_2,0.0,False,1.0,True,FAMILY_F
4775,True,7,1,0.18055549499582585,0.25947612978313467,0.9896792976612824,0.010374237044983926,1.0,True,,False,False,gcd_k_not_2,0.0,False,1.0,True,FAMILY_F
4780,True,7,1,0.1361744917576591,0.24231736029959308,0.9881835259411146,0.011886703520784882,1.0,True,,False,False,gcd_k_not_2,0.0,False,1.0,True,FAMILY_F
4782,True,3,1,0.11275444557356147,0.1960054605232287,1.0266109068332476,0.026261485856532183,1.0,True,,False,False,gcd_k_not_2,0.0,False,1.0,True,FAMILY_F
4783,True,3,1,0.1374785735142683,0.24422431444488343,1.0085011429835031,0.00846516121058841,1.0,True,,False,False,gcd_k_not_2,0.0,False,1.0,True,FAMILY_F
4784,True,7,1,0.11584710102580778,0.18691827040465364,0.9735041484574664,0.02685157927156459,1.0,True,,False,False,gcd_k_not_2,0.0,False,1.0,True,FAMILY_F
4785,True,9,1,0.14303312089433726,0.2565254504481045,1.019301900597838,0.01911739952517611,1.0,True,,False,False,gcd_k_not_2,0.0,False,1.0,True,FAMILY_F
4786,True,9,1,0.12146210473782723,0.18348817855114435,0.9681113752814455,0.03240530502395408,1.0,True,,False,False,gcd_k_not_2,0.0,False,1.0,True,FAMILY_F
4790,True,1,1,0.15922137090683064,0.2976165764655946,1.0467132702721937,0.04564710743872909,1.0,True,,False,False,gcd_k_not_2,0.0,False,1.0,True,FAMILY_F
4791,True,1,1,0.16313979881505575,0.2760905308633268,0.9921810851533042,0.007849602533591118,1.0,True,,False,False,gcd_k_not_2,0.0,False,1.0,True,FAMILY_F
4792,True,9,1,0.15120800438998488,0.2560182364804967,1.0602327676186611,0.05847180820085853,1.0,True,,False,False,gcd_k_not_2,0.0,False,1.0,True,FAMILY_F
4793,True,3,1,0.13087042707133825,0.19539651923371562,1.0335400431509787,0.03298685291587201,1.0,True,,False,False,gcd_k_not_2,0.0,False,1.0,True,FAMILY_F
4794,True,1,1,0.16222281516856213,0.24335414980466866,1.0286353972042035,0.02823119151294306,1.0,True,,False,False,gcd_k_not_2,0.0,False,1.0,True,FAMILY_F
4795,True,9,1,0.13047194837928744,0.25594990819900126,0.9501150019325423,0.0511610833392105,1.0,True,,False,False,gcd_k_not_2,0.0,False,1.0,True,FAMILY_F
4796,True,7,1,0.15536451951933722,0.25670781809142695,0.9622550043080146,0.03847104031751073,1.0,True,,False,False,gcd_k_not_2,0.0,False,1.0,True,FAMILY_F
4803,True,9,1,0.11016919965543998,0.1687003480752482,0.9873600011235522,0.012720391745131013,1.0,True,,False,False,gcd_k_not_2,0.0,False,1.0,True,FAMILY_F
4805,True,9,1,0.15983886445641518,0.2620641918125308,1.0138072446072086,0.013712578146874006,1.0,True,,False,False,gcd_k_not_2,0.0,False,1.0,True,FAMILY_F
4813,True,3,1,0.20642358384697962,0.3565017481073491,0.9697382443609721,0.030726677238117502,1.0,True,,False,False,gcd_k_not_2,0.0,False,1.0,True,FAMILY_F
4814,True,8,2,9.013198715019058,13.405468907009281,0.2782137720995894,1.1293670020700954,0.6,False,1.0,True,True,,0.25,False,0.5,False,FAMILY_Q
4815,True,7,1,0.12582322423953116,0.17508488119226456,0.9736740101426221,0.026677140928126723,1.0,True,,False,False,gcd_k_not_2,0.9,False,1.0,True,FAMILY_F
4818,True,9,1,0.17873268313677781,0.33974700344030595,0.9917104071424343,0.008324094534866704,1.0,True,,False,False,gcd_k_not_2,0.0,False,1.0,True,FAMILY_F
4820,True,7,1,0.11725577149549327,0.20010641692575026,0.974541356503091,0.02578689315679487,1.0,True,,False,False,gcd_k_not_2,0.0,False,1.0,True,FAMILY_F
4822,True,7,1,0.11749388469553046,0.19252459030274557,1.008416752824937,0.008381480400517938,1.0,True,,False,False,gcd_k_not_2,0.0,False,1.0,True,FAMILY_F
4825,True,9,1,0.14353225886298557,0.22297027293343016,0.9967896849890466,0.003215476356961393,1.0,True,,False,False,gcd_k_not_2,0.0,False,1.0,True,FAMILY_F
4827,True,3,1,0.1553119541638666,0.2606071509442429,0.9922315069271239,0.007798785478358789,1.0,True,,False,False,gcd_k_not_2,0.0,False,1.0,True,FAMILY_F
4828,True,7,1,0.15436615734244208,0.25392666456179736,0.9794734605717719,0.020739393416569486,1.0,True,,False,False,gcd_k_not_2,0.0,False,1.0,True,FAMILY_F
4831,True,7,1,0.19851560172808935,0.28734669194760637,0.98281568529359,0.017333244672074064,1.0,True,,False,False,gcd_k_not_2,0.72,False,1.0,True,FAMILY_F
4833,True,9,1,0.13525379934499454,0.22484537726959541,1.0221306370816892,0.021888434580693457,1.0,True,,False,False,gcd_k_not_2,0.0,False,1.0,True,FAMILY_F
4834,True,2,2,8.827993240443977,13.134672101549716,0.25282409923892923,1.1927866030274612,0.49,False,1.0,True,True,,0.0,False,0.5,False,FAMILY_Q
4839,True,3,1,0.21310172496158694,0.365026786979755,0.9904822273158567,0.009563283262245393,1.0,True,,False,False,gcd_k_not_2,0.0,False,1.0,True,FAMILY_F
4841,True,8,2,9.196165590261508,13.672686872689065,0.2660702060504207,1.1593824583221428,0.4,False,1.0,True,True,,0.25,False,0.5,False,FAMILY_Q
4842,True,2,2,8.908129863067986,13.251880111887944,0.27635207061957073,1.1339315319622647,0.58,False,1.0,True,True,,0.0,False,0.5,False,FAMILY_Q
4843,True,9,1,0.17130193636855645,0.25474106416644476,1.0030767498027784,0.003072023878347471,1.0,True,,False,False,gcd_k_not_2,0.9,False,1.0,True,FAMILY_F
4844,True,7,1,0.2160304899266279,0.3489527913413473,0.9765847967435154,0.02369258662219992,1.0,True,,False,False,gcd_k_not_2,0.0,False,1.0,True,FAMILY_F
4848,True,1,1,0.1357389097772011,0.26282133971215343,0.966191120980942,0.03439022652303569,1.0,True,,False,False,gcd_k_not_2,0.0,False,1.0,True,FAMILY_F
4849,True,7,1,0.21716824932152512,0.33592780457490756,0.9908980338238605,0.009143578447016227,1.0,True,,False,False,gcd_k_not_2,0.0,False,1.0,True,FAMILY_F
4850,True,7,1,0.13212743455830975,0.23136169791377462,1.0213956271259736,0.021169163363031485,1.0,True,,False,False,gcd_k_not_2,0.0,False,1.0,True,FAMILY_F
4852,True,2,2,8.7745222280151,13.056434149810146,0.27320618624134674,1.1416749645306603,0.5,False,1.0,True,True,,0.35,False,0.5,False,FAMILY_Q
4854,True,9,1,0.1677257964394964,0.2653247928452377,1.0114342998766979,0.011369299884563812,1.0,True,,False,False,gcd_k_not_2,1.0,True,1.0,True,FAMILY_F
4855,True,9,1,0.10462420316177057,0.1820528751706466,1.040329401294991,0.03953224540056531,1.0,True,,False,False,gcd_k_not_2,0.0,False,1.0,True,FAMILY_F
4857,True,7,1,0.14847091176400457,0.2544076183000025,1.0203306565894532,0.02012606849591006,1.0,True,,False,False,gcd_k_not_2,0.0,False,1.0,True,FAMILY_F
4860,True,1,1,0.15577976709427388,0.23465554048114354,1.0024272374709766,0.0024242953007792088,1.0,True,,False,False,gcd_k_not_2,0.0,False,1.0,True,FAMILY_F
4861,True,7,1,0.11485257934102784,0.1874778975395167,0.9713587802646666,0.02905733854442078,1.0,True,,False,False,gcd_k_not_2,0.0,False,1.0,True,FAMILY_F
4862,True,1,1,0.12939554572238302,0.23673530364481737,0.975505485508408,0.024798224729088256,1.0,True,,False,False,gcd_k_not_2,0.0,False,1.0,True,FAMILY_F
4863,True,3,1,0.1478696206353506,0.23175338701950693,0.9836576746023212,0.01647696132948449,1.0,True,,False,False,gcd_k_not_2,0.0,False,1.0,True,FAMILY_F
4864,True,2,2,9.298640051531857,13.822216068372803,0.2614026052427046,1.17107320325406,0.52,False,1.0,True,True,,0.0,False,0.5,False,FAMILY_Q
4865,True,9,1,0.13336449297267436,0.23208198076521733,1.022991417538679,0.022730118713654324,1.0,True,,False,False,gcd_k_not_2,0.0,False,1.0,True,FAMILY_F
4866,True,1,1,0.16281140761800197,0.24031144677745897,0.9975294740996321,0.0024735814238550664,1.0,True,,False,False,gcd_k_not_2,0.0,False,1.0,True,FAMILY_F
4869,True,7,1,0.1431268173376691,0.18695677906706,1.0196230235958832,0.019432362739601736,1.0,True,,False,False,gcd_k_not_2,0.98,False,1.0,True,FAMILY_F
4870,True,3,1,0.22928953146114248,0.3474126398790813,0.8989070193302336,0.10647491387484898,1.0,True,,False,False,gcd_k_not_2,0.0,False,1.0,True,FAMILY_F
4872,True,3,1,0.12365696109907157,0.21717045743074892,0.9870504300466837,0.013033962055016446,1.0,True,,False,False,gcd_k_not_2,0.0,False,1.0,True,FAMILY_F
4873,True,7,1,0.15609897709581894,0.24218838105438636,0.8045472740905617,0.21662245009119052,1.0,True,,False,False,gcd_k_not_2,0.0,False,1.0,True,FAMILY_F
4875,True,3,1,0.14131254026439932,0.26277408959952153,0.9784402220596031,0.02179472263048979,1.0,True,,False,False,gcd_k_not_2,0.0,False,1.0,True,FAMILY_F
4879,True,3,1,0.12000278244804136,0.22030082975182616,0.9053436765849016,0.09935879240931328,1.0,True,,False,False,gcd_k_not_2,0.0,False,1.0,True,FAMILY_F
4880,True,8,2,9.215178409371982,13.70043847163513,0.2641453227298215,1.1641931731094946,0.51,False,1.0,True,True,,0.5,False,0.5,False,FAMILY_Q
4882,True,1,1,0.13269287506781322,0.22835406343850842,1.0183397282294653,0.018173083523013653,1.0,True,,False,False,gcd_k_not_2,0.0,False,1.0,True,FAMILY_F
4883,True,2,2,8.941672443309086,13.300922183235636,0.2785963175432206,1.1284307213443756,0.48,False,1.0,True,True,,0.0,False,0.5,False,FAMILY_Q
4884,True,8,2,8.909802552502827,13.254324801320593,0.25439023055669074,1.1888003450288547,0.46,False,1.0,True,True,,0.0,False,0.5,False,FAMILY_Q
4887,True,3,1,0.16857971357212817,0.2818309062246915,1.0060891241975325,0.006070641751739996,1.0,True,,False,False,gcd_k_not_2,0.0,False,1.0,True,FAMILY_F
4889,True,3,1,0.13980623503226322,0.25277173596339,1.0130172865912064,0.012933109594155114,1.0,True,,False,False,gcd_k_not_2,0.0,False,1.0,True,FAMILY_F
4890,True,2,2,8.798655638637356,13.09174908061761,0.26215659204031305,1.1691788683160804,0.61,False,1.0,True,True,,0.0,False,0.5,False,FAMILY_Q
4891,True,7,1,0.17048621823773302,0.32162726389552937,0.959867870846758,0.04095391301649638,1.0,True,,False,False,gcd_k_not_2,0.0,False,1.0,True,FAMILY_F
4893,True,9,1,0.28516492151308315,0.40688379149470516,0.9941056050989737,0.005911818196543011,1.0,True,,False,False,gcd_k_not_2,0.0,False,1.0,True,FAMILY_F
4894,True,2,2,8.72033306172046,12.977120631392976,0.2683793870852979,1.1536305625337333,0.51,False,1.0,True,True,,0.25,False,0.5,False,FAMILY_Q
4900,True,3,1,0.16825539293777803,0.29063174380912,1.0395412297721556,0.03877463146608989,1.0,True,,False,False,gcd_k_not_2,0.74,False,1.0,True,FAMILY_F
4901,True,9,1,0.08832466058093003,0.15239093799600195,0.9724115291713399,0.027974355676424943,1.0,True,,False,False,gcd_k_not_2,0.0,False,1.0,True,FAMILY_F
4903,True,1,1,0.12748335431861582,0.17281818375091496,1.0247093763087591,0.024407825239399772,1.0,True,,False,False,gcd_k_not_2,0.0,False,1.0,True,FAMILY_F
4904,True,7,1,0.14474658052039113,0.24581374787187985,1.033333160687564,0.03278671821423749,1.0,True,,False,False,gcd_k_not_2,0.0,False,1.0,True,FAMILY_F
4905,True,3,1,0.1656683383402504,0.2026117620476184,0.992906787195408,0.007118459177485359,1.0,True,,False,False,gcd_k_not_2,0.0,False,1.0,True,FAMILY_F
4906,True,9,1,0.16189745209686104,0.2630840296709463,1.0002946435704818,0.0002946001694588117,1.0,True,,False,False,gcd_k_not_2,0.0,False,1.0,True,FAMILY_F
4909,True,7,1,0.15288860724140918,0.27528589307269963,0.9593256195076358,0.04151875531805206,1.0,True,,False,False,gcd_k_not_2,0.0,False,1.0,True,FAMILY_F
4912,True,1,1,0.23986782294859665,0.3961415752722752,0.9969611452162225,0.0030434791293332685,1.0,True,,False,False,gcd_k_not_2,0.0,False,1.0,True,FAMILY_F
4915,True,7,1,0.1526982703785809,0.27517328609396097,1.0301328918567234,0.029685634844489717,1.0,True,,False,False,gcd_k_not_2,0.0,False,1.0,True,FAMILY_F
4917,True,9,1,0.19085959993250717,0.2557100200837159,0.9758435973907632,0.024451735593988316,1.0,True,,False,False,gcd_k_not_2,0.9,False,1.0,True,FAMILY_F
4918,True,4,2,8.946223602559785,13.307575750526388,0.2519775923024107,1.1949453605187323,0.6,False,1.0,True,True,,0.0,False,0.5,False,FAMILY_Q
4919,True,9,1,0.14269067643336447,0.22984892200547355,1.0154593515564252,0.015340772359895732,1.0,True,,False,False,gcd_k_not_2,0.0,False,1.0,True,FAMILY_F
4920,True,9,1,0.5266599733407468,0.9079689741951051,0.9550429602930509,0.0459908458484311,1.0,True,,False,False,gcd_k_not_2,0.0,False,1.0,True,FAMILY_F
4921,True,9,1,0.1814124263802622,0.32817645003587054,1.0280150222188085,0.02762802238827376,1.0,True,,False,False,gcd_k_not_2,0.0,False,1.0,True,FAMILY_F
4922,True,9,1,0.10273097649220754,0.16247981552550106,0.9663403005178586,0.03423588427016093,1.0,True,,False,False,gcd_k_not_2,0.9,False,1.0,True,FAMILY_F
4924,True,8,2,8.76024673183723,13.035541551550999,0.27463372312478834,1.1381564189231754,0.5,False,1.0,True,True,,0.5,False,0.5,False,FAMILY_Q
4926,True,1,1,0.14826811052750624,0.26841249296497505,1.0458324289086305,0.04480565295670893,1.0,True,,False,False,gcd_k_not_2,0.0,False,1.0,True,FAMILY_F
4931,True,7,1,0.11209292531282997,0.2175206392251394,0.9694482733638363,0.031025670538664136,1.0,True,,False,False,gcd_k_not_2,0.0,False,1.0,True,FAMILY_F
4933,True,4,2,8.797817497702045,13.090523468059471,0.27700686463495955,1.1323245871066052,0.56,False,1.0,True,True,,0.25,False,0.5,False,FAMILY_Q
4935,True,9,1,0.1864505414124619,0.3411975997386982,0.9468460608729762,0.05460517931570746,1.0,True,,False,False,gcd_k_not_2,0.0,False,1.0,True,FAMILY_F
4936,True,7,1,0.17035582682360356,0.2904614270166176,0.9606312259573125,0.04015928495014658,1.0,True,,False,False,gcd_k_not_2,0.0,False,1.0,True,FAMILY_F
4937,True,7,1,0.14457021322948094,0.2610100697535592,1.0083614546146085,0.008326643190045734,1.0,True,,False,False,gcd_k_not_2,0.3,False,1.0,True,FAMILY_F
4938,True,7,1,0.1943102811805606,0.27964163269886083,1.020395017820241,0.020189138896456706,1.0,True,,False,False,gcd_k_not_2,0.0,False,1.0,True,FAMILY_F
4939,True,1,1,0.10900943381101871,0.2020458720636445,1.0715953800517737,0.06912100764579264,1.0,True,,False,False,gcd_k_not_2,0.0,False,1.0,True,FAMILY_F
4940,True,9,1,0.15908421887420612,0.23336187636126898,0.9788268655953601,0.02139968359310666,1.0,True,,False,False,gcd_k_not_2,1.0,True,1.0,True,FAMILY_F
4943,True,7,1,0.1160214555211689,0.20111125567736038,0.9961477964047372,0.003859637650279257,1.0,True,,False,False,gcd_k_not_2,0.0,False,1.0,True,FAMILY_F
4949,True,7,1,0.19439795271472607,0.34032811514639416,0.9916224662289268,0.00841277291567789,1.0,True,,False,False,gcd_k_not_2,0.0,False,1.0,True,FAMILY_F
4950,True,4,2,8.832030942643726,13.140578877154258,0.2525749171628059,1.1934217627959192,0.49,False,1.0,True,True,,0.0,False,0.5,False,FAMILY_Q
4951,True,3,1,0.15058183886207033,0.2416505416806274,0.996022047363292,0.003985880458547774,1.0,True,,False,False,gcd_k_not_2,1.0,True,1.0,True,FAMILY_F
4954,True,1,1,0.1206742682870352,0.19439817264022868,0.9630384205841888,0.037657520126184486,1.0,True,,False,False,gcd_k_not_2,0.0,False,1.0,True,FAMILY_F
4955,True,9,1,0.21274536710898903,0.34559353284533306,1.1026680313707502,0.09765500767500594,1.0,True,,False,False,gcd_k_not_2,0.56,False,1.0,True,FAMILY_F
4956,True,7,1,0.210324016455422,0.3341806070373793,0.9989308821594276,0.0010696896527182438,1.0,True,,False,False,gcd_k_not_2,0.4,False,1.0,True,FAMILY_F
4958,True,7,1,0.12124981128674554,0.21636089350959262,0.9158079188284399,0.08789198577177344,1.0,True,,False,False,gcd_k_not_2,0.41,False,1.0,True,FAMILY_F
4960,True,7,1,0.14981844818601717,0.2501709214132006,0.9919867034845372,0.00804553213276508,1.0,True,,False,False,gcd_k_not_2,0.0,False,1.0,True,FAMILY_F
4961,True,1,1,0.2430085760859996,0.3787425678056569,1.002384334981751,0.0023814958398310957,1.0,True,,False,False,gcd_k_not_2,0.0,False,1.0,True,FAMILY_F
4962,True,1,1,0.10580204939446768,0.16480551897687906,0.9656689682113483,0.03493063414425383,1.0,True,,False,False,gcd_k_not_2,0.0,False,1.0,True,FAMILY_F
4963,True,9,1,0.14150271579855012,0.24301161043281064,1.024811975215392,0.024507930137811867,1.0,True,,False,False,gcd_k_not_2,0.0,False,1.0,True,FAMILY_F
4965,True,9,1,0.15460803331207804,0.2382205835993915,1.0365077628496169,0.03585330094547029,1.0,True,,False,False,gcd_k_not_2,0.9,False,1.0,True,FAMILY_F
4971,True,9,1,0.15936676397216737,0.2815350812030808,1.019747113694889,0.019554045712944657,1.0,True,,False,False,gcd_k_not_2,0.0,False,1.0,True,FAMILY_F
4973,True,9,1,0.21442606903048178,0.3072838616562399,0.9875738765344032,0.012503810411579193,1.0,True,,False,False,gcd_k_not_2,0.77,False,1.0,True,FAMILY_F
4974,True,1,1,0.17341369192864214,0.2965534714724983,0.8249180150205097,0.19187928831698517,1.0,True,,False,False,gcd_k_not_2,0.0,False,1.0,True,FAMILY_F
4975,True,3,1,0.15278911899540604,0.2409701479156822,1.035712579357979,0.035086072287515015,1.0,True,,False,False,gcd_k_not_2,0.0,False,1.0,True,FAMILY_F
4977,True,3,1,0.10585047700074346,0.1909623295424803,1.039645335909067,0.03887473494640378,1.0,True,,False,False,gcd_k_not_2,0.0,False,1.0,True,FAMILY_F
4980,True,1,1,0.18634061861541376,0.29155430713064634,1.026534571067433,0.026187138819404796,1.0,True,,False,False,gcd_k_not_2,0.0,False,1.0,True,FAMILY_F
4981,True,3,1,0.16677612364399602,0.2669967796966414,0.9532471337451085,0.0478719414939047,1.0,True,,False,False,gcd_k_not_2,0.72,False,1.0,True,FAMILY_F
4983,True,6,2,9.153242011439014,13.61002611393304,0.2648869400802252,1.1623379712864306,0.46,False,1.0,True,True,,0.0,False,0.5,False,FAMILY_Q
4986,True,9,1,0.12470540218604251,0.2174516353374071,1.0071278661526752,0.007102553128653574,1.0,True,,False,False,gcd_k_not_2,1.0,True,1.0,True,FAMILY_F
4987,True,7,1,0.13002574436589054,0.24050753886964865,1.032886466780581,0.03235445492700068,1.0,True,,False,False,gcd_k_not_2,0.0,False,1.0,True,FAMILY_F
4988,True,1,1,0.11550398968741706,0.21192913893821225,0.9494192697675302,0.05189312634475141,1.0,True,,False,False,gcd_k_not_2,0.72,False,1.0,True,FAMILY_F
4990,True,1,1,0.15886620987652172,0.25968559837349525,0.9233689866909948,0.07968415196383391,1.0,True,,False,False,gcd_k_not_2,1.0,True,1.0,True,FAMILY_F
4993,True,9,1,0.14595332233731553,0.23372927256600837,1.0677185557809574,0.06550074776050052,1.0,True,,False,False,gcd_k_not_2,0.0,False,1.0,True,FAMILY_F
4995,True,7,1,0.1494668396893379,0.2230832784533008,0.9972286813574984,0.0027751640744693136,1.0,True,,False,False,gcd_k_not_2,1.0,True,1.0,True,FAMILY_F
4999,True,1,1,0.14440507282451093,0.2499302880031487,0.9711011584035064,0.029322535247151102,1.0,True,,False,False,gcd_k_not_2,1.0,True,1.0,True,FAMILY_F
5000,True,9,1,0.13189390946740007,0.2246767207691475,0.998644790998271,0.0013561279201114293,1.0,True,,False,False,gcd_k_not_2,0.0,False,1.0,True,FAMILY_F
5002,True,6,2,9.0397042334213,13.4441957986493,0.27978809259956716,1.1255174377150263,0.49,False,1.0,True,True,,0.0,False,0.5,False,FAMILY_Q
5003,True,6,2,8.907124153039454,13.250408191971076,0.2695455181431973,1.1507338199659756,0.53,False,1.0,True,True,,0.0,False,0.5,False,FAMILY_Q
5007,True,4,2,8.77223294181039,13.053086721085004,0.27606697582733614,1.1346317048966854,0.48,False,1.0,True,True,,0.0,False,0.5,False,FAMILY_Q
5009,True,1,1,0.18191639224649123,0.2753611697636229,0.9884811739195788,0.01158555206003382,1.0,True,,False,False,gcd_k_not_2,0.0,False,1.0,True,FAMILY_F
5011,True,2,2,8.85297627182158,13.171220525679127,0.2681251683313899,1.1542627651363744,0.47,False,1.0,True,True,,0.45,False,0.5,False,FAMILY_Q
5012,True,1,1,0.18107072017106735,0.31418288795115956,1.048286587090076,0.04714827250680269,1.0,True,,False,False,gcd_k_not_2,0.0,False,1.0,True,FAMILY_F
5015,True,1,1,0.15824670319620301,0.2537429500420713,1.0495842134303022,0.048384655878389346,1.0,True,,False,False,gcd_k_not_2,0.0,False,1.0,True,FAMILY_F
5016,True,3,1,0.15327413110120788,0.23772000625581116,0.9588757289717629,0.04198762628992677,1.0,True,,False,False,gcd_k_not_2,0.0,False,1.0,True,FAMILY_F
5019,True,4,2,8.877159021167786,13.206588214669285,0.2753731893304279,1.1363369039457412,0.5,False,1.0,True,True,,0.0,False,0.5,False,FAMILY_Q
5020,True,9,1,0.4743953611369282,0.7268190605563201,0.9727769337235543,0.02759872726721613,1.0,True,,False,False,gcd_k_not_2,0.6,False,1.0,True,FAMILY_F
5022,True,4,2,8.754062034596465,13.026493530649203,0.2616528111527305,1.170444328773248,0.5,False,1.0,True,True,,0.0,False,0.5,False,FAMILY_Q
5023,True,2,2,8.984051565135887,13.362869841052007,0.27210788523447554,1.1443873954627033,0.55,False,1.0,True,True,,0.0,False,0.5,False,FAMILY_Q
5024,True,9,1,0.128419944243658,0.2094382389073683,1.0046760693562697,0.0046651620456278926,1.0,True,,False,False,gcd_k_not_2,0.0,False,1.0,True,FAMILY_F
5025,True,1,1,0.13591072257559406,0.2438549536432357,1.0026217681343346,0.002618335799652228,1.0,True,,False,False,gcd_k_not_2,0.0,False,1.0,True,FAMILY_F
5026,True,3,1,0.23844112647448543,0.3408938199380635,0.9979847397359844,0.0020172929491762215,1.0,True,,False,False,gcd_k_not_2,0.6,False,1.0,True,FAMILY_F
5034,True,1,1,0.19822280922162072,0.3042129227458519,0.9718003206566325,0.02860297672938473,1.0,True,,False,False,gcd_k_not_2,0.83,False,1.0,True,FAMILY_F
5035,True,6,2,9.024470028915376,13.42193633946277,0.2627638260398032,1.167654883292418,0.49,False,1.0,True,True,,0.0,False,0.5,False,FAMILY_Q
5036,True,3,1,0.17660697246469464,0.2041855913912716,0.9708051698092327,0.029627312367557126,1.0,True,,False,False,gcd_k_not_2,0.0,False,1.0,True,FAMILY_F
5037,True,4,2,9.039904111459,13.444488377554853,0.26141676699790845,1.1710376020446798,0.49,False,1.0,True,True,,0.0,False,0.5,False,FAMILY_Q
5039,True,7,1,0.1608012530867249,0.24555081221014124,1.025370697361493,0.025052892682356002,1.0,True,,False,False,gcd_k_not_2,0.0,False,1.0,True,FAMILY_F
5045,True,8,2,8.671828035192627,12.906105317480769,0.27423421673434123,1.1391403146050818,0.45,False,1.0,True,True,,0.0,False,0.5,False,FAMILY_Q
5049,True,2,2,8.844301121253588,13.158526957290363,0.2690100994016392,1.1520631726146788,0.59,False,1.0,True,True,,0.0,False,0.5,False,FAMILY_Q
5050,True,7,1,0.12722988837329352,0.22605078539817963,1.0126803950554593,0.012600505362511722,1.0,True,,False,False,gcd_k_not_2,0.0,False,1.0,True,FAMILY_F
5052,True,3,1,0.13844580433384263,0.2572924847530123,1.014190020134059,0.014090051079802867,1.0,True,,False,False,gcd_k_not_2,0.0,False,1.0,True,FAMILY_F
5054,True,1,1,0.2101980036610846,0.36606377149526076,0.989864993537974,0.010186627228419154,1.0,True,,False,False,gcd_k_not_2,0.0,False,1.0,True,FAMILY_F
5055,True,9,1,0.11155309653468849,0.2284179950354063,1.0180573183280863,0.01789574375721529,1.0,True,,False,False,gcd_k_not_2,0.0,False,1.0,True,FAMILY_F
5057,True,7,1,0.12288297010156181,0.21298345472987412,0.9753294925015631,0.024978625178318104,1.0,True,,False,False,gcd_k_not_2,0.0,False,1.0,True,FAMILY_F
5059,True,3,1,0.18329969287685582,0.2738499479669816,0.9752481283415864,0.025062037830351238,1.0,True,,False,False,gcd_k_not_2,0.0,False,1.0,True,FAMILY_F
5061,True,1,1,0.2023049018551242,0.37175945411318134,1.0018631760458914,0.0018614419488664443,1.0,True,,False,False,gcd_k_not_2,0.0,False,1.0,True,FAMILY_F
5062,True,3,1,0.1722684197529385,0.28519251133782225,0.9667412754997408,0.033821148632585986,1.0,True,,False,False,gcd_k_not_2,0.6,False,1.0,True,FAMILY_F
5063,True,6,2,9.412912010432366,13.988844474473645,0.3002947711691078,1.0762255518443413,0.49,False,1.0,True,True,,0.0,False,0.5,False,FAMILY_Q
5065,True,7,1,0.1320626236260733,0.21138871035972298,0.9630210478708803,0.03767555337139925,1.0,True,,False,False,gcd_k_not_2,0.0,False,1.0,True,FAMILY_F
5066,True,3,1,0.15605438398024674,0.26863388337515,0.951735399399321,0.049458139269834694,1.0,True,,False,False,gcd_k_not_2,0.2,False,1.0,True,FAMILY_F
5067,True,9,1,0.42081552141487405,0.6979412580381763,1.0099003691861654,0.009851601938034625,1.0,True,,False,False,gcd_k_not_2,0.0,False,1.0,True,FAMILY_F
5069,True,3,1,0.1583794091296642,0.2854478974693527,1.0208821165151463,0.020666338075331015,1.0,True,,False,False,gcd_k_not_2,0.0,False,1.0,True,FAMILY_F
5072,True,6,2,8.937588045602295,13.294951410818237,0.27522198631324557,1.1367087792802844,0.44,False,1.0,True,True,,0.0,False,0.5,False,FAMILY_Q
5074,True,1,1,0.14241045792934776,0.22825732696414022,1.008811263068044,0.00877261416245392,1.0,True,,False,False,gcd_k_not_2,0.0,False,1.0,True,FAMILY_F
5076,True,3,1,0.20044707498474568,0.39042757186738475,0.9988660113853579,0.001134631944495487,1.0,True,,False,False,gcd_k_not_2,0.0,False,1.0,True,FAMILY_F
5077,True,1,1,0.17018967173575195,0.2681541037090815,0.9648592183302078,0.03576926157555025,1.0,True,,False,False,gcd_k_not_2,0.0,False,1.0,True,FAMILY_F
5080,True,7,1,0.21155856257231007,0.32237729377918195,0.9872496209173262,0.01283218670514894,1.0,True,,False,False,gcd_k_not_2,0.0,False,1.0,True,FAMILY_F
5082,True,1,1,0.22001907064900517,0.2546535154570644,0.9921222945370475,0.007908857287080576,1.0,True,,False,False,gcd_k_not_2,0.0,False,1.0,True,FAMILY_F
5084,True,9,1,0.13911629537024087,0.25351797465304804,0.9842940596707057,0.01583025484831692,1.0,True,,False,False,gcd_k_not_2,0.0,False,1.0,True,FAMILY_F
5085,True,9,1,0.15924835825131428,0.2592459424418889,0.9851961067837541,0.014914287979568846,1.0,True,,False,False,gcd_k_not_2,0.0,False,1.0,True,FAMILY_F
5088,True,3,1,0.13377241392230316,0.2116525532228199,0.9903003950394903,0.00974687538090679,1.0,True,,False,False,gcd_k_not_2,0.0,False,1.0,True,FAMILY_F
5089,True,3,1,0.1244290857245374,0.22553974169640215,0.9887616881204508,0.011301818560443296,1.0,True,,False,False,gcd_k_not_2,0.0,False,1.0,True,FAMILY_F
5091,True,4,2,9.168032356561934,13.631618676047006,0.27445653310815593,1.138592722534651,0.47,False,1.0,True,True,,0.0,False,0.5,False,FAMILY_Q
5093,True,9,1,0.1223959083505522,0.19326173647090528,0.9704930806271231,0.029948767303954262,1.0,True,,False,False,gcd_k_not_2,0.0,False,1.0,True,FAMILY_F
5094,True,3,1,0.12807220531580113,0.23362511489962162,0.9808783419012292,0.019306241775976972,1.0,True,,False,False,gcd_k_not_2,0.0,False,1.0,True,FAMILY_F
5095,True,1,1,0.13825855187971167,0.22121621695239646,1.0075857568576123,0.007557093719857805,1.0,True,,False,False,gcd_k_not_2,0.0,False,1.0,True,FAMILY_F
5098,True,8,2,8.929626376660503,13.283309906607482,0.27146115295701423,1.1459867969204347,0.53,False,1.0,True,True,,0.0,False,0.5,False,FAMILY_Q
5099,True,8,2,9.11845454103986,13.559230030340274,0.25860824890960027,1.1781136056158967,0.45,False,1.0,True,True,,0.3,False,0.5,False,FAMILY_Q
5100,True,4,2,8.791492114755904,13.081265942922053,0.2582988652441221,1.178895022864033,0.57,False,1.0,True,True,,0.0,False,0.5,False,FAMILY_Q
5103,True,7,1,0.13524868725030043,0.2243166270595878,1.1242717932720836,0.11700178260208763,1.0,True,,False,False,gcd_k_not_2,0.0,False,1.0,True,FAMILY_F
5104,True,3,1,0.26082379707499553,0.3704705599274472,0.9995373176673132,0.0004627893949251108,1.0,True,,False,False,gcd_k_not_2,0.0,False,1.0,True,FAMILY_F
5105,True,1,1,0.1712348726977849,0.23379522907193265,0.9790357445157403,0.02118633333668219,1.0,True,,False,False,gcd_k_not_2,0.0,False,1.0,True,FAMILY_F
5106,True,1,1,0.18437055257470183,0.289545624427124,1.0182864694550822,0.018120786847487774,1.0,True,,False,False,gcd_k_not_2,0.0,False,1.0,True,FAMILY_F
5109,True,1,1,0.16453092124489746,0.25837996354659654,1.0382358115681596,0.037518535736787144,1.0,True,,False,False,gcd_k_not_2,1.0,True,1.0,True,FAMILY_F
5111,True,7,1,0.14824174554894232,0.24944825568112253,1.036082152693746,0.0354427277367066,1.0,True,,False,False,gcd_k_not_2,0.0,False,1.0,True,FAMILY_F
5113,True,3,1,0.16272048941086512,0.25886815280467046,1.006216617436332,0.00619735414640927,1.0,True,,False,False,gcd_k_not_2,0.0,False,1.0,True,FAMILY_F
5114,True,3,1,0.09073954321256533,0.17379013899104392,1.0938879123578402,0.08967806901575451,1.0,True,,False,False,gcd_k_not_2,0.8,False,1.0,True,FAMILY_F
5115,True,3,1,0.17516839500948203,0.3266251383047401,0.9818958319875126,0.018269545472863583,1.0,True,,False,False,gcd_k_not_2,0.0,False,1.0,True,FAMILY_F
5116,True,9,1,0.12202125555028355,0.19964627410693556,1.010202897368892,0.010151111991974795,1.0,True,,False,False,gcd_k_not_2,0.0,False,1.0,True,FAMILY_F
5117,True,1,1,0.10242700949051717,0.19913048389862087,0.9963969380108175,0.00360956473192406,1.0,True,,False,False,gcd_k_not_2,0.0,False,1.0,True,FAMILY_F
5118,True,9,1,0.1336413370221745,0.24627487015717622,1.0031831674650953,0.0031781092381317124,1.0,True,,False,False,gcd_k_not_2,0.0,False,1.0,True,FAMILY_F
5120,True,9,1,0.2100291239008637,0.3531095288576964,0.9946363201922023,0.005378103019081608,1.0,True,,False,False,gcd_k_not_2,0.0,False,1.0,True,FAMILY_F
5121,True,7,1,0.14996601992821673,0.24109028853768816,0.9810899628983714,0.019090538497265323,1.0,True,,False,False,gcd_k_not_2,0.0,False,1.0,True,FAMILY_F
5126,True,2,2,8.999141559983148,13.38492550657534,0.26833948199793384,1.1537297835269282,0.56,False,1.0,True,True,,0.25,False,0.5,False,FAMILY_Q
5127,True,1,1,0.1367669630031024,0.20627549757263064,0.9516309359203813,0.04956783907179468,1.0,True,,False,False,gcd_k_not_2,0.0,False,1.0,True,FAMILY_F
5128,True,3,1,0.14277172862899815,0.25669553308867377,1.0475275229645578,0.04642430681053211,1.0,True,,False,False,gcd_k_not_2,0.0,False,1.0,True,FAMILY_F
5130,True,7,1,0.16307314768072972,0.2048054794712547,0.9914921577226222,0.008544188581798886,1.0,True,,False,False,gcd_k_not_2,0.0,False,1.0,True,FAMILY_F
5131,True,7,1,0.11979951353588386,0.19374967200492463,1.0192369223234536,0.01905365547824724,1.0,True,,False,False,gcd_k_not_2,0.0,False,1.0,True,FAMILY_F
5134,True,8,2,8.89139539569463,13.22740750281375,0.2689215643274834,1.1522830980652163,0.63,False,1.0,True,True,,0.0,False,0.5,False,FAMILY_Q
5136,True,9,1,0.13243840994515185,0.2602357150604557,0.9883939604881986,0.011673782703455671,1.0,True,,False,False,gcd_k_not_2,0.0,False,1.0,True,FAMILY_F
5138,True,3,1,0.11599218044028588,0.192793717096009,0.9815990786416623,0.01857179038552141,1.0,True,,False,False,gcd_k_not_2,0.0,False,1.0,True,FAMILY_F
5139,True,6,2,8.714794360173938,12.969012966962048,0.26556834148997893,1.1606353200102333,0.5,False,1.0,True,True,,0.0,False,0.5,False,FAMILY_Q
5140,True,1,1,0.07690868280565483,0.12547582069321248,0.9930200156495299,0.007004429755508785,1.0,True,,False,False,gcd_k_not_2,0.0,False,1.0,True,FAMILY_F
5142,True,1,1,0.13389708875859618,0.22569572033601193,0.9863496965684427,0.013744109061097494,1.0,True,,False,False,gcd_k_not_2,0.0,False,1.0,True,FAMILY_F
5144,True,9,1,0.13706772885835328,0.23223098409151288,1.0121727478658953,0.012099108169321695,1.0,True,,False,False,gcd_k_not_2,0.0,False,1.0,True,FAMILY_F
5147,True,3,1,0.13579858400085987,0.225226029297697,1.0281958301994119,0.027803853828690377,1.0,True,,False,False,gcd_k_not_2,0.0,False,1.0,True,FAMILY_F
5148,True,7,1,0.16112460520695054,0.2586820046382438,0.9945996374839727,0.005414983954212872,1.0,True,,False,False,gcd_k_not_2,0.7,False,1.0,True,FAMILY_F
5149,True,3,1,0.20761167139981074,0.3328207037167566,1.0068437226212437,0.006820384212383781,1.0,True,,False,False,gcd_k_not_2,0.0,False,1.0,True,FAMILY_F
5151,True,1,1,0.19424010879246764,0.4094435102175912,1.009100859338571,0.009059634110720718,1.0,True,,False,False,gcd_k_not_2,0.0,False,1.0,True,FAMILY_F
5153,True,7,1,0.23963183919443176,0.36842143086639,1.0275126149437048,0.027139278681596428,1.0,True,,False,False,gcd_k_not_2,0.0,False,1.0,True,FAMILY_F
5155,True,6,2,9.104262639938366,13.538502809664482,0.2522313954214419,1.1942978067993486,0.54,False,1.0,True,True,,0.0,False,0.5,False,FAMILY_Q
5158,True,4,2,9.038754761527981,13.442808583004538,0.26589057423311696,1.1598307795468188,0.52,False,1.0,True,True,,0.0,False,0.5,False,FAMILY_Q
5162,True,7,1,0.24614309357477143,0.416212420594993,0.9806940662263333,0.01949410976976253,1.0,True,,False,False,gcd_k_not_2,0.0,False,1.0,True,FAMILY_F
5163,True,3,1,0.1433747840062275,0.23203066980360226,0.9909416347171522,0.009099578937817154,1.0,True,,False,False,gcd_k_not_2,0.0,False,1.0,True,FAMILY_F
5164,True,1,1,0.27048994241361973,0.41751270014523284,0.9954679789836617,0.004542313947474693,1.0,True,,False,False,gcd_k_not_2,0.0,False,1.0,True,FAMILY_F
5166,True,9,1,0.2024945927577961,0.3156637930983496,0.9939747488299384,0.006043457845789902,1.0,True,,False,False,gcd_k_not_2,0.0,False,1.0,True,FAMILY_F
5174,True,9,1,0.15808973270466498,0.31802673225669553,1.0279853614014327,0.027599174958633274,1.0,True,,False,False,gcd_k_not_2,0.0,False,1.0,True,FAMILY_F
5175,True,2,2,9.032418818247285,13.433553548954814,0.28086756292665593,1.1228833610716122,0.51,False,1.0,True,True,,0.25,False,0.5,False,FAMILY_Q
5176,True,3,1,0.1457563933760441,0.1991107324622683,0.9867126726165705,0.013376194319966455,1.0,True,,False,False,gcd_k_not_2,0.0,False,1.0,True,FAMILY_F
5179,True,7,1,0.14283846569672362,0.2329604032477213,0.9918754556369892,0.00815768309210134,1.0,True,,False,False,gcd_k_not_2,0.0,False,1.0,True,FAMILY_F
5181,True,4,2,9.022577554105881,13.419171818075599,0.2601109194165808,1.1743237348121396,0.54,False,1.0,True,True,,0.0,False,0.5,False,FAMILY_Q
5184,True,9,1,0.1058264904806581,0.17396563403025117,0.9763813693912315,0.023900883680201313,1.0,True,,False,False,gcd_k_not_2,0.0,False,1.0,True,FAMILY_F
5185,True,7,1,0.1731007617694277,0.26638988083651405,0.988121543710655,0.01194942666047965,1.0,True,,False,False,gcd_k_not_2,0.0,False,1.0,True,FAMILY_F
5188,True,4,2,8.847311415849658,13.162931317986253,0.25921710505741935,1.1765769254044585,0.53,False,1.0,True,True,,0.0,False,0.5,False,FAMILY_Q
5189,True,9,1,0.1465756554567662,0.24010159696073252,0.9805786196464568,0.019611824707074812,1.0,True,,False,False,gcd_k_not_2,1.0,True,1.0,True,FAMILY_F
5192,True,3,1,0.24167681120158382,0.40510039984644025,0.9917141526220791,0.008320317819715947,1.0,True,,False,False,gcd_k_not_2,0.0,False,1.0,True,FAMILY_F
5193,True,1,1,0.16215118430964415,0.2721778289734796,0.9978389194041871,0.002163418256420177,1.0,True,,False,False,gcd_k_not_2,0.0,False,1.0,True,FAMILY_F
5196,True,9,1,0.15946719764272593,0.2178147059638034,0.9971711896368256,0.0028328171143794686,1.0,True,,False,False,gcd_k_not_2,0.0,False,1.0,True,FAMILY_F
5197,True,3,1,0.09926439690812822,0.15992874690172085,0.9637546835569023,0.036914301716594725,1.0,True,,False,False,gcd_k_not_2,0.0,False,1.0,True,FAMILY_F
5199,True,3,1,0.13990951498508883,0.21764419299423943,1.1423538873947459,0.13289483892678272,1.0,True,,False,False,gcd_k_not_2,0.0,False,1.0,True,FAMILY_F
5201,True,7,1,0.14935656519522073,0.2345929339641962,1.0665464601468981,0.06440354613867995,1.0,True,,False,False,gcd_k_not_2,0.9,False,1.0,True,FAMILY_F
5202,True,1,1,0.1698142398978923,0.2549313598102236,0.989448897866424,0.010607060221442689,1.0,True,,False,False,gcd_k_not_2,0.0,False,1.0,True,FAMILY_F
5203,True,7,1,0.2072372827991633,0.34913558972333747,0.9592835502054895,0.04156259035629648,1.0,True,,False,False,gcd_k_not_2,0.0,False,1.0,True,FAMILY_F
5204,True,7,1,0.12246344449884686,0.18038627848730274,0.9846241790034396,0.015494944744935242,1.0,True,,False,False,gcd_k_not_2,1.0,True,1.0,True,FAMILY_F
5205,True,3,1,0.16664722478431673,0.25348692627681735,0.9990378322846594,0.0009626308214897239,1.0,True,,False,False,gcd_k_not_2,0.0,False,1.0,True,FAMILY_F
5207,True,7,1,0.19910030107654597,0.3480095405171911,1.0046709015156714,0.004660018272465409,1.0,True,,False,False,gcd_k_not_2,0.3,False,1.0,True,FAMILY_F
5208,True,4,2,8.891267408625872,13.227220769252407,0.26365452768175424,1.1654221247782228,0.49,False,1.0,True,True,,0.0,False,0.5,False,FAMILY_Q
5211,True,1,1,0.14368123860925036,0.2461044967972974,0.9793358961694518,0.020879835373610725,1.0,True,,False,False,gcd_k_not_2,0.66,False,1.0,True,FAMILY_F
5213,True,3,1,0.1999195333454054,0.3425615651873712,1.0109347491853562,0.010875289901659878,1.0,True,,False,False,gcd_k_not_2,0.0,False,1.0,True,FAMILY_F
5214,True,3,1,0.1597336371283124,0.27721836267930133,1.0657773405246196,0.06368289479631431,1.0,True,,False,False,gcd_k_not_2,0.0,False,1.0,True,FAMILY_F
5216,True,9,1,0.17891353741106292,0.2839183608839946,0.9905170058938402,0.009528171905169447,1.0,True,,False,False,gcd_k_not_2,0.0,False,1.0,True,FAMILY_F
5221,True,7,1,0.24402564062450632,0.45245486648970223,1.0376301484706143,0.03693520975713706,1.0,True,,False,False,gcd_k_not_2,0.29,False,1.0,True,FAMILY_F
5223,True,9,1,0.1496941925577005,0.26700614289495084,0.9571334306866331,0.043805464299210006,1.0,True,,False,False,gcd_k_not_2,0.0,False,1.0,True,FAMILY_F
5227,True,1,1,0.12136163645485465,0.19659701758227863,0.9758584634875763,0.02443650388784594,1.0,True,,False,False,gcd_k_not_2,0.0,False,1.0,True,FAMILY_F
5228,True,4,2,8.68470369143199,12.924956854609812,0.26974978510894576,1.1502269556649667,0.47,False,1.0,True,True,,0.5,False,0.5,False,FAMILY_Q
5229,True,1,1,0.12426527110325652,0.21536704894045477,0.9807290979569222,0.019458392430297868,1.0,True,,False,False,gcd_k_not_2,0.0,False,1.0,True,FAMILY_F
5231,True,7,1,0.1956057370376891,0.30922728462790205,1.0141832732143685,0.014083398867406732,1.0,True,,False,False,gcd_k_not_2,0.0,False,1.0,True,FAMILY_F
5232,True,3,1,0.14296765009214943,0.24627093954215873,0.9764694262741598,0.023810713601775953,1.0,True,,False,False,gcd_k_not_2,0.0,False,1.0,True,FAMILY_F
5233,True,7,1,0.15475947618464506,0.24694258896710125,0.9725509056372034,0.02783106310144082,1.0,True,,False,False,gcd_k_not_2,0.0,False,1.0,True,FAMILY_F
5236,True,7,1,0.1316214573559517,0.1944932395248223,1.0211857177316557,0.020963652717111154,1.0,True,,False,False,gcd_k_not_2,0.0,False,1.0,True,FAMILY_F
5239,True,2,2,8.807250680743978,13.104323960509403,0.2684833081210523,1.1533722000055495,0.52,False,1.0,True,True,,0.0,False,0.5,False,FAMILY_Q
5240,True,3,1,0.15665631090197585,0.262286776513436,0.9940043457739853,0.006013682205579535,1.0,True,,False,False,gcd_k_not_2,0.0,False,1.0,True,FAMILY_F
5243,True,3,1,0.15371955241602292,0.2660054181874714,0.9934115326245481,0.006610243060827017,1.0,True,,False,False,gcd_k_not_2,0.0,False,1.0,True,FAMILY_F
5244,True,1,1,0.15420075029673982,0.24345817825190852,0.9927947928903025,0.007231258467157341,1.0,True,,False,False,gcd_k_not_2,0.04,False,1.0,True,FAMILY_F
5246,True,7,1,0.12080271646192904,0.20267452755533932,0.9835742309654546,0.01656178909578853,1.0,True,,False,False,gcd_k_not_2,0.0,False,1.0,True,FAMILY_F
5248,True,4,2,8.768469545545388,13.04757681201805,0.27575758032149156,1.1353919127738972,0.5,False,1.0,True,True,,0.0,False,0.5,False,FAMILY_Q
5249,True,1,1,0.12013742140807611,0.21213054177128976,1.0344419166516183,0.03385883506402031,1.0,True,,False,False,gcd_k_not_2,0.0,False,1.0,True,FAMILY_F
5250,True,4,2,9.01238428902291,13.404278348959018,0.27624439026795106,1.134195950636217,0.44,False,1.0,True,True,,0.0,False,0.5,False,FAMILY_Q
5251,True,3,1,0.12633370741490724,0.24114607485744102,1.0402931322821056,0.03949739539341301,1.0,True,,False,False,gcd_k_not_2,0.22,False,1.0,True,FAMILY_F
5255,True,6,2,8.91479124103014,13.261619753725032,0.2634654172304115,1.1658959125040629,0.58,False,1.0,True,True,,0.25,False,0.5,False,FAMILY_Q
5258,True,3,1,0.16769925237757147,0.2967757165860363,1.0377409486705402,0.037041949512928204,1.0,True,,False,False,gcd_k_not_2,0.0,False,1.0,True,FAMILY_F
5259,True,1,1,0.13913986674232756,0.2522008896366802,0.9927826986697408,0.00724344037619059,1.0,True,,False,False,gcd_k_not_2,0.0,False,1.0,True,FAMILY_F
5263,True,9,1,0.13341886082964605,0.22046971788373235,1.0000064638101067,6.463789216447656e-06,1.0,True,,False,False,gcd_k_not_2,0.0,False,1.0,True,FAMILY_F
5265,True,6,2,8.941064852004102,13.300035517952757,0.2772915667392993,1.1316264071258975,0.46,False,1.0,True,True,,0.25,False,0.5,False,FAMILY_Q
5266,True,7,1,0.2387043300614599,0.4043005390016369,0.9638974233790262,0.036766254888054996,1.0,True,,False,False,gcd_k_not_2,0.0,False,1.0,True,FAMILY_F
5267,True,3,1,0.09752389523390806,0.16094595978180706,1.0098760623528384,0.009827533685114073,1.0,True,,False,False,gcd_k_not_2,0.0,False,1.0,True,FAMILY_F
5269,True,2,2,8.88243381820562,13.214302724398756,0.27617486775324407,1.134366693055284,0.46,False,1.0,True,True,,0.0,False,0.5,False,FAMILY_Q
5271,True,1,1,0.15763847091552838,0.24965691562649758,0.9891352347993838,0.010924109141037799,1.0,True,,False,False,gcd_k_not_2,0.0,False,1.0,True,FAMILY_F
5273,True,1,1,0.12987530801829947,0.2157734931095125,0.9530835245487429,0.04804349108632938,1.0,True,,False,False,gcd_k_not_2,0.0,False,1.0,True,FAMILY_F
5274,True,1,1,0.17411499743475797,0.28306430239288805,0.9825513470043155,0.01760222051454044,1.0,True,,False,False,gcd_k_not_2,0.0,False,1.0,True,FAMILY_F
5276,True,9,1,0.0874134202084088,0.1363332164388077,1.0400961732405667,0.039308120633231074,1.0,True,,False,False,gcd_k_not_2,0.0,False,1.0,True,FAMILY_F
5277,True,7,1,0.16234747257356905,0.25131530489589254,1.030654887292677,0.030192119285761036,1.0,True,,False,False,gcd_k_not_2,0.0,False,1.0,True,FAMILY_F
5278,True,3,1,0.1389589096633145,0.24242997054596543,1.0228754664228188,0.02261678170754711,1.0,True,,False,False,gcd_k_not_2,0.0,False,1.0,True,FAMILY_F
5279,True,3,1,0.14780041161372892,0.2513869564661445,1.0345792686843718,0.03399156692157978,1.0,True,,False,False,gcd_k_not_2,0.0,False,1.0,True,FAMILY_F
5285,True,3,1,0.13182910304567166,0.2056935791719497,0.9275993253129471,0.07512004568200248,1.0,True,,False,False,gcd_k_not_2,0.0,False,1.0,True,FAMILY_F
5288,True,7,1,0.13254861327520093,0.24012267504017737,1.0065600768324332,0.006538629875253004,1.0,True,,False,False,gcd_k_not_2,0.84,False,1.0,True,FAMILY_F
5289,True,7,1,0.11790718791080433,0.19264605898899614,0.989489569833377,0.01056595654080585,1.0,True,,False,False,gcd_k_not_2,0.4,False,1.0,True,FAMILY_F
5290,True,4,2,8.896886451515968,13.235437123294332,0.2681889272781978,1.1541041827142016,0.49,False,1.0,True,True,,0.0,False,0.5,False,FAMILY_Q
5292,True,3,1,0.13652613284956433,0.2580642335503573,1.033096967534194,0.03255817903691539,1.0,True,,False,False,gcd_k_not_2,0.0,False,1.0,True,FAMILY_F
5293,True,1,1,0.14400532664357457,0.21182567422873363,0.9879680873697008,0.012104734182346739,1.0,True,,False,False,gcd_k_not_2,0.0,False,1.0,True,FAMILY_F
5294,True,9,1,0.11719540216190644,0.19905969494606834,0.9646728490229768,0.035962375104426424,1.0,True,,False,False,gcd_k_not_2,0.0,False,1.0,True,FAMILY_F
5296,True,1,1,0.21305681581415695,0.2831775420544314,1.0004613643371534,0.0004612579331729819,1.0,True,,False,False,gcd_k_not_2,0.9,False,1.0,True,FAMILY_F
5298,True,3,1,0.17036850300419468,0.26200655055983063,0.9913356198450543,0.008702079216179444,1.0,True,,False,False,gcd_k_not_2,0.0,False,1.0,True,FAMILY_F
5299,True,1,1,0.13222179994702188,0.23202517383642374,1.0116891631260767,0.011621241830335428,1.0,True,,False,False,gcd_k_not_2,0.0,False,1.0,True,FAMILY_F
5303,True,9,1,0.1649139401578044,0.2755800287931966,0.9813396148094861,0.018836129910326578,1.0,True,,False,False,gcd_k_not_2,0.0,False,1.0,True,FAMILY_F
5305,True,3,1,0.16325713636161274,0.28952825894058143,0.997616299477681,0.0023865449265128543,1.0,True,,False,False,gcd_k_not_2,0.0,False,1.0,True,FAMILY_F
5306,True,1,1,0.18113637179290878,0.33083499044878056,0.9757639697659413,0.024533325442643705,1.0,True,,False,False,gcd_k_not_2,0.14,False,1.0,True,FAMILY_F
5308,True,1,1,0.1643102803666629,0.2542202234193823,0.961774504213742,0.03897032579855895,1.0,True,,False,False,gcd_k_not_2,0.0,False,1.0,True,FAMILY_F
5309,True,3,1,0.16630904112871145,0.3040422937637218,1.0158403574499246,0.015715884833224596,1.0,True,,False,False,gcd_k_not_2,0.0,False,1.0,True,FAMILY_F
5310,True,1,1,0.18415664013502248,0.3157099643491059,0.9595814225151782,0.04125225624250244,1.0,True,,False,False,gcd_k_not_2,0.0,False,1.0,True,FAMILY_F
5311,True,4,2,8.900142438682304,13.24019981840732,0.26037072575414005,1.173669396047428,0.46,False,1.0,True,True,,0.0,False,0.5,False,FAMILY_Q
5312,True,7,1,0.0990705805179695,0.17249330600775672,1.0016866219341727,0.0016852007858682353,1.0,True,,False,False,gcd_k_not_2,0.0,False,1.0,True,FAMILY_F
5314,True,7,1,0.1353639864088397,0.22891225571741317,1.0127733412453246,0.012692279834570497,1.0,True,,False,False,gcd_k_not_2,0.0,False,1.0,True,FAMILY_F
5316,True,9,1,0.16088370615925993,0.27248303824293457,0.9428667708988223,0.058813326736496994,1.0,True,,False,False,gcd_k_not_2,0.0,False,1.0,True,FAMILY_F
5317,True,7,1,0.15438892984241057,0.30574417896630113,1.0096889628244086,0.0096422511180951,1.0,True,,False,False,gcd_k_not_2,0.0,False,1.0,True,FAMILY_F
5318,True,1,1,0.18489097521229914,0.2513436556135431,0.9933983345402133,0.006623528619842429,1.0,True,,False,False,gcd_k_not_2,0.0,False,1.0,True,FAMILY_F
5319,True,9,1,0.1368190434049683,0.266283936810418,1.1217876083441976,0.114797171842509,1.0,True,,False,False,gcd_k_not_2,0.0,False,1.0,True,FAMILY_F
5320,True,1,1,0.16231511595562495,0.24226067898704337,0.9925648624750738,0.00746288129932248,1.0,True,,False,False,gcd_k_not_2,0.0,False,1.0,True,FAMILY_F
5321,True,7,1,0.1539461486248053,0.20045003000679468,1.0050977660472658,0.0050848054729172995,1.0,True,,False,False,gcd_k_not_2,0.0,False,1.0,True,FAMILY_F
5322,True,3,1,0.12684224473970537,0.1986925758675491,1.0194638597060983,0.01927626445261662,1.0,True,,False,False,gcd_k_not_2,0.0,False,1.0,True,FAMILY_F
5323,True,1,1,0.1634581138327282,0.3223107264094884,0.9985204033205307,0.0014806920930213754,1.0,True,,False,False,gcd_k_not_2,0.0,False,1.0,True,FAMILY_F
5325,True,3,1,0.1511062422008881,0.2544499406409815,1.0160554868939518,0.015927624014642216,1.0,True,,False,False,gcd_k_not_2,0.0,False,1.0,True,FAMILY_F
5326,True,1,1,0.154883944119801,0.2446109011803071,1.022175860102295,0.02193267216746728,1.0,True,,False,False,gcd_k_not_2,0.0,False,1.0,True,FAMILY_F
5327,True,8,2,9.301046589826889,13.825726098484136,0.26115462561677605,1.1716967283403283,0.5,False,1.0,True,True,,0.0,False,0.5,False,FAMILY_Q
5329,True,9,1,0.1378024869764991,0.21495639758700474,0.9843332713041171,0.015790420815336825,1.0,True,,False,False,gcd_k_not_2,0.0,False,1.0,True,FAMILY_F
5330,True,9,1,0.23016188663102907,0.34606989872704064,1.0060762306173183,0.006057826242673365,1.0,True,,False,False,gcd_k_not_2,0.0,False,1.0,True,FAMILY_F
5331,True,1,1,0.14004182957378855,0.273170272389155,1.012805111306753,0.012723647445866898,1.0,True,,False,False,gcd_k_not_2,0.0,False,1.0,True,FAMILY_F
5335,True,8,2,8.820781453742336,13.124121450427054,0.26332913872987734,1.1662374256810935,0.55,False,1.0,True,True,,0.0,False,0.5,False,FAMILY_Q
5337,True,3,1,0.09862803322594349,0.18275429936566054,1.0016261490510476,0.0016248279448373793,1.0,True,,False,False,gcd_k_not_2,0.0,False,1.0,True,FAMILY_F
5340,True,6,2,9.176865170134802,13.64451274751608,0.23865723428351898,1.229303385382264,0.59,False,1.0,True,True,,0.25,False,0.5,False,FAMILY_Q
5341,True,9,1,0.150515555724875,0.2739494082652812,1.0527927850345973,0.051435084358704614,1.0,True,,False,False,gcd_k_not_2,0.0,False,1.0,True,FAMILY_F
5342,True,8,2,9.069911086154752,13.488327457299043,0.2685123024666555,1.1533001234768436,0.49,False,1.0,True,True,,0.0,False,0.5,False,FAMILY_Q
5345,True,9,1,0.15905825515994465,0.21359184351636695,0.9996812031838184,0.00031884763998790493,1.0,True,,False,False,gcd_k_not_2,1.0,True,1.0,True,FAMILY_F
5347,True,7,1,0.156698066385922,0.26447391807136256,0.997391735345492,0.0026116706185898494,1.0,True,,False,False,gcd_k_not_2,0.0,False,1.0,True,FAMILY_F
5348,True,1,1,0.13619775678477203,0.23947631925204232,0.9798766931367525,0.02032783852954582,1.0,True,,False,False,gcd_k_not_2,0.0,False,1.0,True,FAMILY_F
5349,True,1,1,0.156531999684312,0.26775784297570115,0.968230653537508,0.03228213767059548,1.0,True,,False,False,gcd_k_not_2,0.0,False,1.0,True,FAMILY_F
5353,True,1,1,0.19214801228885123,0.32259042915657377,0.9376874292998874,0.06431643180203424,1.0,True,,False,False,gcd_k_not_2,0.0,False,1.0,True,FAMILY_F
5355,True,3,1,0.14552293460655466,0.2454399199812377,1.0146311784539042,0.014524920104862787,1.0,True,,False,False,gcd_k_not_2,0.56,False,1.0,True,FAMILY_F
5356,True,7,1,0.10368002632021862,0.20237200736768785,0.9985456581589962,0.0014554001656819793,1.0,True,,False,False,gcd_k_not_2,0.0,False,1.0,True,FAMILY_F
5357,True,7,1,0.15057735298324956,0.27521587957032706,1.0167980756715882,0.01665816312919121,1.0,True,,False,False,gcd_k_not_2,0.0,False,1.0,True,FAMILY_F
5360,True,3,1,0.23364454449699887,0.35291744300330125,1.0231973656595614,0.022931391720153953,1.0,True,,False,False,gcd_k_not_2,0.0,False,1.0,True,FAMILY_F
5361,True,1,1,0.12768107714242066,0.2319337152554275,0.9741807759216075,0.026156899503126153,1.0,True,,False,False,gcd_k_not_2,0.0,False,1.0,True,FAMILY_F
5362,True,2,2,8.854305164135203,13.17316264601221,0.28242860180733675,1.1190820248104016,0.52,False,1.0,True,True,,0.25,False,0.5,False,FAMILY_Q
5367,True,3,1,0.17755008497496225,0.2724943497136508,0.8910786912441876,0.11519489829812468,1.0,True,,False,False,gcd_k_not_2,0.0,False,1.0,True,FAMILY_F
5369,True,3,1,0.11962336477604502,0.21289781183515105,0.9698051664094532,0.03065768544569884,1.0,True,,False,False,gcd_k_not_2,0.0,False,1.0,True,FAMILY_F
5370,True,9,1,0.11665054831101504,0.21576392606670403,0.9994224122828563,0.0005777545691150194,1.0,True,,False,False,gcd_k_not_2,0.0,False,1.0,True,FAMILY_F
5372,True,7,1,0.153980436710746,0.2674461387351211,0.9998791457976314,0.00012086150567906606,1.0,True,,False,False,gcd_k_not_2,0.0,False,1.0,True,FAMILY_F
5374,True,1,1,0.142085312957287,0.22416119319466252,1.026861771662054,0.026505775615894248,1.0,True,,False,False,gcd_k_not_2,0.0,False,1.0,True,FAMILY_F
5375,True,7,1,0.11756995183363335,0.20413394974905416,0.9972919179478351,0.0027117538781685343,1.0,True,,False,False,gcd_k_not_2,0.0,False,1.0,True,FAMILY_F
5377,True,4,2,8.467906458138375,12.607326930767755,0.26073832027461635,1.1727440466223893,0.48,False,1.0,True,True,,0.0,False,0.5,False,FAMILY_Q
5378,True,3,1,0.1502685864848121,0.3065401837012332,1.0030671523478294,0.0030624558385218582,1.0,True,,False,False,gcd_k_not_2,0.0,False,1.0,True,FAMILY_F
5383,True,1,1,0.15986266387740794,0.2741518816902513,1.0314664275428278,0.0309790278748423,1.0,True,,False,False,gcd_k_not_2,0.5,False,1.0,True,FAMILY_F
5385,True,9,1,0.15241985991517948,0.26997974428067983,0.9645168119555347,0.03612408692918678,1.0,True,,False,False,gcd_k_not_2,0.0,False,1.0,True,FAMILY_F
5386,True,4,2,8.778956381803797,13.062922782169686,0.26448004952678833,1.1633555638121271,0.44,False,1.0,True,True,,0.0,False,0.5,False,FAMILY_Q
5388,True,1,1,0.1485824502333232,0.21720833757367608,1.0153718803739287,0.015254634168138428,1.0,True,,False,False,gcd_k_not_2,0.0,False,1.0,True,FAMILY_F
5390,True,9,1,0.06931655475850429,0.1346133892968209,0.9764457074753073,0.02383500081545951,1.0,True,,False,False,gcd_k_not_2,0.0,False,1.0,True,FAMILY_F
5393,True,1,1,0.14649412441940893,0.21539452552364394,1.0492951399783559,0.048109361132703005,1.0,True,,False,False,gcd_k_not_2,0.0,False,1.0,True,FAMILY_F
5394,True,9,1,0.19363019943000806,0.3140987112008505,1.0332961194394568,0.032750880819696744,1.0,True,,False,False,gcd_k_not_2,0.0,False,1.0,True,FAMILY_F
5395,True,1,1,0.10815696997205332,0.16353710784212794,1.0325026388819385,0.03198287496425391,1.0,True,,False,False,gcd_k_not_2,0.0,False,1.0,True,FAMILY_F
5396,True,1,1,0.15747209324097883,0.2319381997098791,1.1070067422662107,0.1015722827266499,1.0,True,,False,False,gcd_k_not_2,0.0,False,1.0,True,FAMILY_F
5397,True,3,1,0.15941806261947444,0.26071333446773226,1.0567438108405174,0.0551782974052838,1.0,True,,False,False,gcd_k_not_2,0.0,False,1.0,True,FAMILY_F
5398,True,9,1,0.16851901955589424,0.2905069049206552,0.9872281944702253,0.012853889216461696,1.0,True,,False,False,gcd_k_not_2,0.0,False,1.0,True,FAMILY_F
5401,True,3,1,0.1593714402810237,0.2941600107719661,1.0528793835720405,0.05151728250105917,1.0,True,,False,False,gcd_k_not_2,0.0,False,1.0,True,FAMILY_F
5403,True,3,1,0.1504079009201539,0.23608759575622143,0.9774818834040213,0.022774536429346338,1.0,True,,False,False,gcd_k_not_2,0.0,False,1.0,True,FAMILY_F
5406,True,7,1,0.20389088857901777,0.3269557767744384,1.0186684385701348,0.0184957947659379,1.0,True,,False,False,gcd_k_not_2,0.0,False,1.0,True,FAMILY_F
5407,True,3,1,0.1650262379905668,0.29409192857129296,1.0270449261426084,0.026684091500698913,1.0,True,,False,False,gcd_k_not_2,0.0,False,1.0,True,FAMILY_F
5409,True,3,1,0.14153587503463494,0.2108209151160989,0.9886869073320834,0.011377449739530468,1.0,True,,False,False,gcd_k_not_2,0.0,False,1.0,True,FAMILY_F
5411,True,3,1,0.12066874931656048,0.18358119611885942,1.0059830203611233,0.005965175477952064,1.0,True,,False,False,gcd_k_not_2,0.0,False,1.0,True,FAMILY_F
5412,True,1,1,0.10829108261895623,0.20382532434730696,1.0082854129977772,0.008251230571265719,1.0,True,,False,False,gcd_k_not_2,0.0,False,1.0,True,FAMILY_F
5413,True,9,1,0.1468942393618436,0.23142432884344666,1.0009124828618312,0.0009120667391970535,1.0,True,,False,False,gcd_k_not_2,0.0,False,1.0,True,FAMILY_F
5414,True,4,2,8.798783094098825,13.0919366138662,0.27918508192030933,1.1269908135538997,0.54,False,1.0,True,True,,0.0,False,0.5,False,FAMILY_Q
5415,True,1,1,0.17784253857047327,0.27568413687450205,0.9728588398064051,0.027514548578912303,1.0,True,,False,False,gcd_k_not_2,0.0,False,1.0,True,FAMILY_F
5421,True,3,1,0.13345877920624533,0.22267387200145436,0.992883093056075,0.0071423225664594275,1.0,True,,False,False,gcd_k_not_2,0.0,False,1.0,True,FAMILY_F
5422,True,6,2,8.895791517155095,13.233836315945682,0.26264989322369015,1.1679407106173674,0.48,False,1.0,True,True,,0.0,False,0.5,False,FAMILY_Q
5423,True,7,1,0.14434301485655943,0.25486118529761337,1.0135249794784318,0.013434131303337761,1.0,True,,False,False,gcd_k_not_2,0.0,False,1.0,True,FAMILY_F
5426,True,1,1,0.11604607022564055,0.19520780664816753,1.0040903654932976,0.004082017022511679,1.0,True,,False,False,gcd_k_not_2,0.0,False,1.0,True,FAMILY_F
5427,True,1,1,0.12099140275071335,0.2004888286838815,0.9981865348990996,0.0018151109210552028,1.0,True,,False,False,gcd_k_not_2,0.0,False,1.0,True,FAMILY_F
5428,True,6,2,8.826711716374357,13.132796745479926,0.25495258676207166,1.187371413226439,0.57,False,1.0,True,True,,0.0,False,0.5,False,FAMILY_Q
5429,True,1,1,0.08851791326158967,0.1705394054540356,1.0018081640130205,0.0018065307610653201,1.0,True,,False,False,gcd_k_not_2,0.0,False,1.0,True,FAMILY_F
5430,True,7,1,0.1798423927330566,0.27462571223749266,0.9988393555612375,0.0011613183776208772,1.0,True,,False,False,gcd_k_not_2,0.92,False,1.0,True,FAMILY_F
5431,True,7,1,0.15506121390442465,0.24506107079385148,1.0296207588268338,0.02918846656254675,1.0,True,,False,False,gcd_k_not_2,0.0,False,1.0,True,FAMILY_F
5434,True,9,1,0.20635786229226713,0.38751477369834814,1.0224123576480402,0.022163984078998087,1.0,True,,False,False,gcd_k_not_2,0.0,False,1.0,True,FAMILY_F
5436,True,9,1,0.1192622070248761,0.20075402141166207,0.9978706471630345,0.002131622324988051,1.0,True,,False,False,gcd_k_not_2,0.0,False,1.0,True,FAMILY_F
5441,True,3,1,0.18768323522160696,0.3200592395194577,1.0509331271968043,0.04966824761021743,1.0,True,,False,False,gcd_k_not_2,0.0,False,1.0,True,FAMILY_F
5442,True,2,2,8.880459993536832,13.211418135953918,0.27289674668576513,1.1424387016580724,0.5,False,1.0,True,True,,0.0,False,0.5,False,FAMILY_Q
5443,True,3,1,0.16579715895073027,0.27470430474369495,0.9965277442583182,0.003478294505716103,1.0,True,,False,False,gcd_k_not_2,0.0,False,1.0,True,FAMILY_F
5444,True,1,1,0.14998580964192312,0.22189012411557152,1.0362632960191274,0.03561749218779482,1.0,True,,False,False,gcd_k_not_2,1.0,True,1.0,True,FAMILY_F
5445,True,6,2,9.376523913292731,13.935798907711442,0.2631983773095089,1.1665651823584635,0.51,False,1.0,True,True,,0.0,False,0.5,False,FAMILY_Q
5446,True,9,1,0.16715863543635015,0.26758963213173026,0.9977894596188639,0.002212986328957644,1.0,True,,False,False,gcd_k_not_2,0.0,False,1.0,True,FAMILY_F
5447,True,3,1,0.18744108199722448,0.27882968155092525,1.011857183333752,0.011787301237858205,1.0,True,,False,False,gcd_k_not_2,0.0,False,1.0,True,FAMILY_F
5448,True,1,1,0.23823874988264046,0.37747211213305115,0.9811825894919023,0.018996139586431263,1.0,True,,False,False,gcd_k_not_2,0.0,False,1.0,True,FAMILY_F
5449,True,1,1,0.10363039403949335,0.16276952495121477,1.0273638348660232,0.026994498368203827,1.0,True,,False,False,gcd_k_not_2,0.0,False,1.0,True,FAMILY_F
5451,True,3,1,0.17025261385451726,0.2638831064634776,0.9874316896180253,0.012647791063843066,1.0,True,,False,False,gcd_k_not_2,0.0,False,1.0,True,FAMILY_F
5452,True,3,1,0.13254434091623096,0.22674396298275817,0.9958530697566522,0.004155546624334786,1.0,True,,False,False,gcd_k_not_2,0.0,False,1.0,True,FAMILY_F
5453,True,3,1,0.26269659057526235,0.4358562975630343,1.0352024176610666,0.0345935297202747,1.0,True,,False,False,gcd_k_not_2,0.0,False,1.0,True,FAMILY_F
5454,True,3,1,0.1173001997410321,0.20565682334095303,0.9945306462908936,0.005484351638594685,1.0,True,,False,False,gcd_k_not_2,0.0,False,1.0,True,FAMILY_F
5456,True,8,2,8.96592301825328,13.336372080975435,0.26057067390086497,1.1731659976048052,0.46,False,1.0,True,True,,0.0,False,0.5,False,FAMILY_Q
5457,True,9,1,0.164418335216973,0.2367408762945243,1.01164696722952,0.011579534002987061,1.0,True,,False,False,gcd_k_not_2,1.0,True,1.0,True,FAMILY_F
5459,True,8,2,8.835919109921935,13.146266491621782,0.2588933163728506,1.1773939443295183,0.4,False,1.0,True,True,,0.0,False,0.5,False,FAMILY_Q
5460,True,7,1,0.16020434311359522,0.25297056513317934,1.0625493363243033,0.060652451044660285,1.0,True,,False,False,gcd_k_not_2,0.0,False,1.0,True,FAMILY_F
5461,True,3,1,0.15622667007654584,0.26652767408191547,0.9848059684433388,0.01531034448528763,1.0,True,,False,False,gcd_k_not_2,0.0,False,1.0,True,FAMILY_F
5462,True,3,1,0.16592971595777053,0.3316795624392616,0.9446249058799169,0.05695195402737751,1.0,True,,False,False,gcd_k_not_2,0.0,False,1.0,True,FAMILY_F
5463,True,6,2,9.223157289584607,13.712083286224384,0.25157221943779534,1.1959801742777536,0.44,False,1.0,True,True,,0.0,False,0.5,False,FAMILY_Q
5467,True,3,1,0.16458695304125218,0.2656636241676024,1.0061781391035878,0.0061591131746139855,1.0,True,,False,False,gcd_k_not_2,0.3,False,1.0,True,FAMILY_F
5468,True,3,1,0.12795031421992714,0.2054145393105048,0.9755975369068598,0.024703880863656554,1.0,True,,False,False,gcd_k_not_2,0.0,False,1.0,True,FAMILY_F
5470,True,8,2,8.918558060630668,13.267126628275998,0.2682579009143681,1.153932648175221,0.48,False,1.0,True,True,,0.0,False,0.5,False,FAMILY_Q
5472,True,3,1,0.1983891309839938,0.28344749905197053,0.9720075182470477,0.02838983268972047,1.0,True,,False,False,gcd_k_not_2,0.0,False,1.0,True,FAMILY_F
5478,True,6,2,8.917361116630326,13.265377217735026,0.26805781856720967,1.1544302960251742,0.52,False,1.0,True,True,,0.0,False,0.5,False,FAMILY_Q
5480,True,3,1,0.24986087798317524,0.41492055745988615,0.951883831542843,0.049302287031215586,1.0,True,,False,False,gcd_k_not_2,0.0,False,1.0,True,FAMILY_F
5481,True,7,1,0.16781459956475875,0.26847021560447637,0.9585456286366485,0.04233179023989147,1.0,True,,False,False,gcd_k_not_2,0.0,False,1.0,True,FAMILY_F
5484,True,7,1,0.12011655168338511,0.18099431134575433,1.0473381539295614,0.0462436103568948,1.0,True,,False,False,gcd_k_not_2,0.0,False,1.0,True,FAMILY_F
5488,True,6,2,8.6380281249657,12.856605964199437,0.24742371892524773,1.2066089006599217,0.54,False,1.0,True,True,,0.0,False,0.5,False,FAMILY_Q
5490,True,3,1,0.09231492961441119,0.14895392970932303,0.9950735543769752,0.004938610521117573,1.0,True,,False,False,gcd_k_not_2,0.0,False,1.0,True,FAMILY_F
5493,True,9,1,0.21935572183243418,0.3224716468302506,0.9821433836588338,0.01801748197267614,1.0,True,,False,False,gcd_k_not_2,0.0,False,1.0,True,FAMILY_F
5494,True,7,1,0.17001129970323672,0.2886625123424627,0.9390837401754264,0.06282994237171267,1.0,True,,False,False,gcd_k_not_2,0.0,False,1.0,True,FAMILY_F
5496,True,1,1,0.14192905496481906,0.22200217453499185,0.9880471461961637,0.012024718655899347,1.0,True,,False,False,gcd_k_not_2,1.0,True,1.0,True,FAMILY_F
5501,True,1,1,0.17488300504600204,0.2669599135669971,0.9797797152536649,0.020426802629144356,1.0,True,,False,False,gcd_k_not_2,0.0,False,1.0,True,FAMILY_F
5502,True,1,1,0.13163272074508536,0.22948775595736812,1.1235695844863394,0.11637912446012826,1.0,True,,False,False,gcd_k_not_2,0.0,False,1.0,True,FAMILY_F
5504,True,9,1,0.16621166663252082,0.2691544944233793,0.9586951919614888,0.042175840537135835,1.0,True,,False,False,gcd_k_not_2,0.0,False,1.0,True,FAMILY_F
5506,True,1,1,0.10240520048034563,0.1583513196370026,1.0301905302075858,0.029741573274404846,1.0,True,,False,False,gcd_k_not_2,0.0,False,1.0,True,FAMILY_F
5507,True,4,2,8.926930888220728,13.27936848934815,0.26136381012707754,1.1711707343157527,0.5,False,1.0,True,True,,0.0,False,0.5,False,FAMILY_Q
5508,True,9,1,0.07500885772428713,0.13425661715833676,1.0458103406796018,0.044784543091500886,1.0,True,,False,False,gcd_k_not_2,0.0,False,1.0,True,FAMILY_F
5509,True,3,1,0.1701121712864996,0.2922273206136872,0.9782728393308298,0.02196578776921354,1.0,True,,False,False,gcd_k_not_2,0.0,False,1.0,True,FAMILY_F
5510,True,9,1,0.16302779388828148,0.26661035684159046,1.0061918842868085,0.006172773736456076,1.0,True,,False,False,gcd_k_not_2,0.0,False,1.0,True,FAMILY_F
5512,True,1,1,0.12411151922093232,0.2079823799045075,0.9843763798322558,0.015746629849590233,1.0,True,,False,False,gcd_k_not_2,0.0,False,1.0,True,FAMILY_F
5513,True,3,1,0.18369436697848923,0.3116401052654178,1.005197603179562,0.005184130652580467,1.0,True,,False,False,gcd_k_not_2,0.0,False,1.0,True,FAMILY_F
5514,True,9,1,0.3050246240965589,0.5290383984463077,1.0125723618952067,0.012493823460208425,1.0,True,,False,False,gcd_k_not_2,0.0,False,1.0,True,FAMILY_F
5515,True,1,1,0.13503460400838774,0.24129557059285237,1.011803807471241,0.011734551279210314,1.0,True,,False,False,gcd_k_not_2,0.0,False,1.0,True,FAMILY_F
5517,True,7,1,0.13819510323841364,0.2575399118236179,1.0152257044838617,0.015110669192026239,1.0,True,,False,False,gcd_k_not_2,0.0,False,1.0,True,FAMILY_F
5518,True,3,1,0.13484389796763133,0.21818232030085577,1.0016664702147124,0.0016650828092591525,1.0,True,,False,False,gcd_k_not_2,0.0,False,1.0,True,FAMILY_F
5519,True,3,1,0.12565288643923753,0.18875698137635738,1.0135116819836982,0.013421011762282492,1.0,True,,False,False,gcd_k_not_2,0.0,False,1.0,True,FAMILY_F
5520,True,3,1,0.11592188859206409,0.19280973963439973,0.9900000908956387,0.010050159444827593,1.0,True,,False,False,gcd_k_not_2,0.0,False,1.0,True,FAMILY_F
5521,True,1,1,0.1832272578172008,0.305108214353774,0.9899960720585101,0.010054218781589382,1.0,True,,False,False,gcd_k_not_2,0.5,False,1.0,True,FAMILY_F
5523,True,9,1,0.13307734506601607,0.2535850822989799,0.9081367706705246,0.0962857911880126,1.0,True,,False,False,gcd_k_not_2,0.0,False,1.0,True,FAMILY_F
5524,True,1,1,0.14094623657194819,0.26117735226896954,0.9987567957957444,0.0012439774632617385,1.0,True,,False,False,gcd_k_not_2,0.0,False,1.0,True,FAMILY_F
5525,True,7,1,0.16342428415724142,0.2746858168920467,0.9687095551513122,0.031787771605835353,1.0,True,,False,False,gcd_k_not_2,0.0,False,1.0,True,FAMILY_F
5526,True,8,2,8.921911261367798,13.272030552586088,0.275752834427467,1.1354035766615576,0.48,False,1.0,True,True,,0.0,False,0.5,False,FAMILY_Q
5528,True,3,1,0.13207298969613473,0.2345285363915292,1.0178238561604138,0.017666414346324218,1.0,True,,False,False,gcd_k_not_2,0.0,False,1.0,True,FAMILY_F
5530,True,3,1,0.18446170984890553,0.2809198872806146,0.9845354509079633,0.015585057031822053,1.0,True,,False,False,gcd_k_not_2,1.0,True,1.0,True,FAMILY_F
5531,True,1,1,0.13044612758025131,0.19641983955252248,0.9793182069373172,0.02089789604339024,1.0,True,,False,False,gcd_k_not_2,0.0,False,1.0,True,FAMILY_F
5532,True,9,1,0.22762797503379723,0.36065872002356647,1.0224991936458305,0.022248902463365205,1.0,True,,False,False,gcd_k_not_2,0.7,False,1.0,True,FAMILY_F
5533,True,1,1,0.15442862218401593,0.2651781692410293,0.9795926097706826,0.020617767644304768,1.0,True,,False,False,gcd_k_not_2,0.0,False,1.0,True,FAMILY_F
5534,True,3,1,0.14945200448894494,0.28029743348061065,0.9782699949955436,0.02196869492983982,1.0,True,,False,False,gcd_k_not_2,0.0,False,1.0,True,FAMILY_F
5535,True,9,1,0.2079739342770673,0.2665894148311852,1.0257374650185531,0.02541046454735664,1.0,True,,False,False,gcd_k_not_2,0.96,False,1.0,True,FAMILY_F
5537,True,3,1,0.10282571550083291,0.18361706345213313,0.9578994538042257,0.043005830676312154,1.0,True,,False,False,gcd_k_not_2,0.0,False,1.0,True,FAMILY_F
5540,True,7,1,0.16693217625269513,0.26177863197769585,0.9776048428315915,0.02264876853390223,1.0,True,,False,False,gcd_k_not_2,0.0,False,1.0,True,FAMILY_F
5544,True,9,1,0.15366769216544895,0.25113063315170425,1.0685101176399736,0.06624102735174324,1.0,True,,False,False,gcd_k_not_2,0.0,False,1.0,True,FAMILY_F
5545,True,9,1,0.17917819232916396,0.30725753269291145,1.0086774430049052,0.0086399566392543,1.0,True,,False,False,gcd_k_not_2,0.0,False,1.0,True,FAMILY_F
5554,True,1,1,0.171826493133197,0.29086524508370487,1.0198754082351078,0.019679835849354916,1.0,True,,False,False,gcd_k_not_2,0.0,False,1.0,True,FAMILY_F
5556,True,3,1,0.11120668098197711,0.20836403453556185,1.045257140714148,0.044255697548471015,1.0,True,,False,False,gcd_k_not_2,0.0,False,1.0,True,FAMILY_F
5557,True,3,1,0.16117588659219745,0.2292745166670858,0.9986662239774203,0.0013346660953977552,1.0,True,,False,False,gcd_k_not_2,0.0,False,1.0,True,FAMILY_F
5558,True,7,1,0.19793625100228343,0.3091699636634862,1.0459836757918728,0.04495018834798403,1.0,True,,False,False,gcd_k_not_2,0.0,False,1.0,True,FAMILY_F
5562,True,1,1,0.23288007866940183,0.39376899896269285,1.009512294109116,0.009467266397922681,1.0,True,,False,False,gcd_k_not_2,0.92,False,1.0,True,FAMILY_F
5567,True,3,1,0.14137703527274456,0.2693353086072241,0.9881636923125305,0.011906773806639652,1.0,True,,False,False,gcd_k_not_2,0.0,False,1.0,True,FAMILY_F
5568,True,9,1,0.11518953874046087,0.19404639887167727,0.9972050049639292,0.002798906500959103,1.0,True,,False,False,gcd_k_not_2,0.92,False,1.0,True,FAMILY_F
5569,True,9,1,0.1325664920272122,0.19542178751710484,0.9844985850172305,0.015622500413760546,1.0,True,,False,False,gcd_k_not_2,1.0,True,1.0,True,FAMILY_F
5570,True,1,1,0.14694426047217524,0.22287282985334064,0.9801200688938095,0.020079520851779817,1.0,True,,False,False,gcd_k_not_2,0.98,False,1.0,True,FAMILY_F
5571,True,1,1,0.12334519343606251,0.19596993875774507,0.9835350718068184,0.01660160027136149,1.0,True,,False,False,gcd_k_not_2,0.0,False,1.0,True,FAMILY_F
5574,True,1,1,0.10940759487966134,0.20051895398821418,0.9840830600740652,0.016044630636925728,1.0,True,,False,False,gcd_k_not_2,0.0,False,1.0,True,FAMILY_F
5577,True,9,1,0.18747270878700947,0.311570857855303,0.9332389760632411,0.06906649903439041,1.0,True,,False,False,gcd_k_not_2,0.0,False,1.0,True,FAMILY_F
5578,True,7,1,0.16995996566405694,0.28170524358687965,0.996525664123832,0.00348038188398917,1.0,True,,False,False,gcd_k_not_2,0.66,False,1.0,True,FAMILY_F
5579,True,9,1,0.12154878960831572,0.17613027814638366,1.0062779743514296,0.006258329535277015,1.0,True,,False,False,gcd_k_not_2,0.0,False,1.0,True,FAMILY_F
5580,True,4,2,8.922037677326726,13.272215042703776,0.28179961662809094,1.120612573221407,0.5,False,1.0,True,True,,0.0,False,0.5,False,FAMILY_Q
5581,True,2,2,8.898916576919792,13.238404997856724,3.75850441397717,1.1593997500032178,0.55,False,1.0,True,True,,0.0,False,0.5,False,FAMILY_Q
5582,True,7,1,0.219712555066213,0.325743279316754,1.0257681345953664,0.025440359294143337,1.0,True,,False,False,gcd_k_not_2,0.0,False,1.0,True,FAMILY_F
5583,True,3,1,0.11722700119960483,0.19586876136422748,1.1414130225168637,0.13207449569971969,1.0,True,,False,False,gcd_k_not_2,0.0,False,1.0,True,FAMILY_F
5587,True,9,1,0.17540390575590703,0.2845887225491702,0.9693299419250256,0.03114770909845027,1.0,True,,False,False,gcd_k_not_2,0.7,False,1.0,True,FAMILY_F
5588,True,9,1,0.12683816152685518,0.1767563867955848,1.0732045851575798,0.07061974074499325,1.0,True,,False,False,gcd_k_not_2,0.0,False,1.0,True,FAMILY_F
5590,True,1,1,0.11886383626290332,0.2008636237902435,1.0237052771723065,0.023427598316519256,1.0,True,,False,False,gcd_k_not_2,0.0,False,1.0,True,FAMILY_F
5594,True,9,1,0.1743461798036897,0.28740805707993655,1.0634862744167237,0.06153302321787351,1.0,True,,False,False,gcd_k_not_2,0.0,False,1.0,True,FAMILY_F
5596,True,6,2,8.732475466824434,12.994895942504142,0.2794714568910183,1.1262909215025252,0.5,False,1.0,True,True,,0.0,False,0.5,False,FAMILY_Q
5598,True,9,1,0.14322430896364144,0.2601659684286067,0.9656267522059766,0.0349743385975462,1.0,True,,False,False,gcd_k_not_2,0.0,False,1.0,True,FAMILY_F
5599,True,1,1,0.258755828591228,0.36007062680058327,1.03238867756811,0.03187252313062998,1.0,True,,False,False,gcd_k_not_2,0.0,False,1.0,True,FAMILY_F
5600,True,1,1,0.15603761236781935,0.23852051385480771,1.017610966893567,0.017457247390642163,1.0,True,,False,False,gcd_k_not_2,0.0,False,1.0,True,FAMILY_F
5601,True,1,1,0.14527618197388628,0.22968122155441822,1.0002231888743944,0.00022316397053667207,1.0,True,,False,False,gcd_k_not_2,0.0,False,1.0,True,FAMILY_F
5602,True,7,1,0.08865765878922915,0.15795610646527866,1.0013319790263553,0.001331092532687547,1.0,True,,False,False,gcd_k_not_2,0.0,False,1.0,True,FAMILY_F
5604,True,8,2,8.749768999380706,13.020205948328437,0.2553310198016783,1.1864105458271352,0.45,False,1.0,True,True,,0.0,False,0.5,False,FAMILY_Q
5605,True,3,1,0.17259478958738866,0.3048162458791626,0.9914368453830222,0.00859997607941293,1.0,True,,False,False,gcd_k_not_2,0.0,False,1.0,True,FAMILY_F
5608,True,1,1,0.1520576464123559,0.2903189831898368,0.9931467836226837,0.006876780409378628,1.0,True,,False,False,gcd_k_not_2,0.0,False,1.0,True,FAMILY_F
5609,True,9,1,0.12780560247301923,0.2169073953801961,1.0133014710002708,0.013213590902173387,1.0,True,,False,False,gcd_k_not_2,0.0,False,1.0,True,FAMILY_F
5610,True,7,1,0.17485050858272896,0.265981091715733,1.0189318088582777,0.018754282611440663,1.0,True,,False,False,gcd_k_not_2,0.0,False,1.0,True,FAMILY_F
5614,True,1,1,0.20103084783305497,0.3219046422586425,1.012181331753379,0.012107588477390826,1.0,True,,False,False,gcd_k_not_2,0.8,False,1.0,True,FAMILY_F
5615,True,7,1,0.2255869891294383,0.4112021039526149,1.0069932965559771,0.006968928663566255,1.0,True,,False,False,gcd_k_not_2,0.0,False,1.0,True,FAMILY_F
5616,True,6,2,8.903254933933914,13.244750837046567,0.2743731288158645,1.1387981349832463,0.55,False,1.0,True,True,,0.0,False,0.5,False,FAMILY_Q
5617,True,9,1,0.11509523021818378,0.19492100276231777,0.9610165310465706,0.03975842970851905,1.0,True,,False,False,gcd_k_not_2,1.0,True,1.0,True,FAMILY_F
5618,True,9,1,0.11473634421104345,0.18242326494714514,0.9650820241787201,0.03553844103364933,1.0,True,,False,False,gcd_k_not_2,1.0,True,1.0,True,FAMILY_F
5620,True,7,1,0.1093162682012549,0.19030316125316274,1.0500735510613648,0.048850492252281115,1.0,True,,False,False,gcd_k_not_2,0.0,False,1.0,True,FAMILY_F
5621,True,9,1,0.17818258211094673,0.31498261755738155,1.027239964374178,0.02687394176602787,1.0,True,,False,False,gcd_k_not_2,0.0,False,1.0,True,FAMILY_F
5622,True,2,2,9.183018863893128,13.65349633571555,0.25780288281243385,1.1801485388998652,0.53,False,1.0,True,True,,0.0,False,0.5,False,FAMILY_Q
5623,True,1,1,0.12290832608165152,0.2087840380057703,1.099355707131389,0.09465352326324074,1.0,True,,False,False,gcd_k_not_2,0.0,False,1.0,True,FAMILY_F
5624,True,9,1,0.12730793247559835,0.2028808996406718,1.0036924041119453,0.0036855997501092012,1.0,True,,False,False,gcd_k_not_2,0.0,False,1.0,True,FAMILY_F
5627,True,3,1,0.12386430804750956,0.17978949780777911,1.0149764154168106,0.01486510244211724,1.0,True,,False,False,gcd_k_not_2,0.0,False,1.0,True,FAMILY_F
5629,True,1,1,0.15715285589647732,0.18207072948835717,0.9946197732348933,0.005394739225292046,1.0,True,,False,False,gcd_k_not_2,1.0,True,1.0,True,FAMILY_F
5634,True,3,1,0.18257481904506737,0.30083472483914064,1.0583016516743393,0.05665025010004085,1.0,True,,False,False,gcd_k_not_2,0.0,False,1.0,True,FAMILY_F
5637,True,1,1,0.15905259622593704,0.2790562992175919,0.9848486986806055,0.015266958463348895,1.0,True,,False,False,gcd_k_not_2,0.0,False,1.0,True,FAMILY_F
5640,True,1,1,0.19950125259774987,0.2971147302879329,0.9920454710357406,0.007986292562010135,1.0,True,,False,False,gcd_k_not_2,0.0,False,1.0,True,FAMILY_F
5641,True,7,1,0.24045034080782726,0.4069927605654112,1.0535570140689692,0.05216024069655595,1.0,True,,False,False,gcd_k_not_2,0.9,False,1.0,True,FAMILY_F
5642,True,1,1,0.17091503864154628,0.29394367385287606,1.0324115799488691,0.03189470112120164,1.0,True,,False,False,gcd_k_not_2,0.0,False,1.0,True,FAMILY_F
5643,True,7,1,0.1100702044991198,0.18174068978570274,0.9736238209001876,0.02672867931618497,1.0,True,,False,False,gcd_k_not_2,0.0,False,1.0,True,FAMILY_F
5644,True,9,1,0.2022622673092112,0.32924378576927427,1.0018100653678512,0.0018084286807884785,1.0,True,,False,False,gcd_k_not_2,0.0,False,1.0,True,FAMILY_F
5646,True,1,1,0.3503117529296182,0.6080281664350712,0.9930262682839168,0.006998133268045548,1.0,True,,False,False,gcd_k_not_2,0.0,False,1.0,True,FAMILY_F
5647,True,9,1,0.23192425440163286,0.36637954412061224,1.011460504668227,0.011395207255254919,1.0,True,,False,False,gcd_k_not_2,0.0,False,1.0,True,FAMILY_F
5648,True,9,1,0.14934532481343835,0.260417514165084,0.9954214432240235,0.004589062417389772,1.0,True,,False,False,gcd_k_not_2,0.0,False,1.0,True,FAMILY_F
5650,True,9,1,0.15846190183404604,0.1965011611253161,1.0758021891666611,0.073034116219997,1.0,True,,False,False,gcd_k_not_2,1.0,True,1.0,True,FAMILY_F
5651,True,9,1,0.3879162949832305,0.6716764314092126,1.0005512525753908,0.0005511006775569179,1.0,True,,False,False,gcd_k_not_2,0.0,False,1.0,True,FAMILY_F
5654,True,3,1,0.1397361253064877,0.24510668557460297,0.9382414247156922,0.06372640115600338,1.0,True,,False,False,gcd_k_not_2,0.0,False,1.0,True,FAMILY_F
5655,True,9,1,0.16798599269801037,0.2865128499089303,0.9998277309643994,0.00017228387518917218,1.0,True,,False,False,gcd_k_not_2,0.1,False,1.0,True,FAMILY_F
5657,True,3,1,0.16345589971094382,0.2723658205613398,1.0649716055325444,0.06292735973557244,1.0,True,,False,False,gcd_k_not_2,0.2,False,1.0,True,FAMILY_F
5659,True,3,1,0.12916108762460868,0.2390891427407297,0.9927551883808144,0.00727115067764265,1.0,True,,False,False,gcd_k_not_2,0.0,False,1.0,True,FAMILY_F
5660,True,3,1,0.11905598861308973,0.17000262761625373,0.9372276321975659,0.06480639317665106,1.0,True,,False,False,gcd_k_not_2,0.0,False,1.0,True,FAMILY_F
5666,True,2,2,8.572024769852964,12.759920216875855,0.2475811678742705,1.2062042158070747,0.52,False,1.0,True,True,,0.0,False,0.5,False,FAMILY_Q
5668,True,4,2,9.005827943361783,13.394695458442767,0.27076440306975685,1.1477117161428905,0.53,False,1.0,True,True,,0.25,False,0.5,False,FAMILY_Q
5669,True,9,1,0.10551693370043497,0.1950141436520673,1.0020796956966234,0.00207753537593292,1.0,True,,False,False,gcd_k_not_2,0.0,False,1.0,True,FAMILY_F
5671,True,1,1,0.14432919841732136,0.2887184912532273,1.0047822595151394,0.004770851789456776,1.0,True,,False,False,gcd_k_not_2,0.0,False,1.0,True,FAMILY_F
5674,True,9,1,0.14040137264895028,0.2554977243890386,1.001881614118286,0.0018798455463259222,1.0,True,,False,False,gcd_k_not_2,0.0,False,1.0,True,FAMILY_F
5677,True,7,1,0.227913461350839,0.4105120936319469,0.9377530252353649,0.06424655149959006,1.0,True,,False,False,gcd_k_not_2,0.0,False,1.0,True,FAMILY_F
5679,True,3,1,0.11152588808891083,0.20059576917250788,0.9907898318050232,0.009252778015875289,1.0,True,,False,False,gcd_k_not_2,0.0,False,1.0,True,FAMILY_F
5680,True,3,1,0.12152765433720522,0.23237065707384968,0.9628234518348421,0.03788068471507751,1.0,True,,False,False,gcd_k_not_2,0.0,False,1.0,True,FAMILY_F
5682,True,4,2,8.867589366946145,13.192592706429632,0.282046832964917,1.1200108273341518,0.59,False,1.0,True,True,,0.25,False,0.5,False,FAMILY_Q
5683,True,9,1,0.1368142621109383,0.22237954613905656,0.9914747579935689,0.008561737448302313,1.0,True,,False,False,gcd_k_not_2,0.0,False,1.0,True,FAMILY_F
5685,True,4,2,9.833771169652678,14.601455725757205,3.155739254714801,1.0374757041212608,0.54,False,1.0,True,True,,0.0,False,0.5,False,FAMILY_Q
5686,True,9,1,0.16583921567777646,0.24518352511979766,1.009428329048627,0.009384090900212309,1.0,True,,False,False,gcd_k_not_2,0.0,False,1.0,True,FAMILY_F
5687,True,1,1,0.13620560761754508,0.19980904525172338,0.99442935573397,0.005586203642675492,1.0,True,,False,False,gcd_k_not_2,0.0,False,1.0,True,FAMILY_F
5689,True,8,2,8.714551614742431,12.968658803690248,0.25172324070824015,1.195594577070209,0.58,False,1.0,True,True,,0.0,False,0.5,False,FAMILY_Q
5691,True,3,1,0.12588140072028767,0.20910354892291852,0.9500480230505772,0.05123153518166173,1.0,True,,False,False,gcd_k_not_2,0.0,False,1.0,True,FAMILY_F
5693,True,1,1,0.11918487441014117,0.20282918975385053,0.9860425489015925,0.014055540860518682,1.0,True,,False,False,gcd_k_not_2,0.0,False,1.0,True,FAMILY_F
5695,True,2,2,8.949028651709163,13.311675205425068,0.2714244764074356,1.146077548626786,0.5,False,1.0,True,True,,0.0,False,0.5,False,FAMILY_Q
5698,True,3,1,0.1952961371584919,0.2992853749088546,1.0041115298628833,0.004103094864350898,1.0,True,,False,False,gcd_k_not_2,0.0,False,1.0,True,FAMILY_F
5699,True,1,1,0.14912715122075793,0.28263514577402377,0.9829735436092895,0.0171726510881431,1.0,True,,False,False,gcd_k_not_2,0.0,False,1.0,True,FAMILY_F
5701,True,4,2,8.795270180855173,13.086796095916897,0.2807110107651574,1.1232650975728011,0.62,False,1.0,True,True,,0.25,False,0.5,False,FAMILY_Q
5702,True,7,1,0.19184258541658308,0.3371874219053001,0.9856080030856943,0.014496312355651395,1.0,True,,False,False,gcd_k_not_2,0.0,False,1.0,True,FAMILY_F
5704,True,4,2,9.021665800574695,13.417839970296674,0.27505525411478365,1.1371189500152519,0.47,False,1.0,True,True,,0.5,False,0.5,False,FAMILY_Q
5705,True,6,2,8.949979618507207,13.313065287550705,0.26756430845982265,1.155658433504075,0.54,False,1.0,True,True,,0.0,False,0.5,False,FAMILY_Q
5706,True,1,1,0.17775139917784752,0.2856369900042444,0.9495075820009466,0.051800176070337364,1.0,True,,False,False,gcd_k_not_2,0.0,False,1.0,True,FAMILY_F
5708,True,4,2,8.856066481217209,13.175738242598168,0.2699845206958275,1.149644688431628,0.5,False,1.0,True,True,,0.25,False,0.5,False,FAMILY_Q
5710,True,1,1,0.11288429407907419,0.22122218092963264,1.0354661117066821,0.034848147559621956,1.0,True,,False,False,gcd_k_not_2,0.0,False,1.0,True,FAMILY_F
5712,True,1,1,0.15607887797880485,0.2726591991803713,1.0115676951310164,0.011501174093236859,1.0,True,,False,False,gcd_k_not_2,0.0,False,1.0,True,FAMILY_F
5713,True,1,1,0.16596834226307713,0.2994905245643413,0.9836486402697808,0.016486145175382827,1.0,True,,False,False,gcd_k_not_2,0.0,False,1.0,True,FAMILY_F
5714,True,3,1,0.1606993120776341,0.2816409033100088,1.0168415609251358,0.016700926092985187,1.0,True,,False,False,gcd_k_not_2,0.02,False,1.0,True,FAMILY_F
5720,True,1,1,0.18214712088562168,0.31283567032252113,0.9798623867316816,0.020342437336325417,1.0,True,,False,False,gcd_k_not_2,0.0,False,1.0,True,FAMILY_F
5721,True,4,2,8.768206537637615,13.047193069566168,0.27694556802992,1.1324749465799284,0.42,False,1.0,True,True,,0.0,False,0.5,False,FAMILY_Q
5723,True,6,2,8.850109775570937,13.167026247988096,0.27842819744818037,1.1288421265928277,0.49,False,1.0,True,True,,0.5,False,0.5,False,FAMILY_Q
5724,True,1,1,0.21594844555716233,0.33945920625017445,0.9916124041236437,0.00842291990046834,1.0,True,,False,False,gcd_k_not_2,0.0,False,1.0,True,FAMILY_F
5727,True,9,1,0.14685671568488243,0.2247057287703406,0.9979027425070998,0.0020994590460079302,1.0,True,,False,False,gcd_k_not_2,0.0,False,1.0,True,FAMILY_F
5728,True,9,1,0.15169438920234676,0.2515595062692728,0.9870264503511283,0.013058255612630664,1.0,True,,False,False,gcd_k_not_2,0.96,False,1.0,True,FAMILY_F
5729,True,8,2,8.78108931214848,13.066044271629677,0.27580492903674175,1.1352755495466536,0.5,False,1.0,True,True,,0.0,False,0.5,False,FAMILY_Q
5731,True,3,1,0.15500001227965285,0.2570626409565171,1.0191192307600845,0.018938188957654783,1.0,True,,False,False,gcd_k_not_2,0.0,False,1.0,True,FAMILY_F
5732,True,3,1,0.11244895837816526,0.17368877358294318,0.9748274323574769,0.025493435254211584,1.0,True,,False,False,gcd_k_not_2,0.0,False,1.0,True,FAMILY_F
5733,True,2,2,8.91487706863175,13.261745734891566,0.275816986213523,1.1352459194570976,0.5,False,1.0,True,True,,0.0,False,0.5,False,FAMILY_Q
5735,True,9,1,0.14069981836290665,0.22605501203925213,1.0266161527817774,0.0262665949299215,1.0,True,,False,False,gcd_k_not_2,0.0,False,1.0,True,FAMILY_F
5736,True,7,1,0.1323998912782339,0.16960090900411076,1.0035535015458423,0.0035471990571758014,1.0,True,,False,False,gcd_k_not_2,0.0,False,1.0,True,FAMILY_F
5737,True,4,2,9.0324654386115,13.433620047571141,0.24093852133704874,1.2233667754065702,0.52,False,1.0,True,True,,0.0,False,0.5,False,FAMILY_Q
5738,True,9,1,0.16540845197325738,0.2478340448250237,0.9524010214069772,0.048759428079709836,1.0,True,,False,False,gcd_k_not_2,0.88,False,1.0,True,FAMILY_F
5740,True,1,1,0.1333652371549939,0.22940298942992005,1.0148373135648183,0.014728051207833754,1.0,True,,False,False,gcd_k_not_2,0.0,False,1.0,True,FAMILY_F
5743,True,7,1,0.1406906495951216,0.23727586091582797,1.0739878604526714,0.07134840262423013,1.0,True,,False,False,gcd_k_not_2,0.0,False,1.0,True,FAMILY_F
5748,True,3,1,0.11656291370454015,0.18057326654629013,1.0169709299904521,0.016828135436272654,1.0,True,,False,False,gcd_k_not_2,0.0,False,1.0,True,FAMILY_F
5749,True,1,1,0.14320025840352732,0.25445382862125915,0.9942794456215346,0.005736963684828638,1.0,True,,False,False,gcd_k_not_2,0.0,False,1.0,True,FAMILY_F
5750,True,1,1,0.10392150740503592,0.1822120239546385,1.0107491362915668,0.0106916731655461,1.0,True,,False,False,gcd_k_not_2,0.0,False,1.0,True,FAMILY_F
5753,True,4,2,8.753365510485528,13.025470866120166,0.2698957725403378,1.1498648050448104,0.55,False,1.0,True,True,,0.0,False,0.5,False,FAMILY_Q
5754,True,7,1,0.2614203413012541,0.4327401635880912,1.0071893628446904,0.00716361194192583,1.0,True,,False,False,gcd_k_not_2,0.0,False,1.0,True,FAMILY_F
5755,True,1,1,0.14738429802752073,0.21187740478002076,0.9966876364406079,0.003317858536247476,1.0,True,,False,False,gcd_k_not_2,0.0,False,1.0,True,FAMILY_F
5756,True,6,2,8.735851730502485,12.999838154582536,0.2837157523534949,1.1159545971657798,0.49,False,1.0,True,True,,0.0,False,0.5,False,FAMILY_Q
5757,True,9,1,0.16037516692399062,0.2598164860532302,0.9963926413597053,0.0036138769153525128,1.0,True,,False,False,gcd_k_not_2,0.0,False,1.0,True,FAMILY_F
5760,True,7,1,0.13853701156692905,0.24234436494450784,0.9949433193955429,0.005069498020614677,1.0,True,,False,False,gcd_k_not_2,0.0,False,1.0,True,FAMILY_F
5765,True,9,1,0.10547195384138423,0.17486896107610078,1.0300163227204968,0.02957249395933013,1.0,True,,False,False,gcd_k_not_2,0.02,False,1.0,True,FAMILY_F
5766,True,1,1,0.16273932227401816,0.30989887077811173,0.9901471291489885,0.009901650693760249,1.0,True,,False,False,gcd_k_not_2,0.0,False,1.0,True,FAMILY_F
5770,True,2,2,8.733572527298552,12.996504071505017,0.2732063375979767,1.1416745910536197,0.5,False,1.0,True,True,,0.25,False,0.5,False,FAMILY_Q
5773,True,7,1,0.12617001473258985,0.20541431080375827,1.0118558773026889,0.011786010555173641,1.0,True,,False,False,gcd_k_not_2,0.0,False,1.0,True,FAMILY_F
5774,True,7,1,0.1797127247409637,0.31793256239980466,1.0180890318099385,0.01792689175235753,1.0,True,,False,False,gcd_k_not_2,0.0,False,1.0,True,FAMILY_F
5778,True,7,1,0.13842078958473886,0.22764611557999334,0.9611311106944311,0.03963925623698411,1.0,True,,False,False,gcd_k_not_2,0.0,False,1.0,True,FAMILY_F
5779,True,9,1,0.16348953059127502,0.27496964740206753,0.9665744383401476,0.03399369076317767,1.0,True,,False,False,gcd_k_not_2,0.0,False,1.0,True,FAMILY_F
5780,True,1,1,0.1838621726201848,0.33379703256106197,0.9956487007615425,0.0043607867825604454,1.0,True,,False,False,gcd_k_not_2,0.0,False,1.0,True,FAMILY_F
5782,True,4,2,9.17508481594859,13.641917626962144,0.2652711914371486,1.1613775979967036,0.5,False,1.0,True,True,,0.25,False,0.5,False,FAMILY_Q
5783,True,9,1,0.15967008196803845,0.21000609269876613,1.1702236789748555,0.15687201335418444,1.0,True,,False,False,gcd_k_not_2,0.0,False,1.0,True,FAMILY_F
5786,True,7,1,0.18822160801247936,0.29752401798257094,1.0100234948042477,0.009973510090959333,1.0,True,,False,False,gcd_k_not_2,0.0,False,1.0,True,FAMILY_F
5788,True,6,2,8.703917857632835,12.953092649152703,0.2645492475785079,1.16318246020044,0.55,False,1.0,True,True,,0.0,False,0.5,False,FAMILY_Q
5790,True,9,1,0.16647519972411876,0.32372090832642925,1.025961863230957,0.025629172692869552,1.0,True,,False,False,gcd_k_not_2,0.0,False,1.0,True,FAMILY_F
5793,True,1,1,0.13019001717184797,0.2058598410922399,0.9875530368719905,0.012524911684971784,1.0,True,,False,False,gcd_k_not_2,0.0,False,1.0,True,FAMILY_F
5798,True,1,1,0.13783121036415857,0.23427813667278816,1.000113511884504,0.0001135054423954963,1.0,True,,False,False,gcd_k_not_2,0.0,False,1.0,True,FAMILY_F
5799,True,7,1,0.10293806823250712,0.15055182005076737,1.0060384438858765,0.006020267362553073,1.0,True,,False,False,gcd_k_not_2,0.0,False,1.0,True,FAMILY_F
5800,True,9,1,0.19983466230424604,0.37361468513385165,0.9707690094545718,0.029664552674814132,1.0,True,,False,False,gcd_k_not_2,0.0,False,1.0,True,FAMILY_F
5801,True,9,1,0.17150274795789042,0.33196274224589895,1.0500091455537772,0.048789192635790055,1.0,True,,False,False,gcd_k_not_2,0.32,False,1.0,True,FAMILY_F
5807,True,7,1,0.14805290606434213,0.2628627683950005,0.9994441321068792,0.0005560224306292996,1.0,True,,False,False,gcd_k_not_2,0.01,False,1.0,True,FAMILY_F
5808,True,3,1,0.1394061187097051,0.27279588117662334,1.0004604539427233,0.0004603479582070573,1.0,True,,False,False,gcd_k_not_2,0.0,False,1.0,True,FAMILY_F
5809,True,3,1,0.15525259441880904,0.26503429399418993,1.0155132576721388,0.015393853265997539,1.0,True,,False,False,gcd_k_not_2,0.0,False,1.0,True,FAMILY_F
5810,True,9,1,0.17136888415120208,0.25157150369700126,0.9792552601146389,0.020962167238761854,1.0,True,,False,False,gcd_k_not_2,0.0,False,1.0,True,FAMILY_F
5812,True,6,2,8.786040800205535,13.073288613651245,0.259158025689789,1.1767259695690135,0.53,False,1.0,True,True,,0.25,False,0.5,False,FAMILY_Q
5813,True,9,1,0.14558010739328994,0.22670474867934348,0.9773910227031488,0.0228674824931126,1.0,True,,False,False,gcd_k_not_2,0.8,False,1.0,True,FAMILY_F
5814,True,4,2,9.04573423433146,13.453008149330834,0.2740627260486922,1.1395628474316795,0.52,False,1.0,True,True,,0.0,False,0.5,False,FAMILY_Q
5816,True,1,1,0.17519494558907908,0.2866266203980883,0.9967721186772684,0.0032330993532399635,1.0,True,,False,False,gcd_k_not_2,0.0,False,1.0,True,FAMILY_F
5822,True,8,2,9.053040947997857,13.463680561643493,0.26915323205848213,1.1517076890016396,0.65,False,1.0,True,True,,0.0,False,0.5,False,FAMILY_Q
5824,True,3,1,0.12850108951234301,0.2539627516066003,1.013239312776539,0.01315224940474659,1.0,True,,False,False,gcd_k_not_2,0.0,False,1.0,True,FAMILY_F
5828,True,3,1,0.11973724365508326,0.227912562187334,0.9273350112152409,0.0754046269713554,1.0,True,,False,False,gcd_k_not_2,0.0,False,1.0,True,FAMILY_F
5832,True,1,1,0.15014651277236463,0.27358504306810066,0.9899081363574098,0.010143044754883666,1.0,True,,False,False,gcd_k_not_2,0.0,False,1.0,True,FAMILY_F
5833,True,3,1,0.18486411708122003,0.3233836181915847,1.0156114911053453,0.015490575613640884,1.0,True,,False,False,gcd_k_not_2,0.0,False,1.0,True,FAMILY_F
5834,True,3,1,0.11064792009918882,0.18942879414128702,0.9887366911111325,0.011327099197405162,1.0,True,,False,False,gcd_k_not_2,0.0,False,1.0,True,FAMILY_F
5835,True,7,1,0.17868716051366618,0.2531883776656407,0.9840217687523225,0.016106911223787223,1.0,True,,False,False,gcd_k_not_2,0.0,False,1.0,True,FAMILY_F
5836,True,1,1,0.23897292285084168,0.4059295421232306,1.0057044174597798,0.005688193544494918,1.0,True,,False,False,gcd_k_not_2,0.0,False,1.0,True,FAMILY_F
5837,True,3,1,0.14401915212811836,0.23998850032057378,0.9404243716510698,0.06140474137442256,1.0,True,,False,False,gcd_k_not_2,1.0,True,1.0,True,FAMILY_F
5838,True,1,1,0.13479569549132514,0.2273441445972536,1.0044412148578725,0.004431374514704806,1.0,True,,False,False,gcd_k_not_2,0.0,False,1.0,True,FAMILY_F
5839,True,3,1,0.19678381488725105,0.3335417544008651,0.9837416210594074,0.0163916296033652,1.0,True,,False,False,gcd_k_not_2,0.0,False,1.0,True,FAMILY_F
5840,True,7,1,0.20369721859197584,0.37213056112552,1.0176913765152809,0.017536256259205883,1.0,True,,False,False,gcd_k_not_2,0.0,False,1.0,True,FAMILY_F
5841,True,7,1,0.15003588471838616,0.25485597676522515,0.9996237641944595,0.00037630659554797766,1.0,True,,False,False,gcd_k_not_2,0.0,False,1.0,True,FAMILY_F
5842,True,9,1,0.1373695037113948,0.20383323900492273,0.9626765309812026,0.038033235155808615,1.0,True,,False,False,gcd_k_not_2,1.0,True,1.0,True,FAMILY_F
5844,True,3,1,0.20216963969936383,0.2607597205905755,0.9736737148173364,0.026677444184435583,1.0,True,,False,False,gcd_k_not_2,0.9,False,1.0,True,FAMILY_F
5846,True,6,2,9.133766867791968,13.581590490454372,0.257612509895775,1.1806299384947285,0.5,False,1.0,True,True,,0.0,False,0.5,False,FAMILY_Q
5847,True,3,1,0.1339106714356599,0.20856503995516176,0.9820776545104013,0.0180844029484059,1.0,True,,False,False,gcd_k_not_2,0.0,False,1.0,True,FAMILY_F
5848,True,7,1,0.1448238485991717,0.24821822904269678,1.0031866034782644,0.003181534334076694,1.0,True,,False,False,gcd_k_not_2,0.0,False,1.0,True,FAMILY_F
5850,True,1,1,0.13397605237477517,0.23110872584121772,0.9776265855579807,0.022626530817704167,1.0,True,,False,False,gcd_k_not_2,0.0,False,1.0,True,FAMILY_F
5852,True,1,1,0.1588328034778038,0.31884041677741753,1.0816692710712914,0.07846517427743152,1.0,True,,False,False,gcd_k_not_2,0.0,False,1.0,True,FAMILY_F
5853,True,3,1,0.2309564394511077,0.3306056804251324,0.9916860321622812,0.008348673137696003,1.0,True,,False,False,gcd_k_not_2,0.0,False,1.0,True,FAMILY_F
5856,True,3,1,0.09783935119140909,0.18100024367265263,1.0046247917375428,0.004614122060751429,1.0,True,,False,False,gcd_k_not_2,0.0,False,1.0,True,FAMILY_F
5863,True,1,1,0.12831036456104974,0.22607568180219725,1.0285198976420014,0.02811892323575789,1.0,True,,False,False,gcd_k_not_2,0.6,False,1.0,True,FAMILY_F
5867,True,9,1,0.15988651897604386,0.27905551767158726,1.0026536830567854,0.0026501667055433154,1.0,True,,False,False,gcd_k_not_2,0.0,False,1.0,True,FAMILY_F
5868,True,3,1,0.17239406759275985,0.2749257542590014,0.9950016785003017,0.005010844405359706,1.0,True,,False,False,gcd_k_not_2,0.7,False,1.0,True,FAMILY_F
5869,True,9,1,0.13564473436302774,0.23085320528162534,1.0020799785893282,0.0020778176811835623,1.0,True,,False,False,gcd_k_not_2,0.0,False,1.0,True,FAMILY_F
5871,True,9,1,0.18116726671250896,0.3124641817028705,0.9560398314813426,0.04494813225287496,1.0,True,,False,False,gcd_k_not_2,0.0,False,1.0,True,FAMILY_F
5872,True,7,1,0.20465065354824044,0.28744546742942667,0.9902155121939729,0.009832591240574638,1.0,True,,False,False,gcd_k_not_2,0.0,False,1.0,True,FAMILY_F
5875,True,7,1,0.14888968106297049,0.22998028513735172,1.0017499897223774,0.0017484598290119595,1.0,True,,False,False,gcd_k_not_2,0.0,False,1.0,True,FAMILY_F
5877,True,1,1,0.1907665486039725,0.3226361501220577,1.009184391601336,0.009142407874287816,1.0,True,,False,False,gcd_k_not_2,0.0,False,1.0,True,FAMILY_F
5878,True,7,1,0.13536453781399554,0.25097447350960583,1.0005370393942064,0.0005368952272626365,1.0,True,,False,False,gcd_k_not_2,0.8,False,1.0,True,FAMILY_F
5879,True,2,2,8.916989303745844,13.264834915395408,0.28252623525774345,1.1188445819169839,0.41,False,1.0,True,True,,0.0,False,0.5,False,FAMILY_Q
5880,True,4,2,8.754958137986378,13.027803753748588,0.26034882959271816,1.173724532511051,0.5,False,1.0,True,True,,0.25,False,0.5,False,FAMILY_Q
5881,True,8,2,8.910192917644373,13.254895447704568,0.2789916627943367,1.1274637015700428,0.52,False,1.0,True,True,,0.25,False,0.5,False,FAMILY_Q
5882,True,7,1,0.14421901734561807,0.25190161229759334,0.9769984277527654,0.023269186180770268,1.0,True,,False,False,gcd_k_not_2,0.0,False,1.0,True,FAMILY_F
5884,True,3,1,0.09821730667990457,0.19023502305498327,0.9981397982923639,0.0018619334935682198,1.0,True,,False,False,gcd_k_not_2,0.0,False,1.0,True,FAMILY_F
5886,True,7,1,0.21057730029088503,0.32287663912749537,1.0044398522057012,0.004430017893343576,1.0,True,,False,False,gcd_k_not_2,0.0,False,1.0,True,FAMILY_F
5888,True,7,1,0.229897677116944,0.3432407427212917,0.983040121437598,0.017104927307377928,1.0,True,,False,False,gcd_k_not_2,0.7,False,1.0,True,FAMILY_F
5889,True,3,1,0.14114472535389397,0.20956038441630578,1.0143178216653597,0.014216050229374713,1.0,True,,False,False,gcd_k_not_2,0.0,False,1.0,True,FAMILY_F
5892,True,2,2,8.798021006565353,13.090820090214669,0.2599071202846272,1.1748372047428028,0.6,False,1.0,True,True,,0.25,False,0.5,False,FAMILY_Q
5894,True,1,1,0.12659438364948997,0.2235254315514411,0.9566165309264967,0.04434539766763633,1.0,True,,False,False,gcd_k_not_2,0.0,False,1.0,True,FAMILY_F
5895,True,9,1,0.13199281132225857,0.26679129519753103,0.99013339957564,0.009915516644727406,1.0,True,,False,False,gcd_k_not_2,0.0,False,1.0,True,FAMILY_F
5896,True,7,1,0.17490257843528192,0.2867315214026846,0.9658748564067503,0.03471751366272021,1.0,True,,False,False,gcd_k_not_2,0.0,False,1.0,True,FAMILY_F
5900,True,9,1,0.1763008769937307,0.31510986397776763,0.9435675633293182,0.0580709801248312,1.0,True,,False,False,gcd_k_not_2,0.0,False,1.0,True,FAMILY_F
5901,True,9,1,0.11234371091303348,0.20281940210744964,0.9968817394347147,0.0031231299317384725,1.0,True,,False,False,gcd_k_not_2,0.0,False,1.0,True,FAMILY_F
5902,True,1,1,0.15073506022513378,0.2735310919809251,1.0409833596710887,0.04016040549952677,1.0,True,,False,False,gcd_k_not_2,0.0,False,1.0,True,FAMILY_F
5903,True,7,1,0.20919778898926703,0.3144453424765841,1.0075493706814662,0.007520981343441131,1.0,True,,False,False,gcd_k_not_2,0.0,False,1.0,True,FAMILY_F
5904,True,1,1,0.1786402530166295,0.26735376869135574,1.0161627428507771,0.016033172826042347,1.0,True,,False,False,gcd_k_not_2,0.0,False,1.0,True,FAMILY_F
5905,True,3,1,0.10583936555739928,0.1801350274397284,0.9743383138787189,0.025995226796634473,1.0,True,,False,False,gcd_k_not_2,0.0,False,1.0,True,FAMILY_F
5906,True,3,1,0.12578393272940963,0.22960245672538898,1.0047893832420636,0.0047779415454788435,1.0,True,,False,False,gcd_k_not_2,0.0,False,1.0,True,FAMILY_F
5908,True,3,1,0.19534149920449106,0.3099084856292927,0.9663277718615605,0.03424884560986632,1.0,True,,False,False,gcd_k_not_2,0.9,False,1.0,True,FAMILY_F
5910,True,3,1,0.1465707089278863,0.2208085985512224,0.9704602646988615,0.029982573950206433,1.0,True,,False,False,gcd_k_not_2,0.0,False,1.0,True,FAMILY_F
5912,True,1,1,0.13621354359039997,0.2295263980084021,0.9652151631747591,0.03540053779052553,1.0,True,,False,False,gcd_k_not_2,0.16,False,1.0,True,FAMILY_F
5913,True,3,1,0.18538845799420223,0.29297428062608266,1.028039076165522,0.027651416084680493,1.0,True,,False,False,gcd_k_not_2,0.0,False,1.0,True,FAMILY_F
5915,True,7,1,0.2103397858432459,0.3341194814218343,0.9998626323740707,0.00013737706150970764,1.0,True,,False,False,gcd_k_not_2,0.0,False,1.0,True,FAMILY_F
5918,True,2,2,8.907725776826599,13.25128906956532,0.2732279567447039,1.1416212460704267,0.43,False,1.0,True,True,,0.0,False,0.5,False,FAMILY_Q
5920,True,8,2,8.659988641260306,12.888767858696587,0.2667213209632997,1.1577584854718734,0.5,False,1.0,True,True,,0.25,False,0.5,False,FAMILY_Q
5921,True,6,2,8.997757341602744,13.382901188675634,0.26530521506401183,1.1612925896283768,0.51,False,1.0,True,True,,0.0,False,0.5,False,FAMILY_Q
5922,True,9,1,0.1425280577760572,0.22011553909280726,1.0436332578680991,0.04270165177642201,1.0,True,,False,False,gcd_k_not_2,0.0,False,1.0,True,FAMILY_F
5923,True,9,1,0.19696805459867628,0.3323094398473279,1.0364228877488462,0.035771438209584845,1.0,True,,False,False,gcd_k_not_2,0.0,False,1.0,True,FAMILY_F
5926,True,7,1,0.13818504272330415,0.24119826736611852,1.0089963463774836,0.008956060466416813,1.0,True,,False,False,gcd_k_not_2,0.76,False,1.0,True,FAMILY_F
5927,True,3,1,0.1888336117667707,0.30271028706826286,1.0306611403046444,0.030198184912372382,1.0,True,,False,False,gcd_k_not_2,0.0,False,1.0,True,FAMILY_F
5928,True,1,1,0.2132574244925175,0.3405827147458576,1.004410428660052,0.004400724120159553,1.0,True,,False,False,gcd_k_not_2,0.0,False,1.0,True,FAMILY_F
5930,True,7,1,0.18630680132757146,0.30188271392372856,1.007100057491765,0.007074941246962825,1.0,True,,False,False,gcd_k_not_2,0.0,False,1.0,True,FAMILY_F
5935,True,9,1,0.14252226243336524,0.27022552492623697,0.996644504390279,0.0033611347461632852,1.0,True,,False,False,gcd_k_not_2,0.0,False,1.0,True,FAMILY_F
5939,True,9,1,0.159055328192998,0.2675106397685896,0.9845564075511509,0.015563772730356178,1.0,True,,False,False,gcd_k_not_2,0.0,False,1.0,True,FAMILY_F
5940,True,1,1,0.1452966629214841,0.24885990844430922,0.9722627208495949,0.02812736747207457,1.0,True,,False,False,gcd_k_not_2,1.0,True,1.0,True,FAMILY_F
5943,True,9,1,0.13378982849906676,0.2639676648493306,0.97786390296559,0.022383842489080593,1.0,True,,False,False,gcd_k_not_2,0.0,False,1.0,True,FAMILY_F
5944,True,7,1,0.12931135960035237,0.18744693105987192,0.9956744608877144,0.004334914533467047,1.0,True,,False,False,gcd_k_not_2,0.21,False,1.0,True,FAMILY_F
5945,True,1,1,0.1397616964470053,0.27569327654459813,0.9845295964869917,0.015591003067320338,1.0,True,,False,False,gcd_k_not_2,0.0,False,1.0,True,FAMILY_F
5947,True,1,1,0.1940419267928581,0.32262899768393916,0.9870969438774987,0.012986841092234913,1.0,True,,False,False,gcd_k_not_2,0.3,False,1.0,True,FAMILY_F
5950,True,1,1,0.11041967035540162,0.17009955950694441,0.997698292223126,0.0023043597582621035,1.0,True,,False,False,gcd_k_not_2,1.0,True,1.0,True,FAMILY_F
5951,True,3,1,0.13649803479417463,0.22807724929591774,0.9555279666624281,0.04548340304585253,1.0,True,,False,False,gcd_k_not_2,0.0,False,1.0,True,FAMILY_F
5952,True,1,1,0.15312127725021066,0.2762409088113067,0.9784689812170838,0.021765333687133265,1.0,True,,False,False,gcd_k_not_2,0.0,False,1.0,True,FAMILY_F
5953,True,3,1,0.187336007674302,0.35568654569277236,0.9713833939565096,0.029032004764996674,1.0,True,,False,False,gcd_k_not_2,0.02,False,1.0,True,FAMILY_F
5954,True,3,1,0.19527611437132966,0.33132637505691387,1.0559792904775622,0.05445511123272012,1.0,True,,False,False,gcd_k_not_2,0.0,False,1.0,True,FAMILY_F
5955,True,7,1,0.32747962614074777,0.5432284841932546,1.002705483848563,0.0027018289712412874,1.0,True,,False,False,gcd_k_not_2,0.0,False,1.0,True,FAMILY_F
5956,True,7,1,0.17822346797261077,0.29087860703551377,1.0585555704541638,0.05688995846854421,1.0,True,,False,False,gcd_k_not_2,0.0,False,1.0,True,FAMILY_F
5959,True,9,1,0.19230137986728774,0.3069280240665737,0.9813387487081858,0.018837012402832295,1.0,True,,False,False,gcd_k_not_2,0.3,False,1.0,True,FAMILY_F
5960,True,9,1,0.20832074341063078,0.3206167577564218,0.9933764761225805,0.006645532298347611,1.0,True,,False,False,gcd_k_not_2,0.0,False,1.0,True,FAMILY_F
5961,True,1,1,0.13167858502038265,0.1890690612012303,0.9894067402609722,0.010649667083804276,1.0,True,,False,False,gcd_k_not_2,0.62,False,1.0,True,FAMILY_F
5963,True,7,1,0.17451601745290615,0.26500031352633263,0.9767465881216815,0.023526952840641116,1.0,True,,False,False,gcd_k_not_2,0.0,False,1.0,True,FAMILY_F
5964,True,9,1,0.09238434408223711,0.14990133767541283,0.9884056869102261,0.011661919060179491,1.0,True,,False,False,gcd_k_not_2,0.0,False,1.0,True,FAMILY_F
5966,True,9,1,0.21371109395785964,0.3317934722268143,1.005703718220053,0.005687498276280448,1.0,True,,False,False,gcd_k_not_2,0.0,False,1.0,True,FAMILY_F
5969,True,9,1,0.13642853282582715,0.24682106400112833,0.9877647786863127,0.012310532357629711,1.0,True,,False,False,gcd_k_not_2,0.0,False,1.0,True,FAMILY_F
5970,True,1,1,0.15482450712013357,0.27098763528752623,0.995196295313359,0.0048152702547861834,1.0,True,,False,False,gcd_k_not_2,0.0,False,1.0,True,FAMILY_F
5971,True,7,1,0.154171211395344,0.25900619364234345,0.9602279102087674,0.0405790465323971,1.0,True,,False,False,gcd_k_not_2,0.5,False,1.0,True,FAMILY_F
5973,True,7,1,0.23408069691715802,0.3941356528356752,1.0653109746138927,0.06324565686879428,1.0,True,,False,False,gcd_k_not_2,0.0,False,1.0,True,FAMILY_F
5974,True,4,2,8.898082197209899,13.237185915313225,0.2651285239270235,1.1617341039658136,0.55,False,1.0,True,True,,0.0,False,0.5,False,FAMILY_Q
5975,True,1,1,0.14665742433517578,0.2272960597482416,1.0030786875428446,0.0030739556683329027,1.0,True,,False,False,gcd_k_not_2,0.1,False,1.0,True,FAMILY_F
5977,True,8,2,8.837598596145014,13.148725988894856,0.26354259383201456,1.1657025410350288,0.52,False,1.0,True,True,,0.0,False,0.5,False,FAMILY_Q
5978,True,9,1,0.10395552290111483,0.16518586326167764,0.9543804747706928,0.046684384968244036,1.0,True,,False,False,gcd_k_not_2,0.0,False,1.0,True,FAMILY_F
5980,True,7,1,0.09847533413916323,0.15537357765343368,1.0028959994533821,0.002891812110236866,1.0,True,,False,False,gcd_k_not_2,0.0,False,1.0,True,FAMILY_F
5981,True,7,1,0.15414140850890024,0.2516210024445991,0.9906723432162649,0.009371363213561018,1.0,True,,False,False,gcd_k_not_2,0.0,False,1.0,True,FAMILY_F
5983,True,9,1,0.16152050453543038,0.27494870625898066,1.0006877668044598,0.000687530374175617,1.0,True,,False,False,gcd_k_not_2,0.0,False,1.0,True,FAMILY_F
5985,True,8,2,8.89940332769194,13.23911999096416,0.2759151157205937,1.1350047904565619,0.45,False,1.0,True,True,,0.0,False,0.5,False,FAMILY_Q
5986,True,9,1,0.15906062902775914,0.22461499455159525,1.0088260110434597,0.00878723293599243,1.0,True,,False,False,gcd_k_not_2,1.0,True,1.0,True,FAMILY_F
5988,True,7,1,0.1860840147312207,0.3402466415995965,0.993960025387317,0.0060582705127298275,1.0,True,,False,False,gcd_k_not_2,0.0,False,1.0,True,FAMILY_F
5990,True,1,1,0.211420024224555,0.3726471448929985,0.9660000659544472,0.03458792767542118,1.0,True,,False,False,gcd_k_not_2,0.0,False,1.0,True,FAMILY_F
5993,True,9,1,0.14394485586593958,0.24676482043092995,1.022706945049115,0.022452036469933274,1.0,True,,False,False,gcd_k_not_2,0.0,False,1.0,True,FAMILY_F
5996,True,1,1,0.144578299335697,0.23645571034659674,0.9770812554621447,0.02318442347732241,1.0,True,,False,False,gcd_k_not_2,0.0,False,1.0,True,FAMILY_F
5997,True,3,1,0.15732316908815788,0.23859245373429788,1.0317830714682732,0.031285890619518725,1.0,True,,False,False,gcd_k_not_2,0.0,False,1.0,True,FAMILY_F
5998,True,7,1,0.12399235095910437,0.1952917412990151,1.006918570964872,0.006894720159518813,1.0,True,,False,False,gcd_k_not_2,0.0,False,1.0,True,FAMILY_F
6000,True,3,1,0.15050875933367072,0.21592472606463445,0.972642295375985,0.0277371165447921,1.0,True,,False,False,gcd_k_not_2,0.0,False,1.0,True,FAMILY_F
6001,True,1,1,0.11514894689111416,0.24440894668087249,0.9464574426945803,0.05501538963143006,1.0,True,,False,False,gcd_k_not_2,0.0,False,1.0,True,FAMILY_F
6003,True,9,1,0.12026486621963298,0.20258980637515606,0.9899667039293303,0.010083883364337957,1.0,True,,False,False,gcd_k_not_2,0.2,False,1.0,True,FAMILY_F
6004,True,6,2,9.049556186687395,13.45859160863988,0.2556969701606584,1.1854819236270242,0.47,False,1.0,True,True,,0.0,False,0.5,False,FAMILY_Q
6005,True,9,1,0.1481066465538516,0.2413450745901799,1.0203720155037797,0.02016659837638861,1.0,True,,False,False,gcd_k_not_2,0.0,False,1.0,True,FAMILY_F
6006,True,9,1,0.17968879359531942,0.3010362395350464,0.950620830303668,0.05062918321101368,1.0,True,,False,False,gcd_k_not_2,0.15,False,1.0,True,FAMILY_F
6007,True,7,1,0.16167202035117284,0.2517692628818765,0.9651427033523047,0.035475588198488436,1.0,True,,False,False,gcd_k_not_2,0.0,False,1.0,True,FAMILY_F
6008,True,7,1,0.15217727328677233,0.24068380922311347,0.962948736050025,0.037750618005982166,1.0,True,,False,False,gcd_k_not_2,0.7,False,1.0,True,FAMILY_F
6010,True,1,1,0.1623716692969623,0.25320198334779176,1.0550935986416212,0.053616632038596276,1.0,True,,False,False,gcd_k_not_2,0.0,False,1.0,True,FAMILY_F
6011,True,4,2,8.664215311847661,12.894955950965578,0.26822672793964525,1.15401017174459,0.45,False,1.0,True,True,,0.25,False,0.5,False,FAMILY_Q
6012,True,3,1,0.08785979317158113,0.14235733035777756,1.0143818636681186,0.014279183036258709,1.0,True,,False,False,gcd_k_not_2,0.0,False,1.0,True,FAMILY_F
6013,True,7,1,0.19212168451903178,0.3216370070199003,0.9869562342771554,0.013129394093161616,1.0,True,,False,False,gcd_k_not_2,0.0,False,1.0,True,FAMILY_F
6014,True,3,1,0.18483426046258325,0.2596676390040927,1.0267646986619532,0.026411254034198358,1.0,True,,False,False,gcd_k_not_2,0.0,False,1.0,True,FAMILY_F
6015,True,7,1,0.16082510837289574,0.3269243852562651,0.9597808892595475,0.04104449733219738,1.0,True,,False,False,gcd_k_not_2,0.0,False,1.0,True,FAMILY_F
6020,True,8,2,9.04742312263092,13.455473585825091,0.2707913482585227,1.1476449737256649,0.62,False,1.0,True,True,,0.25,False,0.5,False,FAMILY_Q
6022,True,8,2,8.98458507346334,13.363649150164864,0.2657500593360413,1.1601815623048282,0.53,False,1.0,True,True,,0.25,False,0.5,False,FAMILY_Q
6023,True,7,1,0.12557325387031448,0.1914959628065686,1.0216835404931648,0.021450973961904436,1.0,True,,False,False,gcd_k_not_2,0.0,False,1.0,True,FAMILY_F
6024,True,9,1,0.18618981583342642,0.3209057176379735,1.0253637055018858,0.02504607486841545,1.0,True,,False,False,gcd_k_not_2,0.0,False,1.0,True,FAMILY_F
6025,True,2,2,8.824380262150532,13.129385232864175,0.258564392602757,1.1782243511020158,0.49,False,1.0,True,True,,0.0,False,0.5,False,FAMILY_Q
6026,True,3,1,0.16180323312107955,0.24177643736458793,0.8930510813884593,0.11299105413795697,1.0,True,,False,False,gcd_k_not_2,0.58,False,1.0,True,FAMILY_F
6027,True,7,1,0.06698097283773459,0.13788277290174028,1.0008607700642294,0.0008603997610506109,1.0,True,,False,False,gcd_k_not_2,0.0,False,1.0,True,FAMILY_F
6030,True,3,1,0.20131120027666025,0.30325869740340433,1.0184301029137242,0.018261819309094932,1.0,True,,False,False,gcd_k_not_2,0.0,False,1.0,True,FAMILY_F
6031,True,8,2,8.807071816554906,13.104062772982113,0.25967132498987855,1.175431496015153,0.47,False,1.0,True,True,,0.0,False,0.5,False,FAMILY_Q
6033,True,7,1,0.20551075014191647,0.30027059803855843,0.949780838540227,0.05151262179535146,1.0,True,,False,False,gcd_k_not_2,0.0,False,1.0,True,FAMILY_F
6034,True,7,1,0.17219977785237764,0.28371559257246953,1.0339819300393414,0.03341419069409728,1.0,True,,False,False,gcd_k_not_2,0.0,False,1.0,True,FAMILY_F
6035,True,6,2,8.833421319654994,13.142614941603092,0.27235047083261016,1.1437878883971728,0.53,False,1.0,True,True,,0.28,False,0.5,False,FAMILY_Q
6036,True,7,1,0.1669118848779134,0.26338623423378194,1.059018306537006,0.057326645760879064,1.0,True,,False,False,gcd_k_not_2,0.83,False,1.0,True,FAMILY_F
6038,True,1,1,0.2145333576354676,0.2916463056083156,0.990785135749234,0.00925751763491846,1.0,True,,False,False,gcd_k_not_2,0.0,False,1.0,True,FAMILY_F
6040,True,7,1,0.11182502944940384,0.21386913545152847,0.9345167341802898,0.06769987011506243,1.0,True,,False,False,gcd_k_not_2,0.0,False,1.0,True,FAMILY_F
6041,True,9,1,0.15793930353889168,0.27013944418732533,0.9970990407548259,0.0029051731396131588,1.0,True,,False,False,gcd_k_not_2,0.22,False,1.0,True,FAMILY_F
6042,True,3,1,0.14274900466034932,0.22927278912996454,0.9312682108272469,0.07117788071840342,1.0,True,,False,False,gcd_k_not_2,1.0,True,1.0,True,FAMILY_F
6043,True,8,2,8.838833396424999,13.150531231520665,0.26447631649018893,1.163364902794552,0.46,False,1.0,True,True,,0.25,False,0.5,False,FAMILY_Q
6045,True,7,1,0.18923430885455617,0.3215549640851846,1.042276045442078,0.041400912023062834,1.0,True,,False,False,gcd_k_not_2,0.0,False,1.0,True,FAMILY_F
6047,True,9,1,0.1766003100374785,0.2528584084356014,0.965641918032098,0.03495863784010022,1.0,True,,False,False,gcd_k_not_2,0.0,False,1.0,True,FAMILY_F
6049,True,9,1,0.17578865434032692,0.2750591596816483,1.0384604670083173,0.037734817653601635,1.0,True,,False,False,gcd_k_not_2,0.5,False,1.0,True,FAMILY_F
6053,True,7,1,0.2190907232991432,0.36364573086982416,1.0054869083388271,0.005471896441719506,1.0,True,,False,False,gcd_k_not_2,0.0,False,1.0,True,FAMILY_F
6055,True,9,1,0.15243167118746276,0.24697265909746322,1.0267812856583234,0.026427405707591698,1.0,True,,False,False,gcd_k_not_2,0.0,False,1.0,True,FAMILY_F
6056,True,4,2,8.676050420771922,12.912290090319464,0.2653783215546258,1.161109947802533,0.44,False,1.0,True,True,,0.0,False,0.5,False,FAMILY_Q
6057,True,2,2,9.052518533789883,13.462917584154253,0.26289241761513077,1.1673323429668487,0.46,False,1.0,True,True,,0.0,False,0.5,False,FAMILY_Q
6058,True,3,1,0.13574986279090967,0.23887901347497287,1.0258314202193113,0.02550204322185401,1.0,True,,False,False,gcd_k_not_2,0.0,False,1.0,True,FAMILY_F
6061,True,7,1,0.11526633631357436,0.19370097412358372,0.9893195016451571,0.010737841101954805,1.0,True,,False,False,gcd_k_not_2,0.0,False,1.0,True,FAMILY_F
6062,True,7,1,0.16060381269225815,0.24600406015325704,0.9906591700163128,0.009384660241572874,1.0,True,,False,False,gcd_k_not_2,0.0,False,1.0,True,FAMILY_F
6063,True,3,1,0.16997730379072368,0.2700606612219774,0.9624548603021699,0.038263442851418306,1.0,True,,False,False,gcd_k_not_2,0.0,False,1.0,True,FAMILY_F
6064,True,3,1,0.16031139844420841,0.2410295608146192,0.9926825062209192,0.007344364951502757,1.0,True,,False,False,gcd_k_not_2,1.0,True,1.0,True,FAMILY_F
6065,True,3,1,0.2226189940733661,0.4164928134117992,0.988914611319148,0.011147174059422858,1.0,True,,False,False,gcd_k_not_2,0.0,False,1.0,True,FAMILY_F
6066,True,3,1,0.16981514601104888,0.2826395714168528,0.9712920496763565,0.02912602455669291,1.0,True,,False,False,gcd_k_not_2,0.6,False,1.0,True,FAMILY_F
6069,True,9,1,0.17669633237329765,0.31640575066980375,1.039835974196563,0.03905801711557055,1.0,True,,False,False,gcd_k_not_2,0.82,False,1.0,True,FAMILY_F
6071,True,2,2,9.078301410600751,13.50058237606211,0.27108943762296495,1.1469068041980648,0.51,False,1.0,True,True,,0.0,False,0.5,False,FAMILY_Q
6072,True,1,1,0.1779238026749921,0.201382484455558,0.9924607832562194,0.007567744175581159,1.0,True,,False,False,gcd_k_not_2,0.0,False,1.0,True,FAMILY_F
6074,True,9,1,0.12585572060239583,0.20062019011934942,1.126299211741414,0.11879721446914926,1.0,True,,False,False,gcd_k_not_2,0.48,False,1.0,True,FAMILY_F
6075,True,1,1,0.14326562135517998,0.2238329197436086,1.0189176724253537,0.018740409957011872,1.0,True,,False,False,gcd_k_not_2,0.0,False,1.0,True,FAMILY_F
6078,True,3,1,0.13569543144011775,0.25535904117119906,0.9983223576973627,0.0016790507259003698,1.0,True,,False,False,gcd_k_not_2,0.0,False,1.0,True,FAMILY_F
6080,True,3,1,0.09970631732545868,0.18349479021484905,1.0192023082216262,0.01901969717788044,1.0,True,,False,False,gcd_k_not_2,0.0,False,1.0,True,FAMILY_F
6082,True,7,1,0.18044093218890056,0.32695033114296046,1.0234902312320606,0.023217538557384447,1.0,True,,False,False,gcd_k_not_2,0.0,False,1.0,True,FAMILY_F
6084,True,9,1,0.13574561566746274,0.1926699743376319,0.9782807816351353,0.0219576700804957,1.0,True,,False,False,gcd_k_not_2,0.0,False,1.0,True,FAMILY_F
6085,True,3,1,0.11266364453211451,0.18742613033232444,1.0346242802398269,0.034035060503402166,1.0,True,,False,False,gcd_k_not_2,0.98,False,1.0,True,FAMILY_F
6086,True,6,2,9.076680536208162,13.49821603774385,0.2687236600821365,1.152774812870631,0.48,False,1.0,True,True,,0.0,False,0.5,False,FAMILY_Q
6087,True,6,2,9.128757123205105,13.574273645085336,0.2585055794513741,1.178372877570982,0.41,False,1.0,True,True,,0.0,False,0.5,False,FAMILY_Q
6089,True,3,1,0.196924652092653,0.253357516417081,0.9938680196262377,0.006150838785118486,1.0,True,,False,False,gcd_k_not_2,1.0,True,1.0,True,FAMILY_F
6093,True,9,1,0.18206604605051677,0.31845692465471653,0.9658170792688059,0.034777315846608314,1.0,True,,False,False,gcd_k_not_2,0.0,False,1.0,True,FAMILY_F
6094,True,8,2,8.734541473960164,12.997919950901425,0.270242015304079,1.149006214412183,0.44,False,1.0,True,True,,0.0,False,0.5,False,FAMILY_Q
6095,True,2,2,8.853939594694403,13.17262681200327,0.2648111031527872,1.1625275822051397,0.43,False,1.0,True,True,,0.0,False,0.5,False,FAMILY_Q
6096,True,7,1,0.13192066083290493,0.20021472155001993,1.0559978829075776,0.054472704834098225,1.0,True,,False,False,gcd_k_not_2,0.4,False,1.0,True,FAMILY_F
6099,True,9,1,0.15060778260406466,0.22946933248376802,0.9946723296421223,0.005341900299818758,1.0,True,,False,False,gcd_k_not_2,0.0,False,1.0,True,FAMILY_F
6100,True,3,1,0.18675342691099994,0.3246810491203718,1.0107257232693092,0.010668509528857997,1.0,True,,False,False,gcd_k_not_2,0.0,False,1.0,True,FAMILY_F
6102,True,9,1,0.13856796980692476,0.22731843464839613,0.9930698335995475,0.00695426350208355,1.0,True,,False,False,gcd_k_not_2,0.0,False,1.0,True,FAMILY_F
6103,True,2,2,8.912191475422807,13.257818814881604,0.28605662942250765,1.1102829443802678,0.43,False,1.0,True,True,,0.29,False,0.5,False,FAMILY_Q
6106,True,6,2,8.706231151047364,12.956476372872952,0.2575378817532061,1.1808186918579098,0.48,False,1.0,True,True,,0.0,False,0.5,False,FAMILY_Q
6107,True,8,2,8.89833347953295,13.237554661166572,0.2740099421084899,1.1396929237302413,0.5,False,1.0,True,True,,0.0,False,0.5,False,FAMILY_Q
6108,True,7,1,0.20679832084925182,0.3583450235413153,1.041536326926456,0.04069124450897144,1.0,True,,False,False,gcd_k_not_2,0.3,False,1.0,True,FAMILY_F
6109,True,1,1,0.10046858595697197,0.16530723382244328,0.9789255417120111,0.02129888956787833,1.0,True,,False,False,gcd_k_not_2,0.0,False,1.0,True,FAMILY_F
6111,True,8,2,9.192246286124304,13.666966162443547,0.2614196593206063,1.1710303311384715,0.48,False,1.0,True,True,,0.0,False,0.5,False,FAMILY_Q
6112,True,1,1,0.08493997193959571,0.15163067315448095,0.9909237285228392,0.0091176486041431,1.0,True,,False,False,gcd_k_not_2,1.0,True,1.0,True,FAMILY_F
6113,True,9,1,0.20117885256435447,0.361217570284483,0.973337370547243,0.027022879970456257,1.0,True,,False,False,gcd_k_not_2,0.0,False,1.0,True,FAMILY_F
6114,True,7,1,0.09973381596357492,0.16095869609341384,1.011507441391472,0.011441609565721121,1.0,True,,False,False,gcd_k_not_2,0.0,False,1.0,True,FAMILY_F
6117,True,1,1,0.21948765374427842,0.34720322733157466,0.987287465173695,0.01279385599626252,1.0,True,,False,False,gcd_k_not_2,0.1,False,1.0,True,FAMILY_F
6118,True,4,2,8.92301573965716,13.273646147419186,0.2792094467832259,1.1269312543451204,0.52,False,1.0,True,True,,0.0,False,0.5,False,FAMILY_Q
6119,True,7,1,0.1422266154755207,0.26887431876310747,0.9428081083917011,0.058875491986332684,1.0,True,,False,False,gcd_k_not_2,0.04,False,1.0,True,FAMILY_F
6120,True,7,1,0.22340964157457166,0.3481398835529049,0.9995031822826761,0.0004969411619107687,1.0,True,,False,False,gcd_k_not_2,0.0,False,1.0,True,FAMILY_F
6122,True,7,1,0.1362910214137616,0.21838883343426344,1.0137424173443224,0.013648634727022962,1.0,True,,False,False,gcd_k_not_2,0.0,False,1.0,True,FAMILY_F
6123,True,7,1,0.17170044836556,0.3032862625415628,1.0287717253205417,0.028363689183410486,1.0,True,,False,False,gcd_k_not_2,0.0,False,1.0,True,FAMILY_F
6124,True,1,1,0.15156864205803558,0.2563021326969694,0.9986068456523585,0.0013941254636169636,1.0,True,,False,False,gcd_k_not_2,0.0,False,1.0,True,FAMILY_F
6125,True,4,2,8.904308961827535,13.246291600225307,0.26895776726945425,1.1521931644795458,0.49,False,1.0,True,True,,0.0,False,0.5,False,FAMILY_Q
6128,True,9,1,0.09417477424341428,0.16209509649435544,0.98704340274988,0.013041081268974124,1.0,True,,False,False,gcd_k_not_2,0.0,False,1.0,True,FAMILY_F
6129,True,9,1,0.16954336836845926,0.2620916400354375,0.9905927551655342,0.0094517020722136,1.0,True,,False,False,gcd_k_not_2,0.26,False,1.0,True,FAMILY_F
6131,True,4,2,8.915522554589385,13.262690035988774,0.254782504412263,1.1878034527374848,0.41,False,1.0,True,True,,0.0,False,0.5,False,FAMILY_Q
6132,True,3,1,0.15386303551807406,0.24401376772520555,1.0193135787395295,0.01912885541193194,1.0,True,,False,False,gcd_k_not_2,0.0,False,1.0,True,FAMILY_F
6133,True,7,1,0.17879181954278897,0.3251463780479223,1.0446922960956293,0.04371542474236326,1.0,True,,False,False,gcd_k_not_2,0.0,False,1.0,True,FAMILY_F
6134,True,1,1,0.10383625573168202,0.17781703217395484,0.9860142003844728,0.014084289641856148,1.0,True,,False,False,gcd_k_not_2,0.0,False,1.0,True,FAMILY_F
6136,True,7,1,0.15549013313454957,0.2538388318320391,0.9825165414262576,0.017637642065941643,1.0,True,,False,False,gcd_k_not_2,0.5,False,1.0,True,FAMILY_F
6139,True,6,2,8.870320397282065,13.196587551879633,0.2815340505971529,1.121259242496234,0.6,False,1.0,True,True,,0.0,False,0.5,False,FAMILY_Q
6143,True,3,1,0.2001226753123513,0.365967438472838,0.9929367927020465,0.007088240152741774,1.0,True,,False,False,gcd_k_not_2,0.0,False,1.0,True,FAMILY_F
6144,True,9,1,0.1856273680415731,0.2883810306890498,0.9495014371291733,0.051806643390004986,1.0,True,,False,False,gcd_k_not_2,0.9,False,1.0,True,FAMILY_F
6145,True,4,2,8.6702551500808,12.903800812340886,0.250646551693245,1.1983456833462798,0.46,False,1.0,True,True,,0.0,False,0.5,False,FAMILY_Q
6146,True,8,2,8.722777518543403,12.980698095675123,0.26262866737739515,1.167993966356234,0.42,False,1.0,True,True,,0.0,False,0.5,False,FAMILY_Q
6148,True,9,1,0.17734334436854435,0.33486092940606654,0.9925170827808499,0.007511019387303408,1.0,True,,False,False,gcd_k_not_2,0.0,False,1.0,True,FAMILY_F
6149,True,8,2,9.098936033787048,13.530721942713354,0.26825700659039015,1.1539348722020366,0.45,False,1.0,True,True,,0.25,False,0.5,False,FAMILY_Q
6150,True,3,1,0.1433184510683102,0.2516922391706521,0.9957203802205967,0.004288796989616629,1.0,True,,False,False,gcd_k_not_2,0.0,False,1.0,True,FAMILY_F
6156,True,3,1,0.17761263074201505,0.3298814317747673,1.0598062619621624,0.05806979332628223,1.0,True,,False,False,gcd_k_not_2,0.0,False,1.0,True,FAMILY_F
6157,True,1,1,0.1576289368048358,0.24193311002909487,1.0155732806416276,0.015452954046572768,1.0,True,,False,False,gcd_k_not_2,1.0,True,1.0,True,FAMILY_F
6158,True,9,1,0.12391331976062933,0.22344539542427577,0.9919232706581372,0.00810947837282327,1.0,True,,False,False,gcd_k_not_2,0.0,False,1.0,True,FAMILY_F
6162,True,9,1,0.17129855356772034,0.26937495832367975,1.0056159413653722,0.005600216122683104,1.0,True,,False,False,gcd_k_not_2,0.0,False,1.0,True,FAMILY_F
6163,True,3,1,0.19534033979795826,0.34154474202395274,1.0066960245875722,0.0066736810214676435,1.0,True,,False,False,gcd_k_not_2,0.0,False,1.0,True,FAMILY_F
6164,True,7,1,0.12152774124610331,0.19894695617284788,1.0161350040892483,0.016005876646675264,1.0,True,,False,False,gcd_k_not_2,0.0,False,1.0,True,FAMILY_F
6167,True,1,1,0.18888573815919443,0.3338397521620042,0.9942545252666752,0.005762027525103823,1.0,True,,False,False,gcd_k_not_2,0.0,False,1.0,True,FAMILY_F
6168,True,1,1,0.10502887354752956,0.16636369632456274,1.0163032084228558,0.016171385687183584,1.0,True,,False,False,gcd_k_not_2,1.0,True,1.0,True,FAMILY_F
6170,True,2,2,8.816381172536222,13.11768278050427,0.2578475292361795,1.1800356617379346,0.61,False,1.0,True,True,,0.0,False,0.5,False,FAMILY_Q
6171,True,6,2,8.922572901891025,13.27299639154365,0.2607513502610326,1.1727112560076332,0.48,False,1.0,True,True,,0.0,False,0.5,False,FAMILY_Q
6172,True,4,2,8.715964589617954,12.970724780161715,0.2575666555817562,1.1807459129469215,0.5,False,1.0,True,True,,0.0,False,0.5,False,FAMILY_Q
6173,True,1,1,0.14886187633627176,0.20707768055103074,0.9957376813054638,0.004271421774978021,1.0,True,,False,False,gcd_k_not_2,0.0,False,1.0,True,FAMILY_F
6174,True,7,1,0.09962849042631759,0.13883341485510503,0.9906433507449913,0.0094006284465844,1.0,True,,False,False,gcd_k_not_2,1.0,True,1.0,True,FAMILY_F
6175,True,9,1,0.15074321235682786,0.2520559701925852,0.9831543098688085,0.01698878402690297,1.0,True,,False,False,gcd_k_not_2,0.0,False,1.0,True,FAMILY_F
6178,True,3,1,0.26095488996847777,0.431720638576815,0.9902128561315509,0.009835273486749292,1.0,True,,False,False,gcd_k_not_2,0.4,False,1.0,True,FAMILY_F
6180,True,3,1,0.10493686202119255,0.1950275412978562,1.001316570243948,0.00131570413549058,1.0,True,,False,False,gcd_k_not_2,0.0,False,1.0,True,FAMILY_F
6181,True,7,1,0.16109794560241494,0.2818392911304169,0.9611799320872643,0.03958848168655272,1.0,True,,False,False,gcd_k_not_2,0.0,False,1.0,True,FAMILY_F
6184,True,1,1,0.14807209242598984,0.22758410227315726,1.0041559246025642,0.004147306655681743,1.0,True,,False,False,gcd_k_not_2,0.0,False,1.0,True,FAMILY_F
6185,True,1,1,0.22603531270584595,0.3426320812947304,0.9799526911705149,0.02025029074571827,1.0,True,,False,False,gcd_k_not_2,0.0,False,1.0,True,FAMILY_F
6186,True,9,1,0.12370550683608873,0.19617535666974167,0.9838846532191148,0.016246253787724912,1.0,True,,False,False,gcd_k_not_2,0.0,False,1.0,True,FAMILY_F
6188,True,2,2,8.66719612808975,12.899322159708705,0.27529107515834367,1.136538848202438,0.58,False,1.0,True,True,,0.0,False,0.5,False,FAMILY_Q
6190,True,1,1,0.14638682350463333,0.26622416721740644,1.0407190938076,0.03990661324349721,1.0,True,,False,False,gcd_k_not_2,0.0,False,1.0,True,FAMILY_F
6191,True,2,2,9.102924234119714,13.536547719432118,0.28145068824766767,1.1214622901095312,0.5,False,1.0,True,True,,0.0,False,0.5,False,FAMILY_Q
6192,True,1,1,0.10317247995026048,0.1747464342141522,0.9923052530590923,0.007724465845876508,1.0,True,,False,False,gcd_k_not_2,0.0,False,1.0,True,FAMILY_F
6193,True,1,1,0.16138091694756265,0.23411232873492316,1.003095375022228,0.003090591751971607,1.0,True,,False,False,gcd_k_not_2,0.0,False,1.0,True,FAMILY_F
6194,True,7,1,0.20007468868433795,0.2957280925771848,1.0045648829003067,0.004554487549140348,1.0,True,,False,False,gcd_k_not_2,0.0,False,1.0,True,FAMILY_F
6195,True,9,1,0.1582233693985028,0.25955352509416835,0.9605372774674362,0.040257048908083556,1.0,True,,False,False,gcd_k_not_2,0.96,False,1.0,True,FAMILY_F
6199,True,3,1,0.12448953955935406,0.22198935420916777,0.9894377111652704,0.010618365958834726,1.0,True,,False,False,gcd_k_not_2,0.7,False,1.0,True,FAMILY_F
6200,True,3,1,0.2833509664484991,0.4370910948520509,0.985959056175049,0.01414021480583174,1.0,True,,False,False,gcd_k_not_2,1.0,True,1.0,True,FAMILY_F
6202,True,9,1,0.17944476780337568,0.3016149712394277,0.9854805103270493,0.014625668292819475,1.0,True,,False,False,gcd_k_not_2,0.0,False,1.0,True,FAMILY_F
6204,True,1,1,0.18308834952385397,0.3355097725319805,0.9512543462371322,0.04996340313795645,1.0,True,,False,False,gcd_k_not_2,0.0,False,1.0,True,FAMILY_F
6205,True,9,1,0.12224966988565115,0.21568500386152012,1.0033410667951945,0.0033354947398341957,1.0,True,,False,False,gcd_k_not_2,0.0,False,1.0,True,FAMILY_F
6208,True,3,1,0.15487053058659903,0.2340744330523311,0.9979141312704695,0.0020880464249022745,1.0,True,,False,False,gcd_k_not_2,0.0,False,1.0,True,FAMILY_F
6209,True,9,1,0.1455545897259111,0.24730996303027433,0.9939566634606259,0.006061652843432953,1.0,True,,False,False,gcd_k_not_2,0.0,False,1.0,True,FAMILY_F
6211,True,9,1,0.10259387375687304,0.17211538612901842,0.9837570793495519,0.016375917010739913,1.0,True,,False,False,gcd_k_not_2,0.0,False,1.0,True,FAMILY_F
6213,True,7,1,0.13530786775003537,0.20767217136655172,0.9589277675031471,0.04193338128970795,1.0,True,,False,False,gcd_k_not_2,0.0,False,1.0,True,FAMILY_F
6218,True,7,1,0.19594231457286723,0.2719007358510929,1.002251871864287,0.002249339252399107,1.0,True,,False,False,gcd_k_not_2,0.0,False,1.0,True,FAMILY_F
6220,True,9,1,0.15832041116955356,0.2544464437356635,1.0156685738740265,0.015546775970131172,1.0,True,,False,False,gcd_k_not_2,0.0,False,1.0,True,FAMILY_F
6221,True,9,1,0.1133206411919716,0.20121574793601812,1.011775308907487,0.011706385753269488,1.0,True,,False,False,gcd_k_not_2,0.0,False,1.0,True,FAMILY_F
6223,True,1,1,0.1333263123654198,0.24685978877060466,0.9597491050355986,0.0410776000468389,1.0,True,,False,False,gcd_k_not_2,0.0,False,1.0,True,FAMILY_F
6224,True,8,2,8.74476122247709,13.01287744708128,0.275954918103413,1.1349069965149112,0.44,False,1.0,True,True,,0.0,False,0.5,False,FAMILY_Q
6225,True,8,2,9.038922608735737,13.443055908749207,0.27700107300861504,1.132338793244706,0.55,False,1.0,True,True,,0.25,False,0.5,False,FAMILY_Q
6226,True,1,1,0.18129616174254246,0.2912136318974337,0.9776937321456785,0.02255785867321382,1.0,True,,False,False,gcd_k_not_2,0.0,False,1.0,True,FAMILY_F
6227,True,3,1,0.1429334281184144,0.2419228944046574,1.030114031530344,0.029667330073713517,1.0,True,,False,False,gcd_k_not_2,0.0,False,1.0,True,FAMILY_F
6229,True,1,1,0.16874961063478075,0.29088362152723857,1.0102903937677006,0.010237718689402075,1.0,True,,False,False,gcd_k_not_2,0.0,False,1.0,True,FAMILY_F
6231,True,9,1,0.12155445064513044,0.20679116863172398,0.9975694563168684,0.002433501048432118,1.0,True,,False,False,gcd_k_not_2,0.0,False,1.0,True,FAMILY_F
6233,True,3,1,0.20173949285616505,0.3175150934914235,0.9887201987579978,0.011343779028388953,1.0,True,,False,False,gcd_k_not_2,0.0,False,1.0,True,FAMILY_F
6234,True,1,1,0.10551959995465744,0.18671550993143446,1.0083261770594951,0.008291658152547662,1.0,True,,False,False,gcd_k_not_2,0.0,False,1.0,True,FAMILY_F
6235,True,1,1,0.21809626216650915,0.36464183835441855,1.0073120405047389,0.00728540491681631,1.0,True,,False,False,gcd_k_not_2,0.0,False,1.0,True,FAMILY_F
6236,True,9,1,0.19275143723607055,0.3018680410238797,1.0061951699585157,0.0061760391524059,1.0,True,,False,False,gcd_k_not_2,0.0,False,1.0,True,FAMILY_F
6237,True,3,1,0.17538282419653534,0.27650487716217215,0.9938400788809537,0.0061789520476522065,1.0,True,,False,False,gcd_k_not_2,0.0,False,1.0,True,FAMILY_F
6238,True,3,1,0.151285726560967,0.2733732006642476,0.933543875701503,0.06874022889642081,1.0,True,,False,False,gcd_k_not_2,0.0,False,1.0,True,FAMILY_F
6240,True,3,1,0.09913814386628736,0.17154314879293456,1.021509176673473,0.02128031563909867,1.0,True,,False,False,gcd_k_not_2,0.0,False,1.0,True,FAMILY_F
6241,True,1,1,0.19476517988491351,0.32324908830702764,0.987912187762155,0.012161314078417747,1.0,True,,False,False,gcd_k_not_2,0.0,False,1.0,True,FAMILY_F
6242,True,7,1,0.16065505812430653,0.3138112685704868,1.026175116562845,0.025836973664199157,1.0,True,,False,False,gcd_k_not_2,0.0,False,1.0,True,FAMILY_F
6247,True,9,1,0.27193789216196834,0.3572749353539837,0.9909262897732461,0.00911506395124988,1.0,True,,False,False,gcd_k_not_2,0.0,False,1.0,True,FAMILY_F
6248,True,6,2,9.026309495267,13.424622349829237,0.2514159105499841,1.1963793701824057,0.47,False,1.0,True,True,,0.25,False,0.5,False,FAMILY_Q
6249,True,9,1,0.09410896816568719,0.1669839265147204,1.1490641709934195,0.138724727726035,1.0,True,,False,False,gcd_k_not_2,0.6,False,1.0,True,FAMILY_F
6250,True,9,1,0.12521563945441638,0.21169191289519163,1.0141955675482484,0.01409552059091046,1.0,True,,False,False,gcd_k_not_2,0.0,False,1.0,True,FAMILY_F
6251,True,2,2,8.922237081562608,13.272506196739908,0.27096378395159326,1.147217922735355,0.59,False,1.0,True,True,,0.0,False,0.5,False,FAMILY_Q
6253,True,3,1,0.1167327833490252,0.23060480209282688,0.9801575295666466,0.02004130493364931,1.0,True,,False,False,gcd_k_not_2,0.0,False,1.0,True,FAMILY_F
6254,True,7,1,0.17358633181963407,0.2979072455154029,1.0014999591909524,0.001498835095213939,1.0,True,,False,False,gcd_k_not_2,0.0,False,1.0,True,FAMILY_F
6255,True,7,1,0.16767295225154483,0.25306158650616034,1.0262896676696271,0.025948577924559135,1.0,True,,False,False,gcd_k_not_2,0.0,False,1.0,True,FAMILY_F
6256,True,8,2,8.784016128612269,13.070329944179358,0.27351670221743635,1.140908943742343,0.5,False,1.0,True,True,,0.0,False,0.5,False,FAMILY_Q
6257,True,3,1,0.13288005229437383,0.22920224464591255,0.9736598816887432,0.026691648906314282,1.0,True,,False,False,gcd_k_not_2,0.38,False,1.0,True,FAMILY_F
6260,True,1,1,0.10989688731523661,0.17260389244122207,0.9741543928802617,0.02618397751761444,1.0,True,,False,False,gcd_k_not_2,0.0,False,1.0,True,FAMILY_F
6261,True,7,1,0.16598813595111395,0.2590236699465868,0.9815263757526846,0.0186458524835917,1.0,True,,False,False,gcd_k_not_2,1.0,True,1.0,True,FAMILY_F
6262,True,1,1,0.10548453364489564,0.1829639189688128,1.0063560460820105,0.006335910412732979,1.0,True,,False,False,gcd_k_not_2,0.0,False,1.0,True,FAMILY_F
6263,True,1,1,0.14419903594065003,0.24014240758084576,0.9990384018170274,0.0009620607409027437,1.0,True,,False,False,gcd_k_not_2,0.0,False,1.0,True,FAMILY_F
6264,True,1,1,0.15622748316447882,0.2335417437477995,0.9515733289182569,0.049628338698998055,1.0,True,,False,False,gcd_k_not_2,0.0,False,1.0,True,FAMILY_F
6265,True,9,1,0.12623354749890436,0.19948457089077398,0.9815749050072371,0.018596415352459927,1.0,True,,False,False,gcd_k_not_2,0.0,False,1.0,True,FAMILY_F
6266,True,7,1,0.16896466232673066,0.28802422174128506,0.9888418950027806,0.011220705904532259,1.0,True,,False,False,gcd_k_not_2,0.0,False,1.0,True,FAMILY_F
6267,True,1,1,0.1641160090752012,0.2576682113608572,0.9735352092750669,0.026819679325259485,1.0,True,,False,False,gcd_k_not_2,0.54,False,1.0,True,FAMILY_F
6268,True,8,2,9.183680388836086,13.654463298095749,0.2644481405781563,1.1634353925903518,0.51,False,1.0,True,True,,0.25,False,0.5,False,FAMILY_Q
6270,True,3,1,0.17493544926027998,0.3006070710348315,0.9931671879620343,0.00685623572295721,1.0,True,,False,False,gcd_k_not_2,0.0,False,1.0,True,FAMILY_F
6271,True,9,1,0.140929608983364,0.2565425782692401,1.027629012453734,0.027252532178259434,1.0,True,,False,False,gcd_k_not_2,0.0,False,1.0,True,FAMILY_F
6272,True,7,1,0.17329751320420406,0.29353803605312345,1.044164257622122,0.04321008691688613,1.0,True,,False,False,gcd_k_not_2,0.0,False,1.0,True,FAMILY_F
6274,True,7,1,0.1334437717030512,0.21437963955916234,0.9842463633068547,0.015878710410627692,1.0,True,,False,False,gcd_k_not_2,0.0,False,1.0,True,FAMILY_F
6277,True,3,1,0.12262710787185886,0.18166219268920225,1.0092074726586269,0.009165278134709855,1.0,True,,False,False,gcd_k_not_2,0.0,False,1.0,True,FAMILY_F
6278,True,9,1,0.17282938125078776,0.30052454691371216,0.9836851362592703,0.016449045710445157,1.0,True,,False,False,gcd_k_not_2,0.0,False,1.0,True,FAMILY_F
6279,True,3,1,0.11687928156077305,0.22180369082599213,0.998345706090314,0.0016556633866144572,1.0,True,,False,False,gcd_k_not_2,0.0,False,1.0,True,FAMILY_F
6285,True,3,1,0.07979378392049924,0.1460939664924702,1.0301584750745405,0.02971046393157376,1.0,True,,False,False,gcd_k_not_2,0.0,False,1.0,True,FAMILY_F
6286,True,9,1,0.10884994552376934,0.19110352698621114,1.0165525349522746,0.0164166662314764,1.0,True,,False,False,gcd_k_not_2,1.0,True,1.0,True,FAMILY_F
6287,True,3,1,0.10398660703542636,0.171995237505891,0.9862277946809639,0.013867699722979934,1.0,True,,False,False,gcd_k_not_2,0.0,False,1.0,True,FAMILY_F
6288,True,7,1,0.22109473907760704,0.3053816308523504,1.008687708548651,0.008650133628714335,1.0,True,,False,False,gcd_k_not_2,0.0,False,1.0,True,FAMILY_F
6289,True,6,2,8.581617805189758,12.773980711746946,0.2686807989389937,1.1528813262920248,0.48,False,1.0,True,True,,0.25,False,0.5,False,FAMILY_Q
6290,True,4,2,9.174161928451273,13.640566185725666,0.26951958725635283,1.1507981760601886,0.58,False,1.0,True,True,,0.0,False,0.5,False,FAMILY_Q
6294,True,3,1,0.13134390759260783,0.19563518131528884,0.9852392585140253,0.014870491224340752,1.0,True,,False,False,gcd_k_not_2,0.0,False,1.0,True,FAMILY_F
6296,True,7,1,0.10835449337390175,0.18955573293621042,1.004276048143876,0.0042669253547543496,1.0,True,,False,False,gcd_k_not_2,0.0,False,1.0,True,FAMILY_F
6298,True,9,1,0.16720075408547325,0.24053967697731468,1.0194228531537515,0.0192360437274626,1.0,True,,False,False,gcd_k_not_2,1.0,True,1.0,True,FAMILY_F
6299,True,3,1,0.14110963188581324,0.2356809803047041,1.0843112146444192,0.08090079259953754,1.0,True,,False,False,gcd_k_not_2,0.0,False,1.0,True,FAMILY_F
6300,True,9,1,0.12869549299344268,0.20404124592656214,1.0438543530930549,0.04291338375133046,1.0,True,,False,False,gcd_k_not_2,0.0,False,1.0,True,FAMILY_F
6302,True,8,2,8.965456731073612,13.33569024355079,0.2771785020685184,1.1319036403459655,0.5,False,1.0,True,True,,0.25,False,0.5,False,FAMILY_Q
6310,True,3,1,0.1013967551578495,0.15769837664725353,1.0005316254867491,0.0005314842114727224,1.0,True,,False,False,gcd_k_not_2,0.94,False,1.0,True,FAMILY_F
6311,True,7,1,0.14456967058655099,0.23638651381693554,1.0195747407926912,0.01938501249526216,1.0,True,,False,False,gcd_k_not_2,0.3,False,1.0,True,FAMILY_F
6312,True,1,1,0.11559999549565045,0.19250058209053658,1.0456903173774037,0.044669828066624666,1.0,True,,False,False,gcd_k_not_2,0.0,False,1.0,True,FAMILY_F
6314,True,3,1,0.1458102767298709,0.2701247177169095,1.0077270107142364,0.0076972722616183605,1.0,True,,False,False,gcd_k_not_2,0.28,False,1.0,True,FAMILY_F
6318,True,9,1,0.11964697445896108,0.21497648917594095,0.9881097765835123,0.01196133488857999,1.0,True,,False,False,gcd_k_not_2,0.1,False,1.0,True,FAMILY_F
6319,True,7,1,0.18793632707685304,0.2245412720064589,0.9559364870757504,0.04505617970257036,1.0,True,,False,False,gcd_k_not_2,0.0,False,1.0,True,FAMILY_F
6320,True,7,1,0.1303838655284685,0.22972537653614192,1.0102166937823158,0.010164768618146029,1.0,True,,False,False,gcd_k_not_2,0.0,False,1.0,True,FAMILY_F
6322,True,6,2,9.013422527329528,13.405793999954541,0.2673178892600196,1.1562720244843854,0.52,False,1.0,True,True,,0.5,False,0.5,False,FAMILY_Q
6326,True,9,1,0.15194847317579174,0.2330741580936727,0.9828773523398383,0.017270506055209692,1.0,True,,False,False,gcd_k_not_2,0.0,False,1.0,True,FAMILY_F
6329,True,3,1,0.18534073810867696,0.2932543358700847,0.9935640363798525,0.006456741296191069,1.0,True,,False,False,gcd_k_not_2,1.0,True,1.0,True,FAMILY_F
6332,True,3,1,0.1435359305238745,0.22282927856172324,0.9289688542235284,0.07364675237855399,1.0,True,,False,False,gcd_k_not_2,0.9,False,1.0,True,FAMILY_F
6333,True,9,1,0.10429589001066832,0.17389738779495664,1.062607329930482,0.06070697899884999,1.0,True,,False,False,gcd_k_not_2,0.0,False,1.0,True,FAMILY_F
6334,True,9,1,0.08514948689318746,0.16033478053114483,1.0407458604507132,0.03993232204005469,1.0,True,,False,False,gcd_k_not_2,0.0,False,1.0,True,FAMILY_F
6335,True,9,1,0.15821796198188767,0.28657711485986215,1.0153610544872647,0.01524397273933907,1.0,True,,False,False,gcd_k_not_2,0.0,False,1.0,True,FAMILY_F
6336,True,1,1,0.13162691826079742,0.19534831559660698,0.9576737931788313,0.04324132750680618,1.0,True,,False,False,gcd_k_not_2,1.0,True,1.0,True,FAMILY_F
6337,True,9,1,0.14222917012945496,0.29078728701236123,0.954905496985036,0.04613471401508789,1.0,True,,False,False,gcd_k_not_2,0.0,False,1.0,True,FAMILY_F
6338,True,9,1,0.17121401554288823,0.29993648959170577,0.9860228659628026,0.014075501623614359,1.0,True,,False,False,gcd_k_not_2,0.0,False,1.0,True,FAMILY_F
6339,True,3,1,0.11488337206788442,0.1871115664953057,0.9373126632816675,0.0647157662327409,1.0,True,,False,False,gcd_k_not_2,1.0,True,1.0,True,FAMILY_F
6340,True,1,1,0.1376140833968081,0.2385731903118664,0.9742782539209027,0.026056860047983674,1.0,True,,False,False,gcd_k_not_2,0.0,False,1.0,True,FAMILY_F
6341,True,9,1,0.12258174268065875,0.20160234800231158,0.8992161854251813,0.10613200892899513,1.0,True,,False,False,gcd_k_not_2,0.0,False,1.0,True,FAMILY_F
6342,True,1,1,0.17376486362445887,0.2781866005853826,1.0243519989055194,0.02405905585459998,1.0,True,,False,False,gcd_k_not_2,0.0,False,1.0,True,FAMILY_F
6345,True,6,2,8.808496803559843,13.106147998025069,0.25441018166409524,1.1887496278877592,0.5,False,1.0,True,True,,0.25,False,0.5,False,FAMILY_Q
6351,True,3,1,0.1327779592024212,0.20067011214941036,1.0040277618422624,0.004019666712161502,1.0,True,,False,False,gcd_k_not_2,0.0,False,1.0,True,FAMILY_F
6353,True,7,1,0.16096370936280097,0.2630441144939737,0.9479249996049988,0.053467151359072936,1.0,True,,False,False,gcd_k_not_2,0.0,False,1.0,True,FAMILY_F
6355,True,3,1,0.17244374710943158,0.2775533676800756,0.9665472095430371,0.034021853423733775,1.0,True,,False,False,gcd_k_not_2,0.0,False,1.0,True,FAMILY_F
6357,True,9,1,0.11804895906489124,0.189407316914171,0.9957754729212963,0.004233469281511944,1.0,True,,False,False,gcd_k_not_2,0.0,False,1.0,True,FAMILY_F
6358,True,8,2,9.10268661705622,13.536202387281449,0.26320507311479213,1.1665483975114668,0.48,False,1.0,True,True,,0.0,False,0.5,False,FAMILY_Q
6359,True,9,1,0.11208515064106783,0.18522206228411378,0.9934444176112525,0.0065771408832186575,1.0,True,,False,False,gcd_k_not_2,0.0,False,1.0,True,FAMILY_F
6361,True,8,2,8.821002284687722,13.124443803238801,0.2764933300865624,1.1335847244331074,0.4,False,1.0,True,True,,0.0,False,0.5,False,FAMILY_Q
6362,True,3,1,0.15830760118791806,0.28758957036941546,0.9298869565147952,0.07266025945045268,1.0,True,,False,False,gcd_k_not_2,0.0,False,1.0,True,FAMILY_F
6363,True,1,1,0.16632900363181854,0.304475460019055,1.004651743623728,0.004640949370407161,1.0,True,,False,False,gcd_k_not_2,0.0,False,1.0,True,FAMILY_F
6367,True,1,1,0.16182508588460354,0.26394589145871744,1.0087553436683714,0.008717182703178153,1.0,True,,False,False,gcd_k_not_2,0.6,False,1.0,True,FAMILY_F
6368,True,7,1,0.2074928795210227,0.381212350854735,1.0043216172743143,0.004312299220911875,1.0,True,,False,False,gcd_k_not_2,0.02,False,1.0,True,FAMILY_F
6369,True,1,1,0.12404388177042514,0.190471789148356,0.9933461656388142,0.006676045010028137,1.0,True,,False,False,gcd_k_not_2,0.0,False,1.0,True,FAMILY_F
6370,True,3,1,0.1818124848298111,0.3125256859186842,1.0081719194806127,0.008138665222175072,1.0,True,,False,False,gcd_k_not_2,0.0,False,1.0,True,FAMILY_F
6372,True,3,1,0.3288675277482737,0.5350960431299899,0.9968327372212603,0.003172286511234995,1.0,True,,False,False,gcd_k_not_2,0.0,False,1.0,True,FAMILY_F
6378,True,3,1,0.15790300018925052,0.27012236590084043,1.0433117146170359,0.04239364391365368,1.0,True,,False,False,gcd_k_not_2,0.0,False,1.0,True,FAMILY_F
6379,True,1,1,0.19770777863874361,0.2986698790309943,1.0063922506219733,0.006371885278157099,1.0,True,,False,False,gcd_k_not_2,0.0,False,1.0,True,FAMILY_F
6381,True,2,2,8.711311548891102,12.963913046650841,0.266143672093546,1.1591991400044446,0.52,False,1.0,True,True,,0.0,False,0.5,False,FAMILY_Q
6384,True,7,1,0.1711133590817855,0.28838433773350164,0.9796245362322444,0.020585180063018918,1.0,True,,False,False,gcd_k_not_2,0.0,False,1.0,True,FAMILY_F
6387,True,7,1,0.11415096073808846,0.1757907072088782,1.0906472895839014,0.0867169608527728,1.0,True,,False,False,gcd_k_not_2,0.0,False,1.0,True,FAMILY_F
6388,True,3,1,0.14430101887392516,0.25221557695044333,0.9721842004596052,0.028208115179010708,1.0,True,,False,False,gcd_k_not_2,0.0,False,1.0,True,FAMILY_F
6389,True,7,1,0.13212290883697045,0.22231224640713043,1.0480529091283655,0.04692545677329827,1.0,True,,False,False,gcd_k_not_2,0.0,False,1.0,True,FAMILY_F
6390,True,3,1,0.15085834450878036,0.24137372048388134,0.9652189367820645,0.0353966294207276,1.0,True,,False,False,gcd_k_not_2,0.0,False,1.0,True,FAMILY_F
6391,True,8,2,9.405891016835092,13.978611976524487,0.2656874443401065,1.1603379000772869,0.52,False,1.0,True,True,,0.0,False,0.5,False,FAMILY_Q
6395,True,3,1,0.16223504776553374,0.289182592442629,0.96523346686551,0.0353815805813052,1.0,True,,False,False,gcd_k_not_2,0.0,False,1.0,True,FAMILY_F
6398,True,9,1,0.17884763839065337,0.28274957971802567,0.9898806739542889,0.010170786799594309,1.0,True,,False,False,gcd_k_not_2,0.0,False,1.0,True,FAMILY_F
6404,True,3,1,0.1625343632161482,0.23423614947560983,0.9852783144437406,0.014830853134447604,1.0,True,,False,False,gcd_k_not_2,0.0,False,1.0,True,FAMILY_F
6405,True,9,1,0.19066957872857626,0.2636348704019905,0.9985202122564169,0.0014808834401653357,1.0,True,,False,False,gcd_k_not_2,0.0,False,1.0,True,FAMILY_F
6408,True,9,1,0.14461208475334109,0.25089997386208296,1.024594056086501,0.0242952961484445,1.0,True,,False,False,gcd_k_not_2,0.0,False,1.0,True,FAMILY_F
6409,True,7,1,0.14230084351245975,0.24361858951132132,1.0208099123294285,0.02059561584933087,1.0,True,,False,False,gcd_k_not_2,0.0,False,1.0,True,FAMILY_F
6412,True,1,1,0.17644121356365816,0.24533559057795704,1.0012011738678692,0.0012004528915477276,1.0,True,,False,False,gcd_k_not_2,1.0,True,1.0,True,FAMILY_F
6413,True,9,1,0.09428023163707573,0.15268105668303827,0.9554002709222219,0.045616981587860324,1.0,True,,False,False,gcd_k_not_2,0.0,False,1.0,True,FAMILY_F
6414,True,9,1,0.1546761022132576,0.3021656653742615,1.022888000540852,0.02262903387111157,1.0,True,,False,False,gcd_k_not_2,0.0,False,1.0,True,FAMILY_F
6415,True,1,1,0.147900389680662,0.24391285356739426,0.9806325353340052,0.01955684794678862,1.0,True,,False,False,gcd_k_not_2,0.0,False,1.0,True,FAMILY_F
6416,True,1,1,0.1301292129988598,0.19566532655411262,0.9904323868169631,0.009613602799477252,1.0,True,,False,False,gcd_k_not_2,0.0,False,1.0,True,FAMILY_F
6417,True,9,1,0.10762582242494949,0.1779811561993554,0.9901374472770572,0.009911428717083696,1.0,True,,False,False,gcd_k_not_2,0.0,False,1.0,True,FAMILY_F
6419,True,9,1,0.23735080274622808,0.5321858118187354,1.1067736112647246,0.10136220683021281,1.0,True,,False,False,gcd_k_not_2,0.0,False,1.0,True,FAMILY_F
6421,True,7,1,0.16856362939448957,0.2670669322698679,1.0268180506862286,0.026463204901050405,1.0,True,,False,False,gcd_k_not_2,0.0,False,1.0,True,FAMILY_F
6422,True,1,1,0.16372520739681898,0.2662591158359827,0.9883264575577146,0.011742078266789375,1.0,True,,False,False,gcd_k_not_2,0.0,False,1.0,True,FAMILY_F
6429,True,1,1,0.17729964205144338,0.31374728291839066,0.9500998041667755,0.05117706870858895,1.0,True,,False,False,gcd_k_not_2,0.0,False,1.0,True,FAMILY_F
6430,True,8,2,8.697999653627011,12.944424226911547,0.27122630094526096,1.1465680005406371,0.47,False,1.0,True,True,,0.0,False,0.5,False,FAMILY_Q
6431,True,9,1,0.17021679093257083,0.2837455034094019,0.9839214043060276,0.01620890390019924,1.0,True,,False,False,gcd_k_not_2,0.0,False,1.0,True,FAMILY_F
6433,True,3,1,0.14317696488324666,0.24324081985056534,0.9891999396458966,0.010858697649091937,1.0,True,,False,False,gcd_k_not_2,0.0,False,1.0,True,FAMILY_F
6435,True,1,1,0.15567391937081979,0.2530634774713005,0.9991700771399061,0.0008302673890369269,1.0,True,,False,False,gcd_k_not_2,0.0,False,1.0,True,FAMILY_F
6436,True,7,1,0.13961496507713295,0.23123914572970466,1.0433822661601924,0.04246123388524255,1.0,True,,False,False,gcd_k_not_2,0.0,False,1.0,True,FAMILY_F
6437,True,7,1,0.1665842990603147,0.26226340152252337,0.9925583776460025,0.0074694146354587375,1.0,True,,False,False,gcd_k_not_2,0.0,False,1.0,True,FAMILY_F
6444,True,1,1,0.16283442207082227,0.29025069343023147,0.9812133603151856,0.018964781947387727,1.0,True,,False,False,gcd_k_not_2,0.0,False,1.0,True,FAMILY_F
6447,True,6,2,9.00586504506816,13.394748970823017,0.27404209514024114,1.1396136872225537,0.47,False,1.0,True,True,,0.0,False,0.5,False,FAMILY_Q
6448,True,8,2,8.754391599605118,13.02697249916892,0.2689445982860481,1.1522258776330847,0.43,False,1.0,True,True,,0.0,False,0.5,False,FAMILY_Q
6454,True,2,2,8.751988022562704,13.023453840230754,0.25937492080269436,1.1761788597874405,0.54,False,1.0,True,True,,0.25,False,0.5,False,FAMILY_Q
6455,True,7,1,0.2222495602615225,0.3575264099552334,0.9828322174637835,0.017316424844231803,1.0,True,,False,False,gcd_k_not_2,0.4,False,1.0,True,FAMILY_F
6459,True,7,1,0.09138441663570039,0.14689459624898185,1.0216239945471681,0.0213926967680374,1.0,True,,False,False,gcd_k_not_2,0.0,False,1.0,True,FAMILY_F
6460,True,2,2,8.77115584311571,13.051506850072379,0.26835096034838596,1.1537012428336826,0.5,False,1.0,True,True,,0.0,False,0.5,False,FAMILY_Q
6461,True,1,1,0.10914753752760539,0.19069478526887534,0.9329155780439005,0.06941267659913897,1.0,True,,False,False,gcd_k_not_2,0.0,False,1.0,True,FAMILY_F
6463,True,1,1,0.16639158974194904,0.20041339374815254,0.9962961068857676,0.003710765253167265,1.0,True,,False,False,gcd_k_not_2,0.0,False,1.0,True,FAMILY_F
6464,True,9,1,0.1899039007895517,0.33348419385307554,1.0024368613181045,0.0024338957848592372,1.0,True,,False,False,gcd_k_not_2,0.0,False,1.0,True,FAMILY_F
6468,True,1,1,0.1217315387677093,0.1588147603506069,0.9977318664261158,0.0022707087092141303,1.0,True,,False,False,gcd_k_not_2,0.0,False,1.0,True,FAMILY_F
6471,True,1,1,0.18058632406327205,0.3080448576263757,1.0064029262748189,0.006382492958886221,1.0,True,,False,False,gcd_k_not_2,0.0,False,1.0,True,FAMILY_F
6474,True,9,1,0.1627388445242718,0.2632296441585408,0.9673911439180879,0.033149337062655604,1.0,True,,False,False,gcd_k_not_2,0.0,False,1.0,True,FAMILY_F
6475,True,7,1,0.1673460115006526,0.2636544424627028,0.9427731555446597,0.05891253365532192,1.0,True,,False,False,gcd_k_not_2,0.12,False,1.0,True,FAMILY_F
6476,True,9,1,0.14345576586476508,0.2599783433275547,1.0019320716445326,0.001930206995430612,1.0,True,,False,False,gcd_k_not_2,0.0,False,1.0,True,FAMILY_F
6477,True,3,1,0.2394966602849502,0.33514130263318526,0.9712205753592684,0.029199598462476828,1.0,True,,False,False,gcd_k_not_2,0.0,False,1.0,True,FAMILY_F
6480,True,9,1,0.13347717924348632,0.23799294226975656,1.037926372390166,0.03722055212984399,1.0,True,,False,False,gcd_k_not_2,0.0,False,1.0,True,FAMILY_F
6481,True,7,1,0.1349930493984268,0.22042556841225006,1.0020116923257698,0.0020096709060003753,1.0,True,,False,False,gcd_k_not_2,0.0,False,1.0,True,FAMILY_F
6482,True,1,1,0.11775295822477333,0.19049232540364414,0.9713732481995112,0.029042447265259435,1.0,True,,False,False,gcd_k_not_2,1.0,True,1.0,True,FAMILY_F
6483,True,1,1,0.18041461882699542,0.2895131432231864,0.9409635438354493,0.06083211233106563,1.0,True,,False,False,gcd_k_not_2,0.0,False,1.0,True,FAMILY_F
6487,True,7,1,0.26038195521526775,0.41417432655284897,0.9972905659946292,0.0027131095009419372,1.0,True,,False,False,gcd_k_not_2,0.0,False,1.0,True,FAMILY_F
6490,True,1,1,0.13061254904200373,0.2265284751615716,0.9217806051542107,0.08140304323605427,1.0,True,,False,False,gcd_k_not_2,0.0,False,1.0,True,FAMILY_F
6492,True,7,1,0.10869892365046858,0.18892697542186687,1.068187428145364,0.06593931209272523,1.0,True,,False,False,gcd_k_not_2,0.0,False,1.0,True,FAMILY_F
6493,True,7,1,0.10827721989906697,0.1842860715980464,0.9860644438645984,0.014033337315364264,1.0,True,,False,False,gcd_k_not_2,0.0,False,1.0,True,FAMILY_F
6494,True,9,1,0.1693018647082127,0.31945139351834867,1.0205934873905143,0.020383602658355305,1.0,True,,False,False,gcd_k_not_2,0.0,False,1.0,True,FAMILY_F
6495,True,7,1,0.18758548772164543,0.2845345653855344,0.9232033897165043,0.07986322267746854,1.0,True,,False,False,gcd_k_not_2,0.0,False,1.0,True,FAMILY_F
6496,True,9,1,0.09354870825251588,0.17721486178096243,1.014908662683584,0.014798350872865542,1.0,True,,False,False,gcd_k_not_2,0.0,False,1.0,True,FAMILY_F
6497,True,7,1,0.20568267850939856,0.3312314725374307,0.9895457103146279,0.010509222915736744,1.0,True,,False,False,gcd_k_not_2,1.0,True,1.0,True,FAMILY_F
6498,True,9,1,0.12080031031962443,0.18951908855003355,1.08747046265399,0.08380522188829519,1.0,True,,False,False,gcd_k_not_2,0.0,False,1.0,True,FAMILY_F
6499,True,9,1,0.17300617520274655,0.24068555595295582,1.0243794780745483,0.024085877513178998,1.0,True,,False,False,gcd_k_not_2,0.0,False,1.0,True,FAMILY_F
6500,True,1,1,0.10775666464850805,0.1828675607736649,1.0119835607828853,0.01191218558289063,1.0,True,,False,False,gcd_k_not_2,0.0,False,1.0,True,FAMILY_F
6501,True,1,1,0.13739864838421828,0.2533735483280919,1.0041777115763664,0.0041690031300472856,1.0,True,,False,False,gcd_k_not_2,0.0,False,1.0,True,FAMILY_F
6506,True,9,1,0.1583253380849081,0.26755384786012737,0.9862271253514304,0.013868378366983259,1.0,True,,False,False,gcd_k_not_2,0.0,False,1.0,True,FAMILY_F
6508,True,3,1,0.12404889613879153,0.2458613047580832,0.9677790831780854,0.03274851033569877,1.0,True,,False,False,gcd_k_not_2,0.0,False,1.0,True,FAMILY_F
6509,True,1,1,0.19777986408903536,0.355706638349723,0.9090025445390687,0.09533508032374342,1.0,True,,False,False,gcd_k_not_2,0.0,False,1.0,True,FAMILY_F
6510,True,1,1,0.15217734707754432,0.25332445666352815,1.0134399706846504,0.013350257152270794,1.0,True,,False,False,gcd_k_not_2,0.0,False,1.0,True,FAMILY_F
6512,True,8,2,9.183456698218938,13.654136053761365,0.26350332610387556,1.1658009261711675,0.53,False,1.0,True,True,,0.46,False,0.5,False,FAMILY_Q
6513,True,4,2,8.802961524540986,13.09804878940267,0.26233335885452,1.1687350824901932,0.44,False,1.0,True,True,,0.5,False,0.5,False,FAMILY_Q
6514,True,1,1,0.12587087502022312,0.212872307922227,1.0109132973779906,0.010854070528272204,1.0,True,,False,False,gcd_k_not_2,0.0,False,1.0,True,FAMILY_F
6517,True,1,1,0.15621272553539972,0.279287743358071,0.9990711704699132,0.0009292610926588343,1.0,True,,False,False,gcd_k_not_2,0.9,False,1.0,True,FAMILY_F
6518,True,8,2,8.596662768288606,12.796014834308329,0.2547016021782148,1.1880089999533208,0.48,False,1.0,True,True,,0.25,False,0.5,False,FAMILY_Q
6519,True,1,1,0.19681696408371568,0.2982019782986967,0.9908909962632966,0.009150680528266081,1.0,True,,False,False,gcd_k_not_2,0.0,False,1.0,True,FAMILY_F
6520,True,1,1,0.13225574079435443,0.22841779398220627,0.9686856963856358,0.031812395114014354,1.0,True,,False,False,gcd_k_not_2,0.0,False,1.0,True,FAMILY_F
6523,True,1,1,0.14796848580535482,0.26065000588130577,0.9977285603658284,0.0022740222863467294,1.0,True,,False,False,gcd_k_not_2,0.6,False,1.0,True,FAMILY_F
6524,True,1,1,0.11159334859649714,0.19601084845493022,1.0364238301524034,0.035772347203064735,1.0,True,,False,False,gcd_k_not_2,0.0,False,1.0,True,FAMILY_F
6525,True,9,1,0.12259061785166904,0.20589584930404736,0.9017659559943574,0.10330823695314277,1.0,True,,False,False,gcd_k_not_2,0.0,False,1.0,True,FAMILY_F
6526,True,1,1,0.13777681997238544,0.21652070827175043,0.9869152862625641,0.013170882350045763,1.0,True,,False,False,gcd_k_not_2,0.0,False,1.0,True,FAMILY_F
6527,True,2,2,9.426459488208407,14.008590641779923,3.415271542320934,1.094053454774073,0.52,False,1.0,True,True,,0.75,False,0.5,False,FAMILY_Q
6530,True,8,2,8.908279032494873,13.252097236307112,0.2734411199713198,1.141095365359403,0.42,False,1.0,True,True,,0.0,False,0.5,False,FAMILY_Q
6532,True,1,1,0.1461176393480317,0.25077194853560053,0.9973949397519916,0.0026084578429260105,1.0,True,,False,False,gcd_k_not_2,0.0,False,1.0,True,FAMILY_F
6533,True,9,1,0.12155910306438185,0.1951889778876359,1.000632967856945,0.0006327675961703276,1.0,True,,False,False,gcd_k_not_2,0.0,False,1.0,True,FAMILY_F
6534,True,1,1,0.18920483749363462,0.26505748739443813,1.0090114666554832,0.008971045516713835,1.0,True,,False,False,gcd_k_not_2,0.0,False,1.0,True,FAMILY_F
6536,True,8,2,8.902849066328294,13.24415718762902,0.2719297844853026,1.1448276852944634,0.51,False,1.0,True,True,,0.0,False,0.5,False,FAMILY_Q
6537,True,4,2,8.931924398398063,13.28666995844691,0.26171028536656726,1.170299906715805,0.56,False,1.0,True,True,,0.0,False,0.5,False,FAMILY_Q
6538,True,4,2,8.691634120139796,12.935105863549206,0.27330120460223395,1.1414405213333307,0.45,False,1.0,True,True,,0.25,False,0.5,False,FAMILY_Q
6540,True,4,2,8.992627976216838,13.375408221589122,0.2749689945162752,1.1373311956637855,0.61,False,1.0,True,True,,0.25,False,0.5,False,FAMILY_Q
6541,True,9,1,0.12686027362298335,0.24499838409864802,0.960860236489432,0.03992101301481924,1.0,True,,False,False,gcd_k_not_2,0.0,False,1.0,True,FAMILY_F
6542,True,9,1,0.13345857427577276,0.22509291562776307,1.0385074186693355,0.03778001327507721,1.0,True,,False,False,gcd_k_not_2,1.0,True,1.0,True,FAMILY_F
6544,True,7,1,0.1654196780707615,0.2420808764734584,0.989718814356706,0.010334310123732746,1.0,True,,False,False,gcd_k_not_2,0.0,False,1.0,True,FAMILY_F
6547,True,1,1,0.16830530064160154,0.24685127185451433,0.9862988222474846,0.013795686327813073,1.0,True,,False,False,gcd_k_not_2,0.0,False,1.0,True,FAMILY_F
6548,True,7,1,0.19850200930300044,0.3157093504154222,0.9958016595557774,0.004207172014434644,1.0,True,,False,False,gcd_k_not_2,0.8,False,1.0,True,FAMILY_F
6549,True,3,1,0.22497938109200682,0.35645156454399696,1.0030199754652604,0.0030154222147075337,1.0,True,,False,False,gcd_k_not_2,0.0,False,1.0,True,FAMILY_F
6551,True,1,1,0.18513211470004193,0.380202947563181,1.0326132552394467,0.03208997595128322,1.0,True,,False,False,gcd_k_not_2,0.0,False,1.0,True,FAMILY_F
6553,True,7,1,0.19309960110374705,0.32937037828590887,0.9744032201038573,0.025928624543872292,1.0,True,,False,False,gcd_k_not_2,0.04,False,1.0,True,FAMILY_F
6554,True,3,1,0.16689485234459148,0.2983704393700416,1.0066245850585613,0.006602714935208394,1.0,True,,False,False,gcd_k_not_2,0.0,False,1.0,True,FAMILY_F
6555,True,4,2,8.979641783057472,13.356423799756701,0.26107526144904253,1.1718963350401366,0.54,False,1.0,True,True,,0.0,False,0.5,False,FAMILY_Q
6557,True,7,1,0.16103814956484397,0.235889615387429,1.036198828189908,0.03555529812585855,1.0,True,,False,False,gcd_k_not_2,0.91,False,1.0,True,FAMILY_F
6558,True,7,1,0.13564647501395627,0.22495349966984146,0.9394862848942865,0.06240179740070899,1.0,True,,False,False,gcd_k_not_2,0.0,False,1.0,True,FAMILY_F
6560,True,3,1,0.1869343797637636,0.29504012493661713,1.011192374185216,0.011130088129685087,1.0,True,,False,False,gcd_k_not_2,0.0,False,1.0,True,FAMILY_F
6562,True,3,1,0.18069338428985593,0.3403457084752271,0.9422686625661485,0.059447324200325745,1.0,True,,False,False,gcd_k_not_2,0.02,False,1.0,True,FAMILY_F
6564,True,3,1,0.14747846630323314,0.22114096216156107,0.9735091665270774,0.026846425567447818,1.0,True,,False,False,gcd_k_not_2,0.0,False,1.0,True,FAMILY_F
6566,True,2,2,8.44845353184207,12.578807281449341,0.24981719602460845,1.2004680466256294,0.52,False,1.0,True,True,,0.0,False,0.5,False,FAMILY_Q
6567,True,9,1,0.08783801601096626,0.14744147815102782,0.9778069093524105,0.02244212065661774,1.0,True,,False,False,gcd_k_not_2,0.0,False,1.0,True,FAMILY_F
6568,True,7,1,0.23958772650261226,0.4563450531051322,0.9737771696314693,0.026571216621607677,1.0,True,,False,False,gcd_k_not_2,0.0,False,1.0,True,FAMILY_F
6570,True,3,1,0.1346473685423096,0.20966236728655702,0.9730525306702866,0.027315511280947707,1.0,True,,False,False,gcd_k_not_2,0.6,False,1.0,True,FAMILY_F
6571,True,1,1,0.10465736049820028,0.20985787134613992,1.002820766245838,0.002816793487841918,1.0,True,,False,False,gcd_k_not_2,0.0,False,1.0,True,FAMILY_F
6572,True,9,1,0.19975606886402644,0.337061155863702,1.0331779894453579,0.032636581369256956,1.0,True,,False,False,gcd_k_not_2,0.0,False,1.0,True,FAMILY_F
6574,True,7,1,0.1659785045598497,0.2403867255521482,1.0082670530244482,0.008233021611341984,1.0,True,,False,False,gcd_k_not_2,0.0,False,1.0,True,FAMILY_F
6575,True,8,2,9.103980496927216,13.538092366010819,0.280500532884179,1.123778473555543,0.48,False,1.0,True,True,,0.0,False,0.5,False,FAMILY_Q
6576,True,9,1,0.17809161016735683,0.27381308322628717,1.0062287813124635,0.006209442682193765,1.0,True,,False,False,gcd_k_not_2,0.5,False,1.0,True,FAMILY_F
6579,True,2,2,8.851732627603953,13.169394109780386,3.852950945096281,1.1757592348956576,0.52,False,1.0,True,True,,0.0,False,0.5,False,FAMILY_Q
6581,True,1,1,0.1811700500743668,0.33718425419358694,1.076393258647901,0.07358264946173679,1.0,True,,False,False,gcd_k_not_2,0.0,False,1.0,True,FAMILY_F
6582,True,7,1,0.1717407791380622,0.3042138549328574,0.9984234963421761,0.0015777473200345052,1.0,True,,False,False,gcd_k_not_2,0.16,False,1.0,True,FAMILY_F
6583,True,7,1,0.14004426643477605,0.22411520363787363,0.9940400003225989,0.0059778135608482535,1.0,True,,False,False,gcd_k_not_2,0.0,False,1.0,True,FAMILY_F
6585,True,1,1,0.11867680262434652,0.2002098953091739,1.013774039079395,0.01367982585145642,1.0,True,,False,False,gcd_k_not_2,0.0,False,1.0,True,FAMILY_F
6588,True,9,1,0.16102160665482762,0.2875513303406212,1.0636677281727787,0.061703468347737996,1.0,True,,False,False,gcd_k_not_2,0.6,False,1.0,True,FAMILY_F
6589,True,7,1,0.2001702309386051,0.3627648738019239,1.0300582564952312,0.029613195975099718,1.0,True,,False,False,gcd_k_not_2,0.0,False,1.0,True,FAMILY_F
6590,True,1,1,0.223488630634316,0.35271719366077187,1.0065282230067305,0.006506983487078024,1.0,True,,False,False,gcd_k_not_2,0.0,False,1.0,True,FAMILY_F
6591,True,3,1,0.11749016399180945,0.20061491094373562,1.0234121696029022,0.023141275865210302,1.0,True,,False,False,gcd_k_not_2,0.0,False,1.0,True,FAMILY_F
6594,True,7,1,0.12298481244943907,0.20636218082522667,0.9958747101249947,0.004133816470620911,1.0,True,,False,False,gcd_k_not_2,0.0,False,1.0,True,FAMILY_F
6595,True,3,1,0.18548958947149966,0.3343852895119107,0.9555961417827759,0.04541209431589932,1.0,True,,False,False,gcd_k_not_2,0.0,False,1.0,True,FAMILY_F
6599,True,3,1,0.22398371121689686,0.3375414750148602,1.0447831633675624,0.0438023592622006,1.0,True,,False,False,gcd_k_not_2,0.1,False,1.0,True,FAMILY_F
6601,True,8,2,9.09423256539721,13.52385489550541,0.26463275127357166,1.1629735952763571,0.49,False,1.0,True,True,,0.0,False,0.5,False,FAMILY_Q
6602,True,9,1,0.0923796106370438,0.15110225320384296,1.035196736263483,0.034588043147221685,1.0,True,,False,False,gcd_k_not_2,0.0,False,1.0,True,FAMILY_F
6604,True,6,2,8.859437549289906,13.180668195931935,0.2762592773664231,1.1341593913848367,0.46,False,1.0,True,True,,0.0,False,0.5,False,FAMILY_Q
6606,True,3,1,0.1319981040642546,0.22021542969396857,0.9563048766068495,0.044671077515216664,1.0,True,,False,False,gcd_k_not_2,0.0,False,1.0,True,FAMILY_F
6611,True,1,1,0.1319748022440929,0.24600798757486989,1.0220488087320398,0.021808384285111178,1.0,True,,False,False,gcd_k_not_2,0.0,False,1.0,True,FAMILY_F
6613,True,3,1,0.089984051067363,0.1417028298990549,0.9515598302127128,0.04964251573266635,1.0,True,,False,False,gcd_k_not_2,0.0,False,1.0,True,FAMILY_F
6615,True,6,2,8.866430545811506,13.190896270847658,0.271417031837853,1.1460959699571887,0.49,False,1.0,True,True,,0.0,False,0.5,False,FAMILY_Q
6616,True,6,2,9.111388307810094,13.548908182587232,0.2641510512473299,1.16417883452553,0.54,False,1.0,True,True,,0.0,False,0.5,False,FAMILY_Q
6617,True,9,1,0.21317836807920648,0.3454789782197331,0.9939095874731956,0.0061090157397985225,1.0,True,,False,False,gcd_k_not_2,0.0,False,1.0,True,FAMILY_F
6619,True,3,1,0.13248378749278064,0.21782873412384351,0.9823643779149768,0.01779251310354168,1.0,True,,False,False,gcd_k_not_2,0.0,False,1.0,True,FAMILY_F
6621,True,7,1,0.1798688561040854,0.3214284164779979,1.006368606381806,0.006348391179515966,1.0,True,,False,False,gcd_k_not_2,0.0,False,1.0,True,FAMILY_F
6623,True,9,1,0.1296934867238956,0.2361970798586976,0.8923702536692318,0.11375125573029726,1.0,True,,False,False,gcd_k_not_2,0.0,False,1.0,True,FAMILY_F
6627,True,7,1,0.17451027919818854,0.2851030413126959,0.9818497299367006,0.018316494726246572,1.0,True,,False,False,gcd_k_not_2,0.0,False,1.0,True,FAMILY_F
6630,True,9,1,0.23207522092122448,0.3971489065666916,1.1053934046014728,0.10011754038093666,1.0,True,,False,False,gcd_k_not_2,0.8,False,1.0,True,FAMILY_F
6636,True,9,1,0.10959797718778351,0.1732424768122619,0.9694428711174191,0.031031241708720795,1.0,True,,False,False,gcd_k_not_2,0.0,False,1.0,True,FAMILY_F
6639,True,1,1,0.07184775683573934,0.13158596809259065,1.089760888138577,0.08590541496690576,1.0,True,,False,False,gcd_k_not_2,0.4,False,1.0,True,FAMILY_F
6640,True,7,1,0.2825387994565645,0.4510957808623574,0.9978331701773816,0.002169179944515582,1.0,True,,False,False,gcd_k_not_2,0.0,False,1.0,True,FAMILY_F
6643,True,3,1,0.12234418420409605,0.19693652339802648,0.98174767800519,0.018420429802831987,1.0,True,,False,False,gcd_k_not_2,1.0,True,1.0,True,FAMILY_F
6645,True,9,1,0.10483382360827057,0.18652848983547238,1.0132414377520877,0.013154346521769004,1.0,True,,False,False,gcd_k_not_2,0.0,False,1.0,True,FAMILY_F
6647,True,6,2,8.946360328696029,13.307775853885193,0.2621101916163903,1.169295380522347,0.57,False,1.0,True,True,,0.0,False,0.5,False,FAMILY_Q
6651,True,3,1,0.11268634667267641,0.18421339560052208,0.9817300137425073,0.018438421107615614,1.0,True,,False,False,gcd_k_not_2,0.0,False,1.0,True,FAMILY_F
6653,True,7,1,0.10296142545564041,0.17984328924325566,1.000572634295047,0.0005724703869586688,1.0,True,,False,False,gcd_k_not_2,0.0,False,1.0,True,FAMILY_F
6654,True,1,1,0.1908049262403575,0.28250848911181775,1.0023880303663728,0.0023851824223457604,1.0,True,,False,False,gcd_k_not_2,0.0,False,1.0,True,FAMILY_F
6657,True,7,1,0.09636272000265297,0.15093502541663864,1.0128501569355846,0.012768120757829148,1.0,True,,False,False,gcd_k_not_2,0.0,False,1.0,True,FAMILY_F
6660,True,9,1,0.15560398644622728,0.24285368975652621,0.9608433258984769,0.03993860558296383,1.0,True,,False,False,gcd_k_not_2,0.0,False,1.0,True,FAMILY_F
6662,True,1,1,0.15758605296544353,0.2643333578127623,1.0008361223695583,0.0008357729653221601,1.0,True,,False,False,gcd_k_not_2,0.0,False,1.0,True,FAMILY_F
6667,True,7,1,0.14193595912470486,0.24651119141152444,1.0756770272131593,0.07291792145020222,1.0,True,,False,False,gcd_k_not_2,0.0,False,1.0,True,FAMILY_F
6668,True,3,1,0.17259918058091142,0.2505920261049329,1.0038664058345397,0.0038589457094365728,1.0,True,,False,False,gcd_k_not_2,0.0,False,1.0,True,FAMILY_F
6669,True,7,1,0.19402850643988165,0.28867182075513137,0.9639823499446256,0.03667818099932506,1.0,True,,False,False,gcd_k_not_2,0.7,False,1.0,True,FAMILY_F
6670,True,7,1,0.11688932643914608,0.19283672199236088,0.9975026858151552,0.002500436372455389,1.0,True,,False,False,gcd_k_not_2,0.0,False,1.0,True,FAMILY_F
6672,True,3,1,0.13493382992174863,0.22142405493973172,0.9930820397879111,0.006941972356366326,1.0,True,,False,False,gcd_k_not_2,0.09,False,1.0,True,FAMILY_F
6675,True,9,1,0.1968339793769201,0.27953595188515484,1.0113871494187434,0.011322682877867753,1.0,True,,False,False,gcd_k_not_2,0.86,False,1.0,True,FAMILY_F
6677,True,3,1,0.1551016415102508,0.22943003427162958,0.9539732169983317,0.04711096610871058,1.0,True,,False,False,gcd_k_not_2,0.0,False,1.0,True,FAMILY_F
6679,True,3,1,0.17510628009521204,0.2521389432234197,0.9957174220524501,0.004291767862752446,1.0,True,,False,False,gcd_k_not_2,0.0,False,1.0,True,FAMILY_F
6681,True,7,1,0.12844601134363792,0.24898390845886254,0.988601145632288,0.011464193704955033,1.0,True,,False,False,gcd_k_not_2,0.0,False,1.0,True,FAMILY_F
6683,True,7,1,0.21660221956760373,0.3496807828077763,1.0361517053928768,0.03550983484887381,1.0,True,,False,False,gcd_k_not_2,0.0,False,1.0,True,FAMILY_F
6684,True,3,1,0.14732700067230847,0.2435206711139102,1.007601822747813,0.007573038300401911,1.0,True,,False,False,gcd_k_not_2,0.0,False,1.0,True,FAMILY_F
6685,True,4,2,8.798183627349758,13.091060475699472,0.2711515842011114,1.1467529519808646,0.44,False,1.0,True,True,,0.0,False,0.5,False,FAMILY_Q
6686,True,7,1,0.15485659487104356,0.2826567838291351,0.9705873969461996,0.029851609829009185,1.0,True,,False,False,gcd_k_not_2,0.8,False,1.0,True,FAMILY_F
6689,True,1,1,0.15212725472708302,0.2832233950501204,0.9821960381309399,0.01796387595027972,1.0,True,,False,False,gcd_k_not_2,0.0,False,1.0,True,FAMILY_F
6692,True,7,1,0.19463985275896808,0.3701551283389066,1.0863148165788579,0.08274380826226123,1.0,True,,False,False,gcd_k_not_2,0.0,False,1.0,True,FAMILY_F
6693,True,7,1,0.11063239716450739,0.2017889111298364,1.0301651624808599,0.029716954106333068,1.0,True,,False,False,gcd_k_not_2,0.0,False,1.0,True,FAMILY_F
6694,True,7,1,0.17619284172228122,0.23579593063289148,0.9850680272856455,0.015044293202155232,1.0,True,,False,False,gcd_k_not_2,0.0,False,1.0,True,FAMILY_F
6697,True,4,2,8.960960235994438,13.329117709580338,0.2782702566112967,1.1292287208528404,0.47,False,1.0,True,True,,0.25,False,0.5,False,FAMILY_Q
6698,True,3,1,0.23248874579291798,0.40871422534786567,1.2640780832828191,0.23327648037643378,1.0,True,,False,False,gcd_k_not_2,0.4,False,1.0,True,FAMILY_F
6699,True,1,1,0.19455533856121984,0.3113763751163229,0.9751294658355703,0.025183700202567064,1.0,True,,False,False,gcd_k_not_2,0.0,False,1.0,True,FAMILY_F
6700,True,8,2,8.859086615714237,13.180159057124852,0.26438900194512066,1.163583354368354,0.51,False,1.0,True,True,,0.0,False,0.5,False,FAMILY_Q
6704,True,9,1,0.1406419377581903,0.243466971198666,1.0064394396221172,0.0064187729716177295,1.0,True,,False,False,gcd_k_not_2,0.0,False,1.0,True,FAMILY_F
6706,True,1,1,0.17638989982218828,0.2803993390627758,1.0394207958573782,0.038658815225825476,1.0,True,,False,False,gcd_k_not_2,0.0,False,1.0,True,FAMILY_F
6707,True,4,2,8.973166130645607,13.346958636521363,0.2613105334670738,1.171304681809683,0.57,False,1.0,True,True,,0.0,False,0.5,False,FAMILY_Q
6712,True,3,1,0.1444772168287662,0.22215779854230705,0.9880872062806458,0.01198417622901046,1.0,True,,False,False,gcd_k_not_2,1.0,True,1.0,True,FAMILY_F
6713,True,9,1,0.16808268027963796,0.30571072721023174,0.9375650387339037,0.0644468288991158,1.0,True,,False,False,gcd_k_not_2,0.5,False,1.0,True,FAMILY_F
6716,True,1,1,0.16489028591988047,0.27193184476287974,0.9631471843446687,0.03754462828790223,1.0,True,,False,False,gcd_k_not_2,0.3,False,1.0,True,FAMILY_F
6719,True,2,2,8.933378278665073,13.288795574333253,0.27858285146687173,1.1284636700789044,0.49,False,1.0,True,True,,0.25,False,0.5,False,FAMILY_Q
6720,True,9,1,0.1923706306204532,0.2955018510369162,0.9630573256278149,0.037637896652223675,1.0,True,,False,False,gcd_k_not_2,0.0,False,1.0,True,FAMILY_F
6721,True,9,1,0.14537931812885335,0.22870494690683144,0.9894209838838639,0.010635271470277818,1.0,True,,False,False,gcd_k_not_2,0.0,False,1.0,True,FAMILY_F
6723,True,1,1,0.1797408733774672,0.29671076820331477,1.036316635549707,0.03566894746690846,1.0,True,,False,False,gcd_k_not_2,0.0,False,1.0,True,FAMILY_F
6724,True,9,1,0.12457540631098224,0.2052380686870472,1.0077242388156353,0.0076945216542207,1.0,True,,False,False,gcd_k_not_2,0.0,False,1.0,True,FAMILY_F
6725,True,9,1,0.17100299256748286,0.2945762379329554,0.9828281614239511,0.017320551432673862,1.0,True,,False,False,gcd_k_not_2,0.0,False,1.0,True,FAMILY_F
6727,True,7,1,0.17178422926704393,0.28635373591716284,0.996355023706515,0.003651631348333663,1.0,True,,False,False,gcd_k_not_2,0.0,False,1.0,True,FAMILY_F
6728,True,3,1,0.1259988794404381,0.19910059370554073,0.994845434466939,0.00516788463306523,1.0,True,,False,False,gcd_k_not_2,0.0,False,1.0,True,FAMILY_F
6729,True,7,1,0.1438631985820193,0.24826573787941067,1.0625406435697817,0.06064427749800688,1.0,True,,False,False,gcd_k_not_2,1.0,True,1.0,True,FAMILY_F
6730,True,1,1,0.1977746951277791,0.28158773981467106,0.9657693572271727,0.03482671316141734,1.0,True,,False,False,gcd_k_not_2,1.0,True,1.0,True,FAMILY_F
6732,True,3,1,0.19407435690783587,0.37340545128559893,0.9551365201776217,0.04589293827758126,1.0,True,,False,False,gcd_k_not_2,0.0,False,1.0,True,FAMILY_F
6734,True,1,1,0.1815245632927408,0.23032977870578916,0.9803135430839758,0.01988216157464257,1.0,True,,False,False,gcd_k_not_2,0.0,False,1.0,True,FAMILY_F
6735,True,1,1,0.18179250883156603,0.3135772090200747,0.9904329938067472,0.00961298996049671,1.0,True,,False,False,gcd_k_not_2,0.0,False,1.0,True,FAMILY_F
6736,True,1,1,0.12666408233406817,0.25409982462071085,0.9872279872014353,0.01285409915804494,1.0,True,,False,False,gcd_k_not_2,0.0,False,1.0,True,FAMILY_F
6737,True,1,1,0.10115855154298595,0.1742149121307465,0.9481472684626152,0.0532328662999943,1.0,True,,False,False,gcd_k_not_2,0.0,False,1.0,True,FAMILY_F
6738,True,1,1,0.13851847444453694,0.22769718390046903,1.0374167311785472,0.03672958075386321,1.0,True,,False,False,gcd_k_not_2,0.0,False,1.0,True,FAMILY_F
6746,True,3,1,0.12177137780696785,0.18833814511677338,0.9945986544608687,0.005415972308064375,1.0,True,,False,False,gcd_k_not_2,0.0,False,1.0,True,FAMILY_F
6747,True,1,1,0.13109719429691136,0.21061335907477566,0.9845490186046055,0.015571277152184917,1.0,True,,False,False,gcd_k_not_2,0.0,False,1.0,True,FAMILY_F
6748,True,1,1,0.18676754367336035,0.2727934474491566,1.0760538602237508,0.07326771398460145,1.0,True,,False,False,gcd_k_not_2,0.0,False,1.0,True,FAMILY_F
6749,True,2,2,8.79518185846842,13.086665698034697,0.27120767562646664,1.1466141030251027,0.58,False,1.0,True,True,,0.0,False,0.5,False,FAMILY_Q
6753,True,7,1,0.17564449562571613,0.28670973817403306,1.0062000047075892,0.006180844076403868,1.0,True,,False,False,gcd_k_not_2,0.0,False,1.0,True,FAMILY_F
6754,True,3,1,0.21043753728376124,0.3632750071025701,0.9874225617374364,0.012657034799452262,1.0,True,,False,False,gcd_k_not_2,0.0,False,1.0,True,FAMILY_F
6755,True,1,1,0.15373644167651038,0.24983254559387422,0.8533005089183155,0.15831160718485532,1.0,True,,False,False,gcd_k_not_2,0.0,False,1.0,True,FAMILY_F
6756,True,3,1,0.1674031066285031,0.23796909864039853,0.9588362356357183,0.04202879609374033,1.0,True,,False,False,gcd_k_not_2,0.0,False,1.0,True,FAMILY_F
6758,True,9,1,0.13771449257449228,0.20329858080605942,0.9989500788899175,0.0010504725667441878,1.0,True,,False,False,gcd_k_not_2,0.0,False,1.0,True,FAMILY_F
6759,True,3,1,0.09646946978880339,0.15611403810616978,1.0546840067344336,0.05322862937094109,1.0,True,,False,False,gcd_k_not_2,0.0,False,1.0,True,FAMILY_F
6764,True,1,1,0.16005257841739048,0.24329350230454683,1.0092757235901175,0.009232902663596628,1.0,True,,False,False,gcd_k_not_2,0.0,False,1.0,True,FAMILY_F
6765,True,3,1,0.1396783070516241,0.22853914854062737,0.9812103312817204,0.01896786870288909,1.0,True,,False,False,gcd_k_not_2,0.03,False,1.0,True,FAMILY_F
6769,True,3,1,0.17927100123174197,0.29062464133002347,0.9739189698869551,0.02642563399098241,1.0,True,,False,False,gcd_k_not_2,0.0,False,1.0,True,FAMILY_F
6770,True,1,1,0.1327929689021263,0.23456576368823207,0.9758890261027575,0.024405190350997506,1.0,True,,False,False,gcd_k_not_2,0.6,False,1.0,True,FAMILY_F
6771,True,3,1,0.17189694892071972,0.2566767315378213,1.021669614554324,0.021437345052150013,1.0,True,,False,False,gcd_k_not_2,0.8,False,1.0,True,FAMILY_F
6772,True,1,1,0.1375304434659409,0.22165138902875436,0.958455816358432,0.04242544896296471,1.0,True,,False,False,gcd_k_not_2,0.0,False,1.0,True,FAMILY_F
6777,True,3,1,0.13778717906062052,0.19563995315276017,0.9812578155939757,0.018919480603189882,1.0,True,,False,False,gcd_k_not_2,0.0,False,1.0,True,FAMILY_F
6778,True,3,1,0.11748840061212444,0.20850782297297032,0.9746860505893805,0.025638454683025814,1.0,True,,False,False,gcd_k_not_2,0.0,False,1.0,True,FAMILY_F
6779,True,1,1,0.14515902269144207,0.216500131135412,1.0444927777015263,0.043524514428998046,1.0,True,,False,False,gcd_k_not_2,1.0,True,1.0,True,FAMILY_F
6780,True,7,1,0.143835270452959,0.2549824912383858,0.9910598134265921,0.00898032948394645,1.0,True,,False,False,gcd_k_not_2,0.0,False,1.0,True,FAMILY_F
6782,True,7,1,0.12798151175162129,0.22455788539136573,1.0492420864526146,0.04805882797171739,1.0,True,,False,False,gcd_k_not_2,0.0,False,1.0,True,FAMILY_F
6784,True,1,1,0.1137473103609192,0.2159047196900129,0.9972657898076859,0.0027379532621718723,1.0,True,,False,False,gcd_k_not_2,0.0,False,1.0,True,FAMILY_F
6785,True,3,1,0.1842949291094496,0.28608107340323674,0.950747877722925,0.05049563076758656,1.0,True,,False,False,gcd_k_not_2,0.0,False,1.0,True,FAMILY_F
6786,True,9,1,0.19207401506195296,0.3208341244733595,1.025389202464088,0.02507093691740782,1.0,True,,False,False,gcd_k_not_2,0.0,False,1.0,True,FAMILY_F
6789,True,2,2,8.752943175669293,13.024853134595684,0.24768309277284972,1.2059422967016438,0.52,False,1.0,True,True,,0.0,False,0.5,False,FAMILY_Q
6790,True,1,1,0.1369963620015967,0.19017539541242665,0.9789154871918083,0.02130915943066556,1.0,True,,False,False,gcd_k_not_2,0.0,False,1.0,True,FAMILY_F
6791,True,7,1,0.1014566802630117,0.16903736269392197,1.021889171960985,0.021652197622439646,1.0,True,,False,False,gcd_k_not_2,0.0,False,1.0,True,FAMILY_F
6796,True,9,1,0.14075864895352372,0.18618335790871582,1.0267680246104025,0.026414492714870917,1.0,True,,False,False,gcd_k_not_2,0.0,False,1.0,True,FAMILY_F
6798,True,2,2,8.894270070465037,13.231613119782955,0.27826629961239024,1.129238407687759,0.52,False,1.0,True,True,,0.0,False,0.5,False,FAMILY_Q
6801,True,1,1,0.13999937798856993,0.22401249235456383,1.0641097399132378,0.06211853824780889,1.0,True,,False,False,gcd_k_not_2,0.0,False,1.0,True,FAMILY_F
6802,True,9,1,0.17370865736206795,0.3138068838794208,0.9595003831011123,0.04133667668366859,1.0,True,,False,False,gcd_k_not_2,0.0,False,1.0,True,FAMILY_F
6803,True,3,1,0.1388107359890245,0.2390177056334597,0.9506869624505097,0.05055966282518432,1.0,True,,False,False,gcd_k_not_2,0.0,False,1.0,True,FAMILY_F
6804,True,3,1,0.21247745426738424,0.3744440382482805,0.9651615395288102,0.035456078058135665,1.0,True,,False,False,gcd_k_not_2,0.0,False,1.0,True,FAMILY_F
6807,True,9,1,0.1501663714335094,0.24308212605208376,1.004744158758822,0.004732931868732065,1.0,True,,False,False,gcd_k_not_2,0.3,False,1.0,True,FAMILY_F
6808,True,8,2,8.94183387121564,13.301156743756168,0.27227028248448143,1.1439860343109054,0.5,False,1.0,True,True,,0.0,False,0.5,False,FAMILY_Q
6812,True,9,1,0.14302668130316176,0.2603984746594162,0.93488545953857,0.06730583471019358,1.0,True,,False,False,gcd_k_not_2,0.0,False,1.0,True,FAMILY_F
6813,True,3,1,0.11866251802995191,0.20524825220637918,0.9995394064376133,0.0004606996600355441,1.0,True,,False,False,gcd_k_not_2,0.4,False,1.0,True,FAMILY_F
6814,True,7,1,0.11509655827942573,0.18374931154511895,0.9610417862653275,0.03973216073979302,1.0,True,,False,False,gcd_k_not_2,0.0,False,1.0,True,FAMILY_F
6815,True,7,1,0.1352753783959302,0.19635695353310414,0.98658073330349,0.01350991326105834,1.0,True,,False,False,gcd_k_not_2,0.0,False,1.0,True,FAMILY_F
6818,True,2,2,8.861677440071439,13.183946540298818,0.27170393699026874,1.1453861890738244,0.43,False,1.0,True,True,,0.0,False,0.5,False,FAMILY_Q
6819,True,1,1,0.09746013563805937,0.16725008504867545,1.013787725845926,0.013693325933977794,1.0,True,,False,False,gcd_k_not_2,0.0,False,1.0,True,FAMILY_F
6821,True,7,1,0.15133052050563697,0.26893149921016235,1.0203690732465547,0.02016371515113667,1.0,True,,False,False,gcd_k_not_2,0.0,False,1.0,True,FAMILY_F
6823,True,6,2,9.196000103482598,13.672444873366047,0.2640876462562888,1.1643375456174783,0.47,False,1.0,True,True,,0.0,False,0.5,False,FAMILY_Q
6824,True,7,1,0.19247335734010224,0.2858101098146195,0.9522197728958641,0.048949639551350475,1.0,True,,False,False,gcd_k_not_2,0.0,False,1.0,True,FAMILY_F
6825,True,7,1,0.18344552719066334,0.2753709737619772,0.9906376127368112,0.009406420539112604,1.0,True,,False,False,gcd_k_not_2,0.0,False,1.0,True,FAMILY_F
6828,True,9,1,0.1522579591070024,0.27045936753380173,0.9612327289500111,0.03953357546785767,1.0,True,,False,False,gcd_k_not_2,0.0,False,1.0,True,FAMILY_F
6830,True,1,1,0.19710049592098675,0.3583628206980205,0.9868711943111461,0.013215557934952833,1.0,True,,False,False,gcd_k_not_2,0.0,False,1.0,True,FAMILY_F
6832,True,3,1,0.14839730839719747,0.23074557545981006,0.9999755077704323,2.44925295060669e-05,1.0,True,,False,False,gcd_k_not_2,0.0,False,1.0,True,FAMILY_F
6834,True,1,1,0.1389928203026736,0.23193463887689483,1.011989192113868,0.011917750016610813,1.0,True,,False,False,gcd_k_not_2,1.0,True,1.0,True,FAMILY_F
6836,True,9,1,0.21617255221200882,0.34911181380315986,0.9836188526539167,0.01651642635294248,1.0,True,,False,False,gcd_k_not_2,0.0,False,1.0,True,FAMILY_F
6839,True,6,2,9.228044491309742,13.719213659466474,0.2703740105617234,1.1486790242436662,0.52,False,1.0,True,True,,0.2,False,0.5,False,FAMILY_Q
6840,True,9,1,0.20250730831274005,0.32569221879465593,1.0131219874932405,0.01303645539094244,1.0,True,,False,False,gcd_k_not_2,0.0,False,1.0,True,FAMILY_F
6841,True,1,1,0.14273320724363162,0.20862870282632104,0.9683136732686695,0.032196419871138575,1.0,True,,False,False,gcd_k_not_2,0.0,False,1.0,True,FAMILY_F
6845,True,9,1,0.2296241316337968,0.3675621393048413,0.9816562266115169,0.01851357782661386,1.0,True,,False,False,gcd_k_not_2,0.0,False,1.0,True,FAMILY_F
6846,True,7,1,0.17408082347069184,0.22553484834592644,1.0053731520286047,0.00535875532508177,1.0,True,,False,False,gcd_k_not_2,0.0,False,1.0,True,FAMILY_F
6848,True,7,1,0.1498690415710964,0.2471085382481176,0.9057339811618313,0.09892883242885696,1.0,True,,False,False,gcd_k_not_2,0.0,False,1.0,True,FAMILY_F
6849,True,3,1,0.10452917334904806,0.16580885235934234,1.024480697549667,0.024184668768931477,1.0,True,,False,False,gcd_k_not_2,0.0,False,1.0,True,FAMILY_F
6850,True,3,1,0.18252426609222042,0.2982755648862756,1.029635008602515,0.029202303347063228,1.0,True,,False,False,gcd_k_not_2,0.0,False,1.0,True,FAMILY_F
6851,True,1,1,0.14052624593135038,0.2643749133600567,1.0232112084903777,0.022944918842849694,1.0,True,,False,False,gcd_k_not_2,0.0,False,1.0,True,FAMILY_F
6852,True,2,2,8.81566029894981,13.116631024724432,0.279236348429217,1.126865496678254,0.48,False,1.0,True,True,,0.0,False,0.5,False,FAMILY_Q
6853,True,7,1,0.17881422191765958,0.27997316478543705,1.0153857567339917,0.015268299562585812,1.0,True,,False,False,gcd_k_not_2,0.0,False,1.0,True,FAMILY_F
6856,True,3,1,0.20076271660887046,0.3497526582616954,1.1584170984249802,0.1467900699457754,1.0,True,,False,False,gcd_k_not_2,0.0,False,1.0,True,FAMILY_F
6859,True,3,1,0.18253195701405434,0.30974774339465416,0.9501606992217337,0.051113019350821756,1.0,True,,False,False,gcd_k_not_2,0.0,False,1.0,True,FAMILY_F
6860,True,7,1,0.18113744125651096,0.27211985539342837,0.9828122953585949,0.017336693626157543,1.0,True,,False,False,gcd_k_not_2,0.0,False,1.0,True,FAMILY_F
6861,True,7,1,0.1248027251180767,0.24274860797302272,1.0337664981395995,0.033205875080042566,1.0,True,,False,False,gcd_k_not_2,0.0,False,1.0,True,FAMILY_F
6862,True,3,1,0.13525666588669794,0.2296233156579778,1.0035830489822433,0.0035766413416837214,1.0,True,,False,False,gcd_k_not_2,0.0,False,1.0,True,FAMILY_F
6867,True,7,1,0.16730944926843808,0.2388746806287426,0.9874035390007997,0.01267629925378253,1.0,True,,False,False,gcd_k_not_2,1.0,True,1.0,True,FAMILY_F
6869,True,3,1,0.147694854085896,0.2516595839782974,0.9862498105145935,0.013845377769319097,1.0,True,,False,False,gcd_k_not_2,0.0,False,1.0,True,FAMILY_F
6870,True,9,1,0.16141872685347147,0.3281960418329845,0.9784326180505158,0.021802493299707133,1.0,True,,False,False,gcd_k_not_2,0.0,False,1.0,True,FAMILY_F
6871,True,6,2,8.964860380332171,13.334824185207383,0.27656249413391304,1.1334149470792731,0.54,False,1.0,True,True,,0.0,False,0.5,False,FAMILY_Q
6872,True,9,1,0.13196901508769412,0.22090653548592212,1.0382593437732055,0.03754119306759082,1.0,True,,False,False,gcd_k_not_2,0.0,False,1.0,True,FAMILY_F
6874,True,3,1,0.27843325745479885,0.42976740018809173,1.0075103301196926,0.007482233099388168,1.0,True,,False,False,gcd_k_not_2,0.0,False,1.0,True,FAMILY_F
6875,True,3,1,0.13711425840248223,0.21567564890903293,0.9848938435340386,0.015221122797242687,1.0,True,,False,False,gcd_k_not_2,0.0,False,1.0,True,FAMILY_F
6877,True,9,1,0.14841312564583756,0.2560640168729612,1.0076828441280339,0.0076534440193123466,1.0,True,,False,False,gcd_k_not_2,0.0,False,1.0,True,FAMILY_F
6880,True,1,1,0.1395028249488167,0.2578695064949163,1.0141061408235021,0.014007346025701055,1.0,True,,False,False,gcd_k_not_2,0.0,False,1.0,True,FAMILY_F
6883,True,7,1,0.21395901230191963,0.32548503455796746,0.9655979779117774,0.0350041284889505,1.0,True,,False,False,gcd_k_not_2,0.0,False,1.0,True,FAMILY_F
6885,True,8,2,9.063887968194857,13.47952740237575,0.2676881825743568,1.1553500734518192,0.4,False,1.0,True,True,,0.0,False,0.5,False,FAMILY_Q
6886,True,9,1,0.13441220181723448,0.22198621102230626,1.0165642174060285,0.01642815761883911,1.0,True,,False,False,gcd_k_not_2,0.87,False,1.0,True,FAMILY_F
6887,True,9,1,0.12351398725754406,0.2396231024228997,0.9956904006370355,0.004318905739676724,1.0,True,,False,False,gcd_k_not_2,0.0,False,1.0,True,FAMILY_F
6889,True,9,1,0.1381060382360422,0.20918641622457634,1.035088370591078,0.034483387648554,1.0,True,,False,False,gcd_k_not_2,0.0,False,1.0,True,FAMILY_F
6891,True,1,1,0.14074111518099724,0.21136414683287993,0.9894822516619919,0.010573352267125502,1.0,True,,False,False,gcd_k_not_2,0.4,False,1.0,True,FAMILY_F
6892,True,7,1,0.1551398813612814,0.27916171275146595,0.9373678495696106,0.0646569524154158,1.0,True,,False,False,gcd_k_not_2,0.0,False,1.0,True,FAMILY_F
6894,True,1,1,0.16586241759256437,0.24075336601058703,1.0334440471674546,0.03289399304007556,1.0,True,,False,False,gcd_k_not_2,0.0,False,1.0,True,FAMILY_F
6895,True,1,1,0.18015186458102167,0.27779705945037364,1.0096744119071897,0.009627840061921758,1.0,True,,False,False,gcd_k_not_2,0.0,False,1.0,True,FAMILY_F
6897,True,1,1,0.17705255105202147,0.2975491300425312,0.9970072593716769,0.002997225587717404,1.0,True,,False,False,gcd_k_not_2,0.0,False,1.0,True,FAMILY_F
6898,True,7,1,0.1759102702411253,0.3177717543222484,0.9874051473911437,0.012674670411706956,1.0,True,,False,False,gcd_k_not_2,0.0,False,1.0,True,FAMILY_F
6899,True,1,1,0.13214675244108187,0.2168505119293331,1.0040117437504212,0.004003712815488137,1.0,True,,False,False,gcd_k_not_2,0.0,False,1.0,True,FAMILY_F
6900,True,7,1,0.14854345877366534,0.21490005847467836,1.0062181055407455,0.006198833041704129,1.0,True,,False,False,gcd_k_not_2,1.0,True,1.0,True,FAMILY_F
6901,True,4,2,8.744436673017544,13.012401977930399,0.273665024308911,1.140543175526387,0.54,False,1.0,True,True,,0.0,False,0.5,False,FAMILY_Q
6902,True,3,1,0.1401851681434382,0.18385832985787093,1.0189726641013035,0.01879437442482537,1.0,True,,False,False,gcd_k_not_2,0.0,False,1.0,True,FAMILY_F
6903,True,6,2,9.113825096057896,13.552466960344946,0.2557440580294403,1.1853624744814215,0.43,False,1.0,True,True,,0.0,False,0.5,False,FAMILY_Q
6906,True,4,2,8.999503549195857,13.385453789607357,0.2812087464283846,1.122051743051839,0.45,False,1.0,True,True,,0.25,False,0.5,False,FAMILY_Q
6908,True,1,1,0.08338262423706205,0.13399444643039501,1.0023995641873755,0.002396688683209182,1.0,True,,False,False,gcd_k_not_2,0.0,False,1.0,True,FAMILY_F
6910,True,9,1,0.08812394979361306,0.15496608536941597,1.0183679186410428,0.01820076356882421,1.0,True,,False,False,gcd_k_not_2,0.0,False,1.0,True,FAMILY_F
6912,True,9,1,0.22225406626709782,0.3687962796952474,0.9926686943937195,0.00735827850049207,1.0,True,,False,False,gcd_k_not_2,0.0,False,1.0,True,FAMILY_F
6914,True,1,1,0.15007718504564782,0.22967614136458295,1.0126095618489217,0.012530559416936891,1.0,True,,False,False,gcd_k_not_2,0.7,False,1.0,True,FAMILY_F
6915,True,8,2,8.947610689100191,13.309603016105259,0.27707241819935974,1.1321638013605368,0.5,False,1.0,True,True,,0.0,False,0.5,False,FAMILY_Q
6917,True,1,1,0.16589122789701372,0.265535895249422,0.9863612101358779,0.01373243677386272,1.0,True,,False,False,gcd_k_not_2,0.0,False,1.0,True,FAMILY_F
6918,True,7,1,0.10780282416985919,0.19000798257236584,1.0076380175646704,0.007608958883868426,1.0,True,,False,False,gcd_k_not_2,0.0,False,1.0,True,FAMILY_F
6919,True,9,1,0.1500203110211643,0.25725933801304174,0.9901336197506153,0.009915294281216173,1.0,True,,False,False,gcd_k_not_2,0.6,False,1.0,True,FAMILY_F
6920,True,3,1,0.3187884556388083,0.4862627543209704,1.0209168348628168,0.020700342044740073,1.0,True,,False,False,gcd_k_not_2,0.0,False,1.0,True,FAMILY_F
6923,True,1,1,0.20698928453051954,0.412799089233875,1.0173695423954716,0.01721999071607547,1.0,True,,False,False,gcd_k_not_2,0.0,False,1.0,True,FAMILY_F
6924,True,7,1,0.3192007189800761,0.5321838035301946,0.9795344990761099,0.020677084368513697,1.0,True,,False,False,gcd_k_not_2,0.0,False,1.0,True,FAMILY_F
6926,True,1,1,0.1326957692714845,0.20580993162297317,1.0189433803605406,0.018765638050887375,1.0,True,,False,False,gcd_k_not_2,0.0,False,1.0,True,FAMILY_F
6927,True,3,1,0.16262043302444426,0.24822306971476835,1.0141036388232754,0.014004878946065872,1.0,True,,False,False,gcd_k_not_2,0.0,False,1.0,True,FAMILY_F
6928,True,4,2,9.060627124057056,13.474765264581016,0.2545931227801567,1.1882846537019658,0.48,False,1.0,True,True,,0.0,False,0.5,False,FAMILY_Q
6930,True,3,1,0.239339975525888,0.3986198578920691,0.9168579584130174,0.08674825510369742,1.0,True,,False,False,gcd_k_not_2,0.0,False,1.0,True,FAMILY_F
6931,True,1,1,0.2129429503463222,0.3755736819224273,0.9751468721788786,0.025165852900553905,1.0,True,,False,False,gcd_k_not_2,0.0,False,1.0,True,FAMILY_F
6933,True,1,1,0.16188017242041516,0.24736964701088737,1.012412445353263,0.012335886097230103,1.0,True,,False,False,gcd_k_not_2,0.0,False,1.0,True,FAMILY_F
6934,True,7,1,0.09680030083109611,0.1745711412082273,0.9966441319704625,0.0033615084188543904,1.0,True,,False,False,gcd_k_not_2,0.0,False,1.0,True,FAMILY_F
6935,True,9,1,0.19662837748554451,0.33193865463932337,1.0262882992437266,0.025947244776114268,1.0,True,,False,False,gcd_k_not_2,0.0,False,1.0,True,FAMILY_F
6936,True,4,2,8.89966020845833,13.239491113076282,3.7280162944877837,1.1539792270463514,0.44,False,1.0,True,True,,0.0,False,0.5,False,FAMILY_Q
6937,True,3,1,0.14787977389309745,0.2417972873499739,1.0057223584559618,0.005706032474371979,1.0,True,,False,False,gcd_k_not_2,1.0,True,1.0,True,FAMILY_F
6941,True,3,1,0.19824348547152162,0.3175541376353455,0.9777078525896807,0.022543418009013966,1.0,True,,False,False,gcd_k_not_2,0.0,False,1.0,True,FAMILY_F
6945,True,1,1,0.1721154201215231,0.27629220506159685,0.9714139345774355,0.02900057154023494,1.0,True,,False,False,gcd_k_not_2,0.66,False,1.0,True,FAMILY_F
6946,True,1,1,0.21039515404344405,0.3188830708550162,0.9950831817287438,0.0049289356115927215,1.0,True,,False,False,gcd_k_not_2,0.0,False,1.0,True,FAMILY_F
6948,True,3,1,0.14153227295368212,0.2176007550633998,0.9978769694513807,0.0021252865727786146,1.0,True,,False,False,gcd_k_not_2,0.0,False,1.0,True,FAMILY_F
6951,True,9,1,0.12183264639074592,0.19935754336865347,0.9968616931414831,0.003143239082902861,1.0,True,,False,False,gcd_k_not_2,0.1,False,1.0,True,FAMILY_F
6952,True,3,1,0.1735979350647912,0.2988561837879752,1.0479883094739162,0.046863850981886994,1.0,True,,False,False,gcd_k_not_2,0.0,False,1.0,True,FAMILY_F
6953,True,9,1,0.16883907861438754,0.2541788524674006,1.003900250393623,0.003892659220793868,1.0,True,,False,False,gcd_k_not_2,0.0,False,1.0,True,FAMILY_F
6959,True,1,1,0.12233691133130416,0.2146818236359567,0.9997609287261076,0.00023909985484591156,1.0,True,,False,False,gcd_k_not_2,0.0,False,1.0,True,FAMILY_F
6960,True,1,1,0.14935378225232068,0.2005192453993132,1.0301805642532293,0.02973190147185834,1.0,True,,False,False,gcd_k_not_2,0.0,False,1.0,True,FAMILY_F
6961,True,3,1,0.11017107851495554,0.18733294306071344,1.0136880995754751,0.013595054346659587,1.0,True,,False,False,gcd_k_not_2,0.0,False,1.0,True,FAMILY_F
6965,True,7,1,0.2185037719598653,0.4088913600678205,0.9938077333176728,0.006211498309341325,1.0,True,,False,False,gcd_k_not_2,0.0,False,1.0,True,FAMILY_F
6970,True,9,1,0.16258917748244855,0.29760441098553475,0.9864621556984903,0.013630105424031558,1.0,True,,False,False,gcd_k_not_2,0.0,False,1.0,True,FAMILY_F
6972,True,3,1,0.14315933759470773,0.2771896355028047,0.9441633985341514,0.057440235227088306,1.0,True,,False,False,gcd_k_not_2,0.0,False,1.0,True,FAMILY_F
6973,True,9,1,0.13269176645941622,0.22919982078116458,0.9857452676690118,0.014357060357214148,1.0,True,,False,False,gcd_k_not_2,0.0,False,1.0,True,FAMILY_F
6975,True,2,2,9.295866646845829,13.818171287433708,0.2552422003684808,1.186636012417194,0.54,False,1.0,True,True,,0.0,False,0.5,False,FAMILY_Q
6978,True,3,1,0.164350313677473,0.2954455979995701,1.0216206345508587,0.021389408261221224,1.0,True,,False,False,gcd_k_not_2,0.2,False,1.0,True,FAMILY_F
6980,True,8,2,8.882437071101009,13.214308646923971,0.2686929494964813,1.1528511304390234,0.5,False,1.0,True,True,,0.0,False,0.5,False,FAMILY_Q
6981,True,1,1,0.18329129451554527,0.3214690344005559,1.0189211178156536,0.018743791076022837,1.0,True,,False,False,gcd_k_not_2,0.0,False,1.0,True,FAMILY_F
6982,True,1,1,0.13007250398146794,0.21710200730462956,1.0075418209544833,0.007513488262872128,1.0,True,,False,False,gcd_k_not_2,0.0,False,1.0,True,FAMILY_F
6984,True,9,1,0.16218113122093697,0.25897890340259727,1.0962173789852185,0.09180095533011695,1.0,True,,False,False,gcd_k_not_2,0.0,False,1.0,True,FAMILY_F
6986,True,1,1,0.15579835179950405,0.22423015795272866,0.9524913658542209,0.04866462917749593,1.0,True,,False,False,gcd_k_not_2,0.8,False,1.0,True,FAMILY_F
6989,True,7,1,0.09801457441453924,0.17454933493989871,1.0679413943877334,0.06570920682000195,1.0,True,,False,False,gcd_k_not_2,0.0,False,1.0,True,FAMILY_F
6991,True,4,2,8.689964012987835,12.932660940335923,0.2611469064866462,1.1717161414155637,0.52,False,1.0,True,True,,0.0,False,0.5,False,FAMILY_Q
6993,True,1,1,0.15392198817748023,0.2561113532999946,0.9764368430082394,0.02384407786681027,1.0,True,,False,False,gcd_k_not_2,0.0,False,1.0,True,FAMILY_F
6994,True,7,1,0.12864002869551358,0.1983338315007861,1.0025319531905803,0.0025287518499229277,1.0,True,,False,False,gcd_k_not_2,0.83,False,1.0,True,FAMILY_F
6998,True,9,1,0.18020236339866375,0.29004160939353235,1.0099893765609702,0.009939730704509134,1.0,True,,False,False,gcd_k_not_2,0.0,False,1.0,True,FAMILY_F
7001,True,9,1,0.13692004452692816,0.23850220967958458,1.112259573850798,0.10629335072312251,1.0,True,,False,False,gcd_k_not_2,0.0,False,1.0,True,FAMILY_F
7002,True,1,1,0.18301967378944184,0.3025235362777672,1.006228975399351,0.006209635565762041,1.0,True,,False,False,gcd_k_not_2,0.1,False,1.0,True,FAMILY_F
7003,True,4,2,8.883914067526797,13.216466974600035,0.27085311540157775,1.1474919890612514,0.52,False,1.0,True,True,,0.0,False,0.5,False,FAMILY_Q
7004,True,9,1,0.1609586701359894,0.24755540256010183,1.0026804365425133,0.0026768489806000798,1.0,True,,False,False,gcd_k_not_2,0.0,False,1.0,True,FAMILY_F
7005,True,1,1,0.4395866185415672,0.8191082413515106,1.0022176228575956,0.0022151666554912747,1.0,True,,False,False,gcd_k_not_2,0.0,False,1.0,True,FAMILY_F
7006,True,9,1,0.13631681181919578,0.20781798794615955,1.0079180810073711,0.007886856622555607,1.0,True,,False,False,gcd_k_not_2,0.0,False,1.0,True,FAMILY_F
7007,True,9,1,0.11639570838495572,0.19518522802987887,1.0143061734744607,0.014204566974824914,1.0,True,,False,False,gcd_k_not_2,0.0,False,1.0,True,FAMILY_F
7010,True,9,1,0.12924199075054366,0.19915093234480127,1.0343255111867398,0.03374633115298822,1.0,True,,False,False,gcd_k_not_2,0.0,False,1.0,True,FAMILY_F
7011,True,1,1,0.1367987287904654,0.23752359730631387,0.986641964270537,0.013447854187825842,1.0,True,,False,False,gcd_k_not_2,0.0,False,1.0,True,FAMILY_F
7012,True,7,1,0.17790599658547185,0.2941952163941394,0.9482385152251618,0.0531367020724935,1.0,True,,False,False,gcd_k_not_2,0.0,False,1.0,True,FAMILY_F
7015,True,8,2,8.830078294354522,13.13772286544628,0.2750576934274872,1.137112948393406,0.45,False,1.0,True,True,,0.0,False,0.5,False,FAMILY_Q
7016,True,3,1,0.21794732497744923,0.37611566572409394,1.018628709930813,0.018456796774134167,1.0,True,,False,False,gcd_k_not_2,0.0,False,1.0,True,FAMILY_F
7019,True,7,1,0.1380265656703075,0.2544378186667969,0.9526100505523857,0.04854010603316095,1.0,True,,False,False,gcd_k_not_2,0.0,False,1.0,True,FAMILY_F
7020,True,3,1,0.15682691150064967,0.26390183203410195,0.9801204674152784,0.020079114288102995,1.0,True,,False,False,gcd_k_not_2,0.0,False,1.0,True,FAMILY_F
7021,True,1,1,0.19297926913324254,0.3551678969118302,0.9961564251068629,0.003850975649797924,1.0,True,,False,False,gcd_k_not_2,0.0,False,1.0,True,FAMILY_F
7022,True,6,2,8.887577092399853,13.221827831750005,0.2673263589805751,1.156250930673896,0.51,False,1.0,True,True,,0.0,False,0.5,False,FAMILY_Q
7024,True,3,1,0.15288412778329588,0.254960161264708,1.0021251410488654,0.002122885333483298,1.0,True,,False,False,gcd_k_not_2,0.0,False,1.0,True,FAMILY_F
7025,True,7,1,0.18947598433428087,0.34428803011621845,0.9764095975835888,0.023871977190612143,1.0,True,,False,False,gcd_k_not_2,0.0,False,1.0,True,FAMILY_F
7026,True,4,2,8.755276327797107,13.028268569457584,0.2729633099458544,1.1422743835171025,0.51,False,1.0,True,True,,0.0,False,0.5,False,FAMILY_Q
7031,True,1,1,0.19369518726792065,0.29494004227262927,1.0087639061165339,0.00872567063739892,1.0,True,,False,False,gcd_k_not_2,0.0,False,1.0,True,FAMILY_F
7032,True,9,1,0.1651986567361592,0.30171380319341295,1.1297641475050246,0.12185776313028907,1.0,True,,False,False,gcd_k_not_2,0.0,False,1.0,True,FAMILY_F
7036,True,7,1,0.15168699217107845,0.2599467819436456,1.0168066781442995,0.01666662286120904,1.0,True,,False,False,gcd_k_not_2,0.0,False,1.0,True,FAMILY_F
7039,True,4,2,8.75746751084191,13.031475812068518,0.2731154878799528,1.1418987814381032,0.52,False,1.0,True,True,,0.0,False,0.5,False,FAMILY_Q
7041,True,7,1,0.11504305065836469,0.21390885581252841,0.9964580334012564,0.003548250491105347,1.0,True,,False,False,gcd_k_not_2,0.0,False,1.0,True,FAMILY_F
7043,True,7,1,0.15272458864228797,0.22273811846742275,0.9849341182592123,0.01518023354246188,1.0,True,,False,False,gcd_k_not_2,0.0,False,1.0,True,FAMILY_F
7044,True,3,1,0.2287664383674871,0.36435186484270227,0.9786824706987928,0.021547195790013494,1.0,True,,False,False,gcd_k_not_2,0.4,False,1.0,True,FAMILY_F
7046,True,7,1,0.206618781751497,0.3779270983236898,1.0748046886733298,0.07210769194970472,1.0,True,,False,False,gcd_k_not_2,0.1,False,1.0,True,FAMILY_F
7047,True,9,1,0.08971153397834156,0.1399553029841519,0.9766944649561382,0.02358031092516765,1.0,True,,False,False,gcd_k_not_2,0.0,False,1.0,True,FAMILY_F
7049,True,2,2,8.787388316938648,13.075261288913744,0.2686130758743859,1.153049638277627,0.45,False,1.0,True,True,,0.0,False,0.5,False,FAMILY_Q
7051,True,1,1,0.14430957533620564,0.26386237486595293,0.9761894432594377,0.024097443513603847,1.0,True,,False,False,gcd_k_not_2,0.0,False,1.0,True,FAMILY_F
7053,True,3,1,0.12741062861502925,0.1732402239669269,0.9582089804104975,0.04268290055614169,1.0,True,,False,False,gcd_k_not_2,0.0,False,1.0,True,FAMILY_F
7055,True,3,1,0.1729172305974373,0.27316046878040406,1.0009126404591375,0.0009122241927845202,1.0,True,,False,False,gcd_k_not_2,0.0,False,1.0,True,FAMILY_F
7056,True,8,2,8.913828707487417,13.260211591276825,0.27074384486210556,1.1477626401047483,0.5,False,1.0,True,True,,0.25,False,0.5,False,FAMILY_Q
7062,True,7,1,0.11084087127313873,0.19759532561894802,0.9998010019187985,0.0001990178832899937,1.0,True,,False,False,gcd_k_not_2,0.0,False,1.0,True,FAMILY_F
7067,True,9,1,0.09275107750933746,0.14463644769904707,1.008210964545415,0.00817739240585581,1.0,True,,False,False,gcd_k_not_2,0.0,False,1.0,True,FAMILY_F
7068,True,1,1,0.13972395285451503,0.2191279693267692,1.017614465572766,0.017460685253131835,1.0,True,,False,False,gcd_k_not_2,0.0,False,1.0,True,FAMILY_F
7070,True,7,1,0.18085125007356487,0.3041588066954988,1.0162969095586503,0.016165188253170107,1.0,True,,False,False,gcd_k_not_2,0.0,False,1.0,True,FAMILY_F
7071,True,9,1,0.17156256095874248,0.31524493558788474,0.968699263857853,0.03179839269184284,1.0,True,,False,False,gcd_k_not_2,0.0,False,1.0,True,FAMILY_F
7072,True,3,1,0.1316218720943999,0.21239489703239026,0.9912436633340734,0.008794841964508958,1.0,True,,False,False,gcd_k_not_2,0.0,False,1.0,True,FAMILY_F
7074,True,7,1,0.15473692338709857,0.2698155047474397,1.0612199645777747,0.05940168019895447,1.0,True,,False,False,gcd_k_not_2,0.0,False,1.0,True,FAMILY_F
7076,True,7,1,0.15556083026807166,0.2680867688002907,1.008816463157928,0.0087777687206606,1.0,True,,False,False,gcd_k_not_2,0.0,False,1.0,True,FAMILY_F
7082,True,2,2,9.099885759892478,13.532109172635503,0.24191442618415465,1.2208338317561893,0.53,False,1.0,True,True,,0.0,False,0.5,False,FAMILY_Q
7086,True,3,1,0.18328935809219868,0.313076522129037,0.9837813631540437,0.01635123421078022,1.0,True,,False,False,gcd_k_not_2,0.0,False,1.0,True,FAMILY_F
7087,True,6,2,9.012608283201896,13.404603930364802,0.26900441476767656,1.1520772926013039,0.52,False,1.0,True,True,,0.0,False,0.5,False,FAMILY_Q
7088,True,9,1,0.1296412553196737,0.2324532133488381,1.0063852998140321,0.006364978665487529,1.0,True,,False,False,gcd_k_not_2,0.0,False,1.0,True,FAMILY_F
7089,True,1,1,0.14295118353256928,0.280739238074165,1.0498906363640295,0.04867638836823251,1.0,True,,False,False,gcd_k_not_2,0.0,False,1.0,True,FAMILY_F
7090,True,3,1,0.12071851509085871,0.21132265735553504,0.9765668855452783,0.023710924862790302,1.0,True,,False,False,gcd_k_not_2,0.0,False,1.0,True,FAMILY_F
7092,True,7,1,0.22153893687806553,0.3679903617662162,0.9856009379034506,0.014503480353663691,1.0,True,,False,False,gcd_k_not_2,0.0,False,1.0,True,FAMILY_F
7094,True,6,2,9.058616927341982,13.471826838633579,0.262948435229986,1.1671918571019015,0.49,False,1.0,True,True,,0.25,False,0.5,False,FAMILY_Q
7098,True,3,1,0.1945131852279914,0.3716951749558253,0.9825731422805607,0.017580040148625332,1.0,True,,False,False,gcd_k_not_2,0.0,False,1.0,True,FAMILY_F
7100,True,2,2,9.00089216504687,13.387481985449556,0.26516958467932933,1.1616314907015743,0.58,False,1.0,True,True,,0.0,False,0.5,False,FAMILY_Q
7101,True,7,1,0.10451948873881849,0.21601303401265906,0.9788897851517186,0.021335412418294848,1.0,True,,False,False,gcd_k_not_2,0.0,False,1.0,True,FAMILY_F
7102,True,3,1,0.14287424845289207,0.26585628228118613,1.0070759989380762,0.007051052318716324,1.0,True,,False,False,gcd_k_not_2,0.0,False,1.0,True,FAMILY_F
7103,True,4,2,8.588163311314656,12.78356530171122,0.2656722418965427,1.1603758600300913,0.51,False,1.0,True,True,,0.0,False,0.5,False,FAMILY_Q
7104,True,2,2,8.708886670519513,12.96036321517007,0.2552329394753791,1.1866595228705425,0.54,False,1.0,True,True,,0.0,False,0.5,False,FAMILY_Q
7105,True,7,1,0.10088994163178563,0.19791321169118156,0.9895739936417648,0.010480641978186652,1.0,True,,False,False,gcd_k_not_2,0.0,False,1.0,True,FAMILY_F
7106,True,4,2,8.862710827852847,13.185456942742212,0.2711845416802134,1.1466713674105262,0.51,False,1.0,True,True,,0.0,False,0.5,False,FAMILY_Q
7107,True,3,1,0.14826500397457795,0.23901954877908238,0.9888566311113263,0.01120580409302508,1.0,True,,False,False,gcd_k_not_2,0.0,False,1.0,True,FAMILY_F
7109,True,3,1,0.1618366364716291,0.2670516428145481,1.0038547189639748,0.003847303826464868,1.0,True,,False,False,gcd_k_not_2,0.0,False,1.0,True,FAMILY_F
7111,True,3,1,0.13627673676249977,0.1978362904525772,0.9722116815912282,0.028179853783597424,1.0,True,,False,False,gcd_k_not_2,0.0,False,1.0,True,FAMILY_F
7115,True,3,1,0.18900891218213167,0.3486770400599658,0.9896251016207176,0.010428998277948088,1.0,True,,False,False,gcd_k_not_2,0.0,False,1.0,True,FAMILY_F
7118,True,1,1,0.09924646833709605,0.16643527512339226,0.9220750021012164,0.08108424261654294,1.0,True,,False,False,gcd_k_not_2,0.0,False,1.0,True,FAMILY_F
7119,True,9,1,0.2245649202549557,0.3534405913048817,0.9839121496223768,0.016218309243869827,1.0,True,,False,False,gcd_k_not_2,0.0,False,1.0,True,FAMILY_F
7121,True,3,1,0.2363837215197865,0.4009200956752215,0.9833951855926849,0.016743828489583813,1.0,True,,False,False,gcd_k_not_2,0.0,False,1.0,True,FAMILY_F
7122,True,7,1,0.14580421216402695,0.2557205448273008,1.041410528373674,0.04057050534236684,1.0,True,,False,False,gcd_k_not_2,0.0,False,1.0,True,FAMILY_F
7123,True,3,1,0.1970592630295434,0.29051312818948755,0.9774266671687076,0.022831018925837547,1.0,True,,False,False,gcd_k_not_2,0.0,False,1.0,True,FAMILY_F
7124,True,3,1,0.1081608226926626,0.17877245489095653,1.0053746446241747,0.0053602399318077275,1.0,True,,False,False,gcd_k_not_2,0.0,False,1.0,True,FAMILY_F
7129,True,4,2,8.976857536548607,13.352354502448451,0.2796111065215442,1.1259497355204096,0.48,False,1.0,True,True,,0.25,False,0.5,False,FAMILY_Q
7130,True,3,1,0.1269031345155955,0.22671021038903025,1.0091166932718674,0.009075324795615215,1.0,True,,False,False,gcd_k_not_2,0.18,False,1.0,True,FAMILY_F
7132,True,1,1,0.20099681890434712,0.2715198472961474,0.9844306865254384,0.015691466152261573,1.0,True,,False,False,gcd_k_not_2,1.0,True,1.0,True,FAMILY_F
7134,True,7,1,0.10748754193119259,0.18450068528145755,0.9833720318393884,0.01676737182301677,1.0,True,,False,False,gcd_k_not_2,0.0,False,1.0,True,FAMILY_F
7135,True,9,1,0.13340258016586806,0.20344059001854112,0.9782083088251793,0.022031745673702457,1.0,True,,False,False,gcd_k_not_2,1.0,True,1.0,True,FAMILY_F
7136,True,3,1,0.13208129154235568,0.21768764800362458,0.9853033167999602,0.014805478916671418,1.0,True,,False,False,gcd_k_not_2,0.0,False,1.0,True,FAMILY_F
7139,True,9,1,0.16472668823762762,0.27116277418771095,0.9655370933396819,0.03506716487528768,1.0,True,,False,False,gcd_k_not_2,0.0,False,1.0,True,FAMILY_F
7140,True,3,1,0.1519634577335127,0.26625402106552487,1.0283937413466544,0.02799628175524114,1.0,True,,False,False,gcd_k_not_2,0.0,False,1.0,True,FAMILY_F
7144,True,2,2,8.965868847966995,13.336291892119082,0.2510202803833354,1.1973902123907434,0.49,False,1.0,True,True,,0.25,False,0.5,False,FAMILY_Q
7146,True,1,1,0.22039029928689988,0.307780066372627,0.9763644124427904,0.02391824848535503,1.0,True,,False,False,gcd_k_not_2,0.0,False,1.0,True,FAMILY_F
7147,True,9,1,0.14512715306735907,0.20689069772277857,0.9828342174522154,0.017314390075274404,1.0,True,,False,False,gcd_k_not_2,0.0,False,1.0,True,FAMILY_F
7152,True,1,1,0.18837383542036348,0.34007342260224327,0.9945398519494593,0.005475095466459558,1.0,True,,False,False,gcd_k_not_2,0.0,False,1.0,True,FAMILY_F
7153,True,1,1,0.15850370044366696,0.26211655896657043,1.019990343339197,0.019792513766329744,1.0,True,,False,False,gcd_k_not_2,0.0,False,1.0,True,FAMILY_F
7154,True,9,1,0.06707318751867097,0.10926077858127563,0.9729444495399034,0.02742657094720132,1.0,True,,False,False,gcd_k_not_2,0.0,False,1.0,True,FAMILY_F
7155,True,9,1,0.13026475496566928,0.19900477521263119,1.055286410133273,0.05379922706703258,1.0,True,,False,False,gcd_k_not_2,0.0,False,1.0,True,FAMILY_F
7162,True,3,1,0.10733429023931808,0.16690137829862617,0.9922407498441744,0.007789470380457281,1.0,True,,False,False,gcd_k_not_2,0.0,False,1.0,True,FAMILY_F
7163,True,7,1,0.15996782798033976,0.23990912232067793,0.9897692124021487,0.010283391193393911,1.0,True,,False,False,gcd_k_not_2,0.9,False,1.0,True,FAMILY_F
7164,True,7,1,0.16325483140018077,0.3015121840834868,0.9672417554076386,0.033303730466592775,1.0,True,,False,False,gcd_k_not_2,0.0,False,1.0,True,FAMILY_F
7166,True,2,2,8.71632724599163,12.971256114454034,0.25981756524579014,1.1750628903317448,0.41,False,1.0,True,True,,0.0,False,0.5,False,FAMILY_Q
7167,True,3,1,0.13486015183975691,0.2597364871479001,0.9506828839235256,0.050563950176545205,1.0,True,,False,False,gcd_k_not_2,0.0,False,1.0,True,FAMILY_F
7168,True,9,1,0.13771021791367752,0.23632092833334084,0.9686833881534964,0.031814777363338924,1.0,True,,False,False,gcd_k_not_2,0.0,False,1.0,True,FAMILY_F
7170,True,7,1,0.11207828472991452,0.19348380211453503,0.9862746276061372,0.013820216200822825,1.0,True,,False,False,gcd_k_not_2,0.0,False,1.0,True,FAMILY_F
7172,True,7,1,0.09277623903219719,0.1607093546570781,0.9856509429062414,0.014452748752262557,1.0,True,,False,False,gcd_k_not_2,0.0,False,1.0,True,FAMILY_F
7173,True,7,1,0.1794346845084018,0.31352687279996305,0.9931105737337854,0.006913240396199664,1.0,True,,False,False,gcd_k_not_2,0.0,False,1.0,True,FAMILY_F
7175,True,7,1,0.19508141927054476,0.3161539030993046,0.9981254412266196,0.0018763174070089103,1.0,True,,False,False,gcd_k_not_2,0.0,False,1.0,True,FAMILY_F
7176,True,1,1,0.13006041018529288,0.1925667981638985,0.9579568253049963,0.04294596709348233,1.0,True,,False,False,gcd_k_not_2,0.0,False,1.0,True,FAMILY_F
7177,True,1,1,0.12085719253600527,0.20852899497447108,0.9854634590850238,0.014642969981099792,1.0,True,,False,False,gcd_k_not_2,0.0,False,1.0,True,FAMILY_F
7178,True,9,1,0.11813541315706179,0.22988308405940805,0.9889681479889114,0.011093040401117632,1.0,True,,False,False,gcd_k_not_2,0.0,False,1.0,True,FAMILY_F
7180,True,1,1,0.15983586042060363,0.3063150770943242,1.003006071171425,0.0030015597203527904,1.0,True,,False,False,gcd_k_not_2,0.0,False,1.0,True,FAMILY_F
7181,True,1,1,0.221918256435911,0.28979729704914176,1.009556394030624,0.009510948843248497,1.0,True,,False,False,gcd_k_not_2,0.0,False,1.0,True,FAMILY_F
7182,True,3,1,0.16504753609820122,0.27764896347605617,0.9984576543772034,0.0015435359557591831,1.0,True,,False,False,gcd_k_not_2,0.0,False,1.0,True,FAMILY_F
7184,True,7,1,0.14738810494549415,0.2020223603529799,0.9783507403252388,0.021886169356604597,1.0,True,,False,False,gcd_k_not_2,0.0,False,1.0,True,FAMILY_F
7185,True,1,1,0.17906177300285941,0.2977689897216357,1.010785084018113,0.010727236942260781,1.0,True,,False,False,gcd_k_not_2,0.0,False,1.0,True,FAMILY_F
7188,True,1,1,0.1603229217257495,0.25687611920749526,0.9957624420385055,0.004246555473973345,1.0,True,,False,False,gcd_k_not_2,0.0,False,1.0,True,FAMILY_F
7190,True,3,1,0.1569842910051031,0.2757120593256678,0.9921123563895846,0.007918874239313032,1.0,True,,False,False,gcd_k_not_2,0.0,False,1.0,True,FAMILY_F
7191,True,6,2,8.98404197368465,13.362858228015863,0.2778865257770268,1.1301683829616838,0.47,False,1.0,True,True,,0.0,False,0.5,False,FAMILY_Q
7192,True,1,1,0.13756676491896389,0.2619094421505243,0.9322834612877416,0.07008965306480415,1.0,True,,False,False,gcd_k_not_2,0.0,False,1.0,True,FAMILY_F
7193,True,6,2,9.225240252814128,13.715122117581922,0.26253653348906336,1.1682251514305584,0.53,False,1.0,True,True,,0.0,False,0.5,False,FAMILY_Q
7194,True,7,1,0.13651048048455794,0.258537624866162,0.9997532510001427,0.00024677944614810785,1.0,True,,False,False,gcd_k_not_2,0.0,False,1.0,True,FAMILY_F
7195,True,1,1,0.17233118646708057,0.26910296959822416,0.9933070024439092,0.006715470871155087,1.0,True,,False,False,gcd_k_not_2,0.0,False,1.0,True,FAMILY_F
7197,True,4,2,8.591175029938967,12.787982899317102,0.2710370240275827,1.1470365728018292,0.43,False,1.0,True,True,,0.25,False,0.5,False,FAMILY_Q
7198,True,1,1,0.15184275059915017,0.2385451493711072,0.9905520740688626,0.0094927694223292,1.0,True,,False,False,gcd_k_not_2,0.0,False,1.0,True,FAMILY_F
7199,True,8,2,8.979509625348909,13.356231838316662,0.26797546968874153,1.1546351610271348,0.57,False,1.0,True,True,,0.0,False,0.5,False,FAMILY_Q
7200,True,1,1,0.14162959878011513,0.2334999797765055,1.0062345641927133,0.0062151896931574545,1.0,True,,False,False,gcd_k_not_2,0.0,False,1.0,True,FAMILY_F
7201,True,3,1,0.22201678649138873,0.3636483543463462,0.9989734204548663,0.0010271067485231125,1.0,True,,False,False,gcd_k_not_2,0.0,False,1.0,True,FAMILY_F
7202,True,9,1,0.24118298890373466,0.41317238831025727,1.0115041834644813,0.0114383888028184,1.0,True,,False,False,gcd_k_not_2,0.0,False,1.0,True,FAMILY_F
7203,True,7,1,0.24878849830548513,0.46690157422882,1.0090295605649147,0.008988977307407806,1.0,True,,False,False,gcd_k_not_2,0.0,False,1.0,True,FAMILY_F
7205,True,1,1,0.1367459156552444,0.18718652087634655,1.0299070721430925,0.029466444600853448,1.0,True,,False,False,gcd_k_not_2,0.0,False,1.0,True,FAMILY_F
7207,True,1,1,0.13772096814135362,0.2325613882131554,0.980722965032311,0.01946464529164936,1.0,True,,False,False,gcd_k_not_2,0.0,False,1.0,True,FAMILY_F
7210,True,7,1,0.13140033934774498,0.2277440341362279,0.9650074664123179,0.03561567493844782,1.0,True,,False,False,gcd_k_not_2,0.0,False,1.0,True,FAMILY_F
7211,True,1,1,0.151117246011615,0.2582713669524729,0.9992828263507109,0.0007174309105612648,1.0,True,,False,False,gcd_k_not_2,0.0,False,1.0,True,FAMILY_F
7213,True,9,1,0.14204743776332845,0.251249664966909,0.9804701653883767,0.01972242243577894,1.0,True,,False,False,gcd_k_not_2,0.0,False,1.0,True,FAMILY_F
7219,True,9,1,0.19433467585296332,0.36055228576412085,1.0043230646219066,0.0043137403327962185,1.0,True,,False,False,gcd_k_not_2,0.0,False,1.0,True,FAMILY_F
7220,True,1,1,0.2341800347663328,0.42367205417651566,1.0008259619602915,0.0008256209945240518,1.0,True,,False,False,gcd_k_not_2,0.0,False,1.0,True,FAMILY_F
7221,True,1,1,0.16332873072226212,0.2714516190786892,0.9851970074675893,0.01491337381300412,1.0,True,,False,False,gcd_k_not_2,0.0,False,1.0,True,FAMILY_F
7224,True,4,2,8.743321602074433,13.010770649979404,0.27104621595760836,1.14701381411721,0.55,False,1.0,True,True,,0.0,False,0.5,False,FAMILY_Q
7226,True,9,1,0.12811673699686646,0.2156707983983252,0.9876376063198211,0.012439283339047163,1.0,True,,False,False,gcd_k_not_2,0.0,False,1.0,True,FAMILY_F
7227,True,9,1,0.11748061212582704,0.17144348174950144,1.0159126380245567,0.01578703136674598,1.0,True,,False,False,gcd_k_not_2,0.0,False,1.0,True,FAMILY_F
7228,True,7,1,0.13805986125327402,0.23653625726461297,0.9823086485258364,0.01784924006392235,1.0,True,,False,False,gcd_k_not_2,0.0,False,1.0,True,FAMILY_F
7231,True,3,1,0.09282787716858168,0.1531017000082824,1.000275393047334,0.0002753551318896336,1.0,True,,False,False,gcd_k_not_2,0.0,False,1.0,True,FAMILY_F
7232,True,9,1,0.11016066621062928,0.2022484998906363,1.042528569567694,0.0416430596872339,1.0,True,,False,False,gcd_k_not_2,0.0,False,1.0,True,FAMILY_F
7234,True,1,1,0.05947904067223726,0.10852956874674466,0.98633539780253,0.013758605130419675,1.0,True,,False,False,gcd_k_not_2,0.0,False,1.0,True,FAMILY_F
7235,True,7,1,0.11437542716442282,0.20334896178739897,0.9889749130816258,0.011086200078101953,1.0,True,,False,False,gcd_k_not_2,0.0,False,1.0,True,FAMILY_F
7236,True,1,1,0.23988698741551845,0.41712039567948467,0.9832160306725988,0.01692601216188137,1.0,True,,False,False,gcd_k_not_2,0.0,False,1.0,True,FAMILY_F
7242,True,7,1,0.13895244124148848,0.26303238639074983,1.0391060803637033,0.03835610196084365,1.0,True,,False,False,gcd_k_not_2,0.0,False,1.0,True,FAMILY_F
7244,True,9,1,0.22142364562547034,0.348992281487732,0.9807097065078109,0.01947816323493449,1.0,True,,False,False,gcd_k_not_2,0.0,False,1.0,True,FAMILY_F
7245,True,9,1,0.21799507474247282,0.3900504204183294,0.9748130995750747,0.0255081358639406,1.0,True,,False,False,gcd_k_not_2,0.0,False,1.0,True,FAMILY_F
7246,True,7,1,0.1394502700171639,0.2262465998212076,0.9876802189086128,0.012396139956709656,1.0,True,,False,False,gcd_k_not_2,0.5,False,1.0,True,FAMILY_F
7250,True,7,1,0.1364223792940109,0.22984482158418995,1.0309309140005658,0.030459838675297387,1.0,True,,False,False,gcd_k_not_2,0.0,False,1.0,True,FAMILY_F
7252,True,9,1,0.13847229609170655,0.2596502084595418,0.9874690826482908,0.012609924311387796,1.0,True,,False,False,gcd_k_not_2,0.3,False,1.0,True,FAMILY_F
7253,True,7,1,0.11390870701483087,0.17945454782270132,0.9953723162406465,0.004638416321293155,1.0,True,,False,False,gcd_k_not_2,0.0,False,1.0,True,FAMILY_F
7254,True,3,1,0.16297884574649504,0.2635649016265266,0.9685719477810845,0.03192979789673455,1.0,True,,False,False,gcd_k_not_2,0.6,False,1.0,True,FAMILY_F
7255,True,3,1,0.18857541346837065,0.266202346224371,0.9824744723994401,0.017680457271511144,1.0,True,,False,False,gcd_k_not_2,0.0,False,1.0,True,FAMILY_F
7256,True,1,1,0.14859341297008702,0.23261143553863162,1.1042119775431967,0.09905083580492766,1.0,True,,False,False,gcd_k_not_2,0.0,False,1.0,True,FAMILY_F
7258,True,1,1,0.3152019002678193,0.5039235143592011,0.9932560909759429,0.006766726116717957,1.0,True,,False,False,gcd_k_not_2,0.0,False,1.0,True,FAMILY_F
7259,True,2,2,9.01051665237834,13.401546083196891,0.2548169500538956,1.1877159452047537,0.48,False,1.0,True,True,,0.0,False,0.5,False,FAMILY_Q
7260,True,3,1,0.13586351023481216,0.2225252214959994,1.0038940187481886,0.003886451790121349,1.0,True,,False,False,gcd_k_not_2,0.0,False,1.0,True,FAMILY_F
7261,True,1,1,0.12146638260906126,0.18420607510870624,0.9991386268875436,0.000861744254121584,1.0,True,,False,False,gcd_k_not_2,0.0,False,1.0,True,FAMILY_F
7262,True,3,1,0.12048120522811231,0.23356993968737202,1.0313478880467966,0.030864125471820044,1.0,True,,False,False,gcd_k_not_2,1.0,True,1.0,True,FAMILY_F
7263,True,6,2,8.827022238173168,13.133254202944507,0.27671260803122616,1.1330465249875301,0.5,False,1.0,True,True,,0.25,False,0.5,False,FAMILY_Q
7265,True,3,1,0.13237709874976142,0.21297457985063262,0.9912807936766237,0.008757385046914977,1.0,True,,False,False,gcd_k_not_2,0.0,False,1.0,True,FAMILY_F
7266,True,7,1,0.14817499511929366,0.2955869821523359,0.9950932893315988,0.004918778179084649,1.0,True,,False,False,gcd_k_not_2,0.0,False,1.0,True,FAMILY_F
7268,True,9,1,0.14994116107542668,0.2201792858007976,0.9285805888656852,0.07406422272073258,1.0,True,,False,False,gcd_k_not_2,0.0,False,1.0,True,FAMILY_F
7272,True,1,1,0.14334539814565825,0.255343928993186,1.0087301187347937,0.008692176866738514,1.0,True,,False,False,gcd_k_not_2,0.0,False,1.0,True,FAMILY_F
7273,True,7,1,0.1442112730107387,0.24074133034998005,0.992333753091588,0.0076957456515666,1.0,True,,False,False,gcd_k_not_2,0.0,False,1.0,True,FAMILY_F
7279,True,7,1,0.13911642909232325,0.2110371432963143,1.0935922172114259,0.0894082586303139,1.0,True,,False,False,gcd_k_not_2,0.0,False,1.0,True,FAMILY_F
7280,True,9,1,0.12692623355193788,0.23287864593779184,1.0368366417558563,0.036170442931644405,1.0,True,,False,False,gcd_k_not_2,0.0,False,1.0,True,FAMILY_F
7281,True,7,1,0.18864084494887,0.28734371846168855,1.0213529633900147,0.021127397121385033,1.0,True,,False,False,gcd_k_not_2,0.0,False,1.0,True,FAMILY_F
7284,True,1,1,0.16939768345989653,0.3127239279833932,1.1542530374116227,0.14320790987205545,1.0,True,,False,False,gcd_k_not_2,0.0,False,1.0,True,FAMILY_F
7286,True,7,1,0.09732574986596063,0.18672553976924675,1.0185506731647624,0.018380190709483678,1.0,True,,False,False,gcd_k_not_2,0.0,False,1.0,True,FAMILY_F
7289,True,9,1,0.1547848452901862,0.24308910450107524,0.9992972246091131,0.0007030224243164224,1.0,True,,False,False,gcd_k_not_2,0.0,False,1.0,True,FAMILY_F
7290,True,2,2,8.977217299776678,13.352881614438136,0.2573718429549198,1.1812387261668706,0.4,False,1.0,True,True,,0.39,False,0.5,False,FAMILY_Q
7292,True,2,2,8.919725770940701,13.268838621449186,0.27258049210325574,1.1432196429390529,0.49,False,1.0,True,True,,0.0,False,0.5,False,FAMILY_Q
7296,True,1,1,0.16377192957709902,0.2509970888274614,1.006234774573114,0.00621539876801359,1.0,True,,False,False,gcd_k_not_2,0.0,False,1.0,True,FAMILY_F
7297,True,9,1,0.13266824799286564,0.23909848102664105,1.0945862525292773,0.09031497501242702,1.0,True,,False,False,gcd_k_not_2,0.0,False,1.0,True,FAMILY_F
7298,True,6,2,8.686409913885477,12.927453772063997,3.9377981292642064,1.189922330705721,0.53,False,1.0,True,True,,0.0,False,0.5,False,FAMILY_Q
7299,True,1,1,0.1737595511734538,0.3291831902728145,0.9731179349059879,0.027248310522597307,1.0,True,,False,False,gcd_k_not_2,0.0,False,1.0,True,FAMILY_F
7302,True,1,1,0.16312846867534872,0.25517786839195666,0.9988917396762764,0.0011088747846875,1.0,True,,False,False,gcd_k_not_2,0.0,False,1.0,True,FAMILY_F
7303,True,7,1,0.1863593426810391,0.3096248698964831,1.004380110398178,0.004370538677225164,1.0,True,,False,False,gcd_k_not_2,0.0,False,1.0,True,FAMILY_F
7304,True,4,2,8.993480499744836,13.37665120938715,0.27900936968938284,1.1274204042550764,0.5,False,1.0,True,True,,0.26,False,0.5,False,FAMILY_Q
7309,True,9,1,0.12021076228321255,0.20178998180591717,0.9930746983770047,0.006949364846821524,1.0,True,,False,False,gcd_k_not_2,0.0,False,1.0,True,FAMILY_F
7314,True,1,1,0.1592707082137624,0.276745360572433,0.990192853079353,0.009855473961202003,1.0,True,,False,False,gcd_k_not_2,0.0,False,1.0,True,FAMILY_F
7317,True,7,1,0.17043925891225067,0.2607708738099586,0.9669900224878168,0.03356395013171718,1.0,True,,False,False,gcd_k_not_2,0.0,False,1.0,True,FAMILY_F
7320,True,1,1,0.21566953202953879,0.33782577466913977,0.9869810519628228,0.013104249810854014,1.0,True,,False,False,gcd_k_not_2,0.0,False,1.0,True,FAMILY_F
7321,True,7,1,0.09853030907101339,0.15401395159214168,1.0134552558815877,0.013365338854472128,1.0,True,,False,False,gcd_k_not_2,0.0,False,1.0,True,FAMILY_F
7323,True,7,1,0.13421400946588516,0.187472850106841,1.0136391768809743,0.013546793325804008,1.0,True,,False,False,gcd_k_not_2,0.0,False,1.0,True,FAMILY_F
7325,True,3,1,0.13554510548654913,0.23429987173576974,0.9938684777431369,0.006150377846189102,1.0,True,,False,False,gcd_k_not_2,0.0,False,1.0,True,FAMILY_F
7326,True,3,1,0.12415568418569699,0.1983394166462695,1.0305208372273633,0.030062077342716674,1.0,True,,False,False,gcd_k_not_2,0.0,False,1.0,True,FAMILY_F
7327,True,3,1,0.17616338216293198,0.30599593015720083,0.993607974387345,0.0064125201090443305,1.0,True,,False,False,gcd_k_not_2,0.0,False,1.0,True,FAMILY_F
7328,True,3,1,0.1297704904843831,0.1990470557547234,0.9612628386663853,0.039502264122798704,1.0,True,,False,False,gcd_k_not_2,0.0,False,1.0,True,FAMILY_F
7330,True,6,2,9.128828331772263,13.57437803062227,0.2682495401032849,1.1539534401678113,0.48,False,1.0,True,True,,0.25,False,0.5,False,FAMILY_Q
7335,True,9,1,0.15558244437298904,0.2350333862027609,0.9938009428843191,0.006218331010229252,1.0,True,,False,False,gcd_k_not_2,0.91,False,1.0,True,FAMILY_F
7337,True,1,1,0.1793116483310815,0.33217295661749313,0.9660015437245789,0.03458639835145928,1.0,True,,False,False,gcd_k_not_2,0.0,False,1.0,True,FAMILY_F
7338,True,1,1,0.15893659124419637,0.2561892720016014,0.9623120487083661,0.038411781975696384,1.0,True,,False,False,gcd_k_not_2,0.6,False,1.0,True,FAMILY_F
7341,True,8,2,9.217239681948204,13.703446480610163,0.2660311871709952,1.159479829986008,0.47,False,1.0,True,True,,0.0,False,0.5,False,FAMILY_Q
7342,True,2,2,8.98663480144762,13.36664370659467,0.26517888449005045,1.1616082508460932,0.61,False,1.0,True,True,,0.0,False,0.5,False,FAMILY_Q
7343,True,9,1,0.15338812818449932,0.2954863267357961,0.920443528378332,0.08285218538953595,1.0,True,,False,False,gcd_k_not_2,0.0,False,1.0,True,FAMILY_F
7347,True,1,1,0.1671769484156395,0.3045033502997443,0.9935423897751178,0.006478528129628229,1.0,True,,False,False,gcd_k_not_2,0.0,False,1.0,True,FAMILY_F
7349,True,6,2,9.119287229100825,13.560444264143566,0.2753949709899051,1.1362833404426687,0.54,False,1.0,True,True,,0.0,False,0.5,False,FAMILY_Q
7352,True,1,1,0.16458168643886645,0.24372165549045224,0.999578759946304,0.000421328793977905,1.0,True,,False,False,gcd_k_not_2,0.0,False,1.0,True,FAMILY_F
7353,True,4,2,8.745468891287468,13.01391349863705,0.2724985457294751,1.1434220600283296,0.43,False,1.0,True,True,,0.0,False,0.5,False,FAMILY_Q
7354,True,9,1,0.171978322805521,0.27375670006676667,1.0088736244442256,0.008834427747221298,1.0,True,,False,False,gcd_k_not_2,0.62,False,1.0,True,FAMILY_F
7356,True,9,1,0.14815580230416178,0.2702332941546498,0.9735784664635005,0.026775255187947846,1.0,True,,False,False,gcd_k_not_2,1.0,True,1.0,True,FAMILY_F
7357,True,7,1,0.07823181551052383,0.13917031277269754,0.9726890508149126,0.02768905639112793,1.0,True,,False,False,gcd_k_not_2,0.0,False,1.0,True,FAMILY_F
7358,True,9,1,0.14208867715266246,0.20850881774005423,1.0160608193253844,0.015932871837426706,1.0,True,,False,False,gcd_k_not_2,0.8,False,1.0,True,FAMILY_F
7359,True,1,1,0.13538563782886234,0.2249156496044355,0.9796095107828382,0.02060051652216844,1.0,True,,False,False,gcd_k_not_2,0.0,False,1.0,True,FAMILY_F
7360,True,3,1,0.19967139570492584,0.35909264446790956,1.01034819594772,0.010294928976561311,1.0,True,,False,False,gcd_k_not_2,0.0,False,1.0,True,FAMILY_F
7365,True,6,2,8.71636225642073,12.971307287194918,0.2529420702890915,1.192485985467053,0.5,False,1.0,True,True,,0.0,False,0.5,False,FAMILY_Q
7366,True,4,2,8.748542205763464,13.01841112973272,0.2736876755542724,1.140487324146647,0.48,False,1.0,True,True,,0.25,False,0.5,False,FAMILY_Q
7368,True,1,1,0.15264606634892963,0.25695519810623135,1.1809048845681624,0.16589892190918093,1.0,True,,False,False,gcd_k_not_2,0.0,False,1.0,True,FAMILY_F
7370,True,6,2,8.795576642320817,13.08724415051428,0.264355047662137,1.1636683124698424,0.46,False,1.0,True,True,,0.0,False,0.5,False,FAMILY_Q
7373,True,7,1,0.14716669185028716,0.26576651645007804,1.0738123528924248,0.07118518007617805,1.0,True,,False,False,gcd_k_not_2,0.0,False,1.0,True,FAMILY_F
7376,True,1,1,0.17440809017940537,0.2612434991063961,0.9926472094772189,0.007379922033173378,1.0,True,,False,False,gcd_k_not_2,0.0,False,1.0,True,FAMILY_F
7381,True,6,2,8.884612481486064,13.217494114814743,0.27615174089691347,1.1344234951156305,0.43,False,1.0,True,True,,0.25,False,0.5,False,FAMILY_Q
7383,True,3,1,0.1735432013559858,0.29634481477951263,1.0147304071104313,0.014622707890290815,1.0,True,,False,False,gcd_k_not_2,0.0,False,1.0,True,FAMILY_F
7384,True,8,2,9.027492328052189,13.426353859370122,0.28135811089016477,1.12168781389395,0.52,False,1.0,True,True,,0.0,False,0.5,False,FAMILY_Q
7385,True,3,1,0.16651833556324702,0.25625914239745745,1.0204924476102581,0.020284606987267476,1.0,True,,False,False,gcd_k_not_2,0.0,False,1.0,True,FAMILY_F
7386,True,6,2,8.660349460534162,12.889296937119026,0.2695590027801268,1.1507003544070449,0.51,False,1.0,True,True,,0.0,False,0.5,False,FAMILY_Q
7387,True,7,1,0.15484708519357274,0.2255812400510991,0.9841036951757056,0.016023663342743473,1.0,True,,False,False,gcd_k_not_2,0.0,False,1.0,True,FAMILY_F
7389,True,7,1,0.16101875451048384,0.21966553338577452,0.9956896389696552,0.004319670700470423,1.0,True,,False,False,gcd_k_not_2,0.0,False,1.0,True,FAMILY_F
7396,True,3,1,0.1488151996106244,0.24436413886133526,0.9985450265801056,0.0014560326643069904,1.0,True,,False,False,gcd_k_not_2,0.5,False,1.0,True,FAMILY_F
7397,True,4,2,8.94886505079797,13.311436166890983,0.26155340001536487,1.1706941616195419,0.46,False,1.0,True,True,,0.0,False,0.5,False,FAMILY_Q
7398,True,7,1,0.11012633498652177,0.18799785048787562,0.9939329271899116,0.006085533497497211,1.0,True,,False,False,gcd_k_not_2,0.0,False,1.0,True,FAMILY_F
7399,True,1,1,0.12613555187799838,0.22841210777538862,0.9863918997453809,0.013701324755063098,1.0,True,,False,False,gcd_k_not_2,0.0,False,1.0,True,FAMILY_F
7401,True,9,1,0.148768124439737,0.2767514843454518,1.0000996876079176,9.968263935558395e-05,1.0,True,,False,False,gcd_k_not_2,0.0,False,1.0,True,FAMILY_F
7403,True,7,1,0.10576134533095684,0.18915105223655895,0.9997293181647069,0.00027071847457993463,1.0,True,,False,False,gcd_k_not_2,0.0,False,1.0,True,FAMILY_F
7406,True,3,1,0.1580061306590659,0.28161466114604744,0.9895111464234221,0.010544151607729263,1.0,True,,False,False,gcd_k_not_2,0.6,False,1.0,True,FAMILY_F
7408,True,1,1,0.1272388949192055,0.19589258374925334,0.997277508359477,0.0027262026725160694,1.0,True,,False,False,gcd_k_not_2,0.94,False,1.0,True,FAMILY_F
7411,True,9,1,0.19365169892175502,0.2323368584421882,1.0589990924639345,0.057308517210983574,1.0,True,,False,False,gcd_k_not_2,0.0,False,1.0,True,FAMILY_F
7412,True,7,1,0.2045525362074015,0.321043701132055,0.9966218527372344,0.0033838628562883944,1.0,True,,False,False,gcd_k_not_2,0.0,False,1.0,True,FAMILY_F
7414,True,1,1,0.6135729179169482,1.0804777629845843,1.1278454974524574,0.12016426719469923,1.0,True,,False,False,gcd_k_not_2,0.0,False,1.0,True,FAMILY_F
7416,True,3,1,0.1752781272280733,0.3102814852721579,0.9948217742988893,0.005191667514187479,1.0,True,,False,False,gcd_k_not_2,0.0,False,1.0,True,FAMILY_F
7418,True,3,1,0.1524720031036536,0.23514349390014788,1.0026774835765773,0.0026739039096756183,1.0,True,,False,False,gcd_k_not_2,0.4,False,1.0,True,FAMILY_F
7419,True,1,1,0.17079549364462204,0.2772728572473004,0.9690542679342293,0.031432076372619674,1.0,True,,False,False,gcd_k_not_2,0.0,False,1.0,True,FAMILY_F
7424,True,7,1,0.17726588566514365,0.26967852463815695,1.0626916985998598,0.06078630038838517,1.0,True,,False,False,gcd_k_not_2,0.5,False,1.0,True,FAMILY_F
7425,True,1,1,0.14394293448911513,0.24164440750970675,1.0244003091204814,0.024106209637047918,1.0,True,,False,False,gcd_k_not_2,0.0,False,1.0,True,FAMILY_F
7427,True,9,1,0.16672152909162163,0.23875289852562429,0.994979752096712,0.005032881058578906,1.0,True,,False,False,gcd_k_not_2,0.0,False,1.0,True,FAMILY_F
7429,True,9,1,0.18784927604764654,0.30757961340309997,1.0204867558144437,0.020279030046089778,1.0,True,,False,False,gcd_k_not_2,0.3,False,1.0,True,FAMILY_F
7431,True,3,1,0.1378348613740934,0.2368957588548352,1.0022970321868503,0.002294397034930918,1.0,True,,False,False,gcd_k_not_2,0.0,False,1.0,True,FAMILY_F
7433,True,2,2,8.73460212721099,12.998010420485464,0.2683045656189834,1.1538166055941301,0.43,False,1.0,True,True,,0.25,False,0.5,False,FAMILY_Q
7434,True,3,1,0.14933995557530416,0.2886577860533768,0.9750764603527967,0.02523805042236325,1.0,True,,False,False,gcd_k_not_2,0.0,False,1.0,True,FAMILY_F
7435,True,9,1,0.15108810165795314,0.25903557049774445,1.0089386667651414,0.008898894638266657,1.0,True,,False,False,gcd_k_not_2,0.0,False,1.0,True,FAMILY_F
7436,True,2,2,9.111907755619992,13.549667584285674,0.25346249845043384,1.1911604894002925,0.49,False,1.0,True,True,,0.0,False,0.5,False,FAMILY_Q
7437,True,4,2,8.992121884540143,13.374663923179291,0.2441141195786222,1.2151391396110738,0.41,False,1.0,True,True,,0.0,False,0.5,False,FAMILY_Q
7438,True,9,1,0.2084587012089563,0.3663949790289957,0.9990443089730242,0.0009561479179685823,1.0,True,,False,False,gcd_k_not_2,0.0,False,1.0,True,FAMILY_F
7439,True,1,1,0.23485888787397904,0.40928629405411626,0.9951342581663445,0.004877608425337239,1.0,True,,False,False,gcd_k_not_2,0.0,False,1.0,True,FAMILY_F
7440,True,3,1,0.20775537522799675,0.35311735264156674,1.0182934777485508,0.01812766869658371,1.0,True,,False,False,gcd_k_not_2,0.7,False,1.0,True,FAMILY_F
7442,True,9,1,0.14064774693262608,0.22536471785083054,0.9604749142478626,0.04032195001821915,1.0,True,,False,False,gcd_k_not_2,0.0,False,1.0,True,FAMILY_F
7443,True,1,1,0.1145844038663304,0.2048912655276944,0.9626180678579679,0.038093944771263,1.0,True,,False,False,gcd_k_not_2,0.0,False,1.0,True,FAMILY_F
7444,True,9,1,0.22653455518836754,0.3595575168157868,0.9752108613461933,0.025100245385357822,1.0,True,,False,False,gcd_k_not_2,0.2,False,1.0,True,FAMILY_F
7445,True,9,1,0.10426452867075525,0.18264694830647865,0.9585873333766428,0.0422883023060921,1.0,True,,False,False,gcd_k_not_2,0.0,False,1.0,True,FAMILY_F
7446,True,1,1,0.11969253154787293,0.21887268685537406,0.8729678646179939,0.13564796041806645,1.0,True,,False,False,gcd_k_not_2,0.0,False,1.0,True,FAMILY_F
7447,True,3,1,0.1530839098955503,0.27061066913083176,0.9673150786551753,0.03322794777455537,1.0,True,,False,False,gcd_k_not_2,1.0,True,1.0,True,FAMILY_F
7448,True,1,1,0.16178143124955366,0.2632265708788105,0.9823091230648612,0.017848757017055752,1.0,True,,False,False,gcd_k_not_2,0.0,False,1.0,True,FAMILY_F
7449,True,7,1,0.1859393234638289,0.2643303880196717,0.9934741060793898,0.006547257273830202,1.0,True,,False,False,gcd_k_not_2,0.0,False,1.0,True,FAMILY_F
7450,True,1,1,0.14473964000733414,0.20468523177565745,0.9751293003776963,0.025183869853530848,1.0,True,,False,False,gcd_k_not_2,0.0,False,1.0,True,FAMILY_F
7453,True,9,1,0.13802887500074384,0.2419651908281513,0.9831274336900756,0.01701611910892589,1.0,True,,False,False,gcd_k_not_2,0.0,False,1.0,True,FAMILY_F
7455,True,7,1,0.16018469638507235,0.2845110008018767,0.9961995065237462,0.0038077291010577565,1.0,True,,False,False,gcd_k_not_2,0.0,False,1.0,True,FAMILY_F
7456,True,3,1,0.2148974912410112,0.36708304674323083,1.119557011352277,0.11281320645015307,1.0,True,,False,False,gcd_k_not_2,0.0,False,1.0,True,FAMILY_F
7457,True,7,1,0.14779718758440244,0.27811970317477297,1.008389928155477,0.008354879735114316,1.0,True,,False,False,gcd_k_not_2,0.0,False,1.0,True,FAMILY_F
7458,True,9,1,0.12458189742588989,0.1995447007930631,0.9706781428754611,0.029758139075673498,1.0,True,,False,False,gcd_k_not_2,0.0,False,1.0,True,FAMILY_F
7459,True,7,1,0.17663099182448988,0.28811263345672666,1.0148028996738154,0.014694141720971209,1.0,True,,False,False,gcd_k_not_2,0.0,False,1.0,True,FAMILY_F
7462,True,9,1,0.15675368200843465,0.2598612340467512,0.9472733548467671,0.054154333311238645,1.0,True,,False,False,gcd_k_not_2,0.0,False,1.0,True,FAMILY_F
7468,True,3,1,0.14611676249435923,0.19860849351590598,0.9817515922388721,0.018416443143120523,1.0,True,,False,False,gcd_k_not_2,0.0,False,1.0,True,FAMILY_F
7469,True,7,1,0.15709818595426256,0.2827692741957201,1.0020368115072833,0.002034739317055705,1.0,True,,False,False,gcd_k_not_2,0.0,False,1.0,True,FAMILY_F
7472,True,9,1,0.13274730321637607,0.22110976567462776,1.047881739216089,0.0467622112148115,1.0,True,,False,False,gcd_k_not_2,0.8,False,1.0,True,FAMILY_F
7474,True,7,1,0.16984733544792358,0.24083624517406826,0.9888489271395743,0.011213594665999586,1.0,True,,False,False,gcd_k_not_2,0.0,False,1.0,True,FAMILY_F
7475,True,1,1,0.14451455911368907,0.264475327303325,0.9546035695046805,0.04645078030510656,1.0,True,,False,False,gcd_k_not_2,0.0,False,1.0,True,FAMILY_F
7476,True,1,1,0.1692021852745586,0.21651278402076657,1.006162432732674,0.00614350326985217,1.0,True,,False,False,gcd_k_not_2,0.0,False,1.0,True,FAMILY_F
7477,True,7,1,0.2353168374005671,0.3481764962879703,0.9802826101311253,0.019913713091253348,1.0,True,,False,False,gcd_k_not_2,0.98,False,1.0,True,FAMILY_F
7478,True,2,2,9.010058879238503,13.400882804087132,0.27488746067234765,1.1375318397833232,0.47,False,1.0,True,True,,0.0,False,0.5,False,FAMILY_Q
7479,True,3,1,0.138846263495069,0.22239911969701603,1.0880624731246253,0.08434850418325525,1.0,True,,False,False,gcd_k_not_2,0.0,False,1.0,True,FAMILY_F
7480,True,4,2,9.032525799768296,13.433708140947761,0.2751125576478051,1.13697796795193,0.53,False,1.0,True,True,,0.0,False,0.5,False,FAMILY_Q
7484,True,9,1,0.21561949590215296,0.33057261701717167,1.0150125299100636,0.014900681447111047,1.0,True,,False,False,gcd_k_not_2,0.0,False,1.0,True,FAMILY_F
7487,True,1,1,0.15978271386482895,0.2852646704469258,1.0376698603030037,0.036973467622868086,1.0,True,,False,False,gcd_k_not_2,0.0,False,1.0,True,FAMILY_F
7488,True,4,2,8.901599623793157,13.242329558264833,0.26366773259224796,1.1653890471623636,0.52,False,1.0,True,True,,0.0,False,0.5,False,FAMILY_Q
7489,True,1,1,0.19772467551164327,0.33664453421497686,0.990120397388162,0.009928648160989649,1.0,True,,False,False,gcd_k_not_2,0.0,False,1.0,True,FAMILY_F
7490,True,3,1,0.1397429920090317,0.2555993392692461,1.1331412516349353,0.12483116299297098,1.0,True,,False,False,gcd_k_not_2,0.0,False,1.0,True,FAMILY_F
7495,True,4,2,8.81396526888065,13.11414786429591,0.26850630423781424,1.153315034097061,0.5,False,1.0,True,True,,0.0,False,0.5,False,FAMILY_Q
7497,True,9,1,0.14315824580296038,0.21218596526134553,1.0189890881693802,0.01881049113207207,1.0,True,,False,False,gcd_k_not_2,0.0,False,1.0,True,FAMILY_F
7502,True,9,1,0.18319760440215374,0.23038574658442526,0.932026297293189,0.07036519409911103,1.0,True,,False,False,gcd_k_not_2,0.0,False,1.0,True,FAMILY_F
7503,True,9,1,0.12676302492236136,0.1906234868455944,1.0003103457911147,0.00031029764133112803,1.0,True,,False,False,gcd_k_not_2,0.0,False,1.0,True,FAMILY_F
7504,True,1,1,0.17486726921924955,0.3099551242754054,1.0021914250036066,0.002189026459947619,1.0,True,,False,False,gcd_k_not_2,0.0,False,1.0,True,FAMILY_F
7506,True,8,2,8.992106864102126,13.374642144120678,0.25667572153503576,1.1830009376754567,0.56,False,1.0,True,True,,0.0,False,0.5,False,FAMILY_Q
7507,True,9,1,0.22295253497961465,0.38587082026364017,1.0209386439094847,0.020721701742492504,1.0,True,,False,False,gcd_k_not_2,0.0,False,1.0,True,FAMILY_F
7510,True,7,1,0.14925441599512232,0.22657255834116852,1.0421246958541694,0.04125575283398628,1.0,True,,False,False,gcd_k_not_2,0.0,False,1.0,True,FAMILY_F
7512,True,9,1,0.33391245054054786,0.5592518597421108,1.01701297870784,0.016869478667151508,1.0,True,,False,False,gcd_k_not_2,0.0,False,1.0,True,FAMILY_F
7513,True,7,1,0.17610388230785545,0.28633248316003884,0.9994168113837442,0.0005833587203383203,1.0,True,,False,False,gcd_k_not_2,0.0,False,1.0,True,FAMILY_F
7519,True,4,2,9.058447674941162,13.471579692614444,0.2682884821476098,1.1538565999012673,0.48,False,1.0,True,True,,0.0,False,0.5,False,FAMILY_Q
7521,True,3,1,0.1497437518047853,0.2380266910107571,0.9487267827862249,0.052622273852537066,1.0,True,,False,False,gcd_k_not_2,0.9,False,1.0,True,FAMILY_F
7523,True,4,2,8.917793151920167,13.266008648481499,0.2688289807397657,1.152513113050018,0.55,False,1.0,True,True,,0.0,False,0.5,False,FAMILY_Q
7526,True,1,1,0.23964553333054875,0.42668495844776155,1.0172295809843448,0.017082419519088447,1.0,True,,False,False,gcd_k_not_2,0.0,False,1.0,True,FAMILY_F
7527,True,3,1,0.1438476933435796,0.20028054048075794,1.000204014341607,0.00020399353280387364,1.0,True,,False,False,gcd_k_not_2,0.0,False,1.0,True,FAMILY_F
7528,True,3,1,0.13185378055180894,0.27050155141650783,1.0338966872501407,0.03333176897590569,1.0,True,,False,False,gcd_k_not_2,0.0,False,1.0,True,FAMILY_F
7529,True,7,1,0.21447224983115182,0.40527422271063646,1.0540286943256367,0.05260753608252286,1.0,True,,False,False,gcd_k_not_2,0.0,False,1.0,True,FAMILY_F
7530,True,3,1,0.15698899502997127,0.28663659343748155,1.0970799003824299,0.09258579071281549,1.0,True,,False,False,gcd_k_not_2,0.0,False,1.0,True,FAMILY_F
7533,True,3,1,0.15379124639856034,0.25573829839719403,0.9552439698327418,0.045780507044434676,1.0,True,,False,False,gcd_k_not_2,0.0,False,1.0,True,FAMILY_F
7534,True,6,2,8.981596526211447,13.35928140764689,0.27163040341039507,1.1455680748685861,0.45,False,1.0,True,True,,0.5,False,0.5,False,FAMILY_Q
7536,True,7,1,0.13922448788640018,0.1839805783098187,0.9861224957088157,0.013974469672608613,1.0,True,,False,False,gcd_k_not_2,0.0,False,1.0,True,FAMILY_F
7537,True,1,1,0.14139809532596037,0.26051277999474365,0.9679551928924229,0.03256660235285019,1.0,True,,False,False,gcd_k_not_2,0.0,False,1.0,True,FAMILY_F
7540,True,1,1,0.1512042034471594,0.2610060256690445,1.0610908643553303,0.05928012724896376,1.0,True,,False,False,gcd_k_not_2,0.0,False,1.0,True,FAMILY_F
7541,True,2,2,8.992399428440708,13.375074058784485,0.27053737808850475,1.1482741625578234,0.48,False,1.0,True,True,,0.0,False,0.5,False,FAMILY_Q
7548,True,7,1,0.1584765009772258,0.27754870463996134,1.01610402792887,0.01597539383462627,1.0,True,,False,False,gcd_k_not_2,0.0,False,1.0,True,FAMILY_F
7550,True,3,1,0.1848181025720095,0.3021323239627485,1.0547953957434633,0.053334162473765205,1.0,True,,False,False,gcd_k_not_2,0.3,False,1.0,True,FAMILY_F
7552,True,1,1,0.18219470332896728,0.3215209050982015,0.9852843574602775,0.014824720181191318,1.0,True,,False,False,gcd_k_not_2,0.0,False,1.0,True,FAMILY_F
7553,True,3,1,0.1914051484568135,0.25716535092628423,0.996348430042494,0.0036582491338231285,1.0,True,,False,False,gcd_k_not_2,0.0,False,1.0,True,FAMILY_F
7555,True,3,1,0.1858089532745774,0.3237142725949051,1.0000042577047332,4.257695669320431e-06,1.0,True,,False,False,gcd_k_not_2,0.0,False,1.0,True,FAMILY_F
7559,True,4,2,9.089219285794968,13.516530188445818,0.26908951478718224,1.1518659270231013,0.58,False,1.0,True,True,,0.25,False,0.5,False,FAMILY_Q
7560,True,9,1,0.2417479316382315,0.40938865148403575,1.002950332199526,0.002945986380287399,1.0,True,,False,False,gcd_k_not_2,0.0,False,1.0,True,FAMILY_F
7561,True,3,1,0.11425548553891977,0.18128090388805046,0.9858721013218947,0.014228407427347501,1.0,True,,False,False,gcd_k_not_2,0.0,False,1.0,True,FAMILY_F
7562,True,2,2,8.888519217579828,13.223201319484685,0.26559840835001225,1.1605602327004232,0.52,False,1.0,True,True,,0.0,False,0.5,False,FAMILY_Q
7564,True,7,1,0.17250547080262313,0.3053934467971592,1.0719141857053087,0.06941811219930245,1.0,True,,False,False,gcd_k_not_2,0.0,False,1.0,True,FAMILY_F
7569,True,9,1,0.12700116670871603,0.24214564087251317,0.9868455656122085,0.013241526785438128,1.0,True,,False,False,gcd_k_not_2,0.01,False,1.0,True,FAMILY_F
7577,True,9,1,0.14768707240377982,0.2557201560157751,0.9757448918143753,0.02455287449924843,1.0,True,,False,False,gcd_k_not_2,0.0,False,1.0,True,FAMILY_F
7580,True,4,2,8.826424234590105,13.132377639917147,0.27693414662421406,1.132502964678844,0.47,False,1.0,True,True,,0.0,False,0.5,False,FAMILY_Q
7581,True,2,2,8.909327882171064,13.253630736170098,0.27258637105499084,1.14320512224561,0.54,False,1.0,True,True,,0.0,False,0.5,False,FAMILY_Q
7583,True,3,1,0.19928489957986673,0.36545635078629957,0.9862986404500235,0.01379587064196175,1.0,True,,False,False,gcd_k_not_2,0.0,False,1.0,True,FAMILY_F
7586,True,1,1,0.12384828899958267,0.20949867921198953,0.9827812079588724,0.01736832281041552,1.0,True,,False,False,gcd_k_not_2,0.0,False,1.0,True,FAMILY_F
7587,True,7,1,0.22488982556079062,0.3109662795077835,0.9906074262803422,0.009436892071892725,1.0,True,,False,False,gcd_k_not_2,0.0,False,1.0,True,FAMILY_F
7588,True,3,1,0.2186401622550319,0.3453884637906585,1.002013355236756,0.00201133047538333,1.0,True,,False,False,gcd_k_not_2,0.0,False,1.0,True,FAMILY_F
7589,True,7,1,0.130067847217886,0.25222673323112904,1.0108667141627077,0.01080799049103796,1.0,True,,False,False,gcd_k_not_2,0.0,False,1.0,True,FAMILY_F
7591,True,1,1,0.12530261552807004,0.24303650753781914,1.0312516023165428,0.030770784161747288,1.0,True,,False,False,gcd_k_not_2,0.0,False,1.0,True,FAMILY_F
7593,True,9,1,0.14837196791974192,0.28850709015874954,0.9883033174143606,0.011765491193617283,1.0,True,,False,False,gcd_k_not_2,0.0,False,1.0,True,FAMILY_F
7594,True,9,1,0.16594303420679477,0.2530679050277034,0.9840101177962569,0.016118750665953165,1.0,True,,False,False,gcd_k_not_2,0.0,False,1.0,True,FAMILY_F
7595,True,1,1,0.15597015522710525,0.24994138076384328,0.9757364145544271,0.02456156121518361,1.0,True,,False,False,gcd_k_not_2,0.0,False,1.0,True,FAMILY_F
7597,True,7,1,0.15084684427157474,0.2553830253541996,0.9777724104701748,0.02247739872611633,1.0,True,,False,False,gcd_k_not_2,0.2,False,1.0,True,FAMILY_F
7601,True,7,1,0.1764000029602022,0.3024140508081653,1.0044093970057044,0.004399697000314755,1.0,True,,False,False,gcd_k_not_2,0.0,False,1.0,True,FAMILY_F
7602,True,1,1,0.16918277087783531,0.2770310206223033,0.9717098420607316,0.02869606605980215,1.0,True,,False,False,gcd_k_not_2,0.0,False,1.0,True,FAMILY_F
7603,True,3,1,0.1515418444153313,0.250353493998158,0.9949481867838021,0.005064605937803621,1.0,True,,False,False,gcd_k_not_2,0.0,False,1.0,True,FAMILY_F
7604,True,1,1,0.2053289701971448,0.27685332211508107,1.1345761092891724,0.12609164761427705,1.0,True,,False,False,gcd_k_not_2,0.7,False,1.0,True,FAMILY_F
7605,True,3,1,0.16594963439622784,0.3042459946908731,0.9627469981114596,0.037960065076532976,1.0,True,,False,False,gcd_k_not_2,0.5,False,1.0,True,FAMILY_F
7606,True,3,1,0.17906874000437592,0.2838931409749684,0.9935245519858789,0.0064964818293012615,1.0,True,,False,False,gcd_k_not_2,0.0,False,1.0,True,FAMILY_F
7609,True,1,1,0.17446445661979787,0.31717942496529,0.9580446886339701,0.042854293989888485,1.0,True,,False,False,gcd_k_not_2,0.62,False,1.0,True,FAMILY_F
7612,True,7,1,0.18242260648128816,0.3128577871523974,0.9979553484709134,0.0020467439681786668,1.0,True,,False,False,gcd_k_not_2,0.0,False,1.0,True,FAMILY_F
7613,True,9,1,0.1541801714427738,0.24064845898446477,1.0138499482580514,0.013754697334855006,1.0,True,,False,False,gcd_k_not_2,0.1,False,1.0,True,FAMILY_F
7617,True,1,1,0.13329381230264353,0.1946398396332934,0.9743871465766819,0.025945117671301036,1.0,True,,False,False,gcd_k_not_2,0.0,False,1.0,True,FAMILY_F
7619,True,7,1,0.16851776304574034,0.27087915586260086,0.9875935739578051,0.01248386612308323,1.0,True,,False,False,gcd_k_not_2,0.0,False,1.0,True,FAMILY_F
7621,True,1,1,0.10541570459976647,0.17912249548907588,0.9080916350342277,0.09633537853031214,1.0,True,,False,False,gcd_k_not_2,0.0,False,1.0,True,FAMILY_F
7622,True,1,1,0.1429704393935396,0.19718570153172224,0.9822487330189936,0.01791023163270836,1.0,True,,False,False,gcd_k_not_2,1.0,True,1.0,True,FAMILY_F
7623,True,1,1,0.13009854711409843,0.21670900861762765,0.9770829441271752,0.023182695436120934,1.0,True,,False,False,gcd_k_not_2,0.0,False,1.0,True,FAMILY_F
7624,True,2,2,8.662693921992672,12.892729390077568,0.26834615419989216,1.153713193164772,0.52,False,1.0,True,True,,0.0,False,0.5,False,FAMILY_Q
7628,True,1,1,0.11358117671346792,0.2112557570789087,1.0254727486018922,0.02515239824329902,1.0,True,,False,False,gcd_k_not_2,0.0,False,1.0,True,FAMILY_F
7629,True,2,2,8.683773226792608,12.923595409787684,0.2785935795567567,1.1284374205810253,0.61,False,1.0,True,True,,0.0,False,0.5,False,FAMILY_Q
7630,True,6,2,9.121763538675266,13.564060058786527,0.2800591029214043,1.1248557124206475,0.44,False,1.0,True,True,,0.25,False,0.5,False,FAMILY_Q
7631,True,7,1,0.1638408095597831,0.24669001074311742,0.9724065851161332,0.02797943901839297,1.0,True,,False,False,gcd_k_not_2,1.0,True,1.0,True,FAMILY_F
7632,True,1,1,0.1476999855067956,0.2669706634242745,0.9429209700251934,0.05875589471255383,1.0,True,,False,False,gcd_k_not_2,0.0,False,1.0,True,FAMILY_F
7633,True,7,1,0.15817474938234669,0.2821385583498444,1.0256342138054493,0.02530981519836361,1.0,True,,False,False,gcd_k_not_2,0.0,False,1.0,True,FAMILY_F
7637,True,9,1,0.10132864551877142,0.17862039319080453,1.01370847123586,0.013615149791217463,1.0,True,,False,False,gcd_k_not_2,0.0,False,1.0,True,FAMILY_F
7639,True,4,2,8.866576345003967,13.191111117978906,0.26262327712606737,1.1680074908048899,0.54,False,1.0,True,True,,0.0,False,0.5,False,FAMILY_Q
7640,True,2,2,8.961757578547676,13.330283532679237,0.2711292794598671,1.146808168638594,0.44,False,1.0,True,True,,0.0,False,0.5,False,FAMILY_Q
7641,True,3,1,0.1506110233942082,0.25230213301305654,0.975491264472571,0.02481280071260907,1.0,True,,False,False,gcd_k_not_2,0.0,False,1.0,True,FAMILY_F
7642,True,1,1,0.17274665220167948,0.34941484805274897,0.9793617197899603,0.020853470089569753,1.0,True,,False,False,gcd_k_not_2,0.0,False,1.0,True,FAMILY_F
7643,True,3,1,0.19472907935140302,0.34020430303144905,0.9787729435146617,0.021454767263630773,1.0,True,,False,False,gcd_k_not_2,0.0,False,1.0,True,FAMILY_F
7644,True,1,1,0.16767225984016046,0.2731298336208389,1.0090472854178585,0.009006543035124949,1.0,True,,False,False,gcd_k_not_2,0.0,False,1.0,True,FAMILY_F
7646,True,7,1,0.14732090840174913,0.24912345642749595,1.0276742932883578,0.027296586419190024,1.0,True,,False,False,gcd_k_not_2,0.0,False,1.0,True,FAMILY_F
7647,True,9,1,0.13706405692354012,0.2525968315545393,1.003314774834404,0.003309290058700791,1.0,True,,False,False,gcd_k_not_2,0.0,False,1.0,True,FAMILY_F
7649,True,9,1,0.1565865920386189,0.23841452634034044,0.9944140344634419,0.005601610738826254,1.0,True,,False,False,gcd_k_not_2,0.0,False,1.0,True,FAMILY_F
7650,True,1,1,0.12329021125820445,0.21754251955610046,1.0186308449897414,0.018458892606325956,1.0,True,,False,False,gcd_k_not_2,0.0,False,1.0,True,FAMILY_F
7652,True,7,1,0.1466363377202327,0.24536675525820023,0.9974941383140739,0.002509005296046733,1.0,True,,False,False,gcd_k_not_2,0.0,False,1.0,True,FAMILY_F
7653,True,7,1,0.21061856466400516,0.3117923411340539,1.0104433460308895,0.010389097560503007,1.0,True,,False,False,gcd_k_not_2,0.4,False,1.0,True,FAMILY_F
7655,True,3,1,0.20800168708232514,0.3488367190455813,0.987021235872173,0.01306353841973924,1.0,True,,False,False,gcd_k_not_2,0.0,False,1.0,True,FAMILY_F
7656,True,1,1,0.15444563720544455,0.30007100461085573,0.9705388120156657,0.029901657155586205,1.0,True,,False,False,gcd_k_not_2,0.0,False,1.0,True,FAMILY_F
7658,True,3,1,0.16881084214359482,0.26201603950169133,1.0232630541144003,0.022995580398795613,1.0,True,,False,False,gcd_k_not_2,0.0,False,1.0,True,FAMILY_F
7659,True,3,1,0.1313818442474368,0.19044801224924196,1.0006004494041507,0.0006002691885124646,1.0,True,,False,False,gcd_k_not_2,0.0,False,1.0,True,FAMILY_F
7660,True,9,1,0.20749078086603728,0.31890508274747686,0.9843769122552272,0.015746089009892054,1.0,True,,False,False,gcd_k_not_2,0.0,False,1.0,True,FAMILY_F
7663,True,7,1,0.10378732202326547,0.2006558597684799,0.9670167279713932,0.03353634116027362,1.0,True,,False,False,gcd_k_not_2,0.0,False,1.0,True,FAMILY_F
7664,True,1,1,0.15292052364349332,0.25913186604512806,0.9909581851208857,0.009082877728610142,1.0,True,,False,False,gcd_k_not_2,0.0,False,1.0,True,FAMILY_F
7665,True,1,1,0.21270275053980486,0.37670487714736717,0.9768547395181115,0.023416248062344193,1.0,True,,False,False,gcd_k_not_2,0.0,False,1.0,True,FAMILY_F
7666,True,9,1,0.1251339982799775,0.2204484345373441,1.0341077651622925,0.03353584873569489,1.0,True,,False,False,gcd_k_not_2,0.0,False,1.0,True,FAMILY_F
7668,True,7,1,0.1487809488227058,0.2328352403431086,0.979077080810467,0.02114411752064229,1.0,True,,False,False,gcd_k_not_2,1.0,True,1.0,True,FAMILY_F
7670,True,8,2,8.974390454277744,13.348748321739834,0.257085405948624,1.1819635969614277,0.5,False,1.0,True,True,,0.25,False,0.5,False,FAMILY_Q
7672,True,1,1,0.11794106286811079,0.1910117676904338,0.9881405885399401,0.011930153761177698,1.0,True,,False,False,gcd_k_not_2,0.0,False,1.0,True,FAMILY_F
7673,True,1,1,0.13122704610320027,0.2419078319385812,1.0181951543923866,0.018031114932356162,1.0,True,,False,False,gcd_k_not_2,0.0,False,1.0,True,FAMILY_F
7675,True,9,1,0.1311695197377622,0.20482027839513303,1.0144987691484026,0.014394418473168573,1.0,True,,False,False,gcd_k_not_2,0.0,False,1.0,True,FAMILY_F
7677,True,3,1,0.1553813264364846,0.2402817003793152,1.0037493595759652,0.003742343879534519,1.0,True,,False,False,gcd_k_not_2,0.0,False,1.0,True,FAMILY_F
7678,True,3,1,0.13788325311198216,0.2407456362579948,0.9880018367960526,0.012070575571785303,1.0,True,,False,False,gcd_k_not_2,0.0,False,1.0,True,FAMILY_F
7680,True,3,1,0.1762397199952,0.333387664170587,0.9821992446981384,0.017960611527296295,1.0,True,,False,False,gcd_k_not_2,0.0,False,1.0,True,FAMILY_F
7682,True,9,1,0.15897528738912792,0.2767819697897776,1.0164964274313057,0.016361474492984498,1.0,True,,False,False,gcd_k_not_2,0.0,False,1.0,True,FAMILY_F
7683,True,3,1,0.19310336348832083,0.2579228526457997,1.017310594427175,0.017162051768325234,1.0,True,,False,False,gcd_k_not_2,0.8,False,1.0,True,FAMILY_F
7684,True,9,1,0.16565877148328922,0.25089713811151365,0.994062622853867,0.005955055852393986,1.0,True,,False,False,gcd_k_not_2,0.0,False,1.0,True,FAMILY_F
7686,True,8,2,9.031593663062417,13.432346959591063,0.2559359031007902,1.184875908176817,0.5,False,1.0,True,True,,0.0,False,0.5,False,FAMILY_Q
7688,True,1,1,0.15810221741470606,0.23073326528873891,0.9963571029276612,0.0036495445298804297,1.0,True,,False,False,gcd_k_not_2,0.0,False,1.0,True,FAMILY_F
7690,True,7,1,0.25118977992112457,0.3908799757706894,0.9969925472459528,0.0030119819507537352,1.0,True,,False,False,gcd_k_not_2,0.0,False,1.0,True,FAMILY_F
7694,True,7,1,0.14241490752175592,0.2513516806043097,0.9896051692514324,0.010449139265634896,1.0,True,,False,False,gcd_k_not_2,0.0,False,1.0,True,FAMILY_F
7696,True,9,1,0.12777952129836126,0.19190502361416203,0.9883297168271576,0.011738780619810941,1.0,True,,False,False,gcd_k_not_2,0.0,False,1.0,True,FAMILY_F
7698,True,1,1,0.14499869076811117,0.2024500269606485,1.008065776519584,0.008033378800532794,1.0,True,,False,False,gcd_k_not_2,1.0,True,1.0,True,FAMILY_F
7700,True,7,1,0.15705483871126127,0.2246605573814387,0.9667174185799152,0.033845819542409686,1.0,True,,False,False,gcd_k_not_2,0.0,False,1.0,True,FAMILY_F
7701,True,1,1,0.1911824778057413,0.3217717368032314,0.9519100175174413,0.04927479448435073,1.0,True,,False,False,gcd_k_not_2,0.0,False,1.0,True,FAMILY_F
7704,True,7,1,0.21380399583570717,0.34519709996786246,0.9904031753541638,0.009643096197461168,1.0,True,,False,False,gcd_k_not_2,0.0,False,1.0,True,FAMILY_F
7705,True,2,2,8.774225546334533,13.055999989476,0.2651365201271917,1.1617141204633443,0.49,False,1.0,True,True,,0.0,False,0.5,False,FAMILY_Q
7706,True,7,1,0.14908411913050285,0.25829367382205753,0.9790353854486502,0.021186700051446565,1.0,True,,False,False,gcd_k_not_2,0.0,False,1.0,True,FAMILY_F
7709,True,7,1,0.13227405643669246,0.22705269676280904,0.9991693784136534,0.0008309666957841822,1.0,True,,False,False,gcd_k_not_2,0.0,False,1.0,True,FAMILY_F
7710,True,6,2,8.768403996346107,13.0474801692204,0.26158680261914796,1.1706102122309006,0.45,False,1.0,True,True,,0.0,False,0.5,False,FAMILY_Q
7711,True,7,1,0.17689274679596498,0.26669799159213453,1.0140259352817256,0.013928256867023486,1.0,True,,False,False,gcd_k_not_2,0.0,False,1.0,True,FAMILY_F
7714,True,3,1,0.12561021995569438,0.19120289128400908,0.9761884611162115,0.02409844946705031,1.0,True,,False,False,gcd_k_not_2,0.0,False,1.0,True,FAMILY_F
7715,True,7,1,0.13966908964305733,0.24242882391875079,0.990784350543462,0.009258310126882647,1.0,True,,False,False,gcd_k_not_2,0.0,False,1.0,True,FAMILY_F
7716,True,7,1,0.14798328947277986,0.20386586546171495,0.9975741812354749,0.0024287646359393567,1.0,True,,False,False,gcd_k_not_2,0.0,False,1.0,True,FAMILY_F
7717,True,7,1,0.1799670798499143,0.292739723235784,1.0360257678764864,0.03538832213706235,1.0,True,,False,False,gcd_k_not_2,0.0,False,1.0,True,FAMILY_F
7718,True,6,2,9.159246620244758,13.618791233099063,0.259704424481187,1.1753480596429688,0.5,False,1.0,True,True,,0.0,False,0.5,False,FAMILY_Q
7722,True,3,1,0.14471155470039176,0.20057995940433418,1.001552195547126,0.0015509918258231243,1.0,True,,False,False,gcd_k_not_2,0.0,False,1.0,True,FAMILY_F
7725,True,1,1,0.17898916667779002,0.2970111955865449,1.0130603845936907,0.012975651096851625,1.0,True,,False,False,gcd_k_not_2,0.0,False,1.0,True,FAMILY_F
7726,True,7,1,0.12254516333957305,0.25127585263524055,0.9700620634416092,0.030392886715549013,1.0,True,,False,False,gcd_k_not_2,0.0,False,1.0,True,FAMILY_F
7729,True,1,1,0.19507186970703758,0.26797617630453713,0.9803644225089522,0.019830266861864933,1.0,True,,False,False,gcd_k_not_2,0.81,False,1.0,True,FAMILY_F
7730,True,1,1,0.10426376777414326,0.1806114977115857,0.9632542962668349,0.037433463207530215,1.0,True,,False,False,gcd_k_not_2,0.0,False,1.0,True,FAMILY_F
7732,True,9,1,0.11443022572235353,0.1786819012305635,0.9937600781141471,0.0062594511288991675,1.0,True,,False,False,gcd_k_not_2,0.0,False,1.0,True,FAMILY_F
7733,True,3,1,0.12557544754739178,0.20825018817444454,0.9705675653412161,0.029872038062990703,1.0,True,,False,False,gcd_k_not_2,0.0,False,1.0,True,FAMILY_F
7734,True,3,1,0.13159308299637046,0.2506924043364402,1.021042027871124,0.02082294933103282,1.0,True,,False,False,gcd_k_not_2,0.0,False,1.0,True,FAMILY_F
7736,True,9,1,0.19205870201009817,0.33801648102971954,1.0335482890347596,0.0329948290047084,1.0,True,,False,False,gcd_k_not_2,0.0,False,1.0,True,FAMILY_F
7739,True,3,1,0.17803545810584306,0.3350642798674908,0.9964027663633814,0.003603715339636878,1.0,True,,False,False,gcd_k_not_2,0.0,False,1.0,True,FAMILY_F
7740,True,4,2,9.104447718457571,13.538772110850195,0.2764946991063967,1.1335813637143803,0.56,False,1.0,True,True,,0.0,False,0.5,False,FAMILY_Q
7742,True,3,1,0.11060563904114816,0.16696841075294258,0.9656734729685627,0.03492597066958165,1.0,True,,False,False,gcd_k_not_2,0.0,False,1.0,True,FAMILY_F
7744,True,7,1,0.16866166807380395,0.32821448235114753,1.0105984231090572,0.010542555875149419,1.0,True,,False,False,gcd_k_not_2,0.0,False,1.0,True,FAMILY_F
7747,True,3,1,0.14506051842035017,0.2458052850627036,1.0138129345553313,0.013718190322758436,1.0,True,,False,False,gcd_k_not_2,0.0,False,1.0,True,FAMILY_F
7748,True,9,1,0.19395737452175366,0.31762485404978,0.9691511460959491,0.03133213411800508,1.0,True,,False,False,gcd_k_not_2,0.0,False,1.0,True,FAMILY_F
7749,True,7,1,0.11129723460768233,0.19513416812819442,0.9783761618504971,0.021860188741130725,1.0,True,,False,False,gcd_k_not_2,0.0,False,1.0,True,FAMILY_F
7750,True,9,1,0.14953429165544305,0.20585791868663972,1.006855340096805,0.006831922520608111,1.0,True,,False,False,gcd_k_not_2,1.0,True,1.0,True,FAMILY_F
7751,True,9,1,0.20755484744681282,0.3762868124966738,1.0177087326171963,0.017553309187720044,1.0,True,,False,False,gcd_k_not_2,0.0,False,1.0,True,FAMILY_F
7752,True,9,1,0.2141263988749352,0.3396592829692389,1.0315048272233267,0.03101624648009111,1.0,True,,False,False,gcd_k_not_2,0.0,False,1.0,True,FAMILY_F
7754,True,7,1,0.1671553392516095,0.3031666684946926,0.9383297888197417,0.06363232050187859,1.0,True,,False,False,gcd_k_not_2,0.0,False,1.0,True,FAMILY_F
7755,True,8,2,8.959236466331959,13.326597466865948,0.2563253824121758,1.1838885498913516,0.55,False,1.0,True,True,,0.0,False,0.5,False,FAMILY_Q
7756,True,6,2,8.764505209484973,13.04177758953252,0.25361601169623293,1.190769711522519,0.51,False,1.0,True,True,,0.0,False,0.5,False,FAMILY_Q
7757,True,9,1,0.2096380508277349,0.3211457223736451,0.9916261621679318,0.008409045825099128,1.0,True,,False,False,gcd_k_not_2,0.0,False,1.0,True,FAMILY_F
7759,True,3,1,0.13623501727628032,0.18662790449172625,0.9799055500305063,0.02029839248562547,1.0,True,,False,False,gcd_k_not_2,0.0,False,1.0,True,FAMILY_F
7764,True,7,1,0.14031055732023717,0.23472862878752818,0.9945973671358838,0.005417266615441321,1.0,True,,False,False,gcd_k_not_2,0.0,False,1.0,True,FAMILY_F
7765,True,2,2,9.008652818922467,13.398822989571059,0.2678205059490113,1.1550207472041554,0.49,False,1.0,True,True,,0.0,False,0.5,False,FAMILY_Q
7766,True,3,1,0.190421519375526,0.28726354723932723,0.98968257426476,0.010370926366536151,1.0,True,,False,False,gcd_k_not_2,0.0,False,1.0,True,FAMILY_F
7767,True,9,1,0.17315685322496635,0.3028004167348161,0.985449051456054,0.014657589458943741,1.0,True,,False,False,gcd_k_not_2,0.0,False,1.0,True,FAMILY_F
7770,True,7,1,0.13754664151097878,0.2172623936105168,1.015871571592426,0.015746609869485284,1.0,True,,False,False,gcd_k_not_2,0.0,False,1.0,True,FAMILY_F
7771,True,1,1,0.14286805249445955,0.2502961802037314,0.978794071461058,0.021433183821178998,1.0,True,,False,False,gcd_k_not_2,0.0,False,1.0,True,FAMILY_F
7774,True,1,1,0.14153405911198763,0.2512685242540733,0.9809349967489941,0.019248489508534458,1.0,True,,False,False,gcd_k_not_2,0.0,False,1.0,True,FAMILY_F
7775,True,6,2,9.077253291956547,13.499052320549737,0.2779192337541242,1.130088267197654,0.58,False,1.0,True,True,,0.0,False,0.5,False,FAMILY_Q
7776,True,3,1,0.21892490669898962,0.30793447308992955,1.0114254771355857,0.01136057712847161,1.0,True,,False,False,gcd_k_not_2,0.0,False,1.0,True,FAMILY_F
7779,True,3,1,0.32077674902213543,0.5196721957444385,0.9954903654391323,0.0045198259425074236,1.0,True,,False,False,gcd_k_not_2,0.0,False,1.0,True,FAMILY_F
7781,True,2,2,8.779744243164421,13.064075357853616,0.26507365148159195,1.1618712438721628,0.51,False,1.0,True,True,,0.0,False,0.5,False,FAMILY_Q
7784,True,9,1,0.15842925537116237,0.2617338078759839,0.983372460350738,0.01676693609663366,1.0,True,,False,False,gcd_k_not_2,0.8,False,1.0,True,FAMILY_F
7786,True,9,1,0.12454146955965026,0.20012041217828203,0.9987010769336296,0.0012997672151787056,1.0,True,,False,False,gcd_k_not_2,0.76,False,1.0,True,FAMILY_F
7787,True,6,2,9.02997268823957,13.429982384817004,0.2643745564857114,1.1636194982583894,0.5,False,1.0,True,True,,0.0,False,0.5,False,FAMILY_Q
7788,True,9,1,0.14505653865838866,0.2296428585388155,0.9781783786107915,0.022062339397858604,1.0,True,,False,False,gcd_k_not_2,0.0,False,1.0,True,FAMILY_F
7790,True,1,1,0.19158613341685457,0.3286349417972764,0.9823685071320644,0.017788310099259512,1.0,True,,False,False,gcd_k_not_2,0.0,False,1.0,True,FAMILY_F
7791,True,7,1,0.1326937737734251,0.2495579936063376,0.9871092814353757,0.012974342865846599,1.0,True,,False,False,gcd_k_not_2,0.0,False,1.0,True,FAMILY_F
7792,True,7,1,0.0911176253654837,0.1501583397090726,1.0642429458321014,0.06224359004042022,1.0,True,,False,False,gcd_k_not_2,0.0,False,1.0,True,FAMILY_F
7794,True,3,1,0.16564573541969826,0.2640131751350341,0.9721218982656354,0.0282721892180009,1.0,True,,False,False,gcd_k_not_2,0.82,False,1.0,True,FAMILY_F
7795,True,9,1,0.11920045472877416,0.1934830662164599,0.9792239772606679,0.020994109790532147,1.0,True,,False,False,gcd_k_not_2,0.0,False,1.0,True,FAMILY_F
7797,True,8,2,8.784465044486812,13.070984186143825,0.26968981706201905,1.1503757423649692,0.49,False,1.0,True,True,,0.0,False,0.5,False,FAMILY_Q
7800,True,9,1,0.14043384355718214,0.26684803511234045,1.009637451423854,0.0095912338984584,1.0,True,,False,False,gcd_k_not_2,0.0,False,1.0,True,FAMILY_F
7801,True,1,1,0.12956572987513992,0.20046947560190884,0.9781123191922138,0.022129866535308157,1.0,True,,False,False,gcd_k_not_2,0.0,False,1.0,True,FAMILY_F
7803,True,7,1,0.17673879390443797,0.29785543447627566,1.0218462644880926,0.021610213270714444,1.0,True,,False,False,gcd_k_not_2,0.0,False,1.0,True,FAMILY_F
7804,True,1,1,0.08271222001703764,0.15283993776173943,0.9149236756190358,0.08885609955546843,1.0,True,,False,False,gcd_k_not_2,0.0,False,1.0,True,FAMILY_F
7809,True,2,2,8.975857401408051,13.350893339445399,0.2809591575436812,1.1226600601929013,0.56,False,1.0,True,True,,0.25,False,0.5,False,FAMILY_Q
7812,True,9,1,0.11646892627339545,0.18933975491433927,1.029115632121407,0.028697854040941946,1.0,True,,False,False,gcd_k_not_2,0.0,False,1.0,True,FAMILY_F
7813,True,9,1,0.1750253176862391,0.3121378136134738,1.001022313212218,0.001021790917040603,1.0,True,,False,False,gcd_k_not_2,0.0,False,1.0,True,FAMILY_F
7814,True,1,1,0.20114391539562176,0.35166135454684144,1.0208323946868672,0.020617637307912575,1.0,True,,False,False,gcd_k_not_2,0.0,False,1.0,True,FAMILY_F
7816,True,4,2,8.773559310383002,13.05502597078821,0.2605012623089554,1.1733407332515462,0.49,False,1.0,True,True,,0.0,False,0.5,False,FAMILY_Q
7818,True,2,2,8.926111720777255,13.27817143604568,0.25969071536759836,1.175382616702652,0.5,False,1.0,True,True,,0.25,False,0.5,False,FAMILY_Q
7820,True,9,1,0.0956767768750418,0.1567539736188127,1.0048710347136631,0.004859200047606832,1.0,True,,False,False,gcd_k_not_2,0.0,False,1.0,True,FAMILY_F
7821,True,9,1,0.1444501017189045,0.253721921093998,0.9810967764609535,0.019083594263189233,1.0,True,,False,False,gcd_k_not_2,0.0,False,1.0,True,FAMILY_F
7822,True,8,2,8.907530902156067,13.251003025010556,0.2739275259043444,1.1398960448401116,0.63,False,1.0,True,True,,0.0,False,0.5,False,FAMILY_Q
7823,True,7,1,0.1840146626144014,0.31804890845606115,1.0073701706288565,0.007343110639676078,1.0,True,,False,False,gcd_k_not_2,0.0,False,1.0,True,FAMILY_F
7825,True,7,1,0.15896122369531118,0.27776805851334707,1.0110472211916461,0.010986535845836694,1.0,True,,False,False,gcd_k_not_2,0.0,False,1.0,True,FAMILY_F
7826,True,3,1,0.1852448446880974,0.283254660722804,1.0065981308328598,0.006576434744430938,1.0,True,,False,False,gcd_k_not_2,0.0,False,1.0,True,FAMILY_F
7828,True,2,2,8.773577462349362,13.055051954707869,0.27062096816099135,1.1480670477123658,0.53,False,1.0,True,True,,0.0,False,0.5,False,FAMILY_Q
7831,True,7,1,0.14594210727898527,0.23887661434779003,1.0055739753420951,0.005558483915951656,1.0,True,,False,False,gcd_k_not_2,0.0,False,1.0,True,FAMILY_F
7833,True,7,1,0.18906314861671283,0.3311569064502263,0.9950198517072936,0.00499258018755503,1.0,True,,False,False,gcd_k_not_2,0.0,False,1.0,True,FAMILY_F
7835,True,7,1,0.10163368208735399,0.1654682267139461,1.0165040675631387,0.016368990103831815,1.0,True,,False,False,gcd_k_not_2,0.62,False,1.0,True,FAMILY_F
7839,True,9,1,0.15874748294038557,0.2593316380121296,0.948317755312046,0.05305319889124194,1.0,True,,False,False,gcd_k_not_2,0.0,False,1.0,True,FAMILY_F
7840,True,9,1,0.1753224489327022,0.30598073337534093,1.0411819136826945,0.040351047015103336,1.0,True,,False,False,gcd_k_not_2,0.0,False,1.0,True,FAMILY_F
7841,True,3,1,0.18201347191696773,0.3075564166987694,1.066318589264476,0.06419009112053974,1.0,True,,False,False,gcd_k_not_2,0.0,False,1.0,True,FAMILY_F
7843,True,9,1,0.1073664367117492,0.16558450356571866,0.9809696756124983,0.019213140535952616,1.0,True,,False,False,gcd_k_not_2,1.0,True,1.0,True,FAMILY_F
7844,True,7,1,0.1351866062941449,0.250658156639574,0.8311846748046374,0.18437826344671968,1.0,True,,False,False,gcd_k_not_2,0.0,False,1.0,True,FAMILY_F
7851,True,3,1,0.1769433604944526,0.2912866275596492,1.0021258070915922,0.0021235499628070075,1.0,True,,False,False,gcd_k_not_2,0.0,False,1.0,True,FAMILY_F
7852,True,9,1,0.19297036505744308,0.31216525824575675,1.0033725733256453,0.003366895774206206,1.0,True,,False,False,gcd_k_not_2,0.0,False,1.0,True,FAMILY_F
7854,True,7,1,0.12042119533951547,0.17846830950398376,0.9873488338501069,0.012731701585960516,1.0,True,,False,False,gcd_k_not_2,1.0,True,1.0,True,FAMILY_F
7855,True,7,1,0.1594108352302568,0.23660102137632344,1.0562209223790886,0.05468373730390796,1.0,True,,False,False,gcd_k_not_2,0.0,False,1.0,True,FAMILY_F
7858,True,1,1,0.16274187406196716,0.2743286538802404,1.0078890690957036,0.007858072656630109,1.0,True,,False,False,gcd_k_not_2,0.0,False,1.0,True,FAMILY_F
7861,True,3,1,0.14814431753629592,0.25340484976755207,1.0273039815115161,0.026936248101440484,1.0,True,,False,False,gcd_k_not_2,0.0,False,1.0,True,FAMILY_F
7863,True,1,1,0.1313205752872634,0.2006089572889562,0.9951259394521901,0.004885967799253973,1.0,True,,False,False,gcd_k_not_2,0.0,False,1.0,True,FAMILY_F
7864,True,7,1,0.12023704291831847,0.20585262718054737,1.0050659854595345,0.005053185776699998,1.0,True,,False,False,gcd_k_not_2,0.0,False,1.0,True,FAMILY_F
7868,True,3,1,0.11116617463765598,0.17554192705136287,0.9708230551259561,0.029608893399290147,1.0,True,,False,False,gcd_k_not_2,0.0,False,1.0,True,FAMILY_F
7870,True,1,1,0.16139808197817263,0.27155902183751923,0.9709228782310521,0.02950609797075903,1.0,True,,False,False,gcd_k_not_2,0.0,False,1.0,True,FAMILY_F
7877,True,4,2,9.049229122318865,13.458112146992452,0.2702180001810855,1.1490657504694075,0.47,False,1.0,True,True,,0.25,False,0.5,False,FAMILY_Q
7880,True,3,1,0.1878644068661912,0.29166617393720384,1.0066747944801069,0.006652592137468054,1.0,True,,False,False,gcd_k_not_2,0.74,False,1.0,True,FAMILY_F
7881,True,7,1,0.10490662264428788,0.20161633788480407,1.006914059532713,0.0068902397687353135,1.0,True,,False,False,gcd_k_not_2,0.0,False,1.0,True,FAMILY_F
7883,True,1,1,0.13516455360552485,0.20988511475547222,1.1292509947655907,0.12140512798475397,1.0,True,,False,False,gcd_k_not_2,1.0,True,1.0,True,FAMILY_F
7886,True,1,1,0.15210193623598228,0.23120089423330845,0.9813224667818141,0.018853602612726714,1.0,True,,False,False,gcd_k_not_2,0.4,False,1.0,True,FAMILY_F
7888,True,7,1,0.17494703644280485,0.28130150236278617,0.9726150208046074,0.02776515326768895,1.0,True,,False,False,gcd_k_not_2,0.0,False,1.0,True,FAMILY_F
7896,True,1,1,0.11850755255237423,0.21069764949379513,1.0051647389969178,0.00515143608549727,1.0,True,,False,False,gcd_k_not_2,0.0,False,1.0,True,FAMILY_F
7897,True,7,1,0.15386791410644154,0.29917895204054373,0.9926204818047715,0.007406847678836109,1.0,True,,False,False,gcd_k_not_2,0.0,False,1.0,True,FAMILY_F
7900,True,9,1,0.15025793091814132,0.26627883918895257,0.9813453554111324,0.018830280685717942,1.0,True,,False,False,gcd_k_not_2,0.3,False,1.0,True,FAMILY_F
7901,True,6,2,8.791797672288782,13.081714852649554,0.2818826120094052,1.1204105294242432,0.52,False,1.0,True,True,,0.0,False,0.5,False,FAMILY_Q
7902,True,3,1,0.14957159875535878,0.2541427345538425,1.022312516272685,0.02206633850420812,1.0,True,,False,False,gcd_k_not_2,0.0,False,1.0,True,FAMILY_F
7903,True,3,1,0.17310220547237673,0.28517317983258716,1.0805132462961287,0.07739748491336329,1.0,True,,False,False,gcd_k_not_2,0.0,False,1.0,True,FAMILY_F
7904,True,1,1,0.17578845511833807,0.27472465590199896,0.9945325032540635,0.005482484478960675,1.0,True,,False,False,gcd_k_not_2,0.0,False,1.0,True,FAMILY_F
7905,True,7,1,0.13202155113754022,0.22115917676515254,0.9547910726028539,0.046254485229410475,1.0,True,,False,False,gcd_k_not_2,0.8,False,1.0,True,FAMILY_F
7906,True,1,1,0.1413901165378792,0.2964480966719507,1.0023697362084045,0.0023669317065207296,1.0,True,,False,False,gcd_k_not_2,0.0,False,1.0,True,FAMILY_F
7907,True,9,1,0.1056239203618913,0.18825303130604532,1.0161426691320885,0.016013419466031863,1.0,True,,False,False,gcd_k_not_2,0.0,False,1.0,True,FAMILY_F
7908,True,9,1,0.17292994423696786,0.2660958341766724,1.0109989729216347,0.010938815056334972,1.0,True,,False,False,gcd_k_not_2,0.0,False,1.0,True,FAMILY_F
7909,True,9,1,0.14427718006157414,0.28545329975859657,1.02052386691989,0.02031539172182787,1.0,True,,False,False,gcd_k_not_2,0.0,False,1.0,True,FAMILY_F
7910,True,3,1,0.13305646209630315,0.21582099759059195,0.9694080703033159,0.03106713144723997,1.0,True,,False,False,gcd_k_not_2,0.0,False,1.0,True,FAMILY_F
7911,True,1,1,0.1952717739490645,0.3344690751151318,0.9989591669686184,0.0010413749801202537,1.0,True,,False,False,gcd_k_not_2,0.0,False,1.0,True,FAMILY_F
7912,True,3,1,0.12409623407373664,0.2326262706949765,1.011750892663037,0.01168225420542184,1.0,True,,False,False,gcd_k_not_2,0.0,False,1.0,True,FAMILY_F
7914,True,3,1,0.15506732546688728,0.1951487428581091,0.9744847707737295,0.025844949126927953,1.0,True,,False,False,gcd_k_not_2,0.0,False,1.0,True,FAMILY_F
7916,True,9,1,0.14838601641569327,0.21579776052912192,0.9953370032960429,0.0046738938798352,1.0,True,,False,False,gcd_k_not_2,1.0,True,1.0,True,FAMILY_F
7917,True,1,1,0.1314592507217885,0.23877587080729787,1.0416853906501395,0.04083429390349474,1.0,True,,False,False,gcd_k_not_2,0.0,False,1.0,True,FAMILY_F
7918,True,4,2,8.92299893867897,13.27362044660594,0.2620281087496388,1.169501512896588,0.53,False,1.0,True,True,,0.0,False,0.5,False,FAMILY_Q
7919,True,7,1,0.1288892696824124,0.23197527553042752,1.1165289451543998,0.11011325445955478,1.0,True,,False,False,gcd_k_not_2,0.0,False,1.0,True,FAMILY_F
7922,True,7,1,0.15124810647079331,0.2604043914926398,0.9626602037106862,0.03805018945074409,1.0,True,,False,False,gcd_k_not_2,0.0,False,1.0,True,FAMILY_F
7924,True,7,1,0.199169745380886,0.2953716286497436,1.0076516709865628,0.00762250852290809,1.0,True,,False,False,gcd_k_not_2,0.0,False,1.0,True,FAMILY_F
7925,True,7,1,0.17508658932947957,0.26495279100863445,1.0128441178556793,0.012762158521607139,1.0,True,,False,False,gcd_k_not_2,0.0,False,1.0,True,FAMILY_F
7928,True,9,1,0.11506997203327132,0.20959554501878047,0.9922272297944958,0.007803096041716006,1.0,True,,False,False,gcd_k_not_2,1.0,True,1.0,True,FAMILY_F
7929,True,2,2,8.908401034682525,13.252274813687196,0.2725178719441707,1.1433743196775255,0.5,False,1.0,True,True,,0.0,False,0.5,False,FAMILY_Q
7930,True,1,1,0.11447187531475328,0.19049768234265432,1.0023143638146734,0.0023116887702530967,1.0,True,,False,False,gcd_k_not_2,0.0,False,1.0,True,FAMILY_F
7931,True,7,1,0.1289456139587228,0.18861341657180847,0.9804706129461684,0.019721966007644455,1.0,True,,False,False,gcd_k_not_2,0.0,False,1.0,True,FAMILY_F
7935,True,4,2,8.85576443654117,13.175296635119537,0.27614198880314117,1.1344474479297488,0.38,False,1.0,True,True,,0.0,False,0.5,False,FAMILY_Q
7936,True,8,2,9.00605336174131,13.395025991754453,0.27708904363724884,1.1321230261342539,0.49,False,1.0,True,True,,0.0,False,0.5,False,FAMILY_Q
7937,True,2,2,8.675674389944124,12.911736246551925,0.26295569093640425,1.1671736615195463,0.5,False,1.0,True,True,,0.0,False,0.5,False,FAMILY_Q
7939,True,9,1,0.20814355244740726,0.3718172841537394,1.0291535040820006,0.028734646268360767,1.0,True,,False,False,gcd_k_not_2,0.0,False,1.0,True,FAMILY_F
7940,True,7,1,0.15929011202078552,0.2705917207255102,0.9285197273729331,0.07412967740230347,1.0,True,,False,False,gcd_k_not_2,0.0,False,1.0,True,FAMILY_F
7941,True,1,1,0.13748731350520998,0.2378020106147127,0.9807238442065163,0.019463748921754224,1.0,True,,False,False,gcd_k_not_2,0.0,False,1.0,True,FAMILY_F
7943,True,1,1,0.12031965484571198,0.187733671885481,1.1064991550853736,0.10111483294761374,1.0,True,,False,False,gcd_k_not_2,1.0,True,1.0,True,FAMILY_F
7944,True,9,1,0.1207931061932913,0.1854820211894119,0.9865196547023802,0.013571821719165792,1.0,True,,False,False,gcd_k_not_2,0.88,False,1.0,True,FAMILY_F
7945,True,1,1,0.17864267338919562,0.30795734158992866,1.0027528070897767,0.002749023324327997,1.0,True,,False,False,gcd_k_not_2,0.0,False,1.0,True,FAMILY_F
7946,True,9,1,0.1433645455718147,0.2139929350375118,0.9939332889938164,0.006085169488538904,1.0,True,,False,False,gcd_k_not_2,0.0,False,1.0,True,FAMILY_F
7948,True,8,2,8.765336619445735,13.042991004173025,0.2796495445200619,1.1258558385219581,0.44,False,1.0,True,True,,0.0,False,0.5,False,FAMILY_Q
7952,True,9,1,0.14504067208702529,0.22982845621257492,0.9965458972125693,0.00346007852086253,1.0,True,,False,False,gcd_k_not_2,0.0,False,1.0,True,FAMILY_F
7953,True,1,1,0.22555200782816334,0.33818175144009277,0.9914948698820119,0.008541453203434083,1.0,True,,False,False,gcd_k_not_2,0.5,False,1.0,True,FAMILY_F
7954,True,4,2,9.039487883601735,13.443880088187726,0.2640551244513564,1.1644189581812252,0.5,False,1.0,True,True,,0.0,False,0.5,False,FAMILY_Q
7955,True,7,1,0.22256274350341596,0.33656367107676505,0.9779881556347134,0.022256800984961675,1.0,True,,False,False,gcd_k_not_2,0.0,False,1.0,True,FAMILY_F
7959,True,2,2,8.792580574190044,13.08285919284573,0.2807044166568822,1.1232811786825072,0.5,False,1.0,True,True,,0.0,False,0.5,False,FAMILY_Q
7960,True,7,1,0.14910363603331894,0.29296181139663596,1.0628072160061794,0.060894896545670485,1.0,True,,False,False,gcd_k_not_2,0.0,False,1.0,True,FAMILY_F
7961,True,3,1,0.18955364581755396,0.3576591042068604,0.9909884955865499,0.009052291797191187,1.0,True,,False,False,gcd_k_not_2,0.0,False,1.0,True,FAMILY_F
7962,True,4,2,9.27551762330205,13.788483822977346,0.2646172037936535,1.1630124815640863,0.52,False,1.0,True,True,,0.25,False,0.5,False,FAMILY_Q
7964,True,4,2,8.928665643355147,13.281907487678168,0.26936662557179175,1.1511778547022868,0.56,False,1.0,True,True,,0.0,False,0.5,False,FAMILY_Q
7966,True,4,2,8.928593285260341,13.281799447085348,0.2745008600220154,1.1384835628364387,0.51,False,1.0,True,True,,0.48,False,0.5,False,FAMILY_Q
7967,True,9,1,0.14886668097459257,0.27794432376969763,1.0413024313110923,0.04046674385682722,1.0,True,,False,False,gcd_k_not_2,0.0,False,1.0,True,FAMILY_F
7968,True,1,1,0.23824923225855407,0.35987844890368853,0.9843542533421027,0.015769106379615705,1.0,True,,False,False,gcd_k_not_2,0.7,False,1.0,True,FAMILY_F
7969,True,3,1,0.11229140559743157,0.19164659912725407,0.9930695569142868,0.006954542114870338,1.0,True,,False,False,gcd_k_not_2,0.0,False,1.0,True,FAMILY_F
7973,True,3,1,0.14779446706653634,0.26154080711623007,0.9726847148278918,0.027693513278417053,1.0,True,,False,False,gcd_k_not_2,0.0,False,1.0,True,FAMILY_F
7974,True,7,1,0.1383131868159359,0.25119537488324023,1.0021041377499365,0.0021019263786159494,1.0,True,,False,False,gcd_k_not_2,0.0,False,1.0,True,FAMILY_F
7975,True,7,1,0.13230503741339988,0.24692344139420122,1.0590694703865737,0.05737491739458784,1.0,True,,False,False,gcd_k_not_2,0.0,False,1.0,True,FAMILY_F
7976,True,1,1,0.1272213454804716,0.1847682872371653,0.9835842466631789,0.016551606884795574,1.0,True,,False,False,gcd_k_not_2,1.0,True,1.0,True,FAMILY_F
7977,True,9,1,0.11462134171365362,0.22240508181111676,1.0212985686552014,0.021074144102691077,1.0,True,,False,False,gcd_k_not_2,0.0,False,1.0,True,FAMILY_F
7978,True,1,1,0.17038408016053455,0.2771369248443067,0.9582930079575063,0.04259525195976065,1.0,True,,False,False,gcd_k_not_2,0.16,False,1.0,True,FAMILY_F
7979,True,1,1,0.12004702569574532,0.20533119041565398,1.0034562693715674,0.0034503067767500113,1.0,True,,False,False,gcd_k_not_2,0.0,False,1.0,True,FAMILY_F
7980,True,9,1,0.17642555669369006,0.26305881318137986,0.9594929107575122,0.04134446113084258,1.0,True,,False,False,gcd_k_not_2,0.0,False,1.0,True,FAMILY_F
7985,True,1,1,0.16052000810607264,0.3137897252415878,0.9485373291512474,0.05282184752515764,1.0,True,,False,False,gcd_k_not_2,0.0,False,1.0,True,FAMILY_F
7986,True,6,2,8.811363835835412,13.110342386925765,0.26677625642843744,1.1576215450056213,0.5,False,1.0,True,True,,0.0,False,0.5,False,FAMILY_Q
7987,True,6,2,9.166193236349313,13.628937945903001,0.2737686540837142,1.14028767090159,0.51,False,1.0,True,True,,0.0,False,0.5,False,FAMILY_Q
7988,True,3,1,0.11417674983445353,0.1783016696845474,1.0348189364293485,0.03422312993651222,1.0,True,,False,False,gcd_k_not_2,0.7,False,1.0,True,FAMILY_F
7989,True,3,1,0.14131221458317084,0.24526694013512718,0.9749439668318424,0.0253739180340918,1.0,True,,False,False,gcd_k_not_2,0.0,False,1.0,True,FAMILY_F
7990,True,7,1,0.18699171662206285,0.3100001966422563,0.9919130771192763,0.008119754796147051,1.0,True,,False,False,gcd_k_not_2,0.36,False,1.0,True,FAMILY_F
7991,True,9,1,0.14985575549171332,0.2519842200340722,0.988056889239486,0.012014858151350703,1.0,True,,False,False,gcd_k_not_2,0.0,False,1.0,True,FAMILY_F
7992,True,2,2,8.965938452675648,13.336394755891124,0.2709403008303951,1.1472760737750762,0.42,False,1.0,True,True,,0.25,False,0.5,False,FAMILY_Q
7994,True,8,2,9.060069940827853,13.473949368866629,0.26375627348689007,1.1651672746703046,0.41,False,1.0,True,True,,0.0,False,0.5,False,FAMILY_Q
7997,True,1,1,0.1596484582836386,0.2969138583481517,1.1211779590482294,0.11425534433009271,1.0,True,,False,False,gcd_k_not_2,0.0,False,1.0,True,FAMILY_F
7998,True,7,1,0.21641070700451231,0.3485708076006314,1.0019215932652639,0.0019197487771034142,1.0,True,,False,False,gcd_k_not_2,0.0,False,1.0,True,FAMILY_F
8000,True,1,1,0.1821495204136558,0.31853945080190327,0.9810660059238273,0.019114955301394104,1.0,True,,False,False,gcd_k_not_2,0.0,False,1.0,True,FAMILY_F
8001,True,4,2,9.044146493044874,13.450688995042603,0.26159067309298323,1.1706004850157825,0.46,False,1.0,True,True,,0.0,False,0.5,False,FAMILY_Q
8002,True,3,1,0.15023544951278692,0.25328823038801807,0.9895277824884773,0.010527339807664522,1.0,True,,False,False,gcd_k_not_2,0.0,False,1.0,True,FAMILY_F
8006,True,9,1,0.17292672448485527,0.2763399285202166,0.9944181605847751,0.005597461480784301,1.0,True,,False,False,gcd_k_not_2,0.0,False,1.0,True,FAMILY_F
8008,True,1,1,0.17037763808763487,0.29886467437784725,1.0231797244178777,0.022914152547220876,1.0,True,,False,False,gcd_k_not_2,0.0,False,1.0,True,FAMILY_F
8011,True,1,1,0.23245414515681498,0.4272630065133313,1.0088610866727703,0.008822000417606496,1.0,True,,False,False,gcd_k_not_2,0.0,False,1.0,True,FAMILY_F
8013,True,4,2,9.381105983654583,13.942478696326935,0.2493314940249747,1.2017122910374964,0.55,False,1.0,True,True,,0.0,False,0.5,False,FAMILY_Q
8015,True,3,1,0.18207302937635417,0.30955658606387876,0.9563349878023298,0.04463960668282249,1.0,True,,False,False,gcd_k_not_2,0.0,False,1.0,True,FAMILY_F
8018,True,8,2,9.017886310025471,13.41231555339019,0.2656939313257254,1.1603217025859334,0.62,False,1.0,True,True,,0.0,False,0.5,False,FAMILY_Q
8020,True,1,1,0.263271958132526,0.43903284414952976,0.9875813565396999,0.012496236613851614,1.0,True,,False,False,gcd_k_not_2,0.7,False,1.0,True,FAMILY_F
8024,True,1,1,0.16009309612612962,0.22526074787132092,1.0196448843587806,0.019453800527925683,1.0,True,,False,False,gcd_k_not_2,0.0,False,1.0,True,FAMILY_F
8025,True,3,1,0.20251104746865484,0.3390133994762734,0.9595432254205154,0.04129204607956799,1.0,True,,False,False,gcd_k_not_2,0.0,False,1.0,True,FAMILY_F
8026,True,1,1,0.14347063128851648,0.24172482166065362,1.0132695111054828,0.013182051416649725,1.0,True,,False,False,gcd_k_not_2,0.0,False,1.0,True,FAMILY_F
8027,True,7,1,0.13027277160487102,0.22557176533237827,1.0297195348751316,0.029284375860293418,1.0,True,,False,False,gcd_k_not_2,0.0,False,1.0,True,FAMILY_F
8028,True,7,1,0.1082206742204432,0.16106983781174905,0.974281667019246,0.026053357441730547,1.0,True,,False,False,gcd_k_not_2,0.7,False,1.0,True,FAMILY_F
8030,True,8,2,8.772084104403067,13.05286572685906,0.27744146524043256,1.1312589334550396,0.54,False,1.0,True,True,,0.0,False,0.5,False,FAMILY_Q
8031,True,1,1,0.14235763158768627,0.23890094550542681,1.009832418121335,0.00978431637651233,1.0,True,,False,False,gcd_k_not_2,0.0,False,1.0,True,FAMILY_F
8034,True,3,1,0.17235081999729465,0.2596825110653712,1.0152492659968342,0.01513387574840901,1.0,True,,False,False,gcd_k_not_2,0.0,False,1.0,True,FAMILY_F
8035,True,4,2,8.774215570658265,13.055986523543039,0.2513906856438158,1.1964438011955307,0.52,False,1.0,True,True,,0.0,False,0.5,False,FAMILY_Q
8036,True,1,1,0.14064255786263177,0.23928793850271673,0.9818162299459668,0.018350611705838103,1.0,True,,False,False,gcd_k_not_2,0.0,False,1.0,True,FAMILY_F
8041,True,3,1,0.12800842166387844,0.1556457004747823,1.0347358656369408,0.03414287448662753,1.0,True,,False,False,gcd_k_not_2,0.0,False,1.0,True,FAMILY_F
8043,True,3,1,0.181751337061991,0.3420858915628251,1.0073794890408003,0.0073523607081653715,1.0,True,,False,False,gcd_k_not_2,0.0,False,1.0,True,FAMILY_F
8047,True,7,1,0.17779612435955355,0.3019493792941829,0.9669185254386715,0.03363786972716675,1.0,True,,False,False,gcd_k_not_2,0.0,False,1.0,True,FAMILY_F
8048,True,9,1,0.10703962641709117,0.17036072050506876,1.0098241681729845,0.009776146917284973,1.0,True,,False,False,gcd_k_not_2,0.0,False,1.0,True,FAMILY_F
8049,True,9,1,0.12262979855248929,0.17736235024812003,1.0028230466081007,0.0028190674287293872,1.0,True,,False,False,gcd_k_not_2,0.0,False,1.0,True,FAMILY_F
8050,True,7,1,0.1393719482683378,0.23197910696339144,1.018166953937837,0.018003420284322655,1.0,True,,False,False,gcd_k_not_2,0.0,False,1.0,True,FAMILY_F
8051,True,7,1,0.230041227904103,0.27522529010446806,1.039678053856974,0.03890619284935098,1.0,True,,False,False,gcd_k_not_2,0.0,False,1.0,True,FAMILY_F
8054,True,9,1,0.20859266126916426,0.30440601947908663,1.106543108600852,0.10115445363149192,1.0,True,,False,False,gcd_k_not_2,0.9,False,1.0,True,FAMILY_F
8055,True,7,1,0.16106033755846,0.245221327722082,0.9822071418982246,0.017952571883820826,1.0,True,,False,False,gcd_k_not_2,0.0,False,1.0,True,FAMILY_F
8057,True,3,1,0.14973347936808096,0.2670377316857546,1.0715819971208396,0.06910853369099243,1.0,True,,False,False,gcd_k_not_2,0.0,False,1.0,True,FAMILY_F
8059,True,7,1,0.14029296545233513,0.22590120447202502,1.0221858653152889,0.0219424590942136,1.0,True,,False,False,gcd_k_not_2,0.3,False,1.0,True,FAMILY_F
8060,True,1,1,0.13536113983099932,0.22650635700317764,0.8787618518636928,0.1290617520427524,1.0,True,,False,False,gcd_k_not_2,0.0,False,1.0,True,FAMILY_F
8062,True,8,2,8.755370806981167,13.02840709955905,0.2696837184549741,1.1503908744040885,0.45,False,1.0,True,True,,0.25,False,0.5,False,FAMILY_Q
8063,True,1,1,0.13925076360440716,0.2335493482459313,0.9880319869529622,0.012040060849705993,1.0,True,,False,False,gcd_k_not_2,0.0,False,1.0,True,FAMILY_F
8067,True,1,1,0.14845861466940263,0.20781017246924346,0.9875348616088693,0.012543315472756444,1.0,True,,False,False,gcd_k_not_2,1.0,True,1.0,True,FAMILY_F
8069,True,4,2,9.01010193671928,13.400941468419495,0.27415457944895316,1.1393365173399301,0.5,False,1.0,True,True,,0.25,False,0.5,False,FAMILY_Q
8071,True,1,1,0.17688817523332284,0.31430607613779665,1.0064350791566874,0.006414440440696467,1.0,True,,False,False,gcd_k_not_2,0.0,False,1.0,True,FAMILY_F
8072,True,9,1,0.12799891867332955,0.24890981466373072,1.0046603537574912,0.004649519554527941,1.0,True,,False,False,gcd_k_not_2,0.0,False,1.0,True,FAMILY_F
8074,True,4,2,9.00297139569884,13.390522843511432,0.27282146354123804,1.1426245664267936,0.56,False,1.0,True,True,,0.25,False,0.5,False,FAMILY_Q
8081,True,8,2,9.292872093116838,13.813802375638302,0.26859663070846745,1.1530905121245183,0.38,False,1.0,True,True,,0.25,False,0.5,False,FAMILY_Q
8086,True,9,1,0.14168336500134576,0.2276092260438464,0.9634614987468192,0.03721845452686649,1.0,True,,False,False,gcd_k_not_2,0.0,False,1.0,True,FAMILY_F
8087,True,3,1,0.16865017259750897,0.27009439910226807,0.9805007325826615,0.019691249891042022,1.0,True,,False,False,gcd_k_not_2,0.0,False,1.0,True,FAMILY_F
8088,True,2,2,9.188208156017403,13.661071938229094,0.26309490814063646,1.1668245784382727,0.51,False,1.0,True,True,,0.0,False,0.5,False,FAMILY_Q
8090,True,3,1,0.1294517593316725,0.21645225478294589,0.987363990142585,0.01271635183095816,1.0,True,,False,False,gcd_k_not_2,0.0,False,1.0,True,FAMILY_F
8091,True,3,1,0.12603794449360514,0.23418236054517091,0.9995307913577717,0.0004693187464342413,1.0,True,,False,False,gcd_k_not_2,1.0,True,1.0,True,FAMILY_F
8092,True,6,2,8.769072007502063,13.048458150691493,0.2631119078698818,1.1667819573846152,0.48,False,1.0,True,True,,0.0,False,0.5,False,FAMILY_Q
8093,True,7,1,0.12437259953970077,0.20857939285770644,0.9636138360762552,0.037060406944832466,1.0,True,,False,False,gcd_k_not_2,0.0,False,1.0,True,FAMILY_F
8095,True,3,1,0.212180692669436,0.3961817232617756,0.9893245752607169,0.010732712873548064,1.0,True,,False,False,gcd_k_not_2,0.0,False,1.0,True,FAMILY_F
8097,True,4,2,8.823451039444489,13.128026699306,0.2711654576628045,1.1467186084134922,0.43,False,1.0,True,True,,0.3,False,0.5,False,FAMILY_Q
8099,True,1,1,0.1501569522324341,0.2642671441847555,1.027195754561095,0.0268309111243016,1.0,True,,False,False,gcd_k_not_2,0.0,False,1.0,True,FAMILY_F
8100,True,7,1,0.15479652507978428,0.267392802776025,0.9880635334074679,0.012008133937322916,1.0,True,,False,False,gcd_k_not_2,0.0,False,1.0,True,FAMILY_F
8101,True,9,1,0.14135935844351924,0.20830083244225048,0.9768662966533528,0.023404418787259774,1.0,True,,False,False,gcd_k_not_2,0.5,False,1.0,True,FAMILY_F
8102,True,7,1,0.13056091015032753,0.24358771858576436,1.1220943455607073,0.11506966767629463,1.0,True,,False,False,gcd_k_not_2,0.0,False,1.0,True,FAMILY_F
8103,True,7,1,0.20116769351118474,0.29717708405265264,1.050552568076399,0.049306288327757124,1.0,True,,False,False,gcd_k_not_2,0.0,False,1.0,True,FAMILY_F
8106,True,7,1,0.15193208751157317,0.23694858517209028,0.9986343098002556,0.0013666233918309117,1.0,True,,False,False,gcd_k_not_2,0.0,False,1.0,True,FAMILY_F
8108,True,3,1,0.15029710920924658,0.25930204999872636,1.0113873302741199,0.011322861691256507,1.0,True,,False,False,gcd_k_not_2,0.0,False,1.0,True,FAMILY_F
8112,True,9,1,0.16753223071150036,0.2538766447667207,0.997532142605366,0.0024709063168467014,1.0,True,,False,False,gcd_k_not_2,0.0,False,1.0,True,FAMILY_F
8115,True,1,1,0.08822043888933251,0.15637010462447412,1.0072469136298516,0.007220749555665205,1.0,True,,False,False,gcd_k_not_2,0.0,False,1.0,True,FAMILY_F
8116,True,4,2,9.03609047435374,13.438915737413845,0.275727264092595,1.1354664218492956,0.58,False,1.0,True,True,,0.0,False,0.5,False,FAMILY_Q
8117,True,4,2,8.769285053920395,13.048768986010185,0.25767302617035104,1.1804768940462294,0.52,False,1.0,True,True,,0.25,False,0.5,False,FAMILY_Q
8118,True,3,1,0.1650828120503264,0.23285553913230655,1.0134523785759582,0.013362499872455354,1.0,True,,False,False,gcd_k_not_2,0.0,False,1.0,True,FAMILY_F
8120,True,7,1,0.16863846491086634,0.28512498732950975,1.016095058238754,0.015966566827275132,1.0,True,,False,False,gcd_k_not_2,0.0,False,1.0,True,FAMILY_F
8122,True,2,2,9.05864849109565,13.47187278439493,0.26387145298660497,1.1648788257284848,0.47,False,1.0,True,True,,0.0,False,0.5,False,FAMILY_Q
8123,True,3,1,0.18136423065113003,0.3197015632345959,1.0044233636442974,0.00441360216062849,1.0,True,,False,False,gcd_k_not_2,0.0,False,1.0,True,FAMILY_F
8125,True,3,1,0.14578180336257265,0.1881495240672284,1.0516672351038796,0.05036609662605787,1.0,True,,False,False,gcd_k_not_2,1.0,True,1.0,True,FAMILY_F
8126,True,3,1,0.24574670910117952,0.40500201523769985,0.996586598295185,0.0034192373200637323,1.0,True,,False,False,gcd_k_not_2,0.6,False,1.0,True,FAMILY_F
8129,True,2,2,8.834378180165212,13.144012053659347,0.2582183850609198,1.1790983564481374,0.51,False,1.0,True,True,,0.0,False,0.5,False,FAMILY_Q
8132,True,1,1,0.12361422698530525,0.20508236227768292,0.9621409315404559,0.038589550680053694,1.0,True,,False,False,gcd_k_not_2,0.0,False,1.0,True,FAMILY_F
8135,True,3,1,0.164197517876052,0.2815373213087366,1.001216833376576,0.001216093485005185,1.0,True,,False,False,gcd_k_not_2,0.0,False,1.0,True,FAMILY_F
8136,True,1,1,0.0986927697490868,0.18640803886092336,0.992360693703956,0.007668597679310698,1.0,True,,False,False,gcd_k_not_2,0.0,False,1.0,True,FAMILY_F
8137,True,9,1,0.16768159882647338,0.2810783536968897,1.0074586866970827,0.007430974043460556,1.0,True,,False,False,gcd_k_not_2,0.7,False,1.0,True,FAMILY_F
8140,True,9,1,0.09838748697146327,0.1829206777838928,0.9880839833764786,0.011987437878035408,1.0,True,,False,False,gcd_k_not_2,0.0,False,1.0,True,FAMILY_F
8143,True,8,2,9.129806752241043,13.575805581366858,0.2700239835353569,1.1495468210491806,0.51,False,1.0,True,True,,0.25,False,0.5,False,FAMILY_Q
8144,True,7,1,0.1798119830251798,0.2751623826048032,0.9939630248779873,0.0060552528273508785,1.0,True,,False,False,gcd_k_not_2,0.0,False,1.0,True,FAMILY_F
8147,True,1,1,0.11628041043000427,0.19660486696150065,0.9796441927503365,0.02056511702881618,1.0,True,,False,False,gcd_k_not_2,0.0,False,1.0,True,FAMILY_F
8151,True,9,1,0.11171101051936012,0.19064901982097698,1.081629012779949,0.07842801217584508,1.0,True,,False,False,gcd_k_not_2,0.0,False,1.0,True,FAMILY_F
8152,True,7,1,0.1438357570463068,0.2784248949004607,0.9985708692142183,0.001430152723424334,1.0,True,,False,False,gcd_k_not_2,0.0,False,1.0,True,FAMILY_F
8153,True,3,1,0.16763066220514114,0.2501836722860799,1.0263516974445412,0.026009006706756516,1.0,True,,False,False,gcd_k_not_2,0.6,False,1.0,True,FAMILY_F
8156,True,7,1,0.24657054536562242,0.4064931697757312,0.9588896980741959,0.041973064605138395,1.0,True,,False,False,gcd_k_not_2,0.0,False,1.0,True,FAMILY_F
8160,True,1,1,0.14157527629272113,0.25169077405646867,1.0038366620755184,0.0038293161794379616,1.0,True,,False,False,gcd_k_not_2,0.04,False,1.0,True,FAMILY_F
8161,True,9,1,0.1808969059390514,0.27699726260314245,0.998464945991784,0.0015362331086114607,1.0,True,,False,False,gcd_k_not_2,0.0,False,1.0,True,FAMILY_F
8162,True,7,1,0.1707445344944336,0.28252842102507586,0.9766952998575716,0.023579456220801997,1.0,True,,False,False,gcd_k_not_2,0.0,False,1.0,True,FAMILY_F
8165,True,3,1,0.08840126287231248,0.1494921671151931,1.0102778071774505,0.010225260549317884,1.0,True,,False,False,gcd_k_not_2,0.0,False,1.0,True,FAMILY_F
8168,True,2,2,8.936583003783912,13.293481881768605,0.2816168733855221,1.12105753526293,0.48,False,1.0,True,True,,0.25,False,0.5,False,FAMILY_Q
8169,True,8,2,8.696634410218067,12.942427329060543,0.2647936326003981,1.1625712660934697,0.55,False,1.0,True,True,,0.0,False,0.5,False,FAMILY_Q
8170,True,6,2,8.876194802976844,13.20517780462587,0.26394555225698535,1.1646932835495434,0.42,False,1.0,True,True,,0.0,False,0.5,False,FAMILY_Q
8172,True,3,1,0.1263868502904927,0.21836598080755656,1.0046152527923504,0.004604627033463417,1.0,True,,False,False,gcd_k_not_2,0.0,False,1.0,True,FAMILY_F
8175,True,7,1,0.11715137374102344,0.17846564189452035,1.025643844700706,0.025319203835158705,1.0,True,,False,False,gcd_k_not_2,0.0,False,1.0,True,FAMILY_F
8176,True,3,1,0.18008011978214766,0.2865134089631174,0.9900360811180724,0.010013807263564304,1.0,True,,False,False,gcd_k_not_2,0.0,False,1.0,True,FAMILY_F
8178,True,7,1,0.27992246879138094,0.40948187605852615,1.0204511905601268,0.020244181750767375,1.0,True,,False,False,gcd_k_not_2,0.0,False,1.0,True,FAMILY_F
8179,True,6,2,8.70139537618678,12.949395751373274,0.26593890131036996,1.1597101533570149,0.47,False,1.0,True,True,,0.0,False,0.5,False,FAMILY_Q
8181,True,9,1,0.4901996442203835,0.8099641970493435,0.977785804402695,0.02246370213382512,1.0,True,,False,False,gcd_k_not_2,0.0,False,1.0,True,FAMILY_F
8182,True,1,1,0.13385445185936767,0.2480874039243481,0.9833688205445165,0.016770637193860516,1.0,True,,False,False,gcd_k_not_2,0.0,False,1.0,True,FAMILY_F
8183,True,3,1,0.13644536707403232,0.24336410122742524,0.9848099052370871,0.01530634719509667,1.0,True,,False,False,gcd_k_not_2,0.9,False,1.0,True,FAMILY_F
8188,True,9,1,0.14837319418495915,0.23004287670688084,0.9542348089977867,0.04683694179583634,1.0,True,,False,False,gcd_k_not_2,0.0,False,1.0,True,FAMILY_F
8190,True,3,1,0.14524378370083463,0.26149119631269147,1.0002715389498957,0.0002715020881998203,1.0,True,,False,False,gcd_k_not_2,0.0,False,1.0,True,FAMILY_F
8191,True,3,1,0.12473398539847494,0.23190105545396325,0.9513073320443424,0.049907738423391634,1.0,True,,False,False,gcd_k_not_2,0.0,False,1.0,True,FAMILY_F
