net,local_idx,best_k,gcd_k_n,phase_mae_deg,radius_cv,mean_radius,phi,mean_abs_deg,max_abs_deg,gauge_deg
0,0,9,1,0.17280170003668566,0.08597669341963167,3.8534866327266144,0.23802894806778085,0.30721448034801796,0.7449443358426575,-13.6380548950901
1,1,3,1,0.18868098058916652,0.08760298062553817,3.952279974930952,-0.7944411119078085,0.3153838643196313,0.6798433406592106,45.5181219949071
5,2,2,2,8.972981393876678,0.6179527286019633,6.006141558343929,-2.787546457123823,13.346689285973772,27.215009625976148,159.48908010669768
6,3,1,1,0.18168804969005695,0.04056636242560455,3.9289484427568455,-2.770678382126392,0.28704813901010606,0.9307011199060123,158.74817661331087
8,4,6,2,8.795243295468337,0.6083891454655956,5.7108087715715845,-2.64297687122441,13.08675522218441,26.719667851058166,151.21919987105858
11,5,7,1,0.16601133190988707,0.06505813815259798,3.9690345356118693,1.8391645461237178,0.2824434482891252,0.7719472815988226,-105.37636693482604
13,6,1,1,0.1599281074635643,0.029638593440976573,3.857693665458811,-2.7761821127942836,0.2661961686711313,0.7584394753793299,159.06351781439497
14,7,4,2,8.708666793114554,0.6288275583381339,5.893866408791639,1.519741958742107,12.96004257983227,26.470299952726396,-87.28071874531867
16,8,8,2,8.756352010501505,0.6177974455827637,5.679184679224866,0.16573610523128696,13.029841363413562,26.54424802130483,-9.286605932300876
17,9,3,1,0.13182310662327265,0.09616141583815921,3.9389925846219684,0.8005300320241223,0.22841243113502502,0.5417460071245571,-45.86699242011319
20,10,1,1,0.13506297050685886,0.03346917737961511,3.940766973928902,-0.4266960509715524,0.21221150385167212,0.6034660820687052,24.447883428911467
21,11,1,1,0.19474757584701644,0.06382294881716509,4.066657610574954,0.13878747570322608,0.2918437061992693,0.8646234690406271,-7.951938075047039
23,12,9,1,0.17356476129145115,0.08269134601313685,3.9220489060545938,-1.9315896059424829,0.33057240581741565,0.9688465668951913,110.67193245254171
25,13,1,1,0.13147665147649495,0.04660456935981821,3.9385775276254087,-1.2876954060219683,0.2182377327100042,0.6395741358931359,73.77951143403786
29,14,9,1,0.1281203064329676,0.06444044594452929,3.9200275790376984,2.0150652197219077,0.22592340935679095,0.7616125197933608,-115.4547329560445
30,15,7,1,0.13492359537880372,0.039319424096013175,3.9453070090276396,-1.8191975163833463,0.2169218356627077,0.6038770520420806,104.2323401878316
31,16,1,1,0.1699805375133982,0.05060288766390152,3.9522139709131467,1.4854298426250094,0.21463808505936743,0.7613132420465261,-85.10886080270555
34,17,1,1,0.15441513555153588,0.09589195319994571,3.9291095769170044,-1.3273994100306858,0.2777427995212348,0.8366105543211954,76.0543832782235
38,18,9,1,0.22998227649757158,0.08475942213281538,4.1526663810967275,1.2950510983581116,0.42258638068701027,0.9477433733999425,-74.20096088201997
40,19,9,1,0.176423997132621,0.05095509367313288,3.88137994951294,-0.10235530927320077,0.241662768745718,0.8596999034813474,5.864526944962779
41,20,6,2,9.077595277747681,0.6065776212918983,5.678601464685949,-2.28508707219513,13.499552627726796,27.637292526998408,130.69216025863855
42,21,3,1,0.13299236153062916,0.09004409552139088,3.9923237920097288,-2.2658874437242003,0.22809467583711743,0.49789260765222865,129.82578749600634
43,22,3,1,0.20122057370037322,0.06722268351490343,3.828531220762997,1.7647258843015772,0.30444139775539997,0.9193108405642563,-101.11134614885513
45,23,1,1,0.2224732360574691,0.07808254272136422,4.117581423501438,0.5913670613271623,0.39848415971259654,0.7582726664656378,-33.882838756948644
47,24,1,1,0.11391045799090016,0.04555544601271579,4.0681398213712345,-0.3668799915832329,0.19691142256050714,0.5204838457129193,21.020675535140796
48,25,1,1,0.14665224433936092,0.05005353906154791,4.001635898634079,1.8803276102279478,0.27788263478154357,0.7563067024160769,-107.7348367458578
53,26,1,1,0.14489941031947665,0.07103915174383484,4.059997249651515,-1.6108326285249384,0.20039813947760168,0.6049220501828401,92.29391134671084
55,27,1,1,0.14437631522481806,0.10466717095362162,3.902137076868521,1.8232814350197044,0.26696562874796576,0.8599784268922677,-104.4663315201569
56,28,4,2,8.726003229469198,0.6162223706307449,5.949603864316375,0.3599122644817557,12.985420273388003,26.530265512677648,-20.828623854781256
57,29,7,1,0.19777322806132464,0.07238862391273461,3.922102696435753,0.38199033111816877,0.36419226535424765,1.108511477145968,-21.88643517053847
65,30,9,1,0.1938084610970393,0.08035441877234537,3.840224691125955,-1.240578748666972,0.35482672946844335,1.0195163437649297,71.07992525254944
68,31,9,1,0.26033620858629847,0.07968972979103062,3.956307967944505,-0.3595138579627708,0.41942282804355113,1.3108244226251111,20.59862913807925
69,32,2,2,8.982372286648904,0.6017513890171072,5.895568136841109,-2.6180468482403496,13.36041644576485,27.257648726470162,150.2293227707156
70,33,9,1,0.15269932588499027,0.026842898354420677,3.9531791809193364,1.5427869554739513,0.23051831253438562,1.0205215073912413,-88.39518131841032
74,34,9,1,0.14258704369374167,0.05234531461841359,4.029259429051453,-1.8650703010701306,0.22214481506802228,0.7153728247889858,106.86065702716554
75,35,3,1,0.17535302076492443,0.024548960812451167,3.8875541566048484,1.6007983281694733,0.23366288351214587,0.7823532637210282,-91.71898835451574
76,36,9,1,0.16025711076355192,0.07956934897529098,4.069000629638717,1.4442248567025695,0.2751744921102206,0.9304773576698837,-82.74798844754245
77,37,7,1,0.18327127713085417,0.05394861894252239,3.984377981153991,2.821439005703004,0.2807489371131558,0.8791705002012767,-161.65654683987105
82,38,6,2,8.818030263051,0.6077728670113771,5.984468917554489,-1.4926221925428889,13.120095356647246,26.710109439744627,85.30705166168033
84,39,9,1,0.12390649413430209,0.03269950347602233,4.089900656412338,0.2965646016414989,0.1875768744911523,0.6648638593500894,-16.99190026240463
86,40,2,2,9.011394524822517,0.5995859549900886,5.9309092992389,-0.3532995290460818,13.402832500882967,27.400946791975347,20.01404687311421
87,41,7,1,0.12171464132526898,0.03740377793994108,3.9917396532761202,2.3332817023800176,0.22816933270291972,0.5713042545581174,-133.68719402394132
88,42,3,1,0.3013036920847407,0.10962526912105608,4.080252305641813,-0.33500770300982957,0.45520651306434184,1.2436941634309768,19.194529966542213
90,43,1,1,0.20795056566876746,0.07843264814615197,3.964959921401474,-1.2743039240631213,0.3326364924534896,1.002861329115024,73.01223666106671
91,44,3,1,0.11223636715701879,0.06048030023150188,3.953261477371899,-1.2756250037598675,0.21709060517103723,0.6738250579624987,73.08792848241664
93,45,9,1,0.20006138561238138,0.08425570973953994,3.9759747717306624,0.6571492973967277,0.3870542836208541,1.6885374158138244,-37.65188213443772
94,46,9,1,0.1553227971135751,0.06704502508097053,3.88311210249309,2.951151898640086,0.22601256242935905,0.8402655240911168,-169.0885482976805
95,47,7,1,0.1699033859957134,0.06664262558840846,3.957310722666832,-2.7563675156081024,0.2630777039933144,0.8179138864334056,157.92822476755495
103,48,1,1,0.14628080401495117,0.03096128034833294,3.996993723868978,1.4732699900477992,0.22476059382243654,0.8554835474800975,-84.41215237903373
104,49,3,1,0.14517198504201803,0.07026990087681004,3.843907130273604,-0.1352912470808663,0.22297211125218194,0.7439249604152252,7.751617490005259
111,50,9,1,0.16094740458400547,0.08477262020153456,3.9556222045863634,1.5768087110458011,0.2731456243576962,0.87151222377591,-90.34448376601827
112,51,9,1,0.2903501215094876,0.09150254461042241,4.16809110325236,-0.2861376990489425,0.46905749691093107,1.319966654204415,16.39448896610017
113,52,7,1,0.20184111224672918,0.054951553641723,3.8598267861696853,0.15553684409934837,0.3050611975543694,0.9908954170172322,-8.911606278649032
115,53,7,1,0.1250822098600695,0.048245715420884565,3.7795621068002596,-1.5954269414955773,0.22055542868133998,0.7272596121327669,91.41123030011359
116,54,4,2,8.895927589457425,0.6053782507465199,6.037656553331923,1.1892204448020458,13.234035351365288,26.950405441170734,-67.9175997745071
117,55,7,1,0.21402815277924536,0.07328746846978386,4.005467185975814,-0.6554897431937555,0.3797559906713152,0.9454947233947638,37.55679455423092
119,56,7,1,0.12910575649636935,0.07386605094843163,3.8772438714180213,-0.9524915715284286,0.2129754180170282,0.6233910809307135,54.57374680132737
122,57,7,1,0.10808082310860849,0.0373147582860497,4.072830595082787,-2.9832450270369475,0.15956427629122946,0.5657941493081626,170.92734919909958
123,58,6,2,8.79412263571221,0.6151035730569571,6.009684639330021,-1.8299042435489192,13.085109381929477,26.804648787517326,105.05792787326911
126,59,9,1,0.1488032095947159,0.050947435213937915,3.9213344972295574,-1.9847834315704767,0.2693857426236025,0.7510465306103654,113.71971482149824
127,60,7,1,0.13294977389775509,0.04500320323336303,3.9630284646594554,0.13056192583251394,0.21819900440955675,0.9505102732700759,-7.480647335772986
130,61,6,2,9.19395711725808,0.600617606712167,6.0828958871730014,1.2438026081193854,13.669462465261152,28.013670015584943,-71.50758605607994
131,62,9,1,0.19363598248801353,0.06454611717047422,3.873062293916438,-1.6308089336610583,0.29822509270667824,1.0421565601322684,93.43847047000187
132,63,2,2,9.015935278953812,0.609769722727901,6.078295579095776,-1.5279878629529842,13.409466697712912,27.410955993130496,87.31837927515569
135,64,1,1,0.146673518003516,0.048669619518312,3.8473386302808086,2.6822670673593145,0.29583818451565996,1.2446605949237741,-153.68258234522284
137,65,9,1,0.17033302738928546,0.05386003137517124,4.065844172162557,1.7227443639421731,0.2525542625490357,0.9121429192103817,-98.7059818774028
138,66,4,2,8.99158741871586,0.5956048840543757,5.834205086992035,-2.4617293575552552,13.373882785829162,27.293159909155914,141.27369902741765
139,67,7,1,0.16290988552822905,0.027357779251857915,3.990920808982488,-1.5083919563352672,0.27859282292524506,1.0632058347535212,86.42449339132232
140,68,7,1,0.170180364162611,0.04451363749756739,3.9952654614203014,-0.7365647432531081,0.3079294518769806,0.8152602966097301,42.2020511112984
141,69,1,1,0.1932193363867532,0.03478565183725177,3.9271076869803907,1.587872528495859,0.23215584293572347,0.9297927222597305,-90.97839441266224
142,70,3,1,0.12184813553087959,0.043746957384301635,3.8944855866349215,-2.063251917733452,0.21447693229636228,0.7127570012111221,118.21562720894042
143,71,1,1,0.1463456091082438,0.05250191868827397,3.948651444474136,-0.37662136897244053,0.27388049354005367,0.7726997867657115,21.57881540102088
144,72,1,1,0.13861780681288088,0.06228653894763599,4.0001022526557986,1.045286887047317,0.24819803798850332,0.7195927782950975,-59.89052681019644
147,73,2,2,8.981505737633807,0.6179943730331936,6.144947083720163,2.003203458574813,13.359148585372731,27.23596909331815,-115.00132490626449
148,74,3,1,0.24079295150093538,0.07852315786189469,3.885163666004715,-2.73604645267013,0.38871260473886,1.0529749966002857,156.76391084257958
149,75,1,1,0.19561078299908974,0.07225816694574838,3.848139739217023,0.33666448764356754,0.320535543318322,0.9137827263969442,-19.289455909231844
151,76,3,1,0.1539699023554151,0.0680066497730947,3.8828725166918745,2.736560018362574,0.24036302472594515,0.7276540894466541,-156.79333913794687
152,77,3,1,0.13063808140658678,0.08484323694471273,4.0122057037481635,-1.9553079998433136,0.22079069771816157,0.6656785776962388,112.03089634019688
155,78,7,1,0.17119202307366171,0.05149984211386809,3.980977376989931,-2.907031356937645,0.27782919518148486,1.0876279872264276,166.5606268618383
157,79,4,2,8.98812263050621,0.6050815651749114,5.742005392961803,-0.04869656272768258,13.368819309486495,27.265116133543426,3.016837396544696
159,80,7,1,0.1609143926802604,0.0707064998870504,3.835930126954729,-1.8882772814377315,0.28069791141202605,0.8186477122199621,108.19031996638431
160,81,9,1,0.13180570210572085,0.09012186153124875,3.9263209644361448,-2.981772353910846,0.26098676752144734,0.6844317933742489,170.84297055352525
161,82,1,1,0.1363810985831887,0.06809187336326687,3.9432602363431024,-2.0689916241066015,0.21095262641269344,0.6595406416938759,118.54448845684348
162,83,3,1,0.1710502931702127,0.055084826248594246,3.922945807505145,-1.0490526593556897,0.2751079362809128,0.67925005072544,60.10628904833311
163,84,9,1,0.15393416959940667,0.06949973040952977,3.9853988533164246,0.6172136402036957,0.2553409136949778,0.7150175195245911,-35.363737530533086
165,85,8,2,8.991959042034374,0.6131214545355385,5.748421109718677,2.500132759359667,13.374431702418589,27.368955500222874,-143.4740805280453
166,86,7,1,0.11119661912893498,0.04538125886243224,4.007601623251463,2.94595547173988,0.17786772444619459,0.57545463958006,-168.79081504091468
169,87,3,1,0.1643925347329061,0.05459213517361993,3.9452984690062394,-1.3408875403673117,0.23303678103379236,0.7418992926387089,76.82719674318656
171,88,1,1,0.17176064638374733,0.04443945657612387,3.9180088205256496,-1.6375376948845413,0.2445566243139288,0.7960688917884505,93.82399938049292
174,89,7,1,0.17258097335261038,0.06385528245994662,4.041225108199545,-2.7963836103348663,0.29511544980949395,0.927905512233043,160.2209774858301
177,90,7,1,0.15315963979549074,0.05945007222829881,3.9782097792577646,-2.883587684131663,0.23977781913255983,0.5307361297142429,165.21740352201545
178,91,3,1,0.14708905501382713,0.053103399154457144,3.8146735526551643,1.5866896626659943,0.22291044404219282,0.9028750655001031,-90.9106211201797
180,92,3,1,0.22326012096973213,0.08728297804332602,4.089882196011881,2.2971185030142496,0.39519621788942,0.9426849200984092,-131.61519592829657
181,93,3,1,0.211443625075076,0.11597283052154903,3.903152499570394,-2.5038845437111714,0.36390681954461,1.0088956286302162,143.4620150931055
182,94,1,1,0.1260160773309245,0.04393174090447531,3.9352564347584633,0.38066624727408943,0.21283285022099502,0.5327191059573544,-21.8105696365687
183,95,8,2,8.822007794210684,0.5990856878665484,5.739870164844951,-0.6689840677781049,13.125917732730443,26.803449067558116,38.11576902181946
185,96,3,1,0.19013339932026682,0.06878132713646941,3.8306972941642363,2.7418059932085073,0.3032077144601991,0.7807345177575389,-157.09391016228327
186,97,1,1,0.10961106931884623,0.04833165390529492,3.9975872373870884,1.2703817010587906,0.18581601964746974,0.6600003104347417,-72.78751014997893
188,98,7,1,0.1814216126643721,0.05045329687146547,4.028371346701541,2.7114836608121764,0.32795941730455125,0.8461012680626707,-155.3565680509641
189,99,7,1,0.15675033183900303,0.0601371746096324,4.0052688111811605,-2.3349737688941268,0.25354557451914994,0.6099870516468772,133.78414233378345
191,100,1,1,0.10277429873567444,0.08681055949252264,3.873001412592057,-0.3175010816668937,0.16261437391819578,0.46124530049084145,18.191472041323934
194,101,7,1,0.1544128658792073,0.06086195841083024,4.0669403084709375,1.5851380267988318,0.2529056464914489,0.763383929589733,-90.82171924579579
195,102,7,1,0.1251798416986911,0.06715665109128774,3.8963567243461448,-2.6874506679742067,0.23198261982397236,0.7400365733458137,153.97958043204048
196,103,7,1,0.09657370422183252,0.07132580824553456,4.017724229441242,-0.010634678027654781,0.15610908846005211,0.5283367291771539,0.609322208883687
198,104,1,1,0.18239472858144487,0.10139082670280833,3.97368516255964,-1.181291389349788,0.2928580204471812,0.8891554389272458,67.68300947767551
199,105,4,2,8.931774516572817,0.6095674563297144,6.009312332419659,0.20544968241284056,13.286451791567625,27.14832846577325,-11.54897653341419
202,106,3,1,0.15595811456785513,0.07458548858218463,4.035535823620863,0.5393936247576228,0.2899082160299816,0.6562221548746497,-30.904978668942928
204,107,1,1,0.10603249634644969,0.06972022299118745,3.855104275151482,1.259180455174522,0.18243961190770394,0.5650464712478072,-72.14572547890069
205,108,9,1,0.17820167361917458,0.05242770335233624,3.906753216593807,-2.087652226024438,0.3002616267598642,0.83561652892649,119.61366254822333
206,109,3,1,0.188369443695521,0.03738194533507519,3.8387178870029857,-2.6627396408233537,0.343787887866191,0.7719880782927389,152.56374218774184
208,110,3,1,0.11859827431263872,0.046004374164549666,4.056859838617642,2.2096101638889825,0.22099192935634265,0.5575665893510929,-126.60133658104587
209,111,3,1,0.1062941525566435,0.0402109461698859,3.98391688314056,-1.6314894406425193,0.15678016808334228,0.630630142115678,93.47745934674927
211,112,3,1,0.16106310445380126,0.04920903083753514,3.9195129530402113,0.6704031885018978,0.2986367550683818,1.0195641421487147,-38.41127291225683
213,113,8,2,8.752969438188336,0.5998664282884743,5.731710627666958,-1.0609196211483074,13.024893728763603,26.57654943054428,60.9953437135409
215,114,6,2,8.869136463410076,0.6024044116864175,5.78521428508328,-2.2364239532925807,13.194854717194325,26.926252067941654,127.91995210271122
216,115,3,1,0.13647079547766303,0.05175208362603436,3.9351472391235625,-2.873765586855569,0.23968346830546064,0.7064503978504861,164.65463869273012
217,116,2,2,8.794813291234085,0.6342504635622718,5.734368925896222,-0.3280369514959399,13.086124031176826,26.870663246416385,19.00732141508939
219,117,7,1,0.17625435845037427,0.06996581596147364,3.7736874841207766,1.019388910653942,0.3151396581796246,0.73915127769748,-58.40668132935762
220,118,1,1,0.1996993028945804,0.06910687474816636,3.750569149197239,-0.5681910583380466,0.3317454159835733,0.9379839347754663,32.55495100653341
222,119,6,2,8.788937941237908,0.6390497102328897,6.036478519446763,1.5403048021268504,13.077529475739553,26.676787550782265,-88.04120746226684
224,120,9,1,0.183461315426026,0.06915172417572228,4.0479350339694875,-1.6881462768759856,0.2547104987265897,0.846084029713057,96.72365724721108
225,121,8,2,8.921272014334448,0.6104061491133029,5.935516878836369,-0.7130064632467753,13.27109508972988,27.101479898487224,41.07388778220098
226,122,3,1,0.1774845348348044,0.07974142965958789,3.992079050697604,-3.036260297851649,0.2892531651433802,0.9086350353624669,173.96490049480082
228,123,2,2,8.701599021862595,0.6122656086358963,5.728946957764203,1.5221440306743725,12.949695223128803,26.428802138535147,-87.41783862739604
232,124,9,1,0.11014111427954333,0.06138432055365256,3.969021399048664,0.6382708932348984,0.16785404809563848,0.6105641646822744,-36.570228389402416
233,125,3,1,0.14760243836547832,0.04316900699233369,3.9149314077835866,2.6957753941535407,0.2390542820015432,0.6814149924351709,-154.45655272471706
234,126,7,1,0.20753132126021603,0.09768836874209548,3.913958488950449,-1.7149817508406013,0.3600793374956146,1.0609038142095621,98.26121889670152
235,127,9,1,0.40614729139095546,0.10052697877050944,4.030630438609411,-0.22848256394994934,0.639411548474147,1.678958494084634,13.091104263291207
239,128,1,1,0.13721351477415605,0.06333370443624292,4.036277417721718,-0.7209617059901907,0.247929344810805,0.9884769983494679,41.30806258848005
240,129,1,1,0.11228134233006459,0.06922336929215873,3.9753967488587127,-1.8687551292201783,0.18915144493206199,0.6054430522636598,107.071781927557
244,130,7,1,0.1374018293015807,0.07374425988325783,3.794861744012453,2.706992247477477,0.22201351420819132,0.7747236408902173,-155.0992307217019
246,131,7,1,0.10990324125588356,0.04677819496660052,3.88815863138056,-1.6907617695597703,0.16505729196920163,0.6532815221677373,96.87351362735642
247,132,3,1,0.204998777399951,0.06719885915430668,4.013303198472876,-0.6071999506929787,0.3756230781151435,0.844650392207042,34.789996292705126
248,133,4,2,8.974919955020603,0.5983940683774214,5.71049942311494,-0.6657660957355952,13.349523983845463,27.373242422437087,38.37130319445014
249,134,2,2,8.813347192167546,0.5987020682781381,5.890680711892764,0.7475103604020769,13.113244956654814,26.833562869839337,-42.61563444205393
250,135,1,1,0.15132123403480596,0.05764756020175682,3.991713316138868,0.9246386697771982,0.2905253763081629,0.7978254036266076,-52.977893992783095
258,136,3,1,0.14481353735113775,0.04982122668273214,3.93312016501092,-1.5782839241859246,0.19017094578720267,0.7443983556538261,90.4290076784868
259,137,4,2,9.247007887500239,0.6097731711931408,5.911417604640708,1.460396269124507,13.746890559981901,28.134293105267616,-83.92179299064345
265,138,1,1,0.13656148517709166,0.02297145380841731,4.128196892901733,-2.832470738853561,0.20334465137941274,0.6787046736574844,162.28861908721603
266,139,4,2,8.787861761552707,0.6028958397307613,5.779453392250419,1.0051021141944931,13.075956805336222,26.72322375621363,-57.79978695606271
267,140,7,1,0.13030552806123047,0.07035117167489699,3.920189208323966,0.7822008892626271,0.217205979424987,0.5279544964661325,-44.81680947922223
269,141,7,1,0.13995617337616062,0.04632949233366453,3.975732328841784,-1.7784013070848281,0.2588979115786941,1.0371325224940495,101.8948895051223
272,142,4,2,8.633742784947552,0.6041292241849284,5.970536083258649,-0.8992461364538717,12.850332131787983,26.217509644920604,51.72357756929895
273,143,3,1,0.09459633037578122,0.09169391195893527,3.952908882845262,2.69181776130626,0.16673405466153912,0.5461947380002654,-154.22979672086274
274,144,7,1,0.16020054265361583,0.08892638473565521,3.897839906742226,1.2430980214648228,0.24299420240690614,0.7416987898428702,-71.22426962585217
275,145,2,2,8.748157406891487,0.595589433702731,5.756733085740382,2.8945044130143045,13.01785211201198,26.63015378166115,-166.05166349981494
278,146,7,1,0.15837383357979914,0.04303527182068984,4.001600318369439,-1.121570760883913,0.2641133083083607,0.8264952104385966,64.26127021331067
279,147,2,2,8.968933976450701,0.5887760339795075,5.569377067569052,-1.1290482171643221,13.34077543510885,27.25184877115332,64.91495461650494
282,148,3,1,0.16189688680126743,0.06720382919756285,3.915169125993873,-1.836030149450524,0.2464238450267601,0.7569325100193061,105.19677946512363
287,149,7,1,0.10832998877068273,0.042749897646022085,4.039076869121987,1.286939855410559,0.18981208611610992,0.62831003313261,-73.73622201674843
288,150,9,1,0.16760830760839693,0.03457501298753206,3.8811034241526863,-1.33429464171794,0.2477306160145447,0.9172840141417942,76.44945131218788
290,151,1,1,0.10847518089252807,0.04182644070696339,3.9339535743338816,3.022220616391207,0.17380218040600529,0.7040752275254201,-173.16048607285683
291,152,7,1,0.16063979231554573,0.06132565854730895,3.9047929686471456,-2.8335622675548238,0.27459848009059934,0.9665842416604732,162.3511579054935
297,153,1,1,0.12397759031028449,0.049675129288739225,3.862162437944023,-0.7912908551709984,0.23886156151704155,0.7039955948002028,45.337626722813354
298,154,1,1,0.10271973323045175,0.058767090959595876,3.9407255067984046,-1.0489944227666872,0.1637234324091735,0.4756429543131324,60.10295299994848
299,155,3,1,0.06865454479089503,0.051585086069873914,3.982427721588248,-1.5852410285457332,0.11026437178373608,0.3819121192132373,90.82762045285799
300,156,3,1,0.1316717256470108,0.03840011667344435,4.188865597271451,-0.8609316599996979,0.23746895838752136,0.534493617737582,49.327750246878296
301,157,9,1,0.12433292812298827,0.05340532251391504,3.8627392821474325,3.1371853173204114,0.2131224924498941,0.7671121384031314,-179.74747802207173
303,158,3,1,0.10188087939898546,0.04571081907305555,3.929194760126628,1.1516137039787278,0.1598852690256769,0.4889468122309588,-65.98260473942955
304,159,1,1,0.2234828874129129,0.04923071756884981,3.880585454893546,1.331552625658055,0.30537463514375934,1.2540677533003806,-76.29234521275609
305,160,2,2,9.073714203857135,0.6080835251373692,6.008370140949175,0.9780230097759776,13.493882170681701,27.538620134172138,-56.26997084452433
306,161,7,1,0.1933544637669889,0.055198953926002346,3.925799177219827,1.703392111183638,0.2676523586863606,0.8574516186707665,-97.59717939415543
309,162,3,1,0.12212038812265218,0.07235523068709242,4.036368755107036,-2.1459505866767232,0.22330291750419937,0.4688843386532346,122.95391207074722
310,163,9,1,0.1006178547894592,0.041563759565956385,3.8263862970216884,-2.4839766035090554,0.17530079092115872,0.44217321310483776,142.3213757383172
312,164,1,1,0.13898146663028285,0.03520454021062447,3.8602704093497118,-2.3233890486954727,0.23610488290018983,0.47993020976406825,133.12038689858178
313,165,3,1,0.14014664127619605,0.061342243283922154,3.8597532279138713,1.0657543123252802,0.26418256192360695,0.6010049499006967,-61.063223581318034
318,166,1,1,0.1166088649422987,0.03371949605251415,4.030298750364447,1.5883707229515267,0.1501896671139294,0.5744425437539229,-91.00693864994479
320,167,9,1,0.17325375220239214,0.06651794707527856,3.9228655236342953,1.964952845960259,0.305997550100431,0.8594336347589407,-112.58350603727938
324,168,4,2,9.005146713340338,0.6213355524074323,5.922125398805777,0.29960566427954294,13.393699587380635,27.377691451574297,-17.39418223110439
326,169,1,1,0.1577291821296485,0.0742924317986226,4.018377659275201,-1.335640280100592,0.2406609824844036,0.672804996907744,76.52655023254596
327,170,3,1,0.10560057379242344,0.05643511216825648,4.094342193034363,-1.9806609377949014,0.17697355108078103,0.7024234017128935,113.4835124409239
329,171,7,1,0.2010073551859424,0.0735470229553181,3.9652837316767524,1.2271175448176048,0.3467116850441724,1.1631294819433544,-70.30865469516347
330,172,9,1,0.10746893249855265,0.032663892316529816,3.9533668844352228,-0.20697862981426912,0.16682419530893283,0.6538060561366974,11.859002010152341
331,173,7,1,0.14318636374582466,0.06967870122024988,3.9483809452082985,-1.6056433412058602,0.22645661868743064,0.798950174498127,91.99658672520647
336,174,1,1,0.13682057174353063,0.08066462498495572,4.206213744646909,-0.7745963653545264,0.22497423123205623,0.6003273078231491,44.38110238609524
337,175,7,1,0.12963826952084181,0.03163749412126633,3.8951401784303163,0.294727331589751,0.2134348563923446,0.6838573552731697,-16.886632238526442
338,176,8,2,8.947565158433456,0.5926669366836372,5.560078259928155,-3.102230670848584,13.309536014513867,27.169007783581172,177.521100157172
343,177,3,1,0.24906790890019326,0.0892228552563369,4.058299433510398,1.388097638500057,0.40721252062507834,1.1790014358080976,-79.53213225237977
346,178,1,1,0.13426645092257414,0.05760309134040168,3.8959348174402697,2.9884446049400397,0.20365311671280661,0.7101420617726906,-171.22526308297108
347,179,7,1,0.21729727921166453,0.09225531302579984,3.8437885502583233,-1.1280362723425599,0.34686086512347425,1.1846799064923381,64.63171545233511
349,180,3,1,0.19121024424130031,0.05400256447416914,4.0213000383690805,2.6589633801295336,0.363076796743044,0.6742939007818242,-152.34737817296138
350,181,6,2,8.723398170343794,0.6233625296034577,5.772012772793573,-2.8344713632654654,12.981605237465258,26.526087668433885,162.19626455026284
351,182,7,1,0.1505444044323561,0.1006957624600096,3.842231717835311,-2.4140082857416973,0.26414461631097025,0.8756207547070829,138.31248571353828
355,183,7,1,0.12715704266308894,0.044500506052981934,3.8391912262864016,1.260687406252531,0.2024385130472309,0.5873802160586269,-72.2320671650915
356,184,3,1,0.17537614898929133,0.02998409516585847,3.9616079358117426,1.6192050390952775,0.24408019949129997,0.7959178067245548,-92.77361537802426
357,185,7,1,0.13609667094861758,0.03724345557200276,3.7978157386676386,2.364311875225646,0.22944825101586072,0.6186428900719035,-135.46509197849645
360,186,1,1,0.1352664315316991,0.056835344222195695,4.093487290694584,-2.143643009809807,0.21348564293578062,0.6225050919042586,122.82169746939357
365,187,9,1,0.09849709384666888,0.040968436359911646,3.9191717339598933,-0.6827068437878514,0.17285626382895772,0.6277439730332188,39.11622078794437
366,188,3,1,0.19364950363089678,0.07501502616899684,4.156480161380309,3.0329555712938623,0.31037377681521433,0.9501749614139399,-173.77555214175004
367,189,8,2,8.916006164470268,0.6125372040461159,5.870603961947374,0.8807001887735673,13.263395346454185,27.132681979334603,-50.239175775236376
368,190,8,2,8.774829097034212,0.6046015976617017,5.816261146600722,-1.0152189295339016,13.056883107575638,26.68621326027646,57.95703729868147
370,191,1,1,0.19459410266711147,0.04639072672758097,3.860054168182233,-2.198067623155162,0.34496229256831384,0.7858917570294306,125.93999980288423
371,192,6,2,9.081883017075432,0.599344668037145,5.869890247114847,-3.1204932771750387,13.505815893949658,27.59292689559208,178.55707312116587
373,193,3,1,0.34789160576045475,0.111378315583329,4.111917244609353,0.365790138857328,0.5383145008113739,1.46542977028051,-20.958242433311884
375,194,3,1,0.15224784072713285,0.061115724069376536,3.9208079258534925,-1.944658323919421,0.2659563646690168,0.7602897367515628,111.42071534079075
378,195,2,2,8.902171426467708,0.596753116178873,5.945475971158464,-0.7821469472332266,13.243166767669955,27.038933230310683,45.03390215331695
382,196,6,2,8.705806712956385,0.6060349501957492,5.91950837267726,2.457736590841382,12.955854158530467,26.542433828774723,-140.6122211593015
383,197,3,1,0.1548659522258182,0.09664135668294044,4.101320262025742,-0.8296526166728168,0.27611402100910354,0.8021381618150267,47.53559234541958
384,198,9,1,0.10700406802059502,0.05756546449125302,3.9503517875474814,-1.3855139785662949,0.18591745423376296,0.7157865395309099,79.38410333908385
386,199,2,2,8.392829738770857,0.6297159460753895,6.006281443004506,-2.173799741019145,12.497240110139787,25.516412660073364,124.73356183277082
392,200,1,1,0.10264637906349104,0.061976292529864606,3.896910649300358,2.5936969414486164,0.1640931947247962,0.5561562042259168,-148.60788801688338
394,201,3,1,0.09266741614979833,0.033777434592829815,3.9511173693799764,-0.12112969628325022,0.15389705582499819,0.5071399049454578,6.940220456676098
395,202,7,1,0.21441956737919682,0.06408563272913499,3.9204560528081074,1.7980584109628328,0.3326714042108263,1.0213772976710385,-103.02115775189235
397,203,1,1,0.13485991644837234,0.042780790787974914,3.8649845474039664,1.1411376658609216,0.21110239282185503,0.6136579763369773,-65.38237150154707
399,204,3,1,0.15377863014535856,0.05127215850951673,3.8392951412207834,-1.0386051356767,0.2916389872562803,0.7978416042069332,59.50769015359614
401,205,7,1,0.17164404111675124,0.0638001722159872,4.156183152043385,-3.1339120332950348,0.25461247282517635,0.7358959447808123,179.55993233120552
406,206,9,1,0.19762491903300755,0.041508918397510454,3.8586976852363954,1.9025248078622001,0.2785391530334864,0.8726529707033674,-109.00664265815585
407,207,1,1,0.16009413179514353,0.07229851592328536,4.020421421981176,-1.9696653649535352,0.29225164978357254,0.8394876531401153,112.85351159030361
408,208,9,1,0.14642012511581232,0.03571561693751635,3.8638246904555578,-0.5120322372166888,0.24827149655814115,0.8888741404346401,29.33728550962699
410,209,7,1,0.17541316411890548,0.07307219749947813,3.9351765149543305,0.2909714255482551,0.30249282781696973,0.8694300440714174,-16.671435901105106
411,210,9,1,0.15857153964264983,0.060931876526818605,3.9430064421201045,1.593453198886181,0.26408604233984123,0.9271719312528134,-91.29814329390645
412,211,2,2,8.92221390382999,0.6157352202201412,5.903919382289378,2.2449074192187775,13.272472241248204,27.066212650443894,-128.40202249723836
413,212,3,1,0.15583613324734516,0.06576650368311954,4.0357261434083895,-0.5912088812518652,0.3123279054997823,0.7626874614424224,33.87377470306159
415,213,6,2,9.181023599190517,0.6069096473703967,5.8418236608211185,1.7244071426024845,13.650588778581735,27.921011309211515,-99.04315584635054
416,214,7,1,0.1742894320258721,0.06610196036470517,3.8944164022697434,-0.4059716007328267,0.2918538994409551,0.9004323651685743,23.26046051072412
419,215,7,1,0.18962756479377882,0.09902835025931865,4.009696613092465,2.7310754207425685,0.29944061321157117,0.8460490024550561,-156.4790941563767
422,216,3,1,0.15572822039324594,0.05906463954347171,3.9345660010203707,-0.4351134254372575,0.3016994618980586,0.9181170322949804,24.930163951345314
424,217,3,1,0.18655278318981505,0.05762865540236072,3.942715795809493,2.9943376673734456,0.2476094841240532,0.9743493024189569,-171.56291032662065
426,218,1,1,0.14855753369692784,0.03689651511351863,4.036184595861309,-1.3105370624937491,0.20423399292726846,0.7868762866572386,75.0882424191976
427,219,1,1,0.18792431134786386,0.08421051946371891,4.034299578595446,1.1322722249741242,0.32228939334666634,0.8863618061264648,-64.87441934827693
428,220,7,1,0.13751621165941358,0.042346660513842956,3.8706722697301985,0.8914063670005606,0.22465298089371719,0.704037264342175,-51.07382260498253
431,221,7,1,0.16833152371306542,0.04938735124772588,3.959318005244904,-2.397385849237774,0.29607498532215315,0.6129613527517229,137.36009108063823
436,222,2,2,8.954716949553594,0.6148578867407937,6.0479297092056115,3.1391269899924046,13.3199919512498,27.225781202678515,-179.63455807134636
439,223,9,1,0.22829082662619626,0.04697226130890781,3.9521869069694398,1.0773217516278113,0.3807863897695692,0.92651820251695,-61.72598732869043
441,224,9,1,0.13988722628629938,0.04738944101301552,3.9758007316361628,1.475343782129071,0.20687625926659936,0.7003046924666892,-84.53097194972018
445,225,2,2,8.681060510763725,0.6017237002778387,5.8730535221450015,1.7135364449028796,12.91962280741822,26.344538916490276,-97.97446994176529
446,226,1,1,0.19683569209843088,0.09791036538713989,3.990635147768799,1.9382219418858606,0.328189701168586,0.9883405004394814,-111.05193896716719
450,227,3,1,0.13183036480075266,0.035541505229948527,3.974547540542234,1.0991712851630466,0.22872937455685394,0.8243709279496286,-62.97787504193202
451,228,1,1,0.11930940631692977,0.05844909778801028,3.947870333411701,1.6807481730483294,0.20726541086302883,0.6005287119743429,-96.29977699842146
453,229,9,1,0.17474900312350228,0.06048686379621423,4.048373045840951,1.4079199890364797,0.24302774692513712,1.1019297794258542,-80.66787338955014
458,230,9,1,0.14567522169213254,0.06839357452433874,3.934696673664269,-2.7130717274198033,0.2618785325315664,0.724514941302987,155.44755898066674
462,231,8,2,9.087488942511659,0.6245509685015431,6.217048055470292,2.696491228543903,13.514002416572659,27.75125889247623,-154.73202957172828
463,232,1,1,0.1948296691661435,0.0645690939342373,4.0299999044587995,2.7886418069203214,0.3253954297087806,0.8904758924205571,-159.7774054101103
465,233,8,2,9.17940244127669,0.6026243238216986,5.920274465842402,1.225131772298751,13.648217681700757,27.870148740990004,-69.95310573900332
466,234,3,1,0.13165355132313822,0.05227760946506407,3.7306714335541153,1.302399157055607,0.22711563503848964,0.7868559721704519,-74.62197440668632
470,235,7,1,0.1375669269616762,0.06240888010695617,3.918793031519267,-1.787268866580734,0.2251977152540684,0.6991797256697254,102.402963535484
471,236,6,2,8.962121513559124,0.6104374301772459,6.022545771154613,1.0578795326974926,13.3308140548002,27.2495694945792,-60.387296868330694
472,237,9,1,0.16074147357977042,0.04966849481475766,3.8356704536065918,-2.2982996862588867,0.3099000620858363,0.6904436066581896,131.6828726981626
473,238,7,1,0.16900872039417708,0.07586304113410967,3.904134718716019,-2.2970329445915953,0.26076160305622437,0.769374674540633,131.61029271732534
474,239,1,1,0.3045572308821772,0.10999439524800335,3.957067627392776,-1.833535240994208,0.47170370828588604,1.4056406733205387,105.05383654806583
475,240,3,1,0.18780515543998222,0.09026171268833143,4.118540167449825,2.14624361978033,0.27935082955012414,0.8557966470839925,-122.9707012274634
477,241,4,2,9.041384879024882,0.5991589624778045,5.960068115933626,0.5814867274393088,13.446651300597033,27.48467900070109,-33.547588101278215
478,242,2,2,8.900564022005902,0.5980164009616588,5.9563525964016915,2.157870941422922,13.240816461398463,27.08101885305535,-123.85695961235356
481,243,7,1,0.10734979812742453,0.05948659498811349,4.117527304015876,-3.1045654475341555,0.17138836922215347,0.5263110435924647,177.8784973224826
483,244,7,1,0.1526300175775086,0.046379496625771004,4.017764156315887,-0.5999159268122263,0.24961621282861512,0.9208606347915504,34.37265067200622
485,245,9,1,0.12541043012887054,0.06744117340001808,3.8986846896174043,0.7232839051789853,0.2103848022183214,0.49916573459705427,-41.44111545041684
487,246,7,1,0.13594032366578596,0.039028887701013225,4.031721590682836,0.20157552542014845,0.20932949761222677,0.655063811307157,-11.549427415602684
489,247,7,1,0.12558666083070522,0.07644158935975168,3.9263544929209493,-1.4237713863660326,0.21981014031701104,0.792796690234106,81.57609102818911
491,248,6,2,9.130839706504892,0.6179003080632867,5.911504826290285,-2.7496432960304307,13.577313811103334,27.705486045696162,157.30506402381562
492,249,3,1,0.18023633756422477,0.061288490098346124,3.9124696084889243,-1.0375278257457228,0.2750914738958281,0.8396399814766914,59.44596531058607
494,250,9,1,0.15006054785631912,0.09080328686613137,3.964177553192651,1.4816116757358213,0.24047400055256848,0.9173040643697145,-84.89009539499617
495,251,7,1,0.14257654599974737,0.026923298859823183,3.8987446955539347,-0.16116505813356785,0.22469315957090555,0.6893998175499666,9.23407786745326
497,252,1,1,0.10411114948233578,0.06429339657149549,4.032033232905593,3.0023317064279276,0.18640849753341077,0.6341233405721202,-172.02093526322153
498,253,7,1,0.12314971994067139,0.0415373044499433,4.114862911215458,3.098262551777671,0.18087027672215827,0.7036340081676137,-177.51736808352132
501,254,9,1,0.20156296178048067,0.046879836672805396,3.9200603128754876,-2.5215109621084033,0.3402475423275095,0.8898485517651756,144.4719349246718
502,255,1,1,0.22212561414064522,0.08296731110612064,3.8941346972533344,1.9957536881801923,0.3770084371700711,0.9557186533463047,-114.34826418009152
504,256,1,1,0.21579651694249033,0.07664317740686336,3.7927537647238716,2.026797946157589,0.3669291905540208,0.9405995832027345,-116.12696931120792
508,257,9,1,0.19797313872365943,0.058190963043275035,4.051457403687996,0.9298941675700622,0.35530603667055494,1.028897427801737,-53.27901015188428
510,258,6,2,8.839838577744686,0.598585075956985,5.958847555993674,-0.761765582580185,13.152000304788418,26.81948603909197,43.86146974085453
514,259,3,1,0.2025679924626749,0.04283700164189305,3.7594666664390575,0.5667614959338249,0.3565419618061173,0.8730219658339596,-32.473042284903286
515,260,3,1,0.1402304796441235,0.06711256356180077,3.87343693122907,0.651469274969031,0.2605546100618001,0.5835129554441183,-37.32643952591908
520,261,9,1,0.21202697941660528,0.07315422830485122,3.948113246002083,-0.4069149755397151,0.37060716518564246,1.0844543980929722,23.314511537869237
523,262,7,1,0.15819080846101566,0.05457441127580578,3.8143942170849954,-1.7180956322184089,0.24738239540838156,0.7728321092455446,98.43962943324496
524,263,7,1,0.10320479119428318,0.06808082842973794,4.143171108585754,-2.885193495328885,0.15946033350320885,0.46736401776597347,165.30941010614617
526,264,7,1,0.12580543297543273,0.03843357051633425,3.977231183643344,1.5425551531911168,0.19988048309065778,0.8255987159956791,-88.38189985896454
527,265,7,1,0.09693026735792985,0.05032738947562115,3.814931552631355,-2.937895796481968,0.1391902062443025,0.45133128014808405,168.32902971955446
528,266,9,1,0.16074365894890924,0.04884137866875304,3.96145987119219,-2.2331014400276885,0.26639030639666117,1.0068783043095275,127.94728824053776
530,267,1,1,0.17362689252846983,0.055946577002392334,3.872178124662193,-2.6457295960484526,0.3001894007547736,1.1057866537226966,151.58914002212612
531,268,9,1,0.11631128382927816,0.043870466072120744,4.024658964247804,0.3939071153398475,0.19623244055645095,0.60046074214556,-22.569215599192788
532,269,3,1,0.1451012355107815,0.036441173231614214,3.8951834882821563,-2.6433165163571446,0.2526298510478182,0.8156853125247241,151.45087996710106
533,270,2,2,8.837193254530167,0.6237310184739218,5.909264024843726,-0.29599931217337994,13.14813059311367,26.960352397498124,16.744190955615615
534,271,7,1,0.22196813903134113,0.07726715270012312,3.8253227527490536,1.4979079412003766,0.3356993569646216,0.9392821654349774,-85.82380170244137
537,272,2,2,8.927718067907318,0.6109280550001044,5.991975680547417,1.722920747352023,13.28051976804972,27.12651252918853,-98.49397198253901
539,273,1,1,0.16006566831441935,0.05870881376420323,3.943469116732973,2.429762390327768,0.2641244010248431,0.6098328075561004,-139.21513064516316
542,274,7,1,0.1372619504872839,0.06917048941731714,3.9785428918951298,-2.0025448106594714,0.22765799959758684,0.7855586957628067,114.73736631143201
544,275,3,1,0.10091791980794326,0.051405374540142795,4.158074153016772,0.2854349628184607,0.16067113152480145,0.3974269172053669,-16.354218940912673
545,276,9,1,0.11511318685486686,0.06861264557768568,3.993224730573796,0.3691472768320278,0.18678870487026616,0.5807709103109092,-21.150581136971983
546,277,4,2,9.169469442441292,0.6232572711236233,5.848239555118487,2.808995694462578,13.633718389531024,27.87930241247607,-161.18457457290518
547,278,7,1,0.16740311019438878,0.04774354800228278,4.051537760712819,3.097017536930359,0.28606160253113666,0.9610384461234274,-177.4460329625401
548,279,9,1,0.17690604704266572,0.0628139813075758,4.022159277531081,-2.8088198915439824,0.30578385671741626,0.8193255397187842,160.9335243052144
549,280,3,1,0.14968240429712795,0.04631527566935965,4.107529160011001,1.0134983018153076,0.2368953984085834,0.6854742538487453,-58.069175079678445
553,281,1,1,0.16136015375643287,0.06683664898644977,3.932414158411683,-0.5716275301220045,0.2777132706746304,0.6267679919300095,32.75184553674962
554,282,3,1,0.1595536433241888,0.033597238218722895,3.932497641407225,1.0514027785957927,0.2641747042037094,0.6842331902873612,-60.24094093855562
555,283,6,2,8.877919371429517,0.6107051773378406,5.663463246386639,2.3279968420497994,13.207699580330505,27.01001552726211,-133.16603427723632
556,284,8,2,8.739402911853487,0.6068888020204949,5.885857577388989,2.6068907235467647,13.005034107445619,26.601984821556975,-149.15569515217155
557,285,3,1,0.17395152086537496,0.04589052541921198,3.9744952130860605,2.7725288011642792,0.29571531105151494,1.0630740319895888,-158.85419826872723
560,286,1,1,0.1545519187306526,0.042143523354557115,3.905656089080297,-2.5446222902592166,0.2797098107616999,1.0280213580616286,145.79611693456224
561,287,9,1,0.16856456751638021,0.0350963831769938,3.810111662764861,-2.702879706773476,0.29366730394007373,0.7520833771262018,154.86359908873797
562,288,1,1,0.1814007374110803,0.08416009023506411,4.057018963277937,2.900864603590734,0.284470556069127,0.8673973448759758,-166.20729754618222
566,289,9,1,0.15066381379701393,0.06739402712797346,3.8554761922220493,0.1570956050872898,0.2204082944671017,0.7276318292000435,-9.000915567855147
568,290,9,1,0.16510111478282294,0.041754108497484996,3.801276329617097,0.7389922325906768,0.2947462713338779,0.5343036316048824,-42.34113639809812
569,291,9,1,0.24013249973707915,0.09116459610380849,3.894329778080381,-2.67443478746335,0.3639272037397167,0.9248368446227898,153.2338236029514
570,292,8,2,8.908785468247626,0.6029078824366619,5.813098297770566,-1.4199819974968315,13.252837963641166,27.01632915363935,81.13829319412537
571,293,2,2,8.761955609782435,0.6159532964649497,5.895402378656319,-0.5820718071923972,13.038042017414714,26.691563246085494,33.140475985101624
572,294,9,1,0.15776849992975814,0.05244664614397025,3.996189788470983,-1.7799650494667436,0.2653883964635785,0.8951905289577523,101.98448536640896
573,295,9,1,0.1662074124992262,0.07491108100584816,3.8535697769924546,1.7354623327449623,0.258947921542422,1.0529334530014471,-99.43466738058346
574,296,1,1,0.16479419570855533,0.05014153320686947,3.992126867604828,-0.8511809428904175,0.2785909543756619,0.6626096308151809,48.76907601415522
576,297,2,2,8.874074055966478,0.601004912265644,5.943886378129148,1.351743498352755,13.2020776909667,26.980846205991902,-77.23112612715364
577,298,1,1,0.13409072060659782,0.05255675387073457,3.9504536855658343,2.7877502791220934,0.2353512355093992,0.8145992671394616,-159.726325052041
578,299,4,2,8.851430076656518,0.5913643690552828,5.714672090393482,-2.7222231807479385,13.168955836635384,26.87717063586701,156.18827860726097
580,300,3,1,0.155815506257038,0.08309793066502978,3.8305372288929433,-2.213570103047535,0.2805360192671937,1.0780259223913007,126.8282248929139
582,301,2,2,8.766024323541076,0.6175871627281333,5.64233974578872,2.278185845836876,13.044001153020956,26.654311037487005,-130.32035491747132
583,302,3,1,0.13974009406979992,0.05659992468345554,3.8456208838725727,-0.09135081572262202,0.22459183890526502,0.7750576628175568,5.234016843716968
585,303,3,1,0.17188302630994384,0.06668748851728562,3.8624850513215607,-2.5467026386928624,0.29229435618763366,0.9531995789987537,145.91531228420286
587,304,1,1,0.1462899792762592,0.06118476035460541,4.066440342327092,1.8041296264046904,0.2446971279598172,0.6640182128800787,-103.36901362693332
591,305,1,1,0.17250641304167819,0.06927081484462036,4.07957767555329,-1.2304750897111714,0.2922512253465367,0.9320196636271609,70.50102851323128
593,306,2,2,8.843329203731011,0.590850523625416,5.725595292701845,1.1424692999476542,13.157108667427837,27.00458130033494,-65.24289266543494
595,307,9,1,0.13357050078166044,0.025578658162394616,3.8915283988275164,2.115968425592652,0.2151220860054011,0.5603272741145645,-121.236060763469
599,308,1,1,0.11159893420348532,0.049575374524563454,3.904562391254798,-0.6624802512660829,0.1852814230816564,0.5372171901992808,37.95732257876609
600,309,9,1,0.14026086223518008,0.04600160620952341,4.023057928761077,-1.0075777098603116,0.2548219083109183,0.5541583856804421,57.729949820968976
603,310,9,1,0.16158807990926682,0.07313356404525408,3.891378297344898,-2.4774467874356576,0.27045665028001636,0.9659438753914994,141.9472441839248
605,311,7,1,0.21742375278323198,0.08440167544462612,3.944527961708147,2.1822110501885237,0.40253335647970534,1.281627065961058,-125.03148166441724
607,312,9,1,0.20332085556726126,0.039398817790862746,3.7942948487353036,2.956099932434934,0.27820699688671785,0.9060834955904704,-169.37204925683486
608,313,1,1,0.17077257802879833,0.05267105041619526,3.917836271081073,-0.4022784937759311,0.27255734995507114,0.9846009220969875,23.048860705755587
609,314,9,1,0.14373423142378972,0.055465689518050414,4.138308447256116,-1.339419366833701,0.2397263238354983,0.6853065136759767,76.7430765152359
611,315,3,1,0.1553148138649919,0.07968094634906171,4.082141401092431,1.0770972769795957,0.2524521958087125,0.9803969361933988,-61.71312821790615
612,316,7,1,0.1150292178766353,0.05284678282608056,3.8765360165182585,-2.8505888105947332,0.21245131277273335,0.6017100006438019,163.32670750761037
615,317,3,1,0.17986853499606134,0.0629470356125868,3.8236114774269394,-2.411939261920809,0.3274095125195153,0.6299856819485593,138.1939408554995
616,318,7,1,0.10974101932164618,0.027281103586717616,3.915699288691999,-0.11819159581927627,0.1789063054641769,0.7221125796251704,6.771879871200333
617,319,1,1,0.15526564774411533,0.03247426411306637,3.8556597457052413,-3.0037494715068793,0.21829981503905194,0.8187851976406905,172.1021670968596
619,320,7,1,0.1783110967014839,0.06820131252065004,3.837002413814143,1.575732518887231,0.2429326329386808,0.769564232218655,-90.28282289777472
620,321,1,1,0.1673444673607913,0.038596363299518495,4.170980473067135,1.9763630355515953,0.2944085769596534,0.9687523179700052,-113.23726045780504
621,322,9,1,0.14636678862052882,0.0319582002128697,3.9457875393995585,2.1074007608686673,0.2766961140399642,0.4808936454257529,-120.74516984521307
625,323,1,1,0.1020643327089435,0.054548032909208406,3.9670432552895862,1.9696107352108376,0.19228034749611356,0.49747293632010686,-112.85038272723557
626,324,1,1,0.09219932952535236,0.03844929413918787,3.8539960335043744,-2.6558820558161593,0.1698194695400773,0.4682587471148429,152.17083254792144
627,325,7,1,0.1912274251528469,0.04813185909606071,3.86349178433987,-2.5195944341158834,0.3367477492269725,0.7777307374822199,144.36212606414114
629,326,1,1,0.17331856680941798,0.033023304387892305,3.97139426740591,-2.9482998558283566,0.24707411755519346,0.8791263549674599,168.92513868727707
632,327,2,2,8.94830669384683,0.5950891866030293,5.7050951321271866,-0.10535386034102366,13.310626602775095,27.256168323047707,6.260012443181402
633,328,7,1,0.20837139287906617,0.07326485279960168,3.9702539104414214,-0.7928947693207522,0.38604502102281335,0.8302164705917101,45.42952445305825
634,329,2,2,8.650298085223612,0.6091568578595857,5.804102782145176,-0.24633373110410028,12.874576353637206,26.237244841926582,13.912140196619266
635,330,9,1,0.2155233547928134,0.07987026185154486,3.9183819774322273,2.9949768323344537,0.3077457538251233,1.054684064161872,-171.5995311247683
637,331,7,1,0.15685207892400105,0.05661890231631452,4.015121214980386,-1.2471780511938824,0.24610364453756653,0.766340126293271,71.45803774430978
638,332,1,1,0.2032582136747662,0.07474704792545205,3.86177738398952,-0.22043567812726167,0.35639651374003883,1.1102785859308066,12.630036171028909
640,333,3,1,0.14372917338451963,0.06911935720069605,3.850149959897988,1.7262318799943295,0.17902748588084352,0.7366779374191504,-98.90580132211426
642,334,6,2,8.575116753437616,0.6061535146603747,5.686813376726896,-1.3583165478935588,12.764450776564473,26.00611921896517,77.6293553479756
644,335,3,1,0.16818150788936626,0.0687894013840503,3.9926300982353764,-2.431063541499106,0.3306063300314413,0.9412824745689335,139.28968096042624
645,336,1,1,0.20095069465396714,0.05163727419037997,3.9917264941238755,-0.2524192925016455,0.29815293843148777,1.000635377944915,14.462560023327622
646,337,2,2,8.753265757756253,0.622211253456811,5.92585208626034,-2.1948695820350688,13.025324018127758,26.60460032992758,125.5476150134834
647,338,3,1,0.15817563775599877,0.09667235489110683,3.7842078309514022,-2.062838110372777,0.2418699501812097,0.6964240728319946,118.19191809397199
651,339,4,2,9.191120736463827,0.6165487956729717,6.159825756587413,2.9801520064518905,13.665322672528971,27.922897024744803,-170.50741490002392
653,340,1,1,0.18974002257615896,0.06857901022731393,4.114047479836823,-1.1788522173562543,0.3643115058182182,1.110370204767947,67.54325782278733
654,341,4,2,9.490077735234266,0.6159957574320383,5.933438837593282,0.3540372317760655,14.101298002103619,28.825459139948187,-20.55247996426386
655,342,9,1,0.14687782944704122,0.04992600598031636,3.8182915120396457,-1.172558664551043,0.2533428900256283,1.032639498932368,67.18266229170219
656,343,7,1,0.1806646243285321,0.07794491882530245,3.933743442762271,2.5366491073168054,0.31973075717477023,0.9080872125923078,-145.33928700680121
657,344,6,2,8.834621922606054,0.6196404024213338,5.946489163905537,2.762739231978658,13.144368167061701,26.844345845380584,-158.5084273356127
659,345,1,1,0.1502414616118821,0.051109375940206564,4.060474363264097,-2.7483032868992656,0.2737572868451094,0.6471140772504809,157.46617879506718
660,346,9,1,0.15280319518987764,0.0592594968837956,3.8447660195578677,-2.5075765969201638,0.26277961271309225,0.5923612352051598,143.67355505888798
661,347,9,1,0.13978957408233442,0.05223197630824095,4.025156982163601,-0.05686386395387381,0.21651629820233875,0.8844857476181008,3.2580595030548456
662,348,3,1,0.16810838782755388,0.07454764116680399,3.979043634771684,2.08947403214719,0.3389678474041698,0.8505074977022983,-119.71804439212897
664,349,1,1,0.1889206691400133,0.064046015279345,4.1040270495485105,-2.183135913564636,0.3562856297273235,1.2997965195306078,125.08447558632652
666,350,2,2,8.818720756324382,0.6135215401777643,5.855999298755082,-0.17295976710927,13.121107747877923,26.79317003071732,10.123816104367688
667,351,2,2,9.098014520739293,0.625137628838889,5.8493216878852845,2.5611915841004733,13.529379127070355,27.75406546793577,-146.51017606000215
668,352,1,1,0.16986616176202135,0.050919492265322164,3.9227661851306292,-1.2696040748602215,0.26884950787906914,0.777241951870091,72.74295449437396
669,353,9,1,0.09056891233696915,0.08656730436353179,3.913642551179065,0.17887875217732524,0.15776917790072464,0.3969130980549597,-10.248997617821136
670,354,9,1,0.19568266421210662,0.035559665371965546,3.822202637795411,-1.0430064246856077,0.3674762330366769,0.6873038844089834,59.75986511916896
672,355,3,1,0.17833346817180837,0.05206700665634225,3.9457428954812266,-0.3582476380423568,0.27958916263588385,0.9722443088380258,20.526078777736245
673,356,4,2,9.045642775429092,0.5894439821591431,5.622600724755533,1.3513491229634815,13.452874339295077,27.500166722343536,-77.65778592355989
674,357,3,1,0.18676488692630222,0.08172763253426168,3.915865395104215,-0.641199507126682,0.3265465174470005,0.8130308907287942,36.738025802223596
676,358,1,1,0.12263461559156941,0.07604002542750173,4.123063815787642,-2.028892640978981,0.1997293327492567,0.5426161002643961,116.2469853687445
678,359,7,1,0.14292067449845314,0.06174557183536055,3.933229963972768,0.8691256684099947,0.2715537670541781,0.8127629623965217,-49.79723218768048
679,360,9,1,0.14636582782608906,0.039861078723992006,3.794301119490059,1.3402022678668457,0.21921733721273065,0.6818651558018668,-76.78793308158544
680,361,8,2,8.836521944326654,0.6520263786595577,6.00189968534261,-2.7228767950024655,13.147150121222642,26.885590192519164,155.79407796687715
681,362,3,1,0.1914325164848224,0.09360359296704127,4.200934095450245,-1.1308204724829218,0.3370243997703611,1.0059503175604383,64.79123958648277
682,363,1,1,0.16158207796392798,0.05064995361403742,3.9611201534054437,-1.564867486131639,0.23427346457676723,0.6664840089670774,89.66030236345665
683,364,1,1,0.14901065695038693,0.06915717146635199,4.057584606450908,1.4459032944663646,0.24437795005474536,0.6801706994300614,-82.84415587878838
684,365,9,1,0.1819787468714508,0.07620210685415063,3.8356507745175463,0.9841140494845553,0.31366953379848084,0.7972639963466273,-56.385579927099265
685,366,7,1,0.1430384865726973,0.06501352086098462,3.9868486595291417,0.4495690159939741,0.2517251950614357,0.8750569117703182,-25.758407669209305
687,367,1,1,0.20560770061138642,0.08453497960125708,3.7972293128895,-1.802922040555712,0.2853550646868216,0.9532212050799449,103.29982406028456
689,368,3,1,0.15333599854970253,0.04414038914007752,3.764276590187331,-2.7074273678382488,0.23603983967556594,0.6955496346410269,155.1241606274925
693,369,9,1,0.1323974348043215,0.056394679514833346,3.953778629047568,-0.61563320335661,0.23149556124400592,0.47465283201341096,35.27318408164268
694,370,3,1,0.19976535673614465,0.04671288887292932,3.9835812276995073,-2.6500736855685547,0.3469084695461837,0.7917397930422346,151.8380366571161
695,371,7,1,0.11091727910307544,0.04329180408444184,3.821454212182863,-1.2949248893584346,0.18330767734509396,0.5607641578984681,74.1937308076372
697,372,3,1,0.12740036691212084,0.09616553066738107,4.008791586780933,-3.1052075354579207,0.206603173712164,0.5899731862489404,177.91528626236493
698,373,3,1,0.21773089158705755,0.055025107604254504,3.9169203466075713,-2.4012633325325523,0.35098448218154804,0.9343509770045353,137.58225322956898
700,374,9,1,0.1902757679832036,0.06902870531793963,3.7437860318712177,0.35619940025618807,0.3265155879871619,0.8220532947858723,-20.4087242114589
701,375,1,1,0.2233604377480433,0.08178359854241957,3.8356921141454756,-2.9051191389287583,0.35282428944722116,1.0473727377987923,166.45106513139953
702,376,9,1,0.14746681897807734,0.03171436162454454,4.028828573386167,-1.174076668628104,0.2269932956574047,0.6158166704309482,67.26963718420906
704,377,9,1,0.16383199288541953,0.05263195312783767,3.9284293143048528,-0.07614968126570613,0.24535228531155956,0.7415628384002766,4.36305546448755
705,378,7,1,0.17313349083431923,0.044242048242106556,4.074557968392999,-1.6697381656004084,0.2368960455022381,0.8044373381858995,95.66895014640609
706,379,8,2,8.911540187671852,0.5974476008860191,5.800166952176636,-1.2126628629861593,13.25686840833503,27.15011829444713,69.25957362920695
707,380,3,1,0.16282917086242193,0.06650608579937355,3.9042582604664156,-0.6529540316594945,0.2776751392137993,0.6968653248173684,37.41151088810699
708,381,8,2,8.890279054048303,0.6109329296974747,6.040476022556273,2.4443980544396617,13.225775085431206,27.09835517285043,-140.2729795601843
709,382,2,2,8.753795491592042,0.629285800606549,6.003025616181018,-2.7812127341691615,13.026099580556899,26.571280421773935,159.1425643989157
711,383,7,1,0.1322642206001842,0.05388806688287304,3.9355551802139246,-1.511947812110118,0.19187816373972066,0.5047634277914349,86.62822858111302
712,384,9,1,0.13042738721002817,0.07572423190606978,4.019291499022176,2.892288494441465,0.2401776066385113,0.9103404195809519,-165.7159234706203
714,385,7,1,0.1545313453191132,0.03794304736053868,3.8248637985937166,-0.3496752307845234,0.2559972974896583,0.7533261562817327,20.034915923470585
716,386,7,1,0.12105873007262084,0.034029562450167965,3.9180206512498095,0.8711180570937136,0.18514822116266622,0.47886878079095074,-49.911388167678375
719,387,6,2,8.880664223073124,0.6100794918190824,5.968723373481947,-0.2559952920652975,13.211713770968723,27.037976416662087,14.886015185599593
720,388,3,1,0.11865124118707024,0.050153824637323235,3.823769181975602,1.1945399844736422,0.19780636459460296,0.5477063498274963,-68.44209914614551
721,389,7,1,0.16876705513951262,0.06643855459742457,4.002319266655307,-2.9424329234407187,0.23800144712649435,0.7414401896669578,168.58898761403032
722,390,3,1,0.12502215820725207,0.06857233897517571,4.025365957067647,1.5164962854935593,0.17938210004818056,0.6837147680817295,-86.88883678119751
723,391,2,2,8.91481797482724,0.631509468015068,6.013286936569365,-2.5368942684379916,13.261659995249222,27.194955516573263,145.13219644364796
724,392,4,2,8.890898019090166,0.6062942290178396,5.876310006701457,-2.415450552262729,13.226680637821733,27.082499833985356,138.17578812671795
726,393,6,2,8.739813610989662,0.6062186528380636,5.755158984041063,-0.07495335956214949,13.005635333881834,26.488407789457252,4.0863404034294755
727,394,7,1,0.147236987012487,0.04726436085020783,3.857892732508745,-0.2761668385961661,0.2645407556700409,0.813222266570763,15.823194666139958
729,395,3,1,0.1588977582637828,0.03960531431060586,3.8968346562145415,-0.487722445795737,0.2491841878883367,0.8795675950509088,27.944438151024027
730,396,1,1,0.14806655025822146,0.06882968645142613,3.9795433558787194,0.8945873772157958,0.28516529655963163,0.5788400349217416,-51.25608048415738
731,397,9,1,0.13355872584359896,0.06830246335428797,3.9765613858125484,2.389344887810981,0.22919103819527104,0.6754441518725126,-136.89937800275987
734,398,7,1,0.1506946803700366,0.06232183286851417,3.873721607660182,-1.5073441878595026,0.22622070638916922,0.8395674148279577,86.36445966620308
735,399,7,1,0.13190489214187862,0.06562197128600145,4.151198003885466,2.1136227983952502,0.2216669402363809,0.5901351713759586,-121.10166606385128
737,400,1,1,0.1395768385920464,0.0384421658319774,3.9797802641181583,-0.13535879842709073,0.19454202113435284,0.5853564535617874,7.755488111196937
739,401,9,1,0.16362176768844375,0.03631980403115178,3.9501315241878023,-0.9537824653947542,0.30391350418320034,0.7644778655104746,54.647709299105415
741,402,7,1,0.18371364468393594,0.09208071772957285,3.8589431386300284,0.5682359000452453,0.2954659609259037,0.8561875343365036,-32.557520090836185
744,403,9,1,0.12719398557418438,0.045703536695061935,3.9056976335644036,-2.3099538031028497,0.22376763370608746,0.48239295189766485,132.35060366663782
745,404,6,2,9.066448338209193,0.6320312736402982,6.213675517778992,1.619217353513293,13.48326801352335,27.521510630641878,-93.00713093768466
748,405,3,1,0.12435272354142368,0.061268359925674865,3.991444050131318,-0.8104018156952368,0.2112883257439434,0.6962488889326551,46.43260400681181
749,406,3,1,0.15895960847356355,0.050107374724061494,3.957334229691689,-1.8040376943101883,0.2435535747089986,0.8632973182703526,103.3637461721061
750,407,9,1,0.1676054818207033,0.06508384248854475,3.917995054364662,-1.1634327370143402,0.2845632223066306,0.6426757698830465,66.6597846380722
753,408,3,1,0.1160464495260905,0.07096168125570922,4.072707438529292,-2.599920067203846,0.17539029459638325,0.561264060511301,148.96444698538068
754,409,3,1,0.18738970264910373,0.048449220712187206,3.9046340307311276,2.305109195450388,0.33828304836788303,1.0593968798574909,-132.07302787883566
759,410,7,1,0.15308273289540592,0.04557633399031398,3.826863207850913,1.0532925962424209,0.26641197012547324,0.826766157067149,-60.349219923615706
760,411,1,1,0.23336712481497077,0.10550530020337831,4.073302709115797,1.059939457649534,0.39081628552618664,0.8868345175225897,-60.73005578920107
764,412,7,1,0.16028125246393368,0.05824014371714251,3.9566874867265733,1.3216262235047005,0.27352094868507826,0.9402648498399929,-75.72360359796677
765,413,7,1,0.19288410582360815,0.054746037480659614,4.045051103454831,-1.6658076822009105,0.2713049458370693,0.8460382145334445,95.4437505242356
766,414,1,1,0.14775385296630597,0.054763657331620454,3.9204220596134873,-1.0759574259348388,0.23408389265238488,0.5937732506338378,61.64781904950304
768,415,3,1,0.14412588666509796,0.05042086454464083,4.0668054442250225,-3.012688840597032,0.22273158638445192,0.841891097957746,172.61435511947374
771,416,7,1,0.11529481182957957,0.06923748845688643,3.995718104580143,-1.888295742710358,0.1798804933261841,0.5512796121042853,108.19137685404459
772,417,4,2,8.538814272632523,0.6076676717088931,5.767424115784861,-0.33301196955401413,12.711259583960121,25.94712181845035,18.886251865919885
773,418,7,1,0.138711087263607,0.060222446808006216,3.9313167089078305,-1.7880369321827165,0.20831417826506607,0.7178766165568524,102.44697014776567
774,419,6,2,8.812646441166814,0.5983961747533549,5.959048524092829,-0.20233364725777991,13.112220119636936,26.760982839585473,11.379361465232328
775,420,1,1,0.11396493512209556,0.03546274525278142,3.948196479163554,-0.7811205435999088,0.2089979732198774,0.6029525022946263,44.754910595969925
777,421,9,1,0.16760694707404541,0.04751238119871314,3.900916812174434,-0.29945340043395274,0.2969691178733196,0.8626944386562504,17.157417227322092
779,422,3,1,0.13390535259959632,0.04934808844216835,3.9114069155970697,1.22808456600077,0.22841041599081097,0.6349438169695929,-70.36406222664502
786,423,3,1,0.23061539838642037,0.06157857085781591,3.783668093482281,-0.8009295669702068,0.3806783594683394,0.7411250726278645,45.889884278014584
787,424,9,1,0.16536269626304795,0.039565772026742656,3.8866496995890274,-0.7145584667325203,0.26849459776490886,0.5425755512385809,40.94118461794787
788,425,2,2,8.956328189336567,0.6022249458938083,5.699680112621717,-0.6984974323680705,13.322347051527856,27.292365511709438,40.245247771931396
790,426,7,1,0.18910507320297992,0.10114541853292844,3.8854678743390787,2.193909582810537,0.32624964870752127,0.7434132714086787,-125.70176054184867
791,427,1,1,0.19111679694507921,0.10068647236057394,3.982851723798074,-1.205433067959286,0.30922951749267197,1.0081775949105714,69.0662267083306
794,428,9,1,0.16871126088025198,0.060361696060691944,3.7393362957126057,-1.3966857100304524,0.2630365314905033,0.899838983246817,80.02419615455116
798,429,9,1,0.11909047564675977,0.050443624317690415,3.9390599546872758,1.8987150326438709,0.20836444356833947,0.7607917448726387,-108.78835770097777
799,430,9,1,0.14717864213758639,0.0602500473916413,3.9245475218906662,2.6513684658934107,0.26041381233158956,0.7079354316199306,-151.9122224843335
807,431,3,1,0.17948424413577377,0.050656858664486,4.10130327574668,-2.4389871467308457,0.33445925157308226,1.0480393720072605,139.74367022432648
808,432,2,2,9.05975866366654,0.5955707745338527,5.731414683188144,0.6982143184829847,13.473498404986517,27.604404304959566,-40.23702055327444
809,433,9,1,0.12878147164372053,0.06639477457834837,3.988699230588659,0.624934800696038,0.232228532421946,0.7822958050318551,-35.80612607333711
812,434,4,2,8.880536965454809,0.6185582732310543,5.89296576774524,0.9650036431509896,13.211527680426217,26.928597288097833,-55.50919179283316
813,435,3,1,0.11125773490841448,0.03520030265671151,3.9432373510293957,-2.903109769437539,0.16191993474103689,0.570876469792957,166.33593721387223
814,436,4,2,8.598094440216205,0.6198259056424934,5.946102977477689,2.9233333983651146,12.798113199328855,26.08682216365642,-167.6927234018362
815,437,3,1,0.12150738725646117,0.033676343386019054,4.035163439828769,1.3651868362514994,0.176121261350594,0.6945284460772838,-78.21944379044109
816,438,9,1,0.15661043884530323,0.0411697715880902,4.030062665645885,-0.07552643048258657,0.23826849368201516,0.7389236956061183,4.327346411565058
817,439,1,1,0.12940245520875557,0.06332858048478035,3.9624851431328176,-2.632632814183681,0.20460072955775924,0.7442802713561036,150.83874894815756
820,440,9,1,0.19625603195078759,0.08281240092534009,3.962680794227589,0.10862649306505598,0.3147879663663613,0.8626056825368218,-6.22384115744934
822,441,7,1,0.17885865278225635,0.027623500081610793,3.7811353356368302,0.8857806079709938,0.3282660279044276,0.6486440476054851,-50.7514898174026
823,442,7,1,0.12856748867813486,0.054698734017360064,3.9331197607527644,1.8415089840682277,0.19108182230814563,0.5713963214487012,-105.51069313480565
825,443,6,2,8.912670315702188,0.6057929174299408,5.524239015212183,0.44173431100302,13.258517132243936,27.12804399140843,-25.088535916764297
830,444,3,1,0.16934879497343075,0.048436102357592485,3.868084924256099,1.636483056455665,0.28672280353512064,1.0465765294137044,-93.76357265241955
831,445,2,2,8.761577841765895,0.6013114057460553,5.757560659655186,2.145064577206721,13.037489998269846,26.63340772154693,-123.11290147208075
833,446,6,2,8.7631144331858,0.6168610034667994,5.9686159839916115,-2.335168376730763,13.039743088687345,26.755071318462925,133.58542585731075
834,447,4,2,8.685012558853925,0.6015383790567,5.691157116097958,-0.06473266010171169,12.925410325091764,26.377201614114554,3.9131275863028296
835,448,3,1,0.11010843210760285,0.06559279569615957,3.9329374843481695,-0.7489178537975667,0.19220178345814595,0.6327097429449393,42.90983233277452
837,449,9,1,0.13802254729305286,0.06953657805456175,3.9168447134354496,-0.4515693306357505,0.2428545456001208,0.5913321107598536,25.87301725303268
839,450,7,1,0.14882262220177178,0.04846202081783742,3.9323928180803223,-1.1669544898245656,0.2476795294215152,0.560390712608435,66.86156661472975
841,451,7,1,0.18707374981281247,0.05013707317425255,3.815330723877426,-0.9266162408743308,0.3509832113592755,0.6661958477637993,53.091198613668176
842,452,7,1,0.13458844566589828,0.052414081046006304,4.030753630337122,1.589416491166611,0.22509418963505706,0.8735391500113916,-91.06685652362123
844,453,1,1,0.14291174490672437,0.05432751434964687,4.092805075189207,-2.0050301814045963,0.2523805950327386,0.6984421837652913,114.87976806520624
845,454,7,1,0.1480380303802248,0.061135987148911324,3.7771020582100605,0.6813916668416553,0.25096480308324315,0.7084445171019772,-39.04086677958342
848,455,1,1,0.16893275658170936,0.08417109344046475,4.129841453377852,0.8397944542648434,0.2958115453594538,0.8100979006961492,-48.116678785049096
849,456,3,1,0.13162339236520088,0.04966578156966525,3.904343835241015,2.477126067215642,0.22163552566579606,0.539484342274336,-141.92886892009588
853,457,7,1,0.12817483026110055,0.05457566689255112,3.9373363302609987,1.5921392124834544,0.1976713893743974,0.8297180229438256,-91.22285713029716
854,458,9,1,0.15204327008767093,0.05425368157565017,3.9221483134415296,0.10757466166494344,0.2358590165840775,0.8601444201567293,-6.163574463441616
855,459,1,1,0.10395799515612784,0.023834627311642816,4.108143357753131,0.2927610040745188,0.20220784538786596,0.8646252230259677,-16.773970151512664
856,460,7,1,0.08646255097256912,0.024784979348919774,4.10497149448375,1.3808337890894187,0.15402480967994456,0.6168310137442208,-79.1159481708772
858,461,9,1,0.17502841910043115,0.06948192294519039,3.865403990547159,1.3619618592665756,0.27181777407069146,0.8458979088230638,-78.0346659653933
860,462,9,1,0.1102409223808872,0.04477099246964901,3.831815177584576,2.696553812334603,0.1593929414587241,0.5052555409191584,-154.5011526659641
865,463,3,1,0.10404883684677088,0.04308180638969817,3.9348433992184213,-0.549731327440208,0.2127485045540435,0.6174777264074286,31.497285089555486
866,464,8,2,8.713240257901786,0.627575339122036,5.944135747404077,2.8482331195479818,12.966736270380768,26.416703330531515,-163.39798507601205
868,465,7,1,0.18312285840638434,0.0638608244156509,3.867618225891781,-1.6845987241980758,0.2552192149913609,1.0858947241395493,96.52039747187122
869,466,4,2,8.773911296019683,0.5986784975481942,5.529028604669766,1.076260656175005,13.055540526657959,26.651312865094084,-61.87584871501892
870,467,3,1,0.18949047531422078,0.0415325831735136,3.9916838065736044,1.3753156481212976,0.26149751733754295,0.8950435932702131,-78.79978179025692
873,468,1,1,0.12820288786731648,0.04290070309120272,3.941161809289941,0.519391831905853,0.2522352912339171,0.4636490738862488,-29.75896022739701
874,469,1,1,0.1372071064690764,0.09495328610177783,3.903840869760939,-2.870714962978063,0.26834743634573394,0.7321829440334445,164.47985083971759
876,470,2,2,8.73781761569757,0.611038523415643,5.848959295496215,-0.7176524728970402,13.002713528861078,26.47730675851271,40.91043192218441
878,471,6,2,8.981833357298363,0.6015768535192891,5.70889431443563,-1.2625215750597756,13.359631512314309,27.290117911696775,72.56340411954757
879,472,8,2,8.883024741473434,0.6161876070591422,5.917164298151374,0.18774577242274304,13.215167158117277,26.972695905734348,-10.97578290889754
880,473,7,1,0.1408611780414997,0.058676891305198986,3.987399728003619,-0.32676707796018795,0.2256443915153422,0.7619658434511687,18.72237476204921
881,474,7,1,0.19102051397007103,0.059835086750590384,4.076887252305943,1.1616836215466417,0.33135226920245525,0.9634307431850009,-66.55956700812641
885,475,9,1,0.12309859845346384,0.041847888113664904,3.971134774432445,0.5614571916358173,0.22590684081360746,0.45860388901392585,-32.16912774082741
886,476,4,2,8.636809076500263,0.6119482639727368,5.5955582873895775,2.919436215164138,12.854822282686431,26.264430471055483,-167.07058743510018
887,477,9,1,0.12040855390558872,0.03416088946389712,3.861312119100834,-1.5870371722645782,0.1828512386652646,0.7065002870356171,90.93053210359712
888,478,3,1,0.1614090232697126,0.0491047781555992,3.755321699122365,1.0382876337022204,0.2756282043874375,0.7891302319493003,-59.489498432201536
890,479,1,1,0.19387129013064694,0.04947603921959047,3.9216070968245744,-0.4118884507019829,0.32053262638523244,0.8968258288505407,23.599471652720815
892,480,9,1,0.13729933905939812,0.04301663517462481,4.0209063569382435,-2.035040710834271,0.25908266355836135,1.1816726888563884,116.59924364520143
893,481,9,1,0.15592979316138716,0.05557707143902661,3.8328664104926466,0.08020596701970821,0.22141831071227394,0.7328671812196184,-4.595463736827344
895,482,3,1,0.10173424828997372,0.05177940795978525,3.926416611542885,1.1792429453577153,0.18538524159292225,0.523590311323407,-67.56564352100267
902,483,6,2,8.754671988390273,0.6181431993406388,6.011183663255563,-1.492500088198281,13.027382450982222,26.59264308032397,85.72320697792215
904,484,9,1,0.1428046685900858,0.07641802679742467,3.949737295835951,-1.1092114626970875,0.23790971888905652,0.6812964913693184,63.553135622851
905,485,1,1,0.22336393414052197,0.09540367866970538,4.090770378302927,-1.9178165632322484,0.3605340555870014,1.1425416283651808,109.88279610306103
907,486,8,2,8.945600982690804,0.6032534217210187,5.991044667181912,-2.231514672571616,13.306664488877734,27.19451359650318,127.63289796082317
908,487,2,2,9.207507352960103,0.5938409343274762,5.815115176105897,-1.8030759260051938,13.689241374241265,27.996114201076757,103.0646001307393
909,488,7,1,0.13511982098313569,0.08477952649923318,3.8855717903275497,0.8251266562846761,0.2332115816551497,0.7369403547163715,-47.27627451532312
910,489,9,1,0.18710219404335846,0.057791349023109076,4.014788076420443,1.4085472050418444,0.25125155008717026,0.8686291440553064,-80.70380988553747
913,490,9,1,0.17396046978510363,0.0547174146742888,3.764689439490369,0.28513272038253723,0.29233604323466794,0.8157118433089724,-16.336903068800176
914,491,3,1,0.1526213410063651,0.06157502321326363,3.8652990940611063,-2.948629556040917,0.2475030971764335,0.8311495757230045,168.94402806760317
916,492,1,1,0.1885735226296125,0.04708592114552994,3.9218758231272384,-3.0073476416912963,0.2812765302881663,0.9635589810597387,172.3083264935319
918,493,9,1,0.09933153568391133,0.060929717868487304,4.138633436716847,0.35596964828497973,0.16174712535616415,0.5967534049345732,-20.395558594582123
919,494,9,1,0.108891356558385,0.057528236445616096,4.008860643263157,2.5423841107889813,0.19893051054089314,0.6930423492251339,-145.66787938032115
920,495,6,2,8.719628663233676,0.6158761554232698,5.835676460297873,0.23199247241932677,12.976088970598685,26.425005086911554,-13.498898879626223
922,496,1,1,0.22451676668654252,0.08393855201071841,4.003367154040157,-2.1046445252133985,0.44439955811151854,1.487985865725184,120.5872499344701
923,497,9,1,0.11534004521898893,0.06376772161428036,4.124441720189832,-2.968618812435255,0.21042664310500342,0.6996915519086843,170.08932857523416
924,498,9,1,0.22637050905517983,0.08165098766139883,3.978411270645006,1.9674232209526044,0.39537091957056897,1.0558077213365027,-112.72505067328468
926,499,3,1,0.14430027415930882,0.04401574869944745,3.878798817665019,-2.456505640937474,0.2636567705478454,0.5861493172078152,140.74740506475592
927,500,1,1,0.11482683838200301,0.06581674371598836,3.968147582510275,-1.8025579788615658,0.19620247232939905,0.5368490656611652,103.27896475487788
931,501,7,1,0.1416214207031509,0.05571139466274822,3.920506012017391,2.182444705670794,0.236972352131929,0.718267603761004,-125.04487080464067
932,502,9,1,0.17933739927986578,0.0702516101984497,3.9771219113390224,1.1127791412786678,0.29066825839503835,0.84715008210901,-63.757546888943565
934,503,8,2,8.622114751274161,0.626527105237448,5.681477809754751,-1.4628863383047674,12.833298801469528,26.14230729613931,84.01696065007367
935,504,3,1,0.16801814473252538,0.046635394105470254,4.016423410315588,0.4594792395331722,0.2858535402554952,0.7515369488983336,-26.326220479063025
937,505,7,1,0.17401195981101844,0.06269484044263172,4.0417449509523955,-0.29820985104951614,0.28013564426247467,0.7726219414836923,17.08616687162327
945,506,3,1,0.14146046609029644,0.053596617577079696,3.899586080513653,-2.6104782595449985,0.24934519972223512,0.6552577384591081,149.56938622376077
946,507,3,1,0.15641415909038678,0.04176014726656036,4.002867585565133,0.15358458916333417,0.25790643553195536,0.882846763160341,-8.799748899612272
947,508,2,2,8.703059702616525,0.6193969381114272,5.61220008716853,1.510834149579627,12.951835700157696,26.4378942796453,-86.76993521473841
948,509,1,1,0.13410249140611977,0.045712220191246995,3.8226800015203692,-2.0684852365940327,0.20508769424513099,0.5849752840128892,118.51547438130976
949,510,7,1,0.30071070570430447,0.08297879219061231,3.9191056082240374,2.8284570934026245,0.4904767682044064,1.3347708565162257,-162.05864715729047
952,511,3,1,0.20872881778477348,0.10223193985543559,3.8742787212228125,-2.8769190587009774,0.3549362397898497,0.909202703736673,164.83531785477237
954,512,9,1,0.18211500140846318,0.0708533572261372,3.8586755004892503,2.023345563349162,0.32811761818716256,0.9062095621173332,-115.92916211649143
957,513,7,1,0.1898194929120158,0.09114223399313798,3.8022340180293703,2.160012746279302,0.3749093809507299,0.709942366599441,-123.7596151863173
958,514,3,1,0.1609274711989117,0.07693540720164992,4.026440386468373,0.15835205503441263,0.2466217297411666,0.7693201573044511,-9.072904908842164
959,515,9,1,0.2258407137074351,0.09713216295425905,3.9736215530173,-2.2934428093676136,0.42315632524876956,1.2676135263983377,131.40459520827386
960,516,7,1,0.15252246741928735,0.060204562387731385,3.9042300209750977,-2.6749279683703984,0.2734226605294477,0.7274655372497878,153.26208274704953
961,517,1,1,0.1204562832110925,0.07345427467689636,4.065436339064057,-2.4840882273817146,0.20387807882738307,0.9914534919015178,142.3277714215553
963,518,1,1,0.10861098791701485,0.041113734805494365,4.004500728598599,-0.26977397085134247,0.17858998354405317,0.46624291485956054,15.456909994536336
966,519,9,1,0.21564751961325923,0.05725351531124033,3.7812050373742565,1.0214830072151126,0.38130425106952726,0.8177137450149378,-58.526663946950656
967,520,9,1,0.16706174628211376,0.049294493495406745,3.9531777014213625,1.0089646790957465,0.29562402377672337,1.3830085315070428,-57.80941762518341
968,521,7,1,0.20715221888525392,0.05171574182682741,3.8302961131221336,2.8563425873740593,0.3140437618984528,0.9129809233487087,-163.65637300873925
970,522,9,1,0.1879505154700243,0.05718079035070493,3.938876954286182,-1.595171983552485,0.2661178662977235,0.850379163776921,91.39662211334642
971,523,1,1,0.14611698600366807,0.05798411950893479,3.863925926201187,1.5336457272381385,0.17816724311032647,0.6599110840832187,-87.87142739712729
972,524,3,1,0.10866353924723189,0.035550490093277605,3.993702736379025,1.3374871130552872,0.16402926382738867,0.49803479974889114,-76.63236668234053
973,525,7,1,0.15492726885631136,0.07015157903873458,3.8850028460469694,-0.18552788825469071,0.3110177740767568,1.2766420478961984,10.62996522166813
974,526,3,1,0.19437632565987645,0.061139682355377555,3.9492687502686694,-2.8700878572595614,0.28588430928632147,0.7612771728716857,164.44391962747164
976,527,6,2,8.908788643173175,0.598639042556341,5.886938375196884,-0.8462902767214534,13.252842462014737,27.01719061207525,48.70954359217363
978,528,4,2,8.829020993745923,0.6062065183758365,5.627074668487533,-1.1218466933288134,13.136174961185132,26.80861658327147,64.49179478199027
980,529,3,1,0.15436988534643853,0.06795432005752329,4.057357062392613,0.3371755011528655,0.25135085633110626,0.7273992975936279,-19.318733784796613
981,530,1,1,0.24880209769567763,0.07278703123704527,3.929302509080762,-1.7718782085947062,0.36322759988961045,1.1526275165944422,101.52114485233504
982,531,1,1,0.18317738593157395,0.05596738064175211,3.8790898118015926,-1.9204588136176015,0.30366133825697816,1.1085345349376565,110.03418544236148
983,532,7,1,0.1474991183096148,0.060294838835402494,3.743057115584256,-2.6603732968806035,0.2608943252857735,0.7313141741759885,152.42816148240652
987,533,9,1,0.14003460666605796,0.06833257462042457,4.040004701457457,-2.670295491851771,0.23658601526311668,0.9386170422894893,152.996661728059
989,534,3,1,0.17227347158879702,0.04161489650786088,3.922186278009876,1.1234397680748336,0.280459185614357,0.7683381727681335,-64.36835684836628
990,535,7,1,0.17538122863699646,0.10274376852720968,3.9370202575074003,2.3332399134282236,0.25932472952590396,0.7651888740679348,-133.68479976472292
992,536,3,1,0.18513253968050208,0.04031186562334954,3.8824271819517904,-0.012998500212976789,0.23404649738305774,0.9309375721077358,0.7447593107021118
994,537,6,2,9.07123560429487,0.6250577240145659,6.179754028031336,2.3865802432251364,13.490260925825615,27.643396704229392,-136.9741610995025
995,538,7,1,0.14503058398204158,0.06940709870479202,4.03428404474287,0.30523218371552746,0.21372540102868884,0.5919586718155652,-17.488516104013996
996,539,7,1,0.13000146827402284,0.07231650526589002,3.94996843266039,-0.8626880537902866,0.24410475094276807,0.801486480497476,49.42838469089803
997,540,8,2,9.181616549549119,0.6243342909373987,5.936068599104541,-0.06966066423619359,13.651449155063247,27.87175201899681,4.233214247564519
998,541,9,1,0.0840683945907923,0.041640144625538555,3.8534265935674292,0.6743428249172749,0.136661032728366,0.45905586641753493,-38.6369977818627
999,542,3,1,0.12222277724762674,0.06519844404806273,3.8872784115525967,-0.5589722378778644,0.1944012675080184,0.5437300066187232,32.02675029289484
1002,543,3,1,0.18393639007960347,0.09063145896245495,3.9148029860345495,1.2541303006829807,0.3151579869917449,1.0013060476743012,-71.85637142933756
1004,544,3,1,0.15838311499459748,0.04715971750852414,3.9133822798093663,-1.0467604018056529,0.2690309470052176,0.6683546023822627,59.97495221574714
1005,545,9,1,0.2312704861284085,0.08351537114778745,4.164785570540685,0.8721564870193789,0.4142672547657864,1.1786443189718023,-49.9708867986822
1007,546,9,1,0.17062050422286157,0.029980916319854237,3.970469290186486,-1.7286027103208388,0.2870387137608129,1.0959984742572388,99.04164055865203
1012,547,1,1,0.1544530800555427,0.07388982629353373,3.888355656768673,-1.2712735126895636,0.26637896280368056,0.9107419781309024,72.83860705605215
1013,548,9,1,0.13840959706801373,0.03747960354652242,3.993503099913254,-0.5801159772328913,0.2410403875805529,0.6749297680771706,33.238197427134295
1014,549,7,1,0.14031730139326046,0.033252027479653334,3.761495873548637,2.6937122555145505,0.23709950895856283,0.942156072725946,-154.33834291573024
1016,550,1,1,0.1638387874764228,0.08194390344251833,3.9166099114972597,-0.46117427200200894,0.2642346607893381,0.7808195276860782,26.42334022289715
1019,551,1,1,0.1589730860838035,0.056447194393077875,3.871092934255077,2.684554503458783,0.3009173350891673,0.6718484174217351,-153.81364205909918
1020,552,9,1,0.17316211395679096,0.04120547453680922,3.9162018094342046,1.8298143945966954,0.2658516564219972,1.019781660764191,-104.84064258836835
1021,553,7,1,0.18992018800039165,0.05092562607721349,3.91824118407625,-1.0395911470567474,0.3285831879933237,0.8007165164616576,59.564184115356746
1022,554,7,1,0.16563805158048345,0.10007469740218221,3.976417213157768,0.03173785840601645,0.26982425901929513,0.9271803003381575,-1.8184453842881578
1023,555,9,1,0.15458460880513547,0.030951939294530446,3.9946331096364984,0.0776745920128891,0.2253187904685417,0.9472676249863804,-4.450426403875271
1024,556,2,2,8.731663989417907,0.6010757866711725,5.8548373794516975,0.5516945741091012,12.993710199805625,26.536202887709525,-31.402190863945812
1025,557,8,2,8.837979175085302,0.6160070468242743,6.217742075762205,-1.9260988243672545,13.149278062073558,26.885630604558642,110.57271228962263
1026,558,8,2,8.916899730585678,0.6069891152228741,6.02586763835708,-0.007208294083029109,13.264703853712506,27.094259601326023,0.6343004700940987
1029,559,3,1,0.40118694697018614,0.09874646262177171,3.996271149958054,1.1105455955245607,0.6138372743289692,2.1124298963739525,-63.629562265593286
1030,560,7,1,0.14711910204892095,0.03179696002068632,3.95191614124868,0.20774198097374638,0.21034788404973487,0.6947363640010715,-11.902739004479837
1031,561,1,1,0.22567792832724343,0.058125364079965054,3.8650229076331626,2.01460592540705,0.4102862727374211,0.815310503499291,-115.42841904356493
1033,562,2,2,8.938188581458132,0.607040409917151,6.064393829095932,1.516001802978056,13.295827780038453,27.114516594030242,-86.63759449975211
1034,563,3,1,0.18430475219463607,0.06779919852172181,3.799505612741311,0.5029794350097267,0.293424237373388,0.7976469228508536,-28.818599898991682
1035,564,1,1,0.1487813861471466,0.06223987517013817,4.030962211473755,0.15229077784783623,0.2489805699004938,0.7553642478380197,-8.725619313495944
1036,565,9,1,0.11637408061449551,0.04395081430886408,4.0283648842963675,-2.0921603013893546,0.21029913750531137,0.6948531138000801,119.8719556423621
1037,566,1,1,0.11012214979965379,0.042555683366944264,3.8028937668971685,1.2615707457417242,0.19612373647531323,0.6650785389746843,-72.28267918918432
1039,567,3,1,0.11142915800700742,0.03732020175689574,3.9778679339562215,-2.138075036701678,0.21225080527921256,0.8469224040839664,122.50267606645266
1046,568,1,1,0.1580047910960896,0.06609453410607773,3.8790168832431418,-2.871635937420923,0.2128846798758698,0.7989285004479757,164.5326192980278
1048,569,3,1,0.18752818791129885,0.0746677272925442,3.971149019860758,-2.51536780536403,0.3096103061888033,0.8579298054996473,144.11995728642484
1050,570,2,2,9.371034943199831,0.6273232597707037,6.157420149235266,2.733781890145384,13.927797442205938,28.494634447311764,-156.37664792351933
1051,571,1,1,0.13874786625771127,0.031396993224000455,4.046321421473278,-2.805192788008137,0.24805071717181432,0.7142606792650906,160.725706804542
1052,572,8,2,8.87434651278389,0.5978498730630779,5.706478281061846,-1.099741853219118,13.202474702853563,27.055060181648567,62.792475012798675
1053,573,3,1,0.1214751961309108,0.05350098775817922,3.864445336828601,2.0615850638693867,0.199078844382033,0.6541568512457476,-118.12012340337962
1054,574,1,1,0.13860305345336993,0.06302240929238863,3.8709737528822536,-0.17417187380908666,0.200955877499671,0.7063275819326821,9.979313579760358
1057,575,3,1,0.13053255621724674,0.054648335025024995,3.921341987861397,-1.9436899355177193,0.23519573439199515,0.5493987956194839,111.3652302946149
1058,576,7,1,0.2312918746582604,0.09519181304571607,3.886603160767122,-2.7264675997147654,0.3805526012330149,1.0545787688304669,156.2150830608896
1065,577,6,2,9.045219837765012,0.5931177769186429,5.6472918055960815,-2.7298972151624437,13.452254315227021,27.49089416261958,156.18043734062246
1066,578,7,1,0.1361385829894404,0.027700055605289774,3.933736889101285,-0.7918779493079342,0.25391735670840887,0.46992712692536537,45.37126467500951
1067,579,2,2,8.959697035697513,0.622412531143246,5.991534570679826,-3.086144072810512,13.327270212347859,27.233026544573903,177.0475805735768
1071,580,1,1,0.12395758747390212,0.04146179250067703,3.8859760841835693,-3.1173091138136177,0.21158109964482838,0.5934338526402247,178.60865586802012
1074,581,3,1,0.16959880454864587,0.035670231253467716,3.865803017638266,0.8703238819832794,0.3004288824813395,0.6045422877045251,-49.86588484683239
1075,582,7,1,0.1697495520600775,0.040724261121385455,3.899536487028935,3.0751003689157237,0.22836006797185918,0.8271742563408965,-176.1902728011833
1076,583,1,1,0.2122376170906283,0.08011192377103193,4.017761989360979,-0.026290302891769743,0.3490429863297853,1.0928983957329987,1.506322421906714
1077,584,7,1,0.1754567646282718,0.0545406607619144,3.978386246533533,2.2212634882547437,0.2869553858226268,0.7042536361857988,-127.26902376526769
1078,585,7,1,0.17799915041157519,0.0407782744931101,3.9223027856750874,-2.92436812834679,0.2929035405732839,1.0899182410087598,167.5539506247872
1079,586,9,1,0.1297725191385918,0.06653151050690954,3.8173377056432534,2.873998998885405,0.22684235327966754,0.7506519359287052,-164.66801244475005
1082,587,9,1,0.16009477691384258,0.08387365572702452,4.050639504658851,-0.5024058335621754,0.27052677934152886,0.7492505815383714,28.785735070749006
1086,588,7,1,0.21262721300372445,0.1100518023461591,3.9565530161218065,1.8715308076366304,0.38184209722360435,1.2905446709457549,-107.23081867202822
1087,589,4,2,9.154872584100884,0.6132633163970655,5.725688394907314,0.1529383726356529,13.61240911387985,27.864119738526718,-9.002531070185144
1088,590,9,1,0.18683251201053128,0.07608490117794439,3.8630116473192286,-1.8038041512620016,0.30165380025626054,0.8366036925236348,103.35036675931202
1090,591,3,1,0.208322332466651,0.06967958188404895,3.9527648341709645,2.7657513125474713,0.3339278404611051,0.9071923388791555,-158.46587485191162
1094,592,1,1,0.20076611878421288,0.06266956084534381,4.014716638546991,-0.10616198805304283,0.29526048221868395,1.0797162109445533,6.0826342202018
1095,593,7,1,0.20152012911206915,0.023129908501439794,3.941219009994289,-0.6912246093649659,0.3933819225647252,0.9581853051139656,39.604250326109394
1096,594,7,1,0.2498959825208588,0.13690627491897445,4.0528794664250665,-0.2953342803253915,0.42874475797994227,1.1454276571511974,16.921411016277084
1098,595,2,2,8.958847953199898,0.5966300197869867,5.718429506417836,1.206588614230834,13.32603293096978,27.357868393166655,-68.90794979381994
1101,596,9,1,0.17255796731183456,0.059276225407083175,3.875180149979927,-1.4331159681895131,0.23875458096823218,0.7989722725178205,82.11149633755134
1102,597,8,2,8.99382335867792,0.630681195579873,5.86464191310148,-0.9280568402508759,13.377149300296438,27.50674968664912,53.40090883157776
1103,598,4,2,9.131667435953734,0.6086853615270164,5.9651731541433275,0.6237262205772871,13.57852255717993,27.689894568437662,-35.49892219499848
1105,599,9,1,0.1453627289337642,0.05683031862677101,3.91615740689152,1.0176666836675,0.24714504593799888,0.6343740319916518,-58.30800536839314
1107,600,9,1,0.1763398485083384,0.03475674888078891,3.8404726361139425,-0.16279452896922694,0.25434624178718873,0.9935856739495849,9.327439715682655
1109,601,6,2,8.913632081907117,0.6005917273901799,5.784800621774441,1.1981333976908997,13.259925862234276,27.063952803813173,-68.86903546136544
1110,602,2,2,8.794146117658725,0.6154851068751498,5.852213413154146,-0.41937539746574803,13.085149724943951,26.67421931454438,23.816300786602138
1113,603,7,1,0.09575718301843625,0.04087458094697849,3.974782766622172,-2.0880773928364573,0.16273564540715976,0.6485150659977219,119.63802203583941
1115,604,1,1,0.15813542271823303,0.04672380131954508,4.0760659259264855,2.483898170296152,0.2800001836184278,0.5878462833423302,-142.3168818931844
1117,605,3,1,0.11731508097617274,0.057371370300993006,4.002356731673396,-0.6740820878910847,0.1910771264306525,0.485973441828058,38.62205901324442
1118,606,9,1,0.21165220907952173,0.08757049398708656,4.0370812782136065,2.04096471224094,0.3433585548677384,1.0624165295408246,-116.93866539626188
1123,607,1,1,0.25737295854527253,0.10816803648548277,3.9602481750899683,0.4455386592426542,0.41689032196601666,1.098171787857518,-25.527485922355243
1127,608,7,1,0.17964436679288365,0.055225897846719746,3.9600402994418777,1.2178707310580843,0.2756277857939459,1.0979604390101256,-69.7788523468857
1128,609,3,1,0.1911555228657508,0.060940582723969836,4.06872853870551,-2.4493192959918026,0.3207425559992833,0.8355479622961812,140.33565839117534
1130,610,9,1,0.20180106340943962,0.05928329399311746,3.914482022830719,-1.3654136315483212,0.30168678082500877,0.859578709790949,78.23243681788392
1131,611,3,1,0.11556070162956296,0.0408130601206488,3.784961108770338,0.9286678799731635,0.21844225400726244,0.4311019690436344,-53.20874990528404
1132,612,7,1,0.1868991338016972,0.08158348666875113,3.957714938536614,1.4221455520056585,0.30833937823334007,1.0664024017214542,-81.48293634850533
1138,613,1,1,0.2033858821636536,0.10444282361649862,3.9208599753760645,1.5356631913501309,0.2720734027289059,1.0171748861121486,-87.98702002578118
1141,614,3,1,0.16067463580119393,0.03602411856734742,3.9406613716859846,3.135630392305428,0.22552369525828872,0.8958764350778833,-179.65838774479883
1142,615,1,1,0.16336808765569882,0.04533584764204405,4.048231651721137,-2.2235052579286823,0.31199684955267526,0.6098662277770949,127.39746758353458
1144,616,9,1,0.12194308058341277,0.06803565085341556,3.9599536179630688,2.882439230480124,0.1958165791898638,0.823267628223,-165.15160230521667
1146,617,9,1,0.14171100312239532,0.04581011016227171,3.9328953627278773,0.4711058563504129,0.23162912823598847,0.6385141717143564,-26.992377814770062
1147,618,1,1,0.14634547876815346,0.03336427744485474,3.9861062073463067,1.2800014313424617,0.26072221374971166,0.9802967899329574,-73.33867962120601
1148,619,7,1,0.17134607693128154,0.08704102328289072,4.082802240377331,1.8614212220945336,0.32515559638645125,0.6883453575552889,-106.65158083879844
1154,620,3,1,0.18809653895935363,0.0559205172488774,3.9449104355701765,-0.8769078237854381,0.36494732920387957,1.0178666366628615,50.24311649541137
1157,621,1,1,0.09134691270100016,0.05735070864154705,3.972332144778367,-0.4866535321768972,0.15009219075269672,0.48871947700931445,27.883193549210098
1159,622,7,1,0.07169302499754387,0.03376870916545238,3.953779987056232,-3.0475619506731246,0.13533406625917774,0.4310313485900187,174.61243751712217
1161,623,7,1,0.13236017433106265,0.06830864241683955,3.8611207660069082,-3.0573039996371314,0.19586996149247002,0.7597017527567023,175.17061594698802
1165,624,1,1,0.15094243459585202,0.04247686975677972,3.8583162884346165,-1.3544691988444308,0.2456446538553069,0.8562754687900215,77.60536844501904
1167,625,1,1,0.15615681052828864,0.042707830195034234,4.03175020525098,3.039856741158185,0.24445781052164217,0.8157827020407695,-174.17096107122995
1171,626,2,2,8.731500735407005,0.6011338283213862,5.6829198202030735,-0.9285356370128107,12.99346952888863,26.487295209585977,52.99360506973954
1173,627,9,1,0.128392944381771,0.04933948712664136,3.879169499459305,2.060434906245745,0.2106310421487593,0.6884674755968677,-118.05422421900268
1175,628,7,1,0.15387280591592847,0.04728549659631002,4.064905282165088,-1.4513280797701997,0.24753654862350313,0.9707804037723669,83.15497376090475
1177,629,7,1,0.1819058290329935,0.05082544566710162,3.779801576045345,1.1197336167727991,0.30432041759753076,0.6491389288592768,-64.15600942142164
1178,630,9,1,0.1455744912540878,0.07365764002797467,3.885998355050856,2.3179475841473987,0.25572071309665684,0.8448533050385797,-132.80861353693723
1179,631,7,1,0.20509908288299203,0.06678034607434394,3.9930858556422537,-2.3732785407091694,0.3346568776360357,0.8601571835740667,135.9788433814107
1180,632,1,1,0.1251198981099155,0.041752045499138093,4.099627386098293,-2.1835828925144316,0.23703793891849123,0.7113860664215754,125.11008460325817
1184,633,3,1,0.18493809237899533,0.07062139524791015,3.7851021125506117,2.8733357193483484,0.2954900544482553,0.9695928452336082,-164.6300085820729
1185,634,4,2,8.816233577474826,0.664021883547003,6.264766716905877,-1.8034800532613517,13.117463446035414,26.830553795631054,103.11802791405051
1186,635,1,1,0.13590831492920608,0.05981148163560646,3.874738525927198,-2.7652744306241437,0.21848114450749676,0.7771462624470975,158.43855373833384
1187,636,4,2,8.753738983269331,0.6257306247884755,5.726283708990957,-0.47999952472564383,13.026018424762736,26.6073296973932,27.711130029327563
1190,637,8,2,8.752156550218507,0.5991739271188886,5.868030493610921,1.0341771327592002,13.023701547166901,26.56671552466824,-59.04491709724883
1193,638,3,1,0.20226547585754545,0.06679891153569803,3.84577717230396,-1.7215547111318652,0.2958184107344016,1.0830296568191604,98.63781916601981
1197,639,7,1,0.19766446832323376,0.05892326892230892,3.775670394473419,-2.6578493671670795,0.3516874780712846,0.8698150798113158,152.2835488628248
1198,640,4,2,9.13741518047239,0.5968177959400549,5.820166544698308,1.5994006158272709,13.586916060803578,27.79455771451153,-91.87732014346156
1199,641,1,1,0.11975423211085628,0.0449945027601957,3.978421367565397,2.9604315461187642,0.21006908290525916,0.838989550727746,-169.62023274403919
1202,642,8,2,8.776832669808286,0.6047826779022378,5.706049958441417,-3.0797011100477554,13.059815633850686,26.62124195006211,176.66474505486636
1203,643,1,1,0.13220483454202617,0.07112046858495215,4.024384938340235,-1.8715081176771338,0.21660618303391002,0.7507169087937418,107.2295161722344
1204,644,3,1,0.10107014995854015,0.039769471759138246,4.02753945266007,0.17916815349448992,0.16391146998106806,0.676416044683338,-10.265579091172892
1205,645,3,1,0.14843022273936046,0.055756356020449,3.9662406534648627,3.0939011835894217,0.23825986681129627,1.026529147095924,-177.2674796487403
1206,646,6,2,8.822874666455398,0.5971236429404558,5.6149845691532265,1.969170562097547,13.127184475727901,26.83655985463964,-113.039421115878
1208,647,9,1,0.09055488829807704,0.041559198583912126,4.164196034396824,-1.8413814636034542,0.1644457946333917,0.5809345481844442,105.50338655878319
1209,648,4,2,8.770915594052939,0.6106950051416162,5.8402849690148635,-0.6396628876688495,13.051155562776605,26.632529251125533,36.439547401156894
1210,649,7,1,0.1452770742939574,0.09239838628805394,3.976473427077612,-0.2736106062608977,0.23701658362864056,0.553038570623818,15.676733352814749
1212,650,7,1,0.15843256101030342,0.0754047550543089,3.9429470284923576,0.09316242360824699,0.2716919736946855,0.7874980916176321,-5.337813875562819
1215,651,1,1,0.15144594531279598,0.053574208937574364,3.948594654902344,2.4115943322796793,0.28636755696748967,0.5839190160856829,-138.17417657480576
1216,652,9,1,0.23107030429729694,0.08321659455318889,3.7651933759328373,-2.278661779313449,0.43141323337891424,1.0645308147668748,130.55770379186438
1217,653,3,1,0.2569967679351164,0.1057893959618652,3.959741174956426,1.026295179628139,0.4110613926433061,0.9511908653882077,-58.80238058045642
1220,654,9,1,0.16465477692029282,0.05643342065018093,4.061476948312859,-3.005084520288357,0.24016145245033604,0.7496479788349979,172.17865984510425
1221,655,1,1,0.12092071939171965,0.07084114050898649,3.953049071343385,0.034373178595767884,0.21601475240851928,0.7979270342908729,-1.9694381951215123
1222,656,4,2,9.104153578641741,0.640749516255589,5.854691020137543,2.18578920337384,13.538342547130066,27.714215803948253,-125.00071931793008
1223,657,1,1,0.15539899316401803,0.08464254569695019,3.908722611301781,1.823542368786677,0.2739398200807512,0.8981309931427588,-104.48128249345699
1226,658,1,1,0.150661794518849,0.06700222776393044,3.935298078784792,-1.732831739653187,0.22394557121462935,0.7522351542340652,99.28394557283572
1231,659,3,1,0.17186089347031766,0.0968579592507082,3.9955193281223353,0.5831747698779843,0.2797960821370667,0.7942438967353492,-33.4134525941819
1232,660,1,1,0.21601051923826678,0.09223387795817632,4.009594340050816,0.3735164664826956,0.34924258916294604,0.9336714469466308,-21.400919792433573
1233,661,6,2,8.858532943273007,0.6036779356189947,5.891506747028413,-3.017163229083718,13.179345044956793,26.909128746460848,172.65380994607082
1234,662,1,1,0.17155794797313406,0.05285099821990168,3.9024001110106257,-2.0927980064016567,0.27415672695015586,0.744554411304621,119.90849365972734
1235,663,9,1,0.13037788585997256,0.05451364315905594,3.703883941198414,2.5396507795984835,0.23174638664681685,0.5760521959631357,-145.5112705993163
1242,664,1,1,0.1871949950371357,0.09590751888109941,4.102044804528439,0.06117159665945493,0.32703548337495425,1.4903743512405474,-3.5048750834490283
1243,665,7,1,0.13408147287524988,0.08906781964458786,3.9287099026113226,-0.6744683490315136,0.2296012812600744,0.740905799001138,38.644190191258446
1244,666,7,1,0.1230780436618913,0.0637955037798938,3.9019816457154555,0.2033721809447365,0.19280315890405614,0.6779424838746637,-11.652367571329917
1245,667,1,1,0.1746423169460357,0.06987149766587136,3.898185655661345,2.222377068072491,0.32365097194921133,0.6181077407127213,-127.33282712536172
1246,668,3,1,0.29045271967857667,0.07843514815930437,3.989727647278742,-1.7305378542765657,0.45832543196138753,1.2056538829131764,99.15252069381127
1247,669,1,1,0.15934234245377554,0.05425552008147182,3.867401693304136,-1.8243098580902393,0.24042228277417205,0.9805221799536904,104.52525591875701
1248,670,7,1,0.18932630280202714,0.04297660288868345,3.8345090613370303,2.2499123752166463,0.36861776949293285,0.6515236670518323,-128.91048451167154
1249,671,3,1,0.14129253015696458,0.07011349235430572,3.8562562981717106,-2.0980055450640225,0.23346776222247106,0.7433106509341927,120.20686364579137
1251,672,8,2,8.811887825903181,0.6015054573973994,5.6734169103759555,-0.33197590206267746,13.111112022691419,26.808785575537026,19.234264697208847
1253,673,7,1,0.33604995832104795,0.10117041598947553,3.9503729029516323,1.2019593674959477,0.5217257583364378,1.4614955686260482,-68.86718966179949
1256,674,6,2,8.64320496083603,0.6197480339044833,5.668539152609176,0.21952626971360287,12.864188406446832,26.331550817146272,-12.779168219702646
1257,675,9,1,0.15765207525883138,0.02945709806944613,3.8380561449681663,-1.4659871427452016,0.19392416970270265,0.7538692100861173,83.99487599739943
1259,676,9,1,0.23295167176216144,0.06416578827528091,3.8775036994350622,-1.2266221463396714,0.3679614473315795,1.3725282281990352,70.28026958809659
1260,677,1,1,0.1533314905881332,0.07257415347265843,3.8611644243361596,0.14313124603737257,0.24190231033315804,0.8676444056529171,-8.200816827907353
1263,678,7,1,0.101912749465114,0.03529249363694517,3.8658511827509883,-2.1630475407330096,0.18839439071060227,0.5605632803540666,123.93349532038779
1264,679,4,2,8.818848736862513,0.6108690092457094,5.981178143869783,1.5244799322316689,13.121294352546862,26.797133719051978,-87.13230519875306
1265,680,4,2,9.058444308136618,0.6012914938179064,6.125987729996873,-0.9077357057194083,13.471574838313236,27.539249774592278,52.24160890732578
1266,681,9,1,0.1762813687939579,0.02757825923360504,3.8828906272029826,-2.2412624546617104,0.3380657888143215,0.5506471412897602,128.41488045335382
1267,682,2,2,8.825210903579178,0.6017607159945267,5.61943589993037,-1.821277795472069,13.130603827408695,26.843698981384232,104.13709933330422
1268,683,1,1,0.08893576094144826,0.07614243837837711,3.87073789289301,2.1312014721153774,0.14672900663217883,0.4487100076830099,-122.10884954815864
1269,684,9,1,0.3492673405718257,0.11280826328571116,3.859451730208123,0.05567636550605212,0.4725255787064542,1.5946178078088762,-3.190023113585547
1271,685,7,1,0.16778392734482056,0.022867378970095605,4.042390765826111,0.13279834690540065,0.24681925153719209,0.8435813223772246,-7.608784797514788
1273,686,9,1,0.21483862460682868,0.07566599608143897,4.045861753018171,-1.2113601477112617,0.3438205065035431,1.184658141815258,69.4058237101277
1275,687,6,2,8.864459784378317,0.5968236508926378,5.802460903704109,1.5426730077815063,13.18801682093357,26.936578126756036,-88.17130062549163
1276,688,9,1,0.11938099891928328,0.0420396701139306,4.029064556394113,2.704213846926504,0.2347132686652097,0.7108876786300187,-154.94003977941622
1277,689,7,1,0.15458877674585803,0.06489396852944093,3.985693540613903,1.0704591084672348,0.23929244765260327,0.6694161028016113,-61.332788183219535
1278,690,7,1,0.18565872625042507,0.07469919459490053,3.8533218986003646,0.9899861789853436,0.306197253852024,0.9359274902618183,-56.72202916412308
1281,691,3,1,0.1917730288550755,0.09607906223235131,4.0164641294156285,1.9723106949324387,0.3728060355544958,0.9294223567770016,-113.00507987710021
1284,692,1,1,0.13532796992798513,0.08102504303948127,4.0440840079407465,1.3461136012027475,0.26068314389797503,1.0303747897672886,-77.1266274549247
1286,693,9,1,0.1030081621687183,0.030259823145238587,3.8582255047244693,2.675567106426165,0.17865488269487742,0.5536689345297019,-153.2987027388359
1289,694,9,1,0.1958073129827459,0.05769841509733421,3.932862664973392,-0.15115755815395085,0.29170049263739856,1.0468798590823467,8.660690329106052
1290,695,6,2,8.969263883660862,0.591847295403535,5.8946906136737525,3.086867779980458,13.341255771443528,27.25454892132092,-177.08977790712706
1291,696,4,2,8.873606708464493,0.5887853153354059,5.772733952939287,0.3942283585508636,13.201393312333707,27.034918705881875,-22.80565741445551
1292,697,2,2,9.037329785514444,0.616702708954872,5.990427998216139,1.7370965757917047,13.440726780395725,27.455755047769212,-99.75883949494096
1295,698,9,1,0.18646890059866789,0.06312969188349282,3.860012325271775,-0.33998329808445693,0.2882365999320943,0.853957272666474,19.47960958225807
1296,699,6,2,8.887301603530943,0.5997330112357092,5.666613519276572,2.378048806255805,13.221421881481353,27.00254464500819,-136.47122382594986
1300,700,3,1,0.13493243398793925,0.031020467360088087,3.967908870283209,-0.8615034448937393,0.24154100410060012,0.7531650981330121,49.36051116756467
1301,701,3,1,0.14999993145251442,0.05002991109799983,3.9372441555628486,0.3507293797426246,0.21073413187352644,0.730972221345589,-20.095313254362335
1302,702,7,1,0.16093911093444127,0.06473468063025076,3.8702453268770753,0.1042898758109106,0.270989309637991,0.6453372948915673,-5.975370242128445
1303,703,1,1,0.1927148027241888,0.11027146226390686,4.0623695334909184,-1.519921175968937,0.3015715811991185,0.8090759154914009,87.08506834511859
1305,704,7,1,0.208653023396715,0.07757855667414776,3.885856554122411,-1.2664595096441384,0.398170747275028,1.3863210317754306,72.56278643841493
1309,705,4,2,8.547360658926346,0.6056742717189538,5.917247425267524,1.3397864191635684,12.723783423049255,26.008945664385948,-76.95862740467128
1310,706,3,1,0.11965573062605048,0.02704263053660833,3.8663133009294315,0.30331711405146156,0.18411009604225917,0.609706024609251,-17.378790745840945
1311,707,1,1,0.17413429314746554,0.037624456024237446,3.9415634655328775,-1.5128280589473735,0.23583511489442963,0.8158513871972729,86.67866243312525
1314,708,6,2,8.839554284122032,0.5935203008187632,5.815040402274069,-0.48959729807888597,13.151584276991727,26.910160222543816,28.26735460224971
1316,709,9,1,0.14131581943973404,0.049865099557689044,3.8219384124598053,-1.950042449025682,0.23966152460199824,0.7923212483285558,111.72920291309457
1321,710,3,1,0.15854066569836053,0.08503617874906907,3.9660763688088223,-1.5613781635177741,0.22039231063509818,0.7918072550286774,89.4603789726288
1322,711,3,1,0.18593660339718243,0.08305276382775542,3.7749147473227027,0.5608876429864598,0.330989640254037,1.0422613814775685,-32.13649552399559
1323,712,3,1,0.3114820620889555,0.09932818632023108,3.9165195949846696,-1.0154339795033756,0.5061993210395609,1.6064945362489298,58.18007668615611
1325,713,8,2,8.898000202671652,0.6127215528453246,5.976780943466642,-0.5842255237353831,13.2370661593321,26.993686195071003,33.693525519830345
1327,714,9,1,0.090179421767427,0.054477293562998796,3.874872238695935,1.3466355876144704,0.18614836714344718,0.38544318014588946,-77.1565355147708
1329,715,7,1,0.179082148055058,0.04041565240253349,3.880668456148066,2.6852218209147005,0.29400044955355426,0.8566409229333769,-153.85187607974584
1333,716,1,1,0.1352579281719984,0.08030946307022029,3.930544198835105,2.213378791303341,0.2559840107033395,0.7698071626938482,-126.81726373504722
1334,717,7,1,0.16597916592990217,0.049376339633476006,3.967424222762161,2.9428701012052727,0.2627355889955159,0.9099278426534203,-168.61403658325978
1335,718,6,2,8.727893240067537,0.6129419738097553,5.739016054733307,-1.498502555642192,12.988186964675014,26.487123657679657,86.06517886938921
1337,719,9,1,0.15738226175646627,0.04453088456291516,3.938204887393597,-2.041290488014585,0.23410240869398388,0.6252713787716103,116.95732986694313
1338,720,2,2,8.867377309647928,0.6151224890770184,6.041396489125647,1.46919143276182,13.192281338270357,26.906007332892113,-83.96089837786153
1339,721,7,1,0.17157059644911568,0.036433455611609857,3.88066791408333,-2.5560835972168885,0.31187605774122346,1.0122706532886614,146.4528026260317
1341,722,2,2,9.0216973793688,0.6087935233101959,5.922587286046159,-1.6774944813924468,13.41788484432567,27.394328747625526,96.34267682769135
1343,723,2,2,8.836380664299963,0.6147917962650585,5.933777865850989,-1.2784955656456032,13.146941141222625,26.9237421861524,73.03714002047599
1344,724,1,1,0.3512939208398814,0.12699436103113465,3.9723478542564017,-2.1055890368595747,0.7078788840321597,2.184500086311653,120.64137100123291
1345,725,3,1,0.12701324768670355,0.04378705391019302,3.8150356604700755,0.1825028074663688,0.17814123582894045,0.609631634854154,-10.456640571690565
1347,726,9,1,0.09343664343749987,0.02946990333290142,3.8599512112180046,2.499387156543357,0.14269210828517861,0.38140260074314125,-143.20433527638122
1348,727,7,1,0.16350446568834828,0.04721268962316307,4.034710760387477,0.7597926118980739,0.3008238764630668,0.7345575343221082,-43.532910563311155
1349,728,1,1,0.10451252070555976,0.038870658728628237,4.003877716759712,-1.8222625294431003,0.1693644679929275,0.6479163620642705,104.40795229480226
1350,729,1,1,0.14435111850665328,0.06629520535702364,3.9412761443032522,-0.5251770402268088,0.24644849714986417,0.8290857774406021,30.09042820474692
1351,730,7,1,0.16146344639241572,0.04421729455666619,4.016405473963653,-0.144689882747335,0.2518783261314504,0.9114965263862764,8.290120306948465
1352,731,7,1,0.1431847299741481,0.05700293561160529,3.9327142227880785,-2.3900313285004113,0.2614879856412561,0.5390260109774764,136.93870837832367
1353,732,7,1,0.12765374067891433,0.02416762494427145,3.939901031973014,-2.0155371961359667,0.20955843156679005,0.536155346762294,115.48177511659743
1354,733,7,1,0.10148510586843439,0.06748532788548567,3.9186353933316966,-2.938968810822932,0.15908759067735923,0.5955922801661192,168.39050898691454
1356,734,9,1,0.13944841768222774,0.061625510777868056,3.9970425810635044,3.0281843744717616,0.23061952062940635,0.938160826611678,-173.50218403026432
1358,735,7,1,0.12918308282312685,0.06346008635240886,3.993626995462216,-2.4001751514812724,0.212170245490981,0.534281492779544,137.51990622762236
1362,736,7,1,0.19434713862991146,0.07561284386389441,3.9071670549567274,-0.011217753811112346,0.30053096783648003,1.0357232161915155,0.6427299082288586
1363,737,3,1,0.1624479748119817,0.06197141868763231,3.936665549849793,1.7392305872354388,0.2579521064139655,1.0730219573784934,-99.65057255627431
1365,738,7,1,0.12842242902078493,0.07119122125443639,4.0356729304988574,1.0094765388999674,0.19856833409209068,0.7069193236878484,-57.83874530063164
1366,739,3,1,0.1383172715894451,0.07219918117918549,4.072768392286186,-2.694463434863622,0.25934188110475354,0.9679628714757467,154.38138328102545
1370,740,1,1,0.11059802009785888,0.11953808867184033,4.060969775328848,-0.7260785578308374,0.20593137514969434,0.43497546036175533,41.60123719610506
1372,741,3,1,0.19841967124083992,0.07328010962512076,3.943781588252841,0.977492576415191,0.37722136784428234,0.6503639766682963,-56.00619780167706
1373,742,3,1,0.11121019535547527,0.07158406164615806,3.823160604878145,-1.8974169456013208,0.20656650035086896,0.5656333717659145,108.71398320210189
1375,743,7,1,0.2904768001693959,0.12966306590098645,3.996329394034229,0.7392514597643991,0.48349139827658427,1.2867535655458975,-42.35599307621944
1376,744,1,1,0.07789550061527806,0.03720469040715206,3.844633850918993,-0.9198632620578129,0.1390669957873625,0.4900557456559339,52.70428266154866
1377,745,4,2,8.930674918455914,0.6000748744016711,5.705171779919177,0.8271333793558218,13.284843384771722,27.204464076324488,-47.16891204595025
1378,746,2,2,8.694655226628264,0.6095427481630346,5.54654442299793,1.2745616693189055,12.93953010044847,26.491761542042592,-73.23191522076398
1379,747,1,1,0.13103006471554848,0.05747542956363101,3.908557377181468,0.3752358214452143,0.20363188146145,0.6209155886136535,-21.499429324976486
1381,748,1,1,0.15359874210217286,0.08976766125723164,3.998428437006267,-0.19981551808197776,0.23611218426564237,0.7646064966506003,11.448586420394822
1382,749,1,1,0.1649053193293256,0.07382080550110584,3.7485173668851433,-0.905083822870354,0.31353715512656155,1.112725302777381,51.85748230378719
1386,750,7,1,0.14159374974908165,0.12386805155000016,3.96288133962571,0.20881199505312603,0.20912175881612996,0.774710697913248,-11.964046255978053
1390,751,1,1,0.16089847521291187,0.05739293233099533,3.723070338338192,-0.2745682547514681,0.24763752105150338,0.6876085293140544,15.731603200307092
1391,752,9,1,0.191527339696083,0.06796856925689006,4.004923328150754,-2.9362941744348583,0.2904624524835169,0.9956432217686658,168.23726370280355
1392,753,3,1,0.14152899517628503,0.046250480411290026,3.9234228460889,-0.020220167582838622,0.20303088778843312,0.7264111385443638,1.1585305214416026
1394,754,8,2,8.82711588271065,0.6113123413989514,5.92610291404649,2.585524699317178,13.133388829168235,26.79909557772539,-147.9250802700934
1395,755,2,2,8.782398945109732,0.6009958261606572,5.76951771876532,1.880315443405448,13.067961370296246,26.76410796696247,-107.94541618727945
1396,756,1,1,0.08063119555697239,0.046582754374079535,3.7817205817560193,-0.7675955757914782,0.1278750390723847,0.3640496897592242,43.97998682325528
1398,757,2,2,8.705324045726776,0.6265350938618859,5.767861744140925,-0.3540424385781707,12.95514898581158,26.42473129325349,20.49081539136544
1399,758,8,2,8.521753412975798,0.6084903395498722,5.713925317015141,-1.5904720885355579,12.686257379309266,25.88123940716435,90.93458689622449
1403,759,7,1,0.14477187422521987,0.05560733715359982,3.8389988306003517,-2.933821244428276,0.20235007832945864,0.7366392688225403,168.0955748855327
1404,760,2,2,9.008750740903865,0.5975903917333709,5.87609283140041,-1.2064331247483568,13.39896690764942,27.36154376006253,68.89520568891177
1405,761,3,1,0.18598339831696153,0.06628967068693073,3.9001508349168548,2.759649909379354,0.3141992512575632,0.9952407406623809,-158.11629183169865
1408,762,1,1,0.13676322768922744,0.04265891825887629,4.007312194912872,2.8398858580910007,0.24512021335560885,0.8686567067118972,-162.71347353891178
1409,763,7,1,0.2202242201783855,0.08991704963892319,3.886922460145114,0.3007382114844337,0.3497649050889912,0.8849671112715805,-17.231031277040053
1411,764,7,1,0.11574682746162265,0.11021056342439163,3.927074921356018,0.8196594760221939,0.19764854560325737,0.5479891555932669,-46.96302881370572
1412,765,1,1,0.09244337644581006,0.04226479284925669,3.9212788722112166,2.7946190284853336,0.15485793340186055,0.6853171323389513,-160.1198756816244
1413,766,8,2,8.805617440871174,0.596330525519331,5.806194623511319,-2.955860606580163,13.101935449912434,26.7115366923972,169.571321583122
1414,767,9,1,0.13912123461570186,0.05191524450564306,3.967310763708973,-1.4395668050024681,0.22357630278037566,0.7387991118488251,82.48110193944976
1415,768,3,1,0.14338579038638538,0.03980406878542669,3.9302863956616654,-1.8273962604063565,0.2203537453795016,0.651026565598951,104.70209388927506
1417,769,3,1,0.18281944680714524,0.058045403951240616,4.261749496127091,2.0946805181421175,0.3596936436557998,0.6148962196662644,-120.01635422178744
1419,770,3,1,0.15273118206087877,0.03412066910595582,3.898078713299115,1.0230180603194536,0.2970593585408112,0.6024816884183404,-58.61461649765446
1421,771,6,2,8.778377527874538,0.6553025531271758,5.996151709912889,1.198130028153663,13.062074429974256,26.667543103259803,-68.85877634631913
1424,772,8,2,9.024350298166379,0.617978569834207,6.044523138219797,-0.7890548038383841,13.421762093140808,27.465066675357505,44.97998140674266
1425,773,7,1,0.15635686792737266,0.06384183128838926,3.933371104264161,-0.07390379173649651,0.22136583033059173,0.702996394952294,4.234375486070434
1427,774,4,2,8.866288985836029,0.6008096967972048,5.870645746039193,-3.0264585716117973,13.190691789242544,26.91082345238449,173.62079161879717
1430,775,8,2,8.888384241782093,0.5976058119345536,5.954943676195654,-2.3664279464637663,13.22300439828486,26.980718738598092,135.36718872409213
1431,776,9,1,0.14991044863673325,0.05327476512212014,3.7931946087169672,-2.514894966753698,0.2829815064776689,0.6944336911605413,144.09286692001493
1432,777,1,1,0.09678396424310753,0.058270319818007114,3.951089927918795,-2.820221878326266,0.17966675277274277,0.5535396833217314,161.58681074296098
1435,778,4,2,8.985562434244045,0.6062280348514273,6.017422552973975,-0.35634213148813365,13.365077655715357,27.348603002974556,20.64343317779553
1439,779,7,1,0.19087923094239329,0.05138656770378624,3.8449953319051056,-1.34129389486654,0.2973042930108051,0.8801481354975413,76.85047752579673
1440,780,9,1,0.13164871696084895,0.05202970752556514,3.9214016220215724,-0.14004461726947184,0.21375211613136616,0.8308209368187294,8.023965935768626
1441,781,1,1,0.25368022443243426,0.10284017786036621,3.9757848582682245,2.6574829876665653,0.43451980525161804,1.3057179660267495,-152.26255674900912
1444,782,9,1,0.18561454454846832,0.047146546221292746,3.9882391754950866,2.9592213240146976,0.2726350022059104,0.9752611536791651,-169.5508916089179
1448,783,3,1,0.11876042819224283,0.041289231752553286,3.9886622492154826,-1.2942497441635614,0.21104964135320067,0.6843025697106071,74.15504775729441
1450,784,9,1,0.16080279365853473,0.057676403109871155,3.987032286186931,1.7218982329737922,0.24283121950393152,0.8110053225811098,-98.65750134581917
1451,785,8,2,8.885114005226647,0.6249926809699806,5.720092493209746,-1.2888037993587373,13.218220402963437,27.148998011693845,73.6241189136571
1452,786,3,1,0.19350842084178618,0.02797121491552478,3.908466421848826,-1.8143993027856868,0.28706640394566296,0.9378993479644047,103.95742358984026
1453,787,4,2,8.928464522469243,0.6003229810071635,5.5382441933997,1.0753454489035985,13.281610679104134,27.121720267136894,-61.390583818458246
1454,788,9,1,0.1349152442378974,0.04486518970989593,3.9689355526825976,2.674507649340082,0.2391754683322261,0.5787045537440146,-153.23800020768525
1455,789,3,1,0.13162090801700765,0.038934669007717124,3.971651974875119,1.9656482026358066,0.23245776293237405,0.7280247211057426,-112.62334621118045
1456,790,4,2,8.614987084485714,0.6252520124784424,5.8607719675174295,-1.890795311772749,12.822857624433166,26.2631297821628,108.53383635848631
1457,791,6,2,8.713013158198336,0.6200586106606822,5.895708909992607,1.5570223141551596,12.966405067543606,26.5010254146896,-89.41703905500202
1459,792,9,1,0.1558752100351818,0.054771396834247095,4.042119530881881,0.8704124872122134,0.32812306379033035,1.2744979096183715,-49.870962757442804
1461,793,3,1,0.17409760623303785,0.06429376279955404,3.815196894495982,-1.1670498440907635,0.31830744314671094,1.1500321038215402,66.86702950528839
1462,794,2,2,8.873422701578667,0.6122000333536023,5.974038729439099,-1.50245054928019,13.201122379116358,27.11187190384281,86.30209790777333
1464,795,1,1,0.1760590462854913,0.09856858996800197,4.069567778823124,1.8334706714104112,0.28381414172663555,0.8935098014820478,-105.0501310809868
1467,796,1,1,0.11422894896103619,0.07233397293378906,3.838325434125957,-1.6033668548058395,0.1728437046570246,0.4945488158093128,91.86615383005953
1468,797,1,1,0.12978499402206448,0.08966972439761765,4.04381764561088,2.546218855492123,0.21490081835497923,0.6902845789501716,-145.88759371987902
1469,798,1,1,0.07536546627254892,0.053768427498339245,3.966749274213906,0.09729594385150007,0.14508475659142828,0.48359115886633486,-5.574646986510886
1471,799,1,1,0.16619144769974376,0.0771341923949581,3.9279727967874587,0.2318545250394576,0.2301924429062628,0.8552473103543157,-13.284286162458644
1476,800,1,1,0.17665171849157355,0.052831944690077806,3.8971950669903164,-0.37180323628523054,0.3056889485901827,0.7256912677601415,21.302757146033485
1477,801,3,1,0.1810625776886141,0.057133234738161065,3.9225440480924467,2.674407979228345,0.3429012061294771,0.9619487588699241,-153.23229110048482
1478,802,9,1,0.181599792169167,0.06577742463884384,4.074922066237732,-2.1547960177909657,0.33069135314397746,1.0798821850355629,123.46071662262194
1479,803,1,1,0.15635444294529063,0.11290387927419782,3.86589466089803,2.670465975715636,0.2564863289415734,0.7924768361995763,-153.00642940843267
1480,804,1,1,0.24993534450807034,0.0926418522622705,3.9293942601727707,0.39722931073001716,0.4480388303070002,1.686905046279912,-22.759565341398396
1482,805,3,1,0.15211251493004127,0.05893281445571476,3.9045717403660873,2.680559389321579,0.28697196480541176,0.46728080858898596,-153.5847392189463
1484,806,4,2,8.936175145914019,0.6020356156355569,5.939674858149314,2.256759771996549,13.292883644647386,27.196420374341848,-129.52556778339812
1487,807,3,1,0.14090759902479236,0.0879082978578427,3.877685235186479,-1.28923093008836,0.2442801207713378,0.7351933919749097,73.86749074546827
1488,808,6,2,8.916841157001357,0.6272078580199718,6.344130442525488,0.9692956740305659,13.264616085489354,27.1095906006623,-55.757842450503844
1489,809,9,1,0.09734343176420762,0.04158705111034497,3.9374556734053683,-0.7307713304895677,0.18444542150071247,0.5252996164698326,41.87011303757733
1490,810,3,1,0.14497478843382092,0.06809204825427508,3.9453616615846583,-2.9019219939441143,0.25222544690175497,0.867105784530528,166.2678819675516
1491,811,7,1,0.19299062264994096,0.06091784421339104,3.9063592429962997,0.3673691904887305,0.29366804461169577,0.76299834684175,-21.048705300216092
1494,812,7,1,0.09783876883710513,0.07388235384734729,4.043958033344626,1.3739675122826656,0.16300177586454034,0.552011112274195,-78.72253951888158
1495,813,8,2,9.088061621699515,0.6391370532676611,5.983940786758008,1.6767234222397838,13.514836915489672,27.666552998736968,-95.83466775151817
1496,814,3,1,0.15487036681974622,0.029403651676735854,3.8764127483558197,-2.491252199746762,0.27406647578354354,0.82042159466692,142.73823733249222
1497,815,7,1,0.12240030973725022,0.05785716517460497,3.8522826684802114,-0.4759722541631028,0.22021976891243422,0.4873808293494585,27.27120167277884
1500,816,7,1,0.15701921915623143,0.05885663740555284,4.000449608293344,1.2881790328109872,0.26236410085923717,0.9992255336565073,-73.80722149401426
1502,817,3,1,0.1810891867482624,0.03562550885404689,3.8611982906175606,2.6997203309286544,0.2801973256950131,0.9784098788108803,-154.68258008575535
1503,818,3,1,0.13645990378097783,0.05070564725329091,3.834042290642338,-0.3526026477243797,0.23909366547426436,0.9439198091254128,20.202644023147542
1504,819,9,1,0.16959462872113035,0.06329130697135373,3.908480215427121,2.5183288296897404,0.3248791558070757,0.8472073989501004,-144.28961270243948
1506,820,9,1,0.17953987553836462,0.07278560208137808,3.9247510121907654,-2.9896929104807803,0.25867270470869863,0.8497183060464341,171.29678519756627
1508,821,9,1,0.11448089176180001,0.06091462121565718,3.8978411728650473,2.8256981941379777,0.21575414175427704,0.5841971075056943,-161.9005805478705
1510,822,9,1,0.11948080826542778,0.04989280045244592,4.0096113774852125,0.21137279415475574,0.19434312782660954,0.7761810456664456,-12.110769110028524
1513,823,1,1,0.16339513709266426,0.04264903892722687,3.8909368745394226,-1.5696869161380322,0.2203988967015101,0.874128224610768,89.93643570516684
1515,824,1,1,0.12585318944866355,0.04069061181370813,3.9036999942458257,0.7091937072771449,0.2482187001541107,0.4010686761964144,-40.633806635098935
1516,825,3,1,0.1130311507510984,0.04933275126842709,3.9853739410392337,2.098550949722202,0.2056442069016163,0.41748195910001795,-120.23811270540942
1517,826,1,1,0.167071998254707,0.025026090869117824,3.88482060116925,2.4944438512558036,0.3262504532310928,0.5435631625837052,-142.92110427375943
1518,827,3,1,0.15371074050724676,0.058024835707128936,4.019257786487492,2.0336716722332526,0.29214208749916487,0.5579069115242556,-116.52080443446326
1519,828,3,1,0.19884564257723936,0.05174629677239074,4.078425636239944,-2.926058487781748,0.2923638843625392,0.8961160984933878,167.6508007108424
1520,829,1,1,0.14499715933182014,0.0687378087007019,3.8094826355237195,-1.9535316707775336,0.25297793552617615,0.5837336190700759,111.92912016904282
1522,830,1,1,0.1470119146054728,0.03507030972539852,4.000344851967676,0.3431395053207956,0.2463822381691366,0.9221404908330532,-19.660445821202387
1524,831,9,1,0.11218254307688093,0.05347661655235624,3.9947463581549343,0.85917459259242,0.19996269084681556,0.4511105829908359,-49.22707778549051
1525,832,4,2,8.770618524788743,0.5997384662098327,5.627612287730198,0.2542473067057543,13.050722927615519,26.638857636874633,-14.356883001870942
1526,833,3,1,0.15062738395248226,0.04816314780665432,3.8933336193229926,0.3691897696981377,0.2685298357503841,0.7203756602064088,-21.153016630030248
1527,834,9,1,0.2108430705125639,0.048256914478094395,3.857887763837541,-2.5924530058834034,0.3604266372962115,1.0587149026870804,148.53661574309012
1535,835,9,1,0.0880016859549074,0.0267378717417085,3.855092046672681,-0.2666383911174203,0.14669453316887368,0.5354669378203567,15.277254539301648
1536,836,1,1,0.09692112884661323,0.036404644800443774,3.8830665603174355,0.8214486609436337,0.1704972120088885,0.44614675376568425,-47.06554129834042
1537,837,8,2,8.898382936374812,0.6018219731032598,5.671116274427269,-2.247326088537552,13.23762648415299,27.056450830545145,128.98219763159403
1540,838,9,1,0.1427918000531789,0.05101407611275347,3.8843825409487183,-0.6852423664646665,0.24659066387648487,0.4840821255062057,39.261495514094754
1541,839,9,1,0.1693034251120983,0.07018445977199625,3.7586287671971164,-3.0931278621443052,0.24636508070895508,0.6431075978390485,177.22317211731564
1542,840,2,2,8.801828396909062,0.6051497393489873,5.701044194802405,2.7713505952032063,13.09639102478109,26.71594824586955,-158.99939745708244
1546,841,3,1,0.17917080070294633,0.0672105995182149,4.038976610818382,-0.47795427976268323,0.2760830034483719,0.6933502456441524,27.384762957288306
1547,842,2,2,8.941555276157821,0.6035036095194353,5.949244937790812,1.6676580249882564,13.30074971525378,27.136110589856134,-95.77293316793109
1548,843,2,2,9.002412573206001,0.6034304028643057,5.838972252019436,1.7297804737047273,13.389703434952214,27.308943576959617,-98.88128958185659
1552,844,9,1,0.1897623623331454,0.05252192470379804,4.027911237492736,-2.8877820606252005,0.3047311501234906,0.9875999998405047,165.4577232030667
1553,845,7,1,0.17609803442012328,0.05135020983309416,3.854408931669899,1.3848666580036213,0.26902997973246473,0.8671220706824627,-79.34701366796122
1557,846,1,1,0.14697540086374242,0.0285124011081763,3.98968333081447,-2.962662827865186,0.21097551019076402,0.7383938922139947,169.74807571987907
1558,847,4,2,8.724148668798769,0.6086192303388634,5.84132739465619,-2.327225152048031,12.982705867776472,26.54794995312378,133.1331432037492
1560,848,7,1,0.1560505969716504,0.04489899943093037,3.868201708685959,2.557472619893782,0.2921197418190453,0.5731993565506813,-146.5323868410298
1563,849,7,1,0.18403300291280042,0.06129208073014309,3.9915477588262847,-2.543728700598127,0.3361946368404829,1.3110011206128,145.7449182015266
1564,850,7,1,0.15442216897542194,0.04488102356089585,3.9227063299777165,-1.2137710358847202,0.22739333892756453,0.8127035968901059,69.54395728642936
1565,851,1,1,0.20780521749927497,0.06610949515773919,4.118591423412702,-2.559665769855316,0.41124848687363535,0.8029410222608058,146.65804344535303
1566,852,9,1,0.14685467793469334,0.07497343162454478,3.948485920106515,2.6798308295669964,0.2699894108220646,0.646181363511191,-153.54299652788094
1568,853,6,2,8.997896741024798,0.6079424490107621,5.869533654883915,1.157213169521167,13.383105471616263,27.31782775799715,-66.53091326925686
1572,854,1,1,0.1153216669814413,0.0709422338116769,3.914547357575863,2.028151358235481,0.1970068208634895,0.7171948371110306,-116.20451332628461
1576,855,3,1,0.15098271514275785,0.05253403254718265,3.846921972527016,0.06679256310623971,0.21101110939932197,0.7843416689404513,-3.8269321877490525
1577,856,7,1,0.12043358968237021,0.08096449178079458,4.117913728602976,0.3957267470855113,0.21169194874077552,0.7603975602593243,-22.673472743034658
1578,857,7,1,0.13117443757083624,0.06951729402870774,4.064840793740551,3.028238998562151,0.19313091357057902,0.7619809365713426,-173.50531382732322
1579,858,1,1,0.20958943719289788,0.07059104563441243,3.8908388102406306,-0.9406990560133279,0.4210343276810153,0.7985431173672484,53.89808377251729
1580,859,9,1,0.12897599187872746,0.03999442316922973,3.871611932488681,2.6483243653694406,0.2131113454033869,0.6983899024694383,-151.73780848818294
1581,860,7,1,0.20788236097599758,0.04626774797121807,3.8388991500907266,2.376104510538372,0.3731318155354079,0.9627123413771039,-136.14075988844738
1582,861,7,1,0.11832575945335981,0.035897101441195726,3.820818943796476,2.307981627051838,0.21732655769465245,0.4999913363237697,-132.23760665948188
1587,862,9,1,0.21511839383716966,0.10890368125612433,4.047073970951963,0.5045127116237591,0.3382144096076977,1.075610987491033,-28.906451482176013
1589,863,3,1,0.1383950739814343,0.07520665023007843,4.0690291807096886,2.652153806993072,0.2474274941795264,0.5915056896083605,-151.95721916404574
1590,864,1,1,0.16592294731281476,0.046154348444709434,3.9043675675471787,-1.6911961633256902,0.2337710870527418,0.797320519096665,96.8984023633536
1591,865,6,2,8.790795521136134,0.6093021179887614,5.916054841194734,-1.9487051223273142,13.080246426934584,26.69509619633543,111.44068575006915
1592,866,1,1,0.12255262502564325,0.03465417138912871,3.888113674137513,1.983318646481793,0.21435369268449475,0.7703933823776624,-113.635788354292
1593,867,2,2,8.684752800970351,0.6111700890467554,5.788013173371215,1.6924079615512935,12.925028769581429,26.46939279194984,-97.17203418235869
1595,868,7,1,0.15567675659885724,0.05260526523744958,3.9604618371079434,-1.1874655330651769,0.23848170129823865,0.661182769388647,68.0367625583968
1601,869,9,1,0.1718082739992961,0.08116509633307346,3.994138961169,0.7207409401789804,0.27017090959007656,0.640751487831674,-41.29541449214254
1602,870,8,2,8.844793914004537,0.6021890106189038,5.948284279872032,0.7283380313474017,13.159248584464494,26.813373064850797,-41.94658059749264
1604,871,3,1,0.25215909571061074,0.11773252046446234,4.044936758254591,-2.2084709756725265,0.40455312831856105,0.8908483836696397,126.53606919520837
1606,872,3,1,0.21473178851530533,0.10026138768399956,3.964771692640432,-2.5378450963056105,0.3743082724590677,1.0940812893917626,145.40781124430714
1607,873,9,1,0.10972537574406994,0.01889416873679424,4.058524119813403,-1.838080570281622,0.1666652597053614,0.5947368710614372,105.31425931552437
1611,874,4,2,8.865301119395053,0.6221153852405282,6.227031810460808,1.9495067237717283,13.189243983572133,26.91148397303738,-111.48109264397407
1613,875,9,1,0.20634852070796073,0.06945812578201963,3.7608574074567103,2.8391967029975937,0.3127362152780733,1.0364218356997064,-162.67398687485996
1614,876,7,1,0.10001649003437756,0.03352165247267561,3.9846660901994113,1.1611116478299635,0.15983620998150078,0.5460179843190859,-66.52679691155251
1617,877,7,1,0.09927981539198669,0.026149836298576652,3.8758438522416916,1.4156744503969805,0.16249507496619714,0.5155747920809599,-81.11217106761478
1618,878,3,1,0.15473515808020336,0.0766324238614269,3.908165796622034,0.9389204492569887,0.27701094015866945,0.6803468803387867,-53.796178306190356
1620,879,7,1,0.13365084128380217,0.04703323984489501,3.9672491259938893,-0.12504407712514173,0.20006815072388565,0.675013864693082,7.164498190055357
1621,880,9,1,0.12298653027491478,0.031773941615963724,3.909023620507,0.46879817261238305,0.22021127113117306,0.6825713423302278,-26.860156923968304
1626,881,9,1,0.14623367852435662,0.08525254954202724,3.93477272072701,-0.7119856593169689,0.22044058783070303,0.7430107749378081,40.7937735020766
1629,882,4,2,8.712511319335137,0.5988568221433282,5.9070419122301185,-2.6148809308070593,12.965671226130652,26.47224908212988,150.02783692710562
1631,883,3,1,0.16022124719499597,0.03410561717882658,3.8528223556200984,0.0795311703001038,0.2563563017559828,0.7455930533007568,-4.556800607568585
1633,884,4,2,8.871605120789527,0.5945126650642129,5.793529968933079,-0.7900325016764499,13.198464836387334,26.97001806397361,45.0476416237089
1638,885,1,1,0.13156489716790598,0.03338033083528143,3.875871261233855,-2.8599304588133068,0.2183560523470299,0.7930277494400653,163.86194451075707
1643,886,6,2,8.881971344411461,0.6204984629152821,5.648919891503005,0.9260936496533757,13.21362574586248,26.941237473255065,-53.27992101910121
1645,887,9,1,0.19807896683052015,0.07250763868029429,3.9720164979172226,2.407367946189087,0.3775473669135767,1.3661009716746102,-137.93202338291917
1646,888,7,1,0.17495652755961272,0.017916494880303536,3.9619371487395276,-0.5097699662945695,0.2961577404049622,0.7197782076280661,29.207668182396855
1647,889,4,2,9.11300818802484,0.6092628299357664,5.728846002708738,-0.06501560944231505,13.551276082778877,27.684652849039285,3.4886427383364396
1654,890,3,1,0.15097276655081804,0.029770041831150257,3.8967804493121987,0.13476916222030094,0.19872611918708072,0.7265762594090298,-7.7217043864758725
1657,891,6,2,8.98602217378247,0.6101056086745141,5.810178356524974,-1.49775854430847,13.36575027286254,27.273317450063036,85.5886750014795
1658,892,3,1,0.1858660734185741,0.05538272227816954,3.799486028153896,1.23938625441812,0.3060406260606285,1.1313135990984977,-71.01160046136305
1660,893,3,1,0.23314696132703447,0.07984512954783389,3.9325000056642514,1.5222138783168042,0.34522826044053306,1.0736707776750383,-87.21643184496435
1663,894,4,2,9.009651564568818,0.6122861024631916,5.911494772575757,0.009527963038069359,13.400282520191691,27.342464478667893,-0.7743023278305077
1666,895,3,1,0.16645618581376537,0.08009393325705189,3.9892748926016237,-2.609053281558832,0.2601338517719093,0.8555216335431822,149.48774102127038
1668,896,7,1,0.14340549669102765,0.07511431997956994,4.002589469787717,0.0784253474745713,0.21491842198834282,0.8143738207598546,-4.493441485583605
1669,897,6,2,8.774632671292764,0.597372294631025,5.656539571041941,0.6472803203253688,13.056596165536252,26.63813545712537,-37.29713878775755
1671,898,1,1,0.21743031478766173,0.11834961126065723,4.019209528419178,1.9279270511552715,0.3664377093422324,1.3602608407830163,-110.46208412945253
1675,899,1,1,0.14591309144282458,0.06311131467251344,4.004614341037414,3.0381664619553654,0.23402402230693264,0.8468546662004859,-174.0741157689451
1677,900,3,1,0.26074012018258175,0.09189842549090368,3.8823239292646328,-2.783950199468544,0.41936738795565437,1.1703858970165941,159.5085933114589
1680,901,3,1,0.17459179846025913,0.08923188740834348,3.9894958844306503,1.504751634021031,0.2861850971901644,0.6987657965372588,-86.21591745864416
1681,902,1,1,0.1381197997115168,0.04632621167527593,3.888721065392383,-1.6597512888511639,0.20362947887274613,0.6610344210346933,95.09674406310565
1683,903,1,1,0.1835865663551629,0.06810786920252163,3.9805706226002107,1.882057987460105,0.30604671156178975,1.3059186026571106,-107.83398002004078
1684,904,2,2,8.831305000168983,0.622088567536512,5.827123493350052,-2.3593904513827897,13.139516021895394,26.814038966264416,134.96823173082558
1686,905,8,2,8.930495166238385,0.6088259915383456,5.777759306706349,0.4352365177842596,13.284580677414631,27.138268903934584,-24.71488954507936
1687,906,3,1,0.1257063934723407,0.09065585454628508,3.988239533674548,2.542390047317517,0.19824484304487433,0.47542470856958824,-145.6682197093258
1688,907,7,1,0.12711106059885893,0.028468529517888887,3.923562947491974,-0.11281225113798199,0.18638418256620246,0.5830680101716254,6.463666185706479
1690,908,6,2,8.597759759117556,0.6418033817516314,5.74326100261724,-1.0420668552652965,12.797623343607864,26.10384356160526,59.904066859375455
1693,909,7,1,0.19124057938923314,0.05783912948013803,3.947759521372304,-2.124685170171243,0.31924955146056794,0.8223530340140641,121.73549375403655
1695,910,6,2,8.851803544873839,0.6102293786141535,5.834365143333339,-1.1361424522041816,13.16950293722671,27.04353510762686,65.31257472089186
1696,911,9,1,0.16501321406535013,0.0623663470226509,3.8960212405665784,0.06449409333645276,0.21128606911213885,0.7743453755255129,-3.695239283626518
1697,912,8,2,8.804869967758831,0.6115320903883774,5.525593709557751,2.212545577481325,13.100841291056565,26.851275045454592,-126.55659465384103
1698,913,4,2,8.9242564394505,0.6054070566604297,5.8623170216460565,1.7811702271953218,13.275459143889742,27.10641172978022,-101.8316838232698
1699,914,1,1,0.17917755727086004,0.09078969300779358,3.9064960169642644,2.174294322263167,0.28179007083052093,0.870340774540882,-124.57788886198796
1700,915,9,1,0.13754170847843405,0.04857424274174752,3.9905562499732583,-0.2795852952529925,0.21044167522447,0.6466111119484071,16.01905795211812
1701,916,3,1,0.11280808969424044,0.03821958508029931,3.9522469956928723,2.1610644199923907,0.23032772409462307,0.6650004423045333,-123.8198708530736
1702,917,3,1,0.13862710688821994,0.06246133466674778,3.856973063072826,1.3136953796707425,0.23393575352040286,0.6718657055171323,-75.26920033528607
1703,918,7,1,0.1513515191816247,0.08362539012462832,3.9792606163246313,1.1768190218877872,0.24864765426109553,0.7110120543634025,-67.42676222594416
1705,919,4,2,9.026289916577577,0.5985330948213529,5.637935575340182,-0.1493082030431065,13.424598096384303,27.404505705643842,8.784409012191272
1710,920,3,1,0.15912706981857846,0.026527422978845326,4.072740744271358,-1.6868852471174316,0.21984988012587986,0.7185228625675253,96.65140556052131
1711,921,6,2,8.923009481081202,0.6036198641575569,5.921520033470141,0.509471992670321,13.27363531779053,27.045612834510024,-28.968836660526694
1712,922,9,1,0.15267754920855148,0.0793169218909249,4.040072507555153,1.0096647026376269,0.273627561239992,0.8145562865000404,-57.849525846298974
1713,923,3,1,0.21641495031957764,0.1054927988502698,3.974210908756234,-2.099620493261304,0.3947814516930297,1.0063531445813185,120.29939512611693
1715,924,9,1,0.19720363875475216,0.07169539291335526,3.923096975468222,0.5162537772297132,0.41768247476501846,1.1756563220204448,-29.579164139291855
1719,925,7,1,0.08026192148232046,0.04728754872121602,3.9995415040214652,0.009042555316596297,0.12185008896591039,0.4420603820072008,-0.518100224275452
1720,926,7,1,0.1343362506321899,0.04556542325292348,3.9468038185314596,-2.9363476197533025,0.2009802332583525,0.7070781354643834,168.24032544909704
1721,927,7,1,0.12475503853369938,0.04436764691925266,3.869604714664903,1.4618683201969438,0.17454705446779856,0.5628306615262756,-83.75888490478707
1725,928,4,2,8.882392214471434,0.5920002647479179,5.559902475770764,-1.4037191016197057,13.21424459332497,26.99517913973255,80.64587514055897
1726,929,3,1,0.2680012387050697,0.08372587144203272,3.919919674336279,-2.186472786551841,0.42608934644535695,1.1197690642440077,125.27566668381326
1728,930,6,2,8.804288886462954,0.5984538299583751,5.577366578889593,3.0161984672428193,13.09999074505037,26.715505160709007,-173.02832843138154
1732,931,3,1,0.1705675973597794,0.041536412380980166,3.9095455904281464,-3.1185362059195967,0.24280302866587636,0.9791100300941107,178.67896334251645
1734,932,3,1,0.12968826479616652,0.05748392086772659,4.000525818143958,2.5925978753286776,0.23143971734099486,0.5354891103795392,-148.54491603297976
1735,933,4,2,8.618139147000171,0.6298394427114021,6.029398570615209,-2.54108101788128,12.827475234125812,26.147535739678425,145.79268490584175
1736,934,3,1,0.14096247771873457,0.05620208194783545,4.010908441763693,2.8775947557095223,0.246675519086241,0.8151345121633421,-164.87403399175412
1737,935,9,1,0.15983484008570087,0.05931391805816962,4.031702292071458,-2.2757265446887507,0.3183758807345042,1.2678700314338265,130.38952716637104
1738,936,3,1,0.1298492764187163,0.0446016193299894,3.9322023303440057,1.825734604193551,0.19912641281062965,0.658141573071681,-104.60688765776167
1741,937,9,1,0.12321698157071916,0.029802138358036363,4.086766325639015,2.071560732463166,0.20826591337374498,0.5252826604896472,-118.69168685459526
1742,938,3,1,0.07658207357196384,0.04250626397748216,3.9938451188458095,1.7807271937933975,0.15428085020528345,0.32021035082512633,-102.02815277775022
1743,939,7,1,0.18039934514673966,0.07704365894477146,3.9432338726321796,1.5556600597063412,0.2719083633907756,0.8963607007209952,-89.13275578825396
1744,940,7,1,0.12999947465306785,0.07253570318042551,3.98847523126622,2.8201075879430837,0.22113543981155384,0.6878947249747447,-161.58026194271895
1746,941,9,1,0.13941032422277871,0.06349676127600087,3.8739450087704603,2.4373686036935394,0.24990318733649852,0.6157278466127284,-139.65093404848972
1747,942,7,1,0.12401999827217869,0.05688016567337856,3.8210021054511616,-1.2837436342689525,0.21374648341218408,0.7521122637571624,73.55309186496186
1748,943,7,1,0.14176613139940517,0.023736700278151068,3.962516079285673,-0.38767855522860484,0.2506319140816637,1.0326581470874046,22.21234483089025
1753,944,1,1,0.12586796986721832,0.06944311238604262,4.074769564618957,-2.856048008747834,0.22018050581040782,0.6229525411978977,163.63949657618463
1754,945,8,2,8.820612764192637,0.5999442819049956,5.747377894782156,3.1195522033799485,13.123873930172845,26.737556903087075,-178.9512665902116
1755,946,7,1,0.18690738399034307,0.0734113834042592,3.800450027477363,-2.5360938862431857,0.3170177379004854,0.8216269685398826,145.307474980002
1756,947,3,1,0.15608895704697426,0.09367998803083752,4.017144343363635,1.2106240422180372,0.2713011380588774,0.8325842942396788,-69.36364715315456
1757,948,3,1,0.11785491365481189,0.07217942690258952,4.002097336544772,3.059789454091803,0.18154200469366522,0.6650403664381828,-175.31302190902522
1759,949,7,1,0.13744877949836934,0.05253805571974803,3.870501997262474,0.8815545787498626,0.26735785398798084,0.4885102251659504,-50.50935699622841
1760,950,2,2,8.830074520565393,0.601824555071176,5.8463653613078055,0.21682575692331393,13.137715625040219,26.852177047039632,-12.637992871973434
1761,951,1,1,0.114756896343677,0.06919788219318247,3.984737598937123,-0.5085838204916976,0.2087769628055735,0.6741189317109324,29.139706642336105
1763,952,6,2,9.066229108098513,0.6097044583360989,5.829530927277752,0.04534517901383605,13.482949404694258,27.593843709255676,-2.8308806270719837
1766,953,3,1,0.12458560791729464,0.04876228434120976,3.9334508261417858,1.4473387351904463,0.19201325829903276,0.6661119344895855,-82.92640077422408
1768,954,9,1,0.2658536764010709,0.029570143375048208,4.18726583749128,-2.9122938318653735,0.31579555954163674,1.096488905321877,166.86214549883996
1771,955,1,1,0.20030280256587107,0.06679157108965955,3.9815775693461752,0.21662630305466044,0.28618380694391915,0.8534363310331935,-12.411773651434068
1773,956,9,1,0.15052922137039548,0.052147010765813157,3.921848131204471,-0.07865537730772855,0.21815589531786847,0.741182715014206,4.506621320089257
1774,957,9,1,0.17378826336975703,0.020170635293706753,3.8764201397833147,-1.5628942737712141,0.22771887791679335,0.9179424668641549,89.54724548955953
1775,958,3,1,0.11634583282532916,0.07749295971224064,3.999680199151355,-1.0129662533286656,0.19067668767550222,0.7439385374810233,58.03869133067819
1776,959,1,1,0.12711428770131913,0.08467706795993721,3.913472304576037,1.392805665294073,0.20118385500595565,0.5677982606145342,-79.80188613973708
1779,960,7,1,0.11051784805873698,0.05238086219652953,3.815912713897615,-0.5128105077568142,0.1869095517272581,0.5401321366621548,29.381878067791945
1781,961,7,1,0.1142354677760603,0.03723194125395398,3.9301077374141427,2.546100311698182,0.18939499510247276,0.7967739018670572,-145.88080198724404
1783,962,2,2,8.829240086852282,0.6233984961461395,5.943378501470313,-1.4880838673307586,13.13649467154121,26.911542740708725,85.47565541089948
1785,963,4,2,8.792733854362895,0.6149896329222055,5.820776653117994,2.8062341766724987,13.08308476085294,26.750504896852032,-160.57333891789307
1786,964,1,1,0.1441364551796125,0.06313778700574353,4.022817620546429,2.1254715739876784,0.26359084477423605,0.864499334605676,-121.78055007858951
1790,965,1,1,0.20327275047131987,0.07525042856791678,3.9309062757243973,-1.0872313682081811,0.3443582254333694,1.5109764656049742,62.29376947233242
1794,966,9,1,0.1412101395864606,0.06003132511713768,3.9557058760961206,0.4103277095452556,0.2792077198487586,0.8146339447701547,-23.510046436016747
1795,967,6,2,8.838743081869918,0.6016422476363563,5.824493342910855,1.0429676955426546,13.150399258040784,26.86482043883886,-59.97308259224976
1797,968,3,1,0.13081191716111265,0.05520314896376522,3.9769360281454347,1.911190552714339,0.23294867541937886,0.7789844855236236,-109.50315283844691
1798,969,7,1,0.1969787055234031,0.03693756054690022,3.9715286954330957,-1.7289987480416944,0.3106546170174311,1.0640333939199318,99.06433217295472
1800,970,6,2,9.213322797808368,0.6053193966156816,6.116604113277729,2.150418333572985,13.697728955488177,27.991249058202406,-123.4544060393528
1801,971,1,1,0.13709291769761034,0.039517534739421364,3.7428396033968605,-1.8085639436497483,0.22093044672410456,0.6931899821272298,103.62308149449805
1804,972,7,1,0.19200765239822246,0.09126700718887694,3.9763213283755396,-2.065725923236332,0.2893790948918547,0.8156711581068052,118.35737687665598
1806,973,7,1,0.13001197941771592,0.03985162949922065,4.07237279236872,2.1875960368495138,0.24115171895462617,0.8063311705829148,-125.34002044342402
1807,974,2,2,8.98172963625221,0.6062628834651193,5.99550730838782,-1.5434997143493594,13.359476785156419,27.287974759490048,88.2097809164293
1814,975,3,1,0.17470603954280842,0.06152647131730531,4.045282559705798,-1.7378156720647122,0.26817825714664645,0.8244331063004444,99.5695046927234
1816,976,7,1,0.09055524004101077,0.0631960300183854,4.07884775609582,2.408573927403222,0.14228171121844835,0.45834816189430844,-138.0011206982784
1820,977,9,1,0.1780664006044088,0.062886821722464,3.861656501511276,-0.7657357500098262,0.3106932120413435,0.7209381187901934,43.87342727036568
1821,978,1,1,0.1540505710301853,0.028987348416622895,3.94106770150826,0.043380398399947895,0.23270364212973008,0.7677149115697478,-2.4855137338005893
1822,979,7,1,0.10399269774136793,0.05496651005856673,4.043286710834449,2.486345628891718,0.17242719127158715,0.6068450398365804,-142.4571108075375
1823,980,9,1,0.06986877537895471,0.07143735752025691,3.8722144279627884,2.127152225291209,0.11469418793981039,0.4341672332216906,-121.87684491291871
1826,981,9,1,0.18651556525129273,0.05333537470422102,4.056575974348387,2.2605478267239625,0.3077637930542378,1.0739888219520213,-129.5198485760426
1828,982,8,2,8.923063313486765,0.606306888863399,5.903025434336328,-0.6996417634554049,13.273714779054886,27.13102372788155,39.86475782678219
1829,983,9,1,0.1095547556671878,0.04195689027016901,3.957189817241116,-0.7326286413105229,0.20342917966524413,0.7162870876385621,41.97652906210678
1834,984,7,1,0.19704543112081097,0.06411501147987983,3.946341278863565,0.017544624729887704,0.253280527557827,0.9708556673469646,-1.005233124394854
1835,985,1,1,0.15615036952517794,0.08043576459458739,3.9815024138660258,-0.6183593851358681,0.26482063186374416,0.82956148825401,35.42938228389316
1836,986,3,1,0.13736832828717926,0.04703684606834312,3.9002144060203263,-1.9383806148403193,0.22581414588573084,0.6077596209550274,111.06102877060177
1837,987,9,1,0.161104861401092,0.08617617229759204,3.9835174503732382,0.3874384496560342,0.2645032023638313,0.891571335353168,-22.198588166999308
1838,988,7,1,0.11536689942222829,0.049586900998083744,4.05839704074795,-1.2851410672577892,0.1860739628899956,0.7485357633725372,73.63315889325062
1839,989,1,1,0.15994424614376054,0.03237711253978846,4.002413682724499,-1.8817924784873132,0.26269034035937167,0.8029354315296222,107.81876784764648
1842,990,7,1,0.1336488578472778,0.07459976184762034,4.018523251000695,3.0671200795500138,0.2346884746176943,1.0530076068849392,-175.73303548846297
1843,991,9,1,0.1902922069414166,0.05073152433443434,3.901601125401193,-1.6149251127512287,0.2657829379064729,0.9658300638011794,92.52839296874798
1845,992,9,1,0.16359767425176,0.06476464117739315,4.12709479470079,2.6862336388668253,0.27521727771963805,0.8282251112429825,-153.90985033768385
1850,993,9,1,0.17486712455826195,0.041620749391252515,3.9666573282771678,-1.8050299010641189,0.2686084930165618,0.919597557082158,103.42059609402244
1851,994,8,2,8.807157716884872,0.6124014635530949,5.818516900942715,-0.1932647454107261,13.104188924459834,26.808424721618067,11.286351815309196
1853,995,3,1,0.09242732203620421,0.05571594869589066,3.8732604179465104,-0.4090656911678762,0.1462870437203383,0.577982456772571,23.437737668406417
1859,996,3,1,0.16951073515245108,0.05634339179983579,3.940210616323287,-1.9378820630264268,0.3026071498936826,1.2792707718220095,111.0324640793689
1860,997,1,1,0.15348883032644603,0.06004291955251016,3.9909395321090813,2.372536976544466,0.25517477850201464,0.7298001424459284,-135.93635554767678
1861,998,3,1,0.1082224460234564,0.05640312214227135,3.8800672763942807,-1.1583872081558328,0.17153039253077215,0.5143490730258937,66.37069780210162
1862,999,3,1,0.10026716738044156,0.053403863736705304,3.796995598227208,2.6241772849707368,0.19454889981244863,0.6604225376145512,-150.35428294798928
1864,1000,9,1,0.1682096070270574,0.07846743172122367,3.9631125795810385,0.759271474086825,0.29128955326047734,0.7784910560849178,-43.50305054172071
1866,1001,7,1,0.12734070833925878,0.058429747999859435,4.087304336219904,-0.3251470332628197,0.20887641657152334,0.7104695832485151,18.62955306282274
1868,1002,7,1,0.16566331527849829,0.03266911577468102,3.9036652774045804,0.3395526734962161,0.25817024424270407,0.7266201827205788,-19.454935008579742
1870,1003,9,1,0.13262829130954287,0.04605279293403873,3.90687364188296,-1.960243382643014,0.2118397454509291,0.6340990121956063,112.3136729941264
1871,1004,9,1,0.1214116535397498,0.07531293992590317,3.9159468347050237,-0.9115792521382302,0.21533309770457054,0.6919384654415,52.22964376963062
1872,1005,9,1,0.14349198817269432,0.0311715656682994,3.8689107755129135,-2.777000482611004,0.2498535457854223,0.598511482336948,159.1104068746731
1873,1006,1,1,0.15140311426257844,0.061558976217869765,3.9632541552123186,-2.6700881649433996,0.2704101193720051,1.0881285360425295,152.98478251450607
1874,1007,7,1,0.12910331386751595,0.06828593419199136,3.979523414840679,0.2972467268646497,0.18268827004506444,0.7044915183579455,-17.0309829279098
1876,1008,4,2,8.972829672595564,0.5983441474172455,5.814788836247493,3.076825074747474,13.34647055871433,27.277721610665147,-176.06353567904475
1877,1009,1,1,0.09024802070968611,0.06718128757287953,3.997776964679187,-2.728044008967638,0.16041386943641853,0.5116788136803249,156.30540793605144
1878,1010,9,1,0.2710249741467736,0.09005658167107758,3.925513045554525,1.893384789133453,0.4192683984698521,1.564044421357839,-108.4829608244133
1879,1011,7,1,0.16155235558235487,0.04731570315375082,4.052216396421579,1.3697292721658518,0.25030856683551944,0.8370131809342439,-78.47970542216369
1881,1012,3,1,0.14140182582656646,0.046424199308739145,3.811673481927967,-0.8338594509651549,0.2501633566869726,0.651527493040222,47.77662696889741
1882,1013,4,2,9.007376230347704,0.6106936813696748,6.064119500827177,-0.9440670729490274,13.396958014821738,27.349948731401184,53.862844458019
1884,1014,8,2,8.880585135829897,0.6001844782699175,5.917527113112266,1.4049862685349404,13.21159916216403,26.94604614230586,-80.28122401929242
1885,1015,1,1,0.16637305812885084,0.07309824407512139,4.0273386750489895,0.9974698821596849,0.31763343776483244,0.645000906672369,-57.1508133412642
1887,1016,3,1,0.17053207727225306,0.034448542380526505,4.018507375960789,-2.6284199018478454,0.3065680304508671,1.0057456656502315,150.59736702718854
1888,1017,7,1,0.12947005404038234,0.04303178768390097,3.965950572392198,1.4764733055483625,0.19230005532318134,0.616958797199931,-84.59568862224589
1890,1018,3,1,0.13905343965168065,0.07586723796264135,3.8534262641053574,2.3758465005688585,0.2373015509831255,0.5966320968520414,-136.12597712341685
1891,1019,1,1,0.15231329545211886,0.06557354773635508,3.925495948825662,0.9990371983135953,0.2663169160668498,0.7922728512483339,-57.24061462550378
1893,1020,1,1,0.1335193930379385,0.044615445302834525,3.8315203045304203,-2.618199059766093,0.22999781503303585,0.616555033526943,150.01175552120839
1895,1021,1,1,0.14662953737927603,0.05234293272096847,3.9536535950895946,-0.6380896040167432,0.223504531473086,0.6466658423002318,36.55984158173995
1896,1022,7,1,0.11989446430286715,0.06215692979784159,3.9906390503316986,0.9900680493546136,0.22438305037466502,0.6147973419152694,-56.72672022201498
1898,1023,2,2,9.032545021382601,0.6118043314605669,5.907736296344104,-0.8540436483891904,13.433736663035262,27.597333367760946,49.16326160892595
1899,1024,7,1,0.26549634810813827,0.06851930212791205,4.074725726437541,1.6694784112476564,0.4683198820884268,1.233856130229865,-95.65406929302011
1900,1025,1,1,0.2599219099022544,0.07262478988935604,3.8723665868914607,-1.6571795460759813,0.36423321031161954,1.452159329823723,94.9493938028695
1902,1026,7,1,0.16885018387655,0.09972862693306128,3.9766995647729315,3.0718555195186115,0.2574877772271121,0.7917825415280334,-176.00435568333515
1906,1027,3,1,0.08739915122467255,0.06212439029486577,4.005007524508503,-1.8517339879187842,0.13894474249611147,0.48922894020928664,106.09654233636914
1907,1028,1,1,0.13410971309676273,0.05060838687769198,3.9207723619865673,-2.4919592886254587,0.25534204279209216,0.961773190227326,142.7787497249617
1911,1029,7,1,0.19212074923944486,0.07438824892147605,4.055354902487027,-0.0942968481007605,0.29794869557929127,0.8946837991907047,5.402811617192765
1912,1030,7,1,0.15501583786580347,0.029620839243791153,3.922526043207688,-1.2958335983083038,0.29755087202222663,1.4560570798176022,74.2457953395569
1916,1031,3,1,0.11640188525638616,0.06663327085705145,4.047358011374032,-2.295099818825141,0.17571497777914458,0.6418580925993347,131.49953326467786
1917,1032,7,1,0.21642415901334794,0.06305770906897774,3.9507479470939195,2.494395709945074,0.3780358362045356,1.1944826586816175,-142.91834688308035
1919,1033,9,1,0.11876579942790053,0.05347293565705411,4.020745677509221,-3.134512634072412,0.18047302112734764,0.7704100837646614,179.594344745002
1920,1034,3,1,0.1525809383530669,0.04872977786023692,3.998040824219424,1.6901229080375895,0.2202860057231439,0.8977874977077357,-96.83690975599735
1921,1035,7,1,0.15223603086350676,0.039400119751526595,3.873399885649549,-2.0686663614656884,0.29615012152429415,0.6875035492598931,118.52585229403392
1923,1036,3,1,0.14562769119556454,0.08148045737443349,4.00457864019601,0.8342235651235091,0.2504241971717288,0.9415093252567069,-47.79749004321611
1924,1037,9,1,0.11831750808261818,0.0432216044195954,3.8183107750010934,-2.7029613348338613,0.20255109256295517,0.6447518153001994,154.86827626037586
1925,1038,3,1,0.15044322570840912,0.06649179659311934,4.13532775446709,0.4763893580928025,0.245904193697635,0.646268260105691,-27.29510003468806
1926,1039,8,2,8.98327760967637,0.6069126076151782,6.089973067578863,-0.9433501386710058,13.361738010473132,27.37867319295903,53.82362418285531
1927,1040,1,1,0.11335990351429912,0.04127574888923754,3.9357651058680454,1.387999010385973,0.19486462057085424,0.6476902571084439,-79.52648509966265
1928,1041,7,1,0.19442211133020135,0.08915674139707584,3.757427068754705,-1.2254857043019645,0.29368050489869607,0.8336148033241353,70.21515755158707
1930,1042,3,1,0.12718730945069384,0.052895413767474815,3.9978086695861763,1.9095757480573894,0.22544686979467424,0.7549271006337375,-109.41063076631391
1932,1043,3,1,0.13798074195321552,0.06789564340954965,4.005690154028182,-1.9820086054566026,0.2362559298331776,0.8470943273338417,113.56072840771958
1934,1044,9,1,0.15252844122347078,0.06981351826302833,3.9910692936869525,-1.6533989557760045,0.2227976652142094,0.6437299927475864,94.73278202268799
1939,1045,9,1,0.18470244231631494,0.04138891649097314,4.100926512950029,-2.649857775948776,0.3069014627939716,1.212920985951438,151.8256663050553
1940,1046,1,1,0.13507035583818414,0.053023578600435106,3.9973145397357,1.706556617547352,0.20488697728486416,0.6960722492068632,-97.77849207807236
1941,1047,3,1,0.13172110174246363,0.06721660884465289,3.8624759491925458,-0.5481507032779122,0.23639917636184,0.9054827809481979,31.40672186647854
1944,1048,1,1,0.12833753986120822,0.029659723778284842,4.070832222995387,2.2176573320567696,0.23490609592579884,0.49950925797381,-127.06240596347827
1945,1049,7,1,0.16288733950285497,0.04644647985117641,4.094138496131373,-0.25927701826115224,0.284064520920622,0.8255311043410845,14.855479932352976
1946,1050,3,1,0.13945545773213786,0.05054785905741715,3.9530237956019745,0.9657638337072616,0.23620976379446115,0.606008490207867,-55.334191303861004
1948,1051,1,1,0.15536791587803217,0.05112377866537434,3.95494133432702,-2.3771483072029382,0.2944920453673311,0.8465468033724185,136.20056611154217
1949,1052,8,2,8.854539939611433,0.6089101403988568,6.053485941894948,-0.20702162787823944,13.173507707419853,26.942000078237484,11.644854367433016
1950,1053,7,1,0.1334705790396503,0.03464476171255668,3.887612712426942,-1.667206459023558,0.1689582769394668,0.6426166093806631,95.5238937670899
1952,1054,1,1,0.15924984360918024,0.04224980695143213,3.825939684817372,1.4887302008692245,0.2309407478589948,0.8183709794248609,-85.29795693789534
1953,1055,3,1,0.2137476898541083,0.03820684589428682,3.8084587092588107,-1.6155133967589264,0.2723842450572589,1.1217809689557006,92.56209983831987
1955,1056,7,1,0.1973425683818232,0.04894859528869254,3.808404838067889,3.02278347087915,0.3127691548611003,0.9837074265905141,-173.192733712409
1961,1057,9,1,0.17769408293837669,0.05564571954865549,3.9293530956256797,0.7512092273880596,0.31488338236612096,0.6387571639508072,-43.04111930015664
1962,1058,8,2,8.685726305625929,0.614182143511052,6.0170262770578935,-1.323269702228089,12.92645566078689,26.375884110213445,75.61349858654097
1965,1059,3,1,0.17163206201005396,0.09381647799396498,3.8516399318341614,-2.552087828273005,0.26973811578302204,0.6571379284963126,146.22386112451792
1967,1060,4,2,8.788792398822816,0.6134538718904117,5.840787124035278,-1.9568112645014835,13.077317566987414,26.786136878363955,112.32877296731922
1968,1061,9,1,0.2704500392496068,0.05673883353091317,3.900838010669095,-2.9955655382804696,0.40559162942712784,1.20511125529242,171.6332582224054
1970,1062,6,2,9.12609872493468,0.597211857101999,5.872133832989285,-0.07738810970992055,13.57039063837634,27.699596898194915,4.196496772060211
1971,1063,7,1,0.1375670330202187,0.04155488216004298,3.9680980155388497,-0.8124404150612337,0.28907005971963207,1.029728130141083,46.54940651736998
1972,1064,6,2,8.615112098144698,0.6114130905401645,5.863644252085535,2.255079674321745,12.823039960484637,26.456763234149616,-129.4058017129823
1974,1065,3,1,0.19926669793497442,0.06433529908486506,4.0569893551412415,-0.8948308284314122,0.31939023012989104,0.7706852542608009,51.270030053131265
1978,1066,3,1,0.13132538958863127,0.05834217745237958,3.8884220885231118,3.0953278584785195,0.22094000880600062,0.707503726080183,-177.3492223107684
1979,1067,3,1,0.21277488823548976,0.05118416111273765,3.9538744210214873,-1.9444088324752418,0.34218513075997214,0.9706469739750138,111.40642147633103
1980,1068,6,2,9.323609110086966,0.6177885155385971,5.9718567014594,1.4119723054897602,13.858634493624923,28.4187268229106,-80.64649672081825
1982,1069,3,1,0.15064862058024292,0.03271463689420247,3.940743840835205,-0.46306706181058266,0.2560524749582614,0.6185101219301626,26.53178909139043
1986,1070,1,1,0.1822522439420929,0.09364898633897338,4.1658045474322645,1.5212972380009209,0.29700740071556736,1.1352529961612878,-87.1639112365499
1989,1071,7,1,0.06596010546060449,0.03250819403108976,4.035748965837273,-2.490976616657371,0.10897971556137467,0.3199908693869806,142.72244697948372
1990,1072,7,1,0.10276619698578845,0.04233378047221303,3.9806060918633115,0.7841621309806189,0.16040922009794897,0.409544330646855,-44.929180657160565
1991,1073,7,1,0.14847827316069545,0.05934161757954481,3.996272245963104,-1.3911695087661375,0.2147743486114316,0.8293096961956495,79.70814150030616
1994,1074,3,1,0.15777304927453592,0.06157493582371676,3.9375962767910053,0.12268859549768107,0.22449643807404313,0.7125061129602834,-7.029538495123648
1998,1075,9,1,0.11166620992047607,0.04445263936959343,3.772651340634593,0.7257385336503884,0.20577399496613114,0.5234688945473814,-41.581754980018346
2001,1076,9,1,0.1815584643250949,0.059260242779737404,4.063232024211425,-1.5286848260830268,0.2664474742963158,0.807666420386261,87.58718793191254
2002,1077,9,1,0.09849679624015764,0.05361278825271252,3.783821419134225,-1.6871862696121624,0.16383808511005554,0.6885652469190503,96.66865242633651
2003,1078,7,1,0.13337359038507154,0.05769938579813894,4.052749426524913,0.23725818550469302,0.20604934077611112,0.5613215687249243,-13.593893040471569
2004,1079,2,2,8.997443286540657,0.6287155488471188,5.824359726694298,-0.7650241616070674,13.382442867498323,27.36249920852598,44.06010341502061
2005,1080,1,1,0.14067448660233245,0.025732866038375126,3.9049168407360413,0.6229679690398745,0.27618364677406515,0.796060442665193,-35.69343480173053
2007,1081,1,1,0.13795341755530338,0.037957613688194836,3.9158156580929897,2.1986351927813104,0.26236961555983873,0.7057395645290703,-125.9725180313145
2008,1082,7,1,0.18341235180612808,0.06976282639020141,4.0625463242631215,-0.7550477400520157,0.311833790560482,0.6978187439372414,43.26104832636222
2009,1083,7,1,0.14699349819949148,0.05708366000808393,3.88755402764816,0.19075868521042466,0.226081741770235,0.6624082379280871,-10.929668186109444
2012,1084,3,1,0.11172725407780981,0.062446005903022905,4.084766452641326,1.8469465430866454,0.1968295194630626,0.5803845230329366,-105.8222421667042
2015,1085,1,1,0.12205293892137546,0.01820738731107678,3.870000817859819,0.3625872289770522,0.20873798665907167,0.6654266332087839,-20.77471838749892
2023,1086,7,1,0.18577965066779076,0.040447206394452165,3.99031603402544,-0.6523821267085546,0.3465894424136612,1.2344597662242456,37.378743886002404
2025,1087,4,2,8.919023268715673,0.5997525827070074,5.833815108139642,0.16096930936522297,13.26780697163794,27.061935554979257,-9.444318439327615
2027,1088,7,1,0.16773521125730195,0.08176145038936612,3.9029943692462483,0.4984868568210887,0.25998530609951626,0.8307315895905135,-28.561193891065496
2028,1089,1,1,0.09751828175115687,0.07952866698706329,3.938216371032645,2.57243598304341,0.18248600465648773,0.49572086992322245,-147.38972475511432
2030,1090,7,1,0.15196964069451604,0.07513611816627815,3.9571825418097335,0.8185345583943946,0.2537329646085842,0.67393323298621,-46.898575506843144
2031,1091,7,1,0.2306297742436806,0.0812850822672247,3.9091310470172607,0.6229684040034799,0.38883894459930896,1.0015210918659054,-35.693461576979566
2033,1092,6,2,8.683348591178309,0.6150108104843056,5.8964128606204635,-1.9965710673795585,12.922974678956573,26.39832752825924,114.19099547183475
2034,1093,1,1,0.15426795038695817,0.034735592495363704,3.8762785350606137,1.6139114491890505,0.24366309635389277,0.74633655062687,-92.47031514837465
2038,1094,3,1,0.14573591060678764,0.061379544948035346,3.925254922428472,-0.2184821986816649,0.24644378211014195,0.699451433499458,12.518108266928726
2039,1095,3,1,0.13776101996739132,0.07082823432494256,3.9799942677776747,-2.0469068680514044,0.21949568427709115,0.6832330421114279,117.27912501215764
2040,1096,8,2,8.906270286572191,0.6208480597358954,5.771591923731018,-2.2635441523001174,13.249159776265174,27.07703061369745,129.91201902160924
2042,1097,1,1,0.12224042793720734,0.05192377698769695,3.8682935369587157,2.059979856942228,0.20829650944215533,0.5354664270540722,-118.02815204503317
2043,1098,9,1,0.15989607103414932,0.04028146685974641,3.9437684532789277,2.715920491066507,0.2639501059867724,0.7090376458456884,-155.61078059125734
2048,1099,3,1,0.13628611062407137,0.03029342455904891,4.023853332509239,2.5541935168922487,0.22032363753983905,0.6283395857033263,-146.34450815994978
2049,1100,7,1,0.14756157588431243,0.04200919506759312,3.8019666189733785,-0.6758991969214684,0.26171383093619965,0.666179191525569,38.72617168445583
2051,1101,1,1,0.16786094239744606,0.05608484111167056,3.9047812306202716,-0.24067749326108745,0.26452046152467873,0.8178536535802214,13.78980494266241
2052,1102,9,1,0.1376594499424505,0.07582729943247943,3.952674472267508,1.2754484150112873,0.23857774493576037,0.6926613474242349,-73.07781068937065
2054,1103,6,2,9.008621189104673,0.6082338031018963,5.91568701009828,-0.0620935880024041,13.398778257263391,27.352353052032708,3.7860111348411154
2055,1104,6,2,8.93495644393004,0.5911980268071872,5.628012825805735,-0.001857579357696376,13.291108100158349,27.147186317810263,0.32909622688206847
2057,1105,3,1,0.1764441931276595,0.07990781595555467,3.9698664234531136,-2.5169952052091187,0.3100479281635577,0.6427763480248634,144.2132014541432
2058,1106,1,1,0.18906644428143446,0.039511476973597345,3.8782421443048705,-1.08972761478203,0.3334250378156358,0.8765247681950006,62.436791673034215
2060,1107,7,1,0.2025580024866646,0.041804278800879585,3.928476059024095,-0.43099645323411695,0.33409815110913643,1.2767272704187458,24.69427937376463
2061,1108,7,1,0.12519622225247026,0.030905523250344145,3.8813036237133955,-0.41676164665378007,0.20928721417338114,0.5759051585391908,23.878683825307117
2063,1109,9,1,0.26382991143468054,0.10131904424844333,3.980530029376908,-0.5861588064662416,0.4162043616920589,1.3525649195637541,33.58442483205305
2064,1110,9,1,0.24247121611491923,0.0756875059017947,3.9675163635564195,-0.1276171348293594,0.3912612296025099,1.0697747840794511,7.311927017742276
2068,1111,1,1,0.18292732952766652,0.044130097899324386,3.954836466231515,-1.779947580461338,0.2737553041941271,1.00319539499282,101.98348453708851
2070,1112,1,1,0.0897609142480233,0.06772553824549135,3.87676971094524,2.018205502534956,0.16768092360243222,0.4649037357496941,-115.63465772711001
2072,1113,9,1,0.14116827987421124,0.029526822480462622,3.882514600741179,-1.3948919982021784,0.21498038505117364,0.6343394634036551,79.92142407432347
2074,1114,7,1,0.13630763772184895,0.047245229545925284,4.002842591253188,0.3679521425016635,0.20799810351003362,0.6303664554329333,-21.082105424748587
2076,1115,7,1,0.21559294510121096,0.1164884104637808,4.093462526956605,0.7665589331481953,0.3733455480869452,0.7852843828200335,-43.92059286951814
2079,1116,2,2,8.832808533578403,0.6078874449861897,5.826310265520207,0.6780344513241099,13.141718588905261,26.814011051474232,-38.63351751714194
2080,1117,9,1,0.16902446024218876,0.08058752430589255,3.964926659641614,1.0795005213944293,0.2700405298536102,0.7448735910609604,-61.85082312798908
2081,1118,7,1,0.11740375951337577,0.05204675707346763,3.9172066955363922,1.987217433238132,0.2094709277818664,0.6582282927989386,-113.85917166903681
2082,1119,7,1,0.12964598462183644,0.038167257591319365,3.891734830729688,-0.31167333250164314,0.20012603104125912,0.5933537940843192,17.857566753139356
2084,1120,1,1,0.13975514481647366,0.05320976266658563,3.961585835580563,-0.11273424645777398,0.2045330068694308,0.7791698914827239,6.459196666867121
2085,1121,3,1,0.1264749563400867,0.029720845297217906,3.9221537963214734,-1.6039235160897587,0.1822335498092426,0.6032747458222567,91.89804819344582
2086,1122,3,1,0.1424601978056411,0.05137140165100383,3.9713009792163056,-2.2835636056626853,0.25731255887216165,0.5480821974130751,130.8385567906052
2087,1123,3,1,0.17883931421416455,0.06877265298745444,3.9374971049374663,2.774886610983406,0.3210709619083718,0.6511728162256597,-158.98929055368905
2088,1124,3,1,0.1308502552129852,0.026870122149003393,3.862163861839716,-2.7780703260555946,0.23056217768051482,0.9560698268219258,159.17170500176633
2089,1125,3,1,0.15581587832426164,0.12158231795058426,3.8725434641275207,3.0195545242335506,0.26526812018635804,0.8783646451613604,-173.00772996692803
2091,1126,3,1,0.0978818206758946,0.046913138104389164,4.04965201854724,2.4546607810977106,0.17191523308468937,0.6175570446284453,-140.64170288568192
2092,1127,7,1,0.2229215107988832,0.08129980064565746,4.106308567841128,2.2227821238602883,0.40863073425050517,1.2512746431229886,-127.35603191958147
2094,1128,8,2,8.964756198804798,0.5975577172926732,5.687279932563724,-2.3727349736471393,13.334666909482737,27.2948547602696,135.72276275870067
2095,1129,1,1,0.1165181813103892,0.05164012346785348,3.960115275978714,-1.0135249484782454,0.20601710614133123,0.6501369104293896,58.070702039576
2098,1130,2,2,8.639125476882311,0.5993850161145948,5.618129984795848,2.8245077061800883,12.858215201191962,26.264295548051663,-162.0333210270582
2100,1131,1,1,0.179607623149154,0.08139142721486464,3.9550117312946886,3.082735168666411,0.2693766169725406,0.7716707642894942,-176.62771401939642
2101,1132,6,2,8.632301854018765,0.6290698241896557,5.782222283097323,1.205880637506889,12.848217908906953,26.28901784216647,-68.89140387017774
2103,1133,8,2,9.55418646654732,0.6315677805109221,5.959173596082117,-1.051618268693989,14.194678430296873,29.099919461805005,59.980084077630075
2104,1134,7,1,0.11489428607084495,0.05434958385566032,4.011365400469218,1.055557116020981,0.18420354186431534,0.4524783841703065,-60.47896756411002
2105,1135,1,1,0.11146009077302861,0.05359381230332382,3.815761623111834,1.999504597953685,0.2479660795962257,0.7888454746843027,-114.56317501260337
2108,1136,1,1,0.09005105649849084,0.052204960180377076,3.960450088093551,-1.672824503473184,0.1314960886406863,0.3592927535409997,95.84578397280711
2109,1137,7,1,0.11521639550966382,0.06435040351849636,3.8700128953818522,-2.004528244648187,0.2024324870007692,0.5680286572118852,114.85100881023402
2110,1138,8,2,8.95700035763448,0.6188529040378399,6.087230560361631,-0.07093189252349548,13.323327162758687,27.21591787945544,4.288442285648749
2111,1139,7,1,0.20435902501893563,0.05239888006520988,3.9708614988065163,2.574090165775853,0.35363953347184585,1.4687427272799056,-147.48450292163463
2114,1140,3,1,0.21878659286301552,0.07884024485114546,3.892846576835505,-1.155928205471498,0.36004965346202605,1.05625449750405,66.22980748500659
2116,1141,4,2,8.964859468174915,0.6122326247499467,5.902947941014684,-1.4137479273454348,13.334818303543344,27.245484537260648,81.22673453656114
2119,1142,7,1,0.20044849965586678,0.059601244577279694,4.094869403821475,-2.0190777556170802,0.3278155265389335,1.1871351462633508,115.68463399269127
2120,1143,9,1,0.10239426684506804,0.04722660915451547,3.940163560146761,-0.9105788220699893,0.1749745607869217,0.5130043803773765,52.17232332515382
2121,1144,9,1,0.11016610523868074,0.06524590154304166,3.9800723194991834,-1.6290044778849935,0.16135695103238135,0.5646695131143877,93.33508137417623
2122,1145,1,1,0.18425950031900903,0.048495929702272615,3.7249738208891285,-1.674736267292286,0.2406280668320861,1.0020411151160222,95.95531979289099
2124,1146,3,1,0.26154643638047737,0.05502534426798895,3.892883716110692,-1.4233759145084295,0.40450469325184935,1.0328688129515873,81.5534291639177
2126,1147,7,1,0.11913457850530583,0.029576889746121687,3.9217659718266527,1.4015022468923986,0.19766157972637757,0.6701958856499455,-80.3001634843725
2127,1148,1,1,0.16118232116763073,0.03013593701410318,3.948061785929288,2.228141564427867,0.2998530920782252,1.1133971661983881,-127.66310826727494
2128,1149,3,1,0.16754957246360114,0.06444782321521669,3.8935420228222952,-2.6173576795314015,0.2896680237707156,0.8653685935074591,149.96354736057845
2129,1150,7,1,0.1615457339608883,0.09475311346911844,3.9934446089832263,1.5172728127387767,0.2754505141976638,0.9900030554214971,-86.93332804296939
2130,1151,3,1,0.10888156339702039,0.09900600127996391,3.9671700867534683,1.6131910732941166,0.20246702916737788,0.651334409156432,-92.42903986571761
2134,1152,2,2,8.789217417768457,0.6221507114619403,5.781316024740174,0.7459582618408207,13.077938728148933,26.73029471727926,-42.52848268813985
2137,1153,1,1,0.13247615641211133,0.05654434453732478,4.0158008154903415,-0.32575255184464913,0.2206162171322424,0.6201303693324677,18.664246634220387
2143,1154,3,1,0.234021090188684,0.11500489631089271,3.899817881554778,0.04718724857372882,0.3592213297690249,1.2127923869486605,-2.70363005351993
2145,1155,7,1,0.12688425962552108,0.03590308197328091,3.974210071356933,0.13269066949645567,0.18790300235752308,0.5461846209485761,-7.602615512043038
2150,1156,2,2,9.1366048442695,0.6036141155051455,5.795661725081267,-0.560373323310371,13.585732443840577,27.745031773013796,31.86867574458185
2151,1157,7,1,0.16597142889564034,0.052304857966641784,3.9666429102729035,-0.18839266848373046,0.2678795608646439,0.8515472516699818,10.794105317053093
2152,1158,3,1,0.15042974894254751,0.05560198407716175,3.9659706980645764,-2.741497488808928,0.29609707405003693,0.7447696571965706,157.07623494322695
2153,1159,7,1,0.13017082393592394,0.07876066937311896,3.9015017857762877,0.897243577869467,0.2524828705446923,0.705038188674783,-51.40827062955974
2157,1160,3,1,0.13486531897686738,0.04917932089010104,3.886488975649776,0.7309606948029009,0.2504089450682398,0.7378490265776992,-41.88096306888942
2158,1161,1,1,0.14223562435822237,0.09000636580087641,4.185352174022302,0.10821962678311489,0.23064450919227217,0.6404867926588106,-6.200528104454012
2160,1162,3,1,0.1566993609924527,0.04040699885708238,3.8884280905484063,-0.7906570440158497,0.2970394324241851,0.7239772936699521,45.3013112939824
2163,1163,8,2,9.309361562601648,0.6178415963187343,6.214096678039601,2.1358983250425148,13.837853596290298,28.419284420507044,-122.12558357807961
2165,1164,9,1,0.16898579982559161,0.03449723903160364,3.8895896924379043,-1.491819747700608,0.2345030745363886,0.80960392661627,85.4749750561902
2169,1165,3,1,0.18691785679543832,0.11481942971216602,3.9695162397148147,0.7065827087059372,0.30173486399136057,0.8704263559864917,-40.484207502810534
2171,1166,3,1,0.09821112282247685,0.05312366798012074,3.950569472337051,-2.13385436999309,0.18109731368349755,0.45222962827733904,122.26084972280938
2172,1167,7,1,0.13567037843354093,0.05512336923594844,4.016348512169596,1.1410528631795378,0.21489477074870159,0.747687768488198,-65.37751301192975
2173,1168,8,2,8.94763758975556,0.6090145813674426,5.963933593528184,1.1174421242263861,13.309641786971428,27.219504362703557,-64.24834743398148
2176,1169,7,1,0.15014479652519883,0.031232681090075008,3.8485593584651645,1.7747401356216885,0.23658943249714645,0.8077164808512075,-101.68511977544895
2182,1170,9,1,0.10899517918871138,0.045511579621555505,3.9813597197183177,1.0367777252186652,0.1878521086354957,0.6633230019290643,-59.402987948626574
2183,1171,3,1,0.17265503715818664,0.05739700843439225,3.9850714353854757,-0.6186810406609118,0.2963625194233458,1.099594909950536,35.44781190724941
2184,1172,7,1,0.12569663359918717,0.03937082076212036,4.012332467690199,1.866694361076421,0.21645310627328784,0.9843841804105362,-106.95370863181122
2185,1173,3,1,0.11204219598615078,0.03833819333315618,3.84324238178107,-1.1243183016572489,0.19276846040622775,0.44641300803030237,64.41869321870573
2186,1174,1,1,0.154576743800404,0.03711931832912527,4.10776010459063,-1.5202825841939682,0.22344000602140882,0.7139019543174546,87.10577560516192
2187,1175,3,1,0.15797185238463296,0.0819141568888014,4.036562496159925,1.0944289540260175,0.3046519099014413,0.692986258090189,-62.706158923794426
2189,1176,4,2,8.669999255313302,0.6097808233202722,5.779961006032855,-1.9853647221579427,12.90342568748471,26.389070251854687,113.95616521437974
2191,1177,9,1,0.1374333032285926,0.03366381177963374,4.0543390547116624,-2.1419977840942668,0.25516402600468735,0.6698725227841719,122.72743342249007
2194,1178,9,1,0.1165944996763531,0.04052207942646748,4.005980645037896,-0.36350853554074797,0.18383466860129985,0.6666438244315742,20.827505135912233
2196,1179,1,1,0.1544386171783396,0.055874679884608855,3.973932214133579,1.7279381447627897,0.2331746324360066,0.9019708435069157,-99.00356324294397
2199,1180,8,2,8.759238585958533,0.6012218786445267,5.912456124219441,-2.694471678933435,13.03406732229997,26.735175944322016,154.17227139381822
2200,1181,7,1,0.17679238488123103,0.04670490000914032,3.9066412924602423,2.2561738900730535,0.30533874945782247,0.6658489838374976,-129.26924231140916
2204,1182,9,1,0.13262001504023593,0.041201980839167374,3.90209347375702,-2.407604891704517,0.22661189792884023,0.470348198412948,137.9455991578519
2206,1183,1,1,0.1555207177822081,0.06352874506525077,3.967698771878422,-0.8014532864122923,0.2582005729599061,0.6907190225197086,45.91989071893272
2209,1184,7,1,0.13065941317103263,0.06932777348759435,3.833201912751611,-1.1073265452650898,0.23722275121271513,0.6322769938034475,63.44513687815816
2211,1185,3,1,0.11442605514579507,0.03684908687573491,3.965686519419731,-2.5358770059382008,0.21739744024794969,0.5043082521287839,145.29504957225652
2213,1186,8,2,9.001965087309362,0.6111650725177336,5.927273300332418,-1.6972547501492017,13.389050948639305,27.377009272627802,97.47333045218373
2215,1187,9,1,0.15827625038022125,0.052211763553542116,4.010278175809133,-1.905634080924689,0.23514088492633378,0.763051245519134,109.18479045602308
2216,1188,9,1,0.10214128012692583,0.05884221049303489,4.109303083844474,-0.9308965345073386,0.19176552371283087,0.5005812245613028,53.336442302274634
2220,1189,9,1,0.16471337179135484,0.05956177267310182,4.092764648564765,-0.4841591173944739,0.27310244724163973,0.7239754261599856,27.740275123036522
2222,1190,9,1,0.17412602508946506,0.06179880435666369,3.894482033667161,0.4759807815026016,0.2834592617697967,0.875678741985806,-27.27168995525127
2223,1191,3,1,0.15864718160025015,0.030287555498284165,3.991255965072206,-1.1517466445632665,0.2797932862178108,1.0239542029872986,65.99022137350434
2224,1192,9,1,0.19400565015932847,0.043629865260035317,3.8632265006846955,-0.8749118213460862,0.34737200072454744,1.1029320444104396,50.12875444441581
2226,1193,8,2,8.850113125819316,0.6070522239795937,5.847421872794395,0.9838026474267562,13.167030954495678,26.876510114175833,-56.15145821924969
2227,1194,3,1,0.1623046434650262,0.05778094546765533,3.9998578203548076,-0.40555207540801663,0.2765618727049379,0.8373555489388577,23.23642303988134
2230,1195,1,1,0.1721350565674452,0.05993899123881709,4.0225535474036525,-0.6414309614739784,0.2834703978020329,0.7301086739060592,36.75128721733802
2231,1196,1,1,0.23821759150662591,0.07339516200101544,3.8677453226920937,2.77753375786629,0.3607996593456969,0.9238501741451404,-159.14095828157204
2233,1197,3,1,0.29192434907425363,0.11232938967692147,4.084416153135274,1.1417687311670501,0.4583419409989365,1.3264295911822255,-65.41852320148244
2234,1198,9,1,0.1502867762677903,0.0537137345459065,4.03656753780631,-1.2802724989082435,0.2494719914327973,1.008228183474194,73.35421072817265
2236,1199,1,1,0.18739837409620388,0.02416265595197551,3.910302158894818,2.8194396107222923,0.29260667048730526,0.8025336676324638,-161.54198874073552
2239,1200,1,1,0.17392453775501435,0.05636965207970588,3.953981835733546,1.1751743303934206,0.298410642302271,0.9195019350314804,-67.3325293380305
2241,1201,9,1,0.10823096870349379,0.028037701543673126,4.019233985490052,0.2627164295668072,0.17622624447976903,0.5994377797503624,-15.0525428508584
2242,1202,4,2,8.913144595433721,0.6271852422148855,5.699122850786658,-1.4482683615249188,13.259211540763546,27.146195564563886,82.75865309123803
2244,1203,2,2,8.946914857004325,0.6021560478719301,5.899224856989332,2.2108828374250136,13.308585683761935,27.173290570594027,-126.4506807776674
2245,1204,3,1,0.1271916062311308,0.0707257230112465,3.9779993339723325,-0.18327617611794794,0.20816204518843898,0.709132960906081,10.500951671325513
2246,1205,3,1,0.12118233064685353,0.040936632033148596,3.9228012397711085,-2.093001833309654,0.2154462536808959,0.9562026891281736,119.92017165986152
2247,1206,1,1,0.13984251514594714,0.043069943872912894,3.8488436983413465,1.7279666092451302,0.23369057821245892,0.6630754101693884,-99.00519452331777
2248,1207,3,1,0.1403364455914191,0.07326289925076819,3.9054420719487566,-0.1660670860558418,0.23452396688771004,0.6335014830684433,9.514943577890753
2257,1208,9,1,0.18075390758721496,0.09051295245195243,3.8889371191741082,-2.3342935909850313,0.28232505708333117,0.6724240576900724,133.74517089078776
2258,1209,9,1,0.15714251208959093,0.06803190359412875,3.8472418153217482,2.2023014240830068,0.285957744103579,0.6654405077090877,-126.18257738281565
2260,1210,2,2,9.077242149501856,0.6041195692048279,5.912480705308717,1.1914767252150775,13.4990354718446,27.565117732233762,-68.50024479089794
2261,1211,9,1,0.15340130656038295,0.035802089591382195,3.9268568724826745,-3.008789097659714,0.23475102758749117,0.9172012883068699,172.39091614856585
2264,1212,1,1,0.1596042110966804,0.06157267327325571,3.850305033270903,-1.1788369450501504,0.25825308962496063,0.7802865619404911,67.5423809040702
2267,1213,3,1,0.1517935569493821,0.05679419196753059,3.8519798231375533,-2.4886596298588093,0.269325321718719,0.6741611878318033,142.58969279201307
2271,1214,1,1,0.17726652588585198,0.05574921881488174,3.9856632765924926,1.614331957130493,0.21884814104402778,0.7522123015144441,-92.49440797811847
2272,1215,7,1,0.17644962828553562,0.04380193563199219,3.9030294067810027,-1.4116377731779648,0.2693011339610516,0.8041290361343499,80.88088541615873
2274,1216,3,1,0.15706132365830927,0.05676466657573508,3.933565524673419,-0.4396118607706348,0.2597981685889015,0.8104454943917184,25.187905186144842
2277,1217,6,2,8.865132508867775,0.5897988557087467,5.715090899215811,3.108208765450643,13.188998201327491,26.9014245055965,-177.8698419477628
2279,1218,6,2,8.989547219353812,0.61417685826139,5.876277257498932,1.8247098886325157,13.37090102561777,27.304828538002877,-104.32133596584424
2281,1219,7,1,0.1673619598736157,0.040403662703212564,4.014677456839713,-0.5082846988949644,0.2673689254087042,0.9269597445376462,29.12256857007164
2285,1220,1,1,0.10127715356910438,0.06528160983639357,4.022923687285892,-1.1013431215175564,0.19643436488279922,0.5418650728743446,63.102312446244404
2286,1221,3,1,0.128994599262998,0.040175824612593926,3.858352775315454,0.35690981729744503,0.23162573628276623,0.60725363636741,-20.44942660858368
2288,1222,3,1,0.14876925507182107,0.05517974142774784,4.039583027051794,1.736529691263165,0.22639271549778836,0.7630604155333792,-99.49582279342853
2290,1223,9,1,0.13361156617040407,0.07270629578785516,3.846995409481875,-0.13833873405905595,0.22545006745879834,0.8735253855336972,7.926225797444842
2294,1224,7,1,0.1295994639410906,0.05125280064459408,3.870285597438621,1.183407893489162,0.23482629522216933,0.678793601113379,-67.80427739645424
2295,1225,9,1,0.20133175572993597,0.06517886150953806,4.009862937666572,-1.875200060405134,0.3189393619070189,1.2373404801218815,107.44104946429323
2297,1226,3,1,0.15751031296006215,0.04599446924897735,3.8161329528335193,-1.5543839614423676,0.21586769194080452,0.7544530401630942,89.05964045235811
2300,1227,3,1,0.13869132183808763,0.03270296256577568,3.906655324834935,0.16258753571990142,0.21650240587311537,0.7208621856001187,-9.315580054587667
2301,1228,9,1,0.13318845732180826,0.044859135558468655,3.949351397849211,-0.462845194777001,0.21244073320593995,0.6275177321136094,26.51907646503213
2302,1229,6,2,8.834362718586236,0.6056190603845144,5.732858163218308,-3.0116461323031785,13.143989400440923,26.804737405932606,172.76972297600193
2306,1230,3,1,0.16843542661746774,0.04221090644247797,3.913281387339258,-0.3814361710626399,0.3069051608773493,1.190100911137924,21.85468335109027
2307,1231,3,1,0.1779559660970853,0.06861635326691569,3.784630184913721,-0.3067400139038976,0.29782330734064766,0.9513116254243082,17.574909659926764
2310,1232,9,1,0.15209313847651923,0.08290069982062451,4.031861514411247,-1.321363996709329,0.23509645955317518,0.8212020940586524,75.70857987927951
2311,1233,1,1,0.18572505370766096,0.06293401696308003,4.060666141279306,-1.1634758923367916,0.32066978573872457,0.9197835750397072,66.66225800852295
2313,1234,3,1,0.11550376832648027,0.0656619374294675,3.915706562024282,-0.88643172964514,0.19089865457787586,0.5061595030553796,50.788796788398116
2314,1235,9,1,0.1567692186817132,0.06070237019650985,4.111978724390166,0.3972692896529416,0.28803483827950677,0.6568655446525047,-22.76185423438171
2318,1236,4,2,9.062284920031262,0.6071705293317035,6.118501224739598,-2.744308073387011,13.477188876565812,27.67555371453701,157.4697548179557
2319,1237,7,1,0.16887349315934846,0.035510288257748455,3.8519718886192265,2.962372553047143,0.25214690994910205,0.7669420103758832,-169.7314438067612
2320,1238,1,1,0.13382796316038034,0.02513118275892174,3.969028086193906,1.8076580467923202,0.2141533587740077,0.6593990480588807,-103.57117743614302
2321,1239,3,1,0.09450057625976083,0.05049843820138427,3.8916397195204744,-1.0854717712101056,0.15498175348053925,0.40147567203258483,62.19295119848777
2323,1240,9,1,0.2878781171110029,0.08762144045395259,4.04964534284346,-0.3727094774926294,0.5261246317366215,1.9757538918255655,21.354684446725663
2326,1241,9,1,0.2365515432140473,0.07121464632108059,4.009580120574543,-2.18952451282067,0.4329953258803203,1.2706845992980054,125.45051251652228
2327,1242,1,1,0.15046296130620207,0.04777930392767543,3.9682145032560974,-1.2578984714863224,0.24596922649679248,0.8017815479044048,72.07227278171732
2328,1243,7,1,0.18409425453760367,0.08820335665859623,4.04804367907296,2.378151140581958,0.33204002170313984,0.8750961849897821,-136.25802220380595
2330,1244,6,2,8.857650384229316,0.598985867744083,5.623971641825582,2.41160130592536,13.178054514521277,26.898090498109934,-138.39142001196976
2332,1245,9,1,0.17222614559274652,0.05684527191409845,3.8105145011430643,2.771696933073604,0.2692753728702815,1.0647572025601293,-158.806535817037
2333,1246,7,1,0.12353756562504346,0.06556468338816435,4.0160123853173015,0.6468293078909565,0.1990855208849311,0.6694231860512201,-37.06058939068314
2335,1247,9,1,0.1447705971266191,0.06626950445822948,3.9270873240546074,-0.9258851070811702,0.24931380928815505,0.6773044595146931,53.049308350886434
2339,1248,7,1,0.1330344838269816,0.03453110261742322,4.012845200255777,-1.1481579724348232,0.219992178272859,0.6795001308235201,65.78460576226342
2341,1249,7,1,0.16736609928209853,0.06064375320985709,3.816622417047829,2.186961717113576,0.33159695190050575,0.7984646499270204,-125.3036772291492
2342,1250,3,1,0.12998510632923482,0.04632219646110785,3.956384228903866,2.7889117241819856,0.21939878571053337,0.7017247227246205,-159.79287118387842
2345,1251,1,1,0.11460516316060146,0.06067012756384575,4.043929193622751,2.1317558131906056,0.20813864348082414,0.6049545895329184,-122.14061132637444
2346,1252,1,1,0.25056774309145247,0.10906329676294244,4.124894340073684,2.1803497701012358,0.4151022937942102,1.0100454444904432,-124.92484168183647
2351,1253,7,1,0.14550589165925476,0.0466783248480933,3.8893220140477487,-0.41208929606506794,0.2483262974681283,0.7000404698500454,23.610978372825027
2353,1254,7,1,0.26597676960240624,0.10709680575246963,4.016651928972623,1.8381183739928224,0.40189453177205503,1.2185560692932722,-105.31642742231232
2354,1255,1,1,0.1422524228856198,0.04624767699319483,3.882858100484107,1.2274672575010488,0.2251742310929489,0.5934834117795652,-70.32869289475212
2355,1256,3,1,0.16337526463630245,0.09033247194642768,3.9209403270491734,-2.7095543419072636,0.2490383101390326,0.68702460680263,155.24602777368034
2358,1257,4,2,8.639766015617399,0.6285750917661209,5.9638740045430385,0.6874080285927278,12.859151978255685,26.240737113097456,-39.184583138275784
2359,1258,9,1,0.15271637168773075,0.042125452396585966,3.8819276738273247,0.15189373502611253,0.22108017565259008,0.7342608992279525,-8.702870386485591
2361,1259,7,1,0.16747794981336736,0.04700166318649648,3.7574784763918685,-0.9023675150056888,0.28788090854954923,0.5824691520955754,51.70184931714744
2362,1260,9,1,0.16573463975690317,0.045231949654798785,3.9076630366199554,1.4615109622810154,0.24134559604781405,0.7848352582165109,-83.73840967867865
2364,1261,1,1,0.08632538436603972,0.028586987849662175,3.966785876962475,-2.0891237561001863,0.15309864193423967,0.50602835287912,119.69797423363175
2365,1262,1,1,0.13012978057114924,0.04567348395259388,3.8590556052133573,-1.3975820155140297,0.1973086558237038,0.7210494971416311,80.0755509136592
2366,1263,3,1,0.2543821626708693,0.09032465357836879,3.9243755321792633,-0.7902322683743594,0.38349282372462934,1.2071853962882166,45.27697152989013
2367,1264,8,2,9.1580484156846,0.6027471919986335,5.732027163451309,-1.2821327127929056,13.617043181998406,27.816408573663047,73.70085502269805
2371,1265,9,1,0.1650431700070734,0.07535127487801746,3.8743631755819634,-3.1104190827420273,0.250051924672809,0.8898141775320211,178.21388567197909
2372,1266,7,1,0.13733378619757777,0.0636893743359298,4.031030448553812,-0.12276233501817693,0.18671777799878247,0.7115439496660836,7.033763897495051
2375,1267,3,1,0.14229356757087083,0.04632543180681064,3.8931237780601635,0.19853689393833804,0.2181797121560871,0.714585859337356,-11.375326211401722
2377,1268,7,1,0.1970268097104948,0.07129831512523312,3.8649164935626565,-1.129042284726342,0.316174375221116,0.8183387240556579,64.68935642213552
2378,1269,4,2,9.168599700131145,0.6130088657665569,5.962287477526133,1.9266728374134303,13.632447341182765,27.87706679200574,-110.14931522177041
2383,1270,1,1,0.13989267591489046,0.030576218985241002,3.9675486882391255,-2.7062758433527474,0.2258258915406574,0.5435527154458947,155.0581835791133
2386,1271,7,1,0.21349060883173057,0.06825560600650761,3.9614698513421858,-2.358526707521607,0.36595386685963494,0.8537988602594873,135.13362730490095
2391,1272,7,1,0.12299244865056365,0.03451739076278384,3.824633165423034,2.510041833707104,0.22276956961394798,0.5736156506170486,-143.81480327311692
2393,1273,1,1,0.25150972245836684,0.07802721434596024,4.128846896647006,0.023215800316039044,0.36728793640794005,1.1912420846902405,-1.3301680667985216
2397,1274,1,1,0.1378945305443902,0.037293500042457156,3.9485637055507703,1.9251598696760628,0.23211761081481483,0.6258811848043583,-110.30353616776523
2399,1275,9,1,0.20055023319024493,0.04689442140622271,3.8643440823982607,2.6098486204661566,0.3394923759241168,0.7299978663918163,-149.53330979141512
2400,1276,8,2,9.162164459636118,0.5953182063963569,5.790118839385021,-0.5572947811576919,13.6230531067832,27.85398352085945,32.17103013836341
2401,1277,8,2,8.926751082646469,0.6134839170240167,5.813519909168069,-2.2076624484701255,13.27910556674118,27.18652858153269,126.71178283726545
2402,1278,3,1,0.15403350428216867,0.06808335662737126,3.9373075847136163,-2.5684267835130843,0.2359623061457768,0.6289198568088236,147.16001379534612
2403,1279,1,1,0.14501246699026715,0.06335561590078195,3.9268360144058234,1.0226593992955646,0.2285036269236258,0.7669031196283802,-58.59406692414805
2404,1280,3,1,0.21789175260873436,0.06818960967220337,3.7798967895113216,-0.6818371690763532,0.3446532699319073,0.7277752333831538,39.06639227435184
2405,1281,7,1,0.19866302649171316,0.049714484448534095,3.77466552648517,-1.3102985275572951,0.3067825122313311,0.8973211164946723,75.07457363511405
2406,1282,1,1,0.12523081680088355,0.04226559696784182,3.8859710859835936,-2.1683867245781405,0.21600992796172538,0.5699514554211056,124.2394078499793
2408,1283,9,1,0.1897648801425016,0.06658982409099269,3.8726234824816324,-0.8649751515081332,0.30983394444623763,0.8062867654568912,49.55942577405707
2411,1284,9,1,0.17666193540503938,0.07417238917816013,4.067565549473002,-1.102567601912338,0.29792482655255553,0.8454897650572114,63.17247090862081
2413,1285,7,1,0.11938932576803682,0.07037295758276801,4.0103421867690905,0.39610162891900463,0.21506346486324102,0.5531763005271881,-22.694951832567444
2414,1286,6,2,8.984090134572863,0.6038428941107558,5.755309868353414,-2.369497189098403,13.362926533539046,27.33705833194302,135.98860831402672
2417,1287,9,1,0.16936525818430895,0.06200295686270505,4.048327644154402,-1.9197902256325707,0.2929029166009591,0.8104102591254063,109.99587788662102
2421,1288,4,2,9.030296320242334,0.6059064896662814,5.808069696693524,-0.5396129310212913,13.430450594435133,27.502109278103106,30.687553256027627
2422,1289,3,1,0.13402860683708107,0.06122200014831179,3.94513520755025,-2.057021665986202,0.22526395287237005,0.5938032399459695,117.85866049256495
2423,1290,9,1,0.1436709091287872,0.09301621901431908,3.885990336857494,-2.9238902331466052,0.2440190710473286,0.9353905000952105,167.5265700439962
2424,1291,3,1,0.10725517514754712,0.040706169177170126,3.9183417732941814,1.3649525833866065,0.1422557609431943,0.49960057064498437,-78.20602219542519
2426,1292,9,1,0.09435168817371131,0.079029348736595,3.894451306533051,2.354901865395866,0.16049623657491724,0.5220605646896687,-134.925938184083
2428,1293,3,1,0.15259035875496993,0.05247609132128056,3.9037743190803575,0.15994479452102842,0.24128747110969184,0.7670473850982351,-9.164161857030503
2431,1294,7,1,0.150352818601185,0.05791672287528045,3.9834165461754365,-1.8855903890283356,0.28250844228155086,1.3080671102661392,108.03637137182201
2432,1295,3,1,0.1710231779172821,0.07177106440550529,3.807316816714935,-2.2897440301170753,0.2984742404767203,0.6890240307733333,131.1926698161418
2433,1296,1,1,0.15200248217671067,0.06536573396691736,4.0920467290862605,0.572749477630184,0.25201182304405734,1.045252007039028,-32.816127615350844
2437,1297,7,1,0.22934202174839288,0.07147509882429195,3.895558682701819,3.082989236219177,0.3508189934969263,1.0968852707721783,-176.64226914728846
2443,1298,3,1,0.11037642436581552,0.04498773068586646,3.9144081622268248,-1.1936901404364226,0.17497913630607215,0.6138629251614927,68.39340685994226
2446,1299,8,2,8.794048146336017,0.6221809139793646,6.046824994247626,0.5544702933177256,13.08500686676097,26.842800180044176,-31.98094002401361
2448,1300,9,1,0.18348172876683935,0.043065035841166485,3.89511544876991,-1.2554103356662938,0.29600084928915704,0.8506747647429148,71.92971225006522
2449,1301,1,1,0.14526871810390174,0.050062046685799985,3.9350557016595262,-1.8268964160483037,0.22924239511158323,0.6849718533106673,104.67345480601988
2451,1302,7,1,0.16485944280052792,0.08007252788205699,3.9049322640481066,-2.062761559313715,0.30522739026927215,0.9618977697445987,118.18753192447281
2452,1303,3,1,0.09855726877132054,0.05612098010413373,3.937977828000303,-0.8456094604404227,0.17082049444605454,0.42183610449632974,48.44985308976178
2453,1304,9,1,0.14565689310620067,0.0692635538841826,4.094101081103898,1.8531588455268313,0.22487908428567466,0.8104217070898597,-106.1781810685115
2455,1305,9,1,0.10064064173362937,0.030268072427532162,3.981502138864787,-2.4164856657249105,0.17097877568380523,0.38390667874141327,138.4544298721076
2456,1306,3,1,0.1738434365741257,0.09316838578293377,3.95011895156341,0.492943890177095,0.27342895329092787,0.9164863077956553,-28.243605416198978
2457,1307,8,2,9.343634987001888,0.61309862204096,5.839281891792355,-0.01706770032093927,13.887842027432328,28.42206788248594,0.7226832957286682
2461,1308,1,1,0.11726457077335602,0.0304231088006408,4.088683620578751,2.7899720357257003,0.1787910604500921,0.48831132530139093,-159.85362241034932
2462,1309,6,2,8.768098952360694,0.6154437749699753,5.945595645353913,-0.8258158191424462,13.047034287110238,26.704487894958326,47.10553057401166
2465,1310,7,1,0.16375675087611774,0.045868705440788936,3.963859327221118,-1.4378678529412108,0.2713769534220692,1.0964381748198186,82.38375960708476
2467,1311,4,2,8.961929502064223,0.6319781083165558,6.122401518265352,-2.4054985923346743,13.330533511062749,27.34210774548417,138.04963788322615
2468,1312,1,1,0.1244026203454714,0.04967620608984663,3.935255020632917,0.6644937620240858,0.20906550562993195,0.6333503264854848,-38.07268849898412
2469,1313,7,1,0.1595238203809314,0.06882974051620601,3.7804973272079847,0.6200590146196509,0.2648558519726162,0.7716672317873412,-35.52676488880259
2471,1314,6,2,8.752247271164471,0.5967858694779032,5.79496266646088,0.4824143863778438,13.023835686066146,26.64639049027141,-27.849382827376957
2473,1315,9,1,0.19252128808201988,0.09412784356868995,3.9916272001936925,-0.2385219145512392,0.31275240619802286,1.0093267564380066,13.666300478104914
2475,1316,3,1,0.1393302816943568,0.040054752059211156,3.9645790010304,2.406372963904667,0.28068104796854915,0.5453429291106768,-137.8750141351874
2476,1317,4,2,8.80907811523552,0.5868968938202077,5.633411101171383,-1.104408856043488,13.106999539941649,26.760108627006506,63.49120551982697
2477,1318,7,1,0.12573252876444646,0.02650176400394611,3.9558618270322414,1.1640037241994476,0.2064468512290128,0.5289748599119583,-66.69250015004222
2479,1319,9,1,0.10707581192702378,0.05619790159428153,3.9892325716725723,-1.3875883579092698,0.17800126578550302,0.5683106010834236,79.50295651937576
2480,1320,3,1,0.15120299911036605,0.02772396376274586,3.833706975084246,-1.4827055274261713,0.17991813083446717,0.7278973684473347,84.95276903173132
2481,1321,1,1,0.10488777115878944,0.07598783830527525,3.890360335823736,-0.3557418594171502,0.19914216872220117,0.5882216311450403,20.38250744907771
2482,1322,1,1,0.20559184784811738,0.04221520911676987,3.8507959344316327,1.214916754816661,0.3112194718098504,0.9474015000646512,-69.60960085303266
2483,1323,7,1,0.18352716131652028,0.04484755448195183,3.997317662182565,0.1885420855385825,0.29211927509805014,0.9149480446983101,-10.802667111364668
2485,1324,4,2,9.01488955242609,0.6065800655328888,5.828429125827456,-2.874676746953529,13.407937018510875,27.408018180745273,164.93564055401012
2486,1325,9,1,0.14815243986001597,0.12453514113821902,3.9849205408821837,2.7492183693302925,0.23074402192338667,0.7310465383619509,-157.51860960405864
2488,1326,7,1,0.08529798124080747,0.06487693081067994,3.949886217134271,-1.4939232823407533,0.1288661249500587,0.41269268163949074,85.5954990013468
2489,1327,2,2,8.824150875419008,0.6003142161965758,5.886954561069127,0.48704246548464564,13.12905146561768,26.81462122935906,-27.69112449446
2490,1328,7,1,0.09852616391311177,0.06614984527281559,4.00925810863275,-1.5476604320047198,0.1825865228940391,0.5569739518037292,88.67441074999118
2493,1329,9,1,0.23217898303366452,0.10507149797885416,3.9922961256780107,-0.7585186619420806,0.39643868404653526,0.9718413744720253,43.459916128601705
2494,1330,7,1,0.13873359512148786,0.0667419169488409,3.998029483779414,1.6920361778300306,0.22963523343453723,0.809296903310305,-96.94653179013406
2495,1331,3,1,0.15473135199911534,0.07382063838531037,3.9254742235733042,-1.9081578523700824,0.28309688176088454,0.6650866927444079,109.32939243833482
2496,1332,2,2,8.634631684659087,0.6090717558366711,5.822683315342408,0.4462485729186059,12.851632161780673,26.153031998743938,-25.768791946695316
2499,1333,7,1,0.13951198198051196,0.05140628762055939,3.943309503313567,-0.4768574019307071,0.2563454810446642,0.8939295168647025,27.321916961354006
2501,1334,3,1,0.15232140879192277,0.07164577669059302,3.980351017852042,0.9457826676022155,0.29161253013727007,0.5980772355571901,-54.18935554962671
2504,1335,4,2,8.956450383371523,0.6054237083428899,5.730140059825817,1.096818363457323,13.322527260876363,27.2060626253092,-62.61876089709635
2505,1336,6,2,8.880432822050228,0.6260909342516026,5.784498335415276,-1.0977796218890326,13.211375987404084,27.013937966075108,62.67959113295919
2508,1337,9,1,0.11167208692977744,0.046962597607478174,3.8347690832457615,-3.0195277851301467,0.1819030549838569,0.5150454374662318,173.0061982559226
2509,1338,4,2,9.048475580928793,0.6143127983537473,5.920595008721627,2.161700143543637,13.45701048904519,27.557923973334535,-124.08770028101463
2513,1339,6,2,9.020738690156053,0.6016585215761212,5.841840564953756,-0.4330414670533525,13.416485233853589,27.524570477721902,25.04069701374965
2517,1340,9,1,0.2043358629637679,0.072141223736374,3.915550630773575,-0.058023889826315365,0.30689033871749266,1.1535288365659842,3.324524528175166
2518,1341,1,1,0.1564181522329562,0.049773926237415014,3.8721977518298685,-0.0913642887927889,0.22379937402525696,0.8882053266720173,5.234788232061817
2519,1342,3,1,0.1857376379498516,0.05714759416658988,3.9575264612598233,-0.6030601435754256,0.3754089014538553,0.697004177545705,34.552802402720914
2520,1343,7,1,0.11355293400621533,0.054396477392799555,3.9485309744514914,0.9982537698176636,0.20212502293322748,0.39793722898766487,-57.19572762994733
2521,1344,4,2,9.11643547422458,0.6173291919838065,5.865844269257737,-2.0467417296850896,13.556281784484273,27.722210636106496,117.03291410030052
2522,1345,7,1,0.12129599547440349,0.053352960134562435,3.935458939347259,-1.168187319893479,0.21683841152451527,0.5231580739508854,66.93220278549137
2523,1346,7,1,0.14307745450564627,0.05922198434859906,3.897249736563907,1.9243683170555497,0.249078045251092,0.7383435987054427,-110.25818324309434
2527,1347,1,1,0.12436786024258105,0.04309271663642446,3.9861213688144552,-2.4337523648017667,0.23258749728014327,0.45855860430449363,139.4437385927515
2529,1348,8,2,8.998134947860438,0.6157066335107956,5.843377853974438,0.8893282774549183,13.383451913522913,27.487945163112236,-50.727255849372575
2532,1349,7,1,0.175958162037717,0.04105468027394925,3.8075298091651897,-1.2557995283409489,0.2940781899809844,1.1399128419447064,71.95201225421175
2533,1350,1,1,0.10916258861821716,0.050021904507631144,3.9387543403581873,2.11789129269533,0.199376866029581,0.6401030919262093,-121.34623291046532
2536,1351,6,2,8.689236935107063,0.5979320598796389,5.90932648176629,-1.1707678975653188,12.931594381546002,26.39024789758227,66.87553718697077
2537,1352,1,1,0.17448309814836588,0.03523168161709375,4.016078884262859,-0.3540082188055174,0.31630366407091814,1.2695258605415827,20.283177852524652
2539,1353,7,1,0.2302629879275302,0.08286686160637756,3.9727774652620296,-1.799657967976494,0.4061364333845727,1.2282212658735971,103.11280926595335
2541,1354,1,1,0.18231647215911598,0.0393894392325478,4.072470364565778,-1.93875242118307,0.30933602895795087,1.2819171337419621,111.08233168418855
2544,1355,3,1,0.14833441949269982,0.05670593429563176,3.9751191674365627,0.34650608843616393,0.2322302915105843,0.7206857259459052,-19.85333704200499
2548,1356,4,2,9.065693496564892,0.6129000877692468,5.96577790520473,1.9863969514760118,13.48216512328735,27.55573902710679,-113.57941041271225
2549,1357,8,2,8.643379020780703,0.6143565263299471,5.847874623073419,-0.4587903571243511,12.864442616343569,26.199464201445988,26.48800297464204
2550,1358,4,2,8.875681227003522,0.6148064424885726,5.9006059307830245,-0.4547139428081813,13.204425788193753,27.02819180007659,26.271381533050338
2553,1359,3,1,0.14935304784619555,0.061170905754335904,3.955679897084971,-0.970089992673676,0.23914137537449623,0.6342907884812317,55.58206160405861
2555,1360,9,1,0.13097681715406942,0.02947542861649279,3.8793849788324257,-2.683553051156601,0.23492791985986894,0.5900520692184278,153.75626352259076
2556,1361,3,1,0.2384178953836794,0.08851166637022893,3.849188999742753,-2.7630062322239812,0.38276876928713316,1.007479926566563,158.30859296642998
2560,1362,1,1,0.1551608916079136,0.04144188940988953,3.8270598173000296,1.8824304928875741,0.2511144913196453,0.7446876578525221,-107.85532332541725
2565,1363,3,1,0.1700330715212024,0.04371636301836595,3.90547354297827,-2.2406150145159067,0.3017557948478832,0.5865793026120417,128.3777844921101
2566,1364,3,1,0.10616956585515026,0.06097355193828098,3.976126632584773,1.6886905569417576,0.17990589458804337,0.6977930176532063,-96.75484181102631
2567,1365,7,1,0.10656659649592183,0.024167475941705586,4.028503991498778,-2.430593574742433,0.21207188550932884,0.4628166939475287,139.2627536861293
2570,1366,9,1,0.1558563591976066,0.026767831504898816,3.745769323362689,-3.033763893273494,0.2245105561701082,0.8069348911576206,173.82186665656405
2573,1367,7,1,0.20525891425003304,0.07562143201791721,4.016819448119425,2.937072304448385,0.3347691268869892,1.1191978247544048,-168.28184659440115
2575,1368,9,1,0.1313200117159119,0.05315319940432562,3.8524861898065623,2.7712855644117544,0.2276157189566912,1.038379040502368,-158.78296630790888
2576,1369,4,2,8.866318529401545,0.5934583969745848,5.798235554764319,-2.6769448053805007,13.190733863333623,26.99922580718002,153.16014847676303
2577,1370,3,1,0.1670118155530222,0.07575113781203029,3.941332528057407,-2.189857389812899,0.3054381743833401,0.9013709271101813,125.4695857100406
2578,1371,6,2,8.839724450081892,0.6019148991738019,5.76494324805594,-1.9278931284158631,13.15183378758717,26.918341529497162,110.67564802338542
2579,1372,1,1,0.1402718976392467,0.035041571046279175,3.910547498256583,-0.06106161215544708,0.2070473932174911,0.8880838696458281,3.4985726466282245
2584,1373,9,1,0.13041739430883154,0.044561774095772715,3.9011831554304393,1.3820625302521954,0.22593946111076138,0.7400326989238676,-79.18634960367419
2586,1374,7,1,0.16676710641217415,0.0698025366034687,4.002572220222146,-1.866359080260717,0.24964732620174396,0.8090628305719009,106.934498669833
2587,1375,9,1,0.16022986953051774,0.0657679915933123,3.956153604965171,-2.42653999035408,0.2485737347032671,0.6284649509796354,139.03050043426936
2589,1376,3,1,0.12512312359985378,0.043772965778877494,3.943190325247282,2.6513046740283848,0.199195976164577,0.5571651683825616,-151.90856775119136
2590,1377,9,1,0.13957504783708602,0.06562054036829136,3.9621021938473655,2.1037327823376244,0.22381506081990687,0.6259714542441572,-120.53501003285403
2592,1378,3,1,0.1368857005978651,0.0628065693101433,3.9418235429784163,-0.5534391837379925,0.24592432855331003,0.7768386678640606,31.709729907075804
2598,1379,2,2,8.992636412699213,0.6206860270542831,5.791922025515471,1.9976092893496193,13.375417427731973,27.308457318350314,-114.68165872138682
2599,1380,8,2,8.832558614836405,0.6068427875765497,5.860158372271333,2.289305525871833,13.141350162590689,26.862393824432854,-131.3825209944354
2600,1381,4,2,8.91472804052518,0.6010237645449197,5.833545304896624,-2.495269554799747,13.26152808660256,27.10062185663735,143.18954561864456
2603,1382,7,1,0.14402558589673675,0.03329869118021322,3.9089860778706282,0.1812899204790971,0.22363476308493996,0.8732725177011428,-10.387147845269894
2607,1383,7,1,0.09378367262948777,0.0407084272734952,3.98418511068403,3.0375177422055706,0.15042192313745556,0.4769638075512528,-174.03694678191235
2609,1384,7,1,0.13955788596528534,0.05316346210228719,3.9426591878711164,1.6885765158348724,0.2222461417229826,0.8932926442979103,-96.74830779869225
2610,1385,9,1,0.16343058971004584,0.11871596318072719,4.088363755509656,-0.9588631157838455,0.2893558916000094,1.160930562671329,54.938810302744685
2611,1386,3,1,0.10618999431944047,0.04685635098356846,3.8706324717944467,2.584018669741406,0.1830591299281111,0.8336702801375895,-148.05336402002672
2612,1387,7,1,0.16888557621570638,0.048935006495271494,3.863181852569916,0.7905148200411679,0.2804319625163628,0.6845783159823444,-45.29316231557325
2613,1388,4,2,8.923623751982738,0.6058584045826927,5.751760135778849,-2.9408590028665267,13.274534356413318,27.06334213943856,168.27700415656952
2614,1389,3,1,0.16979234415246283,0.10818301370949222,4.089738035156909,-2.47664192359963,0.28229791963147005,0.9129552020117595,141.90112915492597
2615,1390,7,1,0.1450561863356465,0.04753559407465927,3.9531411842553625,0.05601617435769748,0.19200262237713978,0.6956915820663113,-3.2094902586278655
2620,1391,3,1,0.12920571542613535,0.03878485476085302,4.009490918696755,-2.731269425561325,0.22002808207669014,0.622331008472736,156.49021023441267
2621,1392,7,1,0.12587098309432534,0.056852556525772306,3.9647470181097946,1.5294625342540202,0.19378809175360112,0.6887526060124027,-87.63174791939102
2622,1393,3,1,0.1811405875796859,0.0814788737878473,4.01787303032558,-2.634358994019958,0.27738027517682035,0.6674966036632545,150.9376513431211
2625,1394,3,1,0.1736574153879542,0.043272211556267405,3.901702196152057,1.8246887349367946,0.26997244501007056,0.8516447699676689,-104.54696440761815
2626,1395,1,1,0.1607705498338111,0.043637024659561444,3.8661540924349906,2.843782908266011,0.2418739082793696,0.8088578485990212,-162.93675763511123
2630,1396,1,1,0.13373151356587745,0.049455161677869716,3.7971928153461105,2.656417038322855,0.21988263415448844,0.6250229174930796,-152.2014844866202
2632,1397,1,1,0.15383995025794558,0.08437352364916649,3.856715699348426,-2.6154834599939862,0.2645051126462375,0.632444688072606,149.85616270182413
2633,1398,7,1,0.16990815317735133,0.10251191565149266,3.990654815827619,1.782160065213139,0.3000971570854486,0.9429076588709716,-102.11025109212031
2634,1399,1,1,0.14940865441999293,0.06416760255453118,3.958879741429405,0.622143276708063,0.24444044432620832,0.5801986351895895,-35.646184174517835
2635,1400,4,2,8.864426103900906,0.6123916076676876,6.116837877295337,0.9479477059990415,13.187966084472581,26.904190874947677,-54.53075211428807
2636,1401,3,1,0.12503504109606353,0.06058747203097455,3.9858196285189678,-0.6744322263720711,0.20485613970553462,0.4742843336227522,38.64212006113422
2637,1402,6,2,9.12923133651693,0.6262754506205138,5.855312315653384,-2.3510131228605666,13.574966868875329,28.01516215057348,134.46536526884827
2640,1403,4,2,8.95011473164058,0.612321710619624,5.979826802633365,0.17288698435650182,13.313265078944113,27.171243012621257,-10.129513259925105
2643,1404,7,1,0.16853100813183913,0.05921907636810584,3.8722183865995943,-0.7547042622852405,0.2932900901224056,0.6391143401637582,43.24136946895761
2645,1405,9,1,0.21933485746924894,0.0707361057829934,3.8120072289052715,2.4909219181371194,0.3683082410131815,1.0287090992455923,-142.71931225045333
2646,1406,1,1,0.12938078887264237,0.04034803647555712,3.9293009274155146,-0.37705359132716537,0.1980523358837222,0.6071635829281918,21.60357991156387
2647,1407,1,1,0.1858734271618293,0.06277689789874032,3.8619112607896624,1.6718836414933422,0.28687998057433345,1.0618972807875273,-95.79187726936141
2649,1408,1,1,0.10972187612002715,0.05690002812308956,3.9381934868935424,-0.606735643399028,0.20143536414612298,0.7120533575216746,34.763391932447576
2651,1409,4,2,8.881044246438083,0.6103858185744813,5.88130185892111,2.187698004416717,13.212270141114333,26.934263291070955,-125.56445639110058
2655,1410,7,1,0.17601602607896102,0.050522233589920196,4.050502571390925,0.12609444209676438,0.2167542982817179,0.8604155324437703,-7.2246794552980695
2657,1411,3,1,0.15688100743258282,0.08789228914174275,3.980471508051358,-0.12370393462236358,0.29556108295997235,0.8397660004257622,7.08771406098095
2659,1412,1,1,0.10564136511733534,0.030599015338576036,3.997985975532886,2.10616972691482,0.19949824472834463,0.8231546037001711,-120.67463639371047
2660,1413,3,1,0.1384958008951714,0.04858949894316413,3.8924418045655274,-1.9273885071648977,0.22833165605706982,0.7637410524141414,110.4312275695473
2662,1414,4,2,8.964873013023658,0.593995920040204,5.798045933227787,-1.7025372319208503,13.334837676288243,27.21812991996868,97.32325180735572
2663,1415,3,1,0.12304032953659995,0.040821902874104685,4.103333376422176,1.6098684175333138,0.1727913862842151,0.6616813727709857,-92.2386659877493
2665,1416,9,1,0.18291453889383485,0.033691733560880635,3.92896259049384,2.9137947725314155,0.2879676947318378,0.9468547269189478,-166.94814235972376
2666,1417,9,1,0.14671817718345923,0.054382074749090605,3.8701936019737735,-1.333124265104688,0.21644332570621722,0.8084787942396551,76.38239393188647
2667,1418,1,1,0.11481101987671882,0.05000100279453011,3.992014568381672,-0.8478152913810144,0.19467026086431743,0.44953289747337793,48.57623805125261
2670,1419,1,1,0.15629927344919958,0.024277965600313423,3.9140388262838073,-2.3680403274044783,0.2950857674092173,0.5723930369610344,135.67871579422908
2671,1420,4,2,8.89204570943888,0.6038222470416901,5.8441889492473305,-1.4893715734805664,13.22835882867393,26.965527000664505,85.55412574328959
2672,1421,1,1,0.11872090989441003,0.05575928234839804,4.002702346932782,-1.2423374366437436,0.21400264478715775,0.9682880856405844,71.1806916173969
2675,1422,1,1,0.1276974815499249,0.07743123280622927,4.019291286182107,-2.6752556990750165,0.248172665203069,0.8580650698541714,153.28086015676516
2677,1423,2,2,8.89011078164607,0.6046366153495271,5.8545345958299775,-1.9674340845030505,13.225529164961364,26.962670012119418,112.50639459108292
2680,1424,7,1,0.11703622607449253,0.03228469079079216,3.9594004871303112,0.2581417188778761,0.19929441853466265,0.5846719019195791,-14.790431259996923
2681,1425,9,1,0.13640119706253875,0.04298337631221114,3.971169555941478,-0.1306248308520745,0.16721394638359588,0.6871766865804909,7.4842515623101855
2683,1426,7,1,0.13819129664888724,0.071089476519238,4.074157824920228,-0.5083970429350545,0.24126736151341227,0.708822415186592,29.129005129706336
2684,1427,9,1,0.1438815494617565,0.07743289788358697,3.782327914055709,-2.2957005998257114,0.2614160825743127,0.7249302857076075,131.53395569075929
2685,1428,8,2,8.991300459082717,0.6128358688943476,5.953162118647851,0.7005739624620907,13.37346419199108,27.346230741705888,-40.366905736741536
2687,1429,3,1,0.1441275152149004,0.05045492010534596,3.9327625814864007,2.994746807416242,0.21217461606019547,0.7220463961729235,-171.5863523951335
2688,1430,3,1,0.12487343504851996,0.05417132697143473,4.067960774730511,-0.17015798429982099,0.18169066024079106,0.551792642243919,9.749334566874873
2691,1431,4,2,8.603659630155404,0.6067950274642928,6.057845764100305,-0.921076029841653,12.806266180963416,26.12363795064368,52.575320859202996
2693,1432,2,2,9.220758585590804,0.6069886847419459,5.821756645370624,1.751974443258537,13.70858282030796,27.99447061881169,-100.62585557180172
2694,1433,7,1,0.16144346646180688,0.08556052613108074,4.02488549381616,-2.7889767007835955,0.2673733180725892,0.9391223929851193,159.79659317665002
2695,1434,7,1,0.16818348632428207,0.04999264270557327,3.8333845226670507,-1.691747157462362,0.23251675727962998,0.9878790866123303,96.92997229053337
2697,1435,1,1,0.1867734874454175,0.04310796222883272,3.9492938970352602,0.18657301341351964,0.30596262608767416,0.8755528102119093,-10.689847445857016
2698,1436,7,1,0.1513967971961816,0.05985291398382663,4.0428307420080625,-1.9759600284597165,0.26034671047646324,0.7545367522810025,113.21417047141657
2699,1437,7,1,0.139901235542862,0.038099080942869464,3.960379555180159,1.6882624596267821,0.23058620261354107,0.8326682684426973,-96.73031389984293
2700,1438,9,1,0.165947224687619,0.03707622994176753,3.8486322027754176,1.4665271660979153,0.21906097193240756,0.7409846409500892,-84.0258169519324
2701,1439,1,1,0.10960964811745923,0.043852870810953355,4.044565317369737,1.1437001890855545,0.17968638323486325,0.7280156156393025,-65.52919367814789
2704,1440,7,1,0.16271016187852516,0.07377391938349168,3.8768302010940965,1.3876898409635472,0.29147516608575175,0.7616649536574196,-79.50876984597022
2707,1441,3,1,0.12601652025660953,0.04561285493782813,3.9810606872943914,-0.06988360749901575,0.2060876873693264,0.6645515323031055,4.0040357119789
2709,1442,3,1,0.28741921057427244,0.10354703130559934,3.942966528598629,-2.200813487338461,0.4776017993160806,1.2162406364464904,126.09732881260837
2710,1443,9,1,0.20212997778432318,0.08098319508534249,4.003254495006179,1.0582380097962678,0.3031816517160578,0.9032461621147098,-60.632570328319495
2713,1444,3,1,0.2071502830147653,0.05911382268567936,3.964902714906178,2.994978433837976,0.28189164302896386,0.8446321653545379,-171.59962321986802
2715,1445,7,1,0.12893084601911298,0.027979031400711604,3.909499474146257,-1.4844986708094299,0.17311011272907897,0.554344599404796,85.05550838477713
2718,1446,9,1,0.115164502151259,0.03703926461035225,3.937087776553503,2.6463198148482032,0.22170107865811597,0.5110536381028894,-151.62295616556528
2721,1447,1,1,0.1996412701131284,0.09791291122821338,3.9179679786814807,-3.074745272537138,0.31231378582123226,1.209708834771732,176.16992767967656
2722,1448,1,1,0.13892606150794415,0.0654711868585175,3.8678567178752723,0.21462141447327995,0.23004609456259956,0.8508037829465169,-12.29690188769398
2723,1449,9,1,0.14918567587255366,0.0320729080288685,3.9859654489888285,-1.3893119730999361,0.26730570701042244,1.0820309601845435,79.6017124761844
2724,1450,7,1,0.08007570448358375,0.057128431917333404,3.834582912184936,-2.7263855947269566,0.15111066020314043,0.3357747588277904,156.21038780524435
2725,1451,6,2,8.893907345590145,0.6348305170682573,6.07590945139005,0.26689921168917785,13.231083576153587,27.029630028173383,-15.072637882657897
2726,1452,8,2,8.98371548815262,0.5999608757842274,5.87904165722346,-1.774588471746005,13.36237889308223,27.26823562066549,101.90282079909369
2727,1453,3,1,0.20626537137839895,0.0712475572423915,3.913442309570441,-1.568079222081114,0.31458980009915105,1.0772648975525232,89.8443218991303
2729,1454,6,2,8.845798707656712,0.6160571620062473,6.022825453007954,-0.27771593409042256,13.16071868693138,26.828906196482023,16.127911035631172
2731,1455,3,1,0.13098437546963662,0.0744422352289834,3.856734407267085,-0.42850240475604523,0.23854303842211305,0.7603871514415712,24.55138000778984
2732,1456,1,1,0.12945843018215286,0.04786732213010551,3.984781130217425,-2.046404174237986,0.2139496347613186,0.6528023955923491,117.25032248905248
2735,1457,7,1,0.13209144825209762,0.04282757549450558,3.886316387558702,-2.2017137272942446,0.2516023944557829,0.5776486479647386,126.14890446066325
2737,1458,1,1,0.1921362525195172,0.037454497486788405,4.0287530473493,-1.4433679947784563,0.29651797678677605,1.0137633492768308,82.69889313947266
2738,1459,1,1,0.15178741274926846,0.061024924425702134,3.9410529677272508,0.989079142899104,0.26490665300961036,0.6685962549105785,-56.67005995388224
2739,1460,9,1,0.14176583687765054,0.06164608190591658,3.7766758247052423,2.9243154976243244,0.2381494176550136,0.6071738235414613,-167.55093574021248
2743,1461,6,2,8.685360253313162,0.6088731942074479,5.716851649173894,-1.9201513837521993,12.925918392401936,26.360605834356043,110.22081459235082
2744,1462,9,1,0.170375586238078,0.07686687464234104,3.947266021848408,0.9201889732698036,0.2717226441756658,0.6731404410015793,-52.72294431896849
2747,1463,1,1,0.1512401827376885,0.04485134909660987,3.9584784006222273,-2.786606200482288,0.2514689496979234,0.7275175261932656,159.6607738978251
2748,1464,6,2,8.684745867113744,0.6445105965007646,6.02618759928238,-1.839339878961472,12.925019174280182,26.418970973366026,105.18221191429132
2751,1465,3,1,0.13511871596618222,0.03863475068572564,3.9758711847174277,0.5211686352069084,0.2217701619461189,0.6483857696113399,-29.860763262669472
2753,1466,7,1,0.1159666364895224,0.04606886203742156,4.018584511406532,0.3627896274617406,0.1994079454327139,0.596523431925581,-20.78631460645062
2755,1467,7,1,0.15221916477172728,0.07363829259422554,4.083842370154277,0.4428287992875054,0.23536768569565544,0.5818546352250293,-25.372221775527834
2758,1468,3,1,0.15598608101447273,0.05951972396590062,3.8164188565221524,0.9206239483809496,0.3055735330077278,1.0357369316803877,-52.74786613244021
2759,1469,7,1,0.1603340144334984,0.07383756368283789,4.16155105013784,2.6784545744957975,0.2786699289337881,0.7128984744309403,-153.4641420944079
2760,1470,1,1,0.17309736764336756,0.05860405057134375,3.865078098915899,-1.0132736726045768,0.2935790308474307,1.0028319867026134,58.05630572009073
2764,1471,6,2,8.948458954225076,0.616388712975496,6.0390708253667436,-0.213301732611239,13.31084514797587,27.157462597279284,12.444981538383436
2766,1472,9,1,0.1490474814326756,0.04293384928556169,3.9661943582663803,-1.5640148024614864,0.24152624899008404,0.7841947866298553,89.61144694351316
2769,1473,3,1,0.1400273073420713,0.019488637878851932,3.9508376190839685,3.069786824783372,0.21494662478553864,0.7017413979461886,-175.88582862957915
2770,1474,7,1,0.224306661692379,0.06069081982715788,3.736405118306938,-0.632467698640006,0.4170721958522172,0.8074731881988931,36.23773174688769
2776,1475,2,2,9.036864164645896,0.6030366352334944,5.963934051380518,-2.825054953452371,13.440047191997268,27.459817074828766,162.09422658383698
2778,1476,7,1,0.11967970281340011,0.06700122303092317,4.076791212688691,-0.4441734854716622,0.21208928898629878,0.6892962368133141,25.449266342024067
2780,1477,1,1,0.13067257449689595,0.057090510258807015,3.844686811363547,-0.2808844991587758,0.21562978438465286,0.6470649117516413,16.093496836842185
2782,1478,6,2,8.784151216741162,0.5986376536262983,5.81339349949976,-3.0820220069345483,13.07052572938995,26.6613360880157,176.79825895017058
2786,1479,9,1,0.1710680396850696,0.04430481605456157,3.9564827927936506,1.8089952924357295,0.2524190864305973,0.7292277067329798,-103.64779618320792
2789,1480,7,1,0.1588355134339342,0.06251638821405038,3.8218687468992103,-0.3674462069222154,0.2659953319839345,0.7982248625196388,21.053117953152505
2791,1481,4,2,9.244998074153116,0.6187007005998874,5.949896865367949,1.0796542646694145,13.743955233351176,28.18450729993806,-62.10671912037503
2795,1482,7,1,0.18370907471331935,0.07405067819208179,3.951058290543841,-0.5851458995718845,0.2556774246370433,0.741965019867406,33.52639069202608
2796,1483,7,1,0.151364765324015,0.04919207066916497,3.900822333616427,-0.08805821850053892,0.22228047994424402,0.6650434675504396,5.045364638608576
2797,1484,3,1,0.17741377951077786,0.06569664347953101,4.154523643726555,1.1484269950232748,0.3319816665891649,1.401798731778255,-65.80002051039128
2798,1485,9,1,0.121066994732651,0.057181574209157864,4.106864981023581,-2.8532458447150235,0.21609977583260082,0.5260571747909186,163.47894436477387
2800,1486,7,1,0.14647328218937963,0.04804483040984057,4.040586912581325,-1.889415654294644,0.240707854571731,0.6756720766669086,108.25554365306057
2801,1487,7,1,0.15715335351606186,0.0745310163355452,4.048700493524725,-2.1908070375075686,0.28163773168170975,0.7931130272332277,125.52399707456226
2802,1488,9,1,0.1776815534045495,0.07393566837668769,3.875015426574619,-1.106108657559361,0.30735157782240524,0.8666527752568857,63.37535690577864
2804,1489,8,2,8.70123337858713,0.5945084569633093,5.690205526336202,-1.9496934449872794,12.949164790727394,26.49407314830273,111.91458940697092
2805,1490,9,1,0.16090979139184428,0.061566377983318564,3.83385573889989,-1.2934147504487288,0.24367340184361655,0.7332044051754818,74.10720549092443
2808,1491,1,1,0.15230952268849635,0.05622789449477726,4.010714194401574,-1.3071338747136563,0.23030657478459027,0.7507995708200474,74.89325354218857
2810,1492,3,1,0.20905154418163963,0.03200155242929164,3.9871082709341676,0.2496733253717904,0.2778134661963038,0.9861755889130933,-14.305228262565201
2811,1493,7,1,0.17435570189021515,0.06310497700298176,3.826085541186387,-0.4079840724250497,0.30502906556353426,0.7268759129753678,23.375766262789107
2812,1494,7,1,0.1829801530855315,0.07369647612401538,3.9929976335638004,-1.3944012964696495,0.29103030324697626,0.8222476603898832,79.89330823515787
2813,1495,9,1,0.13621242514345497,0.04946488366928343,3.936289434533895,0.8390382281694599,0.24650278913769716,0.5559117543760635,-48.07334888542922
2815,1496,9,1,0.16645131807767014,0.04986899654817176,3.836023328933879,0.06315201003137554,0.2312922689578732,0.7858912747043586,-3.6183437133961394
2816,1497,3,1,0.18510425592338894,0.0913912522611871,3.903354023774998,-2.3849792219504167,0.30818295407760665,0.8971531609003527,136.6492432651615
2817,1498,9,1,0.1405344298976345,0.05613616014910202,4.122624895668041,2.6335373495652354,0.2716005025341488,1.075621775507215,-150.89057490295852
2819,1499,7,1,0.16183229204560953,0.07103556184295069,3.931799708379156,2.0604962215895823,0.2495604298445073,0.6287213241114658,-118.05773706372091
2820,1500,8,2,8.951984492639847,0.597150643694795,5.735551986305388,0.32147061980275854,13.315996341958236,27.143040663298695,-18.64287108382229
2822,1501,9,1,0.18323421791967437,0.07210543615047164,4.0615369792445595,-0.21944757576294752,0.28151004522164197,1.0429519333779453,12.573420286463062
2823,1502,6,2,8.979689507846512,0.6016517169340125,5.772418246609665,-1.2924344643991243,13.35649506406098,27.27983405724706,74.27712183942876
2824,1503,7,1,0.11727175032899202,0.041241894898412595,3.8329387999210347,0.24188076066976677,0.21231565366986663,0.6320349398911298,-13.858747008484672
2826,1504,9,1,0.14870351979219232,0.03769571019113071,3.8240111402436154,-1.8494596668496017,0.22316152279395,0.6958345652962656,105.96623376318695
2830,1505,9,1,0.1924573621109086,0.04735512431232566,3.896638543442568,1.8310718605372662,0.30186131954281453,1.1599585548242062,-104.91269028814712
2834,1506,7,1,0.2342537565605656,0.07144985660876842,3.8085980934478583,-2.5947784498819373,0.42063204582610625,0.8398368848116734,148.6698516004821
2835,1507,7,1,0.21540108428866622,0.11840359171251019,4.060512564730506,-1.5719324688927079,0.35041198361831555,1.2928596890538167,90.06509848394187
2842,1508,1,1,0.1693474576290261,0.057612385336199154,3.9869282572193305,-0.4339163450105103,0.28003757132957496,0.8412907967790775,24.86157598241073
2843,1509,3,1,0.1558270343960412,0.020008321215017784,3.899896239320359,1.9424235611197238,0.26255612875204515,0.7742250635505276,-111.29267132036581
2847,1510,3,1,0.2482277339983742,0.12972337764444544,4.139801434433458,-0.21092145568716295,0.40848782466381434,1.6546306503726695,12.084910451473032
2850,1511,1,1,0.1951838010934349,0.0673003917793173,3.9899308996907026,-0.5822798057656647,0.3255745704487073,0.8286265265572699,33.36217609834631
2854,1512,1,1,0.09093270473250328,0.05741182418016442,4.088589754387092,-1.538890747695693,0.1357975078122869,0.45712944581471693,88.17194494589498
2856,1513,7,1,0.1721601218366704,0.031132814372867197,3.917007116170275,1.816904074167185,0.2891105361755754,0.8849391014984808,-104.10093571651572
2861,1514,9,1,0.15160083731868082,0.0747725862374826,3.934255912073181,-2.2265278118756973,0.28701348183658876,1.091054111764771,127.57064700669474
2862,1515,9,1,0.20127436450565847,0.08773192260993115,3.920545317813672,2.855179872751317,0.2978261105739229,0.9400785949931789,-163.58975524748774
2867,1516,1,1,0.1675616505853314,0.08216346852189312,3.829962380582363,0.23497560444380447,0.27350298280972657,0.9087061574471718,-13.46311159691277
2869,1517,3,1,0.14607759299092887,0.050273766525768926,3.9991784920236126,-1.4115651855576785,0.18766715915611723,0.6979934265925686,80.87672752673096
2871,1518,6,2,8.861534905724435,0.6107329452210575,5.906035481037128,-0.5179457075801593,13.18373617078307,26.933310735436468,29.458969737205237
2872,1519,7,1,0.14940367767706786,0.057839871428491896,3.7852284175218514,1.4845573543519375,0.23118969151411314,0.9186822593525413,-85.05887050903411
2873,1520,1,1,0.14743970254413405,0.07641590076040275,3.9741525049398305,1.8999781918885605,0.25036402241154865,0.6337235474960139,-108.86073205568603
2875,1521,4,2,8.906913074533236,0.6037530271755687,6.087235093706806,-1.895911672241437,13.250099804252157,27.084435250764002,108.40719630946137
2877,1522,3,1,0.15726801671167007,0.061471660031788944,3.9070596338710653,2.0834649725518366,0.2691500670461968,0.6113721064136936,-119.37375019749581
2884,1523,3,1,0.21703220945941065,0.08038091331370661,3.8887509552927346,1.3150214849467,0.343866035568184,1.027739782895561,-75.34517848918536
2885,1524,9,1,0.12976678745088038,0.03956663526662537,3.9062836099842984,-0.15152789798289215,0.18575856056033113,0.6329369351785697,8.681909232043392
2887,1525,1,1,0.18034594902287812,0.056429851891165846,4.158873671499974,-1.7942484582968805,0.2986971253748492,0.9570578866097517,102.80286475584599
2888,1526,7,1,0.19430470357694582,0.04404875051309991,3.9225709073018633,-0.763367378153056,0.37303327517705587,1.3326380929303994,43.73772904218693
2890,1527,3,1,0.14121115813747917,0.040565532995563806,4.0135555075031295,-0.1528614201859526,0.23693889995509518,0.871553398246005,8.758314653687036
2891,1528,3,1,0.12950110190009895,0.07487408562292464,4.0622015083183225,-2.512652685453548,0.23736677985788157,0.6584888577143898,143.9643938261732
2893,1529,3,1,0.1580476431771117,0.07833824056543374,3.8977005749485967,-2.126500730480133,0.2359332279846374,0.7169152724025455,121.83951756689075
2896,1530,7,1,0.10051673543905307,0.05957626769845584,3.9932091034247166,-1.3282447112665994,0.18454145131713093,0.6292320032818265,76.10281605357875
2901,1531,1,1,0.1766226183625219,0.05843332555967259,3.893290329234456,1.8594375444541689,0.30261270235375826,1.1929953393857438,-106.53792388133783
2903,1532,3,1,0.17603235214165175,0.06286593398476494,3.921010368568011,-0.15539687510413713,0.28151962636353867,0.9040402769540039,8.903586277372826
2904,1533,9,1,0.130101263132828,0.06970339707467592,3.9730096336312797,-2.9665632817013634,0.23289033780422977,0.935115764456892,169.9715556585806
2905,1534,7,1,0.15470165921551873,0.056527378793217106,3.785653839978965,-1.1634273749067132,0.26406945455351977,0.9577711336302994,66.65947751116664
2908,1535,9,1,0.11339176476530613,0.03423226767262709,4.078734438301935,-1.001616205455099,0.2240859505890942,0.6095518499536406,57.38838099925734
2909,1536,2,2,8.867468974077056,0.6115264244483688,5.781869159717475,1.644000186752624,13.192415010057912,26.939586313676596,-94.41184908916017
2912,1537,1,1,0.2214593489918975,0.06688359145138772,3.9208903299796702,1.1883449083526372,0.3583128028771281,0.9966555351982784,-68.08714653348784
2914,1538,8,2,8.737627415918382,0.5991210436089857,5.548799229406759,2.3147368389652057,13.002435783383264,26.582955054392272,-132.4166394157865
2916,1539,7,1,0.11128541842799199,0.02227555654234071,3.937290185549494,0.02643772026849081,0.1773642179343596,0.6055014025906011,-1.5147696976874134
2918,1540,3,1,0.16051631932524735,0.05408361143718259,3.973980421150016,-1.4666518053563085,0.255353766278757,0.9027410052057345,84.03295846519755
2920,1541,7,1,0.1480912715528676,0.0886162041444084,3.866881774254435,-3.0279310355520566,0.2116675166014762,0.671341004441651,173.48766878825447
2926,1542,9,1,0.12179866608146524,0.054414683140791835,3.9086385841837603,2.53373685613794,0.2283509036348499,0.75407463431912,-145.17242820014386
2931,1543,4,2,9.144678589967592,0.5973577947886934,5.893696521679514,2.535836445941812,13.597521239275768,27.795605264119036,-145.53171981746883
2932,1544,9,1,0.12756909269726324,0.053484176869941676,3.8983746163854827,1.7911082896132864,0.2067859489650446,0.5376406035080865,-102.6229460780747
2933,1545,3,1,0.2420583079123769,0.038700686510952306,3.9027407027740124,0.0990150308422665,0.29853620434711875,1.0743344453396877,-5.673143772653321
2934,1546,3,1,0.12024568917381316,0.10788727433308348,3.93174584910694,2.9448691573107286,0.21311439011808905,0.735885702033981,-168.72857361930167
2935,1547,9,1,0.1256656401685107,0.05307300523063788,3.746657353307684,-1.5199624518559014,0.20709471005900673,0.8592869907626031,87.08743394067749
2936,1548,3,1,0.11886754319703252,0.08151238723937557,4.082572576095809,1.0011913302308764,0.1722824335666708,0.5598676196587402,-57.36403766920803
2938,1549,8,2,8.991390053380805,0.5976037383487316,5.835720366632707,2.9283910997694758,13.373595563002176,27.431471690643903,-168.01143211954832
2939,1550,3,1,0.21314621583445756,0.08633363728254802,4.016654450922083,1.038521297240897,0.3345668001811778,0.9587129539876446,-59.50288710214793
2940,1551,3,1,0.23167259941131216,0.08389111242329385,3.925708824192049,2.1101699369624587,0.38167590864050255,1.107622607921928,-120.90383400243928
2942,1552,7,1,0.15353769092675348,0.03359678464087247,3.826753743879242,-0.06358165255921326,0.2401796481487986,0.8549667443499528,3.642960982848068
2943,1553,9,1,0.15511111258531843,0.06660117489318432,3.977764494394554,1.1998392509069071,0.2612437536331967,0.7338076771753529,-68.74572420167783
2947,1554,7,1,0.1923832246125937,0.07282474994721838,4.094172506440877,0.3430033741099183,0.33526406768618033,1.0446829296491853,-19.652646230079196
2950,1555,3,1,0.18014501109484932,0.06603210511310957,3.8862220322118817,2.634791360504537,0.33734407820489276,0.7572161777795599,-150.96242329242065
2951,1556,6,2,8.695131889969776,0.6189035373912055,5.8798185581318165,1.4851122219051496,12.940225953210806,26.412684737906392,-84.88571729429334
2952,1557,8,2,8.899887926741762,0.6128641749244359,5.972465110224315,0.11310479214898488,13.239826731751563,26.988203570555168,-6.700438198815051
2954,1558,4,2,8.973476968774015,0.6018803965613251,5.921510283014765,2.2962408019496894,13.347413366205485,27.266554438278366,-131.79051177382414
2958,1559,1,1,0.190402264612829,0.04597819447387279,3.8718973442203195,0.23820774305303105,0.26503807491410547,0.9615862793702048,-13.648298733332469
2959,1560,1,1,0.1301587090440483,0.05787936464344803,3.7872699349886054,-2.990540905009648,0.1970040406705977,0.6678101047364301,171.34537189295128
2960,1561,1,1,0.1456316926568959,0.037951181547495466,4.078771621630802,-2.7014938486649736,0.24997847353736619,0.7405832724914471,154.78419582409623
2966,1562,3,1,0.12392233922088926,0.03505132500464808,4.075954404380606,1.8667594139962076,0.18649146915568865,0.5228571074977663,-106.95743610006517
2967,1563,9,1,0.1285167250623457,0.04644726918908603,3.8344711217115504,1.9188627134196823,0.22127761283946626,0.6709644918534352,-109.94273542882122
2968,1564,7,1,0.16397619593300622,0.04860469421944243,3.9801130068837898,3.1359908667495735,0.2730224192903011,0.9989875884124805,-179.67904082999087
2969,1565,1,1,0.11621709886700633,0.06488724967775511,3.877805102076173,-3.126055445227983,0.205286153142006,0.5273976778459765,179.1097834112091
2971,1566,3,1,0.1830280456439449,0.05111203908257767,3.749043135839109,-0.2259225257804226,0.2773157848023248,0.9410229567946642,12.944407644983237
2972,1567,9,1,0.1861106176555246,0.06922040451584485,3.844854998818653,2.5506087639249286,0.3152707668568257,0.7415373157246823,-146.13911605604824
2973,1568,3,1,0.12608347505583586,0.03998166482560963,3.840780291540098,0.3775357031835604,0.21150506826413057,0.7443024849052349,-21.631202828921232
2974,1569,2,2,8.79292286060848,0.6064573500792236,5.672545133139872,1.106008596509947,13.083360280140344,26.677490424265955,-63.15757506986598
2977,1570,1,1,0.12680742043544233,0.05552991439088623,3.910041855418876,1.6577383054639578,0.20891834683363747,0.5393981292244261,-94.9814084355618
2980,1571,3,1,0.2100336282910699,0.07019969738418455,3.860701742327683,-1.8170661711224243,0.36169059016561195,1.222951027518963,104.11022497265107
2982,1572,1,1,0.16624009102700982,0.059348496302911946,3.846778724936611,-0.7872989928508778,0.2899765469101106,0.7264449484237189,45.10890943281678
2983,1573,3,1,0.13336349616638019,0.0254190393974542,4.053949420077066,-1.3752288646617254,0.19688275698123375,0.6501240880757975,78.79480974375862
2988,1574,1,1,0.19112252787890957,0.08555044537246427,4.102931831890632,-1.8823576865090972,0.32727944274239906,0.9368092179761047,107.85115302407779
2989,1575,1,1,0.13640968244564428,0.06300525283155264,3.973743203913158,-2.6825387710816204,0.22991412399317884,0.8776505761126899,153.69815008226206
2992,1576,7,1,0.1855393017093138,0.04293291117829107,4.083135461010707,0.5464086896244985,0.31409361647964906,0.9313882571285952,-31.30691137796738
2995,1577,9,1,0.150756681110506,0.06363102817020122,4.090175434806683,0.4485878665571325,0.23572874290794557,0.5815356207521329,-25.702192144997902
2997,1578,9,1,0.30886158733678026,0.08582763336744073,4.033750990080921,2.617441118393537,0.577736422842151,1.1440470773293632,-149.96832509404243
3000,1579,9,1,0.23222601151439004,0.0735061171840312,3.7423472742538957,1.6248370765262359,0.32428205234295354,1.0267784551256651,-93.0963076720184
3003,1580,3,1,0.14605644465358023,0.04043371830462837,3.8200338742063282,2.304456848324869,0.22869813616213386,0.55128878471039,-132.0356513114695
3006,1581,3,1,0.12810262886799378,0.05689892282849283,3.9976009257511507,0.9704044128129966,0.2126049659303301,0.5481014486492293,-55.60007707475318
3009,1582,8,2,8.909947275396044,0.6126241827036168,5.868388369426026,-2.1907437893565826,13.25453553019009,27.17734571332689,125.29960311089897
3011,1583,3,1,0.17119580270125603,0.046140905063090355,3.7154068908491915,-2.401449741224848,0.30819381617313973,0.5886120683750523,137.59293530745524
3012,1584,1,1,0.13967616137094827,0.06672457924987038,3.8879194330684257,-1.9449405544453073,0.24157440669387592,0.7325770409448752,111.43688589777831
3015,1585,2,2,8.761296634354286,0.6221841100587874,5.669124368759175,-2.5649599491991077,13.037078570651026,26.58310378959049,146.75164580883182
3016,1586,1,1,0.10886188344540303,0.07850081033402388,3.838664234904962,2.200215510597209,0.17335467976754432,0.6199757393173811,-126.0630628179613
3019,1587,3,1,0.16193244168489224,0.05423198020820273,3.8813562691504138,-1.4796859964675568,0.21630487796906392,0.6971691062420109,84.77976226109536
3022,1588,7,1,0.14512052614287932,0.05437365375886091,3.901413141744604,-0.3423015117551184,0.2035328038671237,0.6896178495332365,19.612432177338977
3023,1589,6,2,9.024812295009239,0.6154882938342408,6.131981872664758,-1.6639210899757442,13.422437085447315,27.444646487433502,95.56522039528973
3026,1590,9,1,0.17291486920861193,0.053352955855007024,3.8132520328415254,2.934749317217399,0.279317182670959,0.9749595498728995,-168.14874967021257
3031,1591,7,1,0.17447744725752196,0.05759265550675428,3.889042613311409,0.4666128844868804,0.26811728638143456,0.9055514181218292,-26.734949843555775
3032,1592,4,2,8.760070311755129,0.6051524252330153,5.61635666447919,-2.760522383121894,13.0352846673211,26.657222644276672,158.37592625593925
3033,1593,3,1,0.15516966327810625,0.06185596838096553,3.888572356833346,3.1288389702673096,0.23928034936819406,0.7898623576582242,-179.2692679842929
3034,1594,7,1,0.13395595662143903,0.055709026396449146,4.080191832206642,-0.004467000642908997,0.19413568477866236,0.737918677934388,0.25594024781209773
3035,1595,3,1,0.14552440417443355,0.04786311012893973,3.707617071199304,0.13543618029229643,0.20209428739522847,0.8478541919971492,-7.759921575214438
3036,1596,6,2,8.881080586144858,0.6055059986824375,5.783276434742417,1.8253651542302691,13.21232261664154,26.928099409667613,-104.80431602285586
3037,1597,4,2,9.322019262564572,0.6040313172905066,5.933120671385458,-0.029126769092307478,13.856319693877992,28.34290443455395,1.4154158023300323
3038,1598,2,2,8.822515352618717,0.6027468071488359,5.6697385159271825,0.157014411794448,13.126659119461586,26.803267914141347,-9.21049528018014
3039,1599,9,1,0.19263829142323904,0.12090416520622638,4.049021120965921,1.8843062027224873,0.29839383419886517,0.7657022435252433,-107.96279310117838
3040,1600,8,2,8.930613661103958,0.5905816767267504,5.633355681331942,1.482293337944241,13.28475613912111,27.127169146771152,-84.70681727428868
3041,1601,9,1,0.11937181841711693,0.043586445477422624,3.9047922227672927,0.935855304309245,0.20380385127756595,0.4735753158355656,-53.620558934688496
3043,1602,1,1,0.13879187699234635,0.047554992789610104,3.9602295303826027,0.8033044234467343,0.2839979141990884,0.6537856606925552,-46.025952447496195
3046,1603,9,1,0.1576949991839009,0.020324512654785364,3.8733494285335146,0.7399769647676424,0.2942498118384415,0.6488928805194771,-42.39755708067807
3047,1604,7,1,0.18142574160677608,0.02681563383874882,3.975997323577044,2.1956800849352467,0.33705023372549364,1.104082145258086,-125.8032019894143
3050,1605,9,1,0.18192125563377146,0.05744996331407005,4.046125346039681,-2.7112665684532136,0.285101170005145,0.7851791050396222,155.344131623865
3051,1606,9,1,0.18726055176621367,0.0553717360348833,3.8154632339807932,-1.3409809080910977,0.2812730215756815,0.8011930089903069,76.832545007756
3052,1607,1,1,0.14671368450407055,0.03247763265964221,3.9149590518990314,2.8337554062416728,0.2501321086064216,0.6216491288782826,-162.3622244399771
3055,1608,1,1,0.19178538916692178,0.047699187522479224,4.023965462115665,-0.18559773500919155,0.30877976920296,0.9725304476481256,10.633968197401392
3057,1609,1,1,0.10988464590814699,0.08073714087103104,4.052324402721186,1.576234347973961,0.17133404442029881,0.5629831653625004,-90.31157564591545
3058,1610,1,1,0.17493336709894605,0.04859432403806963,4.016000261852953,-2.902612909524536,0.28814712456602565,1.0101300561941606,166.30746857820566
3059,1611,8,2,8.843748455588388,0.6212286776210749,5.831260760466211,-2.646160225927637,13.157718997158696,27.016792394393146,151.3980052759373
3061,1612,9,1,0.15891849259499938,0.025686684100629752,3.881408245576426,2.012670225863015,0.31690608286763877,0.6291703109434039,-115.31751014937052
3062,1613,3,1,0.2631870061307408,0.07175253766495353,4.131821094820923,-0.6848886977454417,0.4524055467617756,1.1548596996420013,39.24123417630603
3064,1614,3,1,0.1728737232627056,0.05843561075587978,3.8726276081019946,1.9370815611539847,0.287426235152324,0.8306194961087247,-110.98659883308127
3065,1615,9,1,0.1550449172260701,0.06731356486820156,4.020917188742189,-1.6363250757044387,0.25629623737421137,0.7753115596512143,93.75452085460505
3067,1616,2,2,9.013653169387522,0.6025983366426247,5.9835005746145,2.79174841900946,13.406130212159262,27.369828753984606,-159.72670207109852
3069,1617,9,1,0.1665217090068502,0.07097784934724576,3.98482305110101,-0.9348911387346098,0.2940053197689899,0.6751529404524689,53.56531586106088
3070,1618,2,2,8.932302089504173,0.6249919676481056,5.9092329036367,0.5033630624421651,13.287221937862384,27.160376455072495,-29.063042264499092
3071,1619,3,1,0.13034719750060864,0.060665963525024,4.020597311101005,0.22000323659339124,0.2301025893998128,0.6627727709962492,-12.605257410335954
3073,1620,7,1,0.1708119647832287,0.046440646098653615,3.913403492707613,2.346784251627456,0.31538381867752524,0.5193109017644635,-134.46083231422517
3077,1621,3,1,0.121426446685163,0.03782445250420586,3.9903419308568457,1.0591912354532698,0.20784879676752774,0.6186978816123544,-60.68718719374878
3081,1622,9,1,0.13846968650565206,0.05249948045509709,4.005186279745569,0.6985375021801975,0.23134344345391816,0.6993121845923806,-40.02325086588501
3085,1623,1,1,0.25036744752932943,0.075780027507859,3.9426173532833055,1.5564946654101315,0.2994518752458492,0.974499630726671,-89.18057505184134
3087,1624,7,1,0.21872463641607073,0.07914358839626041,3.8655394541756616,-0.5816854917895921,0.3567846348331216,0.9081673296530028,33.328125666012255
3088,1625,2,2,8.901377539454911,0.6176086549084897,5.985420408114665,1.8671206647178253,13.242005476115715,27.014913918282673,-106.75801068044672
3090,1626,7,1,0.159525681875133,0.05417622964043403,3.9099468417478014,0.8891121670717894,0.2703827128514486,0.959767758571342,-50.94237437516362
3091,1627,1,1,0.2018976177659754,0.09452037118027133,3.8363712977531015,-0.6536970678911459,0.38143935358612885,0.9723204444017536,37.454084701631466
3093,1628,9,1,0.2201115068351747,0.08710667634207496,3.874067681493159,-0.9926928888712695,0.40487559707086684,0.7713438414749709,56.87711144403945
3094,1629,3,1,0.179861863363004,0.05009616312028152,3.952118489244686,2.489786805224669,0.33743271443192097,1.1177926993455323,-142.6542767230541
3096,1630,9,1,0.09901210733577856,0.0736630622036011,3.9275915299185016,-2.8351346514332403,0.1734993366223258,0.7727422819399954,162.44124972212435
3097,1631,3,1,0.12401714495461112,0.06773727116775777,3.8238202951977547,2.6536172263235023,0.23121769364635109,0.9104525893996313,-152.0410672262188
3098,1632,3,1,0.13512322603217794,0.11462243958273659,4.119405478189752,0.017121891862562057,0.2531767761827483,0.8472127946031599,-0.9810121658840637
3100,1633,3,1,0.1760703413195526,0.01925638825369788,3.989616314290733,3.0735557277571037,0.20372903190647187,0.789485653139398,-176.1017714016116
3101,1634,7,1,0.16386389649947353,0.06680078593573612,3.9116740676832036,0.4680991573707678,0.2944863602476916,0.8807057550837674,-26.820107490768493
3102,1635,3,1,0.13989759507394559,0.03996357846767759,3.993499245278991,2.543780065421005,0.2536609964336005,0.6440892441757592,-145.7478612114723
3104,1636,3,1,0.12568810568723346,0.05725591636988673,4.052505800816626,-0.20621482995422488,0.21175405409598191,0.7713526774650051,11.815239346851957
3108,1637,9,1,0.16388058495726707,0.12619257082446603,4.012687260315859,-2.6593169693233314,0.2701920638037161,0.8021304028631023,152.36763874499718
3111,1638,3,1,0.1284227979186823,0.036913431887201004,3.8345090377909856,1.1345870527616293,0.22730220328036177,0.695737478329899,-65.00704942425101
3112,1639,3,1,0.13349976022763463,0.047957585549932874,3.9797750385366,0.8383792313489954,0.19556207251797478,0.5602658343159875,-48.035591409708395
3114,1640,3,1,0.1700072349573358,0.048200117348716036,3.8358448209057654,-0.38932651215189695,0.2947555303947213,0.9552593063459517,22.306766993545022
3116,1641,4,2,8.905299177775312,0.6148895202150807,5.9394074374273655,1.566726898398958,13.247741369043919,27.08740123444564,-89.54641987307882
3120,1642,9,1,0.1370599046517035,0.05433608510028181,3.9488272422947497,0.8969780663286835,0.2588878872452859,0.6261732995333935,-51.393057304403285
3122,1643,9,1,0.12787773282258433,0.04213167173905775,3.9368548089844024,-0.04865737029630062,0.2297179252346758,0.8602342989163768,2.787862095126428
3123,1644,9,1,0.14728112735344476,0.06769345879230519,3.936003629474564,-2.8742563239139307,0.26055708232252456,0.9273983919396105,164.68275616297004
3124,1645,7,1,0.1588330394303108,0.03248975504494014,3.880483267064123,0.9021322182064003,0.3015111800751817,0.6007625524330857,-51.68836797348665
3125,1646,7,1,0.14680772488531954,0.0680789229728868,4.114218131483922,-2.0511349429095365,0.2570436171221799,0.6728679548800671,117.52137581070144
3126,1647,6,2,8.719445320562283,0.6295222593805647,5.677466792775327,1.378609064902469,12.975821001905146,26.550817886174073,-79.19517701200658
3127,1648,9,1,0.16763951129464505,0.04860496010217562,3.8851896875560166,-2.5472985963487065,0.31910113855551997,0.6783922578960769,145.94945764413768
3128,1649,7,1,0.1213550849373409,0.04851784108793184,4.091867672336443,1.0350423099237431,0.20666145993728585,0.6474387671292627,-59.30355569537683
3130,1650,7,1,0.12398220003083013,0.05305008218496713,3.8407961268598028,2.1330371406210507,0.20569707907692375,0.7520841185766004,-122.21402520722269
3131,1651,9,1,0.19561111290456248,0.02472946784367617,4.133453110190919,0.839416644766575,0.3478590801037743,0.665964441925737,-48.095032158021056
3132,1652,1,1,0.1564599801486344,0.04536260951166373,3.998023166123814,2.160988462492992,0.23498836055964703,0.6249754700964545,-123.81551848681225
3134,1653,1,1,0.14283900803036323,0.0843753312038824,3.9401383063873867,1.224792974903888,0.2226425903405313,0.8542899997515497,-70.17546794426653
3136,1654,3,1,0.11799370933879433,0.06502604957490012,4.104764567907372,-0.5039227485359252,0.1862268515392178,0.5271246802028458,28.872646912333018
3141,1655,7,1,0.12122995648195804,0.05118410852871753,3.9572463269456435,2.1312386693450835,0.22213140107401244,0.6902500801733654,-122.1109814091976
3142,1656,7,1,0.18034289882579138,0.08773980944937239,3.93873042815257,2.0508633235257476,0.29905671361041514,1.080999327850218,-117.50581388068792
3146,1657,9,1,0.19745950813902288,0.09009658160475016,3.986097663459611,-1.037285459628594,0.31493165149340485,1.0935473254084025,59.4320775557536
3149,1658,2,2,8.669820005206578,0.6115514282198609,6.01505914401743,-0.12149330069105943,12.903163774576765,26.290141413523212,7.164186414398275
3151,1659,3,1,0.22006202629270202,0.07320377103072176,3.881390206510684,-2.4452201197565486,0.424562413638081,0.7713761188973766,140.1007913423463
3153,1660,7,1,0.1728113304618335,0.05374603550469392,4.025973941393598,0.2650724908456305,0.3144119793239017,0.9632474754912039,-15.187535943788973
3155,1661,9,1,0.1337967031444574,0.061054442028890245,3.980042532658474,-1.4692748779004186,0.19353428851517043,0.8110917338637466,84.18324949092076
3157,1662,1,1,0.15276964288703118,0.03694303675632495,3.97196670199133,-0.15488079789614415,0.23956395241047584,0.7705388341864507,8.874016069015461
3162,1663,8,2,8.811650517656778,0.6102490757176177,6.1960290086445,-0.6699518458693414,13.110761429895115,26.87685500332986,38.17198417353824
3165,1664,7,1,0.17722294882056308,0.04807077878109153,3.9157291986168494,0.2777446650755525,0.26152808726835647,0.6703726437286426,-15.913598153639995
3166,1665,3,1,0.21875021064544684,0.08581151424681721,4.003601176602372,-1.3347646883788407,0.3068186040939826,0.9034538019129437,76.47638208367619
3167,1666,9,1,0.13082047875505515,0.028538769348728236,4.15928821010902,0.10458257280409149,0.1879112059744161,0.558465303097524,-5.992139967422125
3169,1667,1,1,0.1810372173604824,0.08504230942521693,3.8804553394675088,-1.5793295284006064,0.26293107090153434,0.8143609231951058,90.48891647026551
3170,1668,9,1,0.1452241826690034,0.10375159255279778,4.019384499083039,2.6439149284646657,0.24083269321497874,0.9324530447570687,-151.48516615052657
3171,1669,4,2,9.058685714903861,0.612121592241847,5.91338366016204,-2.8553422728562623,13.471929530214465,27.503951330767517,163.3668584010863
3173,1670,7,1,0.15896296854952194,0.058407985120470275,3.9072885558636927,2.6604257846238415,0.2358010756823958,0.6537219362181182,-152.43116838506862
3175,1671,7,1,0.1737662033730309,0.08224466997445111,3.9552228395064546,0.6119566525752216,0.34470727866557205,1.0162856867056786,-35.06253245391834
3177,1672,6,2,8.909557514395914,0.605834753191378,5.93454502071733,-1.162995436041882,13.253966545777013,27.02925833921299,66.85547063755905
3178,1673,9,1,0.13569825083442863,0.05455190658352425,3.858191827641582,0.29212529549473837,0.242362900246096,0.8703482886672149,-16.73754699542915
3179,1674,7,1,0.18542105711993356,0.09751440225390634,3.969106403893098,-1.3443901095974644,0.3442419512038619,0.9153851809183365,77.0278772173255
3181,1675,6,2,9.02336292062665,0.6010799108592374,5.7395603314881,1.9717119061570467,13.420319602649414,27.396600963006215,-112.74131858277731
3182,1676,6,2,8.888562513029854,0.6072154146262367,5.856541838708309,1.4116912989737709,13.223264784288151,26.964422499726584,-80.66479488070432
3184,1677,7,1,0.14903123967088697,0.05747937602250848,4.147361692180825,-1.9268450402348165,0.23912508708403005,0.8707195858089656,110.40008907436447
3190,1678,6,2,8.826911122004558,0.6310730218490116,6.236071104855502,-2.625143923131593,13.133089118439992,26.94382190114368,150.1951097447666
3191,1679,6,2,8.686530429044183,0.6488422922628748,6.051663485010995,1.0794367543815417,12.927632026174688,26.3700801415073,-61.64284215093975
3192,1680,4,2,8.734438579088723,0.6014605736299341,5.809832655684093,2.6791487406943055,12.997768273377353,26.51894416651028,-153.71169643461684
3194,1681,1,1,0.1700873807860197,0.0523475877107434,3.962106708696402,0.3158098966597858,0.27298210342960855,0.7874164192171069,-18.094574645961945
3196,1682,7,1,0.14630051165551247,0.030397333656254785,3.886346393679756,1.2256846821867708,0.2433440574580584,0.6339420794489846,-70.2265589102508
3197,1683,2,2,9.044137214813558,0.6066111602934886,5.9026903059750095,2.5886539489510314,13.450672399294826,27.446442768005106,-148.08787869036303
3198,1684,9,1,0.19138372349146401,0.03845114022982484,3.992859106876973,3.120403273681902,0.25851445678006996,0.8169303431207814,-178.7859386088879
3199,1685,3,1,0.14627863359755394,0.031089622196525956,3.861304732228193,-2.0254548431968056,0.25502479613909673,0.6832442152132108,116.05001497340669
3200,1686,9,1,0.16573438028494714,0.04772079775538219,3.846802034628637,0.2891437595215011,0.28565621440554156,0.8627558045829686,-16.566718196442668
3203,1687,1,1,0.13201806176847042,0.040939150295468615,3.894080670890793,2.51093466068954,0.22269426020922586,0.518300307440241,-143.86595871358156
3205,1688,1,1,0.10954144794995561,0.06673636884964947,3.9757416795953895,1.3103385690960963,0.20955948674154165,0.6493546024828305,-75.07686958493967
3211,1689,7,1,0.20153007772017184,0.06956510121907915,3.769813166595983,0.09777493450435396,0.24349945947444665,0.8751871241711991,-5.6020911471203725
3212,1690,7,1,0.2360951541370915,0.08947654961543738,4.063363358617632,0.9821438861025088,0.41195633631958206,0.9284356795086197,-56.27270159156093
3213,1691,8,2,8.825244462028092,0.5920881693704392,5.733513641439449,2.8916534170951054,13.130650881979449,26.819875453664967,-165.46510241750306
3215,1692,2,2,8.630805331172168,0.6415444454625079,5.735029715385586,-0.0368856948258062,12.846029185000114,26.247585266398175,1.9130332658961802
3216,1693,9,1,0.18628568031863915,0.05130174646641912,3.8359080322360755,-0.8321192926520956,0.3520399281318801,1.0407499212186022,47.67692409699351
3221,1694,9,1,0.10685534216516054,0.04626602688003859,3.8526527037065805,1.9016253451915566,0.19488037794010127,0.6475921065731793,-108.95510668642851
3223,1695,9,1,0.14952392563955325,0.0669878529188988,3.8690180881784237,0.8641169500585728,0.30573359386153387,0.6746941866300392,-49.51025374065957
3224,1696,1,1,0.1307212905786416,0.04924551260084668,3.9357418666514277,-2.6704001733546434,0.20806699086803523,0.5110871543306063,153.00265925660358
3225,1697,1,1,0.14441267206850314,0.04877169486243409,4.016251719162898,-2.6437966272858886,0.25731253637817825,0.7754394797149032,151.47838850491598
3228,1698,9,1,0.13933483831551205,0.04322276498368816,3.9761929544895294,-0.03831439197005717,0.21021420304583213,0.7038018772235992,2.1952528898700203
3230,1699,7,1,0.12031144029445778,0.05146301780909495,3.9391547063537358,-1.745601358004986,0.1893098444172091,0.6281204176552202,100.01559092601521
3232,1700,3,1,0.16334992871237342,0.04761940554698273,3.9470250207572817,-1.5397390146631216,0.24340150201085614,0.7836584296674558,88.22054662446557
3233,1701,1,1,0.1484923403452149,0.03438400516353861,3.882152622771078,-1.2444258611857228,0.24113425040791828,0.8004941819612333,71.3003490002163
3234,1702,1,1,0.09704084351516352,0.08209418918319697,3.9292571931359666,-3.002116359539378,0.17996416039083804,0.6083625827769773,172.00859675537038
3240,1703,3,1,0.10743736680285021,0.061058877548482604,3.9477168717193636,1.0648399459493394,0.17145564882339828,0.4978105439072402,-61.010834775354354
3243,1704,9,1,0.18686223513613243,0.07275660384305634,3.8823259408942845,-0.3786688111765348,0.31402957397523673,1.2694862104543396,21.696125607676382
3245,1705,1,1,0.19188691899327082,0.06137226492425133,3.9824551538793047,0.7463737316079315,0.3574008920370396,1.0744632071538565,-42.76406604335751
3246,1706,7,1,0.18278105311769813,0.09604095679783821,3.979579043911211,-1.814911100091647,0.3274845350268135,0.9951373690733809,103.98674795693238
3250,1707,7,1,0.14534719430303067,0.09883132662629819,4.035508397392379,-2.01289901474312,0.2484858439489475,0.829310519265213,115.33061875732139
3251,1708,1,1,0.1355235519800997,0.1004486507477424,4.059846347023792,-2.253702949570398,0.25279672621806765,0.5521574472278913,129.12766768992856
3255,1709,1,1,0.11745434518168278,0.062441821830558214,3.9222291567952845,-2.703220053553375,0.19839184889042324,0.5552796696698084,154.88309994987745
3257,1710,3,1,0.17042519103019177,0.06062693079925594,4.041130026051481,-0.33798742690133776,0.31523695516243305,0.5332068086545592,19.3652537817603
3262,1711,1,1,0.14553926963093833,0.024517989911338793,3.8812129840576794,0.06384456164753038,0.20377929819823226,0.6634274663109386,-3.658023970841136
3263,1712,9,1,0.1389847214102123,0.050997544216871915,3.945016802456034,-3.0399182793961463,0.19657533583444683,0.7400984562725639,174.1744871668356
3265,1713,7,1,0.17321624279819334,0.05588847599663626,4.119473868621676,-2.674407846634776,0.2932271859367925,0.7662269291076194,153.23228158727332
3266,1714,2,2,8.84904144324744,0.597927876137652,5.722531684193586,-1.05326925365612,13.165463330733646,26.891097103117954,60.564084432090056
3267,1715,1,1,0.11987229701704077,0.04837660864986077,3.9565005170177847,-3.0771117931637484,0.18951880846200486,0.640571488851844,176.3055187562068
3269,1716,7,1,0.17446318980056774,0.06115198641997947,3.927190148548573,-1.4587638301567971,0.24849991123277201,0.8188641011440679,83.58101065483083
3272,1717,3,1,0.17548414940204407,0.04848286923802611,3.830665098068973,0.45502180170063433,0.28384079200340256,0.7867050216316117,-26.07082991493445
3276,1718,7,1,0.11020074816853802,0.06430881405030044,3.8604651793356246,-2.333804082806409,0.186054246614561,0.6178910108739285,133.71712396308868
3277,1719,7,1,0.12570025201389914,0.041013383322016046,3.838327326805377,0.40387297328720384,0.21392491096561936,0.624518721392423,-23.140217263223526
3278,1720,7,1,0.13231239080601276,0.06357488041144309,3.9424994729432816,1.0420382509452015,0.19635548803816336,0.6475163129613366,-59.70439352348755
3279,1721,4,2,8.87415216421532,0.6096609673322929,5.922723923978279,0.4101623925569304,13.202189366988717,26.95097294228446,-23.718651158495156
3281,1722,9,1,0.1357055400213542,0.038479677624218604,3.8903572369528954,1.18235836320382,0.23104809811667448,0.6845013163506218,-67.74414340522877
3283,1723,2,2,8.811110817728121,0.6025669125786416,5.879920002011363,0.2609468635763644,13.109973277274838,26.78829556441502,-14.737764759865106
3285,1724,2,2,8.705204870012789,0.623785511530937,5.6161177942850555,1.571901009354048,12.95497377965588,26.442738294030367,-89.8576243336848
3288,1725,2,2,8.997163619484308,0.6171789504879752,6.060232904895533,2.621469397689225,13.38203462482478,27.38287467346942,-150.42655875490087
3289,1726,6,2,8.946986049615994,0.5980299720311346,6.0677543549953965,-2.5129382966457747,13.308689333188477,27.12931064715605,144.20433880597062
3291,1727,1,1,0.1634670793637687,0.06369704352917156,3.825214966600245,2.7365375581236866,0.29120812480180247,0.6062202851858122,-156.79205168282994
3292,1728,2,2,9.096352359686348,0.5952618257067567,5.949172794644634,1.1386077717550327,13.526948891609852,27.648963297491115,-65.47258090766408
3297,1729,3,1,0.19394822751916102,0.07263716108894099,4.0478444678217596,1.561277346722715,0.2936497390071254,0.9768084853253699,-89.45460278110477
3298,1730,3,1,0.1346298347139958,0.03601102175430025,3.970813222035359,-1.5031355011297225,0.1854839733271396,0.7254109453741158,86.1233201687987
3299,1731,3,1,0.09846442882940493,0.050075578651680226,3.883911868622821,-2.7099594606728066,0.183694451613576,0.5979488434785637,155.26923961353677
3300,1732,9,1,0.11532374675206636,0.0619372245308763,3.9438884290400624,-0.9286002153692626,0.18863213329087541,0.6353962686149284,53.20487286426411
3301,1733,1,1,0.15077667535842196,0.021084307435979548,3.859632687919416,-1.8967382753529238,0.23856011006071023,0.7736588472968935,108.67509872668207
3302,1734,9,1,0.11478172394112565,0.06229172477411211,3.8853707134466036,-2.0047372860272463,0.21753487297791282,0.6406480111619821,114.86298584874092
3303,1735,9,1,0.15326890780025595,0.05504809166468929,3.9202476707831293,0.3714340005454262,0.28288439307410285,0.807501572812677,-21.28160171652023
3304,1736,3,1,0.17296918318526963,0.06954778239840935,3.9581433516248836,-1.3749984381097016,0.2491817056428347,0.7006985379785412,78.781606843745
3305,1737,7,1,0.1383039449163785,0.08373953196096373,3.860715142742164,0.5408838508872988,0.2271844968240054,0.6169760715967364,-30.990362188356933
3309,1738,3,1,0.21018348082317526,0.050735152231262924,3.865772896530403,0.6902183364944078,0.3543187674265186,0.7567692619960242,-39.546597255158886
3310,1739,3,1,0.1771325787223763,0.05229123098474498,3.936796248896004,-1.2391663652515774,0.28183831917831975,0.8328079009151579,70.99900142210316
3312,1740,7,1,0.1311337013032101,0.14115648004019368,3.9564662016460943,2.7116524020422044,0.23501005208850329,0.6658812900382235,-155.36623755867637
3313,1741,8,2,9.074608478846462,0.6096540836084032,6.0380388639543146,-0.6678524736850915,13.495187301387507,27.616268177427393,38.49857837620955
3315,1742,6,2,8.731614267839403,0.6089891589710967,5.934718684008339,0.8593032820420633,12.99363352694731,26.47156947480277,-49.02687511765208
3317,1743,6,2,9.143055225474722,0.6146197610734718,5.9024585592956145,2.6917072412714442,13.59515127079982,27.751706029045383,-153.984600122093
3318,1744,9,1,0.1328196795079242,0.048078857624273934,3.825819557917133,-2.267802167524409,0.25769905549526345,0.42640150172974467,129.93549336298187
3319,1745,8,2,8.88869030921779,0.5932435884765507,5.786260495429417,1.2335809195907925,13.223451474340267,26.953211444387687,-70.45981225004296
3320,1746,7,1,0.1366267561428534,0.0463945261877991,3.9207920649518235,-0.9824387924252881,0.23963259682270913,0.6645875545214633,56.28959719755635
3321,1747,1,1,0.1367655939568087,0.09006748111366834,4.0216147679670255,-1.8043848945217082,0.221193942674793,0.7178228997595252,103.38363917062269
3322,1748,7,1,0.17223351868907086,0.07183561744612532,4.0743166078235715,1.1193123207379458,0.3014254815590224,0.859847419483589,-64.13187123354977
3323,1749,1,1,0.12019195091622137,0.033057994926376746,3.9326881813031784,-0.12445157673788494,0.2028885173366846,0.6868343654000588,7.130550386324221
3325,1750,4,2,8.963046827692363,0.5942808370791265,5.956913253781656,0.8880731731330218,13.332167423830787,27.243816292926613,-50.65803836223108
3326,1751,3,1,0.12537038614595492,0.049251249202295545,3.913670293780723,1.1537601506373136,0.21200160805839383,0.7121455655956368,-66.10558686099685
3328,1752,8,2,8.992886933286833,0.6054337149382434,6.1017357831415024,2.502927311512957,13.375782207226328,27.314632796630914,-143.18007477199475
3329,1753,3,1,0.12876176760615016,0.06514995827060448,3.9896307681618017,-3.1080924050656056,0.20613198125712434,0.721294753091542,178.0805774085693
3332,1754,1,1,0.16606533766030204,0.07548224532965843,4.085874238471584,-0.12212684244727837,0.2678919812396082,0.9946397393987301,6.997353022057714
3333,1755,7,1,0.1265552975974537,0.06483109432730041,3.908499235402887,-2.6470579660844127,0.20633848166726346,0.7772418036053668,151.66524942565698
3334,1756,3,1,0.21247528860168838,0.06734387969320114,3.767498737849715,-1.7629005001344245,0.3444695762316114,1.0161295553812313,101.00676001767837
3335,1757,1,1,0.20373937704541653,0.10054245236485979,3.897841158625581,1.806024104566239,0.31013976276149247,0.9381961944533848,-103.47755990049004
3338,1758,9,1,0.1840075117879441,0.0690705740120477,3.7976030298673167,2.211271826373124,0.3244323805433033,0.960074798676418,-126.69654335411097
3339,1759,8,2,9.138614611897289,0.6125423386310556,5.84972680176939,-0.9657282633057269,13.588671526319441,27.93438838965448,55.093642877107676
3340,1760,1,1,0.1250903647582873,0.05539506684723437,4.0193889380664,1.131559275137065,0.22348243271787413,0.5186344366337717,-64.83357019419884
3342,1761,9,1,0.12127151050255643,0.06303367686159526,4.077598879789735,3.103688143038294,0.16893234040226696,0.7030731304607255,-177.8282315093244
3344,1762,1,1,0.16324712135032263,0.08863450921748282,3.7592339162122372,-0.7057691620695592,0.2434215143730925,0.8316880231842025,40.43759467705494
3346,1763,6,2,9.071897650393277,0.6015725857193621,5.7678223577989325,-3.0069502659805165,13.491230521864106,27.56642695827705,172.05232186984128
3347,1764,7,1,0.19260123555697803,0.07060556607743916,4.059699007228721,0.19516366132944307,0.2748174220676987,0.8185539042403934,-11.182054534025836
3348,1765,2,2,8.961695838593924,0.6033626519597661,5.82126017746069,2.6879223492912985,13.3301928347722,27.220414548836157,-154.2313093041056
3349,1766,9,1,0.17496043874956857,0.07174477072242999,3.818601316740016,-1.6044688797376108,0.2593177911193854,0.8471005940436038,91.9292956952923
3350,1767,7,1,0.14809807169129893,0.05530853240632656,3.879997372319292,-1.5095156489765928,0.23403939169555926,0.9320856360421532,86.48887526601294
3354,1768,1,1,0.1235272615884803,0.0722342527028011,3.921755212665098,-2.7271926394147883,0.22727241012560717,0.46224324633923813,156.25662773557784
3355,1769,3,1,0.14417443803473504,0.041545453902518584,4.15787238647826,-2.567959920582525,0.26087175741468194,0.5842287648777434,147.13326492373812
3356,1770,9,1,0.15372478483369745,0.05550461212585999,4.163715020943603,0.6141214951727227,0.31289725064049273,0.516393853147095,-35.18657050244055
3359,1771,1,1,0.1335865131720208,0.052378550577959426,3.927179524643242,-0.16017977229447655,0.21106278722164107,0.6837497778375752,9.177625113074487
3363,1772,3,1,0.15188364463670578,0.07519321317998338,3.8832581087191436,-2.99368035577945,0.2739553170290196,0.9258478241084946,171.52524853072208
3364,1773,9,1,0.11352229378180193,0.050809913533679626,3.8950758421926537,-2.2184695913063717,0.20182183934079137,0.411863818544894,127.10894478074204
3370,1774,9,1,0.1637716262872337,0.0666572762870431,3.958357925699036,2.2650371170116728,0.3319527912285694,0.8040414571967968,-129.77706788693297
3373,1775,9,1,0.1375143006844605,0.06818151152308259,3.9332384294764986,-2.091480875691022,0.2072580098534634,0.6427714099967047,119.83302721447804
3375,1776,1,1,0.15451444375444304,0.06869271556619187,3.8920031153391568,2.8772498127939854,0.2712350103953457,0.725514713129699,-164.85427065170535
3379,1777,9,1,0.13568758652134802,0.025640321822231072,3.8264743372866006,1.0938677293157415,0.24428155979653998,0.6368974183429942,-62.67400390479482
3380,1778,9,1,0.14335477131802152,0.050627087819176984,4.082225039209356,-1.168404499645216,0.23770393688626118,0.7130449819479846,66.94464638669899
3381,1779,7,1,0.17142475993946277,0.04361997165358599,3.8621162087096765,-0.6051390773389684,0.3207334470653523,0.7004649627218775,34.67191568469766
3382,1780,6,2,9.214707914109143,0.6254185320922377,6.299490569284556,0.5189409261609058,13.699751079316373,27.968838615255013,-29.977748445791196
3384,1781,1,1,0.1361717867339886,0.08390903362629853,3.8721887870418312,-0.899356057730961,0.21404554602394943,0.6403030993324061,51.52930670216129
3385,1782,9,1,0.18666410631973837,0.025654402454036666,3.993804704483221,-2.8724778553836265,0.28639766312542436,0.8886508686812632,164.58085671360817
3386,1783,6,2,8.958001383660289,0.6287501114700074,5.909198479726056,2.353138976024418,13.32479188497729,27.188191562318156,-134.60051125472094
3387,1784,1,1,0.19221965153786205,0.11700417417143956,4.101631032769909,1.843709734855343,0.3164908444486942,0.7998350105309667,-105.63678769456075
3388,1785,9,1,0.17162695799234726,0.06629772917342937,3.80802272639675,-2.2648826671704265,0.32971458709108026,0.9906362339497303,129.76821782127413
3391,1786,3,1,0.16664424398327854,0.07844008909717497,3.859470846641718,0.35666169439660955,0.24473612385255913,0.9588003458783034,-20.435210156569877
3393,1787,9,1,0.13770032070378263,0.06851386768080486,3.936219276200802,3.0575021260746853,0.20595295890514487,0.6123637544670275,-175.18196764006262
3394,1788,3,1,0.12829815309137782,0.05959575897126731,3.8409353781177877,-0.028052669644418972,0.18569762925888772,0.6105184587179104,1.607299702797324
3396,1789,3,1,0.1733738400321214,0.06653889890068634,4.036133575176954,0.30886499470933004,0.31434041283023584,1.086945843729775,-17.696661570919478
3398,1790,3,1,0.1849777179074626,0.04381643590884076,3.8451616558028308,-1.9507797228867345,0.30941177520403346,0.8859811937491443,111.7714466860138
3402,1791,4,2,8.98535836674681,0.6035038349678539,5.778369277870434,0.2768146271887462,13.364781547247865,27.289164261902293,-16.086827128717424
3406,1792,2,2,9.089484052913589,0.6035468896130145,5.9368104481953905,-2.934680462500509,13.516918663822109,27.58024788760866,167.91018498472434
3407,1793,1,1,0.18524192560251185,0.06280028398324347,4.030131411204252,1.6097697391337356,0.270586694276097,0.8341251908875281,-92.23301298410446
3409,1794,7,1,0.34653274317975025,0.08567612368197056,3.8568849467528445,1.1454814127470694,0.5323326186570968,1.4600911259084928,-65.63124012228863
3410,1795,1,1,0.14867992345449815,0.02520814153788608,3.9907953522169337,0.029280902709934956,0.20363791321899768,0.8957177939994051,-1.6776723290642512
3415,1796,2,2,8.840657918205011,0.5988078357791983,5.989573710434078,2.789065818662717,13.153198553330014,26.795721062257275,-159.58612241970818
3418,1797,9,1,0.17195238948123445,0.0318618165685409,3.744578442311621,2.684386121436763,0.317608215528263,0.6333303095570753,-153.80399446988812
3421,1798,7,1,0.1332488653628251,0.05374516948562225,3.719289428248712,-2.5562781482652133,0.24372381191455025,0.6535852351577839,146.4639492252972
3424,1799,9,1,0.1505013821229392,0.07268376284413407,3.8662209907782206,-1.8510203146420412,0.2570432560649318,0.7051321295119395,106.05565225611505
3425,1800,2,2,8.791666445828827,0.5900445757694859,5.520277944644334,0.3078245069601351,13.081523748166523,26.710183394745716,-17.42508784286157
3427,1801,1,1,0.1247308303845067,0.052300606908201666,3.7860536958033952,0.990870020576464,0.23219909701873817,0.4937993713172826,-56.77266983037169
3430,1802,3,1,0.15020582495254062,0.035278063851439535,3.871552253430443,0.3735367684263171,0.24610599673493722,0.6524660336716323,-21.40208086280012
3431,1803,1,1,0.12812555071024592,0.06514342301608071,3.8395854010714614,-2.5024601809326974,0.20167897283841832,0.8133692990144936,143.38040662070725
3433,1804,1,1,0.14710344853418367,0.0871892150204812,3.9762662712976193,0.6431635094005888,0.22207104129055938,0.7264415390295911,-36.8505550151113
3436,1805,3,1,0.22427802268376645,0.08027279036173912,4.048923552236802,-2.120927898911336,0.382472150965253,0.8287150651303883,121.52021947622896
3439,1806,3,1,0.16600873364005939,0.06836928676409748,3.928631816369331,2.8961909563745825,0.2806015568990736,0.8390631951507526,-165.9395172508053
3440,1807,3,1,0.16217740171882242,0.05393751850026127,3.973801634798857,2.6494204989193566,0.27314833153719476,0.7317664389354168,-151.80061144494238
3442,1808,7,1,0.1730024817728115,0.05111973271900651,3.8876605965419584,-0.043277092680006235,0.23741185477220386,0.817632122705658,2.4795951216242105
3443,1809,4,2,8.988612866470996,0.5939562258404137,5.784574140789935,-2.527956610091869,13.369537301564758,27.303257620665054,145.06801215789037
3444,1810,7,1,0.2032031441567272,0.10576768504781904,3.9914150265333057,-1.245624761241903,0.3929460274310241,0.7731240794052213,71.36904072920694
3445,1811,9,1,0.14355955030423106,0.04710701910157164,3.925796059471176,-0.9773782964832672,0.25736272504418084,0.5841337686172612,55.999650965459395
3446,1812,3,1,0.16718258568678462,0.05116625975091847,3.9082903794045585,0.13914093359585328,0.2620734806989425,0.8718592510134627,-7.972189313817505
3447,1813,8,2,8.98207758398382,0.6038966070684432,5.72943176408735,-0.3672084895790466,13.359986737250564,27.331412257400615,20.813231543460702
3448,1814,2,2,9.099169091474439,0.6153046303729899,6.0557575326203565,-2.781263743614994,13.531063707004169,27.649086114572718,159.11929091995603
3449,1815,9,1,0.1272403742049452,0.09249421686640702,3.7571253411820345,-1.2125000323876318,0.18406672754728487,0.6428808598682757,69.47113436276166
3452,1816,9,1,0.18340519761985474,0.05015715726929634,3.881274140498527,-2.944916432520498,0.2691834350216431,0.9085981487537513,168.73128181744127
3454,1817,9,1,0.15137186782845483,0.046180953452009475,3.9659270309788113,2.1502560321434547,0.25597290434285463,0.8266673706987631,-123.20059594640811
3455,1818,1,1,0.13623984042492446,0.03353234375167628,4.040444800017236,1.280947032277734,0.2717519199089861,0.9933101832251383,-73.39285858665153
3457,1819,3,1,0.1512787026683621,0.052205552734348834,3.756607555021786,-1.7005516959592326,0.24235567829031482,0.8613127227659191,97.43443583095605
3458,1820,4,2,8.677335650578565,0.6159135974851533,5.79858599315275,-0.9534461783845245,12.914169559162033,26.358089827563322,54.83211196875685
3459,1821,9,1,0.12944408631382376,0.054280618112414525,4.005217133391883,0.9666900686870612,0.24898084821597796,0.4000944517861995,-55.38726067475167
3460,1822,4,2,8.982381948563107,0.6134370566579143,5.927300232789907,-1.3602503946586868,13.36042972227776,27.292149790762934,78.16289522598476
3461,1823,8,2,8.948688500257301,0.6132482138067661,6.080808858538457,-1.687977771178931,13.311177753571583,27.13144457952247,96.93771218255412
3462,1824,8,2,8.99045313140015,0.595239432257173,5.659968397678002,1.0157171280324075,13.372228218336527,27.281150215850886,-57.969395376935765
3463,1825,1,1,0.12789569216627317,0.12949420707099668,4.037257952646618,0.45944243362930026,0.22390948779862827,0.677398057068155,-26.324112951737582
3464,1826,1,1,0.21912624297676386,0.08629363530748922,3.8932636856827587,-1.7649666807356859,0.3305495045193328,1.0275919645638574,101.12514389652875
3467,1827,9,1,0.09963471303087604,0.038195901725203235,3.886867792456573,1.0851797072719096,0.19413605751712415,0.538375248673313,-62.176216912427606
3469,1828,2,2,8.862113447648213,0.6042603619843102,5.769370559723187,-2.553725976140624,13.184583169364952,26.911485843383463,146.53489701026635
3470,1829,1,1,0.1459788541124669,0.051271788290394665,3.916795450897689,0.7212223269179021,0.26944540785868615,0.5576711236872415,-41.322995935018625
3472,1830,8,2,8.962419571092394,0.6266683328839304,5.702208805743601,1.164250570783548,13.331251349955217,27.25637347167101,-66.48188561999861
3473,1831,1,1,0.11207743502748418,0.06193769038638837,3.9583726670532977,-1.3453431545352454,0.20999519326420885,0.6690598490091151,77.082484574025
3475,1832,3,1,0.07927674037271668,0.05306609693650885,3.884354680775913,1.979852529066619,0.15435886460303724,0.6234976703546177,-113.43719405699292
3476,1833,1,1,0.10373786027281907,0.03195602210916747,3.95188007037059,-2.6996034736474037,0.1881925596494106,0.7813989986573859,154.6758852034037
3478,1834,3,1,0.1850196169402649,0.04888134755743003,3.959175668486669,1.5337367724346813,0.2527148116248721,0.8365688538285203,-87.8766434258594
3479,1835,2,2,9.01797271821141,0.6061232322841626,6.0402529443874755,2.30595015121281,13.41244442950327,27.462404209528035,-132.35024569899414
3481,1836,8,2,8.994788309718292,0.6051137621444047,5.7811458533340945,-1.1353701984313191,13.378560752050467,27.27986719201953,64.82467748145154
3484,1837,7,1,0.19792878805222736,0.044953118529069365,3.9573522704139448,1.551064197456058,0.30897262572527057,0.906758425065726,-88.86943230031791
3490,1838,7,1,0.16299321205174103,0.05392829182865759,3.8890525241814196,-3.108973233185172,0.2397111308660341,0.950792072867621,178.13104511260457
3491,1839,7,1,0.19805074175547088,0.06296538819543356,4.05234104427591,-3.123701922335605,0.2978598001196752,1.0086160869481073,178.97493698614315
3492,1840,4,2,8.71455540378404,0.5916939605323633,5.757751422350059,2.387273081928269,12.968664449537746,26.45388692726304,-136.57432900494268
3495,1841,3,1,0.20297493984591675,0.07399124553172315,3.870431848011157,2.4372092320938172,0.351598173630357,0.7195283715900275,-139.64180182968943
3496,1842,3,1,0.13765102513327052,0.062137704865112005,3.9722716207619166,3.1141508643689573,0.20251874170288062,0.6789602959536085,-178.42770132616295
3497,1843,8,2,8.88385045890635,0.5933259746299313,5.7095266335745025,2.04693343315718,13.216374936091272,26.98134601571594,-117.06184214930781
3501,1844,1,1,0.16907491602024738,0.07098024603546463,4.025618657578326,-2.3410149483276497,0.30829376885467535,0.8043343973876755,134.13027717830352
3502,1845,7,1,0.1444304547791087,0.07222707806789981,3.8753661772503754,2.188890218528946,0.22978460821462604,0.7028861855290257,-125.41417138907748
3503,1846,7,1,0.15205892976033494,0.044355568340586175,4.105968143101668,1.557841051102296,0.22499099292007893,0.7345411864250798,-89.25771740676521
3505,1847,9,1,0.17261425276277337,0.05971163107150714,3.8757591984542614,-2.6933902088730757,0.3057118223160219,0.7855050710906528,154.31989049708983
3506,1848,6,2,8.834298496495652,0.617424005322806,5.90082306071203,-1.9420284410996027,13.143896866395616,26.852989456275555,111.48513881856867
3512,1849,1,1,0.11888610398248903,0.04965924314171853,3.908894394350707,-0.7559090157331402,0.20240465956996273,0.5252338138183396,43.31039643459193
3513,1850,3,1,0.13182829512300548,0.04591012144883482,3.928629962666945,1.7846349473683056,0.2080107910363897,0.708725851032635,-102.25205063693602
3515,1851,7,1,0.11455785768439923,0.08190708708270875,3.986443466997583,1.8162513879081197,0.17299409932074866,0.5140172674666083,-104.06353928685027
3517,1852,7,1,0.12198914302889706,0.048542435054353704,4.067661963682653,1.3860216175308724,0.186200131012276,0.5322898261020549,-79.41318890879714
3525,1853,3,1,0.17953490612971046,0.08488567102961389,3.94074295501852,-0.13077002555720094,0.2977233427130007,1.053987605470247,7.492570789395062
3526,1854,1,1,0.1508758839449488,0.04275931511875338,3.9552683842774847,0.6779270974122004,0.26877318697447405,0.7234397896643227,-38.842361563323
3527,1855,7,1,0.16137639690036903,0.11087992872141465,3.980733340896054,1.7467713241029716,0.23403553825334447,0.8815963615944848,-100.0826248615814
3530,1856,7,1,0.18545068053426483,0.08547624607701343,3.9727447327814787,-0.6203844524528827,0.3366739183028416,0.917654843568466,35.54541220658537
3531,1857,7,1,0.14729850468784633,0.06630752016417257,3.8838853995195577,-1.679242741618104,0.22383248808189743,0.7340610571933777,96.21352204265102
3532,1858,7,1,0.0959778867797996,0.01700826611921455,3.9151378373885124,2.677519648602323,0.18071420396710827,0.6168301846051409,-153.41057525686963
3533,1859,8,2,8.905634349897335,0.6128313853832411,5.942032090147167,2.2167303865584853,13.248230344838708,27.080937450920146,-126.78885110870823
3535,1860,9,1,0.140853547798004,0.08112481104751962,4.007212343435495,-1.733892177060631,0.23743220811926996,0.7274380260721285,99.34470453944748
3539,1861,1,1,0.14681555031078886,0.05743494018720062,3.928899524517842,0.5811993798867562,0.2666994036365138,0.859331333602972,-33.30027182813097
3542,1862,3,1,0.16164757239391758,0.06905042886228804,3.9374120927968796,2.422289508503067,0.2630671379463548,0.6304908061421327,-138.7869657085721
3543,1863,1,1,0.12910535249003607,0.05611751739137949,3.9885551052472286,2.112714549059797,0.22807670699618324,0.6035775269257864,-121.04962719085255
3545,1864,1,1,0.15961699259737425,0.09419903171179089,4.082750679965575,-0.30075588745502774,0.2590704894790099,0.7838082088943941,17.23204383294853
3548,1865,1,1,0.15485505052547996,0.043799266952608835,3.919278025812872,-0.2666761158937895,0.23791379071195157,0.7439972180475175,15.279416700702392
3550,1866,9,1,0.09889528948186654,0.04636429931132975,3.943300703547031,1.6204813189058032,0.16963746431117815,0.7115368923292577,-92.84674034165401
3551,1867,1,1,0.11575303791767672,0.0305211578284841,4.003143060243133,-1.0402243855172337,0.2167242587902012,0.4580655629203091,59.60046729069587
3552,1868,1,1,0.13851362551398272,0.039048120935190674,4.073061535691884,3.1317387673306465,0.21075442952459864,0.7620321245140317,-179.4354139438157
3554,1869,7,1,0.1939486721126919,0.04614920322270736,3.9851076158512675,0.8608231436451359,0.33294189809591,0.7192691772420109,-49.32153307975169
3556,1870,1,1,0.1490928415638391,0.04243174927333033,3.8434228963881005,-0.2012078677437032,0.22692884447187037,0.6770107961667818,11.528362369310205
3558,1871,1,1,0.1743439392228834,0.10903125784584942,3.902733223294709,-1.7575732948040745,0.32760697380549386,0.846270416144965,100.70153379140937
3559,1872,9,1,0.1643080440694889,0.0698940104235011,4.138814465241836,0.9418370178879433,0.29452183966481704,0.764725256131707,-53.96328577645301
3560,1873,1,1,0.0809235696785767,0.04177661112999571,3.9163961266695084,0.5192886929875786,0.1647995508307441,0.7573902850905915,-29.753050621775643
3568,1874,9,1,0.13499381327202795,0.07570603035671818,3.9280543402701062,2.2776533959811416,0.2536811980134049,0.703995199588969,-130.49992634604243
3570,1875,9,1,0.19691825438117275,0.05969287661734444,3.8040139382812406,-1.5109548215760762,0.2740299339247667,0.876739117919767,86.57133360808832
3572,1876,1,1,0.1820685679592949,0.043163443830553073,3.8716815225028838,-2.3859832550719062,0.34690240475379075,0.7016613484725732,136.70677134426245
3574,1877,3,1,0.15363594074206055,0.04274934642010479,3.9338320100353683,0.5144897589736626,0.27451782209374753,0.6330116796237388,-29.47809237838599
3575,1878,7,1,0.15787574841440052,0.061587480824954334,4.0068627657366,-0.7771896176822798,0.2674542225074564,0.6271851808969804,44.529685312924265
3579,1879,9,1,0.15255854536690103,0.06797182592041334,3.9589577826686124,-2.1731482175278476,0.2527262742026439,0.5445062278757484,124.51222102419882
3580,1880,7,1,0.18137346516958916,0.05898361994988009,3.890306478812282,3.105288935616624,0.27443217381110013,1.094634767681793,-177.9199503847144
3582,1881,7,1,0.1746459641394354,0.06428760007324401,3.8333143445000557,-2.6951530035865368,0.3138408521664318,0.6349961273611604,154.4208912543756
3583,1882,1,1,0.17631868015648755,0.03778745626001251,4.03302783852517,0.34930092769008797,0.27176433615631834,0.8170898691527256,-20.013469759889407
3584,1883,7,1,0.14853730519935854,0.06342352993645914,4.04719139348841,-2.8439544189115873,0.251179933453162,0.8301022811514622,162.94658593368118
3586,1884,9,1,0.18542370885312665,0.046248392759672366,3.767107102809198,1.9967167069163487,0.2830721586512628,0.7891079815463697,-114.40344160979326
3587,1885,1,1,0.19717251532486252,0.08188897638241473,4.176741709845572,0.7614987532728443,0.3585768845502405,0.9531702822917792,-43.630665803607734
3588,1886,1,1,0.19878096392654782,0.08709541863315398,4.074948718767193,-2.7639607517395954,0.3080403945081374,0.8079434308184051,158.36328582015142
3589,1887,3,1,0.16207004012319834,0.06135401273330045,3.7595171281720754,3.024659528207052,0.2284379972250876,0.8390018131529176,-173.3002254266395
3591,1888,9,1,0.12082500062247066,0.054992150167764084,3.9846513053751296,-0.5627340591038426,0.1985069782045242,0.7091378537414503,32.24228687620949
3594,1889,2,2,8.641899296266478,0.6314013878091956,5.794385539276384,-0.3911097423848817,12.862276735532848,26.222450198162253,22.207790682081704
3595,1890,9,1,0.12472247118991032,0.03528161913099243,3.8393640969963982,1.0351704476366612,0.2114793156940046,0.5189936191009417,-59.31089747880741
3599,1891,1,1,0.18828886801216005,0.05566061272040902,3.9188998563537765,1.7420056090886873,0.24269271003120715,0.8746005909420269,-99.80956923759776
3600,1892,7,1,0.1799295239230743,0.052436867568911916,3.8353846766848014,-0.7571830425955984,0.30011194763868504,0.786727415995394,43.38339240306176
3601,1893,3,1,0.1265874355493498,0.03358285664705072,3.899818224526566,1.5952879178751043,0.16803627955101388,0.6460818196344605,-91.40326470540239
3602,1894,3,1,0.1856818800248984,0.09121345870170587,4.048208045972157,-2.0531899533106337,0.3355362045200546,0.7507657735935687,117.63912008352084
3603,1895,9,1,0.13576437159786836,0.09967362970741296,4.001750252299675,0.3292100065705673,0.24107838134747028,0.9739386337018179,-18.862344202615613
3605,1896,7,1,0.14232435466280996,0.06736990508388488,4.302420035630732,-1.2762720894793003,0.23492407475136579,0.7972554494912664,73.12500421224969
3606,1897,7,1,0.18433784329351247,0.05721941476483084,4.035278068164548,2.802438037078517,0.2934288875732414,1.1651715436164298,-160.56787153546088
3607,1898,1,1,0.17985651421457585,0.03304913810738828,3.843317825461349,-1.8973855573793927,0.31614352573759624,0.9713997265208882,108.71218385683902
3609,1899,9,1,0.10832098016927011,0.045331857235950304,3.91253637662196,-2.7812119463259557,0.17991262856199522,0.5374574779371558,159.35170632360885
3611,1900,7,1,0.1610438231334463,0.0664134557213925,3.9357302670561567,-2.859398476515928,0.2537118391756104,0.8138181034154639,163.83146462650893
3614,1901,1,1,0.12980248764688176,0.03213743587197094,4.048151906859619,2.8786043303064317,0.18041829532254483,0.6677424089930855,-164.93187883134942
3615,1902,1,1,0.1445348546664109,0.06148467881691771,3.861849599227668,-2.9578255525366157,0.22811667750462622,0.817514293232223,169.470920547903
3616,1903,1,1,0.3005000412020227,0.08576771698680338,3.9748801327924603,-1.5379254035119687,0.4267907549333649,1.3368668305233897,88.11663619129664
3617,1904,8,2,8.447562198810312,0.6108364862367311,6.043300027382967,-2.5192784121611194,12.577500122651056,25.6096747093717,144.15633256224814
3618,1905,7,1,0.22159772113378,0.10274202937416703,3.920477406219753,0.9185568459793315,0.34493912931211157,1.0098713834530408,-52.629430466479896
3619,1906,2,2,8.849244568549409,0.5990592493815401,5.904466466829194,1.8745914295142154,13.165761251700493,26.973791675243838,-107.62239389047735
3621,1907,3,1,0.11589777426391823,0.036636986379748195,3.860301858094099,2.7582830642713354,0.22667093410667313,0.7460778635405583,-158.03797780875405
3622,1908,1,1,0.1388700125208911,0.051903215500132355,3.796119569741522,-3.0020591749183128,0.20728860405854557,0.7765972219312504,172.00532012558656
3623,1909,7,1,0.1829841432399422,0.051774165246735664,3.815535097775187,-2.235996597709357,0.3102310883286112,0.7008138971341642,128.11316874755582
3625,1910,4,2,8.976944466105287,0.6209554294222936,6.011144187133139,-3.0537953000430638,13.352480974159029,27.295934080425145,175.19545321785765
3629,1911,7,1,0.1025890930721917,0.03689125240955255,3.876494646992151,-0.08384213578889865,0.16368277937900605,0.6134141756072478,4.8038006549876044
3632,1912,1,1,0.14640680370989984,0.0461681250136252,3.987239144523683,-1.9099772939431499,0.23168051542547285,0.7264163628144924,109.4336385628042
3634,1913,7,1,0.1318864393470502,0.050906012249014684,3.8263109354962,1.8142376138722456,0.20937283271941143,0.6614613183214114,-103.94815845384154
3636,1914,1,1,0.14731780759380744,0.049629111232108156,3.8596014479088843,-0.32079129334641626,0.2476452712411075,0.804442033106688,18.379987986192322
3637,1915,2,2,8.943485070934166,0.593322080348367,5.859502192994502,-2.4390943881326033,13.303571826162303,27.153811517835695,139.97312784243752
3640,1916,7,1,0.14194140089456003,0.10000288537074405,3.8822243898570976,-0.16423269715930877,0.2314269743655944,0.8067478913376209,9.409840868494648
3644,1917,1,1,0.1661060556743947,0.09842812549928588,4.069487293664149,0.4341521111630356,0.3108545552761811,0.8171202232701762,-24.875084158978403
3647,1918,1,1,0.17107943444040025,0.046016800610323226,3.8870858610848757,-1.6225995142799763,0.22143376047289073,0.9634648341776878,92.96810429432897
3648,1919,7,1,0.17285569537465437,0.05638868845668524,3.888746824825934,-2.9550375410679597,0.30383737241939207,0.7696848307026155,169.311178672672
3652,1920,3,1,0.16855996445755478,0.10545887327723281,4.030472533377238,1.2368034942351087,0.28233532286131613,0.9636922731368476,-70.86361929707293
3655,1921,4,2,8.84158260906996,0.6060643923384035,5.653912645368315,-2.9696809135329425,13.15455222144007,26.869112241727176,170.36582934222864
3657,1922,1,1,0.20528045273730589,0.028521232008858866,3.9020484524146397,-0.9727116687691861,0.3899993363118065,0.6415354123497792,55.73227191919774
3658,1923,9,1,0.1896774053444904,0.0781418497645573,4.045961083819611,-2.911986202987673,0.28853091601473346,0.8568115229948483,166.84451893912674
3659,1924,3,1,0.16928417685218156,0.05427290767407019,3.9867448236855054,-2.0828053555273565,0.30612588490998244,0.9439854497913959,119.33595545381759
3660,1925,9,1,0.1333477177933145,0.07246166434774524,3.915641213451064,2.696233918496846,0.21280688623885924,0.5487345436894858,-154.4828235497225
3661,1926,4,2,8.942003147764675,0.6072192268333083,5.869989799442952,0.7552653441757678,13.301405358920947,27.134043885436913,-43.05031588074255
3662,1927,1,1,0.14515504153508185,0.030375603369716616,3.8454162303924297,3.0538540306043798,0.19720826935021352,0.7483074971136506,-174.9729469834684
3663,1928,4,2,9.022487432463423,0.5978239672193992,6.158257326570336,-2.450811253606751,13.419039129423087,27.50576881723131,140.19175704542985
3666,1929,1,1,0.12487283545704081,0.04335589299265818,4.017202497644466,-0.45620377586644417,0.22168165425922462,0.6709052443465363,26.138551000205744
3669,1930,1,1,0.1601384274418642,0.04688756772110566,3.832780294218884,-1.1629374008515707,0.3092765065927423,0.6295186628737278,66.6314039027319
3671,1931,9,1,0.14902626850633385,0.06786664286877966,3.938508093878041,-3.0722451950195135,0.23833974177436232,0.7669915108920793,176.02668274872312
3672,1932,3,1,0.11776550266820057,0.029549478332735097,4.012293518488795,-0.08986084690729954,0.18329231294063206,0.7894840605293201,5.14864737381746
3673,1933,9,1,0.16895394775702768,0.030746587089820195,3.8300299053945723,3.1133595995020222,0.2385191123221094,0.9325883970394521,-178.38236469724913
3674,1934,7,1,0.13284945306092652,0.0571451953955125,4.007067416310461,1.2184652306730261,0.2192749967466663,0.5742133463232534,-69.81291490770542
3675,1935,9,1,0.14919328561557918,0.07057552676491564,3.883139176499627,0.3336998170181065,0.25250582192493515,0.6614410050727415,-19.119591618471418
3676,1936,2,2,8.668615089012041,0.6176998728044215,5.943492270167015,1.8121164397914564,12.90140054969784,26.363298834597728,-104.02967106130058
3677,1937,6,2,8.777300211432449,0.6003071605968223,5.6297450912200855,1.2084675909039329,13.060500405767304,26.693095742590874,-69.45099614055779
3682,1938,1,1,0.20619147313945888,0.09136760238741766,3.870371511270406,2.265972811909919,0.3300037637924694,0.6964422293768807,-129.83067890424797
3684,1939,3,1,0.2045569756645087,0.047551106487920485,4.077870698128972,1.3499177738305355,0.28117512392535077,0.9549330607565777,-77.34459076909988
3686,1940,3,1,0.1351568082434646,0.07726502574697118,3.978141158540011,-0.44474705143731386,0.23359081658641012,0.6827694203070572,25.482129390466245
3690,1941,3,1,0.21069792040304283,0.09074593164699009,4.054819799018225,-1.8443164589792937,0.3403619682931917,0.9946550779213749,105.67155040381145
3691,1942,1,1,0.12767193508677496,0.04687808044232033,4.049234597723282,-1.632127022969982,0.19385358295345181,0.7367298557159699,93.51399008839063
3694,1943,4,2,8.825426773240526,0.6049966934342865,5.72548086471482,2.975954341022965,13.130917123848448,26.7524746155475,-170.2951760657034
3695,1944,3,1,0.16435736775161613,0.0498573046637819,3.792696917787862,3.0636115529183163,0.21116124692638658,0.726051592359749,-175.5320118702792
3700,1945,1,1,0.20578119276782195,0.07708762584642824,3.8491736603602633,3.026105876858682,0.2949244663851391,0.8441967369145458,-173.38309444672686
3701,1946,7,1,0.09027436715679263,0.03175685596197674,3.864764468503405,-0.02287574087131201,0.1714844670982125,0.6151967751976368,1.3106833758816632
3704,1947,1,1,0.18710702471642607,0.061711096558788675,3.8861776368165186,0.5409833145835128,0.30453534933629023,0.7306966924416288,-30.99606164758353
3705,1948,1,1,0.19414311867406991,0.08888531433917543,3.9003561381497276,-1.5661380595155365,0.27368349327276675,0.7382301616053865,89.73310109993533
3708,1949,7,1,0.16294984525680983,0.058885111093631974,3.9860428268524926,-0.2346520028113018,0.2599591092160138,0.8896375489082813,13.444570170034511
3711,1950,6,2,9.000064416733,0.5984895319459962,5.8622680365201045,2.204153612426964,13.386275151083721,27.513746686509087,-126.5163493295829
3714,1951,7,1,0.12982808618097993,0.035884646430398716,3.962482297972005,0.7169869958893265,0.2017794264398711,0.6056781572124931,-41.08032884297875
3715,1952,9,1,0.15061583379716717,0.07085996553753302,3.86318008956554,-0.23559292323169315,0.23837839031741836,0.9248245186375995,13.498480666519816
3718,1953,1,1,0.14469237563269405,0.04536210852603469,3.9750879292530414,1.6330128894615816,0.20872627688965276,0.711515006414662,-93.56474678594182
3719,1954,8,2,8.98360731335632,0.5961956811476666,5.713011979688083,0.3194882898479163,13.36221991209218,27.264400158321834,-18.078947927434086
3720,1955,8,2,8.875596294469005,0.5986144197838957,5.540809870039814,-2.6069228316363673,13.204303017734897,26.9369786194107,149.58386111525567
3721,1956,1,1,0.21425201685451195,0.0839139877537766,4.076682412240819,2.6933056407886196,0.38658590205299315,1.3477334411611122,-154.31504638324256
3724,1957,4,2,8.814254065122638,0.6018059708176149,6.026865431030833,-1.6329828245504305,13.114572226007892,26.802011967727605,93.34940258105279
3725,1958,3,1,0.11096318017905295,0.03565493966180723,3.916892995122757,0.8533522301442629,0.22849321159774766,0.3729690888994287,-48.89348095915182
3732,1959,2,2,8.979643079589602,0.5989355242359011,5.611286507787099,2.6122254523776736,13.356426205647091,27.33829189351009,-149.89557173162646
3733,1960,4,2,8.854551777113167,0.6070011817802603,5.645900917068298,-0.4312087706202329,13.173522611960262,26.957129447838806,24.92305482189618
3734,1961,3,1,0.2156265578050583,0.09431498023158634,4.119069914709127,-2.32210075713358,0.37083078041527273,1.324951698412383,133.04657309700227
3735,1962,1,1,0.15152523607630647,0.07473544961268595,3.913306305116884,-1.426999373078479,0.24372267444723433,1.000701279573835,81.76104119793665
3736,1963,1,1,0.17576362373269314,0.04856859203654687,3.8985013396890977,-0.9420539234726985,0.3013890198636852,0.9802942711970377,53.97571394917259
3737,1964,7,1,0.11052724379610769,0.0678538780174547,3.9703650275927402,2.2064741204597853,0.2194805742102314,0.4722326206672746,-126.42165451934184
3738,1965,7,1,0.20539069120623873,0.07661758153811055,3.997926634219911,-0.5262818472222,0.3462859352131814,1.0144669644909947,30.153728925040514
3739,1966,9,1,0.08724869911041494,0.04634851664451057,4.1704420164192175,0.6548696541915483,0.18365372926089446,0.4664881142213607,-37.52126754799572
3742,1967,1,1,0.13094247616522092,0.0779121390670279,3.892504931885474,2.8622886164328527,0.23813925990818705,0.7451317183565573,-163.99705696819282
3743,1968,7,1,0.11954293822768731,0.011516758758865618,3.9739478089168956,1.869211450424907,0.20627412251905503,0.6685929058702939,-107.09792734876191
3744,1969,9,1,0.15526772258414584,0.06078523841808926,4.066301091835482,0.4927296050944689,0.2710611869484819,0.7882229046946995,-28.23132800270332
3745,1970,7,1,0.18931562942048683,0.07001010139183521,3.9099767212911423,1.3938097046355267,0.2869916385035911,0.8839269297741947,-79.85941237787266
3748,1971,9,1,0.16548384917908554,0.043805803422163406,3.844184610833172,2.2921922636447545,0.3070020559273552,0.6126767261327033,-131.33294181461451
3749,1972,7,1,0.15829063837220886,0.028744017296536476,3.942763331542122,0.05047520621965546,0.22883015964390258,0.9064576874010882,-2.892016640212381
3750,1973,4,2,8.83593142051809,0.6002583771026169,5.713036753350524,-1.199233394123994,13.146284223863617,26.811023255265017,68.49578548006176
3751,1974,3,1,0.16086497182368878,0.06698864029437514,3.9226093535668483,-1.2602784023966696,0.28285965284139475,0.9173842892951555,72.20863255795098
3752,1975,6,2,9.23663555996476,0.6068253304675414,5.969390532910441,-0.9062877497305258,13.731751650246556,28.030777321987905,51.68005830453671
3753,1976,3,1,0.18795148698316955,0.06972497696633426,3.681104163326071,-0.15868457603598313,0.2901366109433342,0.8484592650061462,9.091958054712705
3754,1977,7,1,0.15611328723946405,0.07350739879587044,3.923772243071268,1.890405213466769,0.2545346952101348,0.7502884226660851,-108.31223995896084
3755,1978,3,1,0.10190385867998113,0.04762790755611931,4.040367219576991,-0.15522346746153823,0.16478226764875267,0.5532302960470943,8.893649501011076
3757,1979,9,1,0.12316103449995049,0.049542674779729276,4.015722185168363,0.8390080419077847,0.20863546691047788,0.49110154155420704,-48.071619568904666
3758,1980,1,1,0.1269191956308678,0.04700829465946615,3.9531722712519617,2.1245792674098314,0.2598828483666592,0.8564070853368406,-121.72942569805153
3762,1981,3,1,0.07365330837988815,0.03657931968131916,3.921682027662412,1.4982400516790149,0.11541931516992175,0.3949022872126957,-85.84283162707464
3764,1982,3,1,0.1374281814507648,0.038903203758275974,3.8797271047288477,1.707473116192859,0.18558572146574812,0.6559548736834262,-97.83100334885965
3765,1983,3,1,0.14151932800274863,0.0681591800595229,4.082202052911897,-2.9350289233634776,0.25531540300125405,0.8170143034234149,168.16476978259237
3771,1984,3,1,0.11043654405032897,0.03038979525131089,3.8861450784920963,1.3675927967688821,0.1939605736569782,0.565821736877631,-78.35729497070531
3773,1985,1,1,0.22038758533765943,0.07811258863067848,3.879080791892111,3.02967769247502,0.32354165703580023,1.0086109173186486,-173.58774409125886
3775,1986,7,1,0.1638582808011702,0.05867297235433543,3.8752697822865043,1.6513303451019445,0.22053025673243332,0.6812144601091287,-94.61425958717714
3778,1987,9,1,0.1582213367213989,0.037878422536371074,3.8993819565045427,-0.4814200067556252,0.2667578782978168,0.6366949282316162,27.58333500467221
3780,1988,1,1,0.09241113952713104,0.06943989935346574,4.03650125557323,-2.9947364111093404,0.14437180527517396,0.4055173163540839,171.58575704544478
3781,1989,9,1,0.18893935374155674,0.07246607779935618,3.974923929343219,-1.988270528993556,0.2923104830886314,1.0638803039056346,113.9195111239196
3782,1990,7,1,0.21650823864262012,0.06934984038163652,3.771555883759292,-1.7125581022815113,0.322110039530371,1.0887329415056033,98.12235267830158
3783,1991,7,1,0.1441313086861772,0.04331399943053267,3.917683187943946,0.209599115065099,0.23883817073858118,0.7135113115105638,-12.009145011127098
3784,1992,7,1,0.18841321197256625,0.06593959157301796,3.8878622308415736,-1.2713205002129593,0.2860449615860343,0.9260773179572808,72.84129756991578
3786,1993,1,1,0.19231297722700763,0.05681259859575665,3.9017786208053664,-1.7878001095476286,0.26942252743509637,0.8501996640507312,102.43340123987966
3789,1994,7,1,0.12321722687676151,0.06809834723805257,3.988323991252635,0.48524554449477325,0.21082038009062373,0.6079174644290458,-27.8025218982446
3790,1995,9,1,0.17422504514940687,0.06526800229798835,3.9614712052569403,2.8376935949840036,0.28552200803387323,1.1333616351478268,-162.58786606036728
3792,1996,9,1,0.1360364038241514,0.03457066938786127,3.9381457763149244,1.4637153815828325,0.220310674197157,0.7311346699555351,-83.86471339977336
3794,1997,3,1,0.1447258112631693,0.07709998369319844,4.046573053371202,-1.405923757041062,0.2184370712032511,0.8160983282039218,80.55349742708576
3796,1998,1,1,0.23097478144128825,0.07767871221573214,3.9234397340348934,-1.0337419126815546,0.3790730606441294,0.9527262628505243,59.22904585652086
3798,1999,7,1,0.15177166394678357,0.0582429121671598,3.9709187448781407,0.5766665697274108,0.2733659347769224,0.8563202415912641,-33.04056004005535
3799,2000,8,2,9.040537558158341,0.6096908152562757,5.819591259330496,1.5322058165655044,13.445413246634885,27.430301572643074,-87.55813984771332
3802,2001,9,1,0.2519845297643896,0.07205771250252775,3.737728757723361,-1.8795786522147302,0.39828710531851536,1.035311042150932,107.69192751451624
3803,2002,4,2,9.037319937085043,0.6135838843680503,5.830611332976447,2.254414070254953,13.440714135147553,27.486620042545045,-129.39894785735692
3809,2003,8,2,8.9575654888837,0.607496313585912,5.904023275847185,-2.949654642963528,13.324156912376425,27.242026804371932,169.22714940764052
3811,2004,7,1,0.17200406250143463,0.04157769203520062,4.046894989515742,1.1481878716858267,0.2707102488677579,0.8498236106464847,-65.78631827988832
3812,2005,3,1,0.14454385971840342,0.04724205506783089,3.884720863548702,1.6871046708519999,0.20726292416861528,0.6920941613703071,-96.66397736855194
3814,2006,4,2,8.899491363057438,0.612083441534236,6.025855580144432,-0.9899219876602644,13.239245852411594,27.130024084000524,56.498370858192665
3815,2007,7,1,0.1265103486142328,0.0679261440435971,3.873008012633643,0.9976479567798697,0.21489252945203463,0.49683395384104345,-57.16101721355268
3816,2008,1,1,0.14401461088192818,0.08343703114163259,3.9756454608649676,0.5101110009212605,0.2493326485024696,0.8817584315818762,-29.227207929259833
3817,2009,7,1,0.11639369664594598,0.0451479099536707,4.025254695016921,2.606918878835774,0.20282913819761433,0.5197992467211606,-149.36544902309373
3819,2010,8,2,8.89193745845893,0.5918315759608869,5.866347372759177,2.1009626342262107,13.228201143927958,27.111165723513924,-120.59570419537997
3820,2011,1,1,0.24625560622347065,0.078421711600576,3.7918341971126885,-2.7002093621315937,0.3890625537409559,1.005636850291101,154.710596881017
3823,2012,7,1,0.15504708096290498,0.035827960772013764,3.9451163725102973,-0.8337918535086335,0.29428057618546644,0.49068245702318386,47.77275361850598
3824,2013,1,1,0.16925837670021784,0.03682274917605106,3.9333743856868395,3.118058653409953,0.22390116732376458,0.792439592846311,-178.65160111251865
3825,2014,1,1,0.1780807967973017,0.04226270127217422,3.9280733309605393,-0.767042501169441,0.33327440335016073,0.5510511317447765,43.948298806128655
3826,2015,1,1,0.13764129498389588,0.04191817344030289,3.8992126737157853,-1.8798430227120917,0.23640849865505423,0.8064380000273399,107.70707182108549
3827,2016,8,2,8.832377220900542,0.6106987180382667,5.956559767383605,1.7452616936388592,13.141087370916408,26.822186389984974,-99.7811663409509
3828,2017,6,2,9.180409148295809,0.616902694905108,6.066221314831574,2.0391479013887714,13.649687228378822,28.001387253284953,-116.59271344758146
3829,2018,1,1,0.20472313155449595,0.07434566287864394,4.08477813648233,-1.3814547036898122,0.32081671415310675,0.9474994679522502,79.1515228954516
3830,2019,3,1,0.16845464553156927,0.051648938808938595,3.901488545962676,1.5271582930625267,0.25074006382281266,0.7768063153212281,-87.499725060228
3835,2020,7,1,0.16314208617023854,0.043274650279957264,3.898257322836853,-1.3280318273133076,0.29243056752531443,0.9811026123581686,76.09061871421206
3836,2021,1,1,0.12174642157531403,0.06992113609670599,4.008784054616591,-1.2261501126125427,0.19970581911374052,0.5939916737820938,70.25322617151681
3837,2022,7,1,0.13517258756519746,0.022437218192622156,3.966195898099005,-2.7690003141707162,0.1956262548773058,0.6210387726701581,158.65203120494016
3840,2023,2,2,8.951095218085825,0.6013101877291683,5.8359078349466404,0.759820912676872,13.314697918073097,27.1467828622817,-43.75842499816632
3843,2024,9,1,0.11174560843475081,0.053375830773851184,4.001993925891672,-2.0516663719525536,0.1899671813595967,0.5429800762947071,117.55182431134016
3844,2025,1,1,0.16272211498079464,0.04961864326436103,3.9822394399577576,-2.8879575378906543,0.252178769219708,0.7649876155462358,165.46777738179682
3845,2026,9,1,0.11967973496935956,0.07186867776032964,4.057380207911632,0.38535083224432404,0.21863485283042403,0.7405326938364385,-22.078975911120136
3848,2027,7,1,0.17693045120933162,0.0767350899139175,3.9821401915659527,0.8371451758817299,0.3170325860194749,1.0421577228762047,-47.96488482107307
3849,2028,7,1,0.15106737558096836,0.059812248001107494,3.9246782904767215,-0.496578500654355,0.28183850259979837,0.6958692817111513,28.451852773753632
3851,2029,7,1,0.18796753415130055,0.059254642104813786,3.9265551540001455,1.266594035543485,0.3088508765163936,0.8992081176524382,-72.57049165062118
3852,2030,9,1,0.2804251936625068,0.09399430147727579,4.004236301938239,1.3202172266703498,0.43698543675710705,1.0414446721875954,-75.642872587482
3853,2031,9,1,0.3062224387259804,0.10319297874453422,3.8823800860389084,-0.994131834621756,0.5247262011071279,1.2862715253590253,56.95955363171566
3855,2032,1,1,0.15201009209288047,0.05115450297670266,3.87644140578407,-0.3599533183114175,0.24381068174886145,0.6611182250555498,20.623806869673032
3860,2033,1,1,0.16546128120469208,0.03912550661345518,3.989394626894555,0.49318571616704876,0.32491250460809534,0.7880623708080567,-28.257460688022977
3862,2034,9,1,0.1583197110858264,0.036903795962538725,3.8952869822863057,-2.2483919588339787,0.2766971229918126,0.674905475700083,128.8233708293469
3864,2035,7,1,0.1855287114716943,0.046782565545575125,4.070558769724085,1.5751518132714257,0.24808719647695834,0.8364376828584049,-90.24955050512776
3870,2036,1,1,0.1852644546959213,0.0583050683220708,3.9980195625517654,0.051289573487936904,0.23288017410470663,0.883066540942401,-2.938676237547999
3872,2037,9,1,0.1313654762362781,0.03984670722992207,3.8048625464648644,0.6254725230482182,0.23852670683082264,0.6116981837102156,-35.83693571147868
3873,2038,3,1,0.1592708367594986,0.07617396856143735,3.819925874561182,-0.6535036121686209,0.2695901436799829,0.8426576434547566,37.44299903118838
3874,2039,7,1,0.17739255657206549,0.05189058510247741,3.8131671642001144,1.0840944685243072,0.32649679634773915,0.6123753316722389,-62.114036733422026
3875,2040,6,2,8.825942259043146,0.6022149035523818,5.713880532344641,2.6763519036162946,13.131673997825336,26.82917666091823,-153.5581543945401
3877,2041,1,1,0.16342798222412955,0.046369867200374906,3.9483847603182576,-2.531696397499829,0.26295147845190564,0.6697028748549492,145.05551774763921
3880,2042,4,2,8.755315624797984,0.6021023115877845,5.938910958590243,-0.7109236211264439,13.028328927425584,26.583446222557058,40.523625113857044
3881,2043,1,1,0.24880415697454056,0.08000277110927595,4.047110348075323,0.6676892118862509,0.4089216717344069,0.8417793525071003,-38.255774713170126
3886,2044,7,1,0.11543454117496163,0.05021093363163633,3.8798626491599677,1.8435879213673825,0.2162899171432418,0.713986706176843,-105.62980748377397
3891,2045,7,1,0.12639401463855252,0.04401221660558173,3.9521493004840735,-2.0427034931329846,0.2018069729628335,0.6010716870460174,117.03828937943072
3892,2046,9,1,0.13059448236158686,0.04172560685580933,4.108448181083682,-3.1145362184899565,0.20420364500123564,0.8369230986376462,178.44978068670943
3893,2047,9,1,0.14062938289433904,0.07008112913660294,3.9583257459143004,-0.41869483942322777,0.24830048478264402,0.587364899374895,23.989447699563726
3894,2048,3,1,0.18560812538523414,0.05572512828182977,3.835646936411122,2.271162105330283,0.3448594080916389,0.6643899568731438,-130.12800403266462
3896,2049,7,1,0.1263192302036695,0.040618728543170404,3.9344801453685063,1.4301053292873902,0.19764568771508906,0.6676971435257865,-81.9389994438375
3898,2050,7,1,0.12987298278961407,0.03262843653836962,4.07511055303342,-3.003449518328659,0.24084550895878648,0.870759083823921,172.08498126827632
3899,2051,7,1,0.153361090688031,0.05810906544768728,3.981092220877006,0.5975239960970603,0.2754917607333167,0.6599076206832598,-34.23560388065431
3900,2052,9,1,0.2414343245185749,0.10072942067247903,3.8892988725727706,0.34410613529924394,0.41719703821397186,1.0535104482538118,-19.715831756130324
3902,2053,6,2,8.815296413225735,0.6119811250754006,5.608002192610542,1.147156506196009,13.11609584100555,26.80847642696803,-65.51352793012508
3904,2054,9,1,0.15453069066878072,0.1112916627512638,3.997520209054455,-0.2128016974413698,0.2979400326576659,0.7974384157538316,12.19264002640371
3908,2055,7,1,0.13481119698646096,0.05485433187133677,4.010998546278223,1.1976743105109353,0.2565008076150488,0.7574277735133998,-68.62168309331014
3909,2056,7,1,0.12657104608638528,0.050105427149211186,3.9931938178222324,-2.2212368030704344,0.2156861800868771,0.5589206676812188,127.26749430603431
3910,2057,6,2,9.036604080425755,0.5975441137883198,5.844907675512991,-1.85715565912913,13.439666633833895,27.456026017328586,106.17670054377876
3911,2058,4,2,9.03497276967871,0.6153197244254945,5.847085231646834,0.16624992681198847,13.437288348308204,27.50083270969879,-9.29506550480815
3912,2059,3,1,0.1004253336424077,0.04011643231152017,3.8416821472671443,-0.21659667239828206,0.19324062330469516,0.8093925761407614,12.410075266340169
3916,2060,7,1,0.13559720608063963,0.0883512958401554,3.9084835427714104,0.12799052637990985,0.2209784939399692,0.6217174540595276,-7.333317130379305
3920,2061,3,1,0.1295405724561922,0.06287399157423236,4.099539137342516,-1.181789940305733,0.22272829125586646,0.7607187804711536,67.71157532192906
3921,2062,2,2,8.92896648482337,0.5957455863302757,5.841266952505703,-1.829203696585743,13.282345066351049,27.09576960152512,105.02786169400916
3924,2063,3,1,0.2105671989626417,0.08396868509092159,3.947765405825679,-2.4537670419689372,0.33744771498578635,0.7933575183944025,140.5904956856868
3925,2064,1,1,0.11661987518824989,0.04938591144705383,3.920684324111643,-2.6358414631543745,0.21781598668302476,0.6633093220813786,151.02259080369103
3927,2065,7,1,0.09643011082448213,0.029882668269936352,3.927091152592426,0.36478035100827283,0.17762192163253473,0.48624847824632156,-20.900374826129056
3930,2066,3,1,0.16872974628365295,0.06463630796292945,3.9197833737659424,0.09935743636424046,0.2627245920962276,0.7328994849636187,-5.692762147989244
3931,2067,7,1,0.18327548167203447,0.06798718260398294,4.038181094894916,-2.549120126230549,0.3220461470957214,0.7681408046871047,146.05382298457465
3933,2068,1,1,0.22254281607301676,0.10506445065426757,3.955079513060549,0.5308578415926754,0.3281733756625588,0.8521007125866679,-30.415914642225953
3937,2069,1,1,0.1884334740533707,0.07699260174954763,3.926394769395942,0.45565390967835057,0.3059433008436196,0.8296373802327535,-26.107047374042676
3939,2070,8,2,8.80021132133758,0.6007416584982332,5.961428752587737,3.070460722293035,13.09402495617987,26.700838591950575,-175.71185480857298
3943,2071,1,1,0.13493982531331894,0.06305397059648175,3.863050445581037,-1.9605917913436344,0.22550726002770727,0.626950399517603,112.33363561978065
3945,2072,1,1,0.12682377899014768,0.05064905135198959,3.866914896211715,-1.9176299835228667,0.1796772638721624,0.5619701759783797,109.87210487689377
3946,2073,9,1,0.12017396331072404,0.045570363923514365,3.87004496916918,-1.4276363836715047,0.18298114068891835,0.5384507021517527,81.79753934726352
3947,2074,9,1,0.09297411245285957,0.04826675739324189,3.9865483579207144,0.9622312137242931,0.15118577430506255,0.3641366742244669,-55.131787465279444
3949,2075,1,1,0.10404605801103207,0.039076356991116445,3.9171280452168036,2.1775722880209685,0.1694723932555579,0.4324719826961819,-124.76570182463236
3950,2076,9,1,0.14426887761892024,0.04173448020955422,4.010539561897363,-3.098095495019654,0.2174976569212677,0.6731241602642022,177.5077961799181
3951,2077,7,1,0.14181971406153335,0.032312072716953716,3.8759809211255516,1.8281407762019923,0.22462720879034037,0.7527358552397085,-104.74475085629994
3952,2078,7,1,0.15475216894048532,0.057220093240553986,3.931883015954086,0.6629155214039596,0.2858702642815813,0.6340255096844141,-37.98226246698232
3955,2079,8,2,9.088564831043358,0.5938629641452867,5.775198494204089,2.706058336805395,13.515577327882738,27.68022532579004,-154.8111744165581
3958,2080,7,1,0.16478246146172734,0.07512834824356093,4.069693600246829,-0.9668417686856263,0.2812577681850791,0.7833185185821879,55.3959516539317
3959,2081,9,1,0.17823260473584618,0.07997553944399641,4.098683567849778,-1.6501569775831355,0.28715035818942164,0.900506056758994,94.54703032816532
3960,2082,1,1,0.1375325827532661,0.07746486288245168,3.9368384957464237,-0.1661313381021925,0.2406728387517728,0.7324814018216893,9.518625076224396
3961,2083,7,1,0.14085100227688674,0.05874418656524127,4.00369308928447,-0.01566242916426365,0.22927121757157148,0.8038392742601552,0.8973909799380696
3962,2084,7,1,0.1893391929925315,0.06822731931211691,3.841135894735378,2.8066892701419683,0.31382623712512153,1.2542388015337613,-160.81144841364525
3964,2085,1,1,0.1541410894364801,0.037894243065947686,3.9018321000266583,3.040711922573656,0.2217221546005688,0.8293383082771224,-174.219959820356
3965,2086,1,1,0.11600311594479473,0.08841852204186913,3.9964485352819836,0.4121484506817637,0.18678119459089454,0.5079575613184952,-23.61436683728937
3968,2087,9,1,0.137167337731929,0.07304195994937755,4.040505047884059,-0.3449377819312776,0.2368355668748718,0.7724385323573012,19.763479525841273
3970,2088,1,1,0.17373936483603292,0.06091329614392933,3.8454324352543745,-0.10683195920800095,0.2702697430340825,0.9023946537007024,6.121021499180764
3972,2089,1,1,0.1079534024339537,0.04129988907514338,3.982905098063,-1.4119135274406114,0.1998250724718334,0.6419548199689448,80.89668613494395
3974,2090,3,1,0.21495733532297623,0.08675236631288742,3.9316625379470564,0.05787425793237853,0.28864974470964677,0.8969626875927403,-3.3159509728341408
3977,2091,3,1,0.12133795016298461,0.04609671483821983,3.9889999360327826,1.7415428878170418,0.1681678143190316,0.5789378378502219,-99.78305738412811
3980,2092,1,1,0.17268299726869132,0.06910968867338124,4.019613502630632,1.3723661528193742,0.23537776777568922,0.9206621194608355,-78.6307883395304
3981,2093,3,1,0.20202290619588267,0.07767429472732076,3.9774499742753164,0.6516039195315988,0.35614856021455205,1.0709170139101911,-37.33415192922801
3982,2094,4,2,8.822874000589803,0.6224420558337608,5.7288937003500155,0.814915763900947,13.127181970042379,26.925705897233623,-46.47697521939709
3983,2095,3,1,0.1566016848091583,0.09312762452620879,3.929004223800775,0.6803873838678471,0.28762149221312333,1.0101164650386085,-38.98332613200854
3984,2096,7,1,0.0943179066866799,0.046583839956363976,3.9604226234108295,1.4943670375267115,0.14382044346635245,0.49236935298668444,-85.62092435528493
3985,2097,3,1,0.18105579203853855,0.05899779612761125,4.019856466731958,-2.0671493947192143,0.3146058394903713,1.022744859576248,118.43893649043791
3989,2098,9,1,0.18877479716053164,0.08257034801171512,4.07288757688797,-3.113879060678694,0.3098890138178024,0.7998725570008255,178.41212871553324
3990,2099,1,1,0.23745675952939738,0.09590381852378944,3.881232968732339,-1.9299959888780174,0.38471339610119965,1.0873935979116403,110.58062539134205
3993,2100,1,1,0.18323239330280072,0.04950251736614802,3.9030671644925214,-2.17302764112421,0.3538160588521627,0.7183827455503574,124.50531337168168
3997,2101,7,1,0.24947016166227556,0.10354948198089813,4.041724859522141,0.38146629572415636,0.39466928116968725,1.234561572847694,-21.85641238727612
4006,2102,3,1,0.08265549150229623,0.033196570983932604,4.09039908856675,2.301696966481483,0.13378624169170358,0.460026796239878,-131.87752182771862
4007,2103,3,1,0.12917778398425786,0.04300383378973774,3.924699367912079,2.0514477170743612,0.23669869885330927,0.7941362107156609,-117.53929664278942
4008,2104,9,1,0.14006343314771988,0.04801421820792452,4.034239426588306,-1.1022626465427598,0.24352040578754203,0.6520098575685339,63.154996741625034
4010,2105,9,1,0.13529783256356337,0.03843708700114879,3.977497157726124,-0.6889334435651998,0.22595964005019734,0.4679775378367833,39.472978738133776
4012,2106,9,1,0.15475601714885698,0.057477746999878,3.9531771115412724,2.843311750603758,0.24662481046919524,0.9050888628835045,-162.90976274585796
4013,2107,1,1,0.1336771943924891,0.10641034389195377,3.9526221840952225,-0.9027385804557286,0.2513333683926668,0.9349250631659256,51.723110440605346
4016,2108,1,1,0.14594800663521953,0.07595477105453631,3.8401697560401145,-0.9131530917944926,0.23495043346537461,0.5535448830983892,52.31981821691432
4018,2109,3,1,0.14542895024977667,0.05885742025427952,4.035267763151353,-0.8609643389009097,0.26612064887838055,0.6900616622920931,49.329622637923016
4020,2110,1,1,0.20386671272304996,0.059620855853117063,3.8444208053506843,-0.8873511317543585,0.4039646907587037,0.6566091231486394,50.84147652525198
4023,2111,3,1,0.11618213075333246,0.03021247986566287,3.9354703634418926,-0.8511593058221393,0.2132717637518515,0.43076150053073997,48.767835740492444
4024,2112,9,1,0.09467042866277836,0.04065019051566992,4.090638871557463,-2.9349209281504463,0.15969005317285018,0.6891865605159152,168.15858232732046
4025,2113,3,1,0.14597386852043073,0.04150485888038747,3.8794374702601018,-0.7650754596173768,0.2593961606552416,0.6261699686215645,43.83559444213746
4026,2114,7,1,0.1533769355059095,0.09348540118758009,3.8537566091139466,-0.9325793575618812,0.23521295053802252,0.5481273564304276,53.432861353947125
4027,2115,7,1,0.20975515466543512,0.04374492129178164,3.8842752107659186,-1.4455813404400817,0.3305498209668793,1.1924429912351986,82.82570880128975
4028,2116,3,1,0.21402701852010142,0.10682966945938979,3.962168679268328,1.022694031966576,0.36701535803242474,1.1308618662133818,-58.59604951773477
4029,2117,1,1,0.1241112261147282,0.05141118394451078,3.973008974865125,2.668972644578609,0.20295544806080618,0.7137670490028734,-152.92086814299574
4032,2118,9,1,0.12581593991257106,0.03911353327938443,3.815637247995537,-1.3635119998163456,0.20151710168516399,0.6617555476012292,78.12348242932316
4036,2119,3,1,0.11924136821129376,0.06694070240670048,3.974510535575304,-2.5336408435261735,0.21275349989145262,0.46070103630752807,145.16692690875317
4038,2120,7,1,0.15377688096570638,0.06743648655606639,3.911516840597602,0.604693025204153,0.2893163584427858,0.6653837956304068,-34.64635864370826
4039,2121,7,1,0.19500746767407579,0.10401222686955547,3.9103804036611036,-2.1047885539791893,0.32381615287801396,1.1161714200498836,120.5955020735915
4040,2122,7,1,0.16692539468274512,0.04727132701444694,3.86730955832916,3.0321588238490413,0.24572284976585218,0.9184680654317877,-173.7299027854204
4041,2123,9,1,0.1623183175013298,0.07861070807518364,3.9452257554960704,2.2413076584247116,0.25406636939688604,0.6140831980546412,-128.41746935316306
4044,2124,1,1,0.1652557978291891,0.07120853635853733,3.8760500099908164,0.2941897968513952,0.26260743264802033,0.8455021312188423,-16.85583475113129
4045,2125,7,1,0.1239684204457568,0.03166082094438853,4.0583800393433105,3.05396036427713,0.17123940600681578,0.6570296408007456,-174.97903963938919
4046,2126,6,2,8.753055195867436,0.6050972527042084,5.687599841113685,-1.1487259323305166,13.025018269347074,26.598798183800202,66.02628101868838
4047,2127,2,2,8.914627570200635,0.6067447191827569,5.880461800723797,-1.0233665938984642,13.261380432929311,27.05750677034976,58.85571050484036
4048,2128,7,1,0.14905279430535642,0.0436401719556121,3.956741957394523,-3.1178842083911964,0.20480560419691465,0.8040668474961954,178.64160609282035
4049,2129,9,1,0.15100615762637828,0.051317167316608146,3.88280626309908,2.716809846380464,0.2876625078421123,0.7268027695470942,-155.66173778057242
4051,2130,9,1,0.2074541739627975,0.0866705249189219,3.956389145836895,0.22730299627382958,0.30444397734635936,1.0679736301646465,-13.023502799792173
4053,2131,9,1,0.17127779274572374,0.037426714529777146,3.7906856858297813,-3.033559582608137,0.22870892487993263,0.7950986356391528,173.8101606337144
4054,2132,1,1,0.2687380299638549,0.0718081928001514,4.14305764648059,-0.8294233956561148,0.442586090445743,1.092919470080866,47.52245577423409
4055,2133,3,1,0.14799059836289172,0.05618811698751349,3.8162055690917556,0.8743068258376566,0.2448134191601023,0.6623568122068182,-50.094090569742704
4056,2134,7,1,0.17577538276580332,0.0662770805577792,3.936620683144902,-1.1032636314674098,0.2910914476532717,0.8110685142671302,63.21235035161633
4058,2135,1,1,0.16538436627587344,0.03678057949684433,4.07039817911679,-1.6810019199048702,0.2306724549556203,0.7609073146933442,96.31431537862127
4060,2136,1,1,0.14795054135181965,0.04954050949537456,3.86279902687516,0.8108659745363682,0.2851451776982513,0.6703733484357849,-46.459197691824244
4062,2137,1,1,0.24112883675940883,0.08338493070938742,3.9747954231790033,1.4337164994849474,0.4253150059257132,1.5813655117659997,-82.1459034567083
4063,2138,4,2,8.898113616114653,0.5944301083928109,5.818738187989974,0.08396466882027293,13.23723202073155,26.982116197305295,-5.030698418952044
4065,2139,3,1,0.1484798382871736,0.08801807548955012,3.950159008001145,-0.6635773707960284,0.24268757787573253,0.8575350361150926,38.020183481150596
4068,2140,7,1,0.23955112151185748,0.08099454778814992,4.002226828645912,-0.6550974887591242,0.37752538199081676,0.8989802621780725,37.534322602562575
4070,2141,1,1,0.13434515551685294,0.05897369202018998,3.9735762018689997,-0.5509480972519541,0.2559401008924138,0.6986359502956546,31.567001012274307
4072,2142,1,1,0.14640438265091466,0.06572871576719856,3.9567091878490404,3.0113635792739344,0.24100788887037683,0.669680618301322,-172.53842314276523
4073,2143,7,1,0.19393178930315857,0.06656459656720845,3.8041530649844546,-2.9284268961769113,0.3206031323025161,1.1869234311841579,167.78650025122
4074,2144,9,1,0.13841998672428352,0.05984256433018689,4.032974790080946,2.039393185822936,0.23469148481929714,0.6892848070826467,-116.84862296636543
4077,2145,1,1,0.1454583086530594,0.0780039051680576,4.096828298233699,-1.5334164808322381,0.24352618799621467,0.6654007174092098,87.85829282853636
4078,2146,8,2,8.94499561705421,0.5974415728248158,5.854275772395047,2.281700632079501,13.305780961869116,27.16020848619834,-130.508387730486
4079,2147,1,1,0.21008389643436984,0.06545102826943122,3.8988532784877092,1.2267475453265475,0.33318044323298845,0.7926541943264712,-70.28745568217262
4080,2148,1,1,0.1279187207527531,0.08383540660942465,3.808795649828994,-2.4994628572461766,0.19546326169958114,0.6273499536722353,143.20867285294008
4081,2149,9,1,0.14105207815488363,0.035869660575862064,3.906318871358414,0.33259649522424495,0.2172219580094956,0.692826363861555,-19.056376040019774
4082,2150,3,1,0.2039141247319578,0.09192135791443652,4.002916614269148,0.21180854510926037,0.3421661305836973,0.9994351018200132,-12.135738026184978
4084,2151,1,1,0.11143916682637817,0.05857935890706058,4.000653138435874,2.5828598557833864,0.1867986195683745,0.4429030978499439,-147.98696850488233
4088,2152,3,1,0.1640580361367182,0.04936198948597863,3.950256065421771,-2.6077689223954685,0.2506177314876631,0.8468925867002293,149.41415253339682
4089,2153,9,1,0.1515226235891176,0.032928413748172417,3.8394569776979823,2.188028962839826,0.27961718116341017,0.5274511464333125,-125.36482567290345
4091,2154,3,1,0.1440393906959774,0.051328418092365075,3.906101275256318,0.4637371646373654,0.3067244133572182,0.6743576196552757,-26.57018314315611
4092,2155,1,1,0.14036166286728527,0.03740726763781905,4.041538459902202,-2.6325711374042724,0.252713170588123,1.0755814359372735,150.83521607178116
4093,2156,3,1,0.14312926432683096,0.04073378630423747,3.9576772401671017,-1.459479934210207,0.2111620840490815,0.7837955920367642,83.62204037762943
4095,2157,1,1,0.17051494132827508,0.031414298794282224,3.8094211481634814,-1.5489994929479638,0.22082225863129612,0.7648424891291988,88.75113314348314
4097,2158,2,2,9.054926099023515,0.608023159462517,5.898505924308243,-2.384014479113027,13.466435093374534,27.47448387578788,136.36205887599783
4100,2159,9,1,0.1921945545731718,0.07091148154200577,4.0968818007205146,-1.6870825688018367,0.30944167431311853,0.8342558953368597,96.66271268951475
4102,2160,3,1,0.14317991034871494,0.048177888726189604,3.9239245862999903,0.044522674398399735,0.221367999793581,0.7040258772438903,-2.550961389578186
4103,2161,1,1,0.12906574103047197,0.06548272574169378,4.002056442526967,1.9974345110895995,0.21519213445882002,0.7794150406305603,-114.44456763113809
4104,2162,7,1,0.14761859504931166,0.05938800215940899,3.826604873653919,-0.6224971893323985,0.2867214138571695,0.6696671749412098,35.666462418060554
4107,2163,4,2,8.811371314627877,0.6207627352835926,5.810858570063418,0.7755407076955532,13.110352522411793,27.074762182499466,-44.648617893561266
4108,2164,3,1,0.12328874559147428,0.049152540561649354,3.984894447316279,2.4982429127404115,0.24521472657066815,0.6082176085425101,-143.1387746891857
4109,2165,7,1,0.18145028716760428,0.0485616036321693,3.979583678219086,-1.667848677363541,0.21802828348317152,0.8694386396210229,95.56069023738247
4110,2166,8,2,8.800365509132082,0.5938777679181773,5.838849158208297,-0.13643383145610377,13.094253931919733,26.7890140804394,8.029679856630993
4114,2167,7,1,0.23114703671009906,0.08355087515879418,3.9445293015830587,2.805239662809067,0.40776393963568247,1.3550013941727277,-160.72839052714176
4115,2168,7,1,0.17891268267715107,0.06558251791977186,3.816231405009394,-0.417655518594438,0.3002769764510266,0.8903230510374867,23.929900193853882
4117,2169,4,2,9.01193201167738,0.5915774758015293,5.797653527090742,-2.6100187297909185,13.403615366961528,27.438279616568018,149.31449102463515
4118,2170,7,1,0.21578552959319902,0.05100018009487354,4.043403816436148,1.827253045801143,0.33360063537854245,1.15366881444267,-104.6938893751942
4122,2171,3,1,0.23210507162404428,0.08935318193760708,3.8990848542854324,-1.3324662408700605,0.35307792511462427,1.129971851130026,76.34468952726867
4123,2172,1,1,0.18602086149153207,0.07035137276011312,3.9040256450429625,-2.1188387094122456,0.3387126195606523,1.1823954199843398,121.40051658093769
4124,2173,3,1,0.09729426764831395,0.06132308358134956,3.860125173793093,2.866536169254588,0.17807394210877225,0.5916366749852224,-164.240424245301
4127,2174,9,1,0.14816019508532868,0.11189895014663093,3.904923212867293,2.2584061347273785,0.24618401724404798,0.8885040721233101,-129.39713946175658
4129,2175,1,1,0.16209409917803355,0.05347117397877628,3.9318285360624388,-2.0009982525479555,0.2641428928442955,0.913450103471049,114.6487556845911
4130,2176,9,1,0.15631566243239897,0.04886406880927812,3.7816018036351964,-0.8969340742168378,0.2757027085024995,0.7413665950237349,51.39053648899971
4131,2177,3,1,0.12552829414332672,0.07126885344033561,4.011304088898611,2.12920370663692,0.25326189518937486,0.6531441372835025,-121.99438662382808
4132,2178,1,1,0.10576454929291047,0.058874379766931814,3.905796573677415,-2.1720040542407264,0.19304298929514527,0.5299707826739251,124.44666548053257
4134,2179,2,2,8.844424672413668,0.6242976879335442,5.922891172123803,-2.390155319767178,13.158708443923528,26.917342622345014,136.72995432649455
4136,2180,9,1,0.10250270728136801,0.055737714382456706,3.87474288379047,-2.7094184173644487,0.16781029971910488,0.5398734078243581,155.23824017594268
4140,2181,9,1,0.18659798103087935,0.04314425125185724,3.8644467248252496,-0.09516236288418309,0.2962854622542418,1.018832147722959,5.452401754831393
4144,2182,7,1,0.12776767499216848,0.05489311513434418,4.154971010243655,1.3536731868359664,0.21214721235193362,0.8634689294227148,-77.55976046916118
4147,2183,3,1,0.19645331319038,0.04718196067296653,3.8498134292682735,-1.3316639431082715,0.30221486047124324,0.9712483934823112,76.29872205282952
4148,2184,3,1,0.226991621391295,0.07398953045285443,3.8831955782202656,1.7501334820662862,0.3693465460711335,1.0391212623799186,-100.27525869009331
4149,2185,3,1,0.12693159298449283,0.07514194579484397,3.9331773314972716,2.663153685938474,0.24631456873674887,0.4163502931929137,-152.5874660016135
4151,2186,7,1,0.14032358503170753,0.02945144470846224,3.731814821882355,-0.7963080208690299,0.23313377845719188,0.5073974956779909,45.62508869665181
4155,2187,6,2,8.905831460114356,0.5906241068050196,5.66750261905936,-0.14879247928622497,13.248520069800268,27.087787121613232,8.745640300265853
4156,2188,9,1,0.13000892521918334,0.03874068970183423,3.7633559223875155,1.1655176514209156,0.2374800671714665,0.6136404984806549,-66.77924201435981
4159,2189,7,1,0.14419367194616717,0.0421172832068856,3.9165261904132733,0.38318093248582086,0.25414389810637916,0.6383813413320897,-21.954651062285787
4160,2190,4,2,9.233213211560106,0.5964948189502486,5.947290234148272,-2.035148252579618,13.726757379797506,28.033654905657254,116.85153174683711
4161,2191,9,1,0.1862516307568334,0.07006970095147536,3.862179021444711,2.8903587941263,0.29218731980944296,0.9119366034192521,-165.6053588828368
4163,2192,9,1,0.10880678118945027,0.030944548064078654,3.8313231062116353,-0.7522404711208369,0.1890293170811636,0.398121235019163,43.10020420439779
4164,2193,6,2,9.10555780378446,0.6325242467660299,6.121434419828845,2.491994158292648,13.540389673712484,27.934520414756825,-143.01663574679606
4168,2194,3,1,0.14077198841601746,0.058077876874653114,3.980034237355863,1.7206866064364552,0.2207807734694874,0.8267597432731699,-98.58808042568663
4170,2195,7,1,0.17550124736993739,0.06991525826202123,3.90566529628234,0.6317775160845545,0.3309885337613613,1.0818635491029092,-36.19818395972502
4171,2196,3,1,0.1387516961107438,0.030280659022598265,3.883221187024398,-1.9358171752194198,0.27002649796165457,0.9290184515510101,110.91415431468421
4172,2197,9,1,0.1435726168058395,0.053132214560516436,3.816715703620345,2.450628435390137,0.2737286791852189,0.4759482431670476,-140.41066605949678
4174,2198,9,1,0.14090333923491477,0.057154543290396424,3.960375188465234,3.0099014394972383,0.2182982479811583,0.9954225145319473,-172.45464938091686
4178,2199,4,2,8.84843125069983,0.6075125362609495,5.5855710081120264,2.8134935256121496,13.164568964829598,26.938668583840727,-160.98514862461798
4180,2200,9,1,0.19284852024874558,0.09252587593187017,3.9694180946109086,0.9835749254548288,0.3113244112993241,0.9833592295887617,-56.35469146654457
4181,2201,1,1,0.13119005052468585,0.03591695150920884,3.9243172534401367,1.3318946212130474,0.20962304745624438,0.7008462019580279,-76.31194055825745
4182,2202,7,1,0.10786769374095603,0.02793366888494625,4.088098835775407,2.645773114351359,0.18355714918037952,0.6729890773747492,-151.59163301865422
4183,2203,1,1,0.12523929130618752,0.034048265492486345,3.9625016817797962,-1.121071621916281,0.2026996213271078,0.655075558880976,64.23267205630957
4186,2204,1,1,0.15205107415859573,0.042450576913319535,3.8691356945718085,2.4921219413605966,0.29025000746680046,0.7242641957405168,-142.78806882372157
4187,2205,1,1,0.17434974956820867,0.08783424763578337,4.021789187249098,-1.9937095320054377,0.3190402132588084,1.1559366353800482,114.2311432814051
4189,2206,3,1,0.1817632823713718,0.03252581521127534,4.059881859023276,2.4342321565428007,0.31263189716989087,0.8031279880498959,-139.47122924030708
4191,2207,7,1,0.15539635016063538,0.04016694256312248,3.8693043979549784,1.6971531309504826,0.24202025292620483,0.7805975906030349,-97.23971228515495
4192,2208,1,1,0.18061516723450124,0.01966636241709361,4.014181581459566,0.7946425049826935,0.34522518016542225,0.9724253243647846,-45.52966123810042
4195,2209,1,1,0.24473958393553955,0.06533231029770792,3.8773674109047223,1.0244288645379378,0.4636481278520528,0.8137029382044295,-58.69544839339844
4197,2210,1,1,0.17404615282167238,0.03703786446114251,3.799255904515634,-0.9903514194051833,0.3329363092747385,0.57936197143641,56.742955791193154
4198,2211,3,1,0.2150993590887417,0.06426275686806643,3.964362339430379,-0.4087539928052375,0.3245846817059891,1.240766358015967,23.419880304175113
4201,2212,9,1,0.13202533993547427,0.035086063536753746,3.9405251643526626,0.46052610307707087,0.21962354099362355,0.8039355916778727,-26.386202369172466
4207,2213,8,2,8.99361798363872,0.6146538911147487,5.90841926006121,-0.013686996247003418,13.376854934176276,27.369476447204196,0.5570542858072421
4208,2214,1,1,0.22510857250092411,0.05670472880578188,3.97574321872978,-0.9217371289148066,0.42236659125958154,0.7218149377228065,52.811645047956645
4209,2215,3,1,0.1851962782565179,0.0809283332008121,3.938060942329362,-1.99510413356941,0.34958256687546985,1.2646403407322624,114.31104694322437
4211,2216,7,1,0.15802228178657693,0.035640291271776564,3.800010712380883,-0.6179412757419596,0.2898810045476989,0.5830619434458933,35.40542787456755
4213,2217,9,1,0.12900799992430126,0.03943630073341752,3.9570048825594584,0.27871180057268513,0.21908172758056066,0.6904748029443741,-15.969010190847092
4215,2218,2,2,8.815023420056328,0.623721101876172,5.961754244917384,-1.9901376507243762,13.115696073255494,26.7605844083499,113.81280988524489
4216,2219,1,1,0.14166093901608484,0.04858640718481265,3.9292335906017235,-0.2711923643642201,0.24728630996320844,0.9292560008700181,15.538178234164379
4220,2220,3,1,0.15087698629215004,0.059498406192937114,3.862475166942531,0.28329010864592424,0.299330429256352,0.8782528214110243,-16.231328183402965
4222,2221,3,1,0.15452627984856557,0.06080307190782777,3.8424619943085263,-2.4052572707707784,0.27561650850946384,0.961574527063488,137.81109013014546
4223,2222,7,1,0.1852354458096386,0.05551917995922663,3.8372842044047757,0.48282454603366537,0.32193494800094213,0.8886210445559491,-27.663809612533395
4226,2223,8,2,8.999914110836373,0.5917212369184031,5.644796250448078,2.045495311189918,13.386056115815947,27.378409695471174,-116.97061008442981
4232,2224,3,1,0.11691122515057949,0.037763755112132515,3.877874631918293,3.0627819924712103,0.17403130038664727,0.7534943579168034,-175.48448164914194
4235,2225,2,2,8.769320903888985,0.6287259379902662,5.587300333566141,2.593025156267825,13.048821589046323,26.60851924705879,-148.35907782273023
4238,2226,9,1,0.14010624268109134,0.06712548060594642,3.7362940202594137,-0.44346755457831516,0.23989105064482483,0.827085913631103,25.408819882582552
4239,2227,1,1,0.2126579529628106,0.05340162780023389,3.799266315670907,-1.0991376483376618,0.37364737469592707,0.9316830265887822,62.975946958725615
4240,2228,1,1,0.1490365952316839,0.04414992924315794,3.934901025151587,-2.4359022906187,0.24686922186323743,1.0319992869682717,139.56692087534142
4241,2229,9,1,0.1888581273361815,0.05109805357395036,4.084147734242021,1.803128466722132,0.29637903727900583,1.0264702095598126,-103.31165198255697
4242,2230,1,1,0.12941313730164555,0.017693842633301354,4.046203120536026,-0.4230324789032562,0.22449598301345677,0.6514012146403847,24.23797583703991
4243,2231,7,1,0.1395867218746825,0.032123320016387506,3.8395257512804806,-2.942693318675577,0.22897038695207236,0.9127685172637581,168.60390770083274
4244,2232,4,2,9.0474018888453,0.5998704460787937,5.9332961795732935,0.38025722132858514,13.455442827716498,27.440081283315827,-22.01845563861142
4245,2233,3,1,0.1114189009769333,0.037160442415708775,3.931552320030056,2.413307504445456,0.197282338637681,0.4123644612397743,-138.27233482617683
4246,2234,1,1,0.14608615068065972,0.0684221349689138,3.9055182798042893,-1.2059228368781256,0.2438029907530763,0.6733586857865997,69.09428828839098
4247,2235,8,2,8.938324233994047,0.6040658922585138,5.831669981002309,-0.28493922450439374,13.296026462189916,27.1232931860733,16.102894126819304
4249,2236,8,2,8.89662960281287,0.6139063884056993,6.046710796790113,1.2246608013267462,13.235061984342325,27.018792634211298,-70.38766073493889
4250,2237,1,1,0.24219665249261665,0.0791201815606103,3.863052145065738,-0.010404039689477328,0.3590312507268197,0.9148796358423902,0.5961084367988194
4251,2238,9,1,0.17741821700993304,0.05446904724281299,3.8568782946907247,1.9853527339012333,0.3104482412026903,0.8484104035223626,-113.75233411032323
4253,2239,7,1,0.1575076594597923,0.06358582549232707,3.9923962911960906,2.8227321141938373,0.23832345292241253,0.6799752472409639,-161.73063606071437
4254,2240,1,1,0.19705928162249778,0.06819492150664444,3.9333393651472464,0.41917138279328486,0.3190201763119786,0.8760609165130219,-24.016752843212906
4255,2241,7,1,0.14343699429394566,0.020577761271407476,3.9578448557865946,2.6628703643628993,0.25175556758624423,0.7750975614382851,-152.57123325031174
4259,2242,7,1,0.2079900496136837,0.10275915935079276,3.965646847912582,-0.004449560804410012,0.3262524109027047,0.9384680221854811,0.25494198595818024
4262,2243,3,1,0.1516532692893297,0.047659077299359025,3.921909477699687,2.781886162197625,0.2687972563611596,1.0558910264205594,-159.3903360121839
4267,2244,7,1,0.19343488011455615,0.07145417654209171,3.878768402914596,-2.2296590568882944,0.34274113543889334,0.673555648317391,127.75005300842399
4269,2245,4,2,8.632031274424204,0.6282267522860046,6.04450909351767,-2.2159337695895607,12.847822391329665,26.2276814291819,127.16410079503036
4271,2246,4,2,9.155997681528818,0.6080272276792992,5.802064940047021,1.7011975422837735,13.614047686334235,27.79847564052865,-97.71133708204145
4274,2247,3,1,0.14164633759868822,0.05001107508885963,3.987684963779542,-2.253245231080418,0.22193694751689055,0.7135778008951214,129.1014422827238
4275,2248,8,2,8.437854710441197,0.6174554662413297,5.680434059598278,0.7865952601502356,12.56326806326501,25.608610407746387,-45.25562071704571
4279,2249,1,1,0.13686093421813633,0.050982094822616446,3.8601669436232284,-1.0726015773292246,0.23431057840645514,0.6383586552663681,61.45554300700948
4281,2250,7,1,0.14774903965073438,0.0769258790586985,3.928316234305542,1.7794417605959543,0.2873498602151105,0.7845593306077702,-101.95450351756551
4285,2251,7,1,0.17359427028094057,0.07199538074595911,3.990340752191622,2.823670003796425,0.26721911507536245,0.7889893424874196,-161.7843726609125
4287,2252,1,1,0.17704355306642444,0.021834048947605707,3.8300928474409566,3.0652440099306233,0.22115916879571818,0.8098476975319825,-175.6255447306978
4288,2253,2,2,9.119266283258183,0.6063176423604899,5.87110217331093,-2.446637574485318,13.560415779676033,27.830750588822283,139.94503382443227
4289,2254,2,2,9.18853771687068,0.5963002166008866,5.906874932203233,-1.5805201776015685,13.66155352080193,27.951997267345302,90.79964482954887
4290,2255,3,1,0.1752586384110437,0.077830970955444,4.103191020856317,-1.2761497407461913,0.2848908912091737,0.9668277733367963,73.11799457640487
4292,2256,9,1,0.17964496223041557,0.05560496736349474,3.8395065920049776,-1.8069098975518396,0.27610618206015924,0.8154975603022561,103.52831242235344
4293,2257,3,1,0.11933404589700469,0.046066312569443685,3.9569026425805127,-1.5168759880541163,0.19323120773853053,0.817485032876355,86.91059214253379
4298,2258,2,2,9.361401108492206,0.6131689303339941,5.858228354267704,-0.7365921119064814,13.913747986667193,28.423063133769347,42.460328077030006
4301,2259,3,1,0.16519550250602397,0.03586842613506682,3.81550331243956,-1.3446880700085866,0.21332069349608412,0.6339666749927152,77.04495085772318
4304,2260,9,1,0.11100756488168587,0.07390027568038962,4.056466838096827,-0.5949845548955884,0.21516923001556734,0.6610050128798677,34.09010346537988
4306,2261,1,1,0.14772976819856704,0.05449378281255977,3.93175126765799,-0.7113923936743352,0.22882776143711092,0.6308642170387035,40.75978176197806
4307,2262,4,2,8.93181462709151,0.6012387982273512,6.0250270091843205,1.7234055753920476,13.286510276177932,27.189244409607127,-98.52143965056597
4310,2263,3,1,0.16231282032810565,0.05463705459479134,3.9103111061366533,-1.170660228599687,0.2642582509160769,1.066325059850884,67.07389054322468
4311,2264,9,1,0.18426777199091632,0.07514896556555947,4.020925883371946,1.1764083737800906,0.2767124854150883,0.8461210755980734,-67.40323377302278
4312,2265,1,1,0.08553157293750921,0.05475014301657431,4.101100312984982,2.579163946375941,0.14985297054971372,0.4864699880911445,-147.77520868489026
4314,2266,1,1,0.11944743985730875,0.07285439379612872,4.010539739317226,1.4510250687849717,0.20189383049021045,0.49455041907396513,-83.13761226737347
4316,2267,3,1,0.14408054740171167,0.04968978137568397,3.9294778339330145,-0.462753065515009,0.28331117639058817,1.0643822406811028,26.513798122306657
4317,2268,3,1,0.10887676527303485,0.05286501420679438,3.8802077974505993,0.7359072444237563,0.1993838719742022,0.4654321412298779,-42.164379121300115
4319,2269,3,1,0.13106490798240705,0.0428042589795137,3.935226287580936,2.1541458232613517,0.24766541377534332,0.41916791295159445,-123.42346444754793
4320,2270,4,2,9.264300091633622,0.6184783556935628,6.157452205379644,1.9756351019407123,13.772118264651468,28.119106886908636,-113.44421783516795
4321,2271,9,1,0.24689447809290269,0.09400832337233579,3.9749377585439944,2.5633251734963443,0.4390393504998588,0.8787692615786781,-146.86771149042468
4322,2272,9,1,0.12470586655726525,0.0921690892309134,3.94579923956555,1.0245469572909875,0.21999698369636886,0.6253809471482694,-58.70221628401686
4324,2273,3,1,0.20180135445339809,0.08008080099388626,3.9859851123273975,-0.9265325586242842,0.3644022726561486,0.7714885495024947,53.08640617435722
4325,2274,4,2,8.908494766040668,0.6041278472402017,5.599434429359375,0.5985732986046367,13.252412946151427,27.05345222581495,-34.0750634470476
4330,2275,9,1,0.24820119706016577,0.08341156227699704,3.8880727025258777,0.32550263666835655,0.3829281286802189,1.2828181063701916,-18.649930338337185
4331,2276,3,1,0.1476182027014319,0.07422153172185852,3.9607464756240374,2.4427754872449774,0.2228103642054514,0.8293955868090298,-139.9607254894989
4332,2277,1,1,0.15303906268721224,0.0742639418978029,3.859539547250489,-2.473726453024739,0.3272041972815736,0.7244377302412011,141.73408458208456
4333,2278,3,1,0.13809011119024056,0.0951090575268945,4.0556593852880845,-1.087084079871015,0.22649838121982477,0.7244940772812346,62.285329678049486
4335,2279,9,1,0.14632089524403824,0.05662363220424869,3.991206232763447,2.2640037695647544,0.2569175018120946,0.5219260467590398,-129.71786111423626
4337,2280,3,1,0.2606518631876536,0.06239363798448683,3.743300413950242,1.2454589389502333,0.4008039208701673,1.1584200737826127,-71.35953673774506
4338,2281,1,1,0.16443273920214044,0.05893319391711022,4.047272323719051,-1.2580882282444825,0.240103947790027,0.7734693504949172,72.08314527334278
4343,2282,1,1,0.1379062817386325,0.04918662284033196,4.008381681132704,0.6541172747694431,0.2579017024755037,0.5804071882696096,-37.47815938068788
4345,2283,8,2,8.786741104568131,0.604993005827127,5.755973479958326,0.5526628048560634,13.074315335006679,26.721438302973013,-31.87684183330661
4346,2284,7,1,0.1344372527160051,0.05043524237916329,4.044529975209636,-0.7503629592903597,0.23048748463666488,0.5101055429459904,42.99263053607536
4348,2285,7,1,0.1427906007907047,0.051514845390311335,3.8296691632501414,-0.6599134682723263,0.22467038794337638,0.6154258290595097,37.81025675614778
4349,2286,9,1,0.14598776690605914,0.04095691615867464,3.939499511899862,-0.7572297085038616,0.24956772311475167,0.6711138903633598,43.38606630505548
4351,2287,7,1,0.12467120816795815,0.06709352181883335,3.8269540356319554,0.8648275340015241,0.21631461755577966,0.4066754299377715,-49.55096757260978
4352,2288,3,1,0.18926203909061262,0.0452399279495493,3.9157028010052626,-2.6101258175815003,0.33880441985324844,1.0790159701647293,149.54919286790837
4353,2289,7,1,0.16437365946402255,0.06427464401709015,3.9325789446697854,2.3256815075676722,0.2712527983544536,0.8283391724639201,-133.25173576781432
4354,2290,3,1,0.2274554275095417,0.0683268293262823,3.872603857065915,-2.0470890522752234,0.36429102658781304,0.9430374835985212,117.28956462638588
4355,2291,9,1,0.16805413813451858,0.04941869822573219,3.8478535364332913,-2.3719504251737713,0.3025074265566316,0.7834455439407627,135.90274877987198
4358,2292,1,1,0.1157992000520571,0.05536806075576711,3.79862614797551,2.230823258862362,0.20403807864612333,0.48852767013872145,-127.8167577633638
4360,2293,8,2,8.786308445786094,0.6296865861048621,6.078496522828854,-2.5736937055524765,13.073681619574664,26.671311725131414,147.67335093880132
4361,2294,1,1,0.15239969191543115,0.029179871228910175,3.9626890004073054,-0.4522041912969687,0.2249518322559676,0.6682581222648643,25.909392205547384
4362,2295,6,2,8.995262220610702,0.604843977063998,6.034924057830792,-0.6742855091450094,13.379253547710238,27.258158130127683,38.406434268010024
4363,2296,7,1,0.18695729076617412,0.06138224854216372,3.7871468624705225,-1.1933807379241232,0.29218949309644926,0.9645118567982177,68.37567859923821
4364,2297,1,1,0.13878145978726375,0.05131796142603384,3.926168268080506,-0.8205349334675333,0.2558296557634846,0.6172460301151715,47.013188115053396
4367,2298,8,2,8.777877190150859,0.6258309672410146,5.777314434229837,-2.8309788363655772,13.061344149085427,26.64075951606648,161.99219342976767
4368,2299,8,2,8.890716676096224,0.6006626911563225,6.015026364827069,-2.586079689942341,13.226414573697289,27.016945916943513,147.95213122780203
4369,2300,7,1,0.21437409721543493,0.058691613924636905,3.9392682731977517,0.1760660665836693,0.30909678123368844,1.0530748736797821,-10.087844084106765
4370,2301,6,2,9.02704456967534,0.6026199830560819,5.838038585432426,-0.17624227868303988,13.42569890086663,27.41491747561394,9.868201002461486
4371,2302,6,2,9.409634845271158,0.6074855602363981,6.07316557655858,-1.4044350823667056,13.984067869494746,28.58077749174122,80.72897290080489
4372,2303,3,1,0.13440739041929675,0.01680956740349858,3.908697231363837,-0.16637461331041664,0.20924846427072258,0.7265907135292455,9.532563368177701
4374,2304,1,1,0.17909986201532702,0.058841234031701224,3.9405575835892974,0.4580073620003077,0.27836217022697035,0.8608746715765119,-26.24189004589323
4375,2305,8,2,8.903449426785384,0.594368234036931,5.931307743123256,0.768471038434184,13.245035505114037,27.071577464592004,-43.80986767252786
4378,2306,9,1,0.14014483335682465,0.030066304958230733,3.997687700092883,2.4482925327037157,0.23125394784028144,0.5057263639575535,-140.27682905523244
4379,2307,3,1,0.13430986252573265,0.035931937251442336,3.8678758073797077,-1.78910856998272,0.23850996284141923,0.8598653116536837,102.50837057769965
4381,2308,9,1,0.11961031629675366,0.0385432679392797,4.0025155032758715,1.615273448429006,0.19489314616199574,0.9696518100900736,-92.5483513030957
4382,2309,3,1,0.1535462005427792,0.050510366997176065,3.7987044699059576,1.0386122798435333,0.2698588672560091,0.5259255660287868,-59.50809963376595
4384,2310,4,2,8.79461642877204,0.6078500393937629,6.001039650620019,-1.2487810483238067,13.085837966546947,26.669755758010268,71.33770949966441
4386,2311,9,1,0.10634016663360575,0.04861997113074331,4.135879652463748,-0.8579526878938343,0.20200055649667853,0.51162286131522,49.15706785723239
4387,2312,4,2,8.891305667087934,0.6133433849989404,5.974743836902112,-1.0784785939846082,13.227277856198766,27.07743563998954,61.57290692229518
4389,2313,7,1,0.1848612710869218,0.031927392646963995,3.917296537366119,1.9439333289477991,0.30241848882429434,0.9682153943126315,-111.37917598529033
4390,2314,8,2,8.639489198212617,0.6000792011032363,5.734105520932934,-2.266045043989662,12.858747554834613,26.25563430389806,129.63384112712782
4391,2315,8,2,8.738779052459682,0.6152871397323499,5.971688439563296,1.4715303101482438,13.004121729165403,26.52853496946585,-84.10438050866885
4394,2316,3,1,0.1324388554885249,0.06133765193391738,3.985159968113499,-2.5765668010093123,0.22094927659922953,0.6263388896749688,147.62640316785973
4396,2317,7,1,0.17449833561286876,0.07457524909505442,3.954388817196854,-1.9539760461331626,0.2690272893806257,0.8388651480549496,111.95458173445994
4397,2318,1,1,0.1440987126418135,0.07767555521436532,4.023487997754751,0.27198769970861103,0.24530679615847953,0.9930402435797203,-15.583747235355728
4398,2319,4,2,8.651687786747498,0.6232818232040838,5.860493607821955,0.5137514708764149,12.876612714026015,26.276565794650747,-29.23394929874484
4400,2320,1,1,0.1454073508937624,0.07128000862406988,3.965258449975117,2.669145399917596,0.2507211728291064,0.6209788174136333,-152.93076611833874
4402,2321,8,2,8.864722711491824,0.6174137784665702,5.900013030549157,-0.8763546007074984,13.188398357174119,26.920198957031023,49.99404845078743
4403,2322,6,2,8.912965247468255,0.5973544559992202,5.871938090473214,-2.919771226549902,13.258951061628489,27.077116276404304,167.06957035388731
4404,2323,1,1,0.11780027719582441,0.08007780092106077,3.9501205430587887,2.2640528402324396,0.22588343934908686,0.8370228755662771,-129.72067242924683
4405,2324,1,1,0.14572221698572105,0.0403703091309076,4.066878983690698,-1.6577935182480183,0.18393331015920372,0.7402458435310583,94.98457206641145
4407,2325,7,1,0.17223847573586432,0.04747841131511513,3.766986895744522,-0.4974778412591028,0.306885159860817,0.7174068919623123,28.50338138688367
4409,2326,3,1,0.12895831997412352,0.03527555814883547,3.8175461871327783,1.5032434325145632,0.19896342663885724,0.838380469077764,-86.12950423263219
4412,2327,6,2,9.038850029451238,0.603111429391898,5.87767826944422,1.5821151125313233,13.442950008402377,27.469877694062415,-90.41786328407893
4413,2328,9,1,0.13393200166938027,0.0569223223040686,3.817777680382671,2.7752040845511887,0.21908372229671888,0.6680959503153209,-159.00748099294367
4414,2329,9,1,0.13900648101386417,0.06456157822825438,3.929331375590075,-0.6689629352763128,0.25174025879812056,0.8120123258580031,38.32875240608252
4415,2330,7,1,0.1644853754408423,0.053202010415571196,3.8124067303985982,-0.46005991674497226,0.23611386089870365,0.755169068304951,26.35949197411742
4416,2331,3,1,0.1461232826730594,0.05323211592903528,3.877960018260456,-3.1003274094736337,0.22513848276824105,0.9658724916895344,177.63567539177717
4417,2332,1,1,0.24281936654327707,0.07505052530234413,3.901072214744624,2.569292732418653,0.3738214907586919,0.8939187316623987,-147.20962822313703
4418,2333,3,1,0.16748373336035946,0.051272275534466824,3.978614136491592,-3.1088904801116186,0.22620649866742332,0.8921922407414116,178.12630345892853
4421,2334,4,2,9.0960318529904,0.6063531094114251,6.116376911000669,1.19334041820438,13.526479511909825,27.681345951664277,-68.60850527199592
4427,2335,3,1,0.11800128967846035,0.055819984352871437,3.9620018016847767,1.9969396120204121,0.19419521453875485,0.5355826418401619,-114.41621215916938
4429,2336,8,2,8.79555364500902,0.6019970958081157,5.907756886698957,-1.5265767406432516,13.087210533952488,26.72219562342599,87.67864735452707
4434,2337,1,1,0.13347677711486033,0.07526491795362036,3.882968264407475,-0.745966568498273,0.22414870737649356,0.7769914198979551,42.74073602742538
4435,2338,1,1,0.1373170363434274,0.06494385400497223,4.011066039370892,0.040878202417947096,0.22656391140229704,0.6743065100624858,-2.3421484143557425
4437,2339,6,2,8.826268776537436,0.6564089891062957,5.932497897710194,1.174738721325263,13.132141703192207,27.00693055544694,-67.09306069810518
4439,2340,3,1,0.23290244831226672,0.0716379256546039,4.02596294925038,-2.1104276786887715,0.3846997538326951,0.9761578271634315,120.91859965604962
4440,2341,3,1,0.17549984397639734,0.06141736106435756,3.891650477872473,-0.8618357316421174,0.33214522816385594,1.346991305399796,49.379550268764426
4442,2342,9,1,0.17112660624822287,0.06562071893268645,3.8897336619971825,-0.3201075877356636,0.31817120187876113,1.1324564496078093,18.340814684626793
4443,2343,3,1,0.1359954918314707,0.06136199971500058,3.913136949905855,2.738715431454759,0.22806848960656073,0.8024427130578545,-156.91683547404077
4445,2344,9,1,0.1296889002590678,0.074417420688922,4.067942031256942,-2.9134320954486053,0.21690326517056632,0.5781321288270265,166.9273627010032
4446,2345,1,1,0.243180399922123,0.052028544155387865,3.9432293643658696,0.31126196910653103,0.36811868261176434,1.0450351820087718,-17.83400046330558
4447,2346,7,1,0.2930992126590164,0.13256234886710275,4.029434806052091,-0.07306902708471459,0.48346582135432925,1.9712627708275476,4.1865494105802075
4448,2347,3,1,0.16689755419449204,0.029196026362099267,3.7713919281494555,1.9783230547796642,0.2809842645635399,0.7365110928894609,-113.34956231679047
4451,2348,1,1,0.18302664270703037,0.080836184715597,3.882154982178155,0.3555429767375768,0.2823485357958681,0.7619983811612066,-20.371112648658286
4452,2349,3,1,0.15516596634157706,0.049450226819747735,3.915159482764369,0.1348858681710258,0.23444151857261825,0.7392721711473283,-7.728391572510455
4453,2350,6,2,8.810995250303838,0.6014567396112919,5.858292579655979,-2.056457181720823,13.109802501197512,26.784995462786117,118.03969795577513
4454,2351,9,1,0.14228425165723413,0.04638487419165382,3.8378587035539384,2.984773170341034,0.22054003360660632,0.7991499324210997,-171.0149049483961
4455,2352,3,1,0.1657120370577661,0.06352371147512217,3.9093785007428368,-1.8380992210439802,0.3040047931553405,1.1339261421436535,105.31532811622165
4456,2353,8,2,8.839469361613741,0.6090537154649706,5.925865629789413,2.4492999104058573,13.15146035856762,26.81998091746742,-140.5500370746137
4457,2354,4,2,9.050407305529935,0.6187375880342301,6.2093740674736235,-2.755480888752216,13.459834096530159,27.49855188762156,158.10898166091422
4458,2355,7,1,0.09259320252267064,0.05253203545664378,3.843272494817821,1.5393241384320797,0.15088222333657153,0.514707844229036,-88.1967764042301
4459,2356,2,2,8.754814628992786,0.6324188924577081,6.1564711804719385,0.09337322977541788,13.027590605067905,26.626158603229054,-5.559153400592999
4463,2357,3,1,0.1574733671680806,0.048665676299823574,3.9046177254087873,-2.210106674001582,0.2576008760820527,0.6297068392009496,126.62978516868446
4465,2358,7,1,0.17761041082889156,0.044647139602255914,3.8320964646780227,-1.0267448475580057,0.30722007350604785,0.880190077873868,58.82814674964424
4470,2359,9,1,0.14270412236296595,0.05083321044991634,4.057345783375824,-0.031156013386141962,0.23591092264428212,0.9398891021707948,1.7851077628887373
4471,2360,1,1,0.15897075184327433,0.05035485259127493,3.804757276776867,1.974792813700007,0.2724210156877171,0.7057326494893424,-113.14729421314874
4472,2361,1,1,0.20247442200004245,0.0577100095870725,4.005887488908084,1.1056131963556342,0.3444007927339134,0.9821451560727681,-63.34696888708592
4473,2362,3,1,0.18991644748657396,0.049462450655349086,4.084764969749897,0.1286218172794499,0.2926324437309362,0.8980777408524503,-7.3694877052714975
4477,2363,1,1,0.12952737955114635,0.06706436043268843,4.025216009585341,2.097272805566075,0.21656781010237666,0.584621834197502,-120.1648806672882
4478,2364,4,2,8.883790399240198,0.5941736775549012,5.603404583736614,-2.118050110476011,13.216287856979303,27.003975528005654,121.13653213527428
4481,2365,1,1,0.1394607768844365,0.033778441499270534,3.843072865996818,-2.1649384266621228,0.26177064448182386,0.5043452575629205,124.04183517729432
4483,2366,2,2,9.000766496455048,0.6280106208666735,5.982390243973876,0.6944653821903727,13.387297056011368,27.359727704341825,-39.56223140126161
4484,2367,1,1,0.1643202029898717,0.04382127757680159,3.81852975475919,-1.6879580395592488,0.23079366347855268,0.8189134018401987,96.71287182573384
4486,2368,3,1,0.14897043045544894,0.07692953590399697,3.82084659419385,2.1249201441816794,0.26527264996896416,0.6519482513981442,-121.7489566638351
4489,2369,1,1,0.2738139062059862,0.07358863029754888,3.8993943629277616,2.8860657564665466,0.45770517308316294,1.7548845083410243,-165.3593857373079
4491,2370,8,2,8.812233887821696,0.603202537516368,5.783387360448154,-2.8898874804582464,13.111618015710443,26.749441089114374,165.79182802435693
4492,2371,9,1,0.11811225546235939,0.05670514233657547,3.955996172345756,-1.9593987323285877,0.21978305553529331,0.8972345782827774,112.26527778464958
4495,2372,8,2,8.904359544104231,0.6092201352517662,5.772704648267377,0.3626437220552487,13.246365509233753,27.092945392402353,-20.998302897652817
4500,2373,1,1,0.18290342812298319,0.06606032865846345,4.067240910742456,0.394481432787789,0.2900224147295527,0.8798376552255647,-22.602122576483442
4501,2374,9,1,0.09670530869579133,0.040224124142377575,3.9218833579301986,-0.3453422601956833,0.167888252775675,0.527250915453265,19.786654029490876
4503,2375,1,1,0.1533886713573031,0.09023475085016569,4.097915637444942,-1.317703240758388,0.30633246026012695,0.8395261676385078,75.4988335737981
4505,2376,3,1,0.2084192959355764,0.07420850182780986,3.898338381088384,-0.6990143590144223,0.36889497850856523,0.7808334963154894,40.05057201862197
4513,2377,1,1,0.17473557852823962,0.019917466080899435,3.9011835478181496,0.07005320549404284,0.2357233045415515,0.8291353861233539,-4.013753445701181
4514,2378,2,2,8.983295291175725,0.607247642743377,5.919013771918088,-0.40517031175642165,13.361764626659083,27.36491205388946,22.988190120587177
4519,2379,9,1,0.14698038514468545,0.040794241771972946,4.048279122839905,0.16612436397583322,0.24782382815102144,0.8770317284882047,-9.518225276119376
4523,2380,4,2,8.940551101229648,0.6097361430597891,5.876591748594993,-1.3793762119416644,13.29928367705539,27.14549318487102,78.80934507442376
4527,2381,9,1,0.15933254956892015,0.05932839707894561,3.991004078840123,1.7614989633171205,0.22512225286673998,0.8217043118571598,-100.92645647508726
4529,2382,3,1,0.15106140605768334,0.04169889719676722,4.038323592135979,-0.15078455672218088,0.20654001153022042,0.8679156265221649,8.63931870516274
4530,2383,7,1,0.21232419406646721,0.06617262977790438,3.8630432249466766,-0.1820128817259192,0.3363893705800423,1.0643080362448294,10.428571405993587
4532,2384,9,1,0.16035745544705485,0.05791953200492567,3.8494623798664316,1.3418635230449056,0.21546671850571564,0.7843955581442964,-76.88311632218675
4533,2385,9,1,0.17823860161056815,0.054173250315313365,3.915280695668682,-1.587248401828629,0.282824508420095,0.9562531266016707,90.94263577763553
4534,2386,6,2,8.861004795484481,0.5925539299105018,5.648770963916288,2.3078381735104037,13.182962451248514,26.874344950965504,-132.01229339162705
4536,2387,6,2,8.761657995547946,0.6112273678248921,5.760223762096173,2.7762351254293356,13.0376081626423,26.63316818287502,-158.85679535378574
4538,2388,2,2,8.88018917686189,0.6163843222762845,6.055847318947578,2.137144278331551,13.211019057975191,26.897827961521386,-122.23081762581536
4539,2389,8,2,8.874216554189259,0.6295071864624073,6.124172532576965,0.2332940655959104,13.202283436151577,26.94770672168838,-13.584847318599028
4542,2390,9,1,0.14197783939367523,0.06002211643424778,4.026741404949584,-1.2147561057542258,0.2374086257941836,0.7751913231952137,69.60039756963617
4543,2391,3,1,0.22341805744589088,0.07411518473698576,4.055296300633218,1.6217317144770753,0.3069797937569138,1.0184723240297218,-92.91838285700773
4544,2392,1,1,0.1515444557984097,0.06272300168384029,3.8812998788637243,-0.3669586396257468,0.2527939919954518,0.7642737848900842,21.025181651175608
4549,2393,8,2,9.049268356999802,0.5606577204281312,5.78988590395654,-2.496672887963098,13.45816752633717,27.72956068318696,142.81735195249357
4550,2394,3,1,0.17780182522153212,0.055448574457616154,3.8620154452009343,0.9673014924987056,0.308828281289974,0.6249406363074347,-55.42229194173735
4556,2395,9,1,0.10942192412722315,0.03882971441771424,3.974785744872142,-2.8418467684783493,0.16027878367704182,0.5588703132451471,162.82582578454006
4559,2396,6,2,9.12014123586912,0.5953386112795231,5.923313096348666,-0.25097379135297443,13.561691627544777,27.6673082290702,14.616781534233036
4560,2397,1,1,0.16449866375991118,0.04267873661851916,3.8786330445223918,1.8462310721154735,0.2426053984227964,1.0257353403173843,-105.78124848060968
4561,2398,1,1,0.1412915191194594,0.05444234326466951,3.914793388308482,0.5773397925856063,0.2315884488850567,0.5763178361384821,-33.079133528755534
4562,2399,2,2,9.041655109622022,0.5956632681911692,5.817887893342008,-0.40925508925330006,13.447049141498004,27.460255036569905,23.217715575352916
4564,2400,9,1,0.17592747944941733,0.04365372114508399,3.9918785205120946,0.2881884835313974,0.2948440486436673,0.9388153247076537,-16.51198492809934
4565,2401,7,1,0.09200070035462485,0.04427631768034648,4.0345243857944295,-1.1610140481335736,0.1708775892050762,0.5033427698753367,66.52120486099201
4568,2402,1,1,0.17353021688160516,0.04663879203441629,3.91059563793896,0.0435950163410902,0.22828197937633574,0.8995947500043755,-2.4978106649590877
4570,2403,4,2,8.935697912637472,0.5897996703512545,5.774881149790932,-1.3609618570362734,13.292192492255383,27.166993155633826,77.75464926366573
4571,2404,3,1,0.13874837460653583,0.07107108937066753,4.130906688559312,-1.8773644748109302,0.2375908837738045,0.7870042441225712,107.56506136907747
4572,2405,1,1,0.12593440008478998,0.04284677471120675,4.1251533049514775,-0.5271177996120231,0.2548015877149368,0.4635505063281872,30.201625638989395
4574,2406,1,1,0.12236082941784002,0.06565434333598318,3.9262590302089335,-1.5302840520492391,0.2063592819910197,0.6136089456243934,87.6788175869523
4576,2407,7,1,0.12912806261447102,0.062162703627809526,3.866393875465248,-0.3499024356706477,0.2355274264643904,0.817372658671876,20.04793302052626
4577,2408,7,1,0.12239559203259227,0.034037868110918613,4.00591023683412,-2.8170664907723664,0.19403102115860701,0.6267564150926738,161.40602012472027
4578,2409,9,1,0.14595493174522553,0.08354455073338406,3.9591792157101495,-2.7231837451694396,0.24190317672816042,0.9427127148556216,156.02693472760512
4580,2410,3,1,0.1198947099087973,0.037196689851893214,4.128426570503067,1.8829962285592023,0.21588213642634177,0.7832903242287937,-107.8877370186582
4581,2411,8,2,9.180950017974316,0.6258712079669994,6.063432438189926,-1.13330728864348,13.650476079353764,28.002416370501493,65.17562312720418
4582,2412,7,1,0.14575619313470392,0.04398345457378361,3.7942259991897145,-0.42228364118203787,0.2552687145460367,0.8412178519789276,24.195071097880515
4584,2413,3,1,0.1775049919540821,0.09213459452771129,3.862569524544927,-2.755790721490794,0.2791816868865037,0.8504455136018241,157.89517646262138
4586,2414,9,1,0.13517028594728842,0.06820233678800623,3.9732914065473195,2.5673977881806684,0.2469201223494967,0.8010416492916083,-147.10105688667372
4591,2415,2,2,8.813490164791437,0.5921787852561227,5.928161281803389,-0.5116927844734941,13.113454155890299,26.745808040264766,29.104272070569397
4593,2416,9,1,0.11640352100915796,0.046036207098448516,4.070923106611863,-2.1838766704204895,0.22777301680728415,0.42065553403425915,125.12691644903208
4594,2417,7,1,0.12202518486973386,0.05161468378334507,4.137841414327441,-2.0074231856856986,0.2091153891551672,0.7801240437500401,115.01687668315618
4595,2418,9,1,0.16913207916906753,0.055941403848150995,3.8115248490831335,-2.1502983631727273,0.3113470101168107,0.9389908852067564,123.20302053579118
4597,2419,3,1,0.1440635152454295,0.0924849573122809,3.932589829378336,0.7003112308571583,0.24189396272521618,0.6523225586530494,-40.12487811519922
4600,2420,1,1,0.12758092680770358,0.06336755693532951,3.9463102111391444,2.5010844422040743,0.2219659819331661,0.9004197118111633,-143.30158269153813
4603,2421,9,1,0.13134561412017418,0.08174297685299861,4.053705865353249,-2.9756481364377447,0.227585510376164,0.6943437169118645,170.49207911913214
4604,2422,3,1,0.21810510894824897,0.06743189252752399,3.9015540258106043,0.8865862907193983,0.3890261479664565,0.9065076100415,-50.79765138939162
4606,2423,3,1,0.12642871533823583,0.029934134566584208,3.937179942508344,1.0365328462482646,0.2458792998093497,0.40166839892345574,-59.38895710418606
4610,2424,1,1,0.17310298011845004,0.0705309164025375,4.083963214704445,0.4028559039490406,0.29470784763945507,1.0380363090244678,-23.081944198948012
4611,2425,4,2,8.909310301938348,0.5982811152654682,5.8607440015423204,0.0737907031839131,13.253604991004467,27.043022594296723,-4.007173974555899
4612,2426,4,2,8.661285555412567,0.5997813759074567,5.6079940808077655,2.2299322132638113,12.890668672589943,26.30859918542626,-127.56317987511822
4614,2427,3,1,0.11598819635425212,0.023269929919502132,3.9429120297461018,-2.4306559995843404,0.2279156539092563,0.462484608961286,139.266329913707
4617,2428,1,1,0.17714154190303041,0.052034278420187825,4.059561950691473,0.02532183059720539,0.2631796534515719,0.8193905684027493,-1.4508341919644812
4618,2429,3,1,0.15862454226303505,0.04558632382040934,3.752326786917372,-1.058532042560903,0.2809763245934016,0.6519679210958004,60.649417633580526
4619,2430,8,2,8.85284987728703,0.6062907314409101,5.868803303381665,2.1516453211906543,13.171033422958802,26.954137894645555,-123.06371064226333
4621,2431,9,1,0.1089368002834467,0.04486572261938664,3.9133483170854233,2.792111407763785,0.1939350669457547,0.6116614485353226,-159.97619928966228
4622,2432,1,1,0.13366244890402965,0.044175236233320175,3.9535012160502516,-1.7509593051222094,0.20393867045269587,0.7839550381791288,100.32257823815917
4624,2433,9,1,0.20384904477457635,0.0684457428348481,3.9905477644971996,2.845489016927123,0.32117804153850554,0.9170049035979814,-163.03450955154747
4626,2434,3,1,0.20735917253718575,0.0617118913028877,4.0241791190521665,-1.3294068972519026,0.3450484370767783,1.1699880963139073,76.16940310543319
4627,2435,6,2,8.8989506464986,0.6061219748483005,5.868877518855987,-0.9596081645634303,13.238456459735234,26.987350453752548,54.761557479571906
4629,2436,1,1,0.1439801262012404,0.03983780130521763,3.7256527658992256,-2.852415576056145,0.2180653225301215,0.8164685645484593,163.4313736200925
4630,2437,7,1,0.1347285671684978,0.05900725899430102,3.981349344622957,2.188119084519634,0.25471539925567843,0.6319614230760401,-125.36998892797145
4632,2438,7,1,0.14549219540574493,0.03373858175356799,3.991356088730451,-2.9659025984198752,0.21382268491434964,0.809551694680399,169.93370096785554
4634,2439,7,1,0.09818850120080551,0.08635655363352301,4.094707148603055,-2.025833714986654,0.16801991714956716,0.6210775918605113,116.07172212241704
4635,2440,9,1,0.17985725138106076,0.060450571621119345,3.867767221118214,-1.8950989377767653,0.28987340854073124,0.7880777665757688,108.58117250400986
4637,2441,3,1,0.11292532598630588,0.04583885032681834,3.9682685572976326,1.5982174284413684,0.170923090661313,0.561172950028891,-91.57111338640112
4640,2442,4,2,9.15278831233144,0.606397188161004,6.058334028155734,-0.4929394896293838,13.609362082103189,27.817033755741562,28.48299359399657
4646,2443,9,1,0.16445075442809606,0.05977486927994032,3.8505073833154015,-0.739472787198466,0.3046361949323939,0.6899136866919601,42.36867012244211
4649,2444,7,1,0.19209823032272008,0.06296204275937411,3.9265553664956228,-2.4102111698393274,0.34043569339728696,0.8985010350942877,138.09492749912027
4650,2445,9,1,0.09939206505664569,0.07924241443547321,3.9392436016880623,2.0439253016510235,0.1490942977755923,0.4682086972607228,-117.10829355712535
4651,2446,2,2,9.11026200418876,0.5997796652745944,6.077704638171641,-2.795066028684774,13.54726355118124,27.630237107853457,160.38174683211793
4654,2447,1,1,0.1542369263402798,0.029975152282488204,3.7789917409803606,0.9121503276722736,0.29175607732311226,0.6749504143403957,-52.262363691581406
4655,2448,2,2,9.088745379259528,0.6023585243844196,6.003033419430124,-0.0038697598910225374,13.51583803180921,27.596972988674082,0.45628249347556216
4656,2449,7,1,0.14256974029102001,0.049206101885503686,3.916704806138681,-2.2303075002287476,0.23669236776174227,0.5805831269728617,127.78720728032415
4657,2450,1,1,0.14422296862336642,0.035773978517254626,3.9276824118837674,-2.0089739790295935,0.22212562802502972,0.7323253248823764,115.10573077639727
4658,2451,9,1,0.08062568702882067,0.06732236949879135,3.9783109425171737,-2.524541572492637,0.14526183005032436,0.4007706956620055,144.64557731715047
4660,2452,3,1,0.07148536327791935,0.04601393923601377,4.0731148505903985,1.674273436054982,0.12878542313952474,0.600344711335876,-95.92880168513493
4662,2453,1,1,0.09213308533212004,0.032637506812717126,3.948132416767561,-0.6097677310135735,0.1793901724585531,0.5368356487015843,34.937117579189206
4664,2454,3,1,0.13360386001730606,0.03913361787406416,3.9878681295826715,0.36016381031659034,0.23893568258657702,0.9449328202822049,-20.635865942451016
4666,2455,4,2,8.88640052032107,0.6034352563564691,5.839854525873675,-0.3322554048001347,13.220105353897939,27.009311234905283,18.817836391017536
4669,2456,1,1,0.15566228179395278,0.06603749226503561,3.961366696975527,-2.0218252500066396,0.25108800182275887,0.8008547585712162,115.84205452678515
4670,2457,7,1,0.16549784304412182,0.05970137610610318,3.9806055651532106,3.112441764039085,0.2635026508820627,0.899865194741262,-178.32977736786276
4671,2458,4,2,9.315276868060707,0.625561892171814,5.75796630723028,-0.2785268014838527,13.84648174359905,28.44349713255631,16.2112760939711
4674,2459,9,1,0.21737826711066188,0.08025169113314093,3.925524216233115,-2.071623822964366,0.380327115101895,0.9324736177002325,118.69530351526927
4676,2460,6,2,8.952276418849985,0.5969303161725716,5.847018054044191,-1.81109808483357,13.316423324099528,27.192641393916926,103.99226014699711
4677,2461,9,1,0.13334695540328761,0.06479546852458563,3.885007429783761,2.1167940552282722,0.23018384857704063,0.6983843679165701,-121.28336610889663
4680,2462,3,1,0.172366605586214,0.0704656194583485,3.771518358869487,1.6530105393679282,0.2549050348109936,0.80147842038921,-94.71052783413302
4683,2463,7,1,0.09191065245771873,0.02842277914398175,3.83636536505377,3.1354259837057574,0.1550202930898953,0.6570814336507887,-179.64667596954314
4684,2464,8,2,8.695966471907752,0.6116244252034522,5.763582357910155,1.7135735198082862,12.941448272366886,26.444057779797987,-97.97552554926094
4685,2465,7,1,0.11627153674878549,0.06965780847767818,3.9760717041307942,-1.9001955229062855,0.18947184297042702,0.6101925940672054,108.8731840535189
4687,2466,2,2,8.497311631485653,0.6198201962264033,5.89714311251846,-1.9951593632895337,12.650431088355878,25.908461510685743,114.5052839576882
4688,2467,3,1,0.17940023988837686,0.05630090866270963,3.926931991573737,1.9780643527256179,0.2780619364516156,0.9043985989357414,-113.33474009081218
4689,2468,1,1,0.17463392543782957,0.06953199307080771,4.040232075702717,-0.39589619214121335,0.30727433526530723,0.835410536046263,22.6831825734823
4690,2469,3,1,0.13692502207441593,0.055571602472899884,3.9289564575130527,0.08674206890515125,0.20858808033843718,0.6133949315757966,-4.969954554256255
4691,2470,7,1,0.1584738361525575,0.046043102944452304,3.9994115662655174,3.055255630228366,0.21435852188392548,0.758400838047801,-175.05325286505246
4693,2471,3,1,0.12536364422425125,0.07258610033832366,4.028982054957728,-1.122935732112868,0.21595248942595285,0.6351436076487166,64.33947813110414
4694,2472,7,1,0.1336937085796385,0.0512624223012646,4.010105501535701,1.3264944235654048,0.18100892061275392,0.7432698614758857,-76.0025320148606
4697,2473,7,1,0.10621016088769723,0.0805012977817626,4.160485684581531,-2.7401198648310086,0.17300610256727464,0.42977369224792167,156.99730343389538
4700,2474,4,2,9.496239739813939,0.5783743020667936,6.171171492655482,-1.3013911529847235,14.110272026887124,28.968408950317343,74.29604839738327
4701,2475,3,1,0.23836836948021473,0.09879374430691712,4.0372062903117385,1.4312717911344885,0.41709028417742683,1.1874619449576818,-82.00582930815625
4702,2476,6,2,8.934755841612859,0.620579801054745,6.110624276815695,1.2787384333902516,13.29080920901097,27.172565127075973,-73.48896493554267
4703,2477,1,1,0.18729518060803863,0.04065668809102464,3.921033065682336,-0.06682065457428231,0.28043346913599887,0.9474423029096369,3.828541461831013
4706,2478,7,1,0.13555903005360528,0.05241391593212287,4.059743462682904,1.9168336738520766,0.23472701773350785,0.7560587704346422,-109.82647963191205
4707,2479,7,1,0.13871834988065257,0.04617555792750199,3.953593859701191,-3.0648498419549,0.21593307824512903,0.7539295099756267,175.602960671011
4708,2480,3,1,0.19282955611178657,0.06297064255042306,3.9298044279629396,-1.577402013236755,0.3006979815167793,0.9548639089678694,90.3784775467193
4710,2481,3,1,0.22768300676564796,0.07039128400288573,4.058295839537164,-2.1552035662711946,0.3584827432449994,1.0410154067388537,123.48407019544749
4712,2482,7,1,0.1585881834879076,0.06472122281489753,3.992746919215235,-0.011300418825532744,0.26598240891953273,1.0187969136335342,0.647465820729877
4714,2483,7,1,0.12200453425975524,0.05614760326433267,3.9566476131678328,-1.9925210974256373,0.2006010218347047,0.6536545486201168,114.16304971854456
4716,2484,9,1,0.13057824458410341,0.05323758243884537,3.8546224929408566,-1.3130959703124299,0.18935273708796194,0.6046105067975321,75.2348572395886
4717,2485,9,1,0.20932089481152566,0.07632556814139235,3.957707652703507,-0.4066844958858237,0.3251567190904324,0.9624554348897356,23.30130635638655
4718,2486,1,1,0.15887048437595055,0.04395372823321266,4.001073148379392,0.30815076477839626,0.26445161002994955,0.8720684801615622,-17.655738373534557
4720,2487,4,2,8.80921785122486,0.6078472590999643,5.817000023070174,-2.7545601954270715,13.10720557944101,26.75909334730091,158.03792313414047
4721,2488,3,1,0.15062565872765965,0.0710643098820421,3.952947055230209,2.416902797118374,0.25523755130643244,0.7661320398614857,-138.47832961755924
4725,2489,1,1,0.11294559905984536,0.0325203735934345,3.7121257923491777,2.1203407267721244,0.18366667090829192,0.5576094116688886,-121.4865749182374
4729,2490,9,1,0.20495808119595788,0.054952697933140726,3.885550551757221,-0.8379489266176415,0.36346138803306116,0.7627651494875475,48.01093534094514
4730,2491,3,1,0.13112499733971023,0.0322224078303834,4.076421052932065,0.15054154286445973,0.18950919659321455,0.6813313015952545,-8.625394959947759
4732,2492,3,1,0.15405281273327046,0.049217650165086,4.058629559304829,1.8204581224652294,0.23838256459500326,0.9293791210419426,-104.30456742413293
4735,2493,3,1,0.12798304741060668,0.07763640834330203,4.047029809856249,1.6057434165557718,0.21173613317402531,0.9639513054262521,-92.00232078032919
4737,2494,6,2,8.722566780704804,0.6247302321593592,5.528111871452977,-1.2807938598453115,12.980389905021866,26.652121600132947,73.17716097033582
4741,2495,9,1,0.09907493692342423,0.03602011210726822,4.0358840541999355,3.1386233525675244,0.13268626297991873,0.4612039318655603,-179.8298715760926
4742,2496,7,1,0.1751812173484273,0.062207104592919414,3.785818165772126,-2.8703882803401246,0.24176865921670182,0.8327318930197665,164.46113360928408
4743,2497,1,1,0.1652718254486748,0.04736634358942691,3.892816869518414,2.0024379135480745,0.26379171119453954,0.6904663829527712,-114.73124215345035
4744,2498,9,1,0.08655760625943901,0.06603725255228472,4.103947829808652,-1.4365871102833843,0.13658540476974154,0.5826733383243279,82.31037832630564
4749,2499,7,1,0.22172748921802368,0.08732415096829298,3.961320735998104,-0.20651202136931468,0.36051012736028587,0.9815931018531043,11.832270155165947
4751,2500,3,1,0.1859751582373661,0.05350423851492914,3.818574783159435,-0.6552727816121486,0.3408373741380752,0.6082962233021186,37.54436548808144
4752,2501,8,2,8.84058823295778,0.6084116746715238,5.752959942262676,-0.059951415325052375,13.153097722781945,26.877157758581667,3.6505356541648304
4753,2502,9,1,0.12676436448917835,0.039757599414496886,3.901320314231377,-3.0446875637644224,0.21027733645457883,0.7754536226890081,174.4477470354891
4754,2503,1,1,0.14390893254703835,0.03222875197742071,3.9657129251450995,-1.0880424180742199,0.25608132826012003,0.6681701187603466,62.34023763702667
4756,2504,3,1,0.1539458224567482,0.055798644520758535,3.8267838254184583,2.2704484527431026,0.2623878782913087,0.549484072685966,-130.08711432560992
4757,2505,7,1,0.1512862381214602,0.028011785590529536,3.9421416245656054,-0.17894162663640656,0.22632403653123107,0.9815951075252259,10.252600011576419
4758,2506,7,1,0.1933628627722545,0.052372391180270796,3.8729275324226498,-0.437485075870855,0.30107360878244477,1.0216040444917747,25.06605000452391
4759,2507,1,1,0.19287669962328524,0.05675461139876403,3.930613857148393,0.2961883249500959,0.32460028223498705,1.3045130733370967,-16.970340700229016
4763,2508,9,1,0.15463235293710584,0.05548791596790991,3.897766256382684,2.3115851979377577,0.2708923563046894,0.5487642625605288,-132.44407624660846
4766,2509,3,1,0.16249866085010006,0.07513604914384181,3.8239343874826455,-2.2649972451506306,0.27847513475608476,0.5871868958878865,129.77478315597853
4768,2510,2,2,8.761550068987033,0.6057736837748692,5.851947269649598,2.4224507310110415,13.037451096168327,26.58708268970997,-139.00595535623268
4769,2511,7,1,0.1522622495162828,0.025667649517866264,3.9446764502027323,-1.4932119490312445,0.20748365415410638,0.8506309112076275,85.55474249643706
4770,2512,3,1,0.15575028843004743,0.053059105520609794,4.048912417228211,-2.785909620543443,0.2809323989477175,0.7678028783864973,159.6208624030702
4774,2513,1,1,0.23439790442226513,0.06320275502696138,3.920528186589236,2.1896474278406854,0.4323039057136886,0.8671044485796524,-125.45755839835971
4775,2514,7,1,0.18055549499582585,0.07480297241315484,3.9141716007204197,3.0748690202906115,0.25947612978313467,0.8206955218455654,-176.17701704655843
4780,2515,7,1,0.1361744917576591,0.04283944638253966,3.872540944731521,-1.985748107166533,0.24231736029959308,0.6468303428395792,113.77498619321456
4782,2516,3,1,0.11275444557356147,0.05863966532812534,3.972557033363173,-1.4220475866268283,0.1960054605232287,0.5000093125322486,81.47732466103064
4783,2517,3,1,0.1374785735142683,0.05052369667418456,3.998849241492766,-2.0474554523294617,0.24422431444488343,0.6458854273854311,117.31055637001448
4784,2518,7,1,0.11584710102580778,0.06947052460549101,4.053055452355757,-2.7286569962333633,0.18691827040465364,0.4850159516093185,156.34052937716947
4785,2519,9,1,0.14303312089433726,0.05752851400762919,3.7832058740936545,2.200868676754989,0.2565254504481045,0.6691171727334347,-126.10048642393915
4786,2520,9,1,0.12146210473782723,0.04639970352723019,3.920845277210875,1.486020086188944,0.18348817855114435,0.7162518613535735,-85.14267916609158
4790,2521,1,1,0.15922137090683064,0.03749400463549051,3.907924065222189,2.0799733151573414,0.2976165764655946,0.90277434139407,-119.17369267657628
4791,2522,1,1,0.16313979881505575,0.04040702022367759,3.8577692079682975,2.258103434738487,0.2760905308633268,0.631481642493129,-129.37979689866728
4792,2523,9,1,0.15120800438998488,0.0669825353772988,3.9650901960814258,0.8629240812527817,0.2560182364804967,0.6232008269488101,-49.44190824559758
4793,2524,3,1,0.13087042707133825,0.04539127427093398,3.9329729903770905,2.962384178586125,0.19539651923371562,0.6628662469049524,-169.73211063081743
4794,2525,1,1,0.16222281516856213,0.03537104048650123,3.8749054672495253,-1.5711387430973973,0.24335414980466866,0.8169732146877363,90.01961971148894
4795,2526,9,1,0.13047194837928744,0.06010797320511095,3.986812962583305,-2.332575245293334,0.25594990819900126,0.6367728925015765,133.646716612794
4796,2527,7,1,0.15536451951933722,0.07948568467039936,3.9855791753034944,1.7128141173066112,0.25670781809142695,0.7240567539785405,-98.1370205842017
4803,2528,9,1,0.11016919965543998,0.08093604637458943,4.043966487316692,-1.478163737385371,0.1687003480752482,0.5205479605148738,84.69254367753466
4805,2529,9,1,0.15983886445641518,0.05467465187583259,3.9507119230021615,-2.1054676514292034,0.2620641918125308,0.795294590771843,120.63441029787194
4813,2530,3,1,0.20642358384697962,0.10132689890536933,4.014209087125921,-1.1140384943337087,0.3565017481073491,0.8442488261813186,63.829702966171425
4814,2531,8,2,9.013198715019058,0.5956979597952823,5.929469254139134,0.40528742163046083,13.405468907009281,27.375292185400575,-22.992594123908873
4815,2532,7,1,0.12582322423953116,0.039859263539515875,3.8712794360185443,-0.22508805678312271,0.17508488119226456,0.6919680011989596,12.896595838537829
4818,2533,9,1,0.17873268313677781,0.036379461208009986,3.974568647350444,0.5301262985980685,0.33974700344030595,0.5419476065617573,-30.374000398215315
4820,2534,7,1,0.11725577149549327,0.045004912596670485,3.789605144006488,0.7274237546495836,0.20010641692575026,0.4050579197715456,-41.67831120476968
4822,2535,7,1,0.11749388469553046,0.055744260016446355,3.8441042867619117,-1.2787543497733647,0.19252459030274557,0.6477587921956016,73.26722696278249
4825,2536,9,1,0.14353225886298557,0.03856883213072991,4.006427245155303,-1.417102040282859,0.22297027293343016,0.7413498940158388,81.1939659264964
4827,2537,3,1,0.1553119541638666,0.0486845599014408,4.023810078694331,-2.3454032115584282,0.2606071509442429,0.5850776171179496,134.3817055745546
4828,2538,7,1,0.15436615734244208,0.06741091060995764,3.9677634593638316,-1.91771064011067,0.25392666456179736,0.7837750298851718,109.87672627195171
4831,2539,7,1,0.19851560172808935,0.06698160781813507,4.073884878229506,-0.167519514177485,0.28734669194760637,0.8539911924598672,9.598161848236959
4833,2540,9,1,0.13525379934499454,0.05911501429675075,3.9572584189353286,-1.5817936295153654,0.22484537726959541,0.9006020463651172,90.63009905590506
4834,2541,2,2,8.827993240443977,0.6289842854721434,5.957698421317375,1.3520500328099185,13.134672101549716,26.794957503555057,-77.68139839356999
4839,2542,3,1,0.21310172496158694,0.07787278409710555,3.9874988487953105,2.386917106190304,0.365026786979755,0.9601940410417453,-136.76027455327394
4841,2543,8,2,9.196165590261508,0.6113448402692733,5.901021022853806,0.2326821615047386,13.672686872689065,27.973260306670817,-13.088581611154604
4842,2544,2,2,8.908129863067986,0.5980405189307887,5.839977038445695,-3.0409656149922526,13.251880111887944,27.068886528906493,174.45512810324234
4843,2545,9,1,0.17130193636855645,0.044244882984617234,3.94036966968104,-0.20648645459304163,0.25474106416644476,0.7748694725990478,11.830802912519449
4844,2546,7,1,0.2160304899266279,0.0574946707894022,4.0284617741951605,-1.1380379253016877,0.3489527913413473,0.9586767370211048,65.2047687093563
4848,2547,1,1,0.1357389097772011,0.06457426615407694,4.030045935593774,0.8884495465422528,0.26282133971215343,0.8697261516372647,-50.90441000960519
4849,2548,7,1,0.21716824932152512,0.08621069097247451,3.9112281543979277,1.2129752237285725,0.33592780457490756,0.9348978707605361,-69.49835861341917
4850,2549,7,1,0.13212743455830975,0.05786782522873309,3.915657394154721,-1.4701269019478136,0.23136169791377462,0.9408110214251,84.23206706414756
4852,2550,2,2,8.7745222280151,0.6019566536429631,5.814653871329297,-0.1529553583316752,13.056434149810146,26.605529112183785,8.974396662701443
4854,2551,9,1,0.1677257964394964,0.027917266944373905,3.908312996512129,0.13701701147618217,0.2653247928452377,0.9086361408697884,-7.850496984277347
4855,2552,9,1,0.10462420316177057,0.04925392146743377,3.8411279536466516,-2.2902068327595115,0.1820528751706466,0.507012100968424,131.21918573307713
4857,2553,7,1,0.14847091176400457,0.06270658929200126,3.8131330472908522,-2.571557026468906,0.2544076183000025,0.6770234173241092,147.33936355297556
4860,2554,1,1,0.15577976709427388,0.05686795496432424,3.9191301020497087,-2.6085530916751023,0.23465554048114354,0.6836310723110197,149.45908202782314
4861,2555,7,1,0.11485257934102784,0.06635215107506613,3.800302783426602,1.046027620635673,0.1874778975395167,0.6334394863787517,-59.93296829034733
4862,2556,1,1,0.12939554572238302,0.056262164663657854,4.024370866061115,-2.5177840942869603,0.23673530364481737,0.8053839045176799,144.25840254786866
4863,2557,3,1,0.1478696206353506,0.06570834760260118,3.935669732341858,-1.2543024522700823,0.23175338701950693,0.7028525151622782,71.86623604009613
4864,2558,2,2,9.298640051531857,0.6177189755611274,5.801993386662321,1.9423803082671613,13.822216068372803,28.301860464979853,-111.54168332334001
4865,2559,9,1,0.13336449297267436,0.02828788291866629,3.896375410844782,1.9937436832674431,0.23208198076521733,0.6112173284345246,-114.23309880114155
4866,2560,1,1,0.16281140761800197,0.04985692414144213,3.832669684619809,3.016807483011017,0.24031144677745897,0.7549098387892647,-172.85033637706104
4869,2561,7,1,0.1431268173376691,0.061850053693836934,3.8181394913011233,-0.15633365295247978,0.18695677906706,0.7626522977593104,8.95725863551715
4870,2562,3,1,0.22928953146114248,0.11895718038510272,4.1015239801359495,-2.8600846389995174,0.3474126398790813,1.2867201755165223,163.8707781157907
4872,2563,3,1,0.12365696109907157,0.02127929353997151,3.7929691528563807,-2.83423075647366,0.21717045743074892,0.7606728463738586,162.38946068987588
4873,2564,7,1,0.15609897709581894,0.11901457136178722,3.86996992741176,-1.8490384478788477,0.24218838105438636,0.7461609645543744,105.94210000857137
4875,2565,3,1,0.14131254026439932,0.03194561962508053,3.9412069425198277,1.386103358133416,0.26277408959952153,0.862555587529883,-79.41787216474448
4879,2566,3,1,0.12000278244804136,0.07170931202914395,4.071327718180236,3.0011357980456794,0.22030082975182616,0.8119629284475719,-171.95241475823047
4880,2567,8,2,9.215178409371982,0.6139709427512523,6.1035921753068285,-0.3260913605161585,13.70043847163513,27.982961276195486,18.928320361590387
4882,2568,1,1,0.13269287506781322,0.06212511579713654,3.7819299211638735,2.575903822844193,0.22835406343850842,0.5855602698624719,-147.588417023704
4883,2569,2,2,8.941672443309086,0.5951154799328296,5.728561078038984,2.044437703755301,13.300922183235636,27.175732643575323,-116.91447632244358
4884,2570,8,2,8.909802552502827,0.62690473650149,6.043496731789817,2.3941073316254906,13.254324801320593,27.2056535158406,-136.95148670283442
4887,2571,3,1,0.16857971357212817,0.07727000041374374,3.9993292988830795,-1.03921913203335,0.2818309062246915,0.6470768014020356,59.54286945202316
4889,2572,3,1,0.13980623503226322,0.05859643077332235,3.9583783663319423,-1.8041400980198143,0.25277173596339,0.9710602278720704,103.36961363026278
4890,2573,2,2,8.798655638637356,0.6165635832566944,5.8892957718874115,1.1238895311540587,13.09174908061761,26.770792750413435,-64.18165553496651
4891,2574,7,1,0.17048621823773302,0.06281433530086013,4.024502601893603,-1.07723618818843,0.32162726389552937,1.0278562952855035,61.721086922895594
4893,2575,9,1,0.28516492151308315,0.10778464085747666,3.9570382924504854,-2.332034106684737,0.40688379149470516,1.2128770377468006,133.61571224559424
4894,2576,2,2,8.72033306172046,0.6083208485394053,5.844949722743538,0.08602991173767202,12.977120631392976,26.493877164095423,-4.7223906607883945
4900,2577,3,1,0.16825539293777803,0.04894289126579555,4.068305873748068,0.252583065552483,0.29063174380912,0.985309599006235,-14.471944484145093
4901,2578,9,1,0.08832466058093003,0.05606218611627257,4.17215541955239,-2.5299694477097643,0.15239093799600195,0.4848800885572569,144.95657173014433
4903,2579,1,1,0.12748335431861582,0.046811053416266304,3.9217432692450798,3.0658075155962905,0.17281818375091496,0.5700185272871486,-175.65783151754653
4904,2580,7,1,0.14474658052039113,0.05851306490946901,3.898957541373009,-2.878523344528816,0.24581374787187985,1.204691295601669,164.92723896375682
4905,2581,3,1,0.1656683383402504,0.05226247858315271,3.900889217017,-3.133131055591183,0.2026117620476184,0.7615057618533771,179.51518622304914
4906,2582,9,1,0.16189745209686104,0.05930312921280195,4.009594080010406,-1.3057872249074662,0.2630840296709463,0.7804128706166074,74.81609654731582
4909,2583,7,1,0.15288860724140918,0.045218043936636754,3.849675822617178,2.768161511145054,0.27528589307269963,0.9492558511911098,-158.60397085055465
4912,2584,1,1,0.23986782294859665,0.06932564326955655,4.011506681780285,2.3880373664499546,0.3961415752722752,1.1207360916067846,-136.82446372615775
4915,2585,7,1,0.1526982703785809,0.06143518629738838,3.915770596370714,2.7817228126982156,0.27517328609396097,0.9131731582793077,-159.38097603337172
4917,2586,9,1,0.19085959993250717,0.050558751604209376,3.797873973106225,0.20449876400301548,0.2557100200837159,0.9471592477310362,-11.716916025651424
4918,2587,4,2,8.946223602559785,0.6302219385395846,5.999351183672744,-2.4124533049301653,13.307575750526388,27.198690786872532,137.99987049027067
4919,2588,9,1,0.14269067643336447,0.06808091068924634,3.9139946666526653,2.3102589727397667,0.22984892200547355,0.6707191491907388,-132.36808918991008
4920,2589,9,1,0.5266599733407468,0.15874513282676608,4.130011987233139,-2.4973600915663376,0.9079689741951051,2.114235952991023,143.08818493437568
4921,2590,9,1,0.1814124263802622,0.04984231776606185,3.9363781005277643,2.6187610205310663,0.32817645003587054,0.862006643378367,-150.04395314944526
4922,2591,9,1,0.10273097649220754,0.058354172296687025,4.00302277780284,0.1324793393101159,0.16247981552550106,0.644541383891044,-7.590507023952494
4924,2592,8,2,8.76024673183723,0.5998916389432586,5.820350231232345,-0.46603124770932136,13.035541551550999,26.601373994692153,26.911280934584845
4926,2593,1,1,0.14826811052750624,0.047869486837591645,3.804835978991901,2.1930878823577977,0.26841249296497505,0.5783430623262535,-125.6546802595717
4931,2594,7,1,0.11209292531282997,0.07555584634755126,3.969534222187266,-2.4853536657977853,0.2175206392251394,0.6227654787303265,142.40027566221926
4933,2595,4,2,8.797817497702045,0.597181853299537,5.842383121270413,0.24959936716005762,13.090523468059471,26.702776863311247,-14.088580778652078
4935,2596,9,1,0.1864505414124619,0.0785155082072842,4.084070145317529,1.891379206593571,0.3411975997386982,0.9647420829940948,-108.36804715165363
4936,2597,7,1,0.17035582682360356,0.050560140717199276,3.9418654509759086,0.7180599978393729,0.2904614270166176,1.12415235251957,-41.141806465089054
4937,2598,7,1,0.14457021322948094,0.05777963076405854,3.9103814444180314,0.39168281546564676,0.2610100697535592,0.638641940412277,-22.441772643228223
4938,2599,7,1,0.1943102811805606,0.052001711196559934,3.9091399479509015,-1.616392596131628,0.27964163269886083,0.8866583179878238,92.61247351227273
4939,2600,1,1,0.10900943381101871,0.047176118542843364,3.9743649061307678,-2.701172994155224,0.2020458720636445,0.6832583857616308,154.76581207462826
4940,2601,9,1,0.15908421887420612,0.05838854212886471,3.8998107077832884,0.08673476996800938,0.23336187636126898,0.9974820123574786,-4.969536093174064
4943,2602,7,1,0.1160214555211689,0.03327612186221812,3.8880461750546913,1.7683046591207565,0.20111125567736038,0.709918598313823,-101.31639401245343
4949,2603,7,1,0.19439795271472607,0.07401567483778623,3.818996869633596,0.5191768476242462,0.34032811514639416,1.246638446831172,-29.746643479894487
4950,2604,4,2,8.832030942643726,0.6292944135616014,5.780934702237258,-2.6079256506811723,13.140578877154258,26.815058317562517,149.6380702493709
4951,2605,3,1,0.15058183886207033,0.03788624873049751,3.9137321425078837,0.22796765861022772,0.2416505416806274,0.8724772943104164,-13.061585181231289
4954,2606,1,1,0.1206742682870352,0.04615386970089687,3.923981595693604,-1.021126991982135,0.19439817264022868,0.6819572257333153,58.506266733641766
4955,2607,9,1,0.21274536710898903,0.09238819399457165,3.9693599758640374,-0.3075109082102135,0.34559353284533306,1.0174457763474085,17.619079525870873
4956,2608,7,1,0.210324016455422,0.09463344514410257,3.929032079880151,-0.40758239830467796,0.3341806070373793,0.9734429362242499,23.352753249814945
4958,2609,7,1,0.12124981128674554,0.05395546666567266,3.930183630591759,0.3797950632221269,0.21636089350959262,0.7129251791074104,-21.76065454282007
4960,2610,7,1,0.14981844818601717,0.057596368333698265,3.926354282892549,-2.412771924917339,0.2501709214132006,0.8106630738531934,138.24164777344112
4961,2611,1,1,0.2430085760859996,0.0989624554969783,3.997648241125134,-2.4945631906322445,0.3787425678056569,0.8346867131352728,142.92794205095908
4962,2612,1,1,0.10580204939446768,0.06570102162462452,3.891894568118117,-1.5073080319414518,0.16480551897687906,0.4883346851604814,86.36238860388393
4963,2613,9,1,0.14150271579855012,0.02815734682267421,3.847295910125515,-2.293331917796255,0.24301161043281064,0.5207792475113705,131.39824019329458
4965,2614,9,1,0.15460803331207804,0.095918267171535,4.03364345406193,-0.023774632938175593,0.2382205835993915,0.7131049897692928,1.362186363661653
4971,2615,9,1,0.15936676397216737,0.09773530390233079,4.03027538733659,-2.9440104787598447,0.2815350812030808,0.8317395308087809,168.67937454412925
4973,2616,9,1,0.21442606903048178,0.07786550006020984,3.8120844796872695,-0.17000387980886222,0.3072838616562399,0.9526576114028259,9.74050602049741
4974,2617,1,1,0.17341369192864214,0.10367695797478935,3.9825095377867816,1.1423005881338928,0.2965534714724983,0.9324886888038563,-65.44900196432954
4975,2618,3,1,0.15278911899540604,0.05425853642705977,4.029607906693192,-1.5031126842276878,0.2409701479156822,0.9647915550343524,86.12201271765905
4977,2619,3,1,0.10585047700074346,0.054095865594245965,3.9222412032761285,0.6984869188286488,0.1909623295424803,0.47665418679799965,-40.0203526040359
4980,2620,1,1,0.18634061861541376,0.07744212770725331,3.8593242628714166,-0.5734530746619193,0.29155430713064634,0.8392244370711591,32.85644195630243
4981,2621,3,1,0.16677612364399602,0.041541702106398175,3.97474841256457,0.23645233731828577,0.2669967796966414,0.9813269486875946,-13.547721661955647
4983,2622,6,2,9.153242011439014,0.6131576358525318,5.850562344688771,-2.456367666626163,13.61002611393304,27.90944027421963,140.4998226682081
4986,2623,9,1,0.12470540218604251,0.04502995592856368,3.8934164013029724,-0.05236841281530236,0.2174516353374071,0.7605718893133793,3.0004893791592586
4987,2624,7,1,0.13002574436589054,0.04948694292586194,3.9453948715733262,1.0106866154165148,0.24050753886964865,0.5059398827668622,-57.908077323253615
4988,2625,1,1,0.11550398968741706,0.04386732547305258,3.942986728999127,0.23257333282563727,0.21192913893821225,0.8188454706951205,-13.325470552531227
4990,2626,1,1,0.15886620987652172,0.05518000825209429,4.04716238950275,0.08599793804504464,0.25968559837349525,0.9600558358099374,-4.927318015879081
4993,2627,9,1,0.14595332233731553,0.04798596432078904,3.841250159258167,-1.3975324559579418,0.23372927256600837,0.832808904478897,80.0727110367512
4995,2628,7,1,0.1494668396893379,0.04481549752269423,3.8143148472475574,-0.14611603096646403,0.2230832784533008,0.7369039369526681,8.371832248251955
4999,2629,1,1,0.14440507282451093,0.07072321375798031,3.9052935756708655,0.06106334814261918,0.2499302880031487,0.9679240703878256,-3.498671747224643
5000,2630,9,1,0.13189390946740007,0.07020565931357545,3.9059438856287843,2.036238939139388,0.2246767207691475,0.5520196343182842,-116.66789762707619
5002,2631,6,2,9.0397042334213,0.5933287503149647,5.84175414468446,2.596115944472435,13.4441957986493,27.467579114979152,-148.97720865162478
5003,2632,6,2,8.907124153039454,0.606599889191515,5.859053643526901,2.107818228043549,13.250408191971076,27.063350589101283,-120.54853163957785
5007,2633,4,2,8.77223294181039,0.598562175886103,5.53447490467544,-3.0688958307446037,13.053086721085004,26.63141812751905,176.0453115336472
5009,2634,1,1,0.18191639224649123,0.041701640290863956,3.8881419770178525,-1.678264900920114,0.2753611697636229,0.9443954712336958,96.15749653787422
5011,2635,2,2,8.85297627182158,0.6089823303252163,5.715269141897484,-0.3224391363516749,13.171220525679127,26.9812496110089,18.69089638642878
5012,2636,1,1,0.18107072017106735,0.06596553085967465,3.8865944135583126,2.5541019891869596,0.31418288795115956,0.8044913856731685,-146.33926355544784
5015,2637,1,1,0.15824670319620301,0.06499421341719215,4.020155155156918,0.9296949734038097,0.2537429500420713,0.6215484168927962,-53.26759854630541
5016,2638,3,1,0.15327413110120788,0.05700328388794633,3.8730973673990006,1.4719966361979062,0.23772000625581116,0.9099576722746214,-84.33919503162996
5019,2639,4,2,8.877159021167786,0.5991129823858593,5.607722880874652,-2.44413266132767,13.206588214669285,26.95681204179668,139.82018356969874
5020,2640,9,1,0.4743953611369282,0.13206020423402742,4.166398088809535,0.26079323721845865,0.7268190605563201,2.497852838541743,-14.942370159147202
5022,2641,4,2,8.754062034596465,0.6177661874860662,5.600350056918519,2.734844456206067,13.026493530649203,26.68141584989909,-156.90425149213573
5023,2642,2,2,8.984051565135887,0.6033646873780301,5.5667004136914215,-2.565845378149502,13.362869841052007,27.262068202206812,146.7856942122986
5024,2643,9,1,0.128419944243658,0.037154869954915244,3.896279638199019,-2.5428509322583603,0.2094382389073683,0.5457544659000115,145.69462611387763
5025,2644,1,1,0.13591072257559406,0.05216927346185125,3.8424590831445316,0.8923182126386551,0.2438549536432357,0.5178867214261661,-51.126067642025454
5026,2645,3,1,0.23844112647448543,0.11915358485194778,3.9446061341390304,-0.3317478091744525,0.3408938199380635,1.1536027312525174,19.007750122348565
5034,2646,1,1,0.19822280922162072,0.0607551555526117,3.822288100242485,0.21565522067204304,0.3042129227458519,0.9024651101983522,-12.356135396160179
5035,2647,6,2,9.024470028915376,0.6155202831805004,6.005944563801823,2.5573786320452405,13.42193633946277,27.381623625625213,-146.7565401720269
5036,2648,3,1,0.17660697246469464,0.06944887573330072,3.9247862506655893,-1.4198511825993558,0.2041855913912716,0.8089752826790167,81.3514804268013
5037,2649,4,2,9.039904111459,0.6175430297932284,6.064904630836892,1.9038362886920737,13.444488377554853,27.470695588939016,-108.8510467643939
5039,2650,7,1,0.1608012530867249,0.03311777543750894,3.9861308929341037,-1.4916453550532842,0.24555081221014124,0.9363540919338599,85.46498314273641
5045,2651,8,2,8.671828035192627,0.6007261378187235,6.052237431764045,1.0978190119580655,12.906105317480769,26.386250265066597,-62.697119640451895
5049,2652,2,2,8.844301121253588,0.6074445208648207,5.782171281812383,-1.9248507795572196,13.158526957290363,26.985483899301965,110.50167454305547
5050,2653,7,1,0.12722988837329352,0.0471441585932174,3.8311289732246943,2.0942274760784105,0.22605078539817963,0.7383901912418422,-119.99039607125545
5052,2654,3,1,0.13844580433384263,0.04715425911682447,3.904293666783012,-0.6293504200702633,0.2572924847530123,0.6357657246498774,36.05912340123275
5054,2655,1,1,0.2101980036610846,0.12590112550145413,4.217781738491999,-0.7515697282258376,0.36606377149526076,1.7815326143773849,43.0617727631304
5055,2656,9,1,0.11155309653468849,0.04854473091900871,4.020819819598081,-1.036472079618908,0.2284179950354063,0.8721649594063978,59.38547534236765
5057,2657,7,1,0.12288297010156181,0.03362648439870618,3.954223683004412,-0.4540565010381376,0.21298345472987412,0.568659431730225,26.01552154473728
5059,2658,3,1,0.18329969287685582,0.05322938301665238,3.860009077529665,1.8769955816188506,0.2738499479669816,0.9225799007073747,-107.54392515674624
5061,2659,1,1,0.2023049018551242,0.08510576363817259,4.052083917303517,-2.5072072760074176,0.37175945411318134,0.8414386660026901,143.65239417073067
5062,2660,3,1,0.1722684197529385,0.10291723600215857,3.994854334141125,-0.2803705311879191,0.28519251133782225,1.0188865794342028,16.06404849854207
5063,2661,6,2,9.412912010432366,0.5673297771619272,6.023202333132382,-2.2971558405853676,13.988844474473645,28.60797022687196,131.87838215641628
5065,2662,7,1,0.1320626236260733,0.061573478749996406,3.9235795313385524,3.077373000442773,0.21138871035972298,0.6149789524591356,-176.32048455822778
5066,2663,3,1,0.15605438398024674,0.0548855868462364,4.00204831889571,0.38598174948933667,0.26863388337515,0.8420167880815693,-22.11512542993721
5067,2664,9,1,0.42081552141487405,0.11561395249518941,4.025956013727059,1.9408612590901766,0.6979412580381763,1.719513010153593,-111.20317333462081
5069,2665,3,1,0.1583794091296642,0.0385993446266724,4.071048139940599,0.9723315941657712,0.2854478974693527,0.6891456670713065,-55.710497301855554
5072,2666,6,2,8.937588045602295,0.5993864639337297,5.595992865866595,2.957177382507297,13.294951410818237,27.10781805972081,-169.65664815694205
5074,2667,1,1,0.14241045792934776,0.03969797822852558,3.815808439576034,-1.927000305188892,0.22825732696414022,0.7292236034090194,110.40898527857537
5076,2668,3,1,0.20044707498474568,0.026585543148780148,3.9329647703061412,0.6925902651086481,0.39042757186738475,1.196917202749699,-39.6824972867279
5077,2669,1,1,0.17018967173575195,0.050365705219741624,3.816915036901539,2.7342687605650817,0.2681541037090815,0.8548763513177252,-156.66205895269613
5080,2670,7,1,0.21155856257231007,0.10081500027555523,4.097024104033259,3.0742255221109582,0.32237729377918195,1.0019628258565552,-176.14014660518768
5082,2671,1,1,0.22001907064900517,0.06827882306122456,3.9205519061760583,1.4411456744482927,0.2546535154570644,0.9827804879536921,-82.57156500438893
5084,2672,9,1,0.13911629537024087,0.06815170128182038,3.9539922758194974,-0.5057147358792283,0.25351797465304804,0.8936558934656851,28.97532050297751
5085,2673,9,1,0.15924835825131428,0.058202930134008936,3.8187943755389626,-0.6957428078374849,0.2592459424418889,0.6652898926704633,39.8631272093136
5088,2674,3,1,0.13377241392230316,0.05157512929974194,4.020536437775267,2.6617645558621037,0.2116525532228199,0.663991128469463,-152.50787465615173
5089,2675,3,1,0.1244290857245374,0.029277961935070936,3.999629402298857,-0.4777729683934265,0.22553974169640215,0.8369855215679584,27.374374906422375
5091,2676,4,2,9.168032356561934,0.6003097522482368,5.914614766387421,1.3358004716759724,13.631618676047006,27.836326500718936,-76.29486793186274
5093,2677,9,1,0.1223959083505522,0.042737561326996305,3.862536529974977,1.0294748267782547,0.19326173647090528,0.6786750424410781,-58.98456306671535
5094,2678,3,1,0.12807220531580113,0.056741199325938754,3.899518173885481,-1.2401211052560466,0.23362511489962162,0.6454610508605059,71.05370563703474
5095,2679,1,1,0.13825855187971167,0.06997017970019577,4.011896536383911,-1.5053772069205587,0.22121621695239646,0.7683207903484002,86.2517604104861
5098,2680,8,2,8.929626376660503,0.6041639586920418,5.798318079213475,-3.1286517847503528,13.283309906607482,27.114316262344555,179.48080291230485
5099,2681,8,2,9.11845454103986,0.6215703994843944,5.967970957071521,0.4643374442085239,13.559230030340274,27.768425057706533,-26.841484628797467
5100,2682,4,2,8.791492114755904,0.6214650614938552,5.716935324796795,2.845645527107551,13.081265942922053,26.662808003974106,-162.83153422520118
5103,2683,7,1,0.13524868725030043,0.0701622185053281,3.9034919222720093,1.746652953686814,0.2243166270595878,0.6987863514624786,-100.07584307368214
5104,2684,3,1,0.26082379707499553,0.09315873517058836,3.9101901857211496,2.95967131566136,0.3704705599274472,1.186350968415312,-169.5766738478731
5105,2685,1,1,0.1712348726977849,0.0411252338719568,3.921227016220056,-2.972211947686023,0.23379522907193265,0.9949427971436043,170.29520043997817
5106,2686,1,1,0.18437055257470183,0.029996924269402557,3.7959250774092275,-1.448788758802827,0.289545624427124,1.0047677519101064,83.00948010448684
5109,2687,1,1,0.16453092124489746,0.07050782232527533,4.026223604874143,0.007619768842440697,0.25837996354659654,1.0026461505397517,-0.4365809605677366
5111,2688,7,1,0.14824174554894232,0.05674353642482574,3.963574727933062,1.3086252401182064,0.24944825568112253,0.8774235746174788,-74.97870318884848
5113,2689,3,1,0.16272048941086512,0.040976726915006104,3.928301111480453,1.9710350030541077,0.25886815280467046,0.8673094184706225,-112.93198778488056
5114,2690,3,1,0.09073954321256533,0.06863917136443899,3.9598766636261873,-0.18889559688777427,0.17379013899104392,0.4394770170274309,10.822920664976396
5115,2691,3,1,0.17516839500948203,0.056252044013871454,3.9825520321137753,-2.2466263055328293,0.3266251383047401,0.6101464257764584,128.72220612870416
5116,2692,9,1,0.12202125555028355,0.02268709133981145,3.968970396950437,-2.6049027293219784,0.19964627410693556,0.6078873188826452,149.2499319974962
5117,2693,1,1,0.10242700949051717,0.03958976790940831,4.117200613326064,-2.506387214589011,0.19913048389862087,0.8059875961046322,143.60540910132056
5118,2694,9,1,0.1336413370221745,0.07246667114468523,3.870997664107301,2.5519436899644177,0.24627487015717622,0.8684593114921368,-146.21560354491257
5120,2695,9,1,0.2100291239008637,0.0958395052090136,3.9664885606913614,-1.0116915089288074,0.3531095288576964,1.0721787542644166,57.96565158546795
5121,2696,7,1,0.14996601992821673,0.03741965810604156,3.8702007861334464,-1.9864174485205994,0.24109028853768816,1.0215985815902453,113.81333637173263
5126,2697,2,2,8.999141559983148,0.6086790738622178,6.109862183521111,-0.014617389404290328,13.38492550657534,27.378834883117545,0.6099361094256787
5127,2698,1,1,0.1367669630031024,0.04472198871403242,3.8839635629333147,-2.9300306789039783,0.20627549757263064,0.6174399082964578,167.87839118370863
5128,2699,3,1,0.14277172862899815,0.05118621640476469,3.954268691204342,2.591301303997102,0.25669553308867377,0.785431389351165,-148.4706282523862
5130,2700,7,1,0.16307314768072972,0.05426785511284956,3.973427289547355,-3.1057278381510955,0.2048054794712547,0.7025143147921924,177.9450974014019
5131,2701,7,1,0.11979951353588386,0.06467098814378466,3.8420227498318185,-2.9695130700360743,0.19374967200492463,0.6991050616780087,170.14056575821144
5134,2702,8,2,8.89139539569463,0.6073970490404457,5.904088571103889,-0.9335380401233168,13.22740750281375,27.0275902092835,53.26841817120809
5136,2703,9,1,0.13243840994515185,0.02567856585151288,3.9106122155727334,2.190405878677237,0.2602357150604557,0.4541722290910083,-125.50101258843199
5138,2704,3,1,0.11599218044028588,0.06266273754414134,3.8519329081011975,-1.564591783367531,0.192793717096009,0.6971990174131557,89.64450557323956
5139,2705,6,2,8.714794360173938,0.6119788541797205,6.041127503116565,2.4485434640954247,12.969012966962048,26.454194804976765,-140.08484608088952
5140,2706,1,1,0.07690868280565483,0.029702216857310705,3.9527072797088136,-2.888004350946158,0.12547582069321248,0.420035980911801,165.47046055015915
5142,2707,1,1,0.13389708875859618,0.047336725639198385,3.7513645357427805,-2.9255049577334926,0.22569572033601193,0.7019593788051749,167.61908675031344
5144,2708,9,1,0.13706772885835328,0.027597580100341024,3.869627758748654,-1.0474505512680115,0.23223098409151288,0.6907626183772124,60.01449591715645
5147,2709,3,1,0.13579858400085987,0.033605576809195015,3.8291299538952925,1.3066937304356319,0.225226029297697,0.7612745519725204,-74.868035654347
5148,2710,7,1,0.16112460520695054,0.06504581649478876,3.928094662526263,0.22453389340903948,0.2586820046382438,0.7308440676294699,-12.86484490639122
5149,2711,3,1,0.20761167139981074,0.07223454447708526,3.881685128409637,-1.39229054144055,0.3328207037167566,1.0803344927667657,79.77236980325888
5151,2712,1,1,0.19424010879246764,0.06376058068066374,3.9411280020497954,-2.445698566815485,0.4094435102175912,1.041827927339402,140.1282035574028
5153,2713,7,1,0.23963183919443176,0.09515190947222059,4.0225073982745085,1.7574535018142747,0.36842143086639,0.8767341077480663,-100.69467015407596
5155,2714,6,2,9.104262639938366,0.6299256409648202,6.022593803773501,-2.8599106240276577,13.538502809664482,27.68389445258326,163.6250229916416
5158,2715,4,2,9.038754761527981,0.6115013518824527,5.852101960067367,-2.325424189225279,13.442808583004538,27.532095126497104,133.4676396158576
5162,2716,7,1,0.24614309357477143,0.10378470485263507,3.9750952145856777,2.8671033486663147,0.416212420594993,1.2139852481698348,-164.27291805509165
5163,2717,3,1,0.1433747840062275,0.07266171049743657,3.9475058670636543,2.7538603467509417,0.23203066980360226,0.6639399208924718,-157.78457456803383
5164,2718,1,1,0.27048994241361973,0.12178365718069077,3.9768358627531244,-1.7664431122397017,0.41751270014523284,1.398386363288611,101.20973767866586
5166,2719,9,1,0.2024945927577961,0.04007567237695503,3.9413978160807774,3.0385054383009096,0.3156637930983496,1.064978484707144,-174.09353595623034
5174,2720,9,1,0.15808973270466498,0.05233341976276683,3.8831984468626173,2.342974512322885,0.31802673225669553,0.6548876483935728,-134.24255170098783
5175,2721,2,2,9.032418818247285,0.5922672338932403,5.699207369019268,0.5808009663157364,13.433553548954814,27.516978934577782,-33.50759931305646
5176,2722,3,1,0.1457563933760441,0.029578935898187653,4.017004417544302,-1.7032834743473548,0.1991107324622683,0.9271354632578911,97.59095430173222
5179,2723,7,1,0.14283846569672362,0.05664877801290466,3.8757938409306703,-2.795309367247031,0.2329604032477213,0.8897011703212568,160.15942899554003
5181,2724,4,2,9.022577554105881,0.6192190499212318,5.677775549340264,2.978130394485995,13.419171818075599,27.448544797717343,-170.40491130365373
5184,2725,9,1,0.1058264904806581,0.036772147434822586,3.8392687232356755,2.070181778537808,0.17396563403025117,0.6554994199054024,-118.61267893969378
5185,2726,7,1,0.1731007617694277,0.0806875065438972,3.8671562386908933,3.024826182862144,0.26638988083651405,0.9435326998175373,-173.30977388447272
5188,2727,4,2,8.847311415849658,0.6203693779912365,6.020066415703658,-2.423351322452485,13.162931317986253,26.868598994494093,139.0638757579472
5189,2728,9,1,0.1465756554567662,0.04304126349626238,4.0641672905012936,0.03463845817159367,0.24010159696073252,0.816765482816375,-1.9846379897258386
5192,2729,3,1,0.24167681120158382,0.09476656311592242,3.9669983998189764,-1.2927072357559775,0.40510039984644025,1.3828751311236565,74.0666656000392
5193,2730,1,1,0.16215118430964415,0.05622776477978005,3.823902834336218,1.2030938684261012,0.2721778289734796,0.916792339388205,-68.9322008191785
5196,2731,9,1,0.15946719764272593,0.06633583949873624,3.844101359674255,1.8067146281233968,0.2178147059638034,0.7550096487339994,-103.517123163918
5197,2732,3,1,0.09926439690812822,0.05616655661797163,3.967067124160041,-2.185590611517088,0.15992874690172085,0.5553261484437464,125.22511782833615
5199,2733,3,1,0.13990951498508883,0.0814216797036621,3.982327888101999,3.067003402827617,0.21764419299423943,0.8714450605859134,-175.72635062607685
5201,2734,7,1,0.14935656519522073,0.05203499356522394,3.937149096731143,0.23135020470500067,0.2345929339641962,0.7790245333245702,-13.255391009633817
5202,2735,1,1,0.1698142398978923,0.03533682528234539,4.013419553320331,-1.905103447507922,0.2549313598102236,0.8204061897975291,109.15438807238007
5203,2736,7,1,0.2072372827991633,0.08690642912432264,3.881635356627843,-2.122403872641442,0.34913558972333747,0.8073555370676746,121.6047859782556
5204,2737,7,1,0.12246344449884686,0.06432263291725943,3.9340717353801686,-0.09223340848700708,0.18038627848730274,0.6709137789120072,5.28458492730115
5205,2738,3,1,0.16664722478431673,0.021632512424945308,3.906215150690035,-1.8335195549520986,0.25348692627681735,0.8110345956552146,105.05293303423358
5207,2739,7,1,0.19910030107654597,0.07273865315763003,4.025606231865995,-0.3656078616147102,0.3480095405171911,1.224703841017484,20.94778732284352
5208,2740,4,2,8.891267408625872,0.6144144912090354,5.798414852251901,-0.9656099603290458,13.227220769252407,27.005694764844392,55.54473729724601
5211,2741,1,1,0.14368123860925036,0.0349328430592001,3.9033694430198076,0.27368777910300857,0.2461044967972974,0.6797920018411218,-15.681155197192936
5213,2742,3,1,0.1999195333454054,0.09430432330114216,4.029584217504771,2.1416673838194087,0.3425615651873712,0.8529820759141996,-122.7085034011058
5214,2743,3,1,0.1597336371283124,0.0617385753688919,4.0472108642258,-1.2486784989762063,0.27721836267930133,0.6229023818843266,71.54400741676548
5216,2744,9,1,0.17891353741106292,0.03426629865340385,3.8281285687117723,1.956227112202259,0.2839183608839946,1.0925643989510387,-112.08355835942386
5221,2745,7,1,0.24402564062450632,0.1295299958060547,4.102754046140793,0.4585893993660119,0.45245486648970223,1.2096315782521194,-26.275239537252297
5223,2746,9,1,0.1496941925577005,0.04477062510522361,4.080758342327703,-0.8212267900089456,0.26700614289495084,0.8524598648238165,47.05282971694062
5227,2747,1,1,0.12136163645485465,0.05542830002839432,3.975958745792395,0.48911076594550795,0.19659701758227863,0.5840199678053385,-28.023982562079855
5228,2748,4,2,8.68470369143199,0.6062575173989744,5.87452769597188,0.44045435574908687,12.924956854609812,26.3134205254523,-25.440372898207777
5229,2749,1,1,0.12426527110325652,0.025002951490212626,3.823248263346804,2.151030705535667,0.21536704894045477,0.4790791398524932,-123.2449813458853
5231,2750,7,1,0.1956057370376891,0.07065412918588732,4.027349412011276,-2.647172866884199,0.30922728462790205,0.8570106518531619,151.67183334247707
5232,2751,3,1,0.14296765009214943,0.08611664663913658,4.114658392002845,2.982239774667618,0.24627093954215873,0.8798385015556028,-170.8697524730898
5233,2752,7,1,0.15475947618464506,0.08169341796761896,3.996727697856504,-3.0945255756538,0.24694258896710125,0.9297993060407698,177.3032552587099
5236,2753,7,1,0.1316214573559517,0.03116463705517226,4.038339748287455,-1.7670655396123522,0.1944932395248223,0.5500759490712146,101.24539783505728
5239,2754,2,2,8.807250680743978,0.6079285794219967,5.8237542841303505,-1.7318554414623288,13.104323960509403,26.68902903402939,99.01490309682285
5240,2755,3,1,0.15665631090197585,0.05584047791447388,3.987716589809652,1.1561320525644856,0.262286776513436,0.8654618701987055,-66.24148629079005
5243,2756,3,1,0.15371955241602292,0.07471542046823491,4.069113161063652,3.0329806266261032,0.2660054181874714,0.8626672128567988,-173.77698889773507
5244,2757,1,1,0.15420075029673982,0.05901167029937367,3.841082930077499,-0.44356209902696686,0.24345817825190852,0.7797590139504317,25.414236522296175
5246,2758,7,1,0.12080271646192904,0.03405766445272598,3.832020279373187,-2.264894299857598,0.20267452755533932,0.6556012069619193,129.76888446790915
5248,2759,4,2,8.768469545545388,0.598669152284173,5.8532662024147415,1.273535140830254,13.04757681201805,26.614094379968076,-72.75793103814803
5249,2760,1,1,0.12013742140807611,0.05550055453556318,4.039073345000551,2.4414583611323755,0.21213054177128976,0.51636736747745,-139.88525966969598
5250,2761,4,2,9.01238428902291,0.598338360245346,5.67867433604232,1.704502127151371,13.404278348959018,27.388044473117258,-97.88937964950291
5251,2762,3,1,0.12633370741490724,0.05126313970970564,4.012228512251588,-0.35427940863006924,0.24114607485744102,0.7294481177201322,20.29871539888419
5255,2763,6,2,8.91479124103014,0.6147743410152108,5.770360447516106,0.5223005132929491,13.261619753725032,27.073245812774335,-29.704478890264454
5258,2764,3,1,0.16769925237757147,0.06536356984596545,3.968022068037701,-0.9343317127202275,0.2967757165860363,0.7051846531335734,53.53326380439225
5259,2765,1,1,0.13913986674232756,0.08349498707137532,3.930860888111762,2.524088380683076,0.2522008896366802,0.817065392637285,-144.61961073978043
5263,2766,9,1,0.13341886082964605,0.08981093346798695,4.003329516746159,-0.783380293327749,0.22046971788373235,0.6648588213488023,44.884384751386285
5265,2767,6,2,8.941064852004102,0.5969210484797722,5.759462807548457,0.0021094199642390796,13.300035517952757,27.145953616618016,0.10226847219456224
5266,2768,7,1,0.2387043300614599,0.08724245322988453,3.9398163201192347,-1.6226983823699324,0.4043005390016369,1.4674636825717835,92.97376811379722
5267,2769,3,1,0.09752389523390806,0.05599424779944317,4.139016278151753,0.8551344459928486,0.16094595978180706,0.40237075962454755,-48.99559469664964
5269,2770,2,2,8.88243381820562,0.598083322614746,5.826569618490483,3.0808325030299946,13.214302724398756,26.967083357642345,-176.30000163955987
5271,2771,1,1,0.15763847091552838,0.06346831361171078,3.8772484576137956,-1.6584186238837548,0.24965691562649758,0.7067713703017017,95.02038783027558
5273,2772,1,1,0.12987530801829947,0.04519071133794365,3.9455060132872246,-1.1528932819271263,0.2157734931095125,0.5669101101674915,66.05591897515109
5274,2773,1,1,0.17411499743475797,0.04445624399846077,3.7612340600001923,-2.0481551232152775,0.28306430239288805,0.8076888676408579,117.35064484431221
5276,2774,9,1,0.0874134202084088,0.05663015680476307,3.963719251040314,1.988562475571331,0.1363332164388077,0.33847009640796616,-113.93623722307639
5277,2775,7,1,0.16234747257356905,0.037937657159365396,3.7764836652593523,1.2953725203011082,0.25131530489589254,0.9408873920248406,-74.21937761314798
5278,2776,3,1,0.1389589096633145,0.0693515551730438,3.915969684690752,0.9256865796092146,0.24242997054596543,0.5493664746597248,-53.03793430817873
5279,2777,3,1,0.14780041161372892,0.05126814134603344,3.9544740163555105,0.840095635816903,0.2513869564661445,0.6215843220506425,-48.133934053771405
5285,2778,3,1,0.13182910304567166,0.05130067707687782,3.92759366625751,2.80654194803602,0.2056935791719497,0.6147876996424244,-160.80300819401558
5288,2779,7,1,0.13254861327520093,0.04322418696671165,3.857501843778599,0.2590398365665253,0.24012267504017737,0.7238803097566534,-14.841889821078492
5289,2780,7,1,0.11790718791080433,0.04611250535814202,4.116386577454703,0.3460915558852986,0.19264605898899614,0.4995076362736831,-19.82958588019243
5290,2781,4,2,8.896886451515968,0.6083850127564904,5.947963334324131,2.0591241911538614,13.235437123294332,27.09573795343272,-118.19891047970214
5292,2782,3,1,0.13652613284956433,0.041300874508156164,3.8369750165447494,2.365551067104478,0.2580642335503573,0.5435226647811684,-135.53609276281603
5293,2783,1,1,0.14400532664357457,0.06290114503190739,3.9363986052712447,-1.5080973369155575,0.21182567422873363,0.6839974799850376,86.40761234120758
5294,2784,9,1,0.11719540216190644,0.0564275440484488,3.99085238987211,1.9656299070894814,0.19905969494606834,0.6506734163327502,-112.6222979979132
5296,2785,1,1,0.21305681581415695,0.054959426466533026,3.979551468908361,0.15693701289622752,0.2831775420544314,0.9219378911129353,-8.991829282678658
5298,2786,3,1,0.17036850300419468,0.04140482982551158,3.830332386983128,1.4120788210089115,0.26200655055983063,0.9223779053212809,-80.90615603613533
5299,2787,1,1,0.13222179994702188,0.039663623600569665,4.012188312466274,-0.8622839073897024,0.23202517383642374,0.5176787525094325,49.405228298009824
5303,2788,9,1,0.1649139401578044,0.06166586171633709,3.832920126331028,2.0237640394230985,0.2755800287931966,0.6940415434262467,-115.9531391679152
5305,2789,3,1,0.16325713636161274,0.10554655094109058,3.8373592174497753,1.909469142771604,0.28952825894058143,0.6716596607386879,-109.40452401056591
5306,2790,1,1,0.18113637179290878,0.047678815384321234,4.026494000306956,0.43095702063012725,0.33083499044878056,0.8615068280561117,-24.69201742536306
5308,2791,1,1,0.1643102803666629,0.088070704451212,3.830202690316959,1.1920621930092015,0.2542202234193823,0.8395190560960714,-68.30013217852736
5309,2792,3,1,0.16630904112871145,0.047323990047084055,3.884723147213381,-0.49018924111708784,0.3040422937637218,0.732660504593806,28.08577538041089
5310,2793,1,1,0.18415664013502248,0.11250425932906133,3.917059216667448,2.046364748358466,0.3157099643491059,1.138649427959542,-117.24806338133413
5311,2794,4,2,8.900142438682304,0.6189731589750261,6.094681875134917,0.9640296163938857,13.24019981840732,27.130944374577616,-55.45485851466678
5312,2795,7,1,0.0990705805179695,0.04944183864114056,4.014253975524129,-0.8372843442766085,0.17249330600775672,0.5374132854974699,47.97285905439273
5314,2796,7,1,0.1353639864088397,0.055104039222845874,3.9500337525167795,1.0345452557660575,0.22891225571741317,0.6370297809700309,-59.2750763972464
5316,2797,9,1,0.16088370615925993,0.05567486097705227,3.904162585975353,2.8077972765792274,0.27248303824293457,0.768580497479653,-160.87493268251995
5317,2798,7,1,0.15438892984241057,0.02338353597347242,3.8505168596194217,0.6910491353677678,0.30574417896630113,0.5992594589531025,-39.594199639338626
5318,2799,1,1,0.18489097521229914,0.06464035668615443,3.872878609005684,1.5327992630625245,0.2513436556135431,1.049586094758917,-87.82292895230952
5319,2800,9,1,0.1368190434049683,0.06653460122078445,3.9350486495835897,2.3679584503864626,0.266283936810418,0.5693426483400763,-135.67402571784478
5320,2801,1,1,0.16231511595562495,0.0664472728177928,3.918938493012059,2.95618274118194,0.24226067898704337,0.9170974466914662,-169.37679406050754
5321,2802,7,1,0.1539461486248053,0.029449205711144393,3.99644796109133,-1.4520719429041715,0.20045003000679468,0.6256712874401928,83.19759363520946
5322,2803,3,1,0.12684224473970537,0.0332825531323874,3.9432224677609398,2.6154707904796903,0.1986925758675491,0.6639688538621674,-149.85543793360384
5323,2804,1,1,0.1634581138327282,0.026759324775556894,3.777410507102997,2.23115044933037,0.3223107264094884,0.5476200598827663,-127.83550492599358
5325,2805,3,1,0.1511062422008881,0.08680085965713036,4.0126472776022135,-2.078991647153331,0.2544499406409815,0.8255064004712126,119.11744733844837
5326,2806,1,1,0.154883944119801,0.06337218885243609,3.872868693328042,-0.5926121209091733,0.2446109011803071,0.6967077816993272,33.95417293899125
5327,2807,8,2,9.301046589826889,0.6177668989494204,5.7710410725368835,2.7775310551718473,13.825726098484136,28.238939915184396,-158.8891186727061
5329,2808,9,1,0.1378024869764991,0.03285663855261232,3.8352289270734823,-1.365801933686561,0.21495639758700474,0.8709496764454038,78.25468607824911
5330,2809,9,1,0.23016188663102907,0.08340459284088274,3.979378481989363,2.9176375404907913,0.34606989872704064,1.055708530743064,-167.16831645345448
5331,2810,1,1,0.14004182957378855,0.025069402701266844,3.913215927520279,2.006499513051273,0.273170272389155,0.5917901014866838,-114.96395411347149
5335,2811,8,2,8.820781453742336,0.6149688899341248,5.917645160052614,-1.4043254780584535,13.124121450427054,26.757413569802495,80.2478191058004
5337,2812,3,1,0.09862803322594349,0.04017684827339314,3.8708038267518297,0.6008092494042679,0.18275429936566054,0.5587267696964568,-34.42383445730595
5340,2813,6,2,9.176865170134802,0.64806772529679,6.011610315314697,-0.2263230611309345,13.64451274751608,27.84404455301299,12.72578594239064
5341,2814,9,1,0.150515555724875,0.07937482710695881,4.091691479616044,-0.6143143937482689,0.2739494082652812,0.8533211229767701,35.19762215121214
5342,2815,8,2,9.069911086154752,0.6082527352213515,5.990698423731155,2.3129842582435054,13.488327457299043,27.59506977297054,-132.75731792963992
5345,2816,9,1,0.15905825515994465,0.030284278826065783,3.788422657804021,0.13097504037069022,0.21359184351636695,0.7278895326686474,-7.504317224272367
5347,2817,7,1,0.156698066385922,0.06803355800110253,3.9547460388521563,2.4345619876678097,0.26447391807136256,0.7516596487955219,-139.49012737218305
5348,2818,1,1,0.13619775678477203,0.04169786490381924,3.880238879984398,-0.7906386728724425,0.23947631925204232,0.47365512325455544,45.30025927154282
5349,2819,1,1,0.156531999684312,0.03796998757019298,3.966402818645976,2.552102539045302,0.26775784297570115,0.8393455258215429,-146.22470411737183
5353,2820,1,1,0.19214801228885123,0.04596372445568358,4.034893422931953,-2.2894793460447924,0.32259042915657377,1.0818091234743101,131.1775031083783
5355,2821,3,1,0.14552293460655466,0.04469144665917052,3.9913061611112126,0.34245072119145564,0.2454399199812377,0.7410192745297534,-19.620981563128517
5356,2822,7,1,0.10368002632021862,0.028447463587019255,4.033749263686979,-2.336593004493562,0.20237200736768785,0.4448463298526284,133.87691739332283
5357,2823,7,1,0.15057735298324956,0.0313007314485764,3.8808695224538203,2.4825358015111356,0.27521587957032706,0.6679047940736591,-142.23882353560165
5360,2824,3,1,0.23364454449699887,0.09980957254063283,3.812906908129078,-2.6637854886791903,0.35291744300330125,1.0298607758191856,152.6236633582715
5361,2825,1,1,0.12768107714242066,0.06298122051302778,4.202446738602297,2.349450521761203,0.2319337152554275,0.5519331056621241,-134.6135988888421
5362,2826,2,2,8.854305164135203,0.5901839469928764,5.64198359065311,-0.056081350586436325,13.17316264601221,26.900306320010007,3.4298184552316124
5367,2827,3,1,0.17755008497496225,0.08858950071920828,3.826992997958771,1.3625735588848182,0.2724943497136508,0.9769840978966952,-78.06971309688991
5369,2828,3,1,0.11962336477604502,0.06204320614782382,3.911241220842983,-1.1518464134371946,0.21289781183515105,0.5712711747886068,65.99593770093912
5370,2829,9,1,0.11665054831101504,0.051957127498262305,3.9566106434142236,-1.849204326284829,0.21576392606670403,0.5963215219600482,105.9516037518033
5372,2830,7,1,0.153980436710746,0.03030856252670998,3.887737578926104,-1.9391349210979496,0.2674461387351211,0.7979862987625943,111.10424725825834
5374,2831,1,1,0.142085312957287,0.047772298693236355,3.9774610939863173,-1.0199315250875058,0.22416119319466252,0.673025904225435,58.437771357834315
5375,2832,7,1,0.11756995183363335,0.05768036684203776,3.8586680223972927,1.3199660374383326,0.20413394974905416,0.7259152223768242,-75.62848264852636
5377,2833,4,2,8.467906458138375,0.6183029571071376,5.723835425634403,1.16328133925935,12.607326930767755,25.74760799391501,-66.46204394748365
5378,2834,3,1,0.1502685864848121,0.04087164443024912,3.935485184348316,-2.29828052179235,0.3065401837012332,1.3244333119565297,131.6817744433159
5383,2835,1,1,0.15986266387740794,0.06369640169619042,3.918002035385899,-0.35158577896169985,0.2741518816902513,0.5791539006253085,20.144382128718213
5385,2836,9,1,0.15241985991517948,0.056798573680426824,3.895307684988122,-1.9434042420360063,0.26997974428067983,0.6416440977393463,111.348861807084
5386,2837,4,2,8.778956381803797,0.6133187452444464,5.897533461315713,-1.4464736721699305,13.062922782169686,26.599144758517674,82.66581176986423
5388,2838,1,1,0.1485824502333232,0.0550277190184719,3.996253066375772,-1.6734646723209312,0.21720833757367608,0.7442137922274931,95.88246326806471
5390,2839,9,1,0.06931655475850429,0.036854679797025926,3.850677380133426,-1.327348726356119,0.1346133892968209,0.46746369281368977,76.0514798777624
5393,2840,1,1,0.14649412441940893,0.06700673773926225,3.888847113846296,2.360438466484621,0.21539452552364394,0.734336667719849,-135.24316206206706
5394,2841,9,1,0.19363019943000806,0.03801145959248752,4.012075242284501,-0.5125921809679316,0.3140987112008505,1.2713363555668031,29.369368835009226
5395,2842,1,1,0.10815696997205332,0.04174751891800731,3.8748749762948185,-1.383292727104828,0.16353710784212794,0.5500235974581954,79.25683486552074
5396,2843,1,1,0.15747209324097883,0.0704907177236562,3.8749239041079164,-1.7400405376826644,0.2319381997098791,0.74411218456356,99.69697943660087
5397,2844,3,1,0.15941806261947444,0.05315445051185122,3.866653624402231,1.859276245694002,0.26071333446773226,0.8438666591294556,-106.528682031009
5398,2845,9,1,0.16851901955589424,0.04706725368011697,3.898477083295977,-1.3083090394632335,0.2905069049206552,0.8767655922100361,74.96058610395266
5401,2846,3,1,0.1593714402810237,0.0590124712185013,3.843357008897744,-2.245852722280352,0.2941600107719661,0.5173114966139672,128.67788299492207
5403,2847,3,1,0.1504079009201539,0.07026001579325983,3.973809895828425,2.3013236783936595,0.23608759575622143,0.6062751915334267,-131.85613447046757
5406,2848,7,1,0.20389088857901777,0.07157839046968384,3.957842385333959,-2.7746413232755818,0.3269557767744384,0.9218246178505627,158.97523520619663
5407,2849,3,1,0.1650262379905668,0.05646586515275806,3.8714031447826955,2.473292491461953,0.29409192857129296,0.5986149589748472,-141.7092204061258
5409,2850,3,1,0.14153587503463494,0.04821708676093001,3.856238861324523,-2.8981149488916875,0.2108209151160989,0.7407410923600088,166.0497549054593
5411,2851,3,1,0.12066874931656048,0.03602404352980638,3.9096995659847353,-2.8607050219069006,0.18358119611885942,0.6346683541045837,163.90632407390243
5412,2852,1,1,0.10829108261895623,0.0384209974148512,3.863867503981891,1.9167278110314827,0.20382532434730696,0.5359244208411174,-109.82041428772455
5413,2853,9,1,0.1468942393618436,0.09494624050969115,3.8993837766954416,-2.3801712466425546,0.23142432884344666,0.9377932052373957,136.37376732050944
5414,2854,4,2,8.798783094098825,0.5944276093092113,5.979591392281196,1.7441110250627887,13.0919366138662,26.726445395483676,-99.71772016211024
5415,2855,1,1,0.17784253857047327,0.0554118701809197,3.9572149742062677,2.8679882328475497,0.27568413687450205,1.0658861010853833,-164.32362182760062
5421,2856,3,1,0.13345877920624533,0.03362506382777521,3.9124807850241865,-1.876914445614305,0.22267387200145436,0.7683910545060709,107.53927679081107
5422,2857,6,2,8.895791517155095,0.6156684746387167,5.883243861096122,-1.2885748807267359,13.233836315945682,27.005908909374227,74.04960461939983
5423,2858,7,1,0.14434301485655943,0.06873265844818756,4.089759036943622,-2.3563372360711132,0.25486118529761337,0.7403940936323089,135.00817912520662
5426,2859,1,1,0.11604607022564055,0.07311774123965892,4.150231749706227,2.8964431454312836,0.19520780664816753,0.7107146674152331,-165.95396783993726
5427,2860,1,1,0.12099140275071335,0.03548034948505845,3.9292444884878135,2.0427492137677885,0.2004888286838815,0.535380525743316,-117.04090855954988
5428,2861,6,2,8.826711716374357,0.6260449538019218,5.798590557121846,-1.9088908597844487,13.132796745479926,26.800154318145882,109.58593269814476
5429,2862,1,1,0.08851791326158967,0.03459866416883221,3.8637091481817762,-0.4071086999582467,0.1705394054540356,0.5543444207153277,23.325610549616783
5430,2863,7,1,0.1798423927330566,0.04275612630188554,3.9450882786300148,-0.2046993819793889,0.27462571223749266,0.8171726797491413,11.72841195833124
5431,2864,7,1,0.15506121390442465,0.04394493673696883,3.8437813437372896,-1.5794298304666434,0.24506107079385148,0.8131170044129278,90.49466258043799
5434,2865,9,1,0.20635786229226713,0.060800215196459347,3.8218658827569847,-0.9563996210737356,0.38751477369834814,0.5736200127116566,54.79766065603316
5436,2866,9,1,0.1192622070248761,0.03808184007950313,3.9361091741024596,-2.4770280621969833,0.20075402141166207,0.5820592377517433,141.92325375069268
5441,2867,3,1,0.18768323522160696,0.05948799485699733,3.9505206681050025,1.063762246281574,0.3200592395194577,1.3484950781402447,-60.94908711090285
5442,2868,2,2,8.880459993536832,0.6026734134233716,5.855917028302318,2.7821197344528943,13.211418135953918,26.979370258923833,-159.1851688042099
5443,2869,3,1,0.16579715895073027,0.03739508841312333,3.982503195177658,2.837286067284555,0.27470430474369495,0.8855007621312946,-162.5645169715079
5444,2870,1,1,0.14998580964192312,0.06714784614922316,4.004486295943787,0.052980700841197985,0.22189012411557152,0.8168895120964551,-3.035570718969236
5445,2871,6,2,9.376523913292731,0.6152695292386854,6.045217220032687,-1.4870222609847528,13.935798907711442,28.5085158694594,84.94212215421466
5446,2872,9,1,0.16715863543635015,0.055286303598247634,3.992263174801283,-2.8138660752799964,0.26758963213173026,0.8552671924535166,161.222649178791
5447,2873,3,1,0.18744108199722448,0.0634709341033529,3.8955586775805835,2.3153644211778053,0.27882968155092525,0.7080346009137923,-132.66060944862414
5448,2874,1,1,0.23823874988264046,0.09315291881222133,4.003178537993282,0.8547009021256218,0.37747211213305115,1.5485330747593637,-48.97075500703494
5449,2875,1,1,0.10363039403949335,0.050898938995474166,4.002409676190864,0.5872014331112346,0.16276952495121477,0.4218610574580031,-33.64416383340227
5451,2876,3,1,0.17025261385451726,0.05162729961125504,3.810322341214275,1.507823608874187,0.2638831064634776,1.0190463594456485,-86.39192822495608
5452,2877,3,1,0.13254434091623096,0.056977323293952824,3.7979981776037546,1.8642148263921234,0.22674396298275817,0.6991722781079207,-106.81164228069814
5453,2878,3,1,0.26269659057526235,0.08917150226796461,4.027552177396219,1.160527612560669,0.4358562975630343,1.376043805567295,-66.49333245066451
5454,2879,3,1,0.1173001997410321,0.023314536896943183,3.93623572982816,2.2485744110434798,0.20565682334095303,0.44141828348439793,-128.8338237905827
5456,2880,8,2,8.96592301825328,0.6185957779115326,6.0282255385023005,1.0945451843915877,13.336372080975435,27.262831018274976,-62.48779313217588
5457,2881,9,1,0.164418335216973,0.06527356479657793,3.896103738966576,0.13761734286132005,0.2367408762945243,0.7267899448549947,-7.884893231050418
5459,2882,8,2,8.835919109921935,0.6207793210883727,5.9648364040488016,1.4664151594628896,13.146266491621782,26.820111911608944,-84.23462538884898
5460,2883,7,1,0.16020434311359522,0.04710153678197465,3.839539393605834,2.8822184766048977,0.25297056513317934,0.8532171632935406,-165.138953439871
5461,2884,3,1,0.15622667007654584,0.052648222936471305,3.963844936244699,2.685540119949079,0.26652767408191547,0.8491298623784352,-153.8701147417064
5462,2885,3,1,0.16592971595777053,0.06505120779273744,3.922698478232256,0.7991279892196519,0.3316795624392616,0.9006853531052125,-45.786661906614604
5463,2886,6,2,9.223157289584607,0.6308364187727271,6.230297805543534,1.970842478891562,13.712083286224384,28.107822266204852,-112.67564724668108
5467,2887,3,1,0.16458695304125218,0.05422003690997059,3.8769651199253596,-0.38974357472814714,0.2656636241676024,0.7763402008370628,22.33066243034777
5468,2888,3,1,0.12795031421992714,0.052882892463548895,3.9266496300958265,-1.7792420164773306,0.2054145393105048,0.6946497091978249,101.9430586585439
5470,2889,8,2,8.918558060630668,0.6082377029258759,5.9508167193675,2.288889886504235,13.267126628275998,27.062834844325064,-131.36515143300792
5472,2890,3,1,0.1983891309839938,0.06024189176390487,3.8513537279533194,1.6335682144375367,0.28344749905197053,1.0530795218830935,-93.5965649691343
5478,2891,6,2,8.917361116630326,0.6086153572997437,5.857976358458366,2.273542898542206,13.265377217735026,27.05263930691157,-130.04308205618702
5480,2892,3,1,0.24986087798317524,0.09030094371937773,3.9741487032369327,2.046223857909779,0.41492055745988615,1.1642742654291791,-117.23999296735154
5481,2893,7,1,0.16781459956475875,0.04425142607403532,3.9905199360378276,-2.665578354978408,0.26847021560447637,0.755423408865823,152.7263889831492
5484,2894,7,1,0.12011655168338511,0.04748982119802963,4.143145313135338,1.51699776777172,0.18099431134575433,0.6151565567081021,-86.91756963812689
5488,2895,6,2,8.6380281249657,0.6360926594375121,5.672310522019307,2.157231843125539,12.856605964199437,26.2277444703,-123.80115262119484
5490,2896,3,1,0.09231492961441119,0.06229479059299181,4.04074059781308,1.1681476409395133,0.14895392970932303,0.5228785572993857,-66.92992963068879
5493,2897,9,1,0.21935572183243418,0.08135886080197666,3.8288954109602935,-1.6149153491395374,0.3224716468302506,1.009786451444033,92.52783232719375
5494,2898,7,1,0.17001129970323672,0.08176498410890744,3.8953437816335303,-1.172720129337841,0.2886625123424627,1.1488006174894048,67.19191332698644
5496,2899,1,1,0.14192905496481906,0.020476621413273794,3.990817061112756,-0.0627706981316551,0.22200217453499185,0.7725223392492482,3.596496534357706
5501,2900,1,1,0.17488300504600204,0.07631393726989937,3.8901271882927047,2.9709855426621266,0.2669599135669971,0.7438976533627173,-170.22493233655382
5502,2901,1,1,0.13163272074508536,0.08240405496891395,3.981209502419092,2.7466457842695453,0.22948775595736812,0.7946864866285623,-157.3712106423347
5504,2902,9,1,0.16621166663252082,0.06501899120755762,4.154451631933052,-1.1821265167328983,0.2691544944233793,1.1094472277441232,67.73085966707599
5506,2903,1,1,0.10240520048034563,0.07492050761297195,4.11952205143897,-1.3030562849243656,0.1583513196370026,0.5468452849001162,74.65962556724591
5507,2904,4,2,8.926930888220728,0.6174816120928509,5.807251472141655,-1.4209481398613697,13.27936848934815,27.17079221963024,81.63638689361791
5508,2905,9,1,0.07500885772428713,0.050082787162529084,4.038694119387971,-2.4840770725746673,0.13425661715833676,0.4083760866416334,142.32713219449934
5509,2906,3,1,0.1701121712864996,0.04776620538423205,3.9843010210790757,-0.9618407646432289,0.2922273206136872,0.732377459301353,55.109415600042674
5510,2907,9,1,0.16302779388828148,0.028911673230272255,3.7496512358169163,1.2627656767303421,0.26661035684159046,1.0195755653642036,-72.35114286432793
5512,2908,1,1,0.12411151922093232,0.03178658604558496,3.8040597571656685,-0.8264598393407218,0.2079823799045075,0.4544248987921365,47.35266063034915
5513,2909,3,1,0.18369436697848923,0.06015161947277488,3.941972213496193,1.6983384218846511,0.3116401052654178,0.9241285708116356,-97.30762525385241
5514,2910,9,1,0.3050246240965589,0.10284375488723904,3.8127979120740223,-2.1685514294573105,0.5290383984463077,1.0796727401587725,124.24884775877455
5515,2911,1,1,0.13503460400838774,0.045274221533933144,3.9544374887526375,-0.5460996323108644,0.24129557059285237,0.4792167127265927,31.289204494532296
5517,2912,7,1,0.13819510323841364,0.03856499746389321,3.9505510667260637,0.6275447266190431,0.2575399118236179,0.5667066929667857,-35.955664855163384
5518,2913,3,1,0.13484389796763133,0.07951501407483402,4.050014823485456,1.9642119525555042,0.21818232030085577,0.7265473713186177,-112.54105544521894
5519,2914,3,1,0.12565288643923753,0.03587393888321453,3.863608438223827,1.4652993493869793,0.18875698137635738,0.5810614115830489,-83.9554680270188
5520,2915,3,1,0.11592188859206409,0.05847062976925742,3.911538731986319,-0.820923533930939,0.19280973963439973,0.5568121046942923,47.03545393649054
5521,2916,1,1,0.1832272578172008,0.10399772021762475,4.081662469738511,-0.3260013400234792,0.305108214353774,0.9219391304768602,18.67850202287858
5523,2917,9,1,0.13307734506601607,0.061218528292324284,3.97117657274593,-1.7935324965754946,0.2535850822989799,0.8572265767813609,102.76184275858874
5524,2918,1,1,0.14094623657194819,0.052432891137945095,3.9044503457045154,0.7985450719363336,0.26117735226896954,0.8802053776682598,-45.75326241745011
5525,2919,7,1,0.16342428415724142,0.053765360605077105,4.00295041134041,-1.2767798933108405,0.2746858168920467,0.9114021199159479,73.15409867978772
5526,2920,8,2,8.921911261367798,0.5986916899322225,5.786643065293929,2.708751805828429,13.272030552586088,27.091428056922155,-155.42172130289546
5528,2921,3,1,0.13207298969613473,0.09584640334809896,4.206601032254438,1.9704020432181768,0.2345285363915292,0.8853249022084864,-112.89572089223932
5530,2922,3,1,0.18446170984890553,0.07062994227701169,3.8995759020556315,0.05345462857836319,0.2809198872806146,0.8768374775687598,-3.0627246831833634
5531,2923,1,1,0.13044612758025131,0.04361273809400531,4.0238527597762275,-2.8275373178577263,0.19641983955252248,0.6789967374651716,162.0059543421257
5532,2924,9,1,0.22762797503379723,0.10111308775567494,3.993122929241302,-0.14757470058175173,0.36065872002356647,1.0132840599041235,8.455409276606916
5533,2925,1,1,0.15442862218401593,0.04901959198836665,4.094008978079482,-2.5894125172452895,0.2651781692410293,0.8350842503803131,148.3624084390373
5534,2926,3,1,0.14945200448894494,0.06841677475762953,3.8207975633621016,3.0047861788247667,0.28029743348061065,1.0214804799428132,-172.16156569083918
5535,2927,9,1,0.2079739342770673,0.09445469053671793,4.036405051827946,0.029101001338063346,0.2665894148311852,1.00318322177825,-1.6673643127412625
5537,2928,3,1,0.10282571550083291,0.04790997436265604,4.055997919824266,2.3040231008062637,0.18361706345213313,0.40664583659365466,-132.0107996867131
5540,2929,7,1,0.16693217625269513,0.08389764229034677,4.138562907049131,-3.00397697422785,0.26177863197769585,0.8392439809088469,172.11520193740265
5544,2930,9,1,0.15366769216544895,0.04715904295648189,3.9902053524379197,1.9568553237928394,0.25113063315170425,0.6599989593545399,-112.11955185447664
5545,2931,9,1,0.17917819232916396,0.05723263662317651,3.836377985030829,2.442256770041977,0.30725753269291145,0.7155115041424368,-139.93100453828436
5554,2932,1,1,0.171826493133197,0.11049966001878696,3.8931019212841016,-2.0832097926339608,0.29086524508370487,0.7868464700458292,119.35913005274571
5556,2933,3,1,0.11120668098197711,0.04165706559760974,4.049988686398582,2.9330120227292515,0.20836403453556185,0.7778252450262968,-168.04921014150864
5557,2934,3,1,0.16117588659219745,0.044273844656610765,3.9529262067680464,1.6509619660038723,0.2292745166670858,0.8845960649228067,-94.5931525316209
5558,2935,7,1,0.19793625100228343,0.08135976708837901,3.9488189203487662,2.305607445554159,0.3091699636634862,0.8162282360103335,-132.10157580623277
5562,2936,1,1,0.23288007866940183,0.09387698903475548,4.045797201292651,0.14632583251777864,0.39376899896269285,1.1550812975335771,-8.383855376805098
5567,2937,3,1,0.14137703527274456,0.05395794532043724,4.086697082378989,2.615621542525076,0.2693353086072241,0.7931826161169148,-149.86407477907912
5568,2938,9,1,0.11518953874046087,0.06011100322605372,3.9172752665012025,0.16006751518872386,0.19404639887167727,0.6713568733432038,-9.171193214875178
5569,2939,9,1,0.1325664920272122,0.03595057833751539,3.91114249742031,0.18072755054082107,0.19542178751710484,0.7215783150372639,-10.354926220680841
5570,2940,1,1,0.14694426047217524,0.04348321868933142,3.835319937148939,0.18419539142449518,0.22287282985334064,0.7655775626810659,-10.553618601098249
5571,2941,1,1,0.12334519343606251,0.04296629521988022,4.04865323646093,1.4766689406813838,0.19596993875774507,0.6041024639820516,-84.60689767618543
5574,2942,1,1,0.10940759487966134,0.036176922326577786,3.889980474878368,-2.1902889084693005,0.20051895398821418,0.5017461607848023,125.49431064020793
5577,2943,9,1,0.18747270878700947,0.04791217672905188,3.891512087729732,0.4776141306059921,0.311570857855303,1.0638930572126668,-27.365274602489343
5578,2944,7,1,0.16995996566405694,0.042094969837134275,3.8865336483348933,0.2662133313991364,0.28170524358687965,0.827476149085705,-15.252901478151383
5579,2945,9,1,0.12154878960831572,0.03455567289233624,3.8587792584775,1.6570784693064584,0.17613027814638366,0.5902618623009708,-94.94360278171105
5580,2946,4,2,8.922037677326726,0.5908520190640743,5.8562746740966585,-2.8160287989869883,13.272215042703776,27.098787896762133,161.56824982754844
5581,2947,2,2,8.898916576919792,0.6113238682565676,5.717984653162899,0.6471912897495635,13.238404997856724,27.087081493763534,-37.30126720588438
5582,2948,7,1,0.219712555066213,0.06829898068850346,3.8917606552957027,-1.1849628667552146,0.325743279316754,0.9001592832339286,67.8933693025497
5583,2949,3,1,0.11722700119960483,0.08933811291740294,3.8652100436687507,0.882763623600964,0.19586876136422748,0.5854312471128282,-50.57862985108932
5587,2950,9,1,0.17540390575590703,0.03615016193029807,4.027762619881555,0.2834285322237982,0.2845887225491702,0.860037237211885,-16.23925884437445
5588,2951,9,1,0.12683816152685518,0.05680346643478126,3.8268518024520675,3.101867030048243,0.1767563867955848,0.7138861993816231,-177.7238893322289
5590,2952,1,1,0.11886383626290332,0.05102957173050609,3.915888974128195,-2.131452576913913,0.2008636237902435,0.6882602814904355,122.12323695128897
5594,2953,9,1,0.1743461798036897,0.05688773162507734,3.8730479317596327,-2.0163650464836373,0.28740805707993655,0.6765730622478263,115.5292079155728
5596,2954,6,2,8.732475466824434,0.5940538631645486,5.690385711148578,-1.1727758207471957,12.994895942504142,26.54193465559941,67.40274345981504
5598,2955,9,1,0.14322430896364144,0.06556860888609115,3.9540683051297014,-2.2450949817803663,0.2601659684286067,0.5853315358836688,128.63446683084845
5599,2956,1,1,0.258755828591228,0.08561956237508457,3.8560590065043785,1.644382475415408,0.36007062680058327,1.3695587874259771,-94.21617610539714
5600,2957,1,1,0.15603761236781935,0.05996253904752626,3.8458954028121717,-0.5297310104476209,0.23852051385480771,0.9654377627230054,30.35135121248586
5601,2958,1,1,0.14527618197388628,0.061259562326428284,3.864498169857884,-2.1043879168416746,0.22968122155441822,0.7545613070216388,120.57254663059844
5602,2959,7,1,0.08865765878922915,0.04429350114684314,4.019004834282123,-1.3442047880511645,0.15795610646527866,0.5594164288277853,77.01726100189506
5604,2960,8,2,8.749768999380706,0.6254540441237636,6.0834843796521,2.542992541164735,13.020205948328437,26.653277931955397,-145.49384580906653
5605,2961,3,1,0.17259478958738866,0.02522108001909439,3.865387516867122,-2.0389816761709403,0.3048162458791626,0.8267705039469824,116.825045165804
5608,2962,1,1,0.1520576464123559,0.049190062061113385,3.8843701073687713,2.099068099690469,0.2903189831898368,0.9233782497235328,-120.2677433299667
5609,2963,9,1,0.12780560247301923,0.05416313770545788,4.077566157038602,1.7757561529407633,0.2169073953801961,0.6336663416206977,-101.74333333469615
5610,2964,7,1,0.17485050858272896,0.08274642626156928,3.775147231522258,-2.955156061970108,0.265981091715733,1.0233964721781568,169.31797016606666
5614,2965,1,1,0.20103084783305497,0.0870495153859305,4.051648031424795,0.15179373936062332,0.3219046422586425,0.7972501528901321,-8.697141787953976
5615,2966,7,1,0.2255869891294383,0.07258340922532734,3.9930686102793365,0.7526466904358454,0.4112021039526149,0.8131987289315503,-43.123477380556636
5616,2967,6,2,8.903254933933914,0.6004401425175906,5.800420066510907,1.2488926849218616,13.244750837046567,27.039786226462684,-71.77654473742471
5617,2968,9,1,0.11509523021818378,0.04377951484168652,3.907874900185076,-0.0960966032617753,0.19492100276231777,0.6536460088220482,5.50593005503345
5618,2969,9,1,0.11473634421104345,0.034874271251063065,3.9193340159837033,-0.046554116558574915,0.18242326494714514,0.7657011752250412,2.6673544193874132
5620,2970,7,1,0.1093162682012549,0.04468468348861667,3.917848470570278,-1.1789085007930888,0.19030316125316274,0.5838289219762254,67.54648120191284
5621,2971,9,1,0.17818258211094673,0.10007662842449465,3.8966028952107585,2.6057807498567183,0.31498261755738155,0.9180273974784259,-149.30023868763877
5622,2972,2,2,9.183018863893128,0.6222211757733075,5.8277095572979825,1.8479433753299233,13.65349633571555,27.867684786923743,-106.12142116572822
5623,2973,1,1,0.12290832608165152,0.0928333659425821,4.060901400186762,0.6860543049910811,0.2087840380057703,0.5315425734065318,-39.308016367560285
5624,2974,9,1,0.12730793247559835,0.0286855996527141,3.949157471434146,-1.0282446816712747,0.2028808996406718,0.46331749802650163,58.91408023652184
5627,2975,3,1,0.12386430804750956,0.04829547906341452,3.8720225184840755,-1.444316758392294,0.17978949780777911,0.6896207382453856,82.75325461778804
5629,2976,1,1,0.15715285589647732,0.039055645179486426,3.989492508612082,-0.059568352574591754,0.18207072948835717,0.7180491251721892,3.4130152451250173
5634,2977,3,1,0.18257481904506737,0.05084210473487522,3.8734090093155418,-2.8784450056764483,0.30083472483914064,0.9589967924045291,164.9227492844007
5637,2978,1,1,0.15905259622593704,0.07265570423167048,3.883257880353361,-2.480496626060857,0.2790562992175919,0.8311254036038599,142.12198785699866
5640,2979,1,1,0.19950125259774987,0.09331286110805373,4.0033531586853925,1.8394858818609348,0.2971147302879329,0.9258370216260748,-105.39477899535277
5641,2980,7,1,0.24045034080782726,0.10431362205329217,3.9700570039143512,-0.012729045735616385,0.4069927605654112,1.268904334613291,0.7293199926519223
5642,2981,1,1,0.17091503864154628,0.029170609363596327,3.9686304091627065,2.8336402513662566,0.29394367385287606,0.940586657592829,-162.35562598818564
5643,2982,7,1,0.1100702044991198,0.0727781877005497,4.050154889072078,1.5365793846931033,0.18174068978570274,0.6441310788142566,-88.03951357382411
5644,2983,9,1,0.2022622673092112,0.06177033265957238,3.8857585009180524,-2.235722366652536,0.32924378576927427,0.825259720598128,128.09745757575135
5646,2984,1,1,0.3503117529296182,0.0962260801460681,3.9324617489447036,0.7638333071080704,0.6080281664350712,2.4904152476068155,-43.76442900480845
5647,2985,9,1,0.23192425440163286,0.08268105391465153,3.9518430703721377,2.5899635912289445,0.36637954412061224,1.0157054904548666,-148.3939822215777
5648,2986,9,1,0.14934532481343835,0.02950519364988202,3.9409400020325216,-2.058456523335398,0.260417514165084,0.9167130437542281,117.94087126351455
5650,2987,9,1,0.15846190183404604,0.052482898457936536,3.8893444989592383,0.018122549628696256,0.1965011611253161,0.7470249312392164,-1.0383456805412048
5651,2988,9,1,0.3879162949832305,0.09512198048669873,3.9601227738905194,-0.8313255373839717,0.6716764314092126,1.7122242783661004,47.631453368161225
5654,2989,3,1,0.1397361253064877,0.049915587891090234,3.9169488189668895,-2.80042641430426,0.24510668557460297,0.627411810533729,160.45261400443758
5655,2990,9,1,0.16798599269801037,0.03652875138693512,3.889733415699169,0.38667000727944445,0.2865128499089303,0.7926394514223004,-22.154560198717835
5657,2991,3,1,0.16345589971094382,0.06682106177820277,3.9393393047042125,-0.47612186599098405,0.2723658205613398,0.7658836761977403,27.279774036510243
5659,2992,3,1,0.12916108762460868,0.0392427755062404,4.0776176969231654,-2.7375340125383874,0.2390891427407297,0.8740755017552004,156.8491448245465
5660,2993,3,1,0.11905598861308973,0.05177134050782872,4.010753830374986,-1.6368792692808984,0.17000262761625373,0.625097821477341,93.78627362167457
5666,2994,2,2,8.572024769852964,0.635898031637814,5.699144767827711,1.9159444420575786,12.759920216875855,26.00122129029915,-109.57929585652703
5668,2995,4,2,9.005827943361783,0.6051756622135516,5.971313802114967,0.6363593183969578,13.394695458442767,27.425681883173368,-36.23260841184307
5669,2996,9,1,0.10551693370043497,0.051006141564672286,3.854633142293964,-0.989575056151463,0.1950141436520673,0.5272107068853806,56.69847389583366
5671,2997,1,1,0.14432919841732136,0.042306967847442846,3.946767822106966,0.7311885840337614,0.2887184912532273,0.9014260152432891,-41.89401902797402
5674,2998,9,1,0.14040137264895028,0.05359122055806262,3.9080241623726244,0.7419291940360203,0.2554977243890386,0.7256423182931381,-42.50941153224195
5677,2999,7,1,0.227913461350839,0.0607733355246654,4.074587810170955,0.5532750845622508,0.4105120936319469,1.5145754640862663,-31.700329482076842
5679,3000,3,1,0.11152588808891083,0.04031558059900425,4.018139784012135,-1.1115068439976672,0.20059576917250788,0.5590589383023256,63.68465075039295
5680,3001,3,1,0.12152765433720522,0.05722207356362918,4.020001540984433,1.1807491855025831,0.23237065707384968,0.6223560805627403,-67.65194538776767
5682,3002,4,2,8.867589366946145,0.5906471057164998,5.591426014281742,-0.3913121315234366,13.192592706429632,26.925234793392587,22.202947749468894
5683,3003,9,1,0.1368142621109383,0.039764133733919904,3.855733161049956,-1.6989098328401253,0.22237954613905656,0.747430356515837,97.34036337416731
5685,3004,4,2,9.833771169652678,0.5470726802469401,5.923945077709989,-2.2495531695048614,14.601455725757205,29.948039081846883,129.18829838811138
5686,3005,9,1,0.16583921567777646,0.060426856698498205,3.8675960430005025,3.0774193463776562,0.24518352511979766,0.8281616628443684,-176.32314043578555
5687,3006,1,1,0.13620560761754508,0.030492771792044727,3.8380493311778467,3.079819744603248,0.19980904525172338,0.6450434252027348,-176.46067293302139
5689,3007,8,2,8.714551614742431,0.6308600786332372,6.085031766186853,1.8633291210681333,12.968658803690248,26.620374818175147,-106.96723735128532
5691,3008,3,1,0.12588140072028767,0.07498052698878481,4.112662714286944,1.1745665931044476,0.20910354892291852,0.8877853824877967,-67.29770840260504
5693,3009,1,1,0.11918487441014117,0.07468144366748863,3.934808096897798,-1.2013262270519585,0.20282918975385053,0.7077948476001122,68.83092265451283
5695,3010,2,2,8.949028651709163,0.604097668731861,6.154697703407345,-1.0238324695762804,13.311675205425068,27.149222815400552,58.885015348103195
5698,3011,3,1,0.1952961371584919,0.10958307177183599,3.8841005260382913,0.7146424286553146,0.2992853749088546,0.7252990357819575,-40.945995287998116
5699,3012,1,1,0.14912715122075793,0.07442232374760377,3.951516543683634,-2.458149871116596,0.28263514577402377,0.7949508382357788,140.84161310351985
5701,3013,4,2,8.795270180855173,0.5924116550193042,5.787706964309651,0.3528607187674613,13.086796095916897,26.72378591491592,-20.005207801934297
5702,3014,7,1,0.19184258541658308,0.06384240467350563,4.006684580596907,-2.627925825737747,0.3371874219053001,0.6667942100803479,150.56905737520617
5704,3015,4,2,9.021665800574695,0.5995792327655053,5.849287782807507,0.4445485220988429,13.417839970296674,27.4818602567992,-25.700074572768614
5705,3016,6,2,8.949979618507207,0.6093285713405007,5.911421066610734,-1.1269258457804976,13.313065287550705,27.21489397695542,64.79190319929177
5706,3017,1,1,0.17775139917784752,0.08865835837127582,3.9024200034546923,-1.4206386241451114,0.2856369900042444,1.028054892645039,81.3965970988549
5708,3018,4,2,8.856066481217209,0.606258994357462,5.852603240235885,-0.5383361634857758,13.175738242598168,27.03367712329359,31.061115299168552
5710,3019,1,1,0.11288429407907419,0.08627933951346653,4.01463040190288,1.97342413435752,0.22122218092963264,0.4779878423625161,-113.06887439725861
5712,3020,1,1,0.15607887797880485,0.055015589455399305,3.932959270423121,-0.605875619145624,0.2726591991803713,0.7176467762457415,34.71411538719324
5713,3021,1,1,0.16596834226307713,0.06885392362519632,3.9192169142652964,0.8845314702780818,0.2994905245643413,0.8882613469899623,-50.67991973999889
5714,3022,3,1,0.1606993120776341,0.0886892253126161,3.863380769506594,-0.5201495177193188,0.2816409033100088,0.8085636932707382,29.802372276777728
5720,3023,1,1,0.18214712088562168,0.06365587732775846,3.9382726361473765,-0.9147139935899765,0.31283567032252113,1.014074695646381,52.4092511765444
5721,3024,4,2,8.768206537637615,0.5972939530673119,5.8185871249640515,-1.6368014368578194,13.047193069566168,26.612139659447934,93.99205257404678
5723,3025,6,2,8.850109775570937,0.5954128956772059,5.745957203632185,0.1551539152645095,13.167026247988096,26.868998173214145,-9.105945589347504
5724,3026,1,1,0.21594844555716233,0.09372657482719521,3.839363062194635,-2.692677385811877,0.33945920625017445,1.2126072612873293,154.27904769073297
5727,3027,9,1,0.14685671568488243,0.03158599898408684,3.9462028779966216,2.6185409243947078,0.2247057287703406,0.7920176486561508,-150.0313430340619
5728,3028,9,1,0.15169438920234676,0.06045658921073228,3.843746753042775,0.13239009024106302,0.2515595062692728,0.5880794297326875,-7.585394013930649
5729,3029,8,2,8.78108931214848,0.5985638510755679,5.735081296529211,2.151784728118128,13.066044271629677,26.64580623394377,-123.07700223385302
5731,3030,3,1,0.15500001227965285,0.05299461813977455,3.8998645882158227,-3.092941890608546,0.2570626409565171,0.8971336970121534,177.21251719393874
5732,3031,3,1,0.11244895837816526,0.04268426262987956,3.9276159357429625,1.5470178806522272,0.17368877358294318,0.5203899547839709,-88.63759528571474
5733,3032,2,2,8.91487706863175,0.5986979782219172,5.884379657655293,-1.546197739281222,13.261745734891566,27.086941034804415,88.81174736327668
5735,3033,9,1,0.14069981836290665,0.102307886552274,3.9861045878594914,0.9320630458926867,0.22605501203925213,0.7996575489371167,-53.40327841929123
5736,3034,7,1,0.1323998912782339,0.03224366661646394,3.8704035172060856,1.487585068989502,0.16960090900411076,0.7365074348062742,-85.23234618035362
5737,3035,4,2,9.0324654386115,0.6452049582654845,6.102177411895351,2.04398428827618,13.433620047571141,27.46727689582731,-117.3418319043409
5738,3036,9,1,0.16540845197325738,0.07030717408207424,3.9876835296597535,0.2022844986523102,0.2478340448250237,0.7578637835071956,-11.59004887318555
5740,3037,1,1,0.1333652371549939,0.05410951436719511,4.049174259903483,2.473792291934722,0.22940298942992005,0.7643298391295038,-141.7378574416815
5743,3038,7,1,0.1406906495951216,0.07540865637117196,4.002906169220396,1.8540524030023133,0.23727586091582797,0.6689936723630864,-106.22937846955402
5748,3039,3,1,0.11656291370454015,0.05722914319437963,3.915811319514934,1.8284039650721715,0.18057326654629013,0.5232765308674839,-104.75983058970647
5749,3040,1,1,0.14320025840352732,0.0492411539524935,3.986946434719971,-1.041778121349737,0.25445382862125915,0.6330773132266767,59.68948979538138
5750,3041,1,1,0.10392150740503592,0.07382141279055175,4.0177461602330125,1.8387153700008043,0.1822120239546385,0.6361169763158603,-105.35063054780741
5753,3042,4,2,8.753365510485528,0.606178030383488,6.05622758547248,-1.1843823788879713,13.025470866120166,26.559857729943186,67.65095575798168
5754,3043,7,1,0.2614203413012541,0.11123399953869686,3.844833047696862,-2.6818888250304838,0.4327401635880912,1.226517485389965,153.66090733555345
5755,3044,1,1,0.14738429802752073,0.020149254218626275,3.874359898079297,-1.4958587193738107,0.21187740478002076,0.8436825130888019,85.70639114762297
5756,3045,6,2,8.735851730502485,0.5885793322355249,5.895030300051109,-1.9601393304749433,12.999838154582536,26.59549656013624,112.51559428138363
5757,3046,9,1,0.16037516692399062,0.04363513581501886,4.008143592867816,-1.6713770294083539,0.2598164860532302,0.9210320069163993,95.7628502440596
5760,3047,7,1,0.13853701156692905,0.03556137120473045,4.199044393277091,0.8547791292692847,0.24234436494450784,0.5290736584863204,-48.975236474017485
5765,3048,9,1,0.10547195384138423,0.04895265340884364,4.18372932790764,0.4664908787854938,0.17486896107610078,0.47579815191885333,-26.727958663217684
5766,3049,1,1,0.16273932227401816,0.037875189466084744,3.878564923899488,-0.9854384969761781,0.30989887077811173,0.5845553432781362,56.46146597081598
5770,3050,2,2,8.733572527298552,0.6024925751058524,5.414207519062113,-0.4725615089018572,12.996504071505017,26.553992613230367,26.868061960929424
5773,3051,7,1,0.12617001473258985,0.05680570393808012,3.8731327107081484,1.8342706015464532,0.20541431080375827,0.7112480898669975,-105.09596427157413
5774,3052,7,1,0.1797127247409637,0.0641606988284538,3.7752636717161216,2.5149087641499257,0.31793256239980466,0.7271821363144085,-144.09365720920695
5778,3053,7,1,0.13842078958473886,0.046324474194678944,3.887752324301202,1.1222613696756913,0.22764611557999334,0.6222759358655949,-64.30083939950914
5779,3054,9,1,0.16348953059127502,0.03738199253251078,3.8222873175104963,-0.49249196040836224,0.27496964740206753,0.9067958088869579,28.217711514041863
5780,3055,1,1,0.1838621726201848,0.057188209508494396,3.876592133840558,-0.49597871357134626,0.33379703256106197,0.9855785595952868,28.41748801256141
5782,3056,4,2,9.17508481594859,0.6127434112669877,5.9607153606176935,-0.10686774876929905,13.641917626962144,27.92249968906207,5.881643755313671
5783,3057,9,1,0.15967008196803845,0.09522665078162343,3.8250601571754315,-1.4908934799158984,0.21000609269876613,0.7886721105514677,85.42190399519609
5786,3058,7,1,0.18822160801247936,0.058329498756354056,3.916331474690081,2.099481880559078,0.29752401798257094,0.7352050384729578,-120.2914522451885
5788,3059,6,2,8.703917857632835,0.6137508369934679,5.955170473585452,-1.0169177037412465,12.953092649152703,26.472949060532052,58.47066921293968
5790,3060,9,1,0.16647519972411876,0.08411300215660124,4.002665504427236,-0.7080542684615995,0.32372090832642925,0.6288046688888068,40.5685222898601
5793,3061,1,1,0.13019001717184797,0.06407974977513049,4.023406115569824,0.8106249808922636,0.2058598410922399,0.5057590352022702,-46.445390024458405
5798,3062,1,1,0.13783121036415857,0.044722953596153366,3.9152141953985784,2.074617342583736,0.23427813667278816,0.5568123280990549,-118.86681831191814
5799,3063,7,1,0.10293806823250712,0.05285285289829832,4.1342611951951245,-0.5604619796835436,0.15055182005076737,0.41817787687217484,32.11210606847853
5800,3064,9,1,0.19983466230424604,0.08709519518471183,4.039064903083217,-0.5967039789968436,0.37361468513385165,0.97031710261443,34.18862153530184
5801,3065,9,1,0.17150274795789042,0.04809623392383084,3.9214196287060448,0.3510219552185238,0.33196274224589895,1.0500868073509362,-20.11207749448862
5807,3066,7,1,0.14805290606434213,0.023014066052337488,3.932025207666966,0.3753286515772988,0.2628627683950005,0.7487377512307384,-21.50474803769303
5808,3067,3,1,0.1394061187097051,0.05614097022955046,3.988517496892311,2.098510360581328,0.27279588117662334,0.84578865198283,-120.23578738419761
5809,3068,3,1,0.15525259441880904,0.05924367146046331,3.937612443398227,0.8062051529677771,0.26503429399418993,0.9531842489665298,-46.192152400183446
5810,3069,9,1,0.17136888415120208,0.05529952518483246,3.924566232778557,-1.7818859274851713,0.25157150369700126,0.7672810428443512,102.09454376921298
5812,3070,6,2,8.786040800205535,0.6203318974227482,6.093423840572717,0.14103883977037693,13.073288613651245,26.741121766345486,-7.869386068046413
5813,3071,9,1,0.14558010739328994,0.06780557886821559,4.0587214905742135,-0.22771402500947802,0.22670474867934348,0.6511872395661673,13.047052744373076
5814,3072,4,2,9.04573423433146,0.6011082747569461,5.904351987877304,1.506857265549718,13.453008149330834,27.47615655488261,-86.105369973512
5816,3073,1,1,0.17519494558907908,0.0799565946117147,3.9582820660963813,2.8194035251010487,0.2866266203980883,0.8316641265542594,-161.53992134375162
5822,3074,8,2,9.053040947997857,0.6070769530881178,5.99646167383389,-1.507897648765071,13.463680561643493,27.475643615868584,86.16440939381471
5824,3075,3,1,0.12850108951234301,0.022253957940003705,3.9953941866834497,-1.1088452707072056,0.2539627516066003,0.9410424169692334,63.53215377322215
5828,3076,3,1,0.11973724365508326,0.055249941114950754,3.9570587128078487,2.3978704445997,0.227912562187334,0.5312299508276028,-137.38785612139324
5832,3077,1,1,0.15014651277236463,0.0432836230947328,3.748965663061263,-2.6621175452119252,0.27358504306810066,0.6591150438795904,152.52809937632398
5833,3078,3,1,0.18486411708122003,0.0616683357528763,3.8659468091479567,-1.0212463671634242,0.3233836181915847,0.7533609200050158,58.513105931735325
5834,3079,3,1,0.11064792009918882,0.0518963338202535,3.936285518877024,2.221952595140392,0.18942879414128702,0.48116046848565625,-127.30850632322229
5835,3080,7,1,0.17868716051366618,0.055477884957586404,3.7933955721508488,1.4316100062733148,0.2531883776656407,0.7874128725861538,-82.02521135076769
5836,3081,1,1,0.23897292285084168,0.08256402335667509,3.8548569783966427,-2.020126845408387,0.4059295421232306,0.9962652517068114,115.74474387830244
5837,3082,3,1,0.14401915212811836,0.059597996846208104,3.8087248380933403,0.1637435421616379,0.23998850032057378,1.0197401986149828,-9.381814331350903
5838,3083,1,1,0.13479569549132514,0.06591852794222533,3.917280722146993,-1.8166348598020101,0.2273441445972536,0.8716665382062437,104.08551077546333
5839,3084,3,1,0.19678381488725105,0.12458579856398988,4.035583981026905,2.7347806777849755,0.3335417544008651,0.8715896584141513,-156.69138976751555
5840,3085,7,1,0.20369721859197584,0.07686732725199681,4.063395086203281,-0.5131388812571803,0.37213056112552,0.8284981038391643,29.40069395742692
5841,3086,7,1,0.15003588471838616,0.03966119874636645,3.9870415951479545,-2.199729604727037,0.25485597676522515,0.6747553357136603,126.03522280920085
5842,3087,9,1,0.1373695037113948,0.046431159841030106,3.8857818653441383,0.10474763564027718,0.20383323900492273,0.6878793663924259,-6.00159761203732
5844,3088,3,1,0.20216963969936383,0.04387570795751169,4.093941383617834,-0.18634504651094105,0.2607597205905755,0.8323125786834692,10.676785307087284
5846,3089,6,2,9.133766867791968,0.6229108345356263,5.942002879447334,-1.645174715437839,13.581590490454372,27.75695165324541,94.49969250312681
5847,3090,3,1,0.1339106714356599,0.04049171316632723,3.853974366863897,1.3633506974074208,0.20856503995516176,0.8676734641939348,-78.11424077562187
5848,3091,7,1,0.1448238485991717,0.03901036474430884,3.866902303169836,0.8912213319994989,0.24821822904269678,0.746384831419283,-51.06322064602626
5850,3092,1,1,0.13397605237477517,0.05126762267296812,4.0260582930002276,-2.5759620893869224,0.23110872584121772,0.5256075183302394,147.59175559252444
5852,3093,1,1,0.1588328034778038,0.05065209751047352,4.01721777403501,-2.42428040100435,0.31884041677741753,0.6042924864016295,138.90103463015308
5853,3094,3,1,0.2309564394511077,0.06967966603326307,3.96272037745711,3.003734732678306,0.3306056804251324,1.086182295141201,-172.1013216861195
5856,3095,3,1,0.09783935119140909,0.04245340165588806,3.907694079715013,1.9257559741468617,0.18100024367265263,0.5959476061356768,-110.33768994509862
5863,3096,1,1,0.12831036456104974,0.055475504432706685,3.963217339915018,-0.30741388029918915,0.22607568180219725,0.8280903391861363,17.613518359701526
5867,3097,9,1,0.15988651897604386,0.045628122652725533,3.8345796828431427,2.918828648029235,0.27905551767158726,1.1739626761820279,-167.23656200380177
5868,3098,3,1,0.17239406759275985,0.07811749805685525,3.8380986947635676,0.200764758203504,0.2749257542590014,0.7642988322337907,-11.502974188607368
5869,3099,9,1,0.13564473436302774,0.045841035457520114,3.8961020751806927,-2.223078305388378,0.23085320528162534,0.6305491103043277,127.37300462204549
5871,3100,9,1,0.18116726671250896,0.06923722527947349,3.917653379258617,2.0004657513853514,0.3124641817028705,1.0049604170824535,-114.61824576561743
5872,3101,7,1,0.20465065354824044,0.047973556278713934,3.845286163507464,-3.0842574743750735,0.28744546742942667,1.1620120145300414,176.71493632075158
5875,3102,7,1,0.14888968106297049,0.054830791925852725,3.9437602031429178,1.4735856005726453,0.22998028513735172,0.9407669415647857,-84.43023553838114
5877,3103,1,1,0.1907665486039725,0.06568492840167674,4.044968856412156,-0.9071400630065892,0.3226361501220577,0.720603246072816,51.975295759045544
5878,3104,7,1,0.13536453781399554,0.057502969838670835,3.941626632493089,-0.19759829704167278,0.25097447350960583,0.8356474884930764,11.321549010742455
5879,3105,2,2,8.916989303745844,0.5900365300626771,5.584781723698083,1.6679706264008374,13.264834915395408,27.071278362944952,-95.34637482019053
5880,3106,4,2,8.754958137986378,0.619264566021432,5.646679635525284,0.2742840090383107,13.027803753748588,26.616530346459292,-15.506044268884276
5881,3107,8,2,8.910192917644373,0.5943336570089633,5.842095261366794,0.4308774724039435,13.254895447704568,27.011250834516662,-24.466672090256093
5882,3108,7,1,0.14421901734561807,0.0316950534752786,4.023451661461222,2.846524601650534,0.25190161229759334,1.1106669868385832,-163.0938460227534
5884,3109,3,1,0.09821730667990457,0.0625027310949546,3.9669304745133154,1.200869630068233,0.19023502305498327,0.5128301732747751,-68.80476133180183
5886,3110,7,1,0.21057730029088503,0.0775847148647092,3.9008486341836894,-1.67054103767924,0.32287663912749537,0.9756180583041512,95.71495278771708
5888,3111,7,1,0.229897677116944,0.13346168583405518,4.0088598491033585,0.18091689670394773,0.3432407427212917,1.1338330114173245,-10.365774991412717
5889,3112,3,1,0.14114472535389397,0.09490324649543702,4.061969263692785,1.5787899102317473,0.20956038441630578,0.5893328407725502,-90.45799864838952
5892,3113,2,2,8.798021006565353,0.6194139210515721,5.874349967911872,-0.13113424827255757,13.090820090214669,26.6958883587814,7.301014454373009
5894,3114,1,1,0.12659438364948997,0.043970256961938126,3.954958671135684,2.4985923943861192,0.2235254315514411,0.7387017063168548,-143.15879904237164
5895,3115,9,1,0.13199281132225857,0.02995750966024391,3.836721801131835,2.4642527899437385,0.26679129519753103,0.5675433095599216,-141.1912840892232
5896,3116,7,1,0.17490257843528192,0.050705233516185055,3.896591948347453,-1.2386525952832261,0.2867315214026846,0.8554863196604506,70.9695644548062
5900,3117,9,1,0.1763008769937307,0.0644971681623205,3.9317401168870005,-2.6073819673807965,0.31510986397776763,0.8271512224192993,149.39198155024093
5901,3118,9,1,0.11234371091303348,0.029807449062216027,3.913025520533813,-1.088428395211603,0.20281940210744964,0.7232605646711576,62.362353207328674
5902,3119,1,1,0.15073506022513378,0.03314312654220587,4.1668816742202734,-1.0184324905429718,0.2735310919809251,0.49278410135451794,58.351883021258026
5903,3120,7,1,0.20919778898926703,0.06521434535849366,3.8611885941925443,-2.7668511431051717,0.3144453424765841,0.9349873425612271,158.52889106584223
5904,3121,1,1,0.1786402530166295,0.07798515436773205,3.96877446129461,1.6066821520794121,0.26735376869135574,0.8407754835376514,-92.05610594221133
5905,3122,3,1,0.10583936555739928,0.04727116905858181,3.9109775963687197,-0.5772539085870463,0.1801350274397284,0.63194646405225,33.074212811441804
5906,3123,3,1,0.12578393272940963,0.024856782868343984,3.835079164458911,-1.2379519053780748,0.22960245672538898,0.9481183485601228,70.92941902549734
5908,3124,3,1,0.19534149920449106,0.03505499040849688,3.8390532733727616,-0.25439192711989156,0.3099084856292927,1.0663989881157823,14.575585116869279
5910,3125,3,1,0.1465707089278863,0.0413573765904603,4.053439467343482,-1.6757195417684523,0.2208085985512224,0.7688548361914136,96.01165745146514
5912,3126,1,1,0.13621354359039997,0.061223228015103784,3.830902861241312,-0.4066874454942132,0.2295263980084021,0.6512266967991396,23.301474577100453
5913,3127,3,1,0.18538845799420223,0.07940612673162599,3.865400469667388,1.1452991442135925,0.29297428062608266,0.8313556375849461,-65.62080556917775
5915,3128,7,1,0.2103397858432459,0.09940758319984314,3.79892881189892,1.9448833755053363,0.3341194814218343,1.1328380466591,-111.4336105116579
5918,3129,2,2,8.907725776826599,0.6020401909081509,5.888114152400736,-1.5129886693652046,13.25128906956532,27.033994263676163,86.46726299196914
5920,3130,8,2,8.659988641260306,0.6104269940047209,5.923385997784102,-0.5499413257348741,12.888767858696587,26.312151665033667,31.711749128758772
5921,3131,6,2,8.997757341602744,0.6123553440461509,5.906195205952092,2.236537456327057,13.382901188675634,27.346411078642888,-127.91668504025347
5922,3132,9,1,0.1425280577760572,0.03136376540490761,3.897960304375272,-2.8731476210910074,0.22011553909280726,0.6342688769624266,164.61923227323481
5923,3133,9,1,0.19696805459867628,0.06250293878497522,3.9143145303834075,-2.6389575379077357,0.3323094398473279,0.8272191916130462,151.20112787316657
5926,3134,7,1,0.13818504272330415,0.05324993851685171,3.9749948429872335,0.24769156768205927,0.24119826736611852,0.8867743058854402,-14.191681816756716
5927,3135,3,1,0.1888336117667707,0.05579630836856364,3.911986884626092,1.7659937068228695,0.30271028706826286,0.9440075138195853,-101.18398767362491
5928,3136,1,1,0.2132574244925175,0.0666920990297655,3.869347948957004,1.050615247865285,0.3405827147458576,1.0336450655934928,-60.19581794925856
5930,3137,7,1,0.18630680132757146,0.041639694741333715,3.8656753634190784,-1.9593160348323586,0.30188271392372856,1.0560906534298276,112.26054080454243
5935,3138,9,1,0.14252226243336524,0.0442164810055333,3.9651156246238792,-0.9042478051082244,0.27022552492623697,1.08849933599953,51.80958323427915
5939,3139,9,1,0.159055328192998,0.053852618253886084,3.9234479987190527,-0.9427629449304354,0.2675106397685896,0.5210979236342168,54.0163375559556
5940,3140,1,1,0.1452966629214841,0.04245750984114936,3.991194535077703,-0.17513721147121733,0.24885990844430922,0.7005615448513085,10.03462330139508
5943,3141,9,1,0.13378982849906676,0.07769940334971985,4.012104238505495,0.8410792688968857,0.2639676648493306,0.5779234209229732,-48.19029196559095
5944,3142,7,1,0.12931135960035237,0.06363983039728113,3.9892622870898164,0.4423707892237737,0.18744693105987192,0.5271537505945642,-25.34597927954038
5945,3143,1,1,0.1397616964470053,0.09217814277532331,3.9335098661854517,2.0921812450897863,0.27569327654459813,0.6027928061728136,-119.87315612095266
5947,3144,1,1,0.1940419267928581,0.07466915481132481,3.992627186460942,-0.4469075195187363,0.32262899768393916,1.0324322923591096,25.605916571737847
5950,3145,1,1,0.11041967035540162,0.02708506650073353,4.148274677366926,0.18519910148930577,0.17009955950694441,0.5781323623236699,-10.611127111062073
5951,3146,3,1,0.13649803479417463,0.04055951916903903,3.8681321743731987,2.113567679269054,0.22807724929591774,0.6172184745233434,-121.09850791080638
5952,3147,1,1,0.15312127725021066,0.09961804809367017,3.8913896806901,-2.1862228244562503,0.2762409088113067,0.739880283632008,125.26134089592982
5953,3148,3,1,0.187336007674302,0.08732597930900095,3.9672488875549208,0.513490454477561,0.35568654569277236,1.2156775344499315,-29.42083572682843
5954,3149,3,1,0.19527611437132966,0.08696313290952519,3.990379337157382,-1.1747342764013537,0.33132637505691387,1.1606096611344796,67.30731633440064
5955,3150,7,1,0.32747962614074777,0.13210316471878297,3.8806605935366734,2.5031581907827203,0.5432284841932546,1.2188397269932154,-143.4203949550265
5956,3151,7,1,0.17822346797261077,0.06681943433348438,4.008614909784841,2.661625958509405,0.29087860703551377,0.8253095212290213,-152.4999333639309
5959,3152,9,1,0.19230137986728774,0.06811312592639797,3.7238171853048394,0.4200389379966519,0.3069280240665737,0.8347298210427258,-24.066459930262056
5960,3153,9,1,0.20832074341063078,0.051391953653277506,3.9070467206633204,-1.774728680131468,0.3206167577564218,0.9606603011969308,101.68446507518576
5961,3154,1,1,0.13167858502038265,0.025612190448311572,3.90217055336842,0.29688228628705066,0.1890690612012303,0.6060831710015191,-17.010102260528694
5963,3155,7,1,0.17451601745290615,0.06233145658844781,3.9567843091753843,2.4504815000194804,0.26500031352633263,0.6400695845137686,-140.40224751594482
5964,3156,9,1,0.09238434408223711,0.04137260055439567,3.9004727404449637,0.7075210235038747,0.14990133767541283,0.43910911335636105,-40.537968454061144
5966,3157,9,1,0.21371109395785964,0.05140705923521585,3.881447605364636,-2.8129569948788657,0.3317934722268143,0.8823037346516633,161.17056125328355
5969,3158,9,1,0.13642853282582715,0.036546218140901025,3.8753679309803273,-0.39948043876011935,0.24682106400112833,0.7599130157932,22.88854337150384
5970,3159,1,1,0.15482450712013357,0.09895218063651733,4.157864167856781,-1.237616723491154,0.27098763528752623,0.8688218492028242,70.91021386740714
5971,3160,7,1,0.154171211395344,0.08932696037016971,4.031944458099199,-0.3567576851931924,0.25900619364234345,1.0543928118270138,20.440709733458498
5973,3161,7,1,0.23408069691715802,0.06008923430281713,3.7703857371752463,1.1744538092645396,0.3941356528356752,1.2219475682589058,-67.2912445641816
5974,3162,4,2,8.898082197209899,0.6123666716896183,5.777992043041104,0.9209734593188647,13.237185915313225,27.007110848010985,-52.98776716283161
5975,3163,1,1,0.14665742433517578,0.03641318226872127,3.8419497074090687,-0.39557863515813,0.2272960597482416,0.6190834741801378,22.664987069298594
5977,3164,8,2,8.837598596145014,0.6150475544127149,5.870244940565489,1.4671129126671274,13.148725988894856,26.84970035021344,-83.84402754505946
5978,3165,9,1,0.10395552290111483,0.04792441373448334,3.899137601367954,2.293943935196105,0.16518586326167764,0.5793135934639427,-131.4333059505332
5980,3166,7,1,0.09847533413916323,0.06772135938936064,4.015836909780778,-2.9926098730945214,0.15537357765343368,0.5964743001225747,171.46391541563239
5981,3167,7,1,0.15414140850890024,0.07025481164673622,4.091029013207906,-1.2484190130794728,0.2516210024445991,0.838427208919378,71.52914046324288
5983,3168,9,1,0.16152050453543038,0.07202053524358841,3.975532735914419,2.675874973008697,0.27494870625898066,0.8147864621252253,-153.31634202111653
5985,3169,8,2,8.89940332769194,0.5986628925553226,5.80403201048568,-0.918427183919296,13.23911999096416,27.08964806535926,52.40202696947825
5986,3170,9,1,0.15906062902775914,0.034775259052111596,3.900843502746537,0.01906590213052714,0.22461499455159525,0.9997346271024425,-1.0923954619076053
5988,3171,7,1,0.1860840147312207,0.0395237109954563,3.9217975873542614,2.6327596125098047,0.3402466415995965,1.0249561241373206,-150.84601375002396
5990,3172,1,1,0.211420024224555,0.07517511716332137,3.9715586448843077,2.703562481918324,0.3726471448929985,1.0063632507847864,-154.90271756781985
5993,3173,9,1,0.14394485586593958,0.060013052120951635,4.031697839786044,-0.5858484760325211,0.24676482043092995,0.7347304015714843,33.566645407969055
5996,3174,1,1,0.144578299335697,0.0628487431287513,3.8045337118683156,-3.092472597991268,0.23645571034659674,0.8936770134448718,177.1856278558859
5997,3175,3,1,0.15732316908815788,0.06647214967484577,3.98941933771284,-1.3280610878946093,0.23859245373429788,0.6458263480897456,76.0922947432759
5998,3176,7,1,0.12399235095910437,0.053959911261544494,3.8450054571089254,1.5825726656466133,0.1952917412990151,0.8357636456989735,-90.67473430076807
6000,3177,3,1,0.15050875933367072,0.04248597491844068,3.910179802830278,-3.0569888056053034,0.21592472606463445,0.7177995061469383,175.1525565012694
6001,3178,1,1,0.11514894689111416,0.05173617432911209,4.016934733381477,0.6473678487710794,0.24440894668087249,0.6189501848807218,-37.09144576024576
6003,3179,9,1,0.12026486621963298,0.04852595543416695,4.081714706976338,0.35591847166782004,0.20258980637515606,0.6599006412636917,-20.392626303642086
6004,3180,6,2,9.049556186687395,0.6253446960468229,6.05573615966718,-2.3045441338540584,13.45859160863988,27.58830707433843,131.80916273848956
6005,3181,9,1,0.1481066465538516,0.04109238180933976,3.773621226980128,2.7264749894885765,0.2413450745901799,0.6117778913779969,-156.2155090217675
6006,3182,9,1,0.17968879359531942,0.09243220421122367,4.078019767460712,0.5414731915700536,0.3010362395350464,0.8205218940127573,-31.024129321899576
6007,3183,7,1,0.16167202035117284,0.06562824240532618,3.955722366215776,-1.9122063383092052,0.2517692628818765,0.7223392813643277,109.56135308824257
6008,3184,7,1,0.15217727328677233,0.051233099493799554,3.9225998153954706,-0.27856328900416255,0.24068380922311347,0.8129062160469909,15.960501050245382
6010,3185,1,1,0.1623716692969623,0.07370892761422881,3.807153565560042,-3.0757133011713926,0.25320198334779176,0.7616718840819613,176.2253913758337
6011,3186,4,2,8.664215311847661,0.6082706668397792,5.984398249043617,-0.5561446262912473,12.894955950965578,26.403655338667733,32.06747317972248
6012,3187,3,1,0.08785979317158113,0.05348944884351304,3.962134202836887,-2.157628205133233,0.14235733035777756,0.4155337923072595,123.62298996843673
6013,3188,7,1,0.19212168451903178,0.06641140143931146,3.820232678405394,-0.7905658317054777,0.3216370070199003,0.6900381241336071,45.29608548933434
6014,3189,3,1,0.18483426046258325,0.04817391384362712,3.728112555018074,1.6583711649737345,0.2596676390040927,0.8487066377303816,-95.01766845695333
6015,3190,7,1,0.16082510837289574,0.03959738380777955,3.8818848578405274,2.294221624851783,0.3269243852562651,1.2246648768307795,-131.44921743760364
6020,3191,8,2,9.04742312263092,0.6050355238696468,5.963701982394852,0.7285696854075246,13.455473585825091,27.47761506287867,-41.51264466520965
6022,3192,8,2,8.98458507346334,0.6116678438994309,6.1103006314065995,0.22933060352708565,13.363649150164864,27.25721633860141,-12.913217859229857
6023,3193,7,1,0.12557325387031448,0.06112309617952325,3.895526815194491,-1.499361028964752,0.1914959628065686,0.4847166261081855,85.90705880587899
6024,3194,9,1,0.18618981583342642,0.07485009550123327,4.116252372310417,1.9007202895086113,0.3209057176379735,0.9130503586237799,-108.9032525573406
6025,3195,2,2,8.824380262150532,0.6211304021758542,5.950141595225806,-2.604742904977111,13.129385232864175,26.829039737558798,149.45514536889485
6026,3196,3,1,0.16180323312107955,0.06627018679431601,3.936597197044185,-0.25333862039447724,0.24177643736458793,0.6927100889966639,14.51523460607038
6027,3197,7,1,0.06698097283773459,0.03768697021406993,4.0374731745477135,-1.8264912803345064,0.13788277290174028,0.3354030843018946,104.65024176038118
6030,3198,3,1,0.20131120027666025,0.0873072348798833,3.838232857448476,-1.696211533351109,0.30325869740340433,0.9354096716817706,97.18576188024815
6031,3199,8,2,8.807071816554906,0.6197856995487525,5.992519220148559,-0.9381696532816964,13.104062772982113,26.793630944369244,53.96625283930289
6033,3200,7,1,0.20551075014191647,0.0926437626473194,4.151054505190795,-1.683527519297559,0.30027059803855843,0.979884472890597,96.45902139605174
6034,3201,7,1,0.17219977785237764,0.06621730619480236,3.9177101476085197,-1.056251965551202,0.28371559257246953,0.6027624140058881,60.518779495319976
6035,3202,6,2,8.833421319654994,0.6033102493801734,5.624019496373384,0.1690056039084935,13.142614941603092,26.830646076808367,-9.898348186196921
6036,3203,7,1,0.1669118848779134,0.06319666913486371,4.014327181626691,-0.17718403503949753,0.26338623423378194,0.8625999914933885,10.151897717041257
6038,3204,1,1,0.2145333576354676,0.0807623974025728,3.9321806397711483,1.65579912686285,0.2916463056083156,1.2744962270064688,-94.87030127988683
6040,3205,7,1,0.11182502944940384,0.05659231936297252,4.073336818873328,0.7779705605429412,0.21386913545152847,0.5208792738541439,-44.57442976163205
6041,3206,9,1,0.15793930353889168,0.05174605398911005,3.9289826196077984,-0.3775931133860252,0.27013944418732533,0.754259650338394,21.634492544738496
6042,3207,3,1,0.14274900466034932,0.055854655058053995,3.9029477868079403,0.11547918129749253,0.22927278912996454,0.7429769016909511,-6.6164697571629825
6043,3208,8,2,8.838833396424999,0.6138406028319404,5.8726582292283664,0.12436270948468509,13.150531231520665,26.881177687161152,-6.910016231250153
6045,3209,7,1,0.18923430885455617,0.051965480981424575,3.9266242318125877,1.1350973613274085,0.3215549640851846,1.3666614563742998,-65.03628741762826
6047,3210,9,1,0.1766003100374785,0.054769280478337054,3.9154055035491355,-1.4921601852147799,0.2528584084356014,0.9221906668840515,85.49448055368703
6049,3211,9,1,0.17578865434032692,0.06931631493577145,3.9595152160950393,-0.2876058453491526,0.2750591596816483,0.8904596914618662,16.47860221275163
6053,3212,7,1,0.2190907232991432,0.053816383663254225,4.015204779792194,-1.5143620075096744,0.36364573086982416,1.01195006147964,86.76655105511661
6055,3213,9,1,0.15243167118746276,0.04452896809010059,3.9802559285002204,1.308810711097396,0.24697265909746322,0.91115580376055,-74.98932915789749
6056,3214,4,2,8.676050420771922,0.6126399355261356,5.595054454972719,3.0956037444105746,12.912290090319464,26.370865784095965,-177.5686076220263
6057,3215,2,2,9.052518533789883,0.6153823800788745,6.006710283901844,2.9643165874807615,13.462917584154253,27.459264386909922,-169.61110857888445
6058,3216,3,1,0.13574986279090967,0.053253733733541794,3.8192407788788585,0.6071889788807273,0.23887901347497287,0.5192789716276696,-34.78936605770734
6061,3217,7,1,0.11526633631357436,0.05187635625793829,3.8086816431021164,1.120987532074888,0.19370097412358372,0.4578354189387045,-64.22785424269243
6062,3218,7,1,0.16060381269225815,0.05047177373638815,3.8180891287149223,1.862891172131137,0.24600406015325704,0.6790604475526237,-106.73580284848936
6063,3219,3,1,0.16997730379072368,0.03533634827169557,3.9712066441888467,2.913316461449329,0.2700606612219774,0.8655492869763396,-166.9207366668461
6064,3220,3,1,0.16031139844420841,0.04255087515539721,3.9475608210035857,0.05187537444695328,0.2410295608146192,1.001794637335274,-2.9722399034653826
6065,3221,3,1,0.2226189940733661,0.07096684082200326,4.032123169910033,-2.2726475353961653,0.4164928134117992,1.3738284302203627,130.2131115480874
6066,3222,3,1,0.16981514601104888,0.0632241409218884,3.853283282381929,-0.290005088936535,0.2826395714168528,0.8181465079459438,16.61606878827214
6069,3223,9,1,0.17669633237329765,0.06244551013085147,4.108630810032532,0.24558646954191218,0.31640575066980375,1.0089617562896058,-14.071068502150736
6071,3224,2,2,9.078301410600751,0.6045792757039267,6.037458594166519,-1.0978119318245587,13.50058237606211,27.52697581557283,63.133730639921794
6072,3225,1,1,0.1779238026749921,0.021853145539476596,3.9683066632635464,-1.5871858208582068,0.201382484455558,0.8282066770487381,90.93904881220827
6074,3226,9,1,0.12585572060239583,0.07304386603515962,3.929754766544465,0.33045274607010533,0.20062019011934942,0.5789293237851013,-18.933547891527514
6075,3227,1,1,0.14326562135517998,0.05772792583424383,3.8778555844403577,2.6310244082471583,0.2238329197436086,0.6888203414794377,-150.74659389518794
6078,3228,3,1,0.13569543144011775,0.06227886630281177,3.9346830383780604,-2.0929516121985303,0.25535904117119906,0.8632981098782258,119.91729457395296
6080,3229,3,1,0.09970631732545868,0.05786181912185792,4.07738740328764,1.256876958847224,0.18349479021484905,0.6050374943600457,-72.01374493505872
6082,3230,7,1,0.18044093218890056,0.058473050929461194,4.042736685852757,0.5791390542406328,0.32695033114296046,1.0191341205486122,-33.18222405332618
6084,3231,9,1,0.13574561566746274,0.03600852956244788,3.911597793386148,3.0988251295468454,0.1926699743376319,0.7474410142549537,-177.5496013670774
6085,3232,3,1,0.11266364453211451,0.04286961630187796,4.00200254446215,-0.18171634406100215,0.18742613033232444,0.6485315275012216,10.411579740712842
6086,3233,6,2,9.076680536208162,0.6081066778061854,5.913488670440328,2.924037006609754,13.49821603774385,27.62206105425824,-167.3013666994296
6087,3234,6,2,9.128757123205105,0.621476143859779,6.091541505998741,1.6776600929312484,13.574273645085336,27.744352150256677,-96.3605692471708
6089,3235,3,1,0.196924652092653,0.054088408676478794,3.806736767717333,0.00266282027480127,0.253357516417081,0.8791123484037058,-0.1525684963166202
6093,3236,9,1,0.18206604605051677,0.08232826752800707,3.8488181980240093,1.2290086697229317,0.31845692465471653,0.921658440488132,-70.41700889302169
6094,3237,8,2,8.734541473960164,0.6059494245281988,5.6751567653994766,2.1040662947477293,12.997919950901425,26.52210883290053,-120.34633015368925
6095,3238,2,2,8.853939594694403,0.6128720857636362,5.976554828625668,-2.3823447824283535,13.17262681200327,26.8599195187406,136.28173485932734
6096,3239,7,1,0.13192066083290493,0.05757691973208745,3.8778486485539156,0.3475645598447635,0.20021472155001993,0.564222925558771,-19.9139827413644
6099,3240,9,1,0.15060778260406466,0.0826866042682033,3.8485082948907445,-3.051813245852155,0.22946933248376802,0.7713704155394185,174.85601861124093
6100,3241,3,1,0.18675342691099994,0.05108091187430245,3.8947995854037045,-2.204364691658377,0.3246810491203718,0.652271075789929,126.3007936686837
6102,3242,9,1,0.13856796980692476,0.042474929354121095,3.8909468972286634,2.895692211244636,0.22731843464839613,0.6882162428827551,-165.91094206339383
6103,3243,2,2,8.912191475422807,0.5855054050520706,5.683553594698557,0.03753893780786354,13.257818814881604,27.057299694135185,-2.371762276507631
6106,3244,6,2,8.706231151047364,0.6227364567870141,5.683923917282513,-1.6506139138626839,12.956476372872952,26.42367701090441,94.77895406100963
6107,3245,8,2,8.89833347953295,0.6010480190267806,5.568823165206664,-2.753662031762756,13.237554661166572,27.04807215906367,157.9931064397562
6108,3246,7,1,0.20679832084925182,0.08597026022144716,4.025072084996479,0.44390760414081865,0.3583450235413153,1.475260022972219,-25.434033002065956
6109,3247,1,1,0.10046858595697197,0.034338390770313816,4.008780995415542,0.7278239615221669,0.16530723382244328,0.5375033584856336,-41.70124139675008
6111,3248,8,2,9.192246286124304,0.6174778494829976,5.864812512150962,-1.2781280939440114,13.666966162443547,27.905721817996966,72.988537357458
6112,3249,1,1,0.08493997193959571,0.030609763440716496,3.91235937724579,0.15568432190508563,0.15163067315448095,0.4752292522452512,-8.920054659280476
6113,3250,9,1,0.20117885256435447,0.10358596326391943,3.9431723073995038,2.888668967279364,0.361217570284483,1.0720632415321614,-165.50853969639368
6114,3251,7,1,0.09973381596357492,0.03735410028237328,3.966930396113382,1.8064914273734383,0.16095869609341384,0.584607560985344,-103.50433458051472
6117,3252,1,1,0.21948765374427842,0.058545610183481055,3.9900250788373413,0.4814888259358222,0.34720322733157466,1.1673229702988326,-27.58727820175811
6118,3253,4,2,8.92301573965716,0.5944164466669326,5.793408320560566,-2.36924469055214,13.273646147419186,27.149879606349185,135.96948019794772
6119,3254,7,1,0.1422266154755207,0.08551463685812442,4.080923736236504,-0.6317941087612475,0.26887431876310747,0.9566808244558717,36.19913539215271
6120,3255,7,1,0.22340964157457166,0.11311827216209878,3.8574852712208534,2.022196602663443,0.3481398835529049,0.9162665826892584,-115.86333281834641
6122,3256,7,1,0.1362910214137616,0.06022093003684941,3.866357477674954,-1.8242800640777574,0.21838883343426344,0.6775291315985758,104.52354845234012
6123,3257,7,1,0.17170044836556,0.048952230236512684,4.005986532379952,0.7175064861305496,0.3032862625415628,0.6835413258783757,-41.11009397225977
6124,3258,1,1,0.15156864205803558,0.033049380730412733,4.017356309035183,1.0220638302710017,0.2563021326969694,0.8044567105615001,-58.55994300571883
6125,3259,4,2,8.904308961827535,0.6074013208887974,5.973657780021837,2.489568061131523,13.246291600225307,26.993305295033228,-142.86208705690703
6128,3260,9,1,0.09417477424341428,0.0660331752529913,4.038827112750499,-0.5991997514408555,0.16209509649435544,0.6157059082204182,34.33161676667964
6129,3261,9,1,0.16954336836845926,0.07391916264615067,3.907446089682191,0.454763523708995,0.2620916400354375,0.8007373955710041,-26.056031308211516
6131,3262,4,2,8.915522554589385,0.6265400828446581,5.9949156044368594,1.8393877858845655,13.262690035988774,27.0801853710667,-105.61034846998533
6132,3263,3,1,0.15386303551807406,0.04457709893104818,3.901394369247035,2.8209184692818905,0.24401376772520555,0.7690029034814421,-161.62672193022374
6133,3264,7,1,0.17879181954278897,0.06030877201217443,3.930234662028988,-1.978853449417346,0.3251463780479223,0.653433167047131,113.37995172568901
6134,3265,1,1,0.10383625573168202,0.039341999260325736,3.9771510461682853,0.8010769921493466,0.17781703217395484,0.6755281584903515,-45.89833071331948
6136,3266,7,1,0.15549013313454957,0.06927749461073368,3.903944892679509,0.32145580374220367,0.2538388318320391,0.681351959455445,-18.418061824153153
6139,3267,6,2,8.870320397282065,0.591280737789479,5.776118634270321,1.4976957568166605,13.196587551879633,26.899753436164,-85.59385565370206
6143,3268,3,1,0.2001226753123513,0.06307455503170868,3.872658956987076,-0.8605347691081955,0.365967438472838,0.6435467994008228,49.305009399524394
6144,3269,9,1,0.1856273680415731,0.07840946904962229,3.938484000042371,0.17202778641490052,0.2883810306890498,0.9026761512350004,-9.856466437060083
6145,3270,4,2,8.6702551500808,0.6317645157672123,5.940422596829161,-1.5074515236640063,12.903800812340886,26.329830017259003,86.1674460258083
6146,3271,8,2,8.722777518543403,0.6156827790353216,5.955425164314063,-1.9978637645771917,12.980698095675123,26.448542578788683,114.26222490250771
6148,3272,9,1,0.17734334436854435,0.03036338198658213,3.8760924009340654,-0.5333132530721427,0.33486092940606654,0.581218697013307,30.5565994683178
6149,3273,8,2,9.098936033787048,0.6083484980993188,6.105737039359115,0.8710827654144994,13.530721942713354,27.594302376898938,-50.14473097737289
6150,3274,3,1,0.1433184510683102,0.05251784013374499,3.9992197196895267,0.5607403779503661,0.2516922391706521,0.546705918649516,-32.12805771611604
6156,3275,3,1,0.17761263074201505,0.08062903071011246,3.9962088956695907,2.0880571612561143,0.3298814317747673,0.7340436125373644,-119.63686353923791
6157,3276,1,1,0.1576289368048358,0.04829392920349455,3.822640267469241,-0.07053778687057752,0.24193311002909487,0.6692635869032248,4.0415172358771745
6158,3277,9,1,0.12391331976062933,0.026025741973470705,3.8927082359213037,1.9861878307419907,0.22344539542427577,0.4524169701822107,-113.8001802554088
6162,3278,9,1,0.17129855356772034,0.05034528706892626,3.754636721584921,2.999296854173894,0.26937495832367975,0.7904800456880232,-171.84705009326424
6163,3279,3,1,0.19534033979795826,0.05379070037933576,4.07247372434436,3.0116610839562474,0.34154474202395274,0.916209887348819,-172.55546886419765
6164,3280,7,1,0.12152774124610331,0.0680184470690102,3.9162916463312443,1.5149250392392035,0.19894695617284788,0.6403012887074777,-86.79881065886748
6167,3281,1,1,0.18888573815919443,0.0634660663814147,3.7435252638997305,0.5825577383660898,0.3338397521620042,0.7032427179559233,-33.37810019221918
6168,3282,1,1,0.10502887354752956,0.035315160901580184,3.938605528984243,0.11566269964028172,0.16636369632456274,0.6065409335649806,-6.626984531052358
6170,3283,2,2,8.816381172536222,0.6221010475378089,6.053314925851692,-2.5282314982225667,13.11768278050427,26.787922275863366,144.64321599856254
6171,3284,6,2,8.922572901891025,0.6182055724815493,5.857888477575213,1.9405375604851487,13.27299639154365,27.210048594018026,-111.40633742841767
6172,3285,4,2,8.715964589617954,0.6224751378457004,5.97962925326912,2.43893062737972,12.970724780161715,26.482444302861044,-139.94687627295062
6173,3286,1,1,0.14886187633627176,0.030363539856939896,3.801725102672197,-1.4569607393482717,0.20707768055103074,0.6961831353181909,83.47770100533182
6174,3287,7,1,0.09962849042631759,0.028079200427341747,3.954823612780198,0.17417959866387564,0.13883341485510503,0.5510677447916196,-9.979755898352364
6175,3288,9,1,0.15074321235682786,0.03617446764263281,3.9157680382445017,2.242866348447107,0.2520559701925852,0.7215213677940153,-128.50677537505192
6178,3289,3,1,0.26095488996847777,0.09186767409419642,3.9026782504315847,-0.3575734970830478,0.431720638576815,1.383755531997149,20.487456468273514
6180,3290,3,1,0.10493686202119255,0.05117672170004163,4.067326441223895,2.0645313015606304,0.1950275412978562,0.7292933300795258,-118.28893003600666
6181,3291,7,1,0.16109794560241494,0.08008467046624171,3.804999631302884,-2.119027274923447,0.2818392911304169,0.6512622364460868,121.41131997426814
6184,3292,1,1,0.14807209242598984,0.058066872618005985,4.088123067437909,2.9738565066048532,0.22758410227315726,0.7206082253962598,-170.38942612568962
6185,3293,1,1,0.22603531270584595,0.0809931726982084,3.734320501696421,-1.1939911637160796,0.3426320812947304,1.1626814123254368,68.4106523113048
6186,3294,9,1,0.12370550683608873,0.05497884585106055,4.072165190988787,0.6747669342597977,0.19617535666974167,0.6787025910037024,-38.661297645058845
6188,3295,2,2,8.66719612808975,0.599219029658905,5.740816034678213,-2.2957819954049707,12.899322159708705,26.306126834780358,131.74156485777
6190,3296,1,1,0.14638682350463333,0.09826838017893666,4.056164256178063,0.7258072796393363,0.26622416721740644,0.8404714286584403,-41.585693286359636
6191,3297,2,2,9.102924234119714,0.5912909835409795,5.716491417981061,2.5225798101212242,13.536547719432118,27.641747849391553,-144.76885641429098
6192,3298,1,1,0.10317247995026048,0.049289357858336866,4.031889294878171,-2.5947329152157317,0.1747464342141522,0.549368087193722,148.66724487539048
6193,3299,1,1,0.16138091694756265,0.045563402477119,3.967548799649826,-3.135257756978263,0.23411232873492316,0.8227454528762693,179.63703697958618
6194,3300,7,1,0.20007468868433795,0.03029231863142469,3.8275252286021546,-1.8567270149409631,0.2957280925771848,0.9765880133228191,106.3826230752672
6195,3301,9,1,0.1582233693985028,0.04705628094897244,4.115510670868465,0.17995743907821887,0.25955352509416835,0.8340849741316333,-10.310802359699139
6199,3302,3,1,0.12448953955935406,0.03768035824510294,3.847128705125096,-0.2601136665799069,0.22198935420916777,0.6542782010688803,14.903415347478967
6200,3303,3,1,0.2833509664484991,0.07528198742266609,3.8598453023733525,-0.05766190520572277,0.4370910948520509,1.5696391816479658,3.303788631289317
6202,3304,9,1,0.17944476780337568,0.04495715817149715,4.000552047176696,-0.7627128792822127,0.3016149712394277,0.6193941251940318,43.70022847069306
6204,3305,1,1,0.18308834952385397,0.052685573844664046,3.937291227091282,-2.6624944213628394,0.3355097725319805,0.6125390300441318,152.5496924817337
6205,3306,9,1,0.12224966988565115,0.036176702595621724,4.097772191269086,2.4082286800838566,0.21568500386152012,0.3705981408926189,-137.98133942463713
6208,3307,3,1,0.15487053058659903,0.049893871424628616,3.8480167110731287,-1.5965964447008214,0.2340744330523311,0.791392317440155,91.47823731785641
6209,3308,9,1,0.1455545897259111,0.027684572861710412,3.9612009673665027,2.546748743102928,0.24730996303027433,0.7428244192066241,-145.91795394154104
6211,3309,9,1,0.10259387375687304,0.04466035190969189,4.044773751772878,2.5337494771300437,0.17211538612901842,0.4914593802685051,-145.1731512690576
6213,3310,7,1,0.13530786775003537,0.045015702729749314,3.8336839444432576,-3.0737770936760116,0.20767217136655172,0.7003394525604887,176.11445436359733
6218,3311,7,1,0.19594231457286723,0.07489967289491732,3.951649474584652,-1.6251299991905404,0.2719007358510929,0.9093559474524582,93.1130907953916
6220,3312,9,1,0.15832041116955356,0.10064208016709164,3.915481267961836,-0.75420218757688,0.2544464437356635,0.7655375757737231,43.21260182668035
6221,3313,9,1,0.1133206411919716,0.04380505046739858,3.8835586967082776,2.2253346319108442,0.20121574793601812,0.4979544385557906,-127.5022825987906
6223,3314,1,1,0.1333263123654198,0.0470028291293813,3.8983833659546248,-1.8218130346721049,0.24685978877060466,0.7467492718158637,104.38219846925848
6224,3315,8,2,8.74476122247709,0.5983801159399867,5.714167798846864,-2.9267269581105375,13.01287744708128,26.540347262211,167.4805724422364
6225,3316,8,2,9.038922608735737,0.5973235901629016,5.7048753523424995,-0.508213037082349,13.443055908749207,27.50627437726394,28.887801040661614
6226,3317,1,1,0.18129616174254246,0.05539105910898062,3.9655418913093365,-1.8807378000723716,0.2912136318974337,1.1342841087948794,107.75833848762716
6227,3318,3,1,0.1429334281184144,0.05004159310825876,3.8918313202067423,0.6725730488585202,0.2419228944046574,0.5920269771758511,-38.5355975333011
6229,3319,1,1,0.16874961063478075,0.057034208885088505,3.8963853808644386,-2.069421794826685,0.29088362152723857,0.5687993099262495,118.56913563377589
6231,3320,9,1,0.12155445064513044,0.0637342253786827,4.026109235331443,-0.7057682880914695,0.20679116863172398,0.592703464306554,40.43754418141795
6233,3321,3,1,0.20173949285616505,0.05879609650028254,3.9419690068937205,1.9116299299352162,0.3175150934914235,0.8651666337444303,-109.52832680410418
6234,3322,1,1,0.10551959995465744,0.052309939786810124,3.9585189021468508,0.9220370764755464,0.18671550993143446,0.4851649519649657,-52.828833127868336
6235,3323,1,1,0.21809626216650915,0.08683995129090316,4.002485138287089,-0.8310551740288195,0.36464183835441855,1.1073597607884604,47.61595439138078
6236,3324,9,1,0.19275143723607055,0.07981008310195521,3.975209573167126,-1.8520328234010965,0.3018680410238797,0.9403349614746475,106.11366443477344
6237,3325,3,1,0.17538282419653534,0.051727634598690446,3.998068312630976,1.3446920439935786,0.27650487716217215,0.8958295157520841,-77.04517796651007
6238,3326,3,1,0.151285726560967,0.05263854879716856,3.959568279007553,2.5560284682182446,0.2733732006642476,0.7860485545141351,-146.44964427999008
6240,3327,3,1,0.09913814386628736,0.0415616034249618,4.002148803983514,0.6250467899504053,0.17154314879293456,0.4662267381899897,-35.812543152577604
6241,3328,1,1,0.19476517988491351,0.05640527273587077,3.969880311158825,0.5465129392181606,0.32324908830702764,1.1412627909194883,-31.31288569114255
6242,3329,7,1,0.16065505812430653,0.05342772377523697,4.021107580139335,1.0603015379957064,0.3138112685704868,1.44335951851088,-60.75080402886378
6247,3330,9,1,0.27193789216196834,0.11934100966866742,4.03919304577114,2.610418272797274,0.3572749353539837,1.3631743640743266,-149.56594929182606
6248,3331,6,2,9.026309495267,0.6307069844110024,6.092805781109893,0.5651924860750653,13.424622349829237,27.62785700801002,-32.15346338425433
6249,3332,9,1,0.09410896816568719,0.09644672497222713,4.154345917329708,-0.26789090388029313,0.1669839265147204,0.5641420009523227,15.34901824734904
6250,3333,9,1,0.12521563945441638,0.025660513356855184,3.9157684087150635,2.3863898127903322,0.21169191289519163,0.4624735989062624,-136.73006450216107
6251,3334,2,2,8.922237081562608,0.6048068218919513,5.9942418793838534,-2.536113132222026,13.272506196739908,27.07136951589733,145.53027862344
6253,3335,3,1,0.1167327833490252,0.03885359507499895,3.9519939206030408,0.917210461473019,0.23060480209282688,0.6782511119417988,-52.55228814126725
6254,3336,7,1,0.17358633181963407,0.061061861819523604,3.8156476272272926,2.8566000537418694,0.2979072455154029,1.0469766319938358,-163.67112679963972
6255,3337,7,1,0.16767295225154483,0.04447383505709184,3.88426994574487,-1.1683190277579032,0.25306158650616034,0.7073017520882559,66.93974843155165
6256,3338,8,2,8.784016128612269,0.6019831929619633,5.599664366655129,-1.5866345419370314,13.070329944179358,26.68732155798999,90.69606723399707
6257,3339,3,1,0.13288005229437383,0.058445937326446984,3.8773328399717464,0.39066981769318737,0.22920224464591255,0.6356470305828523,-22.383732159356658
6260,3340,1,1,0.10989688731523661,0.07032720769236823,3.8156042376730923,2.6148810507910922,0.17260389244122207,0.4784427815865232,-149.82164818751022
6261,3341,7,1,0.16598813595111395,0.03062274646807102,3.944983702062257,0.22363580840805306,0.2590236699465868,0.9202211996602068,-12.81338860166868
6262,3342,1,1,0.10548453364489564,0.04943537122262856,4.004739355878872,-1.9073810569049556,0.1829639189688128,0.7113158947448676,109.28488436108002
6263,3343,1,1,0.14419903594065003,0.07996943889454694,3.956269781438465,-1.9187572223315552,0.24014240758084576,0.7463987668017074,109.9366914801358
6264,3344,1,1,0.15622748316447882,0.061540805357954156,3.9109540872184505,-1.578434985028542,0.2335417437477995,0.8961421190473291,90.43766332989972
6265,3345,9,1,0.12623354749890436,0.02059547842898806,3.873388171055022,-1.234047262714823,0.19948457089077398,0.6269952607753065,70.70569973053824
6266,3346,7,1,0.16896466232673066,0.09179251755905941,3.9799940414987853,1.911402699878052,0.28802422174128506,0.7990680901246101,-109.51530858977173
6267,3347,1,1,0.1641160090752012,0.05977774765687854,3.926304472234142,0.27198524462016593,0.2576682113608572,0.9474505203457633,-15.583607361456345
6268,3348,8,2,9.183680388836086,0.6136237444300358,5.819968682398032,0.5938957802815948,13.654463298095749,28.054195461455652,-34.26983993341008
6270,3349,3,1,0.17493544926027998,0.06749847587051093,4.063699492696817,2.225477138376762,0.3006070710348315,0.7674814024183242,-127.51044820083618
6271,3350,9,1,0.140929608983364,0.02402537300492701,3.893960995898047,-2.2718664198580223,0.2565425782692401,0.611120968732214,130.16835791710497
6272,3351,7,1,0.17329751320420406,0.07508315652553742,3.8674421589003933,1.6519429594449513,0.29353803605312345,0.8638532576307344,-94.64936002652263
6274,3352,7,1,0.1334437717030512,0.03073975834420352,4.033815566338727,-1.7862471866447387,0.21437963955916234,0.7942630467127819,102.34442537826791
6277,3353,3,1,0.12262710787185886,0.03299082342741477,3.9158916955956236,3.0435604026088874,0.18166219268920225,0.6771903955747628,-174.38316564108922
6278,3354,9,1,0.17282938125078776,0.05673091186969103,4.091374922797583,-0.7885296795498491,0.30052454691371216,0.6676456076803944,45.1794234434621
6279,3355,3,1,0.11687928156077305,0.06839208328262461,3.98442881624984,2.770352063132754,0.22180369082599213,0.8189078859521868,-158.72948064635858
6285,3356,3,1,0.07979378392049924,0.025964307704316854,3.970167498404165,-2.3905612371249916,0.1460939664924702,0.3290389451549694,136.96906963039967
6286,3357,9,1,0.10884994552376934,0.0632192377474288,4.00303751193678,-0.04545021568892624,0.19110352698621114,0.7820533413121348,2.6041055964259336
6287,3358,3,1,0.10398660703542636,0.06084457305654752,3.8460799408968844,-0.7226939642361381,0.171995237505891,0.4887257717412868,41.40731410470291
6288,3359,7,1,0.22109473907760704,0.05564429716155898,3.924180874226663,-1.6888372593152128,0.3053816308523504,0.9374048623259489,96.76324839567205
6289,3360,6,2,8.581617805189758,0.6085336060116766,5.565692569322723,-0.4517199708299819,12.773980711746946,26.083892474015386,25.684743958116464
6290,3361,4,2,9.174161928451273,0.6065791696337123,5.830047456403349,1.5893119151495665,13.640566185725666,27.876017929207684,-91.30221822770287
6294,3362,3,1,0.13134390759260783,0.043515566752791446,3.8995249505575216,-1.827921925232423,0.19563518131528884,0.697745595227625,104.7322119652585
6296,3363,7,1,0.10835449337390175,0.057947434551052994,3.9762637386627886,-2.4633319006024967,0.18955573293621042,0.7930492778818279,141.13852131187437
6298,3364,9,1,0.16720075408547325,0.0362115403163442,4.004420335173522,-0.20332024625280082,0.24053967697731468,0.8035135832381114,11.649392515360715
6299,3365,3,1,0.14110963188581324,0.07097874575863167,3.8849183636546334,0.7156312794248775,0.2356809803047041,0.6015997144253148,-41.002651876065386
6300,3366,9,1,0.12869549299344268,0.054817902762327946,3.97217552673368,1.8362649833043174,0.20404124592656214,0.6514256925545826,-105.21023412370042
6302,3367,8,2,8.965456731073612,0.5967266168590895,5.821065194209328,0.572448203268803,13.33569024355079,27.23936200439803,-33.02385676853504
6310,3368,3,1,0.1013967551578495,0.060703583347976986,3.9642098555864935,-0.16350071717950018,0.15769837664725353,0.500710653155139,9.367901168977525
6311,3369,7,1,0.14456967058655099,0.06303308948008413,3.913993149254533,-0.3573076450692858,0.23638651381693554,0.7258077845046322,20.47222056844511
6312,3370,1,1,0.11559999549565045,0.09126073593820141,3.9634698218787157,2.718633555613928,0.19250058209053658,0.6227505723171981,-155.7662287535862
6314,3371,3,1,0.1458102767298709,0.05529974396300759,3.8235605140189306,0.37244191282434996,0.2701247177169095,1.2094853087011932,-21.339350182763404
6318,3372,9,1,0.11964697445896108,0.0414563048486082,3.8673236920807916,-0.3754634367789638,0.21497648917594095,0.6502425566601528,21.512470508359723
6319,3373,7,1,0.18793632707685304,0.05959899627460438,3.9268992547049146,-1.6003670876039109,0.2245412720064589,0.8268973769063088,91.69427954501153
6320,3374,7,1,0.1303838655284685,0.055163975587521806,3.849523698239254,2.805045753941007,0.22972537653614192,0.5190741548525266,-160.71728250389899
6322,3375,6,2,9.013422527329528,0.6097008139993791,6.208617199267881,-0.26006812572113297,13.405793999954541,27.398438380681554,15.129487944785504
6326,3376,9,1,0.15194847317579174,0.03321568078978063,3.831731711615243,-1.6260539686463293,0.2330741580936727,0.762981289487316,93.16603025919204
6329,3377,3,1,0.18534073810867696,0.06598001539121581,3.9184951572281492,0.12418683110564667,0.2932543358700847,1.0416367816562808,-7.1153824691415615
6332,3378,3,1,0.1435359305238745,0.05299869221171959,3.860511163802994,-0.1885555308556681,0.22282927856172324,0.64405351896374,10.803436845306303
6333,3379,9,1,0.10429589001066832,0.05764843275921065,3.9971742673391075,-1.1635780818645522,0.17389738779495664,0.5258111286895487,66.6681130456252
6334,3380,9,1,0.08514948689318746,0.04367782898348875,3.923602965306226,-1.41805021062377,0.16033478053114483,0.5791166620806922,81.24829212555731
6335,3381,9,1,0.15821796198188767,0.06476442287084128,3.9605711816146467,-0.9408020538889754,0.28657711485986215,0.6794631005033623,53.90398647275781
6336,3382,1,1,0.13162691826079742,0.05302258614757945,4.08831300469827,0.026941445803194193,0.19534831559660698,0.6484785864646908,-1.5436314349650648
6337,3383,9,1,0.14222917012945496,0.0687363762494962,3.8915441321752944,-0.9583626194552012,0.29078728701236123,1.1961116692044036,54.91013395789511
6338,3384,9,1,0.17121401554288823,0.08569135718634194,3.936212420159216,-1.8417975425452895,0.29993648959170577,0.8394127123405136,105.52722716405017
6339,3385,3,1,0.11488337206788442,0.06267699590761025,4.042144878476917,-0.02294856721571532,0.1871115664953057,0.6830519098722883,1.31485616334917
6340,3386,1,1,0.1376140833968081,0.07820569812051209,4.111724524705964,2.5805564041032083,0.2385731903118664,0.8438718025975924,-147.8549912146205
6341,3387,9,1,0.12258174268065875,0.06642971714888672,4.022857638448047,1.3207785146767355,0.20160234800231158,0.6335932469407413,-75.67503431166531
6342,3388,1,1,0.17376486362445887,0.04321247315233769,3.8153203014215036,2.7881715845364314,0.2781866005853826,0.9745581216011276,-159.75046318097483
6345,3389,6,2,8.808496803559843,0.627015717283074,5.673974841932969,0.5630488364234428,13.106147998025069,26.916300930010163,-32.04712562908874
6351,3390,3,1,0.1327779592024212,0.08462932060202318,4.056677617665999,-0.6747689158488409,0.20067011214941036,0.6611115693850055,38.66141136567369
6353,3391,7,1,0.16096370936280097,0.07779925663755366,3.9886435857970257,2.6410759546365004,0.2630441144939737,1.0247604294143513,-151.32250528980552
6355,3392,3,1,0.17244374710943158,0.05528022768498849,4.110471372897102,-2.841238193701613,0.2775533676800756,0.9040140752205142,162.79095601106593
6357,3393,9,1,0.11804895906489124,0.09430840496193069,3.9339105433628445,2.41265013084885,0.189407316914171,0.5921049881132919,-138.2346700262968
6358,3394,8,2,9.10268661705622,0.6155066767649294,5.954507283963106,2.929223431712826,13.536202387281449,27.67414634231434,-168.0678009060023
6359,3395,9,1,0.11208515064106783,0.03901223922999445,4.009241590968348,-0.7158942621084399,0.18522206228411378,0.4230729046698645,41.01771968061576
6361,3396,8,2,8.821002284687722,0.5976139645992415,5.8828521818502075,-1.2152020342629506,13.124443803238801,26.852892464170694,69.41182762445442
6362,3397,3,1,0.15830760118791806,0.050473914324705924,3.830441448949049,-0.9260186543310149,0.28758957036941546,0.5349032601530533,53.05696038578249
6363,3398,1,1,0.16632900363181854,0.029910414202122777,4.0301943154924,-1.1460508711379038,0.304475460019055,0.8492935092484332,65.66387746651135
6367,3399,1,1,0.16182508588460354,0.06644231909627756,3.848596750304268,-0.29416219414607353,0.26394589145871744,0.7725365838283634,16.854253254086775
6368,3400,7,1,0.2074928795210227,0.06663847001161373,3.959757705257112,0.5062249770756252,0.381212350854735,0.8234785370525536,-29.004555923403984
6369,3401,1,1,0.12404388177042514,0.05122130092850224,3.972262621277314,-1.668283956254563,0.190471789148356,0.7487096871797047,95.58562998553762
6370,3402,3,1,0.1818124848298111,0.05401418272427897,3.9076509963227744,-2.1399036621171947,0.3125256859186842,0.6661213660754973,122.60744844357926
6372,3403,3,1,0.3288675277482737,0.11513343304828859,4.011341816740838,-2.1591133730619934,0.5350960431299899,1.3557529850811554,123.70808437335336
6378,3404,3,1,0.15790300018925052,0.0504656685814172,3.8903835983470785,2.4508363917168374,0.27012236590084043,0.5325481055398283,-140.42258160336135
6379,3405,1,1,0.19770777863874361,0.054333978507598864,3.877404159308928,-1.4386323688966784,0.2986698790309943,1.2081108883250382,82.42756332712918
6381,3406,2,2,8.711311548891102,0.6111676576644661,5.993472052730463,2.311698351374281,12.963913046650841,26.471447185624708,-132.24444984405238
6384,3407,7,1,0.1711133590817855,0.056895167666746425,3.8911898391721778,-2.4945211968274332,0.28838433773350164,0.6936953950416722,142.92553674493334
6387,3408,7,1,0.11415096073808846,0.060734902641441,3.9790980225230426,2.8535464315371066,0.1757907072088782,0.7350675706779348,-163.49616702061863
6388,3409,3,1,0.14430101887392516,0.05321307598591601,3.84547754122016,2.511643176819003,0.25221557695044333,0.5117748263572758,-143.90655334564596
6389,3410,7,1,0.13212290883697045,0.06756533632476881,4.039981820871134,2.0718279314258075,0.22231224640713043,0.6686655332740594,-118.70699663180409
6390,3411,3,1,0.15085834450878036,0.05266221274109642,3.973050600041952,-1.565371613452144,0.24137372048388134,0.7111804371283017,89.68918638093842
6391,3412,8,2,9.405891016835092,0.6120775455615954,5.948236926002531,-1.690215323494424,13.978611976524487,28.631784056577686,97.10265774465282
6395,3413,3,1,0.16223504776553374,0.057903546219061006,3.9210689264832697,-2.5830927518964266,0.289182592442629,0.838736116603448,148.0003123512651
6398,3414,9,1,0.17884763839065337,0.0511566792590078,3.9017889270569333,0.6136623593513315,0.28274957971802567,0.7437238485589928,-35.160264217318776
6404,3415,3,1,0.1625343632161482,0.04072481535131607,3.8350235605910425,1.406927037121588,0.23423614947560983,0.7381109217894644,-80.61098080824252
6405,3416,9,1,0.19066957872857626,0.04221748750454225,3.79081550476444,-1.4869956073853499,0.2636348704019905,0.7503217221639361,85.19857186713823
6408,3417,9,1,0.14461208475334109,0.08271420785201766,4.02484121275567,-1.7732439110678528,0.25089997386208296,0.7621888574312754,101.59939250978213
6409,3418,7,1,0.14230084351245975,0.035649734931897784,3.8794096272119587,-2.9597207749904495,0.24361858951132132,0.9326458734944785,169.5795085809293
6412,3419,1,1,0.17644121356365816,0.04032608420149943,3.879830479920103,-0.00725710166972703,0.24533559057795704,1.1062444814116283,0.4158015944895911
6413,3420,9,1,0.09428023163707573,0.056720985448662685,3.851174621507225,-1.5677952079349116,0.15268105668303827,0.47993037706747843,89.82804862845057
6414,3421,9,1,0.1546761022132576,0.049182418649655044,4.007324591445455,-2.8720243413186344,0.3021656653742615,1.1531689465204398,164.55487312374026
6415,3422,1,1,0.147900389680662,0.061012037007560686,3.9941191844031314,0.9737206321784455,0.24391285356739426,0.818831429579044,-55.7900824146013
6416,3423,1,1,0.1301292129988598,0.04857593155745154,3.884088104996618,-2.887049596994273,0.19566532655411262,0.852224181518162,165.41575694189586
6417,3424,9,1,0.10762582242494949,0.053882851868310835,4.000406092101661,-2.907328077900711,0.1779811561993554,0.5743141685280762,166.57762822434336
6419,3425,9,1,0.23735080274622808,0.11457110481867873,4.019507531942284,2.338711333991719,0.5321858118187354,2.4226686199010405,-133.99829554340116
6421,3426,7,1,0.16856362939448957,0.07954110963173479,3.830403584849981,-3.0946807556860585,0.2670669322698679,1.1300704266653832,177.3121456213942
6422,3427,1,1,0.16372520739681898,0.049386778913098596,3.874312112735472,1.1729154467711322,0.2662591158359827,0.9800295793988248,-67.20310443193173
6429,3428,1,1,0.17729964205144338,0.05333166688850064,3.8402612924377615,-0.6345907580750462,0.31374728291839066,1.077189233646843,36.35937291524637
6430,3429,8,2,8.697999653627011,0.6044830862189132,5.9276194742985755,2.7595840656245936,12.944424226911547,26.50038866354116,-157.90736903519286
6431,3430,9,1,0.17021679093257083,0.06569807431694616,3.9814573651782963,2.0889326870292746,0.2837455034094019,0.8500508372175282,-119.68702676347566
6433,3431,3,1,0.14317696488324666,0.04959193089397462,3.8967060678164436,-2.760528618336441,0.24324081985056534,0.6814570159622816,158.16663825085757
6435,3432,1,1,0.15567391937081979,0.023138142753373732,3.8240321569238653,-0.538619269402183,0.2530634774713005,0.5802339075001304,30.860611582175576
6436,3433,7,1,0.13961496507713295,0.024738769646318902,3.9790174971945285,1.2805457918615089,0.23123914572970466,0.6320708232706799,-73.36986915536507
6437,3434,7,1,0.1665842990603147,0.04875524897813534,3.8222203115745517,0.44549712776341394,0.26226340152252337,0.7652224523495265,-25.525106184365264
6444,3435,1,1,0.16283442207082227,0.03804950508042464,3.7697747343268673,-2.5892777889570473,0.29025069343023147,0.8403599634312261,148.3546889103278
6447,3436,6,2,9.00586504506816,0.6007096971003018,6.047510011679742,3.0062877647245037,13.394748970823017,27.322968398228642,-172.47569855618153
6448,3437,8,2,8.754391599605118,0.6074195382944035,5.787518324977071,3.0239196259979173,13.02697249916892,26.55548288554519,-173.0486015534847
6454,3438,2,2,8.751988022562704,0.6199858939783447,5.997600506450179,0.12248163031647015,13.023453840230754,26.60009497291326,-6.808624885570947
6455,3439,7,1,0.2222495602615225,0.0576186412192159,3.8418365920553286,0.31099928338571003,0.3575264099552334,0.9631563100001813,-17.81894890472466
6459,3440,7,1,0.09138441663570039,0.057422403051776365,3.9880852266660654,-2.657557849767563,0.14689459624898185,0.507546314300821,152.26684856148466
6460,3441,2,2,8.77115584311571,0.6082330770707344,5.711668726539785,-2.9220719706901273,13.051506850072379,26.65383287374979,167.21193741728004
6461,3442,1,1,0.10914753752760539,0.04505907639062343,4.0473072351103125,-0.8867064395453592,0.19069478526887534,0.500237394588274,50.80453666599049
6463,3443,1,1,0.16639158974194904,0.03175865122258775,3.9543978608889025,-3.1311144379198876,0.20041339374815254,0.795917212218225,179.39964234599307
6464,3444,9,1,0.1899039007895517,0.05931497588712286,3.9110199416012357,-1.0586348179249947,0.33348419385307554,0.8196901546448998,60.65530607258674
6468,3445,1,1,0.1217315387677093,0.01965600386279491,3.9574432829750337,1.5139206157675162,0.1588147603506069,0.570657449243914,-86.74126168905342
6471,3446,1,1,0.18058632406327205,0.03948402135537086,3.998118790691602,-0.9751984029340003,0.3080448576263757,0.6879240145921802,55.87475197024283
6474,3447,9,1,0.1627388445242718,0.03631491317770716,4.024204784809444,-0.4667257920005447,0.2632296441585408,0.7067085690861455,26.74141917968343
6475,3448,7,1,0.1673460115006526,0.05264801412651179,3.8498037231481215,-0.4347157243370232,0.2636544424627028,0.8365611843706013,24.90737731113159
6476,3449,9,1,0.14345576586476508,0.08754480127835741,3.99113842275608,1.0622744217683984,0.2599783433275547,0.7410106336034034,-60.863840824960036
6477,3450,3,1,0.2394966602849502,0.061782896346162026,3.890597995852508,-1.5551379440272983,0.33514130263318526,1.0507051080124001,89.1028403439137
6480,3451,9,1,0.13347717924348632,0.07938873799661358,3.872042135311779,-1.910425634097011,0.23799294226975656,0.7672385699785129,109.4593265694237
6481,3452,7,1,0.1349930493984268,0.04976470379353156,3.8814700924922816,-1.0301859133923554,0.22042556841225006,0.5748695055722253,59.02530475056345
6482,3453,1,1,0.11775295822477333,0.050902987113229776,4.026637110832938,-0.12005986585965342,0.19049232540364414,0.7661407709803498,6.878923775109666
6483,3454,1,1,0.18041461882699542,0.06599884430489336,3.9297410321673807,-2.556516703251415,0.2895131432231864,0.809747036368592,146.47761758625865
6487,3455,7,1,0.26038195521526775,0.11393490316231061,4.132795638373384,1.9657009650961754,0.41417432655284897,1.1130829023828197,-112.62637220931232
6490,3456,1,1,0.13061254904200373,0.06339663074083533,3.895285197598831,0.824989891089449,0.2265284751615716,0.519015165960794,-47.2684388380202
6492,3457,7,1,0.10869892365046858,0.0503488592657744,3.977163887505835,-2.3799633324251173,0.18892697542186687,0.5648348868956075,136.36185419223906
6493,3458,7,1,0.10827721989906697,0.030668261328502474,3.89506227160593,2.381400508753114,0.1842860715980464,0.506809834389282,-136.44419851565854
6494,3459,9,1,0.1693018647082127,0.06917512036843758,3.9056566848573953,0.5451853031806,0.31945139351834867,0.779212867727742,-31.236817606320045
6495,3460,7,1,0.18758548772164543,0.07752635037060024,3.888258164974861,3.131936706188992,0.2845345653855344,0.8617088102929784,-179.44675521464072
6496,3461,9,1,0.09354870825251588,0.036649817422162466,4.024810722991928,-2.486964504374918,0.17721486178096243,0.47018788718183413,142.49256968975806
6497,3462,7,1,0.20568267850939856,0.06327565049574674,3.7921524500059975,-0.03450384577158937,0.3312314725374307,1.0868986224381991,1.9769266169170876
6498,3463,9,1,0.12080031031962443,0.061565081146451574,3.979605975165046,-1.8347051922930244,0.18951908855003355,0.8035611236166701,105.12086434733457
6499,3464,9,1,0.17300617520274655,0.034579894032916655,3.7833514591313375,3.0101273638942683,0.24068555595295582,0.8973032735123518,-172.46759322838713
6500,3465,1,1,0.10775666464850805,0.06532402535596786,4.020544001281663,-2.4065980282793573,0.1828675607736649,0.6966177644250099,137.88790996455091
6501,3466,1,1,0.13739864838421828,0.06895811785766581,3.9877730569375607,-0.9236824123238261,0.2533735483280919,0.772344201892359,52.9231037215144
6506,3467,9,1,0.1583253380849081,0.054040095820175216,3.948974760720651,1.8877210117129581,0.26755384786012737,0.9334672799914419,-108.15844740314907
6508,3468,3,1,0.12404889613879153,0.07253069197911587,4.062987348295139,-2.2851961781503585,0.2458613047580832,0.6403455818256119,130.9320965623851
6509,3469,1,1,0.19777986408903536,0.07121655459605623,4.004431909250587,2.663718201501421,0.355706638349723,1.529827124900112,-152.6198102476404
6510,3470,1,1,0.15217734707754432,0.033075936350215156,3.854225298280813,0.41818875271210876,0.25332445666352815,0.77863448829263,-23.96045139513599
6512,3471,8,2,9.183456698218938,0.6148256797941427,5.882809080667361,-0.3363518516750009,13.654136053761365,27.906151389283025,19.513641728901415
6513,3472,4,2,8.802961524540986,0.616228370768339,6.212530017191639,-0.3335957820421988,13.09804878940267,26.709007933075604,19.326418657511333
6514,3473,1,1,0.12587087502022312,0.06222277231680262,3.9806305138141966,1.730911293004699,0.212872307922227,0.681952221312579,-99.17391228904033
6517,3474,1,1,0.15621272553539972,0.07162720517194114,3.8452967557691458,0.129310082927513,0.279287743358071,1.0947342166968945,-7.408922105661899
6518,3475,8,2,8.596662768288606,0.6264913689628305,5.862215768390492,0.5881467234540049,12.796014834308329,26.272992050668243,-33.500367841724184
6519,3476,1,1,0.19681696408371568,0.036444710769898025,3.9189209717296314,1.355813821393596,0.2982019782986967,0.9591181757691076,-77.68240804626244
6520,3477,1,1,0.13225574079435443,0.0411493996274436,3.9525386018602497,-2.7329548290970704,0.22841779398220627,0.6432698727588205,156.58677672304563
6523,3478,1,1,0.14796848580535482,0.05407756693457515,3.9399913318141286,-0.2423504107364747,0.26065000588130577,0.7424575584638895,13.885655940871962
6524,3479,1,1,0.11159334859649714,0.04656767691925665,3.933476548614922,-2.8709405174321474,0.19601084845493022,0.5835020437192122,164.4927746182857
6525,3480,9,1,0.12259061785166904,0.06332953187138698,4.00268035109215,2.5716967875773524,0.20589584930404736,0.7360187979803916,-147.3473720801925
6526,3481,1,1,0.13777681997238544,0.04820568254073165,3.913236418074547,-1.583467653549439,0.21652070827175043,0.8105904516613391,90.72601369188763
6527,3482,2,2,9.426459488208407,0.5766533446625717,6.149310085109812,0.12241599839540185,14.008590641779923,28.614330409403912,-7.276117044136237
6530,3483,8,2,8.908279032494873,0.60164203154758,6.0470081281766195,1.2857351708646951,13.252097236307112,27.081300511035657,-73.44655485488515
6532,3484,1,1,0.1461176393480317,0.03813559381840901,3.8541302438852214,2.100117739117862,0.25077194853560053,0.5770894612856982,-120.32788343026053
6533,3485,9,1,0.12155910306438185,0.02811577604445403,3.9654618430545527,1.2806626454494916,0.1951889778876359,0.7887369623652802,-73.37656440413068
6534,3486,1,1,0.18920483749363462,0.032091361630139446,3.9566189640164446,-1.5409189830987828,0.26505748739443813,0.9096516613247464,88.28815423700408
6536,3487,8,2,8.902849066328294,0.603689519447588,5.657959411880151,3.06614894313089,13.24415718762902,27.03151267124577,-175.45715958486258
6537,3488,4,2,8.931924398398063,0.6170596281487769,5.80613134016607,-1.7395075213176598,13.28666995844691,27.12114434126774,99.88887393526424
6538,3489,4,2,8.691634120139796,0.6019919316852003,5.701104391675284,-0.7205772559858569,12.935105863549206,26.39903498715401,41.08134149974633
6540,3490,4,2,8.992627976216838,0.600080528831609,5.980846169658002,-0.4818858759147721,13.375408221589122,27.303097722324065,27.38295021303919
6541,3491,9,1,0.12686027362298335,0.04351949831815597,4.019423665903157,-0.47736689218352707,0.24499838409864802,0.8656998166894794,27.35110850628805
6542,3492,9,1,0.13345857427577276,0.03935006005996331,4.020536823697107,0.15379861089831645,0.22509291562776307,0.6351497694845225,-8.812011533246086
6544,3493,7,1,0.1654196780707615,0.0426546848996868,3.926927437468133,-2.966673467211079,0.2420808764734584,0.8414145530409719,169.97786839528794
6547,3494,1,1,0.16830530064160154,0.05412574121766213,3.9149490049884603,3.094310374880328,0.24685127185451433,0.9511443432044054,-177.29092475526065
6548,3495,7,1,0.19850200930300044,0.08508324939163701,3.943499579297619,0.13387047092753285,0.3157093504154222,1.0128668665417673,-7.67021364354573
6549,3496,3,1,0.22497938109200682,0.06066705439872737,4.057400084928085,-1.8634979535762686,0.35645156454399696,1.063867643845456,106.77057069748452
6551,3497,1,1,0.18513211470004193,0.07614417359025738,4.065905923305275,0.7003192753396079,0.380202947563181,0.7588432582313108,-40.12534054677446
6553,3498,7,1,0.19309960110374705,0.10536744363515269,4.074979350460351,-0.5753348191633306,0.32937037828590887,0.9389061579495754,32.96425782573925
6554,3499,3,1,0.16689485234459148,0.043938615241504234,3.7415579450586334,0.7060138790185653,0.2983704393700416,0.6436509941970091,-40.45161627534303
6555,3500,4,2,8.979641783057472,0.6176877055283506,5.947719954803651,-2.1173194521490513,13.356423799756701,27.219105468093414,121.5395465629587
6557,3501,7,1,0.16103814956484397,0.06920908006992658,3.9158948841053656,0.05869959157482893,0.235889615387429,0.7916515272535299,-3.3632391284423027
6558,3502,7,1,0.13564647501395627,0.0600205778972004,3.9045995182971516,-3.0148545619812204,0.22495349966984146,0.9089463814392917,172.73844194880334
6560,3503,3,1,0.1869343797637636,0.07439870030838201,3.888054847643353,-1.172112586411186,0.29504012493661713,0.7672236689934336,67.15710398740116
6562,3504,3,1,0.18069338428985593,0.0739544553684463,3.977700385865564,0.5426685395620854,0.3403457084752271,0.8271216565070658,-31.092618168596182
6564,3505,3,1,0.14747846630323314,0.07123724656374915,4.078579731456469,-1.2995461180952015,0.22114096216156107,0.6341082767214206,74.45850717228058
6566,3506,2,2,8.44845353184207,0.6330655684256211,5.959257592344798,-2.3905718585793245,12.578807281449341,25.626434491555568,137.15742627956178
6567,3507,9,1,0.08783801601096626,0.043939779571589635,3.953236316824315,1.9818039042878326,0.14744147815102782,0.4293177074174027,-113.54899963511858
6568,3508,7,1,0.23958772650261226,0.05911054177188525,3.8556592455512844,-2.712584042162649,0.4563450531051322,1.613621787967862,155.41961553785418
6570,3509,3,1,0.1346473685423096,0.05466540785214361,3.799067552305966,-0.3124126301112661,0.20966236728655702,0.5978595683524713,17.899925696646946
6571,3510,1,1,0.10465736049820028,0.03531023186547787,3.983766253460901,-0.6389040451618018,0.20985787134613992,0.42621571399714225,36.60650550798234
6572,3511,9,1,0.19975606886402644,0.07061107083272082,3.794313280825264,1.8012138644345264,0.337061155863702,1.0072297878310388,-103.20195462548621
6574,3512,7,1,0.1659785045598497,0.0734793443810881,3.9456507074474616,1.4328847023752616,0.2403867255521482,0.8333504426622103,-82.09824562505983
6575,3513,8,2,9.103980496927216,0.5927721203898572,5.817590437613225,1.5232846614552953,13.538092366010819,27.660788858936208,-87.51354531541331
6576,3514,9,1,0.17809161016735683,0.05211355822012756,3.8388074004657895,-0.3106647304839556,0.27381308322628717,0.7731538343291239,17.79977910420267
6579,3515,2,2,8.851732627603953,0.6201662567016146,6.307654809730825,-1.6383361282455557,13.169394109780386,26.99515983066625,93.65334357090693
6581,3516,1,1,0.1811700500743668,0.05197790111519616,3.796043784006239,0.6963378421793335,0.33718425419358694,1.0696508557703983,-39.897220331537945
6582,3517,7,1,0.1717407791380622,0.07666486337892273,3.7665073554708024,0.4705377878090483,0.3042138549328574,0.7739885221715523,-26.95983003682518
6583,3518,7,1,0.14004426643477605,0.037877705214617106,3.9706442363068093,-1.3812440590714148,0.22411520363787363,0.5534122145738156,79.13945504353723
6585,3519,1,1,0.11867680262434652,0.08978536768800695,3.9895454835429156,2.1248114310302597,0.2002098953091739,0.6760064545678184,-121.74272737957935
6588,3520,9,1,0.16102160665482762,0.16762351221144894,4.066250633130764,0.3862237801732503,0.2875513303406212,0.8840164042470066,-22.12899262982369
6589,3521,7,1,0.2001702309386051,0.07245052638849162,3.9211800344997214,-0.6986736294807269,0.3627648738019239,0.9308037466804265,40.031051106252576
6590,3522,1,1,0.223488630634316,0.08435497719740355,3.9340664472509657,-2.8001855958532245,0.35271719366077187,0.9844093458728984,160.43881383618606
6591,3523,3,1,0.11749016399180945,0.04927295375650297,3.9724205315715926,-0.9992571894517931,0.20061491094373562,0.6888540726152242,57.25321974143197
6594,3524,7,1,0.12298481244943907,0.029686703561452237,3.9426631119553903,2.91977138580235,0.20636218082522667,0.6534719044987556,-167.29057712991005
6595,3525,3,1,0.18548958947149966,0.05328374655198016,4.015404387595618,-2.1335524701976167,0.3343852895119107,0.9146926332716908,122.24355129886014
6599,3526,3,1,0.22398371121689686,0.09556543566490937,3.956128424667874,-0.6304678313810919,0.3375414750148602,1.1290676976593894,36.123147978847655
6601,3527,8,2,9.09423256539721,0.6136769564947827,5.7855219848830215,-1.377126297543436,13.52385489550541,27.66590621708608,78.66853082628978
6602,3528,9,1,0.0923796106370438,0.07685935717113347,4.060297030550926,-2.1662068938036803,0.15110225320384296,0.5024670144890842,124.11451254402698
6604,3529,6,2,8.859437549289906,0.5978296769034863,5.7366236463030855,0.9162905206055907,13.180668195931935,26.84567433746215,-52.2826029296986
6606,3530,3,1,0.1319981040642546,0.05327140986408137,3.819088154767422,0.47136182734849696,0.22021542969396857,0.6239406321381723,-27.007043694589203
6611,3531,1,1,0.1319748022440929,0.03919287420845315,3.9651345498486337,-0.42086966012340843,0.24600798757486989,0.7946776692309615,24.114055091812077
6613,3532,3,1,0.089984051067363,0.04622173290116913,4.027988295522059,-3.1109723007517363,0.1417028298990549,0.4601502118131149,178.24558297433282
6615,3533,6,2,8.866430545811506,0.604151913649095,5.815415883309344,-1.8338937076310657,13.190896270847658,26.959274023516414,105.291868733471
6616,3534,6,2,9.111388307810094,0.613777484152678,6.049114582538666,-2.901461201564008,13.548908182587232,27.702253501914054,166.47783033026045
6617,3535,9,1,0.21317836807920648,0.06217815299906658,3.906933270863239,-1.2978741454311047,0.3454789782197331,0.7477870084907903,74.36270919651531
6619,3536,3,1,0.13248378749278064,0.061909144725950875,3.937872013114094,1.4427311679085058,0.21782873412384351,0.7022265871259086,-82.66240645564531
6621,3537,7,1,0.1798688561040854,0.04347917873385987,3.8865029284716583,-0.965260408996669,0.3214284164779979,0.6360881030445652,55.30534676964393
6623,3538,9,1,0.1296934867238956,0.08445453444671017,3.8170662554079398,1.043900668026722,0.2361970798586976,0.5243854014045662,-59.811102242150945
6627,3539,7,1,0.17451027919818854,0.050915607703933406,3.915455827781679,-0.4935742476382091,0.2851030413126959,0.7616708938654992,28.279722656991662
6630,3540,9,1,0.23207522092122448,0.08321966485604558,3.8666085614597163,0.2530187873084017,0.3971489065666916,1.157146097571944,-14.496911724054772
6636,3541,9,1,0.10959797718778351,0.04494512226156467,4.028415801503259,1.8890859492190006,0.1732424768122619,0.48455669076057073,-108.23665237418257
6639,3542,1,1,0.07184775683573934,0.05868334535666659,3.9490898689355847,-0.3186130507960554,0.13158596809259065,0.3504733289612345,18.255183214913806
6640,3543,7,1,0.2825387994565645,0.10583164024109659,3.968038199828778,-1.124966926471937,0.4510957808623574,0.9881668233587927,64.45585323587736
6643,3544,3,1,0.12234418420409605,0.0622385355147845,3.9570285428796326,0.005153854934915106,0.19693652339802648,0.58883906321495,-0.2952942156912386
6645,3545,9,1,0.10483382360827057,0.07182730450344722,4.182264531416176,-0.5618303101407559,0.18652848983547238,0.7867258844973437,32.19050549121105
6647,3546,6,2,8.946360328696029,0.6166832222440883,5.871438884769831,-2.133166383381822,13.307775853885193,27.153735087950952,122.44496332711951
6651,3547,3,1,0.11268634667267641,0.0814860911667661,3.903679424591077,1.245383583668761,0.18421339560052208,0.5474264920358082,-71.35522289688575
6653,3548,7,1,0.10296142545564041,0.04298796410600341,4.010292242495437,-1.0826326377333362,0.17984328924325566,0.4986651587161497,62.03028071227231
6654,3549,1,1,0.1908049262403575,0.0543328595645847,3.8023860825280216,1.5438761464325053,0.28250848911181775,1.0774213254259732,-88.45758661458784
6657,3550,7,1,0.09636272000265297,0.042181261554483845,3.870881755504345,2.5020074299335975,0.15093502541663864,0.5202546869612426,-143.35446591778643
6660,3551,9,1,0.15560398644622728,0.0861873070867454,4.126926311614145,-2.012057495532965,0.24285368975652621,0.7158164244038039,115.28240288531005
6662,3552,1,1,0.15758605296544353,0.04736363893571924,4.042160981346338,2.282418198284232,0.2643333578127623,0.6639271323675011,-130.7729294956731
6667,3553,7,1,0.14193595912470486,0.0586989554480206,4.068289515597842,2.241029766192678,0.24651119141152444,0.59531277830799,-128.40154754091333
6668,3554,3,1,0.17259918058091142,0.056429931653804194,3.7674648731678664,-1.641166676787214,0.2505920261049329,0.8297342658101666,94.03192395026909
6669,3555,7,1,0.19402850643988165,0.05696312010142704,3.988867005250203,0.2334387994963775,0.28867182075513137,0.9212930690012764,-13.375059213821471
6670,3556,7,1,0.11688932643914608,0.03569294870616451,3.8834842876310693,2.9853574063304404,0.19283672199236088,0.7417716966555529,-171.04837942029718
6672,3557,3,1,0.13493382992174863,0.045277010900245364,4.139794183454254,0.4326287605913498,0.22142405493973172,0.7912508984750812,-24.7878023236153
6675,3558,9,1,0.1968339793769201,0.05363609749340087,3.9883226018802147,-0.1875064899287552,0.27953595188515484,0.8452004033206052,10.743330911053587
6677,3559,3,1,0.1551016415102508,0.07301105705398306,3.9532323805787044,2.443859475514263,0.22943003427162958,0.7059600116303077,-140.02283377087076
6679,3560,3,1,0.17510628009521204,0.08006662836775083,3.9432073859388423,1.7037720210452243,0.2521389432234197,0.7941598142834306,-97.61894626127196
6681,3561,7,1,0.12844601134363792,0.05063846116929237,3.9684879903053156,-2.193716704542126,0.24898390845886254,0.628221111725151,125.69070881443221
6683,3562,7,1,0.21660221956760373,0.09210058186083132,3.8938654997436175,0.8967644359726006,0.3496807828077763,0.9859775406254347,-51.380817687612684
6684,3563,3,1,0.14732700067230847,0.05186352020579951,3.852128704851726,-1.7879721514425553,0.2435206711139102,0.7348965855481965,102.44325884949843
6685,3564,4,2,8.798183627349758,0.6048692721170695,5.841616933216249,1.3944479545190809,13.091060475699472,26.71081572357473,-80.10841899081852
6686,3565,7,1,0.15485659487104356,0.06279424532831689,4.015731127890218,-0.24386299773433232,0.2826567838291351,0.9881402815622028,13.972321349044277
6689,3566,1,1,0.15212725472708302,0.06177362243987959,3.951112555584955,-2.2813355267095616,0.2832233950501204,0.8303946715624979,130.71089712005136
6692,3567,7,1,0.19463985275896808,0.06370575003283012,4.006101787087481,-0.8506628212656303,0.3701551283389066,1.3197161464573333,48.73938789672923
6693,3568,7,1,0.11063239716450739,0.0578817147865284,3.8269558969840523,1.260806497689259,0.2017889111298364,0.5733135741825072,-72.23889072104107
6694,3569,7,1,0.17619284172228122,0.06631627904344498,3.956232626693052,1.489217564120826,0.23579593063289148,0.7347460050958398,-85.32588076450055
6697,3570,4,2,8.960960235994438,0.5953820341144452,5.733727348679591,0.7057404403313223,13.329117709580338,27.253975456950087,-40.66059547198837
6698,3571,3,1,0.23248874579291798,0.13720473793515203,4.051473642648922,-0.415609141460607,0.40871422534786567,1.298290869059261,23.812649766030813
6699,3572,1,1,0.19455533856121984,0.07234694303907337,3.947959357632295,1.3110824809014294,0.3113763751163229,1.1077858024531213,-75.11949177473134
6700,3573,8,2,8.859086615714237,0.6142111280927078,5.726506350077624,-2.4938646510584603,13.180159057124852,27.002054610010347,142.67096859422134
6704,3574,9,1,0.1406419377581903,0.07022457492580664,3.913677813856072,1.3162022184116084,0.243466971198666,0.7327257028727808,-75.41283152449789
6706,3575,1,1,0.17638989982218828,0.13668751091887207,4.164943287930681,-1.1055784729258962,0.2803993390627758,0.9328776527664657,63.34498148120195
6707,3576,4,2,8.973166130645607,0.6175174784179029,6.043151064836827,-2.6931416604934735,13.346958636521363,27.251307495938242,154.08006953606235
6712,3577,3,1,0.1444772168287662,0.035977432026323065,3.9598995957688317,0.17998182303936713,0.22215779854230705,0.6922390306840529,-10.312199349306747
6713,3578,9,1,0.16808268027963796,0.12175082596482821,4.0268088062240945,-0.28573469664333606,0.30571072721023174,0.8821623541833968,16.37139252895967
6716,3579,1,1,0.16489028591988047,0.06178483385209073,4.087348455525349,0.3955629118891491,0.27193184476287974,0.9714589762002522,-22.664086273516006
6719,3580,2,2,8.933378278665073,0.5949437465570502,5.808251152096915,0.8859368704704237,13.288795574333253,27.119659465187496,-50.982988542772965
6720,3581,9,1,0.1923706306204532,0.045636352281996105,3.95611340001944,-2.0157940893388893,0.2955018510369162,0.8672679621449193,115.49649523807736
6721,3582,9,1,0.14537931812885335,0.071694742247076,3.980422421299153,1.3590831818874738,0.22870494690683144,0.8701158736570046,-77.86973001461374
6723,3583,1,1,0.1797408733774672,0.03164994840304286,3.810786081481335,-2.998862055950135,0.29671076820331477,0.9109175618457548,171.82213795647047
6724,3584,9,1,0.12457540631098224,0.021803106316707836,3.815307465367843,-1.982725750891745,0.2052380686870472,0.7031766140584161,113.6018176298829
6725,3585,9,1,0.17100299256748286,0.07562122042747259,3.790255196860623,-2.9880769309665456,0.2945762379329554,0.891043735575479,171.20419569636505
6727,3586,7,1,0.17178422926704393,0.0494724729294262,3.828357295340883,-0.9737625327867241,0.28635373591716284,1.0854957255797746,55.79248316641315
6728,3587,3,1,0.1259988794404381,0.03690559627044169,4.032518370511733,1.7891525542118005,0.19910059370554073,0.7064891524772587,-102.51089060188106
6729,3588,7,1,0.1438631985820193,0.07242386128417395,4.016933267835254,0.030250779609029946,0.24826573787941067,0.959068661947083,-1.7332419712347367
6730,3589,1,1,0.1977746951277791,0.07284002527391294,3.9240206783536293,0.018784954711761462,0.28158773981467106,0.9784024557548142,-1.0762993751938998
6732,3590,3,1,0.19407435690783587,0.05434713577847205,3.8749076733968293,2.318939717947402,0.37340545128559893,0.5755429385273835,-132.86545987819594
6734,3591,1,1,0.1815245632927408,0.04748281165112018,3.805970422343716,-1.6117431374535236,0.23032977870578916,0.8973000134447066,92.34607959936764
6735,3592,1,1,0.18179250883156603,0.07359071580751346,3.8988856388918096,2.087221459118554,0.3135772090200747,1.5776448020664533,-119.58898134092694
6736,3593,1,1,0.12666408233406817,0.06387917525742205,3.9319213514531968,2.8968194288125337,0.25409982462071085,1.0392889903093834,-165.97552730866357
6737,3594,1,1,0.10115855154298595,0.06776145970049043,3.8685130283698923,2.5209668219192407,0.1742149121307465,0.5316973886147867,-144.44075917126887
6738,3595,1,1,0.13851847444453694,0.06191473349640017,3.9362188267239637,2.2930971530892816,0.22769718390046903,0.7694073379240869,-131.38478852352662
6746,3596,3,1,0.12177137780696785,0.060574191413662444,3.879431589913513,-1.5719589653747343,0.18833814511677338,0.6687219218569971,90.06661451065365
6747,3597,1,1,0.13109719429691136,0.040001516181080034,3.9019763284832494,-1.3143010078018087,0.21061335907477566,0.680358491408636,75.30390041128742
6748,3598,1,1,0.18676754367336035,0.0684086930285825,3.8484448927188284,3.1192688482765956,0.2727934474491566,1.1365028674328217,-178.72094026003128
6749,3599,2,2,8.79518185846842,0.6045595286073125,5.787268754217541,0.8331780554995258,13.086665698034697,26.753600544718708,-47.525370475731684
6753,3600,7,1,0.17564449562571613,0.062326175675127084,3.767423809010932,-1.9198093490310437,0.28670973817403306,0.8376157225868295,109.99697427695484
6754,3601,3,1,0.21043753728376124,0.09288987896712128,4.065005219222027,-1.1946730071416414,0.3632750071025701,1.0362203365834983,68.44972024899073
6755,3602,1,1,0.15373644167651038,0.09080643888941071,4.00433708382991,2.836274994810766,0.24983254559387422,0.7333423292437831,-162.50658588282985
6756,3603,3,1,0.1674031066285031,0.04593394227629823,3.8740324956891614,-1.8032800923667232,0.23796909864039853,0.7787234972363709,103.32033890664634
6758,3604,9,1,0.13771449257449228,0.061563447538401164,4.017217407454892,-3.1357704075205954,0.20329858080605942,0.6258194933753848,179.66640980500068
6759,3605,3,1,0.09646946978880339,0.06304433192811981,4.130242483258263,-2.670365217304044,0.15611403810616978,0.5831979942971012,153.0006568571889
6764,3606,1,1,0.16005257841739048,0.04094674931938641,4.128018745662299,-2.4404812041002364,0.24329350230454683,0.566676000155747,139.82927284124935
6765,3607,3,1,0.1396783070516241,0.056329504874916586,3.890334418422584,-0.47794863292253575,0.22853914854062737,0.7166982309024746,27.384439553487752
6769,3608,3,1,0.17927100123174197,0.03509759216229058,4.04485247553864,2.9471783187300393,0.29062464133002347,0.9227669708853993,-168.8608777103943
6770,3609,1,1,0.1327929689021263,0.05012110551936784,3.8494212902977507,0.298807491454552,0.23456576368823207,0.7594659240153345,-17.120408675504695
6771,3610,3,1,0.17189694892071972,0.09782956481134816,3.936833644249456,-0.10528880266676752,0.2566767315378213,0.8157683632211628,6.032604834057778
6772,3611,1,1,0.1375304434659409,0.06176516635356478,3.956378715283374,-2.804146046463696,0.22165138902875436,0.7647821741776895,160.6657332423829
6777,3612,3,1,0.13778717906062052,0.059108670568249304,3.9661978566985345,-3.07853325441852,0.19563995315276017,0.6818017197639061,176.3869626015673
6778,3613,3,1,0.11748840061212444,0.043283470622498134,4.001948425871163,-1.061230625915855,0.20850782297297032,0.46170547397616485,60.80403567936931
6779,3614,1,1,0.14515902269144207,0.0652508593241763,4.148396241654877,0.08118523180741309,0.216500131135412,0.8801676092761722,-4.65157107008484
6780,3615,7,1,0.143835270452959,0.04288244189293108,3.9478914522029074,-0.7183459611524649,0.2549824912383858,0.616046438710339,41.158191590176756
6782,3616,7,1,0.12798151175162129,0.04332896382298121,3.85195733775044,1.9150638298276734,0.22455788539136573,0.6591719488978681,-109.72507549783107
6784,3617,1,1,0.1137473103609192,0.04345414788390071,4.045019548427403,0.385218756510446,0.2159047196900129,0.5660373858198736,-22.071409274945477
6785,3618,3,1,0.1842949291094496,0.07877090246855187,4.214130515610924,2.5278414292448743,0.28608107340323674,0.8027164458363416,-144.83464451021436
6786,3619,9,1,0.19207401506195296,0.056453439793417874,3.9656075475084145,-2.284296720083631,0.3208341244733595,0.7418674071711834,130.88056093443507
6789,3620,2,2,8.752943175669293,0.6358956168183562,5.849403783281753,1.5313113114597259,13.024853134595684,26.575286560745646,-87.94680039845572
6790,3621,1,1,0.1369963620015967,0.02526710137871505,3.9841067259523912,1.6916851705423415,0.19017539541242665,0.6583289263365653,-96.92642075596784
6791,3622,7,1,0.1014566802630117,0.04807000867843125,3.8575290426106728,-1.6034098928172067,0.16903736269392197,0.5980602204372748,91.86861965775263
6796,3623,9,1,0.14075864895352372,0.05528032645990124,3.9373084200785478,-3.126033518042412,0.18618335790871582,0.7070332969463353,179.10852713934946
6798,3624,2,2,8.894270070465037,0.5955464758657745,5.543451025971133,-1.559963490850667,13.231613119782955,26.98804325821379,89.15973639835681
6801,3625,1,1,0.13999937798856993,0.055013203828299787,3.912892446649072,1.0086253574771795,0.22401249235456383,0.6164047973852025,-57.78997585796381
6802,3626,9,1,0.17370865736206795,0.04625097943967972,3.891547897862773,-2.415135009992659,0.3138068838794208,0.976112174021999,138.3770427875141
6803,3627,3,1,0.1388107359890245,0.062281805553438714,3.984887417712958,1.019104579400926,0.2390177056334597,0.6384329618818899,-58.390390669727815
6804,3628,3,1,0.21247745426738424,0.09383576072064523,3.999362135929874,-1.045048678598478,0.3744440382482805,1.1810979496198928,59.87687584944291
6807,3629,9,1,0.1501663714335094,0.05238352705157558,3.84627073424464,-0.39459105866618793,0.24308212605208376,0.6779548136817786,22.608402751291198
6808,3630,8,2,8.94183387121564,0.6030186198419729,5.7509342735748845,3.04472528591722,13.301156743756168,27.20176465333424,-174.67309651994367
6812,3631,9,1,0.14302668130316176,0.09209050549250916,4.059307859623173,-1.3921070351095237,0.2603984746594162,0.8766140039448718,79.76185765086566
6813,3632,3,1,0.11866251802995191,0.1477333156496088,3.9884061630263674,-0.41574989712446836,0.20524825220637918,0.5794774912123312,23.82071449957628
6814,3633,7,1,0.11509655827942573,0.056325918097614586,3.824710233530193,-0.9598213759878047,0.18374931154511895,0.6274860660242769,54.99371381169396
6815,3634,7,1,0.1352753783959302,0.03436627406124133,4.012543933747272,-3.1126661597196326,0.19635695353310414,0.6379600942043765,178.34263387489023
6818,3635,2,2,8.861677440071439,0.604113072803979,5.636346114297957,1.7965537777679,13.183946540298818,26.9188279711971,-103.15209311357279
6819,3636,1,1,0.09746013563805937,0.06352160887774773,3.9224139646849396,1.2922007198053707,0.16725008504867545,0.7547215650305082,-74.0376474259237
6821,3637,7,1,0.15133052050563697,0.05220205372210403,3.9507440478665172,-2.4887957567829613,0.26893149921016235,0.595723427752313,142.59749234664048
6823,3638,6,2,9.196000103482598,0.6137517472957944,6.178864046734409,-3.066249692341188,13.672444873366047,27.90004485894541,175.4400554425996
6824,3639,7,1,0.19247335734010224,0.06963891257090209,4.009817631096435,-1.3728900842161786,0.2858101098146195,1.0000904873013967,78.6608074616644
6825,3640,7,1,0.18344552719066334,0.07783682519533766,3.9190635902208344,-0.5462074099194738,0.2753709737619772,0.7063783640308483,31.295380329012215
6828,3641,9,1,0.1522579591070024,0.06671489842483712,3.9276652487004364,1.148000818685642,0.27045936753380173,1.0242081682164816,-65.77560217258139
6830,3642,1,1,0.19710049592098675,0.049599215445962,4.003952607436431,-2.4169722238894997,0.3583628206980205,0.664151273409499,138.48230668221896
6832,3643,3,1,0.14839730839719747,0.026765816695696384,3.8896420641085188,-1.7432972916262623,0.23074557545981006,0.7617153209050581,99.88357777141894
6834,3644,1,1,0.1389928203026736,0.05616182357651753,3.8935460399037582,-0.06315257898878078,0.23193463887689483,0.8648266193152079,3.618376933166032
6836,3645,9,1,0.21617255221200882,0.07311730293771146,4.224849366626335,1.1257151082147796,0.34911181380315986,0.8626677113144862,-64.49872243908956
6839,3646,6,2,9.228044491309742,0.6055149902689889,5.991582534172112,0.8998840712132602,13.719213659466474,28.134625434295042,-51.80526519334489
6840,3647,9,1,0.20250730831274005,0.06891172434458502,3.892586003879542,2.749329029434589,0.32569221879465593,0.9347992501930538,-157.52494758889958
6841,3648,1,1,0.14273320724363162,0.03898361242719196,4.00825235092801,-2.9686180130705213,0.20862870282632104,0.67197893282597,170.08928289490746
6845,3649,9,1,0.2296241316337968,0.09534663258658839,4.0526130542327365,-1.1978489395595704,0.3675621393048413,1.101163359652099,68.63168604498092
6846,3650,7,1,0.17408082347069184,0.03475825616658259,3.8075416944931333,1.7265449489255176,0.22553484834592644,0.7626950601031058,-98.92373888437312
6848,3651,7,1,0.1498690415710964,0.08000964472650857,3.9706033814216672,1.45881522071577,0.2471085382481176,0.9313532459048008,-83.58395516523215
6849,3652,3,1,0.10452917334904806,0.03908188249588737,3.8141795434836205,-1.6882154340475717,0.16580885235934234,0.7171152358389163,96.72761944138004
6850,3653,3,1,0.18252426609222042,0.079072691783498,3.9284348584499127,-0.9172578770891106,0.2982755648862756,0.7308993600216319,52.55500433372213
6851,3654,1,1,0.14052624593135038,0.032816903064352296,3.9408775599400507,2.116118291248264,0.2643749133600567,0.7256487060231649,-121.2446470340457
6852,3655,2,2,8.81566029894981,0.5944463771983091,5.785499691740177,-1.8305414038448247,13.116631024724432,26.782733904743175,105.09602189647052
6853,3656,7,1,0.17881422191765958,0.060084957896340004,4.022004445947431,2.9016816340815432,0.27997316478543705,0.8507805051940929,-166.25410991325407
6856,3657,3,1,0.20076271660887046,0.11092779707829872,4.09802007511792,-0.9378281507970693,0.3497526582616954,1.0467956613999434,53.73359471821204
6859,3658,3,1,0.18253195701405434,0.09734151920701356,4.195695441593749,2.977468034704232,0.30974774339465416,0.972610314300638,-170.5963508153361
6860,3659,7,1,0.18113744125651096,0.04221240317985801,3.9957953389022536,-2.7966629302138064,0.27211985539342837,0.7829948617134138,160.23698138878393
6861,3660,7,1,0.1248027251180767,0.04518155422938134,4.027534807392965,0.7655941962865467,0.24274860797302272,0.4870026814446396,-43.86531599325743
6862,3661,3,1,0.13525666588669794,0.04306726560965756,3.8547838332518154,2.622736034534133,0.2296233156579778,0.7519008317135079,-150.2717057114482
6867,3662,7,1,0.16730944926843808,0.04860736913514181,3.9888899338258135,0.08188604715402605,0.2388746806287426,0.9356731683353129,-4.691725077442647
6869,3663,3,1,0.147694854085896,0.08751995847721772,4.0129913579956,2.5841040877416592,0.2516595839782974,0.6981009885786329,-148.05825739694245
6870,3664,9,1,0.16141872685347147,0.05324562169707096,4.175845836350762,-2.2687757486161275,0.3281960418329845,0.6527331991044054,129.99127594608697
6871,3665,6,2,8.964860380332171,0.598147646533971,5.481281267423428,1.5990209770779107,13.334824185207383,27.254889513456604,-91.39220833695586
6872,3666,9,1,0.13196901508769412,0.06812219865985458,3.930232911616558,1.09900071071396,0.22090653548592212,0.758120528767101,-62.96810233383901
6874,3667,3,1,0.27843325745479885,0.12977551427736733,3.9951958151129885,-2.7055073075869003,0.42976740018809173,1.161728115110958,155.01414601735124
6875,3668,3,1,0.13711425840248223,0.06102084079103731,3.9618130559421774,-0.6662004489120424,0.21567564890903293,0.6512179452416988,38.17047380658915
6877,3669,9,1,0.14841312564583756,0.059942561144364796,3.95074475151754,0.9897097875699269,0.2560640168729612,0.6608830941638416,-56.70619307862617
6880,3670,1,1,0.1395028249488167,0.06436741910383333,3.979244862390698,-1.9846269425380938,0.2578695064949163,0.6964906121983645,113.71074832607036
6883,3671,7,1,0.21395901230191963,0.0875453913553279,3.9076825296995352,1.1656698080516588,0.32548503455796746,0.9394799713561636,-66.78795837443825
6885,3672,8,2,9.063887968194857,0.6090876695664077,5.939039314381637,-1.4648916139977823,13.47952740237575,27.514251303767097,84.16471687816056
6886,3673,9,1,0.13441220181723448,0.030434773386578965,4.008849595372111,0.2577631561517337,0.22198621102230626,0.67809390674806,-14.76874151112321
6887,3674,9,1,0.12351398725754406,0.09957693940386164,4.076331145475589,-1.9105489290621638,0.2396231024228997,0.510603194907176,109.4663906627241
6889,3675,9,1,0.1381060382360422,0.05117444663220624,3.935403148203116,-1.290982347092758,0.20918641622457634,0.7081338408153194,73.96783944230378
6891,3676,1,1,0.14074111518099724,0.08429803374725307,4.025013294592911,0.4063741423237575,0.21136414683287993,0.5727034305017499,-23.283523589719966
6892,3677,7,1,0.1551398813612814,0.06253882988487505,4.036258862683034,-2.4648170516328447,0.27916171275146595,1.2474196976836216,141.223614297874
6894,3678,1,1,0.16586241759256437,0.05964093268849837,3.91321323374096,1.795557725945662,0.24075336601058703,0.8047969832614401,-102.87787964046618
6895,3679,1,1,0.18015186458102167,0.07454886740236695,3.774696230428104,1.7251421680746801,0.27779705945037364,0.8304880455484133,-98.84336656642682
6897,3680,1,1,0.17705255105202147,0.052256048334113056,3.868314438944357,-1.390958296680853,0.2975491300425312,0.8627473012873365,79.69603903960274
6898,3681,7,1,0.1759102702411253,0.043321780785779494,3.92509220923026,2.3904636471611975,0.3177717543222484,1.0383097470623135,-136.96347800335937
6899,3682,1,1,0.13214675244108187,0.0638210036434887,4.054806568183239,-1.5806530303211659,0.2168505119293331,0.9110994381601225,90.56474785800573
6900,3683,7,1,0.14854345877366534,0.06211001101849443,3.943311845884325,-0.12558014515176477,0.21490005847467836,0.7101002818226058,7.195212423228795
6901,3684,4,2,8.744436673017544,0.601189237908005,5.7439760752632125,1.5279830245900348,13.012401977930399,26.492253057236162,-87.75548494286532
6902,3685,3,1,0.1401851681434382,0.06090325606840161,4.0638636356484525,-1.665634827070079,0.18385832985787093,0.5939868002790313,95.43384601160227
6903,3686,6,2,9.113825096057896,0.6248475413883203,5.745688020790853,2.1115961161503845,13.552466960344946,27.62958129480974,-121.22208747141836
6906,3687,4,2,8.999503549195857,0.591685257944514,5.826178083270928,-0.8264206668799098,13.385453789607357,27.327860333712625,47.578022915808674
6908,3688,1,1,0.08338262423706205,0.03632313878309809,3.903937933835105,-1.4077745219554703,0.13399444643039501,0.3965542070886639,80.65953855336362
6910,3689,9,1,0.08812394979361306,0.05536874420032929,3.8555206276307588,2.765731989587217,0.15496608536941597,0.5480279876869332,-158.46477008387376
6912,3690,9,1,0.22225406626709782,0.08047877534473911,4.056218027964958,-2.358346468022791,0.3687962796952474,0.9251658379836014,135.12329994019552
6914,3691,1,1,0.15007718504564782,0.04234524329779297,3.9275205145418943,0.260716121220676,0.22967614136458295,0.7881687845672399,-14.93793380733572
6915,3692,8,2,8.947610689100191,0.5969655964486824,5.856604791372687,-2.893621374383467,13.309603016105259,27.174268584330235,166.01592007483407
6917,3693,1,1,0.16589122789701372,0.05195768690688934,4.010443411537229,-2.9521370080154874,0.265535895249422,0.9494484566101729,169.14499076183643
6918,3694,7,1,0.10780282416985919,0.0441816528906594,3.9802579168179646,1.8358060176412125,0.19000798257236584,0.5508772755267942,-105.18393710639238
6919,3695,9,1,0.1500203110211643,0.06806633801889357,4.005150325968933,0.2325462326095294,0.25725933801304174,0.5311504018425338,-13.32391816212406
6920,3696,3,1,0.3187884556388083,0.08369158293872539,3.9647906346093413,1.747064869553899,0.4862627543209704,1.3297770382986644,-100.0994456215013
6923,3697,1,1,0.20698928453051954,0.07840988520158816,4.008861818704981,-0.6897345578369319,0.412799089233875,0.886838510509654,39.51888089759916
6924,3698,7,1,0.3192007189800761,0.09500089140929784,3.8663736967514972,0.8958233497501805,0.5321838035301946,1.2605911758904247,-51.326895486865865
6926,3699,1,1,0.1326957692714845,0.06930084999791682,3.9937248205158804,-1.7548582955419232,0.20580993162297317,0.6049639657132752,100.54597447485175
6927,3700,3,1,0.16262043302444426,0.05214061673805656,4.086200809586095,-1.7862610437683915,0.24822306971476835,0.9330532279990205,102.34521968971585
6928,3701,4,2,9.060627124057056,0.6267110298602894,5.9154101134875035,-1.369097067776421,13.474765264581016,27.550795540014082,78.67583847064682
6930,3702,3,1,0.239339975525888,0.10895815613656919,4.04645792121095,-2.300225350862722,0.3986198578920691,1.0950664140815431,131.79320296964738
6931,3703,1,1,0.2129429503463222,0.08325930920950059,3.874006232226576,-2.1847339957413197,0.3755736819224273,1.2051213811730632,125.17603687460964
6933,3704,1,1,0.16188017242041516,0.07152806175501376,3.828756279265316,-1.6800521453408381,0.24736964701088737,0.8872305380690628,96.25989742052727
6934,3705,7,1,0.09680030083109611,0.027366818215790414,4.041356222901661,2.3885520620031304,0.1745711412082273,0.3714978096808464,-136.853952390173
6935,3706,9,1,0.19662837748554451,0.10714681114266265,3.7960116421310213,-1.3655618617303684,0.33193865463932337,0.9986570075588008,78.24093070277613
6936,3707,4,2,8.89966020845833,0.6086961463123917,6.226732612660738,1.7962206162703407,13.239491113076282,27.122158614753843,-103.13585418996401
6937,3708,3,1,0.14787977389309745,0.063617844568395,3.898381051273392,-0.11029601767096851,0.2417972873499739,0.814906197752509,6.3194966519230285
6941,3709,3,1,0.19824348547152162,0.07167209680501116,3.938422743620675,-0.9283278807479703,0.3175541376353455,0.8577592542621006,53.189268359581376
6945,3710,1,1,0.1721154201215231,0.0396352133746824,3.8509321719341743,-0.2935545380392434,0.27629220506159685,1.0389834463800336,16.819437137952956
6946,3711,1,1,0.21039515404344405,0.06548161433662393,3.8309839135072665,-1.4213565905288224,0.3188830708550162,0.8031481421973388,81.43773148259145
6948,3712,3,1,0.14153227295368212,0.043972103153602414,4.054555149128488,-1.9612017137928688,0.2176007550633998,0.5837481122609219,112.36858161378994
6951,3713,9,1,0.12183264639074592,0.0571323823649928,3.903055357892254,0.4499162458726637,0.19935754336865347,0.4304463231750863,-25.77830219509165
6952,3714,3,1,0.1735979350647912,0.04953682729809339,3.9455838414078186,1.3054640174575751,0.2988561837879752,0.9206217968503877,-74.79757751297096
6953,3715,9,1,0.16883907861438754,0.07288598272925097,4.054694212625928,-2.941946006420866,0.2541788524674006,0.695405828874311,168.56109003509215
6959,3716,1,1,0.12233691133130416,0.05685892376745603,3.9413851548406376,2.956732601663872,0.2146818236359567,0.7620968146950577,-169.4082989334487
6960,3717,1,1,0.14935378225232068,0.06436792884106317,3.846555493918666,2.985307337798034,0.2005192453993132,0.8097697553139306,-171.04551090678905
6961,3718,3,1,0.11017107851495554,0.07425451622945496,3.983716385662808,-2.680681268299418,0.18733294306071344,0.7011746651474089,153.59172266690828
6965,3719,7,1,0.2185037719598653,0.04617126251145145,3.9205319925390976,-0.9441698913549194,0.4088913600678205,0.6372372202947099,54.09694852516603
6970,3720,9,1,0.16258917748244855,0.0680273030808086,3.9092941231814438,-2.471117632990643,0.29760441098553475,0.6746389137404372,141.58461010184328
6972,3721,3,1,0.14315933759470773,0.053925483733087656,3.934236486436359,2.4564252711218484,0.2771896355028047,0.6867777030998163,-140.74280058022504
6973,3722,9,1,0.13269176645941622,0.050096643802149725,3.9472435461638744,0.7052100621206077,0.22919982078116458,0.5703910078561703,-40.40556049647039
6975,3723,2,2,9.295866646845829,0.6259314874884813,5.898159874136766,2.8345434492217927,13.818171287433708,28.249195488031503,-162.65863700837733
6978,3724,3,1,0.164350313677473,0.06563393522712552,3.919534782826453,-0.4126033572035698,0.2954455979995701,0.9065734990964854,23.64043141226934
6980,3725,8,2,8.882437071101009,0.6080067819786725,5.9579266315295705,-2.0876957900926265,13.214308646923971,26.96896013653143,119.83485612259014
6981,3726,1,1,0.18329129451554527,0.07431079952334649,4.030047592189257,1.494614239073171,0.3214690344005559,1.0929895363217537,-85.63508604778981
6982,3727,1,1,0.13007250398146794,0.03675704287722793,4.043327351029103,1.9120149833668028,0.21710200730462956,0.7949497349232421,-109.55038937699128
6984,3728,9,1,0.16218113122093697,0.06673503859861703,3.902790811123661,2.7528712013341314,0.25897890340259727,0.9021360927494713,-157.72790119375307
6986,3729,1,1,0.15579835179950405,0.08126098149217426,3.825437665960321,-0.13889510580048997,0.22423015795272866,0.7964268930216584,7.958103070563728
6989,3730,7,1,0.09801457441453924,0.07472701576962401,3.9201701979250414,-1.99788272410656,0.17454933493989871,0.6231833102599316,114.47024826126275
6991,3731,4,2,8.689964012987835,0.6180512788824064,5.924621923894678,1.4045393178058236,12.932660940335923,26.407822002046213,-80.26960079519448
6993,3732,1,1,0.15392198817748023,0.03781782643596183,3.9266493076240137,2.922916709518418,0.2561113532999946,0.7952506018435106,-167.47079067208506
6994,3733,7,1,0.12864002869551358,0.07665508031929755,4.019527023645952,-0.18565135286606554,0.1983338315007861,0.7669253538479712,10.637039129186237
6998,3734,9,1,0.18020236339866375,0.04834252832958324,3.9002991820536694,-1.4244812914472327,0.29004160939353235,1.0293741349841452,81.61676483529884
7001,3735,9,1,0.13692004452692816,0.07539224949224832,3.8975055338057927,-1.2554587476722043,0.23850220967958458,0.7098228328171268,71.93248698175847
7002,3736,1,1,0.18301967378944184,0.09680588375152199,3.9864701308584416,0.4988813960162286,0.3025235362777672,0.9433054252558294,-28.58379932670565
7003,3737,4,2,8.883914067526797,0.605037552887183,5.626262712173175,2.85157492095581,13.216466974600035,26.985860456537566,-163.16439863499224
7004,3738,9,1,0.1609586701359894,0.07192557706077138,3.8734885826054537,-1.7777977492160892,0.24755540256010183,0.8522095160517194,101.86030837548161
7005,3739,1,1,0.4395866185415672,0.1585949102200505,4.191963890947205,-2.640468751517695,0.8191082413515106,1.66422077357837,151.28772949200186
7006,3740,9,1,0.13631681181919578,0.04545381593832116,3.9401644684271497,2.9694208282730714,0.20781798794615955,0.664159761005662,-170.1352807041395
7007,3741,9,1,0.11639570838495572,0.05506044375841945,3.95176444012453,1.2991448378697779,0.19518522802987887,0.496150027401967,-74.43551600857911
7010,3742,9,1,0.12924199075054366,0.06367453747786819,3.9284223400484293,1.598971757619258,0.19915093234480127,0.6700687853680174,-91.61433320579562
7011,3743,1,1,0.1367987287904654,0.029586422617172932,4.079913315666834,1.794785462827841,0.23752359730631387,0.8333856752042024,-102.83363209173156
7012,3744,7,1,0.17790599658547185,0.06013270350512698,3.9374907494792284,-0.5105798532277082,0.2941952163941394,0.7362822062852151,29.25407149121255
7015,3745,8,2,8.830078294354522,0.5996739757517239,5.725646309387317,2.5750898999756795,13.13772286544628,26.819239899407844,-147.75657552575763
7016,3746,3,1,0.21794732497744923,0.07653401716789585,4.008437112744278,-2.505510369743788,0.37611566572409394,1.727126864544357,143.5551689566251
7019,3747,7,1,0.1380265656703075,0.04123981582196301,3.8030009157375853,2.228863811171649,0.2544378186667969,0.7152414437523558,-127.70448970879637
7020,3748,3,1,0.15682691150064967,0.05602244285856372,3.9533255343276066,1.9171110943877296,0.26390183203410195,1.0039650000276508,-109.84237546918969
7021,3749,1,1,0.19297926913324254,0.07171154130129438,3.8929313329148227,1.0673287712362753,0.3551678969118302,1.0692689811373335,-61.153433499079576
7022,3750,6,2,8.887577092399853,0.6103113705512978,6.153281173518979,-2.9169128081426647,13.221827831750005,27.106593810835797,166.9077086331131
7024,3751,3,1,0.15288412778329588,0.040206616001298844,3.9758958526219033,2.926546321412904,0.254960161264708,0.9793560233365319,-167.67875245313934
7025,3752,7,1,0.18947598433428087,0.04415585426785557,3.922855066677478,-2.3825844309604434,0.34428803011621845,0.6327519580026867,136.51203145570122
7026,3753,4,2,8.755276327797107,0.602367747363005,6.000926052252322,1.5332006810801961,13.028268569457584,26.580890358766464,-88.05522320748284
7031,3754,1,1,0.19369518726792065,0.040902323223297225,3.9410592627036727,1.7949709538062457,0.29494004227262927,0.8911007934844196,-102.84426157888694
7032,3755,9,1,0.1651986567361592,0.07782795479151756,3.9209039419469236,-2.7745566409961175,0.30171380319341295,0.7902695561993184,158.9703844123217
7036,3756,7,1,0.15168699217107845,0.05367077008177633,3.9221704517129488,0.9437526951204637,0.2599467819436456,0.4929415949933125,-54.0730459979456
7039,3757,4,2,8.75746751084191,0.6021895949412196,5.79259459229115,-2.9828613433552147,13.031475812068518,26.587897538908546,170.69591114293166
7041,3758,7,1,0.11504305065836469,0.05213817462160098,3.9612178200994577,0.48653895714318485,0.21390885581252841,0.5787504140999682,-27.876629200927304
7043,3759,7,1,0.15272458864228797,0.04069155325778473,3.846405793028923,-3.086302029342279,0.22273811846742275,0.6730308070739744,176.83208044690872
7044,3760,3,1,0.2287664383674871,0.05228039607769553,4.009561788878609,-0.3533786750133551,0.36435186484270227,0.8730030577324147,20.24710741009289
7046,3761,7,1,0.206618781751497,0.06569094643405016,3.9830226606894343,-0.47085167836180297,0.3779270983236898,0.7694448694961992,26.977815434138652
7047,3762,9,1,0.08971153397834156,0.03972206528360923,3.85307889081015,2.590872209511456,0.1399553029841519,0.46204786898384687,-148.44604277253902
7049,3763,2,2,8.787388316938648,0.6078654449991283,5.652219192960447,2.0557721154379225,13.075261288913744,26.675347801541268,-117.99870896721073
7051,3764,1,1,0.14430957533620564,0.05661460563859587,3.98138733200516,-1.0405012437772034,0.26386237486595293,0.45937622247019233,59.616329362703
7053,3765,3,1,0.12741062861502925,0.04944245743135628,3.887671873681917,1.5896326018162943,0.1732402239669269,0.6036137561769387,-91.0792392054681
7055,3766,3,1,0.1729172305974373,0.04390725090244395,3.9496135857930468,2.8965496666938133,0.27316046878040406,0.8388458723485553,-165.9600707129049
7056,3767,8,2,8.913828707487417,0.6050047331926379,5.9944896067767575,0.7305999379241419,13.260211591276825,27.023315621263503,-42.081356321390835
7062,3768,7,1,0.11084087127313873,0.056419612801461586,4.035953566196601,-2.7398149268523184,0.19759532561894802,0.5423921682158321,156.9798315271051
7067,3769,9,1,0.09275107750933746,0.046015915704945065,3.825321856008273,-1.3285472100372488,0.14463644769904707,0.6300229298479058,76.12014791253232
7068,3770,1,1,0.13972395285451503,0.03620386200664273,3.8927884158828903,-2.9746175881448202,0.2191279693267692,0.8510734432924211,170.43303330914858
7070,3771,7,1,0.18085125007356487,0.04570083854605999,3.794611245824887,2.287178788556944,0.3041588066954988,0.5806084384510163,-131.0456911357753
7071,3772,9,1,0.17156256095874248,0.03091102916521927,3.7586687490437307,-0.817977760792922,0.31524493558788474,0.9327955298975928,46.86667338878251
7072,3773,3,1,0.1316218720943999,0.06578167630019144,3.9237632642652684,-0.7955061010469745,0.21239489703239026,0.5731547222898588,45.579142461791385
7074,3774,7,1,0.15473692338709857,0.09172274339931395,3.973709664928689,0.8478116297354454,0.2698155047474397,0.7138715349859525,-48.576027809976836
7076,3775,7,1,0.15556083026807166,0.06668831875448546,3.683493122795548,-0.9201610738684515,0.2680867688002907,0.6481079853783004,52.72134538220378
7082,3776,2,2,9.099885759892478,0.6439509868516884,6.0175162199025936,-2.783770297352085,13.532109172635503,27.69791206518134,159.73372904338262
7086,3777,3,1,0.18328935809219868,0.06262349548551156,3.893842908827639,-2.4646126026798743,0.313076522129037,0.8757728552316337,141.21190047492496
7087,3778,6,2,9.012608283201896,0.6074387646114136,5.957556537442587,2.3524800716409024,13.404603930364802,27.416785193374682,-134.55856053368916
7088,3779,9,1,0.1296412553196737,0.06701233611034321,3.800605728323383,1.9339067216530215,0.2324532133488381,0.7647496332702207,-110.80469359379468
7089,3780,1,1,0.14295118353256928,0.055280880209469065,3.9034560439489843,2.603835757105218,0.280739238074165,0.5352850684268091,-149.18879897745066
7090,3781,3,1,0.12071851509085871,0.04552242305385552,3.907842439441727,-2.2079258375399813,0.21132265735553504,0.706014549385145,126.50483217438749
7092,3782,7,1,0.22153893687806553,0.09610800928866418,4.038753155920756,-0.7118238084361564,0.3679903617662162,0.8980730643192274,40.78449913961535
7094,3783,6,2,9.058616927341982,0.6153210296801603,6.223490459736193,-0.38112343864928466,13.471826838633579,27.514356964822646,21.60456695730059
7098,3784,3,1,0.1945131852279914,0.05400451025778899,3.8172559562330632,2.400755320015089,0.3716951749558253,1.0774316055839253,-137.5531467139762
7100,3785,2,2,9.00089216504687,0.6123593276456981,6.0401750913270185,-2.6566506155660465,13.387481985449556,27.308765580465334,152.44258162313315
7101,3786,7,1,0.10451948873881849,0.061389683208509564,3.9256836127952566,1.2727947928836132,0.21601303401265906,0.6075445318008506,-72.92576954667157
7102,3787,3,1,0.14287424845289207,0.06607993464055438,4.103103444142358,0.7086485896123301,0.26585628228118613,0.9525482793081986,-40.60257282603388
7103,3788,4,2,8.588163311314656,0.6118836550609433,6.063951894374997,-3.048817782052179,12.78356530171122,26.069463391600806,174.8817531143633
7104,3789,2,2,8.708886670519513,0.6255824354140407,6.034484336257128,1.581185881760442,12.96036321517007,26.416153174972443,-90.80121209733352
7105,3790,7,1,0.10088994163178563,0.02762946977777394,3.8717515583875928,2.7137290920458357,0.19791321169118156,0.5709000242710283,-155.4852234230239
7106,3791,4,2,8.862710827852847,0.6046283174135085,5.686766892953465,-2.3209511250940333,13.185456942742212,26.90705752372611,133.19792508778673
7107,3792,3,1,0.14826500397457795,0.05225516775546463,3.9980243507246547,2.4032404811521526,0.23901954877908238,0.6962496188750371,-137.6955365720376
7109,3793,3,1,0.1618366364716291,0.06228870720332331,3.8667511811895965,-1.262374985194366,0.2670516428145481,0.6970515369495496,72.32875782130213
7111,3794,3,1,0.13627673676249977,0.06087837609742175,3.8249139534105923,1.5267820723288927,0.1978362904525772,0.6106071435388867,-87.47816887715277
7115,3795,3,1,0.18900891218213167,0.02202162703098754,3.8165790986681936,0.9153595916600747,0.3486770400599658,1.1938833274701073,-52.44624071774178
7118,3796,1,1,0.09924646833709605,0.05471318852396462,3.9146185085991974,2.502014704008768,0.16643527512339226,0.5650295651316966,-143.3548828706804
7119,3797,9,1,0.2245649202549557,0.08140124929616437,4.14627313654299,3.0676833724828962,0.3534405913048817,1.019051845320878,-175.76530929284408
7121,3798,3,1,0.2363837215197865,0.09896104087350766,3.9471406606434725,1.1194665777980979,0.4009200956752215,1.0765537108850314,-64.14070781427077
7122,3799,7,1,0.14580421216402695,0.05998736051189328,3.9257034700430182,-1.2067710064181678,0.2557205448273008,0.7560000603889895,69.14288501976479
7123,3800,3,1,0.1970592630295434,0.059195746683368314,3.9924579063969277,2.8514470161117003,0.29051312818948755,0.8515676504376922,-163.37587851510494
7124,3801,3,1,0.1081608226926626,0.045107265345001694,4.034276398107469,2.6950116823154806,0.17877245489095653,0.5157996411105369,-154.41279486971274
7129,3802,4,2,8.976857536548607,0.5936165038475577,5.854168105167345,-0.12846741838589687,13.352354502448451,27.263216300122227,7.134776531581114
7130,3803,3,1,0.1269031345155955,0.06358868221815145,3.7893316629192326,-0.4514722890490532,0.22671021038903025,0.5701175387530961,25.867457037816838
7132,3804,1,1,0.20099681890434712,0.058061636385016976,3.9528561949056367,-0.09526791246927482,0.2715198472961474,0.9181732992053454,5.458449633129727
7134,3805,7,1,0.10748754193119259,0.06726332025546722,4.032679061530274,0.4709304730896238,0.18450068528145755,0.6710766630807314,-26.982328906968405
7135,3806,9,1,0.13340258016586806,0.04883394566151338,3.9729432646817244,0.10183247896735938,0.20344059001854112,0.8172800685241371,-5.834571538126171
7136,3807,3,1,0.13208129154235568,0.05855989972099564,4.271626826855804,-1.51649399541779,0.21768764800362458,0.7955591411277739,86.88870552010886
7139,3808,9,1,0.16472668823762762,0.052047488703828006,4.023122894713863,1.8984327126563625,0.27116277418771095,0.8693023894698467,-108.77218247361319
7140,3809,3,1,0.1519634577335127,0.041956651163540755,3.8389464842234715,2.4406166973900802,0.26625402106552487,0.6149859046925243,-139.83703577899584
7144,3810,2,2,8.965868847966995,0.6311575993433931,5.94202244977311,0.07444445006487131,13.336291892119082,27.2634112814238,-4.490375063513318
7146,3811,1,1,0.22039029928689988,0.0863671771809297,3.9237278819107564,-1.639392927543756,0.307780066372627,1.1664414376445806,93.93029657049176
7147,3812,9,1,0.14512715306735907,0.056801408014805925,3.8962686826625634,-1.4772713158223012,0.20689069772277857,0.6668001500566256,84.64141143089563
7152,3813,1,1,0.18837383542036348,0.07028519057530926,3.8762998588433604,-1.8525168631777522,0.34007342260224327,0.9129788665387019,106.14139867760387
7153,3814,1,1,0.15850370044366696,0.03781786127499939,3.8997578730495546,2.4033395172330456,0.26211655896657043,0.9358561887704936,-137.70121130241955
7154,3815,9,1,0.06707318751867097,0.041687392326388135,4.091746012080641,2.434471822268035,0.10926077858127563,0.41477601343889126,-139.4849607920708
7155,3816,9,1,0.13026475496566928,0.06492288067349158,3.921172152534639,-1.8076149072707957,0.19900477521263119,0.6724993548988659,103.56870537724785
7162,3817,3,1,0.10733429023931808,0.03384400349714647,3.9566061955797003,1.3602650051159022,0.16690137829862617,0.5177171010626455,-77.93744375308206
7163,3818,7,1,0.15996782798033976,0.046548118343933964,3.801231115798285,0.19714943131260976,0.23990912232067793,0.6653848050362173,-11.29583113654545
7164,3819,7,1,0.16325483140018077,0.06511830908715104,4.028571837712404,2.8322019446025584,0.3015121840834868,1.1293606202630155,-162.2732171710158
7166,3820,2,2,8.71632724599163,0.6195315818384207,5.962341543436646,1.1837501650751379,12.971256114454034,26.4940479013593,-68.0303594176344
7167,3821,3,1,0.13486015183975691,0.049787001180952056,3.934854911348988,2.5530290665439677,0.2597364871479001,0.6383715242344239,-146.27778994968662
7168,3822,9,1,0.13771021791367752,0.05077442513745278,3.973735964886676,2.041324138255502,0.23632092833334084,0.833369242237037,-116.95925797808627
7170,3823,7,1,0.11207828472991452,0.036135252443337054,3.8656052243174592,-1.7653127838625522,0.19348380211453503,0.5681050796308511,101.14497235908894
7172,3824,7,1,0.09277623903219719,0.03557965932850027,3.9442566845681517,2.6968598977916063,0.1607093546570781,0.6367914144051247,-154.51868999267188
7173,3825,7,1,0.1794346845084018,0.042226527194623,3.848933064338212,-0.42884590473983847,0.31352687279996305,0.8848943575293255,24.571058843612267
7175,3826,7,1,0.19508141927054476,0.07294446103355749,3.8716305419180927,2.8163482335396237,0.3161539030993046,0.9047383709995684,-161.36486579112344
7176,3827,1,1,0.13006041018529288,0.04538648606581102,3.976772447600035,1.5687584671901098,0.1925667981638985,0.7338779355484347,-89.88323914211973
7177,3828,1,1,0.12085719253600527,0.04759254032967506,4.02830965018355,2.8594695682401574,0.20852899497447108,0.7038844020428198,-163.83553784270396
7178,3829,9,1,0.11813541315706179,0.02666341967370042,3.939053038128322,-2.4235285326639158,0.22988308405940805,0.5092209702470483,138.8579562280074
7180,3830,1,1,0.15983586042060363,0.03430123885349062,3.931544877535196,0.9040683313907543,0.3063150770943242,1.1229292719543629,-51.7992991443753
7181,3831,1,1,0.221918256435911,0.0506545385920986,3.8491043498584303,-3.1274414358952813,0.28979729704914176,1.0228195183182824,179.18919487002933
7182,3832,3,1,0.16504753609820122,0.06091477588204613,3.916274826629742,-2.0379353947737564,0.27764896347605617,0.6965264262760914,116.76509748119041
7184,3833,7,1,0.14738810494549415,0.051696552234377885,3.9731750474851006,1.4944149779883906,0.2020223603529799,0.8218562255817291,-85.62367129016516
7185,3834,1,1,0.17906177300285941,0.08440620547411887,3.9767655150969192,-1.4607159266891794,0.2977689897216357,1.0802733634365453,83.69285665880768
7188,3835,1,1,0.1603229217257495,0.046547724182826385,3.949346888782299,1.4855807269915755,0.25687611920749526,0.9638195275040933,-85.11750525162724
7190,3836,3,1,0.1569842910051031,0.06769062082943333,3.9343940391479677,-0.9431082759665267,0.2757120593256678,0.8757900121796447,54.03612409659081
7191,3837,6,2,8.98404197368465,0.5961232778430051,5.799543083777713,-2.880258687595145,13.362858228015863,27.305859017817564,165.2530827535212
7192,3838,1,1,0.13756676491896389,0.05552891590022411,3.8214307315935967,-2.562876452085969,0.2619094421505243,0.6948450912842402,146.84200329168112
7193,3839,6,2,9.225240252814128,0.6159706899159859,5.763080503997721,-1.3593661954275083,13.715122117581922,28.039742918745972,78.13142380267809
7194,3840,7,1,0.13651048048455794,0.04056669816892982,4.054119627282658,-2.5193557138897105,0.258537624866162,0.6102149554032017,144.348449263106
7195,3841,1,1,0.17233118646708057,0.07131622188644747,4.024097941712607,1.509301597123535,0.26910296959822416,0.990999660017482,-86.47661120869182
7197,3842,4,2,8.591175029938967,0.6055321639409321,5.48178265332565,-0.3884775402123419,12.787982899317102,26.119000388745203,22.06055106817239
7198,3843,1,1,0.15184275059915017,0.04418436027354976,3.834312449662078,-1.3963758243014435,0.2385451493711072,0.7110069633632733,80.00644058559402
7199,3844,8,2,8.979509625348909,0.6089833221568479,5.926647678287249,-2.7635417621913594,13.356231838316662,27.326317204574444,158.56534742320932
7200,3845,1,1,0.14162959878011513,0.04903621996457694,3.9294249709441784,1.0921952311222678,0.2334999797765055,0.6438152561147708,-62.578176593703496
7201,3846,3,1,0.22201678649138873,0.08702897887578662,3.7645903612519094,-2.9669097989961237,0.3636483543463462,1.1765495812295705,169.99140799799508
7202,3847,9,1,0.24118298890373466,0.0672083709731744,3.912674311959273,-0.8048509874290511,0.41317238831025727,1.0606757441099606,46.11456310072971
7203,3848,7,1,0.24878849830548513,0.09415309410185324,3.90420386613257,-0.8602484156021253,0.46690157422882,1.712785085892529,49.288600550745066
7205,3849,1,1,0.1367459156552444,0.05732842466185225,4.085137357112363,1.2695077604426876,0.18718652087634655,0.6752001488466622,-72.73743649910143
7207,3850,1,1,0.13772096814135362,0.057555581169403715,3.894134760615428,-1.2957934124342783,0.2325613882131554,0.9608702871048251,74.24349354038998
7210,3851,7,1,0.13140033934774498,0.04240055834095364,3.9405156956068774,0.6234190799131492,0.2277440341362279,0.7241247074015262,-35.71928208887631
7211,3852,1,1,0.151117246011615,0.05942533849077099,3.9021201364215328,-2.777349982514928,0.2582713669524729,0.860021126169097,159.1304316420593
7213,3853,9,1,0.14204743776332845,0.059625297444911504,4.108693088965752,-0.5576871480902643,0.251249664966909,0.6828025588472421,31.953119658042084
7219,3854,9,1,0.19433467585296332,0.05115467370743746,3.8653510580372528,-2.1037890372307557,0.36055228576412085,0.7377214562330897,120.53823412563193
7220,3855,1,1,0.2341800347663328,0.07254143621604454,3.9275407356447403,2.322257567984701,0.42367205417651566,1.2768085769327686,-133.05555636350906
7221,3856,1,1,0.16332873072226212,0.058363226115778946,4.064404469477568,-2.523656313443386,0.2714516190786892,0.8573526239277938,144.59485586554865
7224,3857,4,2,8.743321602074433,0.6047487812692224,5.888364144371922,3.0289207772678575,13.010770649979404,26.52382437376335,-173.75280247440756
7226,3858,9,1,0.12811673699686646,0.052374571239786415,3.799615536005458,2.625207681293203,0.2156707983983252,0.5880609682277661,-150.41332036038088
7227,3859,9,1,0.11748061212582704,0.05172654492225794,3.8029737447935177,-2.630158786683413,0.17144348174950144,0.5979584888994771,150.69699775817625
7228,3860,7,1,0.13805986125327402,0.03071377071477524,3.805140366594093,0.9171840163503516,0.23653625726461297,0.5219903135611529,-52.550773228054005
7231,3861,3,1,0.09282787716858168,0.03630969332582306,3.9545148475920904,-1.4042370033248937,0.1531017000082824,0.5293933802079436,80.4568535433592
7232,3862,9,1,0.11016066621062928,0.06351745133811434,4.036052118715178,2.4674658848461744,0.2022484998906363,0.51712596275212,-141.37538161143596
7234,3863,1,1,0.05947904067223726,0.035073237102257876,4.210738880132802,-2.0985008728914,0.10852956874674466,0.47529400166463937,120.23524335865456
7235,3864,7,1,0.11437542716442282,0.02289259011012992,3.8595878086321127,-1.2150462112478175,0.20334896178739897,0.8416838490771497,69.61701969392043
7236,3865,1,1,0.23988698741551845,0.0502557295132646,3.9465925856506616,0.8760078672340419,0.41712039567948467,0.8995473342345593,-50.19155425277666
7242,3866,7,1,0.13895244124148848,0.08167838426435316,4.11106521014712,-2.239299138878896,0.26303238639074983,0.7368689363431481,128.3023894941481
7244,3867,9,1,0.22142364562547034,0.10839934748786016,3.898048030810466,-0.9053355016354255,0.348992281487732,1.198200923403834,51.871904164851905
7245,3868,9,1,0.21799507474247282,0.09269739900731526,3.8889678603523157,0.706775231471339,0.3900504204183294,1.0495594238074457,-40.495237037124994
7246,3869,7,1,0.1394502700171639,0.04567828959852689,4.009419726023891,-0.31010050185827676,0.2262465998212076,0.6528804449047915,17.76745072389673
7250,3870,7,1,0.1364223792940109,0.05546653518056479,3.8930096359743436,-1.323438462769135,0.22984482158418995,0.5807730951207141,75.8274377454845
7252,3871,9,1,0.13847229609170655,0.031247991373658253,4.029301628995452,-0.33372067644036146,0.2596502084595418,1.0661749980201776,19.12078672156375
7253,3872,7,1,0.11390870701483087,0.04855252872924729,3.8603476005370707,-3.140099630845089,0.17945454782270132,0.625460120634723,179.91445618695084
7254,3873,3,1,0.16297884574649504,0.05774116955275604,3.9542356294720507,0.24912600567668902,0.2635649016265266,0.910943693844419,-14.27386959878479
7255,3874,3,1,0.18857541346837065,0.08163508080174887,3.955215766850361,3.106922494016757,0.266202346224371,0.9910953394357354,-178.01354652791275
7256,3875,1,1,0.14859341297008702,0.07207449212461875,4.050647947259362,-2.8141634040182986,0.23261143553863162,0.7338557552358453,161.23968543767316
7258,3876,1,1,0.3152019002678193,0.07245714775058103,3.9632035990771457,-1.4378669622832252,0.5039235143592011,1.5967842119685332,82.38370101234175
7259,3877,2,2,9.01051665237834,0.6260579035726592,6.089371681430016,1.2815511096420067,13.401546083196891,27.38431238160737,-73.19901265350087
7260,3878,3,1,0.13586351023481216,0.06651657689383024,3.9333609779863687,-0.51224534010449,0.2225252214959994,0.7211532774000193,29.349496482951455
7261,3879,1,1,0.12146638260906126,0.06503368124119616,3.8497264003889526,1.7061126642284041,0.18420607510870624,0.7360019976871492,-97.75305523073638
7262,3880,3,1,0.12048120522811231,0.03157944574468311,4.010682723675704,-0.20955941079149357,0.23356993968737202,0.8450427880725486,12.006870120473497
7263,3881,6,2,8.827022238173168,0.5977494364716146,5.6115852255847525,0.4406553352735771,13.133254202944507,26.845286256001117,-25.033125101543284
7265,3882,3,1,0.13237709874976142,0.031800938678996374,4.025444159927086,-1.8719309971965763,0.21297457985063262,0.6839925904107085,107.25374608764517
7266,3883,7,1,0.14817499511929366,0.05365393018197338,4.04453908593504,-2.4034850220612953,0.2955869821523359,0.8221258812047145,137.70954714093003
7268,3884,9,1,0.14994116107542668,0.04767370107443028,3.8752065472403805,-1.5872111597429015,0.2201792858007976,0.7669187759105554,90.94050109865302
7272,3885,1,1,0.14334539814565825,0.08047764752764436,4.064486482325445,-0.8100889986124151,0.255343928993186,0.8583004735640004,46.41468135505142
7273,3886,7,1,0.1442112730107387,0.05016767489158308,4.02253526621183,0.9897033745122309,0.24074133034998005,0.6358357564721698,-56.70582602691557
7279,3887,7,1,0.13911642909232325,0.06034499439447493,3.883564532888297,1.6983788737949084,0.2110371432963143,0.7766054600947915,-97.30994172511777
7280,3888,9,1,0.12692623355193788,0.04607251581566538,4.081016033523241,-2.372514621427756,0.23287864593779184,0.44088396261472457,135.9350743989621
7281,3889,7,1,0.18864084494887,0.057852249787385,3.902109535575923,-1.375672958258834,0.28734371846168855,0.9003895252208655,78.82025324136065
7284,3890,1,1,0.16939768345989653,0.08204207118124808,4.024723438671181,1.8858062921730836,0.3127239279833932,0.96729923224293,-108.04874121347875
7286,3891,7,1,0.09732574986596063,0.05307543646346432,4.072066581936678,2.7567944971257656,0.18672553976924675,0.45135716106844853,-157.95268945299222
7289,3892,9,1,0.1547848452901862,0.046333608180881426,3.7655740525752073,-2.5317029505267317,0.24308910450107524,0.660638372163714,145.0558935188592
7290,3893,2,2,8.977217299776678,0.6229392763566295,5.923673634535258,0.405324429805469,13.352881614438136,27.30889357167238,-23.449271145513475
7292,3894,2,2,8.919725770940701,0.6034309303596751,5.788827114095682,-1.7644687210988255,13.268838621449186,27.121562927708425,101.31812033679596
7296,3895,1,1,0.16377192957709902,0.056550309607577974,3.7143164848850554,-1.9050329356775648,0.2509970888274614,0.7962768291170919,109.15034787244112
7297,3896,9,1,0.13266824799286564,0.05546885157275959,4.124653467737568,1.0188804142311005,0.23909848102664105,0.6674051099574141,-58.37754742547946
7298,3897,6,2,8.686409913885477,0.6275968032844649,6.032227234335172,2.7014981473874426,12.927453772063997,26.484767212565828,-154.58012272466388
7299,3898,1,1,0.1737595511734538,0.06085956796490336,3.839231500617393,0.7463403241897144,0.3291831902728145,0.6058645789511916,-42.76215003149466
7302,3899,1,1,0.16312846867534872,0.06994619477413062,3.90181211531076,-1.8343343857954797,0.25517786839195666,0.6821915373158168,105.09961881586145
7303,3900,7,1,0.1863593426810391,0.057645181499820855,4.034821541286466,2.6556674429773777,0.3096248698964831,0.8876654393244962,-152.15853567120985
7304,3901,4,2,8.993480499744836,0.5945558590103135,5.92720756219895,0.023354020772304175,13.37665120938715,27.322949019941557,-1.5652291384282455
7309,3902,9,1,0.12021076228321255,0.05470607591568314,3.917218292697784,1.9148642518928394,0.20178998180591717,0.5864324774895016,-109.71364017488877
7314,3903,1,1,0.1592707082137624,0.07811048689845128,3.989887480693414,1.537145784907595,0.276745360572433,1.2723631698039395,-88.07196605863017
7317,3904,7,1,0.17043925891225067,0.04601033507818419,3.931810093217524,2.937169008491504,0.2607708738099586,0.8586578876684665,-168.2873874199851
7320,3905,1,1,0.21566953202953879,0.05195923190215409,3.9025803983974456,3.0593588894527612,0.33782577466913977,1.019630300650608,-175.28835002418242
7321,3906,7,1,0.09853030907101339,0.05232724953358181,3.974845686791634,1.7514440178510913,0.15401395159214168,0.624152602349735,-100.35035034964875
7323,3907,7,1,0.13421400946588516,0.036759013314249245,3.8837751693946894,2.900652494445832,0.187472850106841,0.7802966253184513,-166.1951456655114
7325,3908,3,1,0.13554510548654913,0.05224770651276669,4.089066598100144,1.7914838505944501,0.23429987173576974,0.6971746863503837,-102.64446392933368
7326,3909,3,1,0.12415568418569699,0.04556515307104243,3.980395960596108,-2.4996100886000394,0.1983394166462695,0.5016360667990274,143.21710838672595
7327,3910,3,1,0.17616338216293198,0.046304896086719956,4.102414456983216,1.0320784945832548,0.30599593015720083,0.7440707598592748,-59.13374100428802
7328,3911,3,1,0.1297704904843831,0.06168770966352551,4.028410786010047,1.8602613900887217,0.1990470557547234,0.6516021112939531,-106.58512689311283
7330,3912,6,2,9.128828331772263,0.608527558577267,6.032716130188108,-0.2873352948766397,13.57437803062227,27.738257067009027,16.225367556551262
7335,3913,9,1,0.15558244437298904,0.07983095437265736,4.079050223831089,0.042894737370952715,0.2350333862027609,0.6957043787405397,-2.4576876709000803
7337,3914,1,1,0.1793116483310815,0.04746057068248357,3.9379593787797105,0.4292758761303996,0.33217295661749313,0.9155696391231202,-24.59569625916709
7338,3915,1,1,0.15893659124419637,0.05987736847842838,3.9202284453992675,0.2577936765633531,0.2561892720016014,0.7634944722392104,-14.770490722272587
7341,3916,8,2,9.217239681948204,0.611540229315048,6.111917746065887,-2.552184551466179,13.703446480610163,28.11065485225853,146.47423211993086
7342,3917,2,2,8.98663480144762,0.6123147058939022,5.904161907831598,0.8707760057140757,13.36664370659467,27.42631213619571,-50.1184054702624
7343,3918,9,1,0.15338812818449932,0.06699266922430358,3.958404733345211,2.5853649405166177,0.2954863267357961,1.2580784295957714,-148.13050043297486
7347,3919,1,1,0.1671769484156395,0.06473148857246275,3.897351255614211,-2.607486594620117,0.3045033502997443,0.7376656740108162,149.3979758482441
7349,3920,6,2,9.119287229100825,0.5991770897334376,5.9990798672320995,-2.849676732932194,13.560444264143566,27.724832391510994,163.51142456985477
7352,3921,1,1,0.16458168643886645,0.054084094931410275,3.8927472795040776,1.857574828946457,0.24372165549045224,0.762876848601748,-106.43119863327043
7353,3922,4,2,8.745468891287468,0.6028544983201329,5.77878435570999,2.9030620666266262,13.01391349863705,26.650519389605254,-166.12462259488927
7354,3923,9,1,0.171978322805521,0.040745884884104654,3.9197614035795496,-0.2753391103001913,0.27375670006676667,0.9966351041857163,15.77577002183849
7356,3924,9,1,0.14815580230416178,0.03427318018139977,3.969117976864223,0.10906539327562506,0.2702332941546498,0.938589686237305,-6.248986365726118
7357,3925,7,1,0.07823181551052383,0.030266134328238967,3.9362846416390243,-1.2912209367493082,0.13917031277269754,0.39952156857817006,73.98151003697679
7358,3926,9,1,0.14208867715266246,0.062103194913836875,3.853248021239014,-0.17116076352758966,0.20850881774005423,0.8085384094186367,9.806789501116793
7359,3927,1,1,0.13538563782886234,0.07370815849510623,3.957981719480992,2.717570296139508,0.2249156496044355,0.8875871500587696,-155.7053084276965
7360,3928,3,1,0.19967139570492584,0.07022090011619546,3.892123001398572,2.1260262088867683,0.35909264446790956,0.8271560916669451,-121.81233019375536
7365,3929,6,2,8.71636225642073,0.6287344785357732,5.681662455219142,2.9811315736692703,12.971307287194918,26.455617888625255,-171.0127308359257
7366,3930,4,2,8.748542205763464,0.6012113062008148,5.74428852269114,0.40789734103029024,13.01841112973272,26.549594083557608,-23.161991218051575
7368,3931,1,1,0.15264606634892963,0.0973441678323807,3.9549606831879074,2.789871921514523,0.25695519810623135,0.8678856654946357,-159.84788603964537
7370,3932,6,2,8.795576642320817,0.6137708760794057,5.914094246199153,1.51335686317215,13.08724415051428,26.746257825608218,-86.49671647072066
7373,3933,7,1,0.14716669185028716,0.07059153608694725,4.00932941919559,1.1793271797864755,0.26576651645007804,0.7238622545435668,-67.57046916924081
7376,3934,1,1,0.17440809017940537,0.04223899949599748,4.042758652995919,1.4116833125646822,0.2612434991063961,1.110140503836032,-80.88349562733227
7381,3935,6,2,8.884612481486064,0.5987157092973562,5.66382135700009,-0.26710154754703064,13.217494114814743,27.01901304484167,15.08492974352918
7383,3936,3,1,0.1735432013559858,0.04385095560459311,3.830549682430905,-3.0206959928304666,0.29634481477951263,0.9289819084284602,173.0731314150284
7384,3937,8,2,9.027492328052189,0.5914541085719145,6.078372583979149,-1.7372110900470144,13.426353859370122,27.424163944005826,99.3050911158559
7385,3938,3,1,0.16651833556324702,0.023544512375114863,3.815255164301786,1.1953390616576454,0.25625914239745745,0.7640894198469595,-68.48788237505943
7386,3939,6,2,8.660349460534162,0.6068857367617054,5.80623049151465,2.5917265357640726,12.889296937119026,26.301120911479668,-148.29253426593965
7387,3940,7,1,0.15484708519357274,0.02297675292806226,3.9160415728577314,1.3610528113831373,0.2255812400510991,0.7112876697323066,-77.98258159039351
7389,3941,7,1,0.16101875451048384,0.06330055095277522,3.855688014028442,1.5220166452352817,0.21966553338577452,0.6819458759588952,-87.20513000373016
7396,3942,3,1,0.1488151996106244,0.0732043096291738,3.9930594428114032,0.23294276758036736,0.24436413886133526,0.8339537592222012,-13.346638083619865
7397,3943,4,2,8.94886505079797,0.6171091482665492,6.074717426594062,-3.1184863653155883,13.311436166890983,27.153163960469673,178.45238376327714
7398,3944,7,1,0.11012633498652177,0.06391652204959943,4.049811094949831,0.6824973163795027,0.18799785048787562,0.4480065799912712,-39.104215662976074
7399,3945,1,1,0.12613555187799838,0.040196056581111084,3.859804513945938,2.3591812683219904,0.22841210777538862,0.6113596637294405,-135.1711294740564
7401,3946,9,1,0.148768124439737,0.05678185663969416,4.030159330445055,-0.5519169926469487,0.2767514843454518,0.5285054031367596,31.6225147121385
7403,3947,7,1,0.10576134533095684,0.03506225862487856,3.8992264882375,2.8661289998747392,0.18915105223655895,0.58336204939946,-164.21709490147197
7406,3948,3,1,0.1580061306590659,0.037348791374945046,3.9293732771799155,-0.28146436079865716,0.28161466114604744,0.9464484153136963,16.126719982815313
7408,3949,1,1,0.1272388949192055,0.05306983834733135,3.9180297466943714,0.16730594772245777,0.19589258374925334,0.5627484402097844,-9.585924899237346
7411,3950,9,1,0.19365169892175502,0.05347041251726438,3.8020266133880996,1.6092324732977237,0.2323368584421882,0.8955620299401934,-92.2022290701268
7412,3951,7,1,0.2045525362074015,0.10936840514494933,3.933882242759109,-2.65360716401945,0.321043701132055,1.1161060378345844,152.04048946085754
7414,3952,1,1,0.6135729179169482,0.16834767278157756,4.07288375596599,2.473499657065546,1.0804777629845843,2.300428397321682,-141.7211228991087
7416,3953,3,1,0.1752781272280733,0.06901471486846655,3.864051516798095,-1.8739027688239238,0.3102814852721579,0.9296076557418453,107.36672139273475
7418,3954,3,1,0.1524720031036536,0.03984432774203996,3.914850917069578,0.359135894035449,0.23514349390014788,0.6817751137460001,-20.57697188829429
7419,3955,1,1,0.17079549364462204,0.055338945403765515,3.870390021213815,-1.8342934192150535,0.2772728572473004,1.0314480345407602,105.09727216616923
7424,3956,7,1,0.17726588566514365,0.041180179054865464,3.8767945091968046,-0.3305225551256009,0.26967852463815695,0.9839007818703575,18.937547236487408
7425,3957,1,1,0.14394293448911513,0.06773188277977261,3.997469363572205,1.2829698931080677,0.24164440750970675,0.8141246126523196,-73.50875944333661
7427,3958,9,1,0.16672152909162163,0.06453643053330764,4.0046015936598645,-2.92171288839422,0.23875289852562429,0.7721081261171276,167.40181710966974
7429,3959,9,1,0.18784927604764654,0.08602575772150556,3.840015577635678,-0.3732303572322998,0.30757961340309997,0.9948598502641689,21.384525286213144
7431,3960,3,1,0.1378348613740934,0.06469529216948437,3.9794176086864517,-2.641381421026349,0.2368957588548352,0.8339033667355746,151.34000728508093
7433,3961,2,2,8.73460212721099,0.6089014913554255,5.787186509826498,0.12946836491819266,12.998010420485464,26.613224686989486,-7.210198211722782
7434,3962,3,1,0.14933995557530416,0.07623418653742445,3.9136673137536677,-1.8240710339799446,0.2886577860533768,0.8542275849872929,104.51157253359685
7435,3963,9,1,0.15108810165795314,0.04323368653145657,3.987364586533507,1.276820025587458,0.25903557049774445,0.755979045978869,-73.15639838657134
7436,3964,2,2,9.111907755619992,0.628161293981307,5.884092617785804,-1.6473391374297623,13.549667584285674,27.67299360703493,94.14918983788213
7437,3965,4,2,8.992121884540143,0.6406491864737819,6.084349815576951,-1.0419158875097292,13.374663923179291,27.389310790743565,59.470345272657156
7438,3966,9,1,0.2084587012089563,0.060241506942294874,3.8862085232735892,0.874082832188083,0.3663949790289957,0.7207111615269434,-50.08125565321636
7439,3967,1,1,0.23485888787397904,0.09748861997076175,3.8590731767398205,1.040788103666149,0.40928629405411626,1.0161345912147415,-59.6327634555293
7440,3968,3,1,0.20775537522799675,0.07969148633039558,4.029590781651629,-0.1939698973969248,0.35311735264156674,0.9622437950981652,11.113659195737812
7442,3969,9,1,0.14064774693262608,0.06442642232400163,3.8638356345732894,-1.1532798774310937,0.22536471785083054,0.7220651634053766,66.07806960296932
7443,3970,1,1,0.1145844038663304,0.04723777404674035,4.045555419141461,-2.207354617839634,0.2048912655276944,0.6508634146477821,126.47210368465734
7444,3971,9,1,0.22653455518836754,0.12458804788542101,3.985736179904791,-0.5674231150167397,0.3595575168157868,1.0117036015533871,32.510950645690706
7445,3972,9,1,0.10426452867075525,0.03089268086459487,3.910412695215417,1.6990568312017118,0.18264694830647865,0.6145162430797891,-97.34878556973378
7446,3973,1,1,0.11969253154787293,0.07624178481381759,3.944874799511653,0.5614583324300836,0.21887268685537406,0.7104593103603348,-32.16919290761342
7447,3974,3,1,0.1530839098955503,0.06797687677756342,4.00466693145447,-0.07070106249402129,0.27061066913083176,0.9803651108354126,4.050872482334097
7448,3975,1,1,0.16178143124955366,0.04345997590029566,3.819268103645546,1.9516249005025073,0.2632265708788105,0.6217956000726418,-111.81987095228712
7449,3976,7,1,0.1859393234638289,0.041142828432445794,3.996231947341034,-1.6572274027073117,0.2643303880196717,0.9027378182858344,94.95213574951097
7450,3977,1,1,0.14473964000733414,0.04898255023873297,4.112266608502464,1.4184201302461037,0.20468523177565745,0.7017092031843127,-81.26948683899963
7453,3978,9,1,0.13802887500074384,0.06460849092644498,4.048192225888918,2.23796722252956,0.2419651908281513,0.6443648723164223,-128.2260770396052
7455,3979,7,1,0.16018469638507235,0.04912376330588113,3.891335119354153,-2.189636339737177,0.2845110008018767,0.6387825977653081,125.45692168721466
7456,3980,3,1,0.2148974912410112,0.07386766827741137,3.9024281527083113,-2.728881779289022,0.36708304674323083,1.1097945562410068,156.35340673990757
7457,3981,7,1,0.14779718758440244,0.03221198699879762,3.9114543326395017,2.1262181439245444,0.27811970317477297,0.5890532820523371,-121.82332656573573
7458,3982,9,1,0.12458189742588989,0.04784608358961425,3.8861072695935177,-1.744222281378003,0.1995447007930631,0.7482849468145397,99.93657552211654
7459,3983,7,1,0.17663099182448988,0.08516544435066843,3.9067957972412253,0.901744834717707,0.28811263345672666,0.8585934165856236,-51.66617246787604
7462,3984,9,1,0.15675368200843465,0.07013175715757558,3.9899873254328058,2.5280338721938915,0.2598612340467512,0.953227421197985,-144.84567111933526
7468,3985,3,1,0.14611676249435923,0.03516414300437341,3.8338499543687634,-1.4066338205390936,0.19860849351590598,0.7725658369876766,80.59418115998133
7469,3986,7,1,0.15709818595426256,0.0339558961611566,3.964039996060663,2.706662455549672,0.2827692741957201,0.8492056729957878,-155.08033494704472
7472,3987,9,1,0.13274730321637607,0.062449719164110684,4.068248946241381,0.21070861482615905,0.22110976567462776,0.6455024539959932,-12.072714679968442
7474,3988,7,1,0.16984733544792358,0.04244586324593546,3.9537815579229196,1.5667862944075528,0.24083624517406826,0.8206479280188109,-89.77024165891952
7475,3989,1,1,0.14451455911368907,0.04539671117676708,4.040102205475547,0.6282403248765048,0.264475327303325,0.7969865896502567,-35.995518515034604
7476,3990,1,1,0.1692021852745586,0.03570703072092682,3.895140317429538,1.4359037726979855,0.21651278402076657,0.9043160257817797,-82.27122570053812
7477,3991,7,1,0.2353168374005671,0.06468436034444074,3.8983107932831174,0.12597909383153258,0.3481764962879703,1.1343956265355613,-7.218071830493435
7478,3992,2,2,9.010058879238503,0.6003338290219802,5.836390457507134,1.7647819470759871,13.400882804087132,27.431877511247315,-100.88613568873394
7479,3993,3,1,0.138846263495069,0.05223922070885715,3.8852429828394115,1.8467152192801444,0.22239911969701603,0.607092678930556,-105.80898861987572
7480,3994,4,2,9.032525799768296,0.5995615388266868,6.047384541873647,-1.525727251167702,13.433708140947761,27.456039693636825,87.64789563877025
7484,3995,9,1,0.21561949590215296,0.10214639553831208,3.914184455546825,2.760637634668258,0.33057261701717167,1.0454100571547498,-158.1728833941555
7487,3996,1,1,0.15978271386482895,0.051627887265299204,3.946055524105276,0.7336453188927854,0.2852646704469258,0.958607005420694,-42.03478089601998
7488,3997,4,2,8.901599623793157,0.6142948119130702,5.896162445414024,2.0160703544026335,13.242329558264833,27.047896956493165,-115.29218250720335
7489,3998,1,1,0.19772467551164327,0.05828102361763667,3.994088342241116,-1.3092473620091984,0.33664453421497686,0.8909704836181748,75.0143472154653
7490,3999,3,1,0.1397429920090317,0.08655648790638877,3.881344375509611,0.7298441723587986,0.2555993392692461,0.7791147395091127,-41.81699107890076
7495,4000,4,2,8.81396526888065,0.6078743271833924,5.701966970212657,-2.76255180735809,13.11414786429591,26.740472755616487,158.49615923460448
7497,4001,9,1,0.14315824580296038,0.04930665076666056,4.0210147911707175,3.0013581788759556,0.21218596526134553,0.7514676587450138,-171.96515621897518
7502,4002,9,1,0.18319760440215374,0.0541907536861221,3.945631121507278,3.1222759124886283,0.23038574658442526,0.9327437449901262,-178.89323223926212
7503,4003,9,1,0.12676302492236136,0.02793752163661115,3.8723290507607957,-1.3630023142616021,0.1906234868455944,0.5543822940878668,78.09427983390137
7504,4004,1,1,0.17486726921924955,0.05184329507212565,3.947310727518771,-2.699756929252489,0.3099551242754054,0.6369140631573652,154.68467678772737
7506,4005,8,2,8.992106864102126,0.6235794523542784,5.968400373449208,-1.3126877225171767,13.374642144120678,27.281538196135344,75.43850285246282
7507,4006,9,1,0.22295253497961465,0.1162570221763141,3.7838386214601725,0.7558520063362247,0.38587082026364017,0.7026503459806833,-43.307130280793075
7510,4007,7,1,0.14925441599512232,0.05235589192128523,3.8137164746001915,-2.8504549370494243,0.22657255834116852,0.7614632866061559,163.31903694583357
7512,4008,9,1,0.33391245054054786,0.1148829578003373,4.055019853290194,2.802810601078423,0.5592518597421108,2.271293384889313,-160.58921651103842
7513,4009,7,1,0.17610388230785545,0.07484320819805233,3.8637291201670836,1.0498999174595203,0.28633248316003884,0.862301936052801,-60.154832755927345
7519,4010,4,2,9.058447674941162,0.6082295695476546,5.939573141032841,-1.908963470300366,13.471579692614444,27.491407170059613,109.6077344091605
7521,4011,3,1,0.1497437518047853,0.04526837573702214,3.7955075407978276,-0.208014995940777,0.2380266910107571,0.7245443933247098,11.918382108379376
7523,4012,4,2,8.917793151920167,0.6077028130734622,5.851439308848895,-2.291040922879639,13.266008648481499,27.1000065228385,131.4883388224127
7526,4013,1,1,0.23964553333054875,0.10314286981029246,3.9799051957218765,2.576188120808482,0.42668495844776155,1.387016570175567,-147.60470359769627
7527,4014,3,1,0.1438476933435796,0.04006858181065489,3.935842637396901,-1.6161476986288714,0.20028054048075794,0.6693858470067692,92.59844240060438
7528,4015,3,1,0.13185378055180894,0.03720069648851671,3.9436664679077125,-2.6107004961510794,0.27050155141650783,0.5816345977440451,149.58211952613607
7529,4016,7,1,0.21447224983115182,0.09768171781375176,4.035711830373918,-0.6181622154672467,0.40527422271063646,0.7808368328611304,35.41808746726659
7530,4017,3,1,0.15698899502997127,0.08172499826193837,3.9959651388588058,-2.1140414120487967,0.28663659343748155,0.6382335673522764,121.12565019568616
7533,4018,3,1,0.15379124639856034,0.04537490617191628,3.9274822295614045,-1.1533657558189898,0.25573829839719403,0.6978155487892844,66.08298985310832
7534,4019,6,2,8.981596526211447,0.6039403316686149,5.936039570673066,-0.3806171919995337,13.35928140764689,27.32133974701696,22.03398690983506
7536,4020,7,1,0.13922448788640018,0.026618725487287886,3.979083459310819,1.2867997809990965,0.1839805783098187,0.645280522290956,-73.7281963966442
7537,4021,1,1,0.14139809532596037,0.06695065565405302,3.9272957791147194,1.2195428039468068,0.26051277999474365,0.6319417430007811,-69.87465515534703
7540,4022,1,1,0.1512042034471594,0.0679883509386714,3.955375898594319,2.664151505710711,0.2610060256690445,0.7139628725519704,-152.64463700975358
7541,4023,2,2,8.992399428440708,0.6060201967133111,5.724602409586556,-1.8434086070585265,13.375074058784485,27.363410898962954,105.84659208068202
7548,4024,7,1,0.1584765009772258,0.057228016977566284,3.9741557431270245,2.404640704920568,0.27754870463996134,0.6761811662480226,-137.7757631150701
7550,4025,3,1,0.1848181025720095,0.08369207198851315,3.969017718217245,-0.4797654255893022,0.3021323239627485,0.8413680846349171,27.488535180859525
7552,4026,1,1,0.18219470332896728,0.07645990326906221,4.022011956199468,-2.537443837568751,0.3215209050982015,0.8752168933810536,145.38482251439152
7553,4027,3,1,0.1914051484568135,0.06590779860651787,4.073882645207399,3.1332351881284297,0.25716535092628423,0.846655839453876,-179.52115195143315
7555,4028,3,1,0.1858089532745774,0.06972537634320129,3.8247322196281055,-2.0292521063785447,0.3237142725949051,0.8425548707341662,116.2675826416819
7559,4029,4,2,9.089219285794968,0.6072909517894557,5.743532057614712,-0.6646604190909976,13.516530188445818,27.639790649443228,37.84763790993193
7560,4030,9,1,0.2417479316382315,0.08374808321014718,3.7766426291911728,-2.4992476437912328,0.40938865148403575,0.9436152477554,143.19634029422036
7561,4031,3,1,0.11425548553891977,0.12272697391614322,4.052643983353457,-2.332220424996134,0.18128090388805046,0.46515406572488505,133.62638718277145
7562,4032,2,2,8.888519217579828,0.6117870303686753,6.054947634560083,1.2228525044952725,13.223201319484685,27.00809428911852,-69.8451322056678
7564,4033,7,1,0.17250547080262313,0.045870782827140084,3.9495645086075926,2.5880642250272423,0.3053934467971592,0.7775170129084018,-148.28515651379007
7569,4034,9,1,0.12700116670871603,0.05150732169758984,3.8725626349388116,0.5163777617011562,0.24214564087251317,0.7791050960280451,-29.586266717712224
7577,4035,9,1,0.14768707240377982,0.0508378906451513,3.793035513179176,2.965407566842334,0.2557201560157751,0.8221224955428299,-169.90533755396436
7580,4036,4,2,8.826424234590105,0.5972533870922626,5.666587378647471,2.0073014729219767,13.132377639917147,26.799991059991957,-114.79538102685675
7581,4037,2,2,8.909327882171064,0.6028737624671944,5.871705363460201,-2.813346092849047,13.253630736170098,27.128274153290665,161.4135806445554
7583,4038,3,1,0.19928489957986673,0.09563372264797594,3.8561084366149743,-2.276322839475678,0.36545635078629957,0.6764169405602813,130.42369038208085
7586,4039,1,1,0.12384828899958267,0.05845903273403228,3.8865119675535142,1.859890292062611,0.20949867921198953,0.6046591799571968,-106.56386462702662
7587,4040,7,1,0.22488982556079062,0.0818374319028359,3.901595729918705,1.5972521600495235,0.3109662795077835,1.0393250531603015,-91.51580734778658
7588,4041,3,1,0.2186401622550319,0.07627397203902918,4.070092087427314,-1.262155317230043,0.3453884637906585,1.1147967024352612,72.31617033650953
7589,4042,7,1,0.130067847217886,0.03435934206599938,3.90962936379067,0.6715880292061586,0.25222673323112904,0.8245352135267351,-38.47915889357142
7591,4043,1,1,0.12530261552807004,0.04202672372409091,3.899784276200375,-2.09619330514112,0.24303650753781914,0.6691913382469433,120.1030298438795
7593,4044,9,1,0.14837196791974192,0.04405698657318644,3.956909520588135,0.8365582994544501,0.28850709015874954,0.5696651181982743,-47.93126049054196
7594,4045,9,1,0.16594303420679477,0.07485742194156476,3.9537604386920093,1.1853702368875023,0.2530679050277034,0.8491273660548794,-67.91671171971632
7595,4046,1,1,0.15597015522710525,0.030835057263830675,3.8533062309394195,1.1746958891129982,0.24994138076384328,0.8321149332837979,-67.30511597107262
7597,4047,7,1,0.15084684427157474,0.05797039320418907,3.9223624766207776,0.4284214886999415,0.2553830253541996,0.9000055980665584,-24.546743248303915
7601,4048,7,1,0.1764000029602022,0.06795700525138476,4.0478995720273385,-2.4547532827542593,0.3024140508081653,0.6924270368991279,140.64700196163753
7602,4049,1,1,0.16918277087783531,0.053151358181691984,3.931271190675183,0.49742509846219873,0.2770310206223033,0.8056020481841333,-28.5003592903592
7603,4050,3,1,0.1515418444153313,0.054491231211059754,3.8243267374705106,-1.9605399210614003,0.250353493998158,0.6486231739705379,112.33066380591951
7604,4051,1,1,0.2053289701971448,0.10405698032849618,3.9990363867816177,0.1427414792027719,0.27685332211508107,1.0938073785287141,-8.178484204980576
7605,4052,3,1,0.16594963439622784,0.08689825228496363,3.8164256807138246,0.3537191078515968,0.3042459946908731,0.827974723015961,-20.266613143509776
7606,4053,3,1,0.17906874000437592,0.0810182860095533,3.8525242624805265,-0.6177973052693436,0.2838931409749684,0.8947665635890213,35.397178944876295
7609,4054,1,1,0.17446445661979787,0.0674184314650138,3.9578981489505813,-0.2768932885348836,0.31717942496529,1.2340333233880363,15.864817276569202
7612,4055,7,1,0.18242260648128816,0.09249945608651802,3.8465017954598943,-2.1558498898513236,0.3128577871523974,0.7925171583151424,123.52109974270407
7613,4056,9,1,0.1541801714427738,0.06068967774668388,3.923681569094492,0.41652776068236835,0.24064845898446477,0.8795902925422547,-23.865282840588545
7617,4057,1,1,0.13329381230264353,0.07554192661107291,4.131008130319652,-1.5608491943266352,0.1946398396332934,0.6451937654302264,89.43007120324873
7619,4058,7,1,0.16851776304574034,0.07985815030289477,3.8823519401184114,2.6069738970392407,0.27087915586260086,0.8317040633938175,-149.36860104052272
7621,4059,1,1,0.10541570459976647,0.0694182790092323,3.930855808417222,-1.0793022949522353,0.17912249548907588,0.6127994262180406,61.83946603760888
7622,4060,1,1,0.1429704393935396,0.04175375016153132,3.9592082754667666,0.21754362507437225,0.19718570153172224,0.6812372194794619,-12.464331537602718
7623,4061,1,1,0.13009854711409843,0.049796759988301326,3.9302089363039685,2.2719448255900976,0.21670900861762765,0.503709507349975,-130.17284952403267
7624,4062,2,2,8.662693921992672,0.6083051587956908,5.808854525434351,2.6038791019995964,12.892729390077568,26.370825170360348,-148.98865802287503
7628,4063,1,1,0.11358117671346792,0.05973451283605411,3.90827243696217,1.9897065802375689,0.2112557570789087,0.7033219853782273,-114.00178980664033
7629,4064,2,2,8.683773226792608,0.5949557685581256,5.828532344362564,1.4676711922600276,12.923595409787684,26.342352110024684,-83.88723442718727
7630,4065,6,2,9.121763538675266,0.5929091733574133,5.917014798134202,-0.6459202816907754,13.564060058786527,27.641764491911786,36.77133483991759
7631,4066,7,1,0.1638408095597831,0.07196714404393846,3.8870420719629037,0.010981684172232017,0.24669001074311742,0.7320112998558327,-0.629204060612599
7632,4067,1,1,0.1476999855067956,0.05140639529713866,3.837811650996013,-0.7749806287570343,0.2669706634242745,0.5880678128617369,44.403119653511695
7633,4068,7,1,0.15817474938234669,0.0668290163231267,4.035331680631343,0.5251855642219626,0.2821385583498444,0.5848627461677495,-30.090916769205272
7637,4069,9,1,0.10132864551877142,0.040301110260369,3.9399839180030476,2.471268165423515,0.17862039319080453,0.508740597383509,-141.59323574451304
7639,4070,4,2,8.866576345003967,0.6159916185907117,5.954530455883349,2.536871808213143,13.191111117978906,26.98030038167363,-145.56955789786943
7640,4071,2,2,8.961757578547676,0.6046763580211579,5.951552925735747,1.900716744625555,13.330283532679237,27.281481082883587,-109.12775528700887
7641,4072,3,1,0.1506110233942082,0.060420393771245876,4.1289923923335445,-2.0712677039723006,0.25230213301305654,0.7279011889170867,118.67489839494151
7642,4073,1,1,0.17274665220167948,0.03579475342648996,4.008690051809021,-0.7364553594079664,0.34941484805274897,1.2698482574066992,42.19578473319557
7643,4074,3,1,0.19472907935140302,0.08514971612933982,4.078364004706621,0.6790169637881259,0.34020430303144905,0.9533537798155272,-38.904807530135535
7644,4075,1,1,0.16767225984016046,0.06515161435997853,3.937844887124578,-1.250538876965813,0.2731298336208389,0.882070774880077,71.6505993813279
7646,4076,7,1,0.14732090840174913,0.0640867462407372,3.8835398159012975,-1.9145437401598948,0.24912345642749595,0.6129618892446332,109.69527686225241
7647,4077,9,1,0.13706405692354012,0.06574160591288303,3.979822308393797,-2.891073735759131,0.2525968315545393,0.6736352458765259,165.64632299973132
7649,4078,9,1,0.1565865920386189,0.030999668695762456,3.81933177777053,-1.2881754868609194,0.23841452634034044,0.7969380731200415,73.80701807236932
7650,4079,1,1,0.12329021125820445,0.044728778055634855,3.9286925098212,1.0948654647683465,0.21754251955610046,0.6713031020630035,-62.73116982024879
7652,4080,7,1,0.1466363377202327,0.05480192161886222,3.9259660527296623,2.0730547441665266,0.24536675525820023,0.6436042747270386,-118.77728793799974
7653,4081,7,1,0.21061856466400516,0.06263067000011427,3.8715183138055567,-0.30820487202420577,0.3117923411340539,0.995487470633438,17.65883971846958
7655,4082,3,1,0.20800168708232514,0.07312496773942742,3.919667151763227,0.7324709320552476,0.3488367190455813,0.8425325294145074,-41.96749438759443
7656,4083,1,1,0.15444563720544455,0.03402382393491273,3.8755094805016865,-0.8726432061041112,0.30007100461085573,0.5913549836840375,49.99877205383267
7658,4084,3,1,0.16881084214359482,0.05179395878732,3.9304715573759688,-2.5925240727938816,0.26201603950169133,0.9359832767386499,148.54068716301796
7659,4085,3,1,0.1313818442474368,0.031720562684414,4.018327931155478,1.6022942979643047,0.19044801224924196,0.6064958529448786,-91.8047007931459
7660,4086,9,1,0.20749078086603728,0.060637475694756984,3.851808204782202,-2.725830622560135,0.31890508274747686,0.9773076897804078,156.17858856129973
7663,4087,7,1,0.10378732202326547,0.07035123232854969,3.9605237836588976,1.8819507829772717,0.2006558597684799,0.6208690170120624,-107.8278373815529
7664,4088,1,1,0.15292052364349332,0.04701471940909873,3.8214027027879665,-2.4461919042405897,0.25913186604512806,0.5015532096689101,140.15647156782066
7665,4089,1,1,0.21270275053980486,0.06224399086329014,3.9678637091029954,-1.0955381847328667,0.37670487714736717,0.8012325291921505,62.769712672235464
7666,4090,9,1,0.1251339982799775,0.05780506252033332,3.896716319839345,-2.147906587396655,0.2204484345373441,0.5021355934162784,123.06598262484594
7668,4091,7,1,0.1487809488227058,0.05891886053495141,3.8083549693307885,0.012536951730787255,0.2328352403431086,0.815253151078996,-0.7183144231040498
7670,4092,8,2,8.974390454277744,0.6231095362394925,5.7571785592182865,-0.11317132508252618,13.348748321739834,27.23879119917695,6.258564175143425
7672,4093,1,1,0.11794106286811079,0.03143051133932709,3.984093062307621,-1.8079841709742512,0.1910117676904338,0.7388232186296821,103.5898622707
7673,4094,1,1,0.13122704610320027,0.05956033283648666,4.057325476253255,-1.8098852674597974,0.2419078319385812,0.7732328965160611,103.69878748770996
7675,4095,9,1,0.1311695197377622,0.04765014013593496,4.116581803405407,-0.7110014421316221,0.20482027839513303,0.5795899317912077,40.73738194973602
7677,4096,3,1,0.1553813264364846,0.04150238130800734,3.8555523201933917,2.829875991696122,0.2402817003793152,0.8277480781831235,-162.13995011075963
7678,4097,3,1,0.13788325311198216,0.04300430657391585,3.920549221666917,-1.1653444889644682,0.2407456362579948,0.712718388007319,66.76932014919774
7680,4098,3,1,0.1762397199952,0.0353717350871873,3.735701491284589,-1.0756659201521794,0.333387664170587,0.5679511955212962,61.63111652465035
7682,4099,9,1,0.15897528738912792,0.05382612769514726,3.805712652173777,-2.1697095660088928,0.2767819697897776,0.7201621616444506,124.31520127402892
7683,4100,3,1,0.19310336348832083,0.07702769499937288,3.856668810703217,-0.18768629305856135,0.2579228526457997,0.8480524337482088,10.753632595249696
7684,4101,9,1,0.16565877148328922,0.042563815430824124,3.8330203394746447,-2.8706478477799187,0.25089713811151365,0.8213192296506268,164.47600528969906
7686,4102,8,2,9.031593663062417,0.6250600065442646,5.97037433685917,-1.4831790260063238,13.432346959591063,27.48194461264186,85.2099894467297
7688,4103,1,1,0.15810221741470606,0.033499601721060056,3.9323168787824705,3.024702274363707,0.23073326528873891,0.7746257321756422,-173.3026741176557
7690,4104,7,1,0.25118977992112457,0.09196238286210019,3.874599078676739,-1.662208866549029,0.3908799757706894,1.2081626532798995,95.23755288953193
7694,4105,7,1,0.14241490752175592,0.04055496673187409,3.9597542596309276,0.9858116727463372,0.2513516806043097,0.5714570166254087,-56.48284776610532
7696,4106,9,1,0.12777952129836126,0.02633499525224941,3.8793526061464134,3.0119781868211617,0.19190502361416203,0.7269216030066735,-172.57363791826577
7698,4107,1,1,0.14499869076811117,0.03871117231717454,3.8814405333257143,0.03753754060957566,0.2024500269606485,0.7495292196799219,-2.1507427828035617
7700,4108,7,1,0.15705483871126127,0.03098807093520472,4.0560920279909904,-1.6911072309824138,0.2246605573814387,0.741246127925276,96.89330729952052
7701,4109,1,1,0.1911824778057413,0.06775266418194836,3.878462959810617,0.6649264941762965,0.3217717368032314,0.8906244110526236,-38.09748262857625
7704,4110,7,1,0.21380399583570717,0.07469795430771092,3.9226912369163642,-1.9374662167480925,0.34519709996786246,1.2750111283122678,111.00863782376472
7705,4111,2,2,8.774225546334533,0.612590056515817,5.7349033836930925,3.081871278886906,13.055999989476,26.623547981261023,-176.7888957519819
7706,4112,7,1,0.14908411913050285,0.06357250363696267,3.9763835912527328,1.1751695017359847,0.25829367382205753,0.6411186489565521,-67.3322518127633
7709,4113,7,1,0.13227405643669246,0.043816198628963444,3.869432938940905,-0.5823419770265714,0.22705269676280904,0.5864109000727691,33.365737700570996
7710,4114,6,2,8.768403996346107,0.6171859192999809,5.873815161894353,2.6309126075419687,13.0474801692204,26.672177246517595,-150.52993587868497
7711,4115,7,1,0.17689274679596498,0.06679649953275968,3.8756143553568174,1.280004557102599,0.26669799159213453,0.9092828513315068,-73.33885895609956
7714,4116,3,1,0.12561021995569438,0.07531823829715413,3.918081622245741,-0.615403567258926,0.19120289128400908,0.6234007546390923,35.26002716790314
7715,4117,7,1,0.13966908964305733,0.07392745782922518,4.043180624695541,1.1336375047078369,0.24242882391875079,0.649575425381476,-64.9526441807903
7716,4118,7,1,0.14798328947277986,0.05551466368582373,3.969275892074028,1.6423493855869302,0.20386586546171495,0.7297996738720203,-94.0996883778652
7717,4119,7,1,0.1799670798499143,0.0656965084750697,3.80922716819777,0.7370074868878376,0.292739723235784,0.6024965255539373,-42.22741830161628
7718,4120,6,2,9.159246620244758,0.6195329918366447,5.948811792578267,-2.30707407202276,13.618791233099063,27.83552949264014,132.4257650230531
7722,4121,3,1,0.14471155470039176,0.07014771681895823,4.046219993644274,-2.954417963125508,0.20057995940433418,0.5789711941113813,169.27568031293333
7725,4122,1,1,0.17898916667779002,0.0654243809944495,4.0667785697429935,-1.335214769539874,0.2970111955865449,1.0021473634161242,76.5021709792938
7726,4123,7,1,0.12254516333957305,0.037873401428334084,3.9597102062648046,1.0729298772960874,0.25127585263524055,0.8909348381139299,-61.474353344665914
7729,4124,1,1,0.19507186970703758,0.06496059427229474,4.061771271913516,0.18984117818100776,0.26797617630453713,0.8384375958747552,-10.877098654442461
7730,4125,1,1,0.10426376777414326,0.03640587844639245,4.025443078647136,-0.526777544043399,0.1806114977115857,0.44145725641597716,30.182130122987953
7732,4126,9,1,0.11443022572235353,0.04185779812784705,3.983114310411298,2.8695621116085115,0.1786819012305635,0.552855278599474,-164.41379772941877
7733,4127,3,1,0.12557544754739178,0.048634358309067524,3.9136935833033784,2.9150054841350266,0.20825018817444454,0.7240034403843414,-167.01751109992944
7734,4128,3,1,0.13159308299637046,0.04905788927278717,4.016034152406346,1.9083190388743019,0.2506924043364402,1.0325188198751614,-109.33862720289818
7736,4129,9,1,0.19205870201009817,0.0452615047856436,3.9021298795339496,0.6721141251205001,0.33801648102971954,0.8518596993806815,-38.50930268262233
7739,4130,3,1,0.17803545810584306,0.04702363626374004,3.7851516525439406,-0.5762123937502454,0.3350642798674908,0.6287486205783387,33.01453918795916
7740,4131,4,2,9.104447718457571,0.597649987609995,6.063206144285209,2.547465329049285,13.538772110850195,27.739794035330373,-145.723211629014
7742,4132,3,1,0.11060563904114816,0.04232898879474145,3.8905491257411753,1.620962846478754,0.16696841075294258,0.6095009561500352,-92.87433001477169
7744,4133,7,1,0.16866166807380395,0.02860204727960723,3.887649760777485,-0.8379330534808156,0.32821448235114753,0.5703371757375663,48.010028252741925
7747,4134,3,1,0.14506051842035017,0.03570147776018612,4.003185028686771,2.000980294015784,0.2458052850627036,0.7431156043741977,-114.64772650581737
7748,4135,9,1,0.19395737452175366,0.06478167372865214,3.8632846283163502,1.9040885987019724,0.31762485404978,0.8526562233110865,-109.09624233683601
7749,4136,7,1,0.11129723460768233,0.04480810859393266,3.9540362306648675,-0.8969616577491393,0.19513416812819442,0.4572014571880927,51.39211744098987
7750,4137,9,1,0.14953429165544305,0.03791545779245438,3.97596724714093,-0.0128509078241009,0.20585791868663972,0.8200891710210394,0.7363028308333529
7751,4138,9,1,0.20755484744681282,0.029581811907052728,4.079447428441936,0.49661926046104665,0.3762868124966738,0.6534025493966801,-28.454188784665035
7752,4139,9,1,0.2141263988749352,0.07074565121546497,4.016158623966439,-2.835417610297596,0.3396592829692389,0.9537479618771619,162.45746006477168
7754,4140,7,1,0.1671553392516095,0.09442137154972584,4.037793640163263,-1.282239331784516,0.3031666684946926,0.9244615330108513,73.46690090186085
7755,4141,8,2,8.959236466331959,0.6240330549553168,6.2880622956476575,2.655790124066428,13.326597466865948,27.19045595132844,-152.39008042596313
7756,4142,6,2,8.764505209484973,0.6283015019495035,5.932462414475036,-2.830780071253515,13.04177758953252,26.64238348147147,161.9817827599538
7757,4143,9,1,0.2096380508277349,0.08457907532466633,3.903054037277576,0.7735452132836066,0.3211457223736451,0.8444380766012703,-44.32087651122015
7759,4144,3,1,0.13623501727628032,0.052841815745115046,3.885491352489487,1.5720643843640132,0.18662790449172625,0.6407062143652545,-90.07265447819802
7764,4145,7,1,0.14031055732023717,0.061742978821563814,4.010419774878355,2.4554614789071234,0.23472862878752818,0.6975446453684784,-140.68757976187908
7765,4146,2,2,9.008652818922467,0.6088545553595516,6.166822379841993,1.1842567515577036,13.398822989571059,27.325374736458443,-68.08122678558347
7766,4147,3,1,0.190421519375526,0.06640819748141179,3.860211167174186,1.4592767186074895,0.28726354723932723,0.9956702272565525,-83.61039736800502
7767,4148,9,1,0.17315685322496635,0.059915381888537726,4.064048736693858,1.7185171878496754,0.3028004167348161,0.8407969220683902,-98.46378205635301
7770,4149,7,1,0.13754664151097878,0.07811863328061858,4.048320339005661,-1.003819293093597,0.2172623936105168,0.7671757230888685,57.51460886213661
7771,4150,1,1,0.14286805249445955,0.03718575287960327,3.8793299729366892,0.8824951198940544,0.2502961802037314,0.4496743263430265,-50.56324569227924
7774,4151,1,1,0.14153405911198763,0.04476023851679299,3.8774214444277035,-1.0089156718310628,0.2512685242540733,0.6970628335377864,57.80661015082932
7775,4152,6,2,9.077253291956547,0.5959111154991624,5.689909510808687,-1.21627436480419,13.499052320549737,27.552196322577057,69.45372990951145
7776,4153,3,1,0.21892490669898962,0.049018052613545735,3.835542972640006,-1.4963536635139119,0.30793447308992955,1.0119678353441053,85.73474894031752
7779,4154,3,1,0.32077674902213543,0.11843516840931854,3.9807146335742503,-2.9294012047374283,0.5196721957444385,1.3995617257825117,167.84231616887044
7781,4155,2,2,8.779744243164421,0.6124003968836841,5.736312719469842,0.8157922135054787,13.064075357853616,26.605692024966206,-46.952533338283075
7784,4156,9,1,0.15842925537116237,0.04675273912009105,3.7784605024869675,-0.24353613396688414,0.2617338078759839,0.9142775901993394,13.953593363814912
7786,4157,9,1,0.12454146955965026,0.08511261864288613,3.9294245759012596,0.162766513851681,0.20012041217828203,0.5687082442802861,-9.325834354756875
7787,4158,6,2,9.02997268823957,0.6144837243485344,5.7751499962218915,-1.7378833987493052,13.429982384817004,27.482722720051292,99.80334902232218
7788,4159,9,1,0.14505653865838866,0.06354913362031059,3.9403987703686534,-2.646202596885047,0.2296428585388155,0.7345337319140939,151.61624029428725
7790,4160,1,1,0.19158613341685457,0.08247764538400308,4.030915299163074,1.8847187605653701,0.3286349417972764,1.2585226630601003,-107.98643126676875
7791,4161,7,1,0.1326937737734251,0.0454550499306465,3.7919938987649813,2.240928833201681,0.2495579936063376,0.7750665494483111,-128.3957641850668
7792,4162,7,1,0.0911176253654837,0.057266074641712315,4.160004687334435,1.722581768067018,0.1501583397090726,0.5598079696133825,-98.69666524575166
7794,4163,3,1,0.16564573541969826,0.06718019329544596,3.961747000570064,0.14024844819952262,0.2640131751350341,0.8169613777975184,-8.035644623844894
7795,4164,9,1,0.11920045472877416,0.05374780672768828,4.12394402285867,-1.5387843078092205,0.1934830662164599,0.8337338649393543,88.16584638410586
7797,4165,8,2,8.784465044486812,0.6064996188001938,5.966574798096767,1.6701593639562424,13.070984186143825,26.649762215295013,-95.4816540554991
7800,4166,9,1,0.14043384355718214,0.048920049318129114,3.9227746670599712,-0.8766785565984039,0.26684803511234045,0.58550116547464,50.22998091773099
7801,4167,1,1,0.12956572987513992,0.06266147417725806,3.939913780303975,2.894511373380009,0.20046947560190884,0.5846126622411083,-165.8432849945402
7803,4168,7,1,0.17673879390443797,0.07513266942191427,3.9609334534318066,-2.789171813385481,0.29785543447627566,1.0052690005166072,159.8077729041555
7804,4169,1,1,0.08271222001703764,0.07655689467625061,4.165006959006243,-1.2343580198802995,0.15283993776173943,0.4113598927217186,70.72350485556369
7809,4170,2,2,8.975857401408051,0.5919072940008698,5.845874025688007,0.5210979836201414,13.350893339445399,27.339861648488398,-30.082502823645797
7812,4171,9,1,0.11646892627339545,0.06524620230208279,4.113825333807533,-3.112049130245376,0.18933975491433927,0.44710740831084017,178.30728080988146
7813,4172,9,1,0.1750253176862391,0.08442893038536259,4.015912596746547,-2.040031347177745,0.3121378136134738,0.7558418706993075,116.88518588246095
7814,4173,1,1,0.20114391539562176,0.11131906364277133,3.9949767551476567,2.04067636771939,0.35166135454684144,0.9892169452604378,-116.92214326166261
7816,4174,4,2,8.773559310383002,0.6188113778312908,5.695161954280799,-1.8424443806049295,13.05502597078821,26.621751348874216,105.35365728582995
7818,4175,2,2,8.926111720777255,0.6197839389133143,5.883608600752131,-0.5471686428840437,13.27817143604568,27.140372344112844,31.128460452348968
7820,4176,9,1,0.0956767768750418,0.021649595780390038,3.991157166473452,-1.9931617632084757,0.1567539736188127,0.4253215571828089,114.19975708661681
7821,4177,9,1,0.1444501017189045,0.1025215295521947,3.889757129559507,2.7957407709610615,0.253721921093998,0.697860608080803,-160.18414589221908
7822,4178,8,2,8.907530902156067,0.6010486959595616,5.827969610032287,-3.0821714138673304,13.251003025010556,27.069590540300347,176.81600125038477
7823,4179,7,1,0.1840146626144014,0.06555287406703061,3.7749074221964833,0.5175045366798317,0.31804890845606115,0.8365815392918721,-29.650827061496898
7825,4180,7,1,0.15896122369531118,0.04477109169652381,3.9813158288809873,2.242419665609617,0.27776805851334707,0.6551935436370567,-128.4811827304084
7826,4181,3,1,0.1852448446880974,0.04610191586529825,3.7128087980832625,-1.7660960915110973,0.283254660722804,0.8002632225027739,101.18985376941893
7828,4182,2,2,8.773577462349362,0.6054125272280471,5.795332615488868,1.92593943282534,13.055051954707869,26.645666730233685,-110.55883215875737
7831,4183,7,1,0.14594210727898527,0.038299853939749585,3.9908742694619925,-2.289511263406676,0.23887661434779003,0.884396585524926,131.17933247860648
7833,4184,7,1,0.18906314861671283,0.054545365527509056,4.060008381996681,-2.893685630104476,0.3311569064502263,0.9055193939265426,165.7959735046296
7835,4185,7,1,0.10163368208735399,0.03895507742819759,3.9397133551373544,0.30711158260928384,0.1654682267139461,0.46243165816307735,-17.596197719086465
7839,4186,9,1,0.15874748294038557,0.06501431970743517,4.146879194142782,1.8257716044070411,0.2593316380121296,0.6555995450281572,-104.60900714998645
7840,4187,9,1,0.1753224489327022,0.045823926508154374,3.7330327777528156,-2.2070614425207156,0.30598073337534093,0.6054789816675361,126.4553061578734
7841,4188,3,1,0.18201347191696773,0.07518388016202596,3.981612715589537,2.0233036033496874,0.3075564166987694,1.0603178031507592,-115.92675732285521
7843,4189,9,1,0.1073664367117492,0.03641645110229423,3.957137766736696,0.07028473270995231,0.16558450356571866,0.5710909750063343,-4.027018586174127
7844,4190,7,1,0.1351866062941449,0.10077144516648492,4.032739676154158,0.5875131063523941,0.250658156639574,0.6642535147795888,-33.662021539819634
7851,4191,3,1,0.1769433604944526,0.054859480358880795,3.9923059088070345,-3.0577322482241724,0.2912866275596492,0.9981250059460391,175.1951528432257
7852,4192,9,1,0.19297036505744308,0.05145074755392164,3.938841661768234,1.9468104988690986,0.31216525824575675,0.9554442722581311,-111.54402668771269
7854,4193,7,1,0.12042119533951547,0.059804675098208936,3.8967607237193334,0.11938313142927043,0.17846830950398376,0.6009851524490932,-6.84014977091413
7855,4194,7,1,0.1594108352302568,0.0590017880779701,3.9498823099330616,1.223254992091732,0.23660102137632344,0.9402174084263857,-70.0873479478644
7858,4195,1,1,0.16274187406196716,0.03163176739691631,3.882535978206815,-2.0183014683942226,0.2743286538802404,0.7507245304899994,115.6401567984847
7861,4196,3,1,0.14814431753629592,0.05735513142476843,3.8851119232575066,0.8107694475911991,0.25340484976755207,0.8375040763917158,-46.453667925325526
7863,4197,1,1,0.1313205752872634,0.06916226088062292,3.8747880921490934,-1.6589461157359593,0.2006089572889562,0.5986315263492383,95.0506110060637
7864,4198,7,1,0.12023704291831847,0.059101805454880973,3.9728134043569705,0.714198166084054,0.20585262718054737,0.5391976434980772,-40.92054069921392
7868,4199,3,1,0.11116617463765598,0.08108833833649004,4.165910106627668,2.0519190477881324,0.17554192705136287,0.5823929812641525,-117.56630146321488
7870,4200,1,1,0.16139808197817263,0.07649489325187436,3.972842713481603,-1.8005387524117735,0.27155902183751923,1.0784493466176084,103.16327122019788
7877,4201,4,2,9.049229122318865,0.6057961248189103,5.832926780157086,-0.5301095121576688,13.458112146992452,27.512092844572724,30.604502002638796
7880,4202,3,1,0.1878644068661912,0.060717376683224605,4.034724414439098,-0.2302457786845587,0.29166617393720384,1.074395435918763,13.192112570680111
7881,4203,7,1,0.10490662264428788,0.07354090918989495,4.142140317253242,1.983502397775253,0.20161633788480407,0.8633612741041639,-113.64631627319315
7883,4204,1,1,0.13516455360552485,0.08310230115983055,3.89042301415643,0.023323615244705827,0.20988511475547222,0.8087498879737066,-1.3363448126371908
7886,4205,1,1,0.15210193623598228,0.06217963554114858,3.8648652267074097,0.3743965429773296,0.23120089423330845,0.6425690242927116,-21.451341968689068
7888,4206,7,1,0.17494703644280485,0.03843634621196781,3.9532950065545975,-0.5198732964719331,0.28130150236278617,1.0068889394730607,29.78654455061659
7896,4207,1,1,0.11850755255237423,0.07799725621333062,4.089232201421755,-2.482241614064899,0.21069764949379513,0.6704733281217676,142.22196798233026
7897,4208,7,1,0.15386791410644154,0.035534538746829866,3.880700488852741,-0.9223406948528031,0.29917895204054373,1.0428110055284345,52.84622956813444
7900,4209,9,1,0.15025793091814132,0.032080344250026684,4.074311807417027,-0.3511165302232704,0.26627883918895257,0.7013912972719795,20.117496000560703
7901,4210,6,2,8.791797672288782,0.5908142604264731,5.802993145490915,-2.025959741682793,13.081714852649554,26.69389585252779,115.86697575791966
7902,4211,3,1,0.14957159875535878,0.07117036828183693,3.9803689894385608,-1.0023506828417608,0.2541427345538425,0.8296249588296585,57.43046314406367
7903,4212,3,1,0.17310220547237673,0.07035588820280947,3.962227039536792,-1.5533055177719037,0.28517317983258716,1.1363509475669065,88.99784997126692
7904,4213,1,1,0.17578845511833807,0.06547404971781023,3.9006151211248805,-1.3512257807390966,0.27472465590199896,0.7905687956238152,77.41953299322145
7905,4214,7,1,0.13202155113754022,0.06844567937689817,3.9388346743892226,-0.2034422082234614,0.22115917676515254,0.681862334782996,11.656380063533721
7906,4215,1,1,0.1413901165378792,0.020081322448538563,3.9836090796643546,-0.7358214649823086,0.2964480966719507,1.2733709673820246,42.159463472910424
7907,4216,9,1,0.1056239203618913,0.032597467548391344,3.944532301648617,1.088244093901035,0.18825303130604532,0.5990080316039093,-62.35179362586262
7908,4217,9,1,0.17292994423696786,0.053713153921130144,3.877219373966908,-2.7763671707924056,0.2660958341766724,0.7697875028194878,159.07412063047337
7909,4218,9,1,0.14427718006157414,0.04307090950224885,3.97504698004087,2.035226905623971,0.28545329975859657,0.7657310923944959,-116.609912306219
7910,4219,3,1,0.13305646209630315,0.09805663543750923,3.9933569721195554,1.9976340114621778,0.21582099759059195,0.8154840878657166,-114.45599834891333
7911,4220,1,1,0.1952717739490645,0.046842859344685066,3.962147257640612,2.659309121894077,0.3344690751151318,1.1828371088392422,-152.36718865057006
7912,4221,3,1,0.12409623407373664,0.0400833430738005,3.857747611919082,-2.354228675933176,0.2326262706949765,0.5259686649936333,134.88736757437226
7914,4222,3,1,0.15506732546688728,0.029027953624425173,3.852315007888263,1.5167522476493636,0.1951487428581091,0.694521197300172,-86.90350223168511
7916,4223,9,1,0.14838601641569327,0.0401750529237059,3.923460186101844,0.0520379808072707,0.21579776052912192,0.6607291260200707,-2.9815566833155827
7917,4224,1,1,0.1314592507217885,0.056438937355243676,3.883932061005248,0.5940372761355291,0.23877587080729787,0.6083435154531281,-34.03582934698568
7918,4225,4,2,8.92299893867897,0.616754839189084,5.7752943916771065,1.0503995019813344,13.27362044660594,27.177939567758177,-60.40521577479878
7919,4226,7,1,0.1288892696824124,0.06325509088321908,3.914487022425125,0.6361406458059852,0.23197527553042752,0.6452814420898831,-36.448174705184286
7922,4227,7,1,0.15124810647079331,0.049934843195996136,3.861413773584912,-2.083412450877606,0.2604043914926398,0.7882829451036326,119.37074042549222
7924,4228,7,1,0.199169745380886,0.04948372155715798,4.019391265549954,-1.8269757399861648,0.2953716286497436,1.0510844916198099,104.67799936496984
7925,4229,7,1,0.17508658932947957,0.05358306464324932,4.037936692219604,-2.858202569209601,0.26495279100863445,0.8217084674290079,163.76294335943155
7928,4230,9,1,0.11506997203327132,0.0485808832158738,3.893357202982236,0.15592334043739936,0.20959554501878047,0.6753702717088668,-8.933749726459862
7929,4231,2,2,8.908401034682525,0.6026357252537196,5.87013572655996,-2.1312938627356512,13.252274813687196,27.079050174241655,122.33479645672853
7930,4232,1,1,0.11447187531475328,0.0480572254728173,4.079639772384787,-1.9331659018367904,0.19049768234265432,0.640766616801241,110.76224736182529
7931,4233,7,1,0.1289456139587228,0.04199511777925031,3.911893113372673,1.395257899949317,0.18861341657180847,0.7451230351219441,-79.94238872740759
7935,4234,4,2,8.85576443654117,0.5982431831443363,5.686484555533575,1.0981864839052493,13.175296635119537,26.92456210910542,-63.1381532442309
7936,4235,8,2,9.00605336174131,0.5970974779068945,5.633391753026246,-1.2159379241186077,13.395025991754453,27.334738227998645,69.43999901465375
7937,4236,2,2,8.675674389944124,0.6152389939656605,6.0286043602696235,-2.6989982258530327,12.911736246551925,26.324722093977908,154.43765606362973
7939,4237,9,1,0.20814355244740726,0.0525947124022171,3.923769938734653,-0.8364590784379378,0.3718172841537394,0.7774158723892199,47.92557458998354
7940,4238,7,1,0.15929011202078552,0.07466840738167245,3.912073091574283,1.1817278574639483,0.2705917207255102,0.9687655014755303,-67.70801816663227
7941,4239,1,1,0.13748731350520998,0.0906124931222309,3.962986498943706,2.0793447585767995,0.2378020106147127,0.7783541499570799,-119.1376789962958
7943,4240,1,1,0.12031965484571198,0.05547353156098942,3.9954609056370445,0.02197359754642072,0.187733671885481,0.6092606097392563,-1.2589946632118745
7944,4241,9,1,0.1207931061932913,0.029715717941308197,3.9707356524030457,0.26258735849279613,0.1854820211894119,0.668927094002833,-15.0451475980689
7945,4242,1,1,0.17864267338919562,0.10308548133329754,3.925267347296896,2.1849028551085565,0.30795734158992866,0.8733686325453374,-125.18571292686087
7946,4243,9,1,0.1433645455718147,0.03374617573037256,3.762387089632269,-3.1225463192472493,0.2139929350375118,0.8454978848182814,178.90872534206127
7948,4244,8,2,8.765336619445735,0.5935914755217825,5.788048515290178,1.4403316309910295,13.042991004173025,26.608954645356565,-82.7349522852646
7952,4245,9,1,0.14504067208702529,0.04161311806698862,3.9287325052663737,2.760509099292419,0.22982845621257492,0.5304752624450603,-158.16552023591453
7953,4246,1,1,0.22555200782816334,0.07911369830500899,3.9218970843287586,0.31263476137658647,0.33818175144009277,1.0275098736668233,-17.912654932956936
7954,4247,4,2,9.039487883601735,0.613901505082348,5.970168850734504,-1.6474120868147037,13.443880088187726,27.41968433566939,94.15905463780423
7955,4248,7,1,0.22256274350341596,0.06769456024611667,3.987011731282285,-1.1936224241977837,0.33656367107676505,0.976590833958872,68.38952475596145
7959,4249,2,2,8.792580574190044,0.5921370440542385,5.732905175175358,-1.4099225720997715,13.08285919284573,26.66090954739429,80.57058836687351
7960,4250,7,1,0.14910363603331894,0.03868297754130945,3.8427360106025423,2.4183039618738817,0.29296181139663596,1.0580384973767574,-138.5586098344302
7961,4251,3,1,0.18955364581755396,0.13043821012266002,3.9979553375110704,0.8692709085991525,0.3576591042068604,1.3850176614918517,-49.80555315687631
7962,4252,4,2,9.27551762330205,0.6131428394289457,6.017490810143381,0.4550203239166812,13.788483822977346,28.214608402808746,-25.821159146677065
7964,4253,4,2,8.928665643355147,0.6073054517583686,5.773631245057341,-1.3721108524962544,13.281907487678168,27.154113364010527,78.83834799692563
7966,4254,4,2,8.928593285260341,0.600150235758132,5.763828329065236,0.18081580249647436,13.281799447085348,27.075200216945014,-10.582164044445436
7967,4255,9,1,0.14886668097459257,0.05586018615967355,4.15966984282615,2.1820654886548914,0.27794432376969763,0.5329743908165305,-125.02314373130861
7968,4256,1,1,0.23824923225855407,0.1012606388248681,3.948765432234597,-0.21513087855042656,0.35987844890368853,1.0227974580975308,12.326092711426087
7969,4257,3,1,0.11229140559743157,0.04556259155702447,4.083247681793097,-1.8052930460110446,0.19164659912725407,0.6819931978071062,103.43567246121002
7973,4258,3,1,0.14779446706653634,0.05228727658312276,3.976693938648465,-1.314428570835715,0.26154080711623007,0.9688652107756069,75.31120924317605
7974,4259,7,1,0.1383131868159359,0.05734515616696208,3.8023147271961313,-0.7514496292508369,0.25119537488324023,0.5210585997087854,43.05489251745313
7975,4260,7,1,0.13230503741339988,0.04977493193417507,3.929958322900611,-2.391626444777952,0.24692344139420122,0.529485114146537,137.0301017504629
7976,4261,1,1,0.1272213454804716,0.049031800144898115,3.9249303931356465,-0.008170310931428669,0.1847682872371653,0.6069165595345455,0.46812429759534685
7977,4262,9,1,0.11462134171365362,0.0419015971347794,3.9063548998356383,-1.10983580742781,0.22240508181111676,0.6256234473454811,63.58890717221826
7978,4263,1,1,0.17038408016053455,0.10273603228316526,4.044683189441024,0.5447023478418609,0.2771369248443067,0.772683663947502,-31.20914567227106
7979,4264,1,1,0.12004702569574532,0.05080275999971508,3.9139516988330825,1.0849559219046851,0.20533119041565398,0.8719051885753392,-62.16339563583951
7980,4265,9,1,0.17642555669369006,0.07492956053796623,3.9317644663204048,-1.4559613249313714,0.26305881318137986,0.8521655692733062,83.42043845257541
7985,4266,1,1,0.16052000810607264,0.05509905847449422,3.9146558421025,-2.044882275117635,0.3137897252415878,0.9200962486443066,117.1631241023527
7986,4267,6,2,8.811363835835412,0.6103556666997382,5.937452793749853,-1.222183245398589,13.110342386925765,26.75648391404193,70.23934965113585
7987,4268,6,2,9.166193236349313,0.6017974401204393,5.85790535669331,2.266314524930293,13.628937945903001,28.02042263549625,-130.09097135067015
7988,4269,3,1,0.11417674983445353,0.05484991535875318,3.8796742509132676,0.2769170724309225,0.1783016696845474,0.6302689124708747,-15.866179794638954
7989,4270,3,1,0.14131221458317084,0.05499557613514882,3.99063906320065,0.6799281415605067,0.24526694013512718,0.4646433603324413,-38.957013006242676
7990,4271,7,1,0.18699171662206285,0.08540052562477796,3.9997316423544804,-0.3218724607886335,0.3100001966422563,0.8786764861408329,18.441934530713098
7991,4272,9,1,0.14985575549171332,0.036878058967654316,3.857335072965378,2.0204732133871204,0.2519842200340722,0.7212052866116011,-115.76458795156847
7992,4273,2,2,8.965938452675648,0.6049755138623049,6.004272116207744,0.030447595734274552,13.336394755891124,27.279900390792488,-1.51949112980934
7994,4274,8,2,9.060069940827853,0.6141142234246977,6.0336359025878,-1.6748401826247843,13.473949368866629,27.438659851867325,95.72896263855282
7997,4275,1,1,0.1596484582836386,0.07249462739101428,3.7848689556448676,2.1962324133630484,0.2969138583481517,0.7604630621753427,-125.83484859242432
7998,4276,7,1,0.21641070700451231,0.06274632493388499,3.9544152832636206,-0.5923424302288075,0.3485708076006314,1.0884545661950824,33.938722150708074
8000,4277,1,1,0.1821495204136558,0.06695838955125968,3.9117812363913087,0.6876222149747883,0.31853945080190327,0.6851805774066637,-39.39785099717706
8001,4278,4,2,9.044146493044874,0.617456707122617,5.746732187155316,1.8466078132690806,13.450688995042603,27.503257570223376,-105.57176623533242
8002,4279,3,1,0.15023544951278692,0.035676875800182195,3.832711059690747,2.682803800933245,0.25328823038801807,0.9933774047462787,-153.71333477993517
8006,4280,9,1,0.17292672448485527,0.07032375284107671,3.949216253303039,1.3901649848314892,0.2763399285202166,0.8040236094247265,-79.65058513990738
8008,4281,1,1,0.17037763808763487,0.07105246888241193,3.998646050140657,-1.0288730728353406,0.29886467437784725,0.7014227511527635,58.95008381079168
8011,4282,1,1,0.23245414515681498,0.07810457341858139,3.7849166942930923,0.6935582940167677,0.4272630065133313,1.1561478862827042,-39.737964448799616
8013,4283,4,2,9.381105983654583,0.6338250505078631,5.987222769606122,-1.0791043175782884,13.942478696326935,28.491397350451553,61.56976034942499
8015,4284,3,1,0.18207302937635417,0.06306607817523066,3.898805696700922,-2.0694352227819346,0.30955658606387876,0.7711305218026081,118.56990576140745
8018,4285,8,2,9.017886310025471,0.6116096839475124,5.981268701182751,-1.0715959862389177,13.41231555339019,27.40589112425566,61.16889980161289
8020,4286,1,1,0.263271958132526,0.08172666882256117,4.049413754196236,-0.23588402956827514,0.43903284414952976,1.2023277264255852,13.515163792996225
8024,4287,1,1,0.16009309612612962,0.04650804588823038,3.966008739066467,-1.372050578291761,0.22526074787132092,0.6336328315726459,78.61270697770907
8025,4288,3,1,0.20251104746865484,0.07414408231621299,4.131178867613664,-2.0584342822831054,0.3390133994762734,0.9538189001996173,117.93959834841878
8026,4289,1,1,0.14347063128851648,0.126264140184828,4.014569236537504,1.2935752742627575,0.24172482166065362,0.8892191601111062,-74.11640391156425
8027,4290,7,1,0.13027277160487102,0.04134532340556303,3.949366639122536,-1.9782475911867816,0.22557176533237827,0.5963844679357645,113.34523799305066
8028,4291,7,1,0.1082206742204432,0.05334292028275171,3.863553616099349,-0.24186554622393389,0.16106983781174905,0.5878027958415983,13.85787508114581
8030,4292,8,2,8.772084104403067,0.5964913986006724,5.775039179139673,1.361535694287954,13.05286572685906,26.64882774861052,-78.22077073467457
8031,4293,1,1,0.14235763158768627,0.05077502007080411,4.039911423516644,0.5689919098207823,0.23890094550542681,0.5141012352217454,-32.600835475531
8034,4294,3,1,0.17235081999729465,0.05594874611996806,3.9012409399995156,1.5572413794092501,0.2596825110653712,0.8243852428372942,-89.22335926692816
8035,4295,4,2,8.774215570658265,0.6312129901557086,5.741780177230374,-2.951350595402565,13.055986523543039,26.813630778751364,168.8892552128497
8036,4296,1,1,0.14064255786263177,0.050362808797473936,3.9114259842120633,2.8916174274110413,0.23928793850271673,0.6742883164408586,-165.67747385948812
8041,4297,3,1,0.12800842166387844,0.06071025385800635,3.911580120325209,-3.0631441343372603,0.1556457004747823,0.6043139275543666,175.50523091624478
8043,4298,3,1,0.181751337061991,0.07058666278080822,3.9168062049504337,-2.504311846109948,0.3420858915628251,0.6743924382203574,143.48649825566508
8047,4299,7,1,0.17779612435955355,0.06522034255619905,4.020613536819781,-0.5996480946147981,0.3019493792941829,0.8684598375979979,34.35730576091781
8048,4300,9,1,0.10703962641709117,0.0388040537402746,3.9185142489084237,0.7913095563936661,0.17036072050506876,0.4662068661896417,-45.33869787722205
8049,4301,9,1,0.12262979855248929,0.035099130123340525,3.943845452595138,3.112906908409807,0.17736235024812003,0.6340331678512334,-178.3564277390316
8050,4302,7,1,0.1393719482683378,0.04671484329548776,3.933041549160818,-1.8235200738538733,0.23197910696339144,0.7177719385498392,104.48000482405621
8051,4303,7,1,0.230041227904103,0.054722178879227285,3.9487016551631697,-1.5631570565360626,0.27522529010446806,0.9898594494316295,89.56230207462741
8054,4304,9,1,0.20859266126916426,0.06560693454513546,4.079073602697458,-0.17532297065257332,0.30440601947908663,1.048350476960971,10.045265964893696
8055,4305,7,1,0.16106033755846,0.04524501209086846,3.881897725088892,2.885446536521649,0.245221327722082,0.7585618701072583,-165.3239076290928
8057,4306,3,1,0.14973347936808096,0.06712001418750593,3.874964768853583,-0.7552902288443961,0.2670377316857546,0.6979046782058657,43.27494253977229
8059,4307,7,1,0.14029296545233513,0.06632252690290893,3.886438801688515,-0.44892350057862407,0.22590120447202502,0.7438383571120112,25.721422469285137
8060,4308,1,1,0.13536113983099932,0.0786533041903006,3.8440681675552186,-2.944175382076512,0.22650635700317764,0.7949081003144596,168.68882340024638
8062,4309,8,2,8.755370806981167,0.6068156269383189,5.847919409819778,0.04523402076139548,13.02840709955905,26.620584433874004,-2.382416584037926
8063,4310,1,1,0.13925076360440716,0.08585530161028831,3.95816289508344,1.6207624795186477,0.2335493482459313,0.6377004031087806,-92.86284994020384
8067,4311,1,1,0.14845861466940263,0.03984095727261955,4.103289279148492,-0.0855686511477798,0.20781017246924346,0.644599786783453,4.902722884519097
8069,4312,4,2,9.01010193671928,0.60075009075835,6.080163654815529,0.5446136074307794,13.400941468419495,27.334585144755778,-30.975636072899654
8071,4313,1,1,0.17688817523332284,0.06468910687432802,3.982516578427648,-0.8946497853784605,0.31430607613779665,0.9413519404272961,51.259655891845554
8072,4314,9,1,0.12799891867332955,0.036300163738158656,3.9014957837112307,-2.6946286687757057,0.24890981466373072,0.46661701545297024,154.3908497841211
8074,4315,4,2,9.00297139569884,0.6026817177838679,5.779666121675593,-0.2719971918027761,13.390522843511432,27.38430629691797,15.35641697827418
8081,4316,8,2,9.292872093116838,0.6079828566141576,6.0846633378348685,0.3365167247691738,13.813802375638302,28.225127791994034,-19.0299745941326
8086,4317,9,1,0.14168336500134576,0.045154179410567666,3.9907997558722315,2.7357967020927014,0.2276092260438464,0.6211975583139707,-156.74960430392082
8087,4318,3,1,0.16865017259750897,0.08537024037479349,4.073055064605141,2.648923548798458,0.27009439910226807,0.6756343116888086,-151.77214058409345
8088,4319,2,2,9.188208156017403,0.6153098098339749,5.9272626956504535,0.9466784099202202,13.661071938229094,27.907405387246616,-54.48316016232643
8090,4320,3,1,0.1294517593316725,0.064654733744817,3.982875202027583,1.8347032911199466,0.21645225478294589,0.6470430346859564,-105.12075578987228
8091,4321,3,1,0.12603794449360514,0.04076446322724034,4.154978901917137,-0.17407810740788454,0.23418236054517091,0.8855081010987801,9.973940511566129
8092,4322,6,2,8.769072007502063,0.6152984258849193,5.7493913045920815,1.6761922772782187,13.048458150691493,26.658734071859943,-96.24904474515542
8093,4323,7,1,0.12437259953970077,0.06204550511620708,3.898353662570151,-2.7157641577114613,0.20857939285770644,0.5862178903350813,155.60182418772152
8095,4324,3,1,0.212180692669436,0.08300014908535275,4.0704193466017475,-2.3918942881953607,0.3961817232617756,0.8770009013865919,137.04544931096956
8097,4325,4,2,8.823451039444489,0.6046174206113167,5.777905380039998,0.4869528083585315,13.128026699306,26.805768715380093,-28.114642157062097
8099,4326,1,1,0.1501569522324341,0.0376894420379006,3.868033839684397,0.9973092127045591,0.2642671441847555,0.7019592935311897,-57.14160820285729
8100,4327,7,1,0.15479652507978428,0.07020974128507379,3.9672189690707755,1.5289285302706435,0.267392802776025,0.773698996960533,-87.60115181370165
8101,4328,9,1,0.14135935844351924,0.0672908255797586,3.950904189013868,-0.3102115426456905,0.20830083244225048,0.660886903914975,17.773812429297752
8102,4329,7,1,0.13056091015032753,0.07508973141278832,3.9623245374760763,-1.3985596073869322,0.24358771858576436,1.0519828933964603,80.13156278118498
8103,4330,7,1,0.20116769351118474,0.06459292751220276,3.914993090723607,3.0296588567875586,0.29717708405265264,1.097236514545093,-173.5866653199245
8106,4331,7,1,0.15193208751157317,0.07419690548781255,4.074838161385207,3.057997449690774,0.23694858517209028,0.7346662166380955,-175.2103470204628
8108,4332,3,1,0.15029710920924658,0.06312076797570439,4.074464759714424,2.842795158037279,0.25930204999872636,0.6423307214165556,-162.88016399244978
8112,4333,9,1,0.16753223071150036,0.09321765416999053,4.087992072104536,-2.282694632737273,0.2538766447667207,0.7027545045215995,130.78876838824556
8115,4334,1,1,0.08822043888933251,0.031702617907821036,3.866792123465457,2.1935212410216276,0.15637010462447412,0.4764923057503014,-125.67950947739901
8116,4335,4,2,9.03609047435374,0.5986975859065019,5.809583844590355,2.9497932665045354,13.438915737413845,27.459067970568118,-169.2411452736473
8117,4336,4,2,8.769285053920395,0.6223176400330345,5.989116418465687,0.46511861351641054,13.048768986010185,26.610431524277576,-26.439016345806454
8118,4337,3,1,0.1650828120503264,0.040720184540719864,3.8047626767187355,2.9279139683928497,0.23285553913230655,0.8598038565555194,-167.7571126842789
8120,4338,7,1,0.16863846491086634,0.038875589394324485,3.652064254936267,-2.2744767306854405,0.28512498732950975,0.702768108043657,130.31791754240768
8122,4339,2,2,9.05864849109565,0.6141083552217006,5.974722422612347,2.456490202957296,13.47187278439493,27.583483538351647,-140.97872106949316
8123,4340,3,1,0.18136423065113003,0.08154098870212854,3.935155771042947,0.5511262770480352,0.3197015632345959,0.7782739032383699,-31.577210630300137
8125,4341,3,1,0.14578180336257265,0.04666699244309144,4.016802469395434,0.08050461622764876,0.1881495240672284,0.6066979519715311,-4.612574745928655
8126,4342,3,1,0.24574670910117952,0.1134558247040129,3.8797167016189915,-0.20400885202772265,0.40500201523769985,0.9950047224298944,11.688849079494508
8129,4343,2,2,8.834378180165212,0.6215958465248888,5.893282844018373,2.8634428836817185,13.144012053659347,26.81344122006301,-163.84808074978255
8132,4344,1,1,0.12361422698530525,0.07320158611142755,4.117116662651172,-1.228846088005668,0.20508236227768292,0.6966027317247265,70.40769418202892
8135,4345,3,1,0.164197517876052,0.05842762460866867,3.9511941098345376,-1.7975785471879244,0.2815373213087366,0.8765309339649617,102.99366515717324
8136,4346,1,1,0.0986927697490868,0.07494136778103185,3.824126851211953,2.6139508548486203,0.18640803886092336,0.5764144245547979,-149.7683517632977
8137,4347,9,1,0.16768159882647338,0.06893627311636406,3.840108197414709,0.22902007286738482,0.2810783536968897,0.756369020957526,-13.121884750075026
8140,4348,9,1,0.09838748697146327,0.016830324108448563,4.12909047987362,0.9083175256620156,0.1829206777838928,0.4746271602275442,-52.04276052016318
8143,4349,8,2,9.129806752241043,0.6060925448000365,5.9613694471895045,-0.5333687719135859,13.575805581366858,27.725520823155655,30.321969660423935
8144,4350,7,1,0.1798119830251798,0.05727886150652547,3.9356454241738312,1.3486625974086792,0.2751623826048032,0.8584824787140382,-77.27267388769351
8147,4351,1,1,0.11628041043000427,0.05353634681827615,4.1327421671488604,-1.1671279709897513,0.19660486696150065,0.6887038231508017,66.87150686090335
8151,4352,9,1,0.11171101051936012,0.06360756699312224,3.8098716864447475,-0.5579280821813737,0.19064901982097698,0.6497053832058247,31.9669245529029
8152,4353,7,1,0.1438357570463068,0.04976791651195097,3.7530274218102,-2.430156574823667,0.2784248949004607,0.6953739622120949,139.2377157587479
8153,4354,3,1,0.16763066220514114,0.07739842833596615,3.8671869588429986,0.2528940061138314,0.2501836722860799,0.8874564256755262,-14.489759645302268
8156,4355,7,1,0.24657054536562242,0.08673421170360579,3.996424468255787,-0.6030115815709953,0.4064931697757312,1.316192399225425,34.55001986258352
8160,4356,1,1,0.14157527629272113,0.10202011943480725,4.002280075884431,0.5766737889940391,0.25169077405646867,0.783440909160243,-33.04097469830868
8161,4357,9,1,0.1808969059390514,0.05375172130679325,4.023317052854094,-2.9454017920044455,0.27699726260314245,0.9546729618655782,168.75909070235016
8162,4358,7,1,0.1707445344944336,0.03968933290416645,3.9297365624642433,2.199920145543875,0.28252842102507586,1.2318259148213808,-126.04613940241623
8165,4359,3,1,0.08840126287231248,0.029491196412744093,3.9706370608338117,-1.5912421781548203,0.1494921671151931,0.6562219669714611,91.17146100920486
8168,4360,2,2,8.936583003783912,0.5911114907667643,5.776799751000327,0.26714350387153446,13.293481881768605,27.142825614518703,-15.083406845704513
8169,4361,8,2,8.696634410218067,0.6131537823723991,6.1484205956359785,2.4434253488546815,12.942427329060543,26.38343016720366,-139.7929069853516
8170,4362,6,2,8.876194802976844,0.6141091086523452,5.908939624249051,1.0914058262022022,13.20517780462587,26.96034845042913,-62.75117779623252
8172,4363,3,1,0.1263868502904927,0.06318263022904871,3.958211898383013,1.8066618531902714,0.21836598080755656,0.5936579482506833,-103.51409953775544
8175,4364,7,1,0.11715137374102344,0.06470387827801578,4.018876498876967,0.9033417982411203,0.17846564189452035,0.5854269271407929,-51.75767250662955
8176,4365,3,1,0.18008011978214766,0.07375733757131633,3.8005771071050725,-1.5235599746090671,0.2865134089631174,0.8999763343922873,87.29355525983841
8178,4366,7,1,0.27992246879138094,0.08716095267208972,3.772086421392681,-1.537055155360322,0.40948187605852615,1.2030056469615775,88.06676974126451
8179,4367,6,2,8.70139537618678,0.6113100949647293,5.745891593276312,-2.4369306217200264,12.949395751373274,26.37742125613561,139.42044435661333
8181,4368,9,1,0.4901996442203835,0.124267471086702,3.951908959277115,1.0991136270138937,0.8099641970493435,1.7290125954239255,-62.97456218618983
8182,4369,1,1,0.13385445185936767,0.09325709547539213,3.783992847446477,-2.7926670873431325,0.2480874039243481,0.7285272766236371,160.00803717213563
8183,4370,3,1,0.13644536707403232,0.042717105231380524,3.902520421395527,0.21149336548645187,0.24336410122742524,0.7519546510047536,-12.117677829359227
8188,4371,9,1,0.14837319418495915,0.04801192183689439,3.9406380814510458,1.949026933303063,0.23004287670688084,0.6982872494173703,-111.67101811656228
8190,4372,3,1,0.14524378370083463,0.07136591971325373,3.8365775261792243,-0.5383540255143969,0.26149119631269147,0.8530758283097443,30.84541417469477
8191,4373,3,1,0.12473398539847494,0.044615132072113206,3.954314688570991,0.8040648801603739,0.23190105545396325,0.7299716345673611,-46.06952411037362
