net,local_idx,best_k,gcd_k_n,phase_mae_deg,radius_cv,mean_radius,phi,mean_abs_deg,max_abs_deg,gauge_deg,rho_even,rho_odd,q_odd_over_even,radius_parity_separation,domain_exact,f_decoder_exact,q_certified,q_break_at,composition_exact,substitution_exact,family
0,0,9,1,0.21253339116728884,0.09050388006293356,3.8540633072657746,0.23461102174495688,0.38262690211250616,1.0024627576576803,-13.442223206945219,3.8530008878756923,3.855125726655858,1.0005514763276728,0.0005513243065207991,True,True,False,gcd_k_not_2,False,True,FAMILY_F
1,1,3,1,0.2336432185913433,0.09301038758529205,3.947668786492925,-0.8010849867291002,0.3960669228389166,0.8119291133369423,45.898787297617076,3.9732534178199885,3.9220841551658623,0.9871215708455361,0.01296189356847857,True,True,False,gcd_k_not_2,False,True,FAMILY_F
5,2,2,2,9.125798697073815,0.5917928055548958,6.028503740736136,-2.7949570611771635,13.569953055666714,27.712437405007773,159.90175204315707,9.41200018599042,2.6450072954818493,0.28102499396662695,1.1224995756048515,True,False,True,,False,False,FAMILY_Q
6,3,1,1,0.2309266806354967,0.03788125362439944,3.9169240405856627,-2.773703662719862,0.3532085293205405,1.0327465067760262,158.9215108854057,3.8856713981031015,3.948176683068225,1.0160860964711624,0.01595774753798326,True,True,False,gcd_k_not_2,False,True,FAMILY_F
8,4,6,2,8.988556672081618,0.5735734605291753,5.720159034508959,-2.6658365166116496,13.369453707026661,27.328088745261468,152.51441799850272,8.832210144525892,2.6081079244920287,0.29529504867006656,1.0880995060600032,True,False,True,,False,False,FAMILY_Q
11,5,7,1,0.187471267202653,0.06624303015319916,3.9649018391137583,1.842121815599357,0.3249628404307152,0.8502558728196105,-105.5458063901849,3.9475918904111618,3.982211787816355,1.0087698775269263,0.008731590039296343,True,True,False,gcd_k_not_2,False,True,FAMILY_F
13,6,1,1,0.1691001480280841,0.027656715198373136,3.8541801984352047,-2.781978298386762,0.2781460851906869,0.7983352579003221,159.39561469232197,3.8619558816437936,3.8464045152266158,0.9959731890022113,0.004034934958020813,True,True,False,gcd_k_not_2,False,True,FAMILY_F
14,7,4,2,8.940918395269422,0.5908761219040366,5.899418854409077,1.5082203999883788,13.299819935207747,27.241811885461942,-86.63778158747738,9.203572196317879,2.5952655125002764,0.2819845878471598,1.120162315459042,True,False,True,,False,False,FAMILY_Q
16,8,8,2,8.928760951296072,0.5870071994865071,5.692526891146754,0.17255414345002634,13.28204435880329,27.072021504812188,-9.664429742814376,8.862404536401488,2.522649245892019,0.28464614039344244,1.1136979081063827,True,False,True,,False,False,FAMILY_Q
17,9,3,1,0.14794150029715483,0.10175837546418387,3.933447476476162,0.7960454560148418,0.24398457995944176,0.6822479794933844,-45.61004494870405,3.8474528018295233,4.019442151122801,1.044702133632801,0.04372483688211264,True,True,False,gcd_k_not_2,False,True,FAMILY_F
20,10,1,1,0.1634270597065046,0.0316103552129838,3.935052063000762,-0.42063223691744833,0.25321209115705845,0.6966767431553602,24.10045295855807,3.9659583875175435,3.9041457384839804,0.9844141962688988,0.015708216319360837,True,True,False,gcd_k_not_2,False,True,FAMILY_F
21,11,1,1,0.19781363769322238,0.0650360264405594,4.07059159470019,0.1304842816553779,0.29318756522539774,0.8108994845100289,-7.476200168683513,3.907049133993516,4.234134055406862,1.0837166132791942,0.08035316582464397,True,True,False,gcd_k_not_2,True,True,FAMILY_F
23,12,9,1,0.18745971369999717,0.0889924151869436,3.9211030445147883,-1.930489436182399,0.3424784325628351,0.9512526415064989,110.60889768915605,3.630557900997129,4.211648188032449,1.1600553696928297,0.14819561751844393,True,True,False,gcd_k_not_2,False,True,FAMILY_F
25,13,1,1,0.1433152506799298,0.04805103482743134,3.9401643677857274,-1.2954035179552932,0.23724583935762056,0.720116220845307,74.22115352956985,3.9363998847045814,3.943928850866873,1.0019126527748226,0.0019108254020688974,True,True,False,gcd_k_not_2,False,True,FAMILY_F
29,14,9,1,0.1545001007189226,0.06649747946586312,3.9196173282658195,2.0170392465511413,0.263602644327742,0.8761273642282419,-115.56783652358854,3.9087184620897597,3.93051619444188,1.0055766954216667,0.00556118889334644,True,True,False,gcd_k_not_2,False,True,FAMILY_F
30,15,7,1,0.16485431729387143,0.04164123517836744,3.9432368648001868,-1.8142244767897957,0.2631689488734622,0.7681097432123306,103.94740647870168,3.9188520571094423,3.967621672490931,1.012444872802231,0.012367914242442995,True,True,False,gcd_k_not_2,False,True,FAMILY_F
31,16,1,1,0.1945477113764823,0.04851698644970782,3.9378599332891304,1.4747225708201424,0.2585684151454181,0.8006755227699603,-84.49537914875386,4.020851981755216,3.854867884823045,0.9587191725322566,0.04215083820757725,True,True,False,gcd_k_not_2,False,True,FAMILY_F
34,17,1,1,0.17597294314928255,0.10459775024151813,3.935665281364198,-1.337543828073412,0.3196561417760522,1.1178667300831506,76.63561524792178,3.9727758811314695,3.898554681596926,0.981317546784591,0.0188586158192845,True,True,False,gcd_k_not_2,False,True,FAMILY_F
38,18,9,1,0.26821067270940885,0.08745095159603582,4.1587634519498256,1.2924875878702995,0.49789613602682126,1.0995690388150654,-74.05408165687905,4.221489745785807,4.096037158113843,0.9702823895765232,0.030165838745444016,True,True,False,gcd_k_not_2,False,True,FAMILY_F
40,19,9,1,0.21541909390949004,0.04846878373087241,3.8591151181556915,-0.11697489292336596,0.2945101222876346,0.941317387571165,6.702167433743808,3.8360856822391503,3.8821445540722324,1.0120067369835695,0.01193508626275292,True,True,False,gcd_k_not_2,True,True,FAMILY_F
41,20,6,2,9.325331922917519,0.5662689692688463,5.70431839259629,-2.288733688976925,13.861150502308737,28.458583135299275,130.8810805143698,8.76699620250451,2.641640582688073,0.30131649674188554,1.0738102606205528,True,False,True,,False,False,FAMILY_Q
42,21,3,1,0.14164496564635043,0.0945175888859405,3.9851352863997414,-2.250081956137278,0.23675218618636923,0.5116179559811534,128.92019981938003,4.284153524575439,3.6861170482240437,0.8604073189905909,0.1500667940665258,True,True,False,gcd_k_not_2,False,True,FAMILY_F
43,22,3,1,0.27390087385838696,0.06604285773941153,3.8013601657274805,1.7833777278356342,0.4330480381907661,1.2857323080884395,-102.1800202257061,3.8160811241412156,3.7866392073137463,0.9922847770082207,0.007745100580816686,True,True,False,gcd_k_not_2,False,True,FAMILY_F
47,23,1,1,0.13566925334875693,0.04492546167886255,4.065395128542862,-0.3694770153005262,0.23180428023233154,0.6068395915835186,21.16947430733178,4.053893819957596,4.0768964371281315,1.0056742031716008,0.005658150424059929,True,True,False,gcd_k_not_2,False,True,FAMILY_F
48,24,1,1,0.16465955436930219,0.051266448920710105,4.002670941806543,1.8818510713451544,0.30908958689769744,0.8382747396328318,-107.82212484090313,4.099865573011899,3.9054763106011876,0.9525864302258314,0.0485648871058525,True,True,False,gcd_k_not_2,False,True,FAMILY_F
53,25,1,1,0.19266149180858513,0.07499602774320287,4.058127049688071,-1.5998090111712193,0.27376542161923867,0.8080152799116245,91.66230482362386,3.913943733160342,4.202310366215801,1.0736767446635251,0.07105904510249968,True,True,False,gcd_k_not_2,False,True,FAMILY_F
55,26,1,1,0.16991702247078858,0.10893798046173779,3.8970072262624953,1.8304642695668911,0.32639298508970566,1.0568672427581909,-104.87787835162145,3.974006464198061,3.820007988326931,0.9612485592918616,0.03951711324354548,True,True,False,gcd_k_not_2,False,True,FAMILY_F
56,27,4,2,8.838328024348481,0.5917569681299294,5.959211459774948,0.34558308188976117,13.149790356591637,26.878152671190385,-20.015856709318225,9.30308057184762,2.615342347702275,0.2811264857381387,1.1222522089185791,True,False,True,,False,False,FAMILY_Q
57,28,7,1,0.22060505896243704,0.07566484101302563,3.922312660498529,0.3939497139609231,0.39853365114034056,1.1878285087404763,-22.57165815921182,3.917363750737411,3.9272615702596467,1.0025266531657604,0.0025234652050858883,True,True,False,gcd_k_not_2,False,True,FAMILY_F
65,29,9,1,0.2154380181183423,0.08413396932080695,3.8389251244184224,-1.2348837235384078,0.394528241966913,1.1574517430500153,70.75362394054102,3.7484104251426418,3.929439823694203,1.0482949778757678,0.047156272311767534,True,True,False,gcd_k_not_2,False,True,FAMILY_F
68,30,9,1,0.28265272296994776,0.08254914920358263,3.953666521562487,-0.3587743767971943,0.4530226028745421,1.337269565527471,20.55625967754612,3.873197995263763,4.034135047861211,1.0415514654283735,0.04070577316516963,True,True,False,gcd_k_not_2,False,True,FAMILY_F
69,31,2,2,9.193337735075737,0.5597276367305616,5.935033609706544,-2.6149129605571417,13.668560805238819,27.92822756848466,150.06637256113987,9.084790145122495,2.7852770742905912,0.30658683687767624,1.0614115243642879,True,False,True,,False,False,FAMILY_Q
70,32,9,1,0.1780385550998773,0.027811601062599903,3.9454889073497186,1.5387873542785147,0.2772849084711796,1.1832594808368562,-88.16602110477727,3.969191095888646,3.9217867188107918,0.9880569174089511,0.012014829642417301,True,True,False,gcd_k_not_2,False,True,FAMILY_F
74,33,9,1,0.1722447932683102,0.05553411292962445,4.0269189266485865,-1.874835709979025,0.2760845715387824,0.8814475052915852,107.42017418598297,4.034013636702392,4.019824216594782,0.996482555245101,0.003523641862693078,True,True,False,gcd_k_not_2,False,True,FAMILY_F
75,34,3,1,0.19645185413819216,0.023069919170243765,3.880074098956033,1.6076407473673469,0.26063795339140944,0.866808912110193,-92.11103018457898,3.8100246927406913,3.9501235051713754,1.0367711035305407,0.03610725178376848,True,True,False,gcd_k_not_2,False,True,FAMILY_F
76,35,9,1,0.2118873915793448,0.08185913860510735,4.0678957530285365,1.44139059902292,0.3640983272723353,1.1169040720810928,-82.5855966278986,4.084375733284576,4.051415772772496,0.9919302329990161,0.008102459481057504,True,True,False,gcd_k_not_2,False,True,FAMILY_F
77,36,7,1,0.1992315910658391,0.056192677776277386,3.978446149455307,2.827472859343552,0.3028707948567414,0.9846273405677557,-162.00226121687697,4.04753274044257,3.9093595584680436,0.965862368303062,0.034730439167423105,True,True,False,gcd_k_not_2,False,True,FAMILY_F
82,37,6,2,9.071679012896398,0.5602053867042973,6.0252682868483065,-1.5027211341322124,13.490908459797513,27.493746124083028,85.86635830869622,9.227243690241446,2.8232928834551663,0.30597359062284507,1.0628490719267298,True,False,True,,False,False,FAMILY_Q
84,38,9,1,0.14123707794521528,0.03316736877715803,4.093433303256667,0.29007106577131986,0.21712221039319068,0.7845127229993549,-16.619848167241475,4.017821434097407,4.169045172415926,1.0376382427141115,0.03694300776763777,True,True,False,gcd_k_not_2,False,True,FAMILY_F
86,39,2,2,9.213082530840207,0.5637379697887859,5.971545192739933,-0.3518747125688888,13.697381881144123,28.082489474505874,19.916444083052237,9.162302128314648,2.780788257165219,0.3035032263967406,1.0686537010400468,True,False,True,,False,False,FAMILY_Q
87,40,7,1,0.1312123403462566,0.03724813279940568,3.98287105067899,2.353264578149306,0.2465360254147591,0.6568397199746614,-134.8321284706934,3.993087502305998,3.972654599051983,0.9948829312550213,0.0051301945240059404,True,True,False,gcd_k_not_2,False,True,FAMILY_F
88,41,3,1,0.407672263078983,0.1169684763140267,4.083775387320436,-0.33704324477175596,0.6174121341449018,1.7562660400805248,19.311162366404506,4.043628778192554,4.123921996448319,1.0198567234185267,0.019661516768298325,True,True,False,gcd_k_not_2,False,True,FAMILY_F
90,42,1,1,0.2566545852910057,0.0835092148944002,3.9747747125133666,-1.2659270993442513,0.45095722436470537,1.3079549326512712,72.53228088767948,3.7957771246076937,4.153772300419039,1.0943140664109317,0.09006678408321021,True,True,False,gcd_k_not_2,False,True,FAMILY_F
91,43,3,1,0.14558844863843745,0.05632133829280165,3.937192441458051,-1.2706132507233865,0.2776878562532912,0.8391031750453142,72.80077564706592,4.030156000813344,3.8442288821027595,0.9538660243739792,0.04722327431923303,True,True,False,gcd_k_not_2,False,True,FAMILY_F
93,44,9,1,0.2953154324565077,0.09350503887834857,3.980241409275229,0.647648615893219,0.5463314147932411,2.0409879069062153,-37.107534034362644,3.9883477827123066,3.972135035838152,0.9959349716330081,0.00407330742210097,True,True,False,gcd_k_not_2,False,True,FAMILY_F
94,45,9,1,0.19219457901967657,0.07164011848918626,3.8853664187310537,2.9650727919245843,0.2654535817388117,0.9407695470779287,-169.8861565428164,3.798086782567341,3.972646054894767,1.0459597903683053,0.044927364247008834,True,True,False,gcd_k_not_2,False,True,FAMILY_F
95,46,7,1,0.23820308130181278,0.0682065721672872,3.9472165115575804,-2.7576377153661897,0.3619444528040982,1.1351923964895003,158.00099991712125,3.9434442262278298,3.9509887968873314,1.0019131931952587,0.0019113647902036525,True,True,False,gcd_k_not_2,False,True,FAMILY_F
103,47,1,1,0.16470789468647148,0.030933753778327647,3.9955307489630507,1.4593714880042739,0.25014725909891505,0.8980571890722678,-83.61582679120758,3.9724835767442115,4.0185779211818895,1.0116034071751798,0.011536475961207597,True,True,False,gcd_k_not_2,False,True,FAMILY_F
104,48,3,1,0.16956565873093976,0.07412312349471697,3.844262386050031,-0.1377551343006826,0.2687163873945325,0.8452018524557733,7.892788019891207,3.7222972609986895,3.9662275111013727,1.0655321789204006,0.063453069953771,True,True,False,gcd_k_not_2,False,True,FAMILY_F
111,49,9,1,0.19736619535038485,0.08848467196903541,3.9583429902593927,1.5833469724872764,0.331407962924875,1.0234727971251825,-90.71909822571614,3.9875131149409255,3.9291728655778604,0.9853692645813581,0.014738553355944041,True,True,False,gcd_k_not_2,False,True,FAMILY_F
112,50,9,1,0.43056876564326857,0.0971567451690905,4.169340927673759,-0.2850067448459907,0.6845110941093338,1.8290744992494676,16.329705192208827,4.168156657826121,4.170525197521398,1.0005682463231869,0.000568084917104181,True,True,False,gcd_k_not_2,False,True,FAMILY_F
113,51,7,1,0.24942885903994064,0.05425023841443159,3.8504570266714757,0.15519504924809774,0.3802920419160689,1.2612950423095648,-8.892024293311032,3.839539789371016,3.8613742639719364,1.0056867426302925,0.005670618955016689,True,True,False,gcd_k_not_2,True,True,FAMILY_F
115,52,7,1,0.13169069497869085,0.049200810877048445,3.7640945038901834,-1.5991958166893194,0.22282204132810257,0.6632654920548685,91.62717088190418,3.683851509187228,3.844337498593139,1.0435647281128655,0.042636014914091296,True,True,False,gcd_k_not_2,False,True,FAMILY_F
116,53,4,2,9.135665501952845,0.5617671358208398,6.091301137552905,1.1954539235202601,13.584360597706327,27.70277853789752,-68.25618855704123,9.337253087715107,2.8453491873907018,0.3047308625632401,1.0657663697336819,True,False,True,,False,False,FAMILY_Q
117,54,7,1,0.25598564967473875,0.07819736216480488,4.016872501299151,-0.6488654006723252,0.4598404844564089,1.1472120424974952,37.177246823588725,4.103069742114959,3.9306752604833433,0.9579840235562864,0.042917588640381206,True,True,False,gcd_k_not_2,False,True,FAMILY_F
119,55,7,1,0.15547612192741544,0.07710223853822384,3.8740864806134447,-0.9602009287389933,0.25287400435632656,0.7631377302649378,55.015460102989124,3.877887504526543,3.8702854567003464,0.998039641991336,0.0019622813956886465,True,True,False,gcd_k_not_2,False,True,FAMILY_F
122,56,7,1,0.13508837517429878,0.038067730764233976,4.067294747149121,-2.997023305270851,0.2019470961245953,0.6846403178756366,171.7167862796008,4.08420791763147,4.050381576666771,0.9917177720510577,0.008316668219928844,True,True,False,gcd_k_not_2,False,True,FAMILY_F
123,57,6,2,8.920657578709816,0.5900716945399583,6.034686799535436,-1.839074751220863,13.270189447656088,27.219762832839276,105.59280160001369,2.6599652396201385,9.409408359450733,3.537417790013851,1.118441328280729,True,False,True,,False,False,FAMILY_Q
126,58,9,1,0.16748789935917202,0.05094385322366983,3.915212001999926,-1.9861659036154906,0.3038457604926256,0.848280240071197,113.79892503947877,3.940422835579471,3.890001168420381,0.9872039957986705,0.012878400233073958,True,True,False,gcd_k_not_2,False,True,FAMILY_F
127,59,7,1,0.1412214834383116,0.046050989137346794,3.966181252012029,0.1317874638841266,0.23635094529891942,0.9877142471528614,-7.5508654843985274,3.8635999708143394,4.0687625332097195,1.0531013986813282,0.05172798451692087,True,True,False,gcd_k_not_2,True,True,FAMILY_F
130,60,6,2,9.403736623680174,0.5630271487109206,6.131354585061224,1.247172982147746,13.975469031298154,28.695498899936872,-71.71801932045567,9.40574858323597,2.8569605868864807,0.3037462208992585,1.0680817599923713,True,False,True,,False,False,FAMILY_Q
131,61,9,1,0.19860471091518853,0.06666454519393693,3.8628230564552766,-1.6135395749813,0.32803275786543606,1.1670349338518895,92.44900928440867,3.734637596505985,3.9910085164045683,1.0686467999300484,0.06636879715993063,True,True,False,gcd_k_not_2,False,True,FAMILY_F
132,62,2,2,9.299865215869788,0.5616584780473869,6.110620122891588,-1.5195508365546184,13.824005170107371,28.304751603031214,86.81225907461638,9.364051176350952,2.8571890694322257,0.30512317966054037,1.0648448072467698,True,False,True,,False,False,FAMILY_Q
135,63,1,1,0.16365177438940898,0.04984227493799486,3.8437662095941683,2.6841007807488415,0.32538489412144583,1.3730693744533327,-153.78764631153172,3.8350717949895285,3.852460624198808,1.00453416002068,0.004523903968424595,True,True,False,gcd_k_not_2,False,True,FAMILY_F
137,64,9,1,0.1948540772645329,0.050115451665079316,4.047095023801651,1.7322949892043036,0.2924318634011805,1.0678810364006366,-99.25319281806391,4.0574395985081235,4.0367504490951776,0.9949009347124839,0.0051120987501577266,True,True,False,gcd_k_not_2,False,True,FAMILY_F
138,65,4,2,9.207794022158998,0.558566162149483,5.873928347159804,-2.454180261838969,13.689659058160574,27.96792783363011,140.8582349268009,8.986368520686806,2.761488173632801,0.30729745472554326,1.0597474090850796,True,False,True,,False,False,FAMILY_Q
139,66,7,1,0.1720441021878961,0.02687206279261012,3.976462788383607,-1.5215094383597008,0.28891866261944754,1.0780708612432666,87.17606979984426,3.974218841303549,3.978706735463665,1.0011292518956112,0.0011286146504944769,True,True,False,gcd_k_not_2,False,True,FAMILY_F
140,67,7,1,0.19717431775228475,0.04387749281634813,3.990585052049307,-0.7332102189532236,0.3484113398792134,0.9201781562659735,42.00985104475173,4.0086168385901635,3.97255326550845,0.9910034871044454,0.009037164378489735,True,True,False,gcd_k_not_2,False,True,FAMILY_F
141,68,1,1,0.23682682824751403,0.029977393735518432,3.9083036528217803,1.5959201102185225,0.2834506856606418,1.0720779404139187,-91.43948703805559,3.9342205695383883,3.8823867361051727,0.98682487864698,0.013262488802729474,True,True,False,gcd_k_not_2,False,True,FAMILY_F
142,69,3,1,0.13246628272916158,0.04452656351630356,3.8925438261883287,-2.0667648149066595,0.23308941133338837,0.8170154638500626,118.41690144571075,3.9915352716925283,3.7935523806841283,0.9503993131634161,0.05086208398641708,True,True,False,gcd_k_not_2,False,True,FAMILY_F
143,70,1,1,0.14468738283923815,0.051575921206315496,3.934961995606077,-0.3683751238743941,0.2704928300975401,0.7869188316841854,21.106340383662275,4.002773982175599,3.8671500090365547,0.966117504075179,0.03446639974934624,True,True,False,gcd_k_not_2,False,True,FAMILY_F
144,71,1,1,0.17480686485037766,0.06559204033551082,3.9949951779555413,1.0441461565211232,0.296672251307487,0.857590183383961,-59.825167580657904,3.9289556694940773,4.061034686417004,1.0336168254451021,0.033061120486888605,True,True,False,gcd_k_not_2,False,True,FAMILY_F
145,72,6,2,9.476955007813533,0.5552788306716107,6.39106357157804,-0.460386249706453,14.082175731511079,28.843839207039938,26.111677447099737,3.025126267064054,9.757000876092025,3.225320206406257,1.0533261848568625,True,False,True,,False,False,FAMILY_Q
147,73,2,2,9.173429519658113,0.5841201805513176,6.176510462938317,1.9982519021425815,13.639497878501356,27.839026168952504,-114.73269476596151,9.59848966181475,2.7545312640618835,0.286975488968865,1.108062301330099,True,False,True,,False,False,FAMILY_Q
148,74,3,1,0.30783785564481164,0.08222422192528944,3.8827543327910776,-2.7359924195749916,0.4838840349382444,1.3006976162321167,156.7608111847521,3.8819344442135497,3.8835742213686046,1.0004224123767724,0.000422323179503398,True,True,False,gcd_k_not_2,False,True,FAMILY_F
149,75,1,1,0.25216340254941894,0.07655977787733075,3.8377883564473456,0.32098755258697603,0.42633707791633313,1.240462254596011,-18.391236828255757,3.8327539680727947,3.842822744821897,1.0026270344595496,0.0026235883310728055,True,True,False,gcd_k_not_2,False,True,FAMILY_F
151,76,3,1,0.1957746024141726,0.0730995813918394,3.884439113819218,2.7435427054905563,0.3080534293580292,0.7395565004965424,-157.1934170996005,3.87637661215426,3.892501615484176,1.0041598133884504,0.0041511793227880876,True,True,False,gcd_k_not_2,False,True,FAMILY_F
152,77,3,1,0.1477105042960022,0.09142281476401011,4.018526816559655,-1.9512673570332806,0.25391041019539856,0.8372560849064093,111.79938469699358,4.0285902508857605,4.008463382233547,0.9950039921166497,0.005008519184013962,True,True,False,gcd_k_not_2,False,True,FAMILY_F
155,78,7,1,0.19039500790615368,0.04618643591099371,3.9663816148512874,-2.916928644995362,0.31343027953602653,1.2065141760944715,167.12769947888515,4.076981506549322,3.855781723153251,0.9457442269383042,0.05576865891265587,True,True,False,gcd_k_not_2,False,True,FAMILY_F
157,79,4,2,9.242264511921523,0.5609204258537955,5.76990928248078,-0.03484761076394727,13.739965539634744,28.037331316410878,2.2434844719732663,8.839720443960182,2.7000981210013792,0.3054506234805474,1.064076057764129,True,False,True,,False,False,FAMILY_Q
159,80,7,1,0.1951985967335654,0.07232407827579679,3.8253528056540453,-1.908492472773173,0.33311961632346354,0.9793579606729461,109.3485660522271,3.867421932007985,3.783283679300106,0.9782443565281759,0.02199490007392749,True,True,False,gcd_k_not_2,False,True,FAMILY_F
160,81,9,1,0.18208026132829874,0.09621331918402809,3.919350508860075,-2.9743312260409183,0.3510017469481126,0.8083344122014675,170.4166244419272,3.9349664881925337,3.903734529527617,0.9920629670522906,0.007968656693070418,True,True,False,gcd_k_not_2,False,True,FAMILY_F
161,82,1,1,0.1514557690819734,0.07079313846886628,3.9456537020384816,-2.078784753056793,0.2376313674994228,0.6737818511687954,119.10559365234936,3.939511834429107,3.9517955696478553,1.0031180856245678,0.0031132319626534593,True,True,False,gcd_k_not_2,False,True,FAMILY_F
162,83,3,1,0.22043835012721763,0.05726734751618313,3.9190132595834037,-1.0410963406725005,0.35073163390076284,0.8614612404873736,59.65042438438149,3.9175116260126828,3.920514893154124,1.0007666262230082,0.0007663324777217796,True,True,False,gcd_k_not_2,False,True,FAMILY_F
163,84,9,1,0.16718826521058808,0.07108153629324424,3.9868598303902054,0.6161128287286213,0.277356571584384,0.7870344702947768,-35.300665975408,4.05496698883531,3.918752671945101,0.9664080330949049,0.03416581537477262,True,True,False,gcd_k_not_2,False,True,FAMILY_F
165,85,8,2,9.233065085207697,0.5754368589779297,5.763644907473952,2.5030709063568413,13.72654879035243,28.062926559927877,-143.6615129570126,8.906135087867101,2.6211547270808033,0.29430888945886563,1.0904523893615148,True,False,True,,False,False,FAMILY_Q
166,86,7,1,0.12643655748271826,0.04572544096146192,4.005653045186493,2.9396670813074066,0.19753754973219276,0.6003712608713643,-168.4305167186593,4.055207134360733,3.95609895601225,0.9755602673144077,0.024742077566498048,True,True,False,gcd_k_not_2,False,True,FAMILY_F
168,87,6,2,9.26182798231407,0.5601207559930392,5.687579650650571,0.17799491374388485,13.76851727797895,28.19212282949596,-10.446819453440137,8.70640817722765,2.6687511240734927,0.306527223367937,1.061551208775343,True,False,True,,False,False,FAMILY_Q
169,88,3,1,0.1853293411679832,0.0511764519415476,3.9573930518673235,-1.3611510861289575,0.2669409345052114,0.8590789494529019,77.98821242243135,4.032008153465453,3.882777950269194,0.9629886157179524,0.03770921948878538,True,True,False,gcd_k_not_2,False,True,FAMILY_F
171,89,1,1,0.19757033534064683,0.044493208156519255,3.9043286224379763,-1.6143281350860428,0.285128357394893,0.9749467079629291,92.49418979906389,3.8712439368803784,3.937413307995574,1.0170925346462456,0.01694769511329652,True,True,False,gcd_k_not_2,False,True,FAMILY_F
174,90,7,1,0.23648936712926505,0.06611545012578103,4.039871098826451,-2.77480156175307,0.3925206971272153,1.13455773323328,158.98441516560558,4.13177639641826,3.947965801234642,0.9555129374031568,0.045499123780710145,True,True,False,gcd_k_not_2,False,True,FAMILY_F
177,91,7,1,0.1799524224881777,0.06060644137883981,3.9714671528028695,-2.8789792711885185,0.284663571221529,0.6311493714434705,164.95336048851536,4.021221178152278,3.9217131274534607,0.9752542707077503,0.025055740579042626,True,True,False,gcd_k_not_2,False,True,FAMILY_F
178,92,3,1,0.17397021171499416,0.05340814816840892,3.8126723758598344,1.5840718014184223,0.25738680878640835,1.0134103117538718,-90.76062878002838,3.81369496615889,3.8116497855607805,0.999463727273351,0.0005364165594344892,True,True,False,gcd_k_not_2,False,True,FAMILY_F
180,93,3,1,0.29507924398121604,0.09094038949439305,4.089295240762879,2.2841106124330985,0.5073085171059104,1.3042848572598789,-130.86989829050614,4.065396348459451,4.1131941330663055,1.011757226235756,0.011688513984120484,True,True,False,gcd_k_not_2,False,True,FAMILY_F
181,94,3,1,0.4040669550192636,0.12254339655868246,3.90028418702065,-2.4876247641431983,0.6779882282492747,1.7964196041237193,142.53038869332764,3.84812819647871,3.9524401775625906,1.0271072001133779,0.026744712970149555,True,True,False,gcd_k_not_2,False,True,FAMILY_F
182,95,1,1,0.1378360699003854,0.041652705040059086,3.9235161462544106,0.3729610387033263,0.2316942830380301,0.5438075612895936,-21.369093779466674,3.855880541784894,3.9911517507239282,1.0350817945403508,0.034477036386908015,True,True,False,gcd_k_not_2,False,True,FAMILY_F
183,96,8,2,9.064700538882297,0.5495109888281944,5.769881405414805,-0.6696145598230876,13.480718427145277,27.56553753374734,38.13341454189341,8.775212202285946,2.764550608543663,0.31504088389150253,1.041730526402417,True,False,True,,False,False,FAMILY_Q
185,97,3,1,0.21911697154300397,0.06367329968292194,3.8065010049854053,2.7551820578807247,0.3655912896251346,0.9608382880667528,-157.86030081179143,3.797461267256536,3.815540742714274,1.00476093742249,0.00474963107432757,True,True,False,gcd_k_not_2,False,True,FAMILY_F
186,98,1,1,0.12235760110898707,0.04953201961192834,3.998534163919087,1.269877918118008,0.21302511718718925,0.7494670569729539,-72.75864559705961,4.027012678448955,3.970055649389219,0.9858562578249261,0.014244477282122383,True,True,False,gcd_k_not_2,False,True,FAMILY_F
188,99,7,1,0.23028437839324045,0.049802994754365934,4.0220062361610305,2.7213332123398777,0.3975735844568658,1.0430291412513635,-155.92090406266462,4.023270245903069,4.020742226418991,0.9993716505902999,0.0006285468832316628,True,True,False,gcd_k_not_2,False,True,FAMILY_F
189,100,7,1,0.18570593600228116,0.063608540691114,4.002905236968426,-2.3219600906875146,0.28802673373654947,0.766019462801328,133.03851358726678,4.018981239095436,3.986829234841418,0.9919999615969208,0.00803216722621395,True,True,False,gcd_k_not_2,False,True,FAMILY_F
191,101,1,1,0.12206709319614886,0.09052406277208229,3.865595445284979,-0.3298143472296651,0.20811946146245716,0.5321803886051765,18.896970342969777,3.9206795471591676,3.8105113434107905,0.971900737506537,0.02849967238106969,True,True,False,gcd_k_not_2,False,True,FAMILY_F
194,102,7,1,0.1896462856809235,0.06387641792165077,4.071556080563288,1.586292676913969,0.3259618882632445,0.9115501127758697,-90.8878762527198,4.155602503118596,3.987509658007979,0.9595503070891717,0.04128466900236374,True,True,False,gcd_k_not_2,False,True,FAMILY_F
195,103,7,1,0.1388853293067847,0.06899439980903607,3.8970982797767784,-2.687660763447612,0.2567371062095658,0.8543102235108262,153.99161789835165,3.7547618447887814,4.039434714764775,1.0758164916294466,0.07304739309584456,True,True,False,gcd_k_not_2,False,True,FAMILY_F
196,104,7,1,0.10235719437077002,0.07350113419831351,4.018096947212009,-0.009717399395841212,0.1678844240774765,0.6173712380279802,0.5567660197443873,4.183362239142655,3.8528316552813644,0.9209892509980131,0.08226048007393943,True,True,False,gcd_k_not_2,False,True,FAMILY_F
198,105,1,1,0.22774385904903005,0.10718144820628993,3.972324653090413,-1.1881736710927902,0.3560525851376362,1.1199308444404201,68.07733397617878,3.97897891502544,3.965670391155387,0.9966552916830503,0.0033503112238570795,True,True,False,gcd_k_not_2,False,True,FAMILY_F
199,106,4,2,9.08983996746554,0.5778982836516678,6.037207577517069,0.210957839297768,13.517438058093157,27.628713626779728,-11.85234604110419,9.34484410192913,2.7295710531050075,0.2920938030995638,1.0957504713702084,True,False,True,,False,False,FAMILY_Q
202,107,3,1,0.15300383415586527,0.06928416951297053,4.029067311445111,0.4938649185539459,0.280507497152242,0.7035518122382828,-28.29637590151722,4.042501710920586,4.015632911969636,0.9933534229859778,0.006668739158222976,True,True,False,gcd_k_not_2,False,True,FAMILY_F
204,108,1,1,0.12076032693150593,0.07352538353551698,3.8524310411872222,1.253862072446496,0.21549234533991377,0.6444503803450783,-71.84100440087292,3.9134486648679476,3.7914134175064964,0.9688164435483737,0.03167746445211983,True,True,False,gcd_k_not_2,False,True,FAMILY_F
205,109,9,1,0.19725031311846036,0.050785793940929316,3.8918893569266806,-2.112761761143192,0.3427821943841489,0.9357703013030889,121.05233342137606,4.030221958679048,3.7535567551743143,0.9313523656162565,0.07108763331422373,True,True,False,gcd_k_not_2,False,True,FAMILY_F
206,110,3,1,0.22466824750008124,0.03549511308927244,3.832597491846701,-2.6590970280269595,0.40199020679662995,0.9497064331602761,152.35503505917245,3.8495768713770255,3.8156181123163764,0.9911785735951542,0.008860507562532075,True,True,False,gcd_k_not_2,False,True,FAMILY_F
208,111,3,1,0.13756177244813778,0.047526325252444865,4.056154230879088,2.2115923774173116,0.2524330126504995,0.6683848790055779,-126.71490902511734,4.032337479334926,4.079970982423251,1.0118128761127854,0.011743513776102507,True,True,False,gcd_k_not_2,False,True,FAMILY_F
209,112,3,1,0.1227043521904244,0.03991759106184435,3.981138473811825,-1.618014598471522,0.17900440073158844,0.694568614771098,92.7054077679373,4.0849757122035415,3.877301235420107,0.9491613925235777,0.05216459516531013,True,True,False,gcd_k_not_2,False,True,FAMILY_F
211,113,3,1,0.17529482595348572,0.050983007859879574,3.923999190562813,0.6736960746767026,0.3238306181273917,1.1035934447840692,-38.5999412224867,3.9175975006929074,3.93040088043272,1.0032681713058955,0.0032628395466046092,True,True,False,gcd_k_not_2,False,True,FAMILY_F
213,114,8,2,8.830499602683167,0.5806061391390956,5.736620977269372,-1.054147562142351,13.138341312794154,26.872701869687322,60.61302985828354,8.89375730588786,2.5794846486508822,0.2900331727000474,1.1006954585733444,True,False,True,,False,False,FAMILY_Q
215,115,6,2,9.111275424572792,0.5576898103544548,5.818239066782052,-2.2354182340726223,13.548744316893778,27.662399134696166,127.84369012918619,8.895671048253885,2.740807085310219,0.3081057146158982,1.057856834739483,True,False,True,,False,False,FAMILY_Q
216,116,3,1,0.15008967682805174,0.05309160100354935,3.9350456725547227,-2.881121415657986,0.2625903799682047,0.7631096945723371,165.07609649339867,3.983572563269071,3.8865187818403752,0.9756364971674949,0.024663952976608335,True,True,False,gcd_k_not_2,False,True,FAMILY_F
217,117,2,2,8.909237407227668,0.6174287799601261,5.738227068372781,-0.31686977226756174,13.253495031221604,27.30684231467051,18.37601697334748,9.09889240318592,2.3775617335596424,0.2613023243056654,1.1713253221839266,True,False,True,,False,False,FAMILY_Q
219,118,7,1,0.2061763412958727,0.07543466279070764,3.770478226833206,1.0011610838356262,0.35544672058155574,0.7835837374139406,-57.36230328684759,3.761792716425957,3.779163737240456,1.0046177506641043,0.004607113413591727,True,True,False,gcd_k_not_2,False,True,FAMILY_F
220,119,1,1,0.23804941728952184,0.07327263959349359,3.738823963373253,-0.5860259439169206,0.3812464544587911,1.0931124089034119,33.576815179331255,3.736645118856785,3.7410028078897204,1.0011662036116153,0.0011655239924705393,True,True,False,gcd_k_not_2,False,True,FAMILY_F
222,120,6,2,8.850824259297937,0.6230351855200279,6.048411542775301,1.5297456043334068,13.168070322802961,26.869676324422624,-87.43163255306642,9.621243539848058,2.475579545702544,0.25730349049470574,1.1814116720746057,True,False,True,,False,False,FAMILY_Q
224,121,9,1,0.22194423818539086,0.06868973617940316,4.036709870158492,-1.671593417622548,0.2996400046674492,1.0238780073317928,95.77524858486449,4.005106168928325,4.068313571388659,1.0157817046026638,0.015658148465807886,True,True,False,gcd_k_not_2,False,True,FAMILY_F
225,122,8,2,9.12519103873611,0.5739224864496865,5.957775675983717,-0.702634348707845,13.569065528800701,27.685418239363827,40.495425954346125,9.200893626635263,2.71465772533217,0.29504283339105525,1.0887009270002634,True,False,True,,False,False,FAMILY_Q
226,123,3,1,0.1986359368819436,0.0840327777451186,4.001009047507988,-3.035384066053678,0.3129862676164936,1.0345852246229081,173.91469607382408,4.04010195835967,3.961916136656305,0.9806475622374864,0.01954152584385246,True,True,False,gcd_k_not_2,False,True,FAMILY_F
228,124,2,2,8.901754227619284,0.5761930428309622,5.749336069036971,1.5106497787429094,13.242557579438527,27.06539038053186,-86.77400826836009,8.89000938538959,2.6086627526843538,0.29343757015280514,1.0925342608746436,True,False,True,,False,False,FAMILY_Q
232,125,9,1,0.12176521713086391,0.061963019765248095,3.9691283929165615,0.639234810114053,0.19897998728094946,0.7262555446925711,-36.625456795053466,4.049629562157837,3.888627223675285,0.960242699730599,0.04056365089370307,True,True,False,gcd_k_not_2,False,True,FAMILY_F
233,126,3,1,0.15675715198751966,0.04221487013420846,3.909744897302248,2.6862256898442496,0.2527690172343314,0.698570951163988,-153.909394997862,4.004952527755114,3.814537266849382,0.9524550516925941,0.04870273276323459,True,True,False,gcd_k_not_2,False,True,FAMILY_F
234,127,7,1,0.24983772012019104,0.1007433304503073,3.90702270894619,-1.7005038009873736,0.4176389875195409,1.1237522542753042,97.43169504994556,3.8756399982911454,3.938405419601235,1.0161948533242933,0.016064770027154226,True,True,False,gcd_k_not_2,False,True,FAMILY_F
235,128,9,1,0.561686792970704,0.1065962655725896,4.023337083993542,-0.20795364170617361,0.9367612210555736,2.4395392420358037,11.914918337359632,4.002645845135923,4.04402832285116,1.0103387807256357,0.010285610390407736,True,True,False,gcd_k_not_2,False,True,FAMILY_F
239,129,1,1,0.16063166995809883,0.0700694394034081,4.039690565424171,-0.7243406362495995,0.2741688609058679,1.1206024388267033,41.50166075660082,3.9947949292681444,4.084586201580197,1.0224770667585938,0.022227264900083817,True,True,False,gcd_k_not_2,False,True,FAMILY_F
240,130,1,1,0.12156562196144145,0.07152961327649486,3.9793180490010984,-1.8677054177720136,0.20476191926745163,0.6367295143995341,107.01163793055953,4.051185737482286,3.90745036051991,0.9645201710618915,0.036120605388266794,True,True,False,gcd_k_not_2,False,True,FAMILY_F
244,131,7,1,0.1598200901085778,0.07997850382074877,3.7949221497288703,2.703234637756365,0.26205707737083545,0.9454945204193654,-154.88393519735018,3.8075274751653994,3.782316824292342,0.9933787343525441,0.006643259038886572,True,True,False,gcd_k_not_2,False,True,FAMILY_F
246,132,7,1,0.11894061960408173,0.04482075408253417,3.8762002520418433,-1.6873708464659836,0.18086872598581452,0.6594399140662689,96.67922809271666,3.893071703897268,3.859328800186417,0.9913325758482507,0.008705149764405545,True,True,False,gcd_k_not_2,False,True,FAMILY_F
247,133,3,1,0.29553850029778767,0.07279272059070858,4.012651523111755,-0.6094930570190675,0.5247774914145442,1.1450909395340447,34.921384599304986,4.005885837556537,4.0194172086669715,1.0033778723755862,0.00337217698384657,True,True,False,gcd_k_not_2,False,True,FAMILY_F
248,134,4,2,9.196451485648891,0.5543897015362387,5.736247060448898,-0.6458247559619956,13.673106386657166,27.972232438924415,37.24618015145527,8.751224550419272,2.7212695704785252,0.3109587183828061,1.0512021041626585,True,False,True,,False,False,FAMILY_Q
249,135,2,2,9.060438533012105,0.5522686704196876,5.9225533657761185,0.7739299280517767,13.474489382747823,27.628642989882934,-44.11057847923506,9.02438642255353,2.820720308998708,0.31256643686591606,1.0474647893260247,True,False,True,,False,False,FAMILY_Q
250,136,1,1,0.16489969796100631,0.0615738025863757,3.9828499002301343,0.920928573145638,0.2885091292576403,0.8030658049115756,-52.76532117096122,3.988107843265021,3.977591957195248,0.9973631891405514,0.0026402918345393234,True,True,False,gcd_k_not_2,False,True,FAMILY_F
258,137,3,1,0.1647992303488013,0.046051372749764535,3.931764540482283,-1.5389849983691952,0.22684991507714197,0.8935179758339677,88.17734492325044,3.969616650537888,3.8939124304266786,0.9809290854065339,0.01925451520093396,True,True,False,gcd_k_not_2,False,True,FAMILY_F
259,138,4,2,9.499300264460896,0.5694562013746595,5.946172548511231,1.4569907665486845,14.114737294544597,28.95528502635559,-83.74785795254277,9.154421273627396,2.737923823395066,0.29908213108813775,1.079097082683693,True,False,True,,False,False,FAMILY_Q
261,139,4,2,9.036793246886571,0.5762098471573063,6.091505593241445,1.8859392527393533,13.439942574944125,27.395459130872936,-108.28685494703339,9.420958851766539,2.7620523347163535,0.2931816578519963,1.0931462534382754,True,False,True,,False,False,FAMILY_Q
265,140,1,1,0.14839127042990083,0.022733338697877685,4.132725145335092,-2.831325696246763,0.22083571783444889,0.7258685248895882,162.22301302768304,4.158236083383384,4.107214207286802,0.9877299231997747,0.012345818873092607,True,True,False,gcd_k_not_2,False,True,FAMILY_F
266,141,4,2,9.02144517454999,0.5545292957617584,5.81595993351525,0.9952580697490625,13.417520525305454,27.46538175810175,-57.253390226414446,8.873014835673244,2.7589050313572567,0.3109320881855511,1.051264086102555,True,False,True,,False,False,FAMILY_Q
267,142,7,1,0.1523470714109146,0.07320389810818836,3.913045576267609,0.7761744442166503,0.2482625608890284,0.6089676039924289,-44.47151958135338,3.856184749771746,3.969906402763473,1.0294907169575986,0.02906218462709518,True,True,False,gcd_k_not_2,False,True,FAMILY_F
269,143,7,1,0.15801688414686904,0.047415726464313274,3.969491127108707,-1.777588955221852,0.30183334183068905,1.2273455968846445,101.84834537974159,4.114112075843668,3.8248701783737458,0.9296951827909044,0.07286624108934579,True,True,False,gcd_k_not_2,False,True,FAMILY_F
272,144,4,2,8.827463217270708,0.5609778597965954,6.005420132014828,-0.8936128363395951,13.133898964675275,26.838410849670836,51.41484261433345,9.199023011076067,2.811817252953591,0.3056647700052525,1.0635735082167446,True,False,True,,False,False,FAMILY_Q
273,145,3,1,0.11684777282959723,0.08819930326895901,3.923515877196002,2.673319103826447,0.19530453650318388,0.6491231153247023,-153.1699015087552,3.944194303603491,3.902837450788513,0.98951449912668,0.0105407634655819,True,True,False,gcd_k_not_2,False,True,FAMILY_F
274,146,7,1,0.2287885279280244,0.09945108831727888,3.904726076901774,1.2238699040878795,0.38012977688984523,1.0944550143257306,-70.1225775990341,3.950870389479662,3.858581764323886,0.9766409383103224,0.02363510867041482,True,True,False,gcd_k_not_2,False,True,FAMILY_F
275,147,2,2,8.999398025242819,0.5422533343577788,5.798041912836593,2.895859906968706,13.38530356444041,27.419604806679516,-166.14814908583799,8.777116219540408,2.8189676061327793,0.3211724142215343,1.0276139260422672,True,False,True,,False,False,FAMILY_Q
278,148,7,1,0.19049441674610823,0.04164780050759411,3.997964080885616,-1.1186150600091664,0.3158367174415732,0.9660616655845898,64.0919203213442,4.025328175098673,3.9705999866725596,0.9864040430877982,0.013689014538117234,True,True,False,gcd_k_not_2,False,True,FAMILY_F
279,149,2,2,9.222430336586106,0.5480005395964085,5.591530318491254,-1.0913507032942675,13.711024033318902,28.058569652084675,62.77503907740421,8.49702175323745,2.68603888374506,0.31611533567295536,1.039247314867524,True,False,True,,False,False,FAMILY_Q
282,150,3,1,0.1960009182190761,0.0682106800412673,3.9087439043857386,-1.8636880259300996,0.2893051773774601,0.8700811755504856,106.78145961011917,3.988667746959405,3.828820061812072,0.9599245424066253,0.040894898478249966,True,True,False,gcd_k_not_2,False,True,FAMILY_F
287,151,7,1,0.1371347182700826,0.04357495523760892,4.036773972023895,1.2744090640516303,0.2295942632863617,0.7045141145817659,-73.01826033896572,4.094850027094035,3.9786979169537546,0.9716345875009471,0.028773498577143647,True,True,False,gcd_k_not_2,False,True,FAMILY_F
288,152,9,1,0.18170190512954698,0.028611245909331288,3.858497290053805,-1.320725805072843,0.2767657464824559,1.0191334114071595,75.67201403732082,3.849209228778151,3.8677853513294584,1.0048259581247039,0.004814341220140708,True,True,False,gcd_k_not_2,False,True,FAMILY_F
290,153,1,1,0.12249816110940802,0.04417871377559307,3.9301190268469055,3.0092598763836733,0.2099420380888169,0.8435645467615165,-172.41789035145885,3.867520478609881,3.9927175750839305,1.0323714113904445,0.031855802742568336,True,True,False,gcd_k_not_2,False,True,FAMILY_F
291,154,7,1,0.19883833538195209,0.058961226553853066,3.8920513300769377,-2.831567401114299,0.3286358183015462,1.0887207072201093,162.23685952782463,3.7492809912926885,4.034821668861186,1.0761587830391042,0.07336508523459091,True,True,False,gcd_k_not_2,False,True,FAMILY_F
297,155,1,1,0.13367182019610013,0.051287667838633255,3.855805594527105,-0.7987457049596535,0.261016779139325,0.9302270845393025,45.76475820680724,3.8348754317052554,3.876735757348956,1.010915693713964,0.010856440922000018,True,True,False,gcd_k_not_2,False,True,FAMILY_F
298,156,1,1,0.11362736054226191,0.05879925872166591,3.93836166736207,-1.0456665821355564,0.1783562969625939,0.5459179303381511,59.9122816833681,3.900492346535932,3.9762309881882083,1.0194177131816553,0.019231002139782287,True,True,False,gcd_k_not_2,False,True,FAMILY_F
299,157,3,1,0.08088949599708557,0.054394452411527565,3.9840545087813006,-1.588597578191462,0.12660869012883574,0.4424528656660445,91.01993658016102,3.9720113976713747,3.996097619891226,1.006063986179388,0.006045655792801715,True,True,False,gcd_k_not_2,False,True,FAMILY_F
300,158,3,1,0.15661486986154566,0.03845447525566108,4.190957887687557,-0.856091040238793,0.27338197691360216,0.6340824648592885,49.050403031810916,4.160037432896888,4.221878342478224,1.0148654695009012,0.014755793601032255,True,True,False,gcd_k_not_2,False,True,FAMILY_F
301,159,9,1,0.14193919654187206,0.05414885605145048,3.8612826264520463,-3.1369199668543484,0.23537981693890334,0.8070028032293943,179.73227504161355,3.847010133792827,3.875555119111266,1.0074200442228354,0.0073926174486397605,True,True,False,gcd_k_not_2,False,True,FAMILY_F
303,160,3,1,0.11959834871521405,0.046822398177117905,3.92234176286982,1.1602646183590624,0.1924450191197978,0.5806782009640585,-66.478265487045,3.9267205987306184,3.9179629270090217,0.9977697237423951,0.0022327661002158714,True,True,False,gcd_k_not_2,False,True,FAMILY_F
304,161,1,1,0.2736926625630644,0.050320521204946955,3.871907665153995,1.3270818355812397,0.3637756032383613,1.3220203079668167,-76.0361871433547,3.8250730372014514,3.918742293106539,1.0244882267590945,0.02419201696054963,True,True,False,gcd_k_not_2,False,True,FAMILY_F
305,162,2,2,9.325959605783378,0.562735303260928,6.047707408944157,0.9638497456826889,13.862064430573687,28.319949492902186,-55.47827493367091,9.275494765785485,2.8199200521028303,0.3040182894075547,1.0674416398080517,True,False,True,,False,False,FAMILY_Q
306,163,7,1,0.21459173754243324,0.056195705056582196,3.925100485667501,1.7087507001681381,0.2986234307490624,0.9362195861506216,-97.90420417690937,3.9586057138779793,3.891595257457022,0.9830722074224181,0.017072290675269552,True,True,False,gcd_k_not_2,False,True,FAMILY_F
309,164,3,1,0.16269365184058385,0.07879215718518999,4.044353753703294,-2.141397862635782,0.2923463890252049,0.6545155061975935,122.69306087481557,3.946199371053949,4.14250813635264,1.0497462867027574,0.048538969945182635,True,True,False,gcd_k_not_2,False,True,FAMILY_F
310,165,9,1,0.10753338462233573,0.04352129194856141,3.821413301603198,-2.494003443426741,0.18618906529668955,0.5236369327015726,142.89587127207164,3.94678641272503,3.696040190481365,0.9364682564439712,0.06561609604971795,True,True,False,gcd_k_not_2,False,True,FAMILY_F
312,166,1,1,0.17737370985964046,0.03174814507098262,3.8352908032473265,-2.302564810277671,0.28982258194410443,0.6866173439587097,131.9272462082434,3.832338808274656,3.838242798219997,1.0015405709778564,0.0015393852117659285,True,True,False,gcd_k_not_2,False,True,FAMILY_F
313,167,3,1,0.1537224551728409,0.06172719631417398,3.855968572435806,1.0624997459743757,0.2873393590228192,0.8240138465807991,-60.87675055916979,3.8795993460342357,3.832337798837377,0.9878179309301178,0.012256725206399621,True,True,False,gcd_k_not_2,False,True,FAMILY_F
318,168,1,1,0.13224916231511,0.03282508872761316,4.02807161940544,1.5989299476723136,0.16711856552703208,0.6210011120449375,-91.61193765457445,4.062061151484892,3.9940820873259866,0.9832648841010048,0.016876329564601816,True,True,False,gcd_k_not_2,False,True,FAMILY_F
320,169,9,1,0.18768748128567422,0.07025520375202343,3.9152473511482966,1.9518005190919352,0.3309957165655001,0.9855248352310512,-111.82993369135234,3.9739023606431885,3.8565923416534043,0.9704798939823984,0.029962351920212286,True,True,False,gcd_k_not_2,False,True,FAMILY_F
324,170,4,2,9.250133510068835,0.580106603384549,5.9388621241442605,0.30550884011117285,13.751448194270107,28.153787677624962,-17.75187277291378,9.205741672458355,2.6719825758301656,0.29025174406361803,1.1001701942305402,True,False,True,,False,False,FAMILY_Q
326,171,1,1,0.19782473415983345,0.076204576097858,4.009055425614143,-1.3250694246122425,0.30677925188317795,0.8124933841269225,75.92088393469393,3.993922606963671,4.024188244264614,1.0075779228290938,0.007549318751637662,True,True,False,gcd_k_not_2,False,True,FAMILY_F
327,172,3,1,0.12074172407845574,0.053686163601811526,4.078036731962554,-1.9671599443695669,0.19929993320841868,0.7250240134145226,112.70996264385779,4.263504190827613,3.8925692730974943,0.9129976420503731,0.09095918995109344,True,True,False,gcd_k_not_2,False,True,FAMILY_F
329,173,7,1,0.2570654728190874,0.07724964757677125,3.9644670959378843,1.2244050053772104,0.4306731684926739,1.3483115062958777,-70.15323534754022,3.910277307661262,4.018656884214506,1.0277165960431758,0.027337741474583836,True,True,False,gcd_k_not_2,False,True,FAMILY_F
330,174,9,1,0.11260886083364877,0.03019693088820882,3.949033004198074,-0.2219798973665348,0.18186908464702303,0.7029097300091774,12.71851137208523,4.043308031091575,3.854757977304574,0.9533673783107496,0.04774587945620118,True,True,False,gcd_k_not_2,False,True,FAMILY_F
331,175,7,1,0.13803640232643002,0.07002816835877161,3.9357049848086874,-1.5975600063541497,0.22347772747086284,0.7822829698385803,91.53344577860882,3.765421484371789,4.105988485245586,1.0904459174855472,0.08653265480729418,True,True,False,gcd_k_not_2,False,True,FAMILY_F
336,176,1,1,0.18794311160525415,0.08756215518338062,4.206928040999617,-0.7606158010944557,0.2880930052165471,0.9470600273551762,43.58007517123173,4.1751150070231295,4.2387410749761045,1.0152393569628495,0.01512411606114771,True,True,False,gcd_k_not_2,False,True,FAMILY_F
337,177,7,1,0.14073200255840373,0.031184417763489215,3.894365514490418,0.29537706605654174,0.23249145642243813,0.736322809476624,-16.923859312094688,3.8269464110705953,3.96178461791024,1.0352338894659159,0.03462392175000771,True,True,False,gcd_k_not_2,False,True,FAMILY_F
338,178,8,2,10.035981185342415,0.5834462248566509,6.342910062786498,2.8896622666126666,14.89518234492498,30.521128398410138,-165.8830303532598,2.8324248040928723,9.853395321480123,3.4787844348919355,1.106900531126698,True,False,True,,False,False,FAMILY_Q
343,179,3,1,0.3820786055150373,0.09324445226605031,4.0557809992801355,1.3956421298555624,0.6232489371470517,1.603393938814067,-79.96438903867602,4.061427885784365,4.050134112775905,0.9972192604852126,0.0027846111539219383,True,True,False,gcd_k_not_2,False,True,FAMILY_F
346,180,1,1,0.16586946031532793,0.059199355886658346,3.8926235624785677,2.988882681164051,0.2509542878643739,0.8003070118888562,-171.25036282037516,3.887178979382502,3.8980681455746327,1.0028013030143161,0.002797384853005762,True,True,False,gcd_k_not_2,False,True,FAMILY_F
347,181,7,1,0.28078359200824127,0.09670155203970784,3.8443909508762686,-1.1256831082096603,0.4553877918871455,1.5362296977154368,64.49688582043768,3.862219059819985,3.8265628419325517,0.9907679452316992,0.009274867812105859,True,True,False,gcd_k_not_2,False,True,FAMILY_F
349,182,3,1,0.24488144393717756,0.061202359144113865,4.03571990976622,2.6786566055962866,0.4309475608686962,0.882610058253524,-153.47571561055412,4.0648313948467365,4.006608424685704,0.9856764120069419,0.014426910554455425,True,True,False,gcd_k_not_2,False,True,FAMILY_F
350,183,6,2,8.906432946060946,0.5919144139785883,5.779805085734035,-2.8148226407236994,13.249395741485786,27.09746088778873,161.05695276450496,2.5354523440729544,9.024157827395115,3.5591904728521517,1.1226512636797847,True,False,True,,False,False,FAMILY_Q
351,184,7,1,0.2398690918097768,0.10969873226709338,3.8397098814840214,-2.3788467369126822,0.3983643921297646,1.3197402709195554,136.29787527352292,3.825234764328549,3.854184998639493,1.0075682241991821,0.007539693155086746,True,True,False,gcd_k_not_2,False,True,FAMILY_F
355,185,7,1,0.15112781951429072,0.040056908032800764,3.823372482002214,1.2619835473364107,0.24073944999440278,0.6777829398498161,-72.30633020917176,3.774090995425271,3.872653968579158,1.026115685412291,0.025779066417894982,True,True,False,gcd_k_not_2,False,True,FAMILY_F
356,186,3,1,0.1908493994883905,0.027619881938950132,3.956007383254449,1.6166655145007838,0.26502607079973006,0.8800718671930523,-92.62811140563436,4.013182235628885,3.8988325308800116,0.9715064758999278,0.028905331479640056,True,True,False,gcd_k_not_2,False,True,FAMILY_F
357,187,7,1,0.1604323439691398,0.0383515015238405,3.785917065237458,2.3546327452785545,0.2729118865629613,0.7440839528863122,-134.91051879039048,3.7453700451459717,3.826464085328945,1.0216518098894052,0.02141991987293753,True,True,False,gcd_k_not_2,False,True,FAMILY_F
360,188,1,1,0.18086164496164936,0.05883889030915236,4.082207379832856,-2.1158773706791463,0.27833980582970086,0.7159319135690393,121.23084408948175,4.106899467806223,4.057515291859488,0.9879753141429793,0.012097419692763697,True,True,False,gcd_k_not_2,False,True,FAMILY_F
365,189,9,1,0.11041905832257409,0.04084191647708562,3.9157964192890615,-0.6762425532031711,0.1899812833157167,0.5933966916696616,38.74584419377318,3.9627002033870147,3.868892635191108,0.9763273618035179,0.02395619132133997,True,True,False,gcd_k_not_2,False,True,FAMILY_F
366,190,3,1,0.23935151807586397,0.07783460864352336,4.163670773190131,3.0360363494306783,0.3731275503442253,1.1500111508327142,-173.95206677568805,4.262461086634311,4.064880459745953,0.9536463505771567,0.04745347018322863,True,True,False,gcd_k_not_2,False,True,FAMILY_F
367,191,8,2,9.137442493000892,0.5745327096988738,5.886513314016428,0.8750343614772003,13.586955490133807,27.771092330905947,-49.89735851963894,9.094379084173246,2.6786475438596073,0.29453880458108467,1.0899035130077912,True,False,True,,False,False,FAMILY_Q
368,192,8,2,9.009263157840762,0.5603311288767786,5.845016916226518,-1.0223761098337694,13.399715571665439,27.438904278382125,58.34947591576979,8.951075374018348,2.7389584584346887,0.3059921120075549,1.0628056350595025,True,False,True,,False,False,FAMILY_Q
370,193,1,1,0.2318691471412438,0.048180336503556596,3.863683005615414,-2.2014131414253204,0.42313332448365804,0.9605875096576004,126.1316854154675,3.8330317634695987,3.894334247761229,1.0159932106161678,0.01586633380702669,True,True,False,gcd_k_not_2,False,True,FAMILY_F
371,194,6,2,9.383034479451627,0.5463108743787068,5.912786687726236,-3.1245571335501556,13.94529259851403,28.517006910142324,178.76541168375175,8.975484541090793,2.850088834361677,0.3175415011093434,1.035957498592705,True,False,True,,False,False,FAMILY_Q
373,195,3,1,0.5775883745488575,0.11432587235062598,4.112255264995286,0.3531631258907736,0.888193845337201,2.3032606566090856,-20.234805532195324,4.124593707222124,4.09991682276845,0.9940171356973985,0.006000815334527269,True,True,False,gcd_k_not_2,False,True,FAMILY_F
375,196,3,1,0.17494053663731846,0.06455114103187147,3.920388402413667,-1.942372383256285,0.3008972108332996,0.7978665700416028,111.28974089033576,3.7802815694904424,4.060495235336891,1.074125077906358,0.07147599601966204,True,True,False,gcd_k_not_2,False,True,FAMILY_F
378,197,2,2,9.173502872151802,0.5461969731474436,5.9921198218059875,-0.7777890180675728,13.639605821115946,27.855753828385986,44.805328342759125,9.095779341007354,2.8884603026046216,0.31756050738635505,1.0359137038304227,True,False,True,,False,False,FAMILY_Q
382,198,6,2,8.892714051403962,0.5677514915901365,5.953640051136855,2.4565572024828546,13.229336633498452,27.111575488294545,-140.53088907626548,9.159381736686296,2.7478983655874125,0.3000091539564497,1.0769014109065267,True,False,True,,False,False,FAMILY_Q
383,199,3,1,0.2141971854291503,0.10815574103649349,4.094538889320904,-0.8704871606332497,0.40413886321535847,1.0218469913881845,49.87523764431261,4.031873172364902,4.157204606276905,1.0310851627901008,0.03060941348948576,True,True,False,gcd_k_not_2,False,True,FAMILY_F
384,200,9,1,0.10587911996792712,0.04732899701044702,3.9667861186314304,-1.423477033377631,0.17021025516709534,0.6542331013652626,81.55922617167768,3.9330058034544058,4.000566433808453,1.0171778618517948,0.01703157879794043,True,True,False,gcd_k_not_2,False,True,FAMILY_F
392,201,1,1,0.11429094428010418,0.06783245876229008,3.8912097773809213,2.6192522002316014,0.18733139167682836,0.6622708188364016,-150.0720962981627,3.9195724479060936,3.8628471068557486,0.9855276712436714,0.01457781623084979,True,True,False,gcd_k_not_2,False,True,FAMILY_F
394,202,3,1,0.09962893614655961,0.03254811583763753,3.9470291728703844,-0.12319873370941518,0.16779547520231106,0.5588762783263905,7.058767614998489,3.9555245122162987,3.9385338335244704,0.9957045699908181,0.0043046752247519575,True,True,False,gcd_k_not_2,True,True,FAMILY_F
395,203,7,1,0.25015335345629064,0.06862807321614384,3.923557451388741,1.7668845140987115,0.3661659517970907,1.1435664567265547,-101.23502511574728,3.8866763440737855,3.9604385587036957,1.0189782240917433,0.018799830394684827,True,True,False,gcd_k_not_2,False,True,FAMILY_F
397,204,1,1,0.16574052687720173,0.04326968661257731,3.8562679528780324,1.1502092637931158,0.26051586641609015,0.745302191089929,-65.9021353177896,3.857875472351238,3.8546604334048253,0.9991666296723535,0.0008337177254535083,True,True,False,gcd_k_not_2,False,True,FAMILY_F
399,205,3,1,0.19808648017620184,0.05349029800771916,3.833059835873678,-1.0226849796132806,0.36091359963236774,0.9618798427519212,58.595531601363575,3.8321654435898957,3.833954228157461,1.0004667816653263,0.0004666727481850845,True,True,False,gcd_k_not_2,False,True,FAMILY_F
401,206,7,1,0.1873386628262748,0.06465524056176143,4.155467312884179,3.134829269903453,0.2867334961754153,0.7934696612749796,-179.61248729785683,4.16286522445995,4.14806940130841,0.9964457597462911,0.00356056781042776,True,True,False,gcd_k_not_2,False,True,FAMILY_F
404,207,4,2,8.950293476211574,0.5779463431143937,5.558970592990638,-1.4967553683248465,13.313524384306907,27.169702223843515,85.98159792014042,8.606111513437764,2.511829672543515,0.2918658059010148,1.0962968303121785,True,False,True,,False,False,FAMILY_Q
406,208,9,1,0.21556900902914705,0.041200679583657,3.8586106147619974,1.9087581186150613,0.30728339777727165,0.9506417713766518,-109.36378539982563,3.862473195167387,3.854748034356606,0.9979999444862305,0.0020020576269673264,True,True,False,gcd_k_not_2,False,True,FAMILY_F
407,209,1,1,0.1617922561072381,0.07511954868784562,4.02254072013923,-1.970672651800292,0.29645610957981816,0.8085184706793899,112.9112249016406,4.095106449476214,3.9499749908022452,0.9645597836186818,0.03607954990917914,True,True,False,gcd_k_not_2,False,True,FAMILY_F
408,210,9,1,0.16927345922216339,0.03650189230445338,3.8619145285510768,-0.5122213541089771,0.28048328159183183,0.9895984014857172,29.34812081193807,3.7853301662314665,3.9384988908706866,1.0404637687897405,0.039661345041907596,True,True,False,gcd_k_not_2,False,True,FAMILY_F
410,211,7,1,0.21940536131784835,0.07342461647325305,3.9281356656226962,0.2924642505688735,0.3797333285059949,1.1024377163869854,-16.756969997243115,3.967317989103699,3.8889533421416935,0.9802474499958825,0.019949577517858686,True,True,False,gcd_k_not_2,False,True,FAMILY_F
411,212,9,1,0.18802582615332397,0.06506080325021171,3.9458365363989096,1.579102831887608,0.3052216356443888,1.037941281879979,-90.47592785974018,3.9740580521912094,3.91761502060661,0.9857971295730121,0.014304452570179517,True,True,False,gcd_k_not_2,False,True,FAMILY_F
412,213,2,2,9.126089654324998,0.5787979429645729,5.921334216639512,2.2714189776582314,13.570377491283867,27.71356620840568,-129.9052063402966,9.172154522852553,2.670513910426472,0.2911544832539453,1.0980026417282531,True,False,True,,False,False,FAMILY_Q
413,214,3,1,0.19664844616001578,0.06932790373165548,4.037564070503802,-0.5862179902977199,0.38297307416372117,1.0016344906951804,33.58781868686214,4.040404874655082,4.034723266352522,0.998593802235464,0.0014071871562527122,True,True,False,gcd_k_not_2,False,True,FAMILY_F
415,215,6,2,9.423793165040518,0.5654873165759038,5.87826901200635,1.7291564451723984,14.004712240853756,28.67263974655005,-99.33533680493365,9.027389552658757,2.729148471353942,0.30231867755725134,1.0714448536534606,True,False,True,,False,False,FAMILY_Q
416,216,7,1,0.21805125525973698,0.07414623480853338,3.8974127083732077,-0.38954286807631416,0.36407769607581913,1.177827491314071,22.319164844729126,3.892917805872081,3.9019076108743347,1.0023092717212507,0.002306608428442841,True,True,False,gcd_k_not_2,False,True,FAMILY_F
419,217,7,1,0.26098587465067924,0.10295101965734324,4.001813824750611,2.722119266703578,0.4050116885845945,1.0751732995760956,-155.96594146717072,4.002294580666829,4.001333068834392,0.9997597598544891,0.00024026900664150965,True,True,False,gcd_k_not_2,False,True,FAMILY_F
422,218,3,1,0.20537720707435853,0.059879382685353935,3.924727206059294,-0.44238907633975516,0.3621644141535451,1.0337170435080598,25.347029208213222,3.9432636253383206,3.906190786780267,0.9905984377205131,0.009445965696881442,True,True,False,gcd_k_not_2,False,True,FAMILY_F
424,219,3,1,0.22187228541638057,0.05673699053497652,3.9305540595174464,3.0351239063453233,0.29006795398566937,1.1946325280346424,-173.89978947658253,3.9449604457739675,3.9161476732609244,0.9926963088960984,0.007330460814621258,True,True,False,gcd_k_not_2,False,True,FAMILY_F
426,220,1,1,0.16781109489548546,0.033102887163819476,4.020158078138186,-1.2896660449163755,0.2232058450383522,0.7619720287207418,73.89242105895627,4.018472772361187,4.0218433839151855,1.0008387792439908,0.0008384276161498272,True,True,False,gcd_k_not_2,False,True,FAMILY_F
427,221,9,1,0.222459994050016,0.0812329293009016,4.077125405071653,-2.8147871497034176,0.35686467500006264,1.0792146301897667,161.27542301062107,4.1190579052514265,4.035192904891878,0.9796397617395405,0.020569639642485902,True,True,False,gcd_k_not_2,False,True,FAMILY_F
428,222,7,1,0.1588139979334888,0.0428551335669663,3.868551941081326,0.8933989881054429,0.26142953627777565,0.7628634821390831,-51.187991265848964,3.911147738718268,3.825956143444384,0.9782182620128274,0.02202157204332934,True,True,False,gcd_k_not_2,False,True,FAMILY_F
431,223,7,1,0.1865864711882629,0.05079703632927261,3.96020045623659,-2.39806344396415,0.32503617142640817,0.6438982873048522,137.39891440590696,3.981944441019013,3.9384564714541677,0.989078710110351,0.010981254622189527,True,True,False,gcd_k_not_2,False,True,FAMILY_F
436,224,2,2,9.154568469159804,0.5776088259418759,6.079555022199933,3.137445652062856,13.611963544538494,27.857916455622412,-179.5226108284691,9.40860648715944,2.750503557240425,0.29233910048148176,1.0951628705730063,True,False,True,,False,False,FAMILY_Q
439,225,9,1,0.28931939447419025,0.04767254744371671,3.9441922158571914,1.0908089317409455,0.47935836869197956,1.1768671823880241,-62.49874291860904,3.9822056279435265,3.9061788037708545,0.980908363033997,0.01927563871431381,True,True,False,gcd_k_not_2,False,True,FAMILY_F
441,226,9,1,0.15636684046226032,0.04288934087335693,3.964667665809157,1.4683481145263233,0.23450822676050367,0.7625613526599823,-84.13014963676709,4.01074858099834,3.918586750619974,0.977021289538068,0.023245789596227376,True,True,False,gcd_k_not_2,False,True,FAMILY_F
445,227,2,2,8.912403614571895,0.5535737153889488,5.910715833637299,1.7261334539705486,13.258128215584403,27.052840979121257,-98.67920617395079,9.01398656503878,2.8074451022358193,0.31145432511788324,1.0500490359360783,True,False,True,,False,False,FAMILY_Q
446,228,1,1,0.32628810872465674,0.1026071233598873,3.9880617843353656,1.9353023655192203,0.5299358431284792,1.4762364988981045,-110.88466700563428,3.9904615654620605,3.9856620032086703,0.9987972413279378,0.001203482421521753,True,True,False,gcd_k_not_2,False,True,FAMILY_F
450,229,3,1,0.14104480668123173,0.036727647189999074,3.979033392923457,1.099043505692677,0.24750608562448093,0.881524686019607,-62.97055363639474,3.9710509989874403,3.987015786859474,1.0040202928333342,0.0040122276682639565,True,True,False,gcd_k_not_2,False,True,FAMILY_F
451,230,1,1,0.15769754401493194,0.06015929465801225,3.941906578353817,1.6740241799081312,0.27408091435711573,0.8071047219606207,-95.91452087841616,3.939177349000775,3.9446358077068604,1.00138568493431,0.0013847255376521464,True,True,False,gcd_k_not_2,False,True,FAMILY_F
453,231,9,1,0.1952624069589734,0.06201904643073781,4.050929080803251,1.3975081877374858,0.2813308267566423,1.2217029585553156,-80.07132114528746,4.115237302904949,3.986620858701553,0.968746287337402,0.031749863213574904,True,True,False,gcd_k_not_2,False,True,FAMILY_F
458,232,9,1,0.15729929774440193,0.07049071607749455,3.9347330743483537,-2.701818783524233,0.2830333098386325,0.8151934522461743,154.802812597042,3.772086507740236,4.097379640956473,1.0862369228671567,0.08267222377469911,True,True,False,gcd_k_not_2,False,True,FAMILY_F
462,233,8,2,9.329289516290073,0.5815486231848959,6.240029730323005,2.6908421727836442,13.866919348604105,28.600436160974613,-154.42792903828243,9.68074027964067,2.799319181005339,0.289163751959395,1.1027865885310655,True,False,True,,False,False,FAMILY_Q
463,234,1,1,0.22239240877986757,0.06657805761277584,4.035057336587421,2.8013073047327,0.3656479519912719,0.9875453423121613,-160.50308458559246,4.06886078794214,4.001253885232703,0.9833843165856678,0.01675488030775145,True,True,False,gcd_k_not_2,False,True,FAMILY_F
465,235,8,2,9.425499023186052,0.5631230466363274,5.959252670778595,1.2244848699640334,14.007192219655575,28.664588697517267,-69.89569973963732,9.141700499486287,2.7768048420709004,0.30375145655088365,1.0680694390801515,True,False,True,,False,False,FAMILY_Q
466,236,3,1,0.1856659392078794,0.0533351674425265,3.7145198946074998,1.281622901350781,0.30174251044207545,0.9558372582428152,-73.4315817318892,3.7155044960898893,3.713535293125111,0.9994700038805361,0.0005301366046354918,True,True,False,gcd_k_not_2,False,True,FAMILY_F
470,237,7,1,0.1792862162223101,0.06266326120502702,3.909149652479047,-1.7902808694098487,0.28920855634504516,0.8609782112358363,102.57553944404621,3.9250845018298377,3.893214803128255,0.9918805063466213,0.0081525911092639,True,True,False,gcd_k_not_2,False,True,FAMILY_F
471,238,6,2,9.18890099231013,0.5690033721553713,6.056650323683721,1.0625779906242927,13.662081610246222,27.975661435334484,-60.638695747900464,9.326024464207723,2.78727618315972,0.29887077755982583,1.0795981163844148,True,False,True,,False,False,FAMILY_Q
472,239,9,1,0.18366181719400584,0.052805980957827986,3.8240299373035946,-2.3282978861663786,0.3496318081753191,0.742130256722547,133.40164317814165,3.7526729709041646,3.895386903703025,1.0380299412992748,0.03732029694816958,True,True,False,gcd_k_not_2,False,True,FAMILY_F
473,240,7,1,0.20875618930292092,0.0842988993352938,3.9104704698704027,-2.292781063604431,0.3203000410126073,1.0445981516922294,131.366677448655,3.939387347396532,3.881553592344273,0.9853190991511712,0.014789462162637337,True,True,False,gcd_k_not_2,False,True,FAMILY_F
474,241,1,1,0.4015770209950079,0.11405468378576913,3.969280378722601,-1.8108673898572782,0.6294728412816178,2.0176984393232837,103.75507247567282,4.0440813539392355,3.8944794035059664,0.9630071857264826,0.03768994280051694,True,True,False,gcd_k_not_2,False,True,FAMILY_F
475,242,3,1,0.22878240021486934,0.09644062924612906,4.121383548572331,2.140604299397051,0.38042138512420237,1.295307475104555,-122.64759339285575,4.159420410941347,4.083346686203315,0.9817104987661455,0.018458297763716696,True,True,False,gcd_k_not_2,False,True,FAMILY_F
477,243,4,2,9.315884010873946,0.5492570481684594,6.005607806397738,0.5616726121358164,13.847368265822743,28.36336822795828,-32.434386363255314,9.134398370633079,2.876817242162398,0.3149432645078533,1.0419563398403269,True,False,True,,False,False,FAMILY_Q
478,244,2,2,9.067261471700725,0.5620720714950751,5.994650555185871,2.1552211375890424,13.48445714273251,27.587866220381635,-123.71794928446647,9.189118336942553,2.8001827734291878,0.3047281219757235,1.0657728093902663,True,False,True,,False,False,FAMILY_Q
481,245,7,1,0.13465033152605602,0.06246416045410709,4.117186082636655,-3.0951544552818673,0.213134420762785,0.6163221060751101,177.3392870920798,4.246907026475138,3.9874651387981714,0.9389103914779366,0.06301437012310585,True,True,False,gcd_k_not_2,False,True,FAMILY_F
483,246,7,1,0.17478549236033158,0.047669283705163545,4.020913708708852,-0.6036220772519973,0.28403001219383234,0.9805489188051251,34.58499749270665,3.9828647066608505,4.0589627107568536,1.019106349248755,0.018925550163183875,True,True,False,gcd_k_not_2,False,True,FAMILY_F
485,247,9,1,0.15956009052752573,0.0645403380696234,3.8863569048207447,0.7370890139136351,0.27312319913766697,0.6122862050507227,-42.23209022791676,3.8791253448759426,3.8935884647655454,1.0037284487104052,0.003721510978999987,True,True,False,gcd_k_not_2,False,True,FAMILY_F
487,248,7,1,0.16335716908981981,0.04151488617454193,4.042699018745687,0.21725334954765982,0.2532680204008597,0.7835217222320701,-12.44770104879619,4.084007496743906,4.001390540747468,0.9797706159789601,0.020436088764795437,True,True,False,gcd_k_not_2,False,True,FAMILY_F
489,249,7,1,0.14679886038648368,0.07952973987637775,3.928371714396987,-1.4322634896903315,0.2623692235052438,0.9702839538469014,82.06265238825479,3.894598898650956,3.9621445301430187,1.0173434115424465,0.01719430756629175,True,True,False,gcd_k_not_2,False,True,FAMILY_F
491,250,6,2,9.35174075799721,0.5886820147509193,5.944072230288425,-2.7272664441805357,13.899661079183126,28.430983701325815,156.00495617725045,9.263129567862482,2.6250148927143684,0.28338315614429055,1.1167621149223503,True,False,True,,False,False,FAMILY_Q
492,251,3,1,0.2295347958545431,0.06782718360662024,3.907592855643454,-1.023350884989685,0.3470703529574692,1.1185871069093378,58.633685441249135,3.890689420980933,3.9244962903059752,1.0086891719351165,0.008651584383008988,True,True,False,gcd_k_not_2,False,True,FAMILY_F
494,252,9,1,0.16616112956916512,0.10045459390130597,3.9658650974908896,1.4897755222888738,0.2563188144755149,0.9079468927333569,-85.35784904033837,3.6230742350939167,4.3086559598878615,1.189226518781549,0.17287066199697426,True,True,False,gcd_k_not_2,False,True,FAMILY_F
495,253,7,1,0.15737023429134123,0.024747853220874257,3.893311513428092,-0.16145376674182305,0.2441708744796688,0.7662403944861089,9.250619762242609,3.9139216994176445,3.87270132743854,0.9894682686203872,0.010587483646488274,True,True,False,gcd_k_not_2,True,True,FAMILY_F
497,254,1,1,0.14519046369521266,0.06471142744234241,4.018064363527216,3.0129385587293105,0.2512253454074308,0.9080290182240564,-172.6286627611257,4.053033300292066,3.983095426762366,0.9827443131235413,0.017405861928081662,True,True,False,gcd_k_not_2,False,True,FAMILY_F
498,255,7,1,0.14097074357166442,0.04211312876003101,4.117272157113474,3.0976053697072037,0.20709657800537853,0.7926749287404296,-177.47971434755397,4.122621940141032,4.111922374085916,0.9974046695985055,0.0025987026474872557,True,True,False,gcd_k_not_2,False,True,FAMILY_F
501,256,9,1,0.22589273538165636,0.04412549551109544,3.9067100288415992,-2.509342820857614,0.3867574675214542,0.9326876294231274,143.7747509812123,3.9508858216754668,3.8625342360077326,0.9776375249360493,0.02261534258121834,True,True,False,gcd_k_not_2,False,True,FAMILY_F
502,257,1,1,0.26325239226020264,0.08942248045874658,3.8836710021222993,1.9836334522224157,0.44501833993302337,1.105428095720544,-113.65382662235403,3.8378496894616334,3.9294923147829657,1.0238786384920113,0.023596907480384555,True,True,False,gcd_k_not_2,False,True,FAMILY_F
504,258,1,1,0.2555750555045882,0.07986346708762275,3.788940657539759,2.017387976894165,0.43912880148442307,1.0705083994839866,-115.58781880734242,3.835634792351712,3.7422465227278052,0.9756524604975104,0.024647593632291357,True,True,False,gcd_k_not_2,False,True,FAMILY_F
508,259,9,1,0.24150179918435405,0.06115792046775093,4.053592924688196,0.9294424613366911,0.428476969436933,1.1957420900795206,-53.25312831464747,3.9938781990749055,4.113307650301487,1.0299031280558943,0.029462615868308537,True,True,False,gcd_k_not_2,False,True,FAMILY_F
510,260,6,2,9.09077284005012,0.5548799000445294,6.002878836892049,-0.7388838424838731,13.518799860158031,27.61033612927161,42.569646993892285,9.16182155262428,2.843936121159815,0.31041164738088656,1.0524759208259333,True,False,True,,False,False,FAMILY_Q
514,261,3,1,0.25025201661156876,0.045634758248965894,3.756567834167469,0.5655094566217538,0.43892775987003696,1.032510659158432,-32.401306282523116,3.737218687125013,3.7759169812099245,1.010354838002451,0.010301502806081492,True,True,False,gcd_k_not_2,False,True,FAMILY_F
515,262,3,1,0.15613198712527165,0.06824011744893316,3.868381923909598,0.6532165677362256,0.28545610068631894,0.7351457490717005,-37.42655193904317,3.961654823181225,3.7751090246379704,0.952912152403662,0.04822321120628168,True,True,False,gcd_k_not_2,False,True,FAMILY_F
520,263,9,1,0.24637997786232124,0.07821932651786188,3.9477564854155744,-0.41218563834435634,0.40695366360615454,1.0599141137248302,23.61649861112277,3.98872838351327,3.9067845873178784,0.979456160380814,0.02075705441764745,True,True,False,gcd_k_not_2,False,True,FAMILY_F
523,264,7,1,0.17799189915711797,0.05432385707396955,3.8097409547706795,-1.7163931074993106,0.27836232736462063,0.8788354028166222,98.34208233409842,3.8463717716542534,3.773110137887106,0.9809530544324792,0.019230082737097035,True,True,False,gcd_k_not_2,False,True,FAMILY_F
524,265,7,1,0.13832737246393473,0.0716378794324022,4.143264233865506,-2.893544572243396,0.20612759925701646,0.5675894192686808,165.78789124011865,4.106534443469763,4.179994024261249,1.0178884608914707,0.01772988075224707,True,True,False,gcd_k_not_2,False,True,FAMILY_F
526,266,7,1,0.14158612722400576,0.038983571314038845,3.978859278822008,1.5447412300423469,0.22456618161412223,0.9043636000173861,-88.50715280351295,3.957925729467464,3.999792828176551,1.0105780405118214,0.010522387391765786,True,True,False,gcd_k_not_2,False,True,FAMILY_F
527,267,7,1,0.10309032526523546,0.04854542505334865,3.802643483707855,-2.933957973225997,0.15705616309511183,0.5306145795240117,168.1034089893981,3.8438174592839465,3.7614695081317633,0.9785765187799725,0.0216554487700456,True,True,False,gcd_k_not_2,False,True,FAMILY_F
528,268,9,1,0.18747201992903315,0.052784883450928854,3.9631529061223416,-2.250878684710641,0.28654086020905273,0.9345638792729368,128.9658496459815,3.993401890432947,3.932903921811737,0.984850518359761,0.015265110898888478,True,True,False,gcd_k_not_2,False,True,FAMILY_F
530,269,1,1,0.1904901904041905,0.055455874028157104,3.868893872543866,-2.6407009842490226,0.3320383172218487,1.2653456076156477,151.30102183819545,3.9356897050238366,3.8020980400638953,0.9660563522603385,0.03452967937631809,True,True,False,gcd_k_not_2,False,True,FAMILY_F
531,270,9,1,0.12960880736052416,0.04490902769728185,4.02873511741282,0.39141657361533605,0.21784004412224783,0.6651300367620298,-22.426518199837627,4.069056267114702,3.988413967710938,0.9801815718166645,0.020016778729188497,True,True,False,gcd_k_not_2,False,True,FAMILY_F
532,271,3,1,0.1578704213900574,0.043764117158131235,3.890505122133708,-2.663120147883206,0.27520418105157346,0.9514322305068382,152.5855443467285,3.959622053432587,3.821388190834829,0.9650891270095024,0.03553108356324312,True,True,False,gcd_k_not_2,False,True,FAMILY_F
533,272,2,2,8.981735735761406,0.5976510648001018,5.918909562889722,-0.29718987844160716,13.359485199096383,27.45701043400597,16.801486836119047,9.272505587526993,2.5653135382524503,0.27665807413513005,1.1331803566196013,True,False,True,,False,False,FAMILY_Q
534,273,7,1,0.29553077323466614,0.08093767416012992,3.820456931410482,1.5027352438689352,0.45628286090267145,1.2214712298198998,-86.10038378312827,3.773533138831025,3.867380723989938,1.0248699512383201,0.02456449237454572,True,True,False,gcd_k_not_2,False,True,FAMILY_F
537,274,2,2,9.159469362512766,0.5721082869224333,6.017266638104615,1.7342893336558016,13.61911674437976,27.84715711337491,-99.1272838013064,9.282033222241875,2.7525000539673514,0.29654063803302616,1.0851327622621807,True,False,True,,False,False,FAMILY_Q
539,275,1,1,0.2044495332401643,0.06270020169108692,3.940229278379332,2.436887743055185,0.3330356797435608,0.7301486769002833,-139.62338368584506,3.946676956194169,3.933781600564495,0.9967326042205115,0.0032727424519259493,True,True,False,gcd_k_not_2,False,True,FAMILY_F
542,276,7,1,0.1570944462785786,0.07234485532393393,3.9798265485268822,-2.0070333073167324,0.2621864552804699,0.8454043053507354,114.99453852368217,3.975590407122668,3.984062689931097,1.0021310753726667,0.0021288070485295184,True,True,False,gcd_k_not_2,False,True,FAMILY_F
544,277,3,1,0.11053500092542248,0.053430379628953334,4.163064684840055,0.27638179572923743,0.17571009164826626,0.43479184522038306,-15.835510747338256,4.018041874761752,4.308087494918358,1.0721858131888693,0.06967117787355488,True,True,False,gcd_k_not_2,False,True,FAMILY_F
545,278,9,1,0.13583750185561427,0.07121630424510757,3.991571502691568,0.36254324671749194,0.21367871055283463,0.6499695280411103,-20.772198188118733,3.9791000803739847,4.00404292500915,1.006268463755961,0.006248878322321504,True,True,False,gcd_k_not_2,False,True,FAMILY_F
546,279,4,2,9.316440744518452,0.6002100184107305,5.865643598796817,2.818778238856941,13.848182975679183,28.387652785007045,-161.75705883908572,9.202336822522092,2.5289503750715423,0.27481610637008075,1.1377074544418997,True,False,True,,False,False,FAMILY_Q
547,280,7,1,0.19592699480708514,0.048395006105787605,4.057116146075951,3.103279856068781,0.320941688204218,1.1147990385199789,-177.80483698939693,4.028845025392396,4.085387266759506,1.0140343550101192,0.013936559696916113,True,True,False,gcd_k_not_2,False,True,FAMILY_F
548,281,9,1,0.20163001542099943,0.06536086518090456,4.020306795589038,-2.810893385360479,0.3474982118586567,0.9455053949666533,161.05232625576892,3.8952286980748196,4.145384893103255,1.0642211829955126,0.062223160506780145,True,True,False,gcd_k_not_2,False,True,FAMILY_F
549,282,3,1,0.16770345015380606,0.04713423778135009,4.106645645377273,1.003311048277557,0.2645009541648165,0.7274069033269202,-57.485488331215926,4.07883325050621,4.134458040248337,1.0136374267654171,0.013545066836906622,True,True,False,gcd_k_not_2,False,True,FAMILY_F
553,283,1,1,0.19438637211525453,0.06696780089324844,3.9224445248458197,-0.5592958451150581,0.3243896371916245,0.7751516585470225,32.045292655904746,3.987945293921949,3.8569437557696906,0.9671506180508749,0.03339793267245954,True,True,False,gcd_k_not_2,False,True,FAMILY_F
554,284,3,1,0.20614655150599706,0.030412718563345983,3.9124297021634846,1.043969157363436,0.3337186381140573,0.879752621446208,-59.81502476876661,3.9120327687690484,3.912826635557921,1.0002029294834158,0.0002029088953172779,True,True,False,gcd_k_not_2,False,True,FAMILY_F
555,285,6,2,9.01483864191946,0.5835725738010091,5.682066603124511,2.32933727198992,13.407862462473288,27.437304196224524,-133.2324032013448,8.827002510117108,2.5371306961319138,0.2874283419795078,1.1069690401950685,True,False,True,,False,False,FAMILY_Q
556,286,8,2,8.95589793802667,0.5653632613929809,5.910768963144889,2.6046051010808937,13.32171727538784,27.261389268344242,-149.00861956190172,9.080236417042864,2.7413015092469157,0.3018975920166259,1.072438281266072,True,False,True,,False,False,FAMILY_Q
557,287,3,1,0.20966644049097083,0.0458189194150214,3.9702699007600266,2.777441865192561,0.3482808267879382,1.16259802365536,-159.1356952975103,3.9420194966175286,3.998520304902525,1.0143329601321043,0.014230974139612163,True,True,False,gcd_k_not_2,False,True,FAMILY_F
560,288,1,1,0.16225327879566853,0.04160163767388362,3.899317029588963,-2.549876498151023,0.2970954997797312,1.0938759735025867,146.09716068031804,3.886459664230221,3.912174394947706,1.0066164923707186,0.006594675560452091,True,True,False,gcd_k_not_2,False,True,FAMILY_F
561,289,9,1,0.19997186265178593,0.03397843655051684,3.793362274720638,-2.7116046506256235,0.3383531633336863,0.9680239139822437,155.36350099812458,3.825774744972476,3.7609498044687983,0.9830557351582537,0.01708904549815292,True,True,False,gcd_k_not_2,False,True,FAMILY_F
562,290,1,1,0.21103288269012993,0.08427747871325471,4.051087920913239,2.9090068970343883,0.3367014462421116,1.152260786825779,-166.673815713136,3.938422746579132,4.163753095247347,1.0572133473644834,0.055622181761342364,True,True,False,gcd_k_not_2,False,True,FAMILY_F
566,291,9,1,0.16357785431527078,0.06740625571051491,3.852877941090623,0.16036726432679715,0.23873344649909176,0.7888773199425834,-9.188367946055155,3.91134819413163,3.7944076880496156,0.9701022511221411,0.030351469179662763,True,True,False,gcd_k_not_2,True,True,FAMILY_F
568,292,9,1,0.17434706185466486,0.04065793137455198,3.7908445356748173,0.7443410592646212,0.3089829977761234,0.5622959054709995,-42.64760162436703,3.8177514200160823,3.7639376513335536,0.9859043288150222,0.014195720287682307,True,True,False,gcd_k_not_2,False,True,FAMILY_F
569,293,9,1,0.34820869347549516,0.09664759415403681,3.8922062992742505,-2.669100440818871,0.5203814287273736,1.4162209138507906,152.92818205441657,3.861937907542761,3.9224746910057404,1.0156752347946207,0.015553333715704413,True,True,False,gcd_k_not_2,False,True,FAMILY_F
570,294,8,2,9.170300824893811,0.551892669170014,5.851169495955451,-1.4304829997158415,13.63493073206737,27.83478922166235,81.71959525720975,8.913691381567133,2.788647610343768,0.3128499171634424,1.0468067581117293,True,False,True,,False,False,FAMILY_Q
571,295,2,2,8.894965894837641,0.5913091353657203,5.892272011681372,-0.6073765526258702,13.232626480221402,27.228772110574926,34.58047287703211,9.19618583194789,2.5883581914148515,0.28145997033061243,1.121439680217255,True,False,True,,False,False,FAMILY_Q
572,296,9,1,0.17164020453193723,0.05253823496860124,3.991587154259438,-1.7874703177289226,0.28414269614089044,0.9716180055795978,102.41450566894936,3.857625932555828,4.125548375963048,1.0694526758403737,0.06712178215157304,True,True,False,gcd_k_not_2,False,True,FAMILY_F
573,297,9,1,0.1826358501261329,0.08094029798535204,3.8576778369909634,1.7436714938840803,0.29651825315023755,1.159914767634895,-99.90501780739886,3.812987963806608,3.9023677101753194,1.0234408676914577,0.02316931328781687,True,True,False,gcd_k_not_2,False,True,FAMILY_F
574,298,1,1,0.17763146314034675,0.0483589672219957,3.976154457463207,-0.8574625681598217,0.2976147392011773,0.7264722818377534,49.128986713341796,4.067777767072743,3.8845311478536715,0.9549516640996494,0.04608639356932396,True,True,False,gcd_k_not_2,False,True,FAMILY_F
576,299,2,2,9.088057421708008,0.5588746697973263,6.00657175045029,1.3171468713942112,13.514835716703086,27.6390025194389,-75.23244928151988,9.189188163203,2.823955337697579,0.30731282106136093,1.0597114443905948,True,False,True,,False,False,FAMILY_Q
577,300,1,1,0.1526487259651754,0.05409715725779433,3.950765384135302,2.7920721952855843,0.25927763149703364,0.9118868629388307,-159.97395250663786,4.065799260372599,3.8357315078980045,0.9434138928803114,0.058233716787753326,True,True,False,gcd_k_not_2,False,True,FAMILY_F
578,301,9,1,0.13760170353250248,0.0381544753996522,3.9083448820800966,2.777384440325876,0.18539845652750087,0.680152921928352,-159.13240634135602,3.8866048611886064,3.930084902971587,1.0111871526270062,0.011124924512762011,True,True,False,gcd_k_not_2,False,True,FAMILY_F
580,302,3,1,0.18274160393957464,0.09107059529645885,3.8305004300079006,-2.1956327146584744,0.31919479357947994,1.2316956569353354,125.80048819935712,3.7382507604976247,3.9227500995181765,1.0493544576972123,0.048165857801553955,True,True,False,gcd_k_not_2,False,True,FAMILY_F
582,303,2,2,8.913015314118672,0.5911386863071314,5.650727051357153,2.294527317933703,13.259027303347718,27.135292526936922,-131.2457293821944,8.81539566652082,2.486058436193484,0.2820132561531023,1.1200925425706416,True,False,True,,False,False,FAMILY_Q
583,304,3,1,0.15157284961512582,0.0553467552596627,3.8401678063098776,-0.0950341662810998,0.2503562977315502,0.9306052003955515,5.4450574682184145,3.852725311871626,3.8276103007481295,0.9934812349465694,0.006540081681386222,True,True,False,gcd_k_not_2,True,True,FAMILY_F
585,305,3,1,0.18536286284174777,0.07141105830461167,3.847070420921009,-2.5305540526555848,0.3036120989179315,1.188204118396148,144.99006626608264,3.7959550499518544,3.898185791890163,1.0269314943388503,0.026573660149905455,True,True,False,gcd_k_not_2,False,True,FAMILY_F
587,306,1,1,0.17491607978191587,0.06389733195548314,4.068287387237248,1.8043980925904843,0.29688028916746684,0.7421461210532769,-103.38439592582121,4.1041225235146195,4.032452250959878,0.9825370046473745,0.01761681654535533,True,True,False,gcd_k_not_2,False,True,FAMILY_F
591,307,1,1,0.1728775472004937,0.0747032429674548,4.08274546008604,-1.2407573695002387,0.3089304486804893,0.9875373345182823,71.09015963763844,4.014507496859215,4.150983423312867,1.0339956835453477,0.03342748838688938,True,True,False,gcd_k_not_2,False,True,FAMILY_F
593,308,2,2,9.05512698562629,0.543840763227602,5.736915009946184,1.209354061239304,13.466731661265525,27.633595760650213,-69.0589588182023,8.694420543771916,2.7794094761204553,0.3196773680462734,1.0310438724290854,True,False,True,,False,False,FAMILY_Q
595,309,9,1,0.14429354292505644,0.023693730536515543,3.8800006716518523,2.1240782122183126,0.23781366749344107,0.6374920937582153,-121.70071745060932,3.892869288124996,3.8671320551787085,0.9933886213377886,0.006633306312117273,True,True,False,gcd_k_not_2,False,True,FAMILY_F
599,310,1,1,0.15400710016139232,0.06028374485342724,3.8997502857956077,-0.6793356646054373,0.2622082880725709,0.8406462592146363,38.92306679330857,3.9141894894495524,3.885311082141663,0.9926221233321153,0.007405193971797542,True,True,False,gcd_k_not_2,False,True,FAMILY_F
600,311,9,1,0.17075140196049815,0.041004742463056916,4.009159504903086,-0.979213171076658,0.31102947900200617,0.6343230839800272,56.10478107461387,4.0593203730715395,3.9589986367346306,0.9752860757178918,0.025023134204118926,True,True,False,gcd_k_not_2,False,True,FAMILY_F
603,312,9,1,0.19767767365524894,0.07565713734762287,3.8954795263360937,-2.4708447741991186,0.34426823911882487,1.1801022233868679,141.56897586724355,3.9541983363362463,3.8367607163359403,0.970300523643152,0.030147153696059175,True,True,False,gcd_k_not_2,False,True,FAMILY_F
605,313,7,1,0.22830853548850466,0.0902459113760731,3.93733263438605,2.166682863163186,0.40652162240131967,1.042761517186422,-124.14178270180108,3.9868231260306315,3.8878421427414684,0.9751729685114697,0.02513909605318302,True,True,False,gcd_k_not_2,False,True,FAMILY_F
607,314,9,1,0.21525905489794703,0.03815062730933709,3.7871222482574316,2.955087463209979,0.3024301071259009,0.971332651534505,-169.31403883002136,3.781951213242055,3.7922932832728087,1.0027345857859145,0.0027308519115041533,True,True,False,gcd_k_not_2,False,True,FAMILY_F
608,315,1,1,0.18226897180257912,0.05176942412222439,3.916501759827632,-0.40875915631819143,0.306497098046149,1.0251854185798375,23.42017553231733,3.902768479419098,3.9302350402361648,1.0070377120656553,0.007013034207924212,True,True,False,gcd_k_not_2,False,True,FAMILY_F
609,316,9,1,0.16055133606316271,0.05474005143702933,4.135822344939949,-1.3338786942832688,0.26836262814537487,0.7166194193502275,76.4256192231401,4.124131344574925,4.147513345304973,1.0056695577265757,0.005653531215782266,True,True,False,gcd_k_not_2,False,True,FAMILY_F
611,317,3,1,0.18491721465348374,0.08716181644064536,4.083173647515665,1.0733169516990089,0.322021841461457,1.2868805789648163,-61.49653065853173,4.118338584379471,4.048008710651858,0.982922755794201,0.01722431613223307,True,True,False,gcd_k_not_2,False,True,FAMILY_F
612,318,7,1,0.16082603429427467,0.05824876852036328,3.8777966956022327,-2.8583707310462954,0.2586426266135536,0.7270549884330496,163.77257826068214,3.8848475858482368,3.870745805356229,0.996370055663605,0.0036365445635662868,True,True,False,gcd_k_not_2,False,True,FAMILY_F
615,319,3,1,0.22777706751360874,0.0679881939934982,3.819917123653896,-2.4116826836662524,0.39123499593132793,0.8323153079609911,138.17924031438483,3.755147141484927,3.884687105822865,1.034496641398375,0.033911721156407795,True,True,False,gcd_k_not_2,False,True,FAMILY_F
616,320,7,1,0.12705952534612358,0.026662059641072516,3.913370974294311,-0.1207174231356445,0.2074383345688749,0.843276554810332,6.916599245233906,3.921361688293204,3.9053802602954186,0.9959245207996252,0.004083800923235275,True,True,False,gcd_k_not_2,True,True,FAMILY_F
617,321,1,1,0.1658726233676573,0.030215706164087787,3.8421613801542684,-3.006328141253791,0.23173361592710706,0.86452983933878,172.24991386204866,3.866673116893794,3.817649643414743,0.987321536629289,0.012759347832776952,True,True,False,gcd_k_not_2,False,True,FAMILY_F
619,322,7,1,0.2506415191175961,0.07028537618006471,3.8314810356955618,1.5827478564188553,0.34105758172140194,1.0019805633278671,-90.68477197019648,3.855621632985385,3.8073404384057383,0.9874777145748446,0.012601183231716545,True,True,False,gcd_k_not_2,False,True,FAMILY_F
620,323,1,1,0.1877130547625234,0.035532738329109116,4.159039638610256,1.9580391036865303,0.3281943380400198,1.0634226994939378,-112.18737632203758,4.208783702156611,4.109295575063902,0.9763617866506824,0.023920937460926148,True,True,False,gcd_k_not_2,False,True,FAMILY_F
621,324,9,1,0.1511216809988537,0.02834568527580271,3.932348372674066,2.104389799863767,0.2863227669995552,0.5256540042972435,-120.57265457110438,3.924713730346568,3.939983015001566,1.0038905473632214,0.0038829938774256746,True,True,False,gcd_k_not_2,False,True,FAMILY_F
625,325,1,1,0.13290063690790252,0.0585131076340881,3.9662747042423527,1.9761092565398117,0.23814232283777265,0.6444468822165028,-113.2227209382863,3.9935989126103904,3.938950495874314,0.9863159976923281,0.013778273269278168,True,True,False,gcd_k_not_2,False,True,FAMILY_F
626,326,1,1,0.10270784317600032,0.0383424703771986,3.8489220318407456,-2.6520448154879888,0.1850994070355321,0.49951630580541073,151.95097480020394,3.8097123652051414,3.88813169847635,1.0205840561579997,0.02037436264555991,True,True,False,gcd_k_not_2,False,True,FAMILY_F
627,327,7,1,0.2376295889057914,0.04704653823732572,3.8449808053719785,-2.5068494176585925,0.4166319917933739,1.001614708922239,143.63188926534644,3.836401682145353,3.853559928598604,1.004472484342061,0.004462505099967845,True,True,False,gcd_k_not_2,False,True,FAMILY_F
629,328,1,1,0.1875128671455914,0.03335698977283611,3.97389948209686,-2.9477148917992526,0.26777127629306025,0.9627966399765352,168.89162281515422,3.9809889449545404,3.966810019239181,0.9964383408466055,0.0035680131767896793,True,True,False,gcd_k_not_2,False,True,FAMILY_F
632,329,2,2,9.148822750616914,0.554983174044987,5.73477250981,-0.09538760948286433,13.603581057434166,27.907695502793242,5.704632028254015,8.750073983899343,2.719471035720659,0.3107940619387502,1.0515853833543756,True,False,True,,False,False,FAMILY_Q
633,330,7,1,0.2564530539818176,0.07868678694561664,3.9737295660715133,-0.7915415810005514,0.4662493178104018,1.0821443176321182,45.35199246914913,4.151245080363283,3.7962140517797436,0.9144760134103018,0.08934453708547878,True,True,False,gcd_k_not_2,False,True,FAMILY_F
634,331,2,2,8.90420505945419,0.5607324118953493,5.829853798862354,-0.2593409635273171,13.246140214913964,27.045833293015193,14.638806172252375,8.930102270418605,2.7296053273061043,0.3056633893598345,1.0635767477260707,True,False,True,,False,False,FAMILY_Q
635,332,9,1,0.2620134185101689,0.08640413642501824,3.9049001084424573,2.9555544103486096,0.4219633880978741,1.2724158709754392,-169.34079076575645,3.9301316626073457,3.8796685542775693,0.9871599445866152,0.012923021569917845,True,True,False,gcd_k_not_2,False,True,FAMILY_F
637,333,7,1,0.1812114183002192,0.05507827918033649,4.0074991436046705,-1.235420557224928,0.28639291984487353,0.8388289392862003,70.78438238341016,4.122172070882351,3.892826216326989,0.94436286243959,0.05722917119554746,True,True,False,gcd_k_not_2,False,True,FAMILY_F
638,334,1,1,0.28387558930219836,0.07563177901762647,3.848113433313773,-0.21017950424130866,0.46488638191037357,1.4089552274322603,12.04240461445015,3.8709081158369507,3.825318750790596,0.9882225659503939,0.011847198851177224,True,True,False,gcd_k_not_2,False,True,FAMILY_F
640,335,3,1,0.14623449263530053,0.07246635069713595,3.8434799264282256,1.7289134656989695,0.189663538490896,0.7870539246877416,-99.05944490381285,4.067055585900458,3.619904266955994,0.8900552722970805,0.11634022487532661,True,True,False,gcd_k_not_2,False,True,FAMILY_F
642,336,6,2,8.763935061997369,0.5661684634168505,5.713638391269572,-1.3688931744590536,13.040940247044622,26.58172985121937,78.22187507572428,8.781924468378552,2.645352314160591,0.30122694902305563,1.0740217938178642,True,False,True,,False,False,FAMILY_Q
644,337,3,1,0.19633893034969258,0.0723509955780698,3.971874112698649,-2.4502807268862106,0.36571728414483706,0.9849670668156798,140.39074457836162,3.9519327057312976,3.991815519666001,1.010091976990616,0.010041308662626569,True,True,False,gcd_k_not_2,False,True,FAMILY_F
645,338,1,1,0.20871754109736307,0.05207219609343334,3.9882641172132063,-0.257174859069117,0.32502062680924043,1.1493408286089577,14.735033894639118,3.8839623352300827,4.092565899196329,1.0537089564628563,0.05230435042301264,True,True,False,gcd_k_not_2,False,True,FAMILY_F
646,339,2,2,8.875323071046916,0.6004660590337063,5.938104371327602,-2.201987330879585,13.203901634026112,27.000918859447847,125.94641572594905,9.320051169834196,2.556157572821007,0.27426432819321966,1.1390661352590814,True,False,True,,False,False,FAMILY_Q
647,340,3,1,0.22696589075184434,0.1034201388024157,3.7805392513350795,-2.073382331419312,0.3510232888987513,1.0482407860548775,118.79605912994093,3.7608069612995907,3.8002715413705688,1.010493646836194,0.010438875897675537,True,True,False,gcd_k_not_2,False,True,FAMILY_F
651,341,4,2,9.421080090391897,0.5822746233165089,6.196163816024169,2.9662812168271597,14.000750273639445,28.654131599657696,-169.69365439353206,9.61742385883777,2.774903773210568,0.28852880084520943,1.1043155553653154,True,False,True,,False,False,FAMILY_Q
653,342,1,1,0.19997389358036846,0.07225115232949296,4.104822771692134,-1.1735576235771121,0.39494504813368475,1.206729542421623,67.23990043917193,4.130346171942408,4.079299371441858,0.9876410357932436,0.01243581107875864,True,True,False,gcd_k_not_2,False,True,FAMILY_F
654,343,4,2,9.853260859761788,0.568352911828558,5.973979074306715,0.3641745612410318,14.62978882849257,29.955088086002387,-21.16587458354656,9.192903286032033,2.7550548625813964,0.2996936633465412,1.0776483049863637,True,False,True,,False,False,FAMILY_Q
655,344,9,1,0.161672200970692,0.049307925460128785,3.810318412383693,-1.1787735826235743,0.2796738955999471,1.176261452975007,67.53875078440039,3.7709473428044986,3.849689481962888,1.0208812619217928,0.020665501051690096,True,True,False,gcd_k_not_2,False,True,FAMILY_F
656,345,7,1,0.19487692314158367,0.08759053940037653,3.93500016309157,2.525735482382074,0.34642087949184347,0.9598419148952039,-144.71398208543994,3.6237313557696695,4.246268970413469,1.1717946374950232,0.15820523223427196,True,True,False,gcd_k_not_2,False,True,FAMILY_F
657,346,6,2,9.001441159944465,0.5858755489552511,5.971174453436737,2.759759075297778,13.388283697346946,27.362154996539047,-158.35030356496716,9.28961624909945,2.6527326577740227,0.28555890648671123,1.11148713591939,True,False,True,,False,False,FAMILY_Q
659,347,1,1,0.16800436110346437,0.05290727787214852,4.059949249521951,-2.7702744787627247,0.30612349356730484,0.6975188569804747,158.72503508919087,4.076983723083716,4.042914775960187,0.991643590105442,0.008391471180961195,True,True,False,gcd_k_not_2,False,True,FAMILY_F
660,348,9,1,0.17888073371524388,0.06013481427511271,3.8423894863644357,-2.4999209064392027,0.3105451497418633,0.6453175700136078,143.23491590984804,3.742529989208022,3.9422489835208503,1.0533647011216314,0.05197781094851917,True,True,False,gcd_k_not_2,False,True,FAMILY_F
661,349,9,1,0.15698680871327597,0.05251966568863945,4.020058791779961,-0.056319127486698296,0.23936443976712238,1.0706951159676585,3.226848436397789,3.9592664914775684,4.080851092082353,1.0307088701572624,0.030244483203428704,True,True,False,gcd_k_not_2,True,True,FAMILY_F
662,350,3,1,0.18591753262979294,0.07532618023855314,3.978593287921953,2.10433206728732,0.3856412273252753,0.9384572154411542,-120.56934767921216,3.9623203494861072,3.994866226357798,1.0082138429003884,0.008180247267417872,True,True,False,gcd_k_not_2,False,True,FAMILY_F
664,351,1,1,0.2070818372269104,0.06779204185886537,4.090078327996087,-2.1984988254136955,0.39908256559952415,1.4980494480244884,125.96470601127984,3.931342760774526,4.248813895217647,1.08075386801953,0.07761981775998514,True,True,False,gcd_k_not_2,False,True,FAMILY_F
666,352,2,2,8.968862868386351,0.5838654063036237,5.874392081442248,-0.16393044761786263,13.340671381745594,27.284038472897564,9.617774267375749,9.12540372430892,2.623380438575575,0.2874810274516646,1.1068418988024042,True,False,True,,False,False,FAMILY_Q
667,353,2,2,9.34655126055683,0.5877508845957058,5.8616686072676245,2.5637518457216735,13.892098447861763,28.515828496908437,-146.63669315043347,9.12658948037696,2.596747734158289,0.28452553275695647,1.113990261769935,True,False,True,,False,False,FAMILY_Q
668,354,1,1,0.18879340300829642,0.052720499076597906,3.913876171958647,-1.2873215294335598,0.299660581420546,0.896022905215254,73.75808937152087,3.9424801669437777,3.885272176973517,0.9854893398196576,0.014616709230642804,True,True,False,gcd_k_not_2,False,True,FAMILY_F
669,355,9,1,0.1118994855034494,0.09353390448092996,3.9166983174140206,0.16742933855502026,0.19606959694600984,0.5165342918604388,-9.592994596699125,3.795703353110736,4.037693281717305,1.063753646187405,0.061784163342542386,True,True,False,gcd_k_not_2,False,True,FAMILY_F
670,356,9,1,0.21499950420592837,0.035947496787969775,3.8051019941718907,-1.0744694588292802,0.3939916938252423,0.847276287100481,61.56256363308951,3.8084319223790217,3.8017720659647596,0.9982512864743288,0.0017502438632296209,True,True,False,gcd_k_not_2,False,True,FAMILY_F
672,357,3,1,0.21268142414062752,0.05352110432143387,3.946955098714522,-0.3583879734166369,0.33282508531801486,1.120439425672983,20.534120180170824,3.9456051505044214,3.948305046924621,1.000684279424122,0.0006840453850308452,True,True,False,gcd_k_not_2,False,True,FAMILY_F
673,358,4,2,9.335268361970455,0.5345397564480764,5.669918318251422,1.3367547969564664,13.87564254612274,28.399331546407065,-76.84493472113613,8.543455434002732,2.7963812025001125,0.3273126692240457,1.0136079408768257,True,False,True,,False,False,FAMILY_Q
674,359,3,1,0.2249244891779933,0.09145984546269482,3.9152013213128662,-0.656556891609396,0.38976914226952725,1.0619358468226165,37.6179388377475,3.6236849821796775,4.2067176604460546,1.1608949677285905,0.1489151209396485,True,True,False,gcd_k_not_2,False,True,FAMILY_F
676,360,1,1,0.14803252002565628,0.07927820278934809,4.122497874089009,-2.0242748278726257,0.2395647302870327,0.7058936664980334,115.98240430644815,4.122163738975199,4.12283200920282,1.0001621163713859,0.00016210323159196582,True,True,False,gcd_k_not_2,False,True,FAMILY_F
678,361,7,1,0.15318206954548994,0.060222319472633914,3.9294072438833867,0.8639726534014409,0.2932465533093151,0.9087269780824594,-49.50198603135541,4.027761384908352,3.8310531028584207,0.9511618829290684,0.0500605485359484,True,True,False,gcd_k_not_2,False,True,FAMILY_F
679,362,9,1,0.15769676207876468,0.0399174934432598,3.793264674806261,1.3404969452500342,0.23626554001260636,0.7254678128804862,-76.80481670990667,3.842050231858669,3.744479117753852,0.9746044147742402,0.02572220039188286,True,True,False,gcd_k_not_2,False,True,FAMILY_F
680,363,8,2,8.965631266733798,0.6344854730297824,5.9924928853731005,-2.7044057756274955,13.335948102136829,27.30800608494574,154.72603291319317,9.593991403920112,2.3909943668260882,0.24921789755295445,1.202003435778056,True,False,True,,False,False,FAMILY_Q
681,364,3,1,0.22089964272079748,0.10572633451717764,4.217070736196732,-1.1127910850701204,0.36450301889760817,1.0885058238222869,63.758231590607174,4.192106332548192,4.24203513984527,1.0119101958147918,0.011839689305782697,True,True,False,gcd_k_not_2,False,True,FAMILY_F
682,365,1,1,0.19268048936563167,0.052249958120404866,3.95732471542715,-1.56944437313582,0.289993653859212,0.7433113427220109,89.92253851689028,3.981723624587379,3.9329258062669226,0.9877445491145777,0.012331011941027707,True,True,False,gcd_k_not_2,False,True,FAMILY_F
683,366,1,1,0.1791369354007652,0.06947392944903849,4.0565062317131115,1.44121497127421,0.299357876611319,0.7925893084542486,-82.57553438475894,4.213646816251781,3.899365647174443,0.9254134998061123,0.07747582553191666,True,True,False,gcd_k_not_2,False,True,FAMILY_F
684,367,9,1,0.266257899157664,0.07555346527407139,3.8087421732534708,0.9621144519987967,0.45560112494778615,1.091493528672266,-55.125092469577936,3.7681962377038496,3.8492881088030915,1.0215200764460863,0.02129098463757978,True,True,False,gcd_k_not_2,False,True,FAMILY_F
685,368,7,1,0.19159958506767127,0.06816823742955828,3.9840719882988482,0.4614962332101532,0.3235388800169735,1.0330950648865804,-26.4417874034374,3.947493887619423,4.0206500889782735,1.0185323152971284,0.018362168548587725,True,True,False,gcd_k_not_2,False,True,FAMILY_F
687,369,1,1,0.24251270988275916,0.09003952865123735,3.7940903696866903,-1.8122645288619774,0.3542144227518481,1.1176523830974778,103.83510939035011,3.506601081722876,4.081579657650506,1.1639703412300124,0.15154583046347178,True,True,False,gcd_k_not_2,False,True,FAMILY_F
689,370,3,1,0.1923734119133938,0.04525502630098786,3.7451965481730873,-2.694206644258782,0.30207172895404016,0.8699571828465569,154.36666798655617,3.7923982551232007,3.6979948412229744,0.9751071993104375,0.025206531269040194,True,True,False,gcd_k_not_2,False,True,FAMILY_F
693,371,9,1,0.16136869067240323,0.05616080685952917,3.9466349737284268,-0.6181884529831231,0.28333137355115906,0.5667810233426794,35.41958890767036,3.8649728895203226,4.0282970579365305,1.0422575198028046,0.041383145262586546,True,True,False,gcd_k_not_2,False,True,FAMILY_F
694,372,3,1,0.23122556500770478,0.049314398205014924,3.9862981660085888,-2.6458921030137352,0.39538580745266216,0.8972291825195449,151.59844917124718,3.931035128214634,4.041561203802543,1.028116277769847,0.027726494854391777,True,True,False,gcd_k_not_2,False,True,FAMILY_F
695,373,7,1,0.12699580249745482,0.04122805851891661,3.8094550813988954,-1.3026689406573129,0.2185822787325477,0.6521185586570647,74.63743218661016,3.8302131961658303,3.788696966631959,0.9891608567441024,0.010898206868638464,True,True,False,gcd_k_not_2,False,True,FAMILY_F
697,374,3,1,0.15865951024386035,0.09895196468291999,4.004100679419163,-3.1069957628145546,0.26605764195788295,0.673544547891639,178.0177441044656,3.979086700792343,4.029114658045982,1.0125727235960145,0.012494180656040887,True,True,False,gcd_k_not_2,False,True,FAMILY_F
698,375,3,1,0.26721016352025434,0.05599948768588195,3.9039723696160786,-2.4018088839864222,0.42326955661156385,1.1953397649246416,137.61351025368236,3.884327323093261,3.923617416138897,1.0101150314526912,0.010064131947096681,True,True,False,gcd_k_not_2,False,True,FAMILY_F
700,376,9,1,0.24617106439145103,0.07160586486572673,3.7367420829862654,0.3489820651475706,0.4164532834295389,1.0858697741275671,-19.995203846198983,3.7465269791772338,3.726957186795297,0.9947765510589666,0.005237126873444053,True,True,False,gcd_k_not_2,False,True,FAMILY_F
701,377,1,1,0.2575045130050609,0.0871439833465401,3.827937266586057,-2.9212866495351206,0.40718078097250515,1.326546428277489,167.37739635415616,3.587311017595969,4.0685635155761455,1.134154104737394,0.12572110368187442,True,True,False,gcd_k_not_2,False,True,FAMILY_F
702,378,9,1,0.15783098857488978,0.02895297458093087,4.019105021473331,-1.1817837288354895,0.24279026842953927,0.6650547712465539,67.71121904693334,4.049326928744803,3.9888831142018604,0.9850731206428722,0.015039122944039075,True,True,False,gcd_k_not_2,False,True,FAMILY_F
704,379,9,1,0.18812412639627513,0.05292763228712961,3.920693638456252,-0.07539560142258063,0.2759612470124155,0.834136515117561,4.319850004895874,3.94782703414306,3.8935602427694436,0.9862540098884054,0.013841120061342964,True,True,False,gcd_k_not_2,True,True,FAMILY_F
705,380,7,1,0.18989713786395926,0.04405215405177972,4.075475439127051,-1.6514970889537297,0.26353301088057896,0.9142368384122551,94.62381359234779,4.115782196621422,4.035168681632681,0.9804135614720052,0.01978014987277364,True,True,False,gcd_k_not_2,False,True,FAMILY_F
706,381,8,2,9.102790671749526,0.5580220098711159,5.832866883315306,-1.2194694204636138,13.536355970149238,27.691763934984476,69.63478174657402,8.918084196953497,2.747649569677116,0.30809863519966985,1.0578733838289152,True,False,True,,False,False,FAMILY_Q
707,382,3,1,0.2166228525255772,0.06706121902588465,3.8956506152888517,-0.664497499772495,0.3588892884040759,0.9101064908060553,38.07290343867153,3.896821784878928,3.8944794456987752,0.9993989103660726,0.000601270342612396,True,True,False,gcd_k_not_2,False,True,FAMILY_F
708,383,8,2,9.139134183152395,0.5621044439379906,6.083354506633288,2.421753711642106,13.589426059133915,27.82378132808802,-138.99481874229136,9.32657721468241,2.8401317985841645,0.3045202686054079,1.0662612887388738,True,False,True,,False,False,FAMILY_Q
709,384,2,2,8.949635221285895,0.6000120441148302,6.026672318850202,-2.790285481220685,13.312561466954683,27.180643395814357,159.6477995485757,9.456854277101181,2.5964903605992213,0.27456173950849183,1.1383336530582793,True,False,True,,False,False,FAMILY_Q
711,385,7,1,0.16203319391599147,0.05091768056538526,3.918256998571472,-1.5081970187235703,0.22909301304711624,0.6377996854973657,86.41332390737934,3.8897306332002386,3.9467833639427057,1.0146675274260644,0.014560742381948787,True,True,False,gcd_k_not_2,False,True,FAMILY_F
712,386,9,1,0.136302968742278,0.07647163437959659,4.0182973199416,2.8956235566101847,0.2557600710016264,1.0206312118999408,-165.90700846992442,4.056753770160781,3.9798408697224175,0.981040776740237,0.019140669371743094,True,True,False,gcd_k_not_2,False,True,FAMILY_F
714,387,7,1,0.1927336083136211,0.03180165986804033,3.7898431009659346,-0.3196294802441932,0.30741796331026766,0.8449314980158183,18.313422093170452,3.7671149060619094,3.8125712958699594,1.0120666321419884,0.011994266938508438,True,True,False,gcd_k_not_2,False,True,FAMILY_F
716,388,7,1,0.12772458287646402,0.029745750181664258,3.9080420972556444,0.8814237488589655,0.19219575186088514,0.5076925447189468,-50.50186078724794,3.924656289230743,3.8914279052805463,0.9915334282797259,0.00850256551062509,True,True,False,gcd_k_not_2,False,True,FAMILY_F
719,389,6,2,9.032006579114507,0.577343940373726,5.973050311805249,-0.22941451859008255,13.43294838240092,27.515718720412853,13.374606813139577,9.243444780871842,2.7026558427386576,0.29238621604917975,1.0950500325111685,True,False,True,,False,False,FAMILY_Q
720,390,3,1,0.13856025266790525,0.05014926791864934,3.8123340163796313,1.1895401656392275,0.23004817981741416,0.6395870484283025,-68.1556304159936,3.8101319957270348,3.814536037032228,1.001155876308257,0.001155208669091225,True,True,False,gcd_k_not_2,False,True,FAMILY_F
721,391,7,1,0.21086244049646588,0.07016730181764803,3.999628937725036,-2.950078663331725,0.3016578178633618,0.8924753433204062,169.02705583324368,4.045257116735164,3.954000758714907,0.9774411476485064,0.022816206063396235,True,True,False,gcd_k_not_2,False,True,FAMILY_F
722,392,3,1,0.14096844167209754,0.07007267553638293,4.022943452307165,1.5122716676592338,0.2069997111536644,0.7696592518761307,-86.64678404310537,3.9551640365035965,4.090722868110732,1.0342738835497127,0.03369642979430707,True,True,False,gcd_k_not_2,False,True,FAMILY_F
723,393,2,2,9.102717207485908,0.6040929254527885,6.0139565980775505,-2.544977171118582,13.536246202168114,27.8576456516224,145.58078735074454,9.457377938253401,2.5705352579016982,0.2718021078024537,1.1451433957061121,True,False,True,,False,False,FAMILY_Q
724,394,4,2,9.105827508376427,0.5672185372823733,5.898137769919215,-2.426654992125474,13.54078779392349,27.707212144966885,138.80118014660218,9.070735397562022,2.7255401422764094,0.30047620427875826,1.075796378925974,True,False,True,,False,False,FAMILY_Q
726,395,6,2,8.915133223257873,0.5732287495462817,5.775908418550266,-0.08765286544668392,13.262119005026303,27.08573053782569,4.800977233379697,8.916298889110545,2.6355179479899866,0.2955842980105499,1.087410063661815,True,False,True,,False,False,FAMILY_Q
727,396,7,1,0.163795474122039,0.04589376345106159,3.8488354186728784,-0.2685186869063793,0.29060207930067816,0.8572361975070453,15.384988070125942,3.8728847280120453,3.8247861093337128,0.9875806738242319,0.012496927887583584,True,True,False,gcd_k_not_2,False,True,FAMILY_F
729,397,3,1,0.17530597631070377,0.03952270281117619,3.8964205054015766,-0.48867388505315523,0.27200047076800776,0.9249311896786795,27.998951930722672,3.9800195234302658,3.8128214873728856,0.9579906492736807,0.042910675535557545,True,True,False,gcd_k_not_2,False,True,FAMILY_F
730,398,1,1,0.1664024724414334,0.07247023285279702,3.9788660692595967,0.8926081997461291,0.3077353386445537,0.6936290905186308,-51.14268177273527,3.9280513573776226,4.029680781141571,1.0258727329450694,0.02554230828454599,True,True,False,gcd_k_not_2,False,True,FAMILY_F
731,399,9,1,0.14338968334719296,0.07039466951744883,3.976881007055437,2.3873198944311094,0.24456604215099753,0.7040333674059471,-136.78335444786603,4.042296902921974,3.9114651111888974,0.9676342943442613,0.032898090614470535,True,True,False,gcd_k_not_2,False,True,FAMILY_F
734,400,7,1,0.1643792452210501,0.06542213267635524,3.8730852307885177,-1.5225207669093448,0.25276717647930946,0.9238693800646559,87.23401343714826,3.673970653898073,4.072199807678961,1.1083920344759335,0.10281962054829688,True,True,False,gcd_k_not_2,False,True,FAMILY_F
735,401,7,1,0.14886982066060475,0.0647423060704798,4.152415185350793,2.1305067168261065,0.2527576143979274,0.6491727342949327,-122.06904350731858,4.1369143624590805,4.167916008242504,1.00749390561834,0.0074659311267317105,True,True,False,gcd_k_not_2,False,True,FAMILY_F
737,402,1,1,0.17494673664732555,0.03637461633357363,3.9740447744873917,-0.14547862111517035,0.24408094019012938,0.7073328413738637,8.335311600138022,3.9883697233592,3.9597198256155837,0.9928166394464839,0.0072092538885176515,True,True,False,gcd_k_not_2,True,True,FAMILY_F
739,403,9,1,0.18010063655498454,0.03196370118092615,3.9397136662386822,-0.955185927337198,0.34416768323867697,0.8643764220480714,54.72812148418521,3.976820164567603,3.902607167909762,0.9813386088415416,0.01883715491656373,True,True,False,gcd_k_not_2,False,True,FAMILY_F
741,404,7,1,0.1966537907054998,0.09414039540075227,3.8527140764262073,0.57554820270376,0.3220262928383415,0.939250490004992,-32.97648462495605,3.902742601542022,3.802685551310391,0.9743623752711498,0.025970536158874333,True,True,False,gcd_k_not_2,False,True,FAMILY_F
744,405,9,1,0.14681151332559292,0.04388491835303742,3.893822588494694,-2.304306207070577,0.24867000208125625,0.5781090136631979,132.0270202388101,3.852402348185316,3.935242828804072,1.0215035900021654,0.02127484720632368,True,True,False,gcd_k_not_2,False,True,FAMILY_F
745,406,6,2,9.313023693132491,0.5933524523023239,6.239213651825494,1.6201342024316436,13.843196983077204,28.30268981389532,-93.07953121687734,9.749939757480774,2.7284875461702134,0.27984660562407515,1.1253745428730744,True,False,True,,False,False,FAMILY_Q
748,407,3,1,0.12555784500980083,0.03307864496073236,3.921424921383635,-0.8207674123570499,0.2280488682615179,0.8963365327771617,47.02650910619567,3.8931091427568822,3.94974070001039,1.01454661433237,0.014441576311889652,True,True,False,gcd_k_not_2,False,True,FAMILY_F
749,408,3,1,0.17579920340189767,0.04807019032229092,3.947404947557769,-1.8154237088389529,0.26980214717917456,0.9908508931596804,104.01611696862678,4.034491632589473,3.860318262526063,0.9568289177609175,0.0441235121243819,True,True,False,gcd_k_not_2,False,True,FAMILY_F
750,409,9,1,0.1947751937154385,0.06807326534101488,3.9209157565589776,-1.173632266590732,0.3223838234566586,0.818016442713726,67.24417390288843,3.9400882927157523,3.901743220402203,0.9902679662320156,0.00977962157167114,True,True,False,gcd_k_not_2,False,True,FAMILY_F
753,410,3,1,0.120354733055387,0.07341873762446928,4.057227553217183,-2.5799838949634815,0.1861565060890138,0.6535528115789162,147.82218835667695,3.990468222561772,4.123986883872592,1.0334593972095598,0.03290884219815243,True,True,False,gcd_k_not_2,False,True,FAMILY_F
754,411,3,1,0.24164005622973206,0.04822557374966655,3.890326338413164,2.3217138604137473,0.4067942343223926,1.0201252488252996,-133.02440530008275,3.8964204315436772,3.884232245282651,0.9968719529950217,0.0031329470077303898,True,True,False,gcd_k_not_2,False,True,FAMILY_F
759,412,7,1,0.16796081194181042,0.04850431636305005,3.828849659349167,1.049763161629333,0.2926308026200926,0.8582560449179022,-60.14699808104077,3.8417350168969207,3.815964301801415,0.9932919071767939,0.006730667795372796,True,True,False,gcd_k_not_2,False,True,FAMILY_F
760,413,1,1,0.2552613109680103,0.1096574472978128,4.072148155590755,1.0577203367467005,0.4196443510219583,1.1405598380020283,-60.60290832172529,4.116909017646202,4.027387293535307,0.9782551123361773,0.02198390645192724,True,True,False,gcd_k_not_2,False,True,FAMILY_F
764,414,7,1,0.25083061253538513,0.06296956699083157,3.953304455417657,1.3136725576244235,0.42110751671032964,1.2592278499666698,-75.26788901460546,3.966545562423093,3.940063348412221,0.9933236077604276,0.0066987539941631,True,True,False,gcd_k_not_2,False,True,FAMILY_F
765,415,7,1,0.21360731238203623,0.05475264719246804,4.038960270474901,-1.6554819879078684,0.31596366586713653,1.0328509117611977,94.85213221053077,4.025049649608601,4.052870891341202,1.0069120244852896,0.006888218717073476,True,True,False,gcd_k_not_2,False,True,FAMILY_F
766,416,1,1,0.1894626792317641,0.058688373141801836,3.9164018433327437,-1.0671557456982483,0.3230903579202284,0.8776999720617897,61.143518820851156,3.9114986821666924,3.9213050044987945,1.0025070498877606,0.0025039111726485167,True,True,False,gcd_k_not_2,False,True,FAMILY_F
768,417,3,1,0.16473759113808017,0.05469411507190293,4.070276627625614,-3.026244036272603,0.253679761509085,0.8872918247510556,173.3910104360588,4.0075174993094524,4.133035755941776,1.0313207008213818,0.030837770529013063,True,True,False,gcd_k_not_2,False,True,FAMILY_F
771,418,7,1,0.13471140211420105,0.06953761795168345,3.99413619528949,-1.8909342278088648,0.2151114051625765,0.673274309781284,108.34255114933806,4.13922339756369,3.84904899301529,0.9298964137284317,0.0726501026406208,True,True,False,gcd_k_not_2,False,True,FAMILY_F
772,419,4,2,8.652053318663006,0.579261613329212,5.787514699641437,-0.3439641531444215,12.877149676602453,26.277198003257634,19.505826653513108,8.965425483178022,2.6096039161048505,0.2910741850457956,1.0981953216407285,True,False,True,,False,False,FAMILY_Q
773,420,7,1,0.1773812350057795,0.06392858181447512,3.932922100698098,-1.7961777644471209,0.2680537641046924,0.8851457635660513,102.91340597021727,3.952136520360143,3.9137076810360525,0.9902764393066592,0.009771065467396164,True,True,False,gcd_k_not_2,False,True,FAMILY_F
774,421,6,2,9.039330939867144,0.5556110496036675,6.009264737475634,-0.16915666733622814,13.443651964819345,27.44800909300864,9.461270285026572,9.174978767749126,2.8435507072021418,0.30992450001055893,1.0536111050428916,True,False,True,,False,False,FAMILY_Q
775,422,1,1,0.12629896860989812,0.03470873536819855,3.9465228248533286,-0.7736728360006143,0.23091429707455227,0.690208091011175,44.32818843262154,3.87426017434329,4.018785475363367,1.0373039740534655,0.03662092110805108,True,True,False,gcd_k_not_2,False,True,FAMILY_F
777,423,9,1,0.19859436416308998,0.047424574763879755,3.8968031925116464,-0.29631378758846494,0.3414998122768511,1.0187933076327096,16.97753149933696,3.9032807588157516,3.8903256262075416,0.9966809631669589,0.0033245539916168854,True,True,False,gcd_k_not_2,False,True,FAMILY_F
779,424,3,1,0.16090585862045406,0.0518291779363336,3.9109784825032654,1.2310056444789435,0.27932937963351684,0.7819096694562087,-70.53142741222733,3.941923986978904,3.8800329780276264,0.9842992890893589,0.015824942333015245,True,True,False,gcd_k_not_2,False,True,FAMILY_F
786,425,3,1,0.3023054205772439,0.06649583368509786,3.772714838331692,-0.7883265392126914,0.4948698700469727,0.9957933511268579,45.167784479436,3.819432229100171,3.7259974475632127,0.9755369971418576,0.024765927333716985,True,True,False,gcd_k_not_2,False,True,FAMILY_F
787,426,9,1,0.19971546419939254,0.04181205033841732,3.8853123058963157,-0.7129131551426557,0.3195047216431086,0.6573883915234058,40.84691539021343,3.9440859959070003,3.8265386158856307,0.9701965474020203,0.030254293803610253,True,True,False,gcd_k_not_2,False,True,FAMILY_F
788,427,2,2,9.093128644127916,0.5739565973720328,5.714665339185605,-0.6868499445291317,13.522241000954665,27.71697311580948,39.58850989549107,8.825019936759219,2.6043107416119895,0.2951053663645729,1.088551791911885,True,False,True,,False,False,FAMILY_Q
790,428,7,1,0.26016043803638156,0.10636097683336666,3.885739310368477,2.200249073088695,0.4369128890106802,1.1116623979375557,-126.06498851369383,3.856311657385126,3.9151669633518273,1.015262071947424,0.015146488548435345,True,True,False,gcd_k_not_2,False,True,FAMILY_F
791,429,1,1,0.21059823269259334,0.10365765371809406,3.97194989165063,-1.1870759327737006,0.3799249501045207,1.2540675660408345,68.0144383701427,3.9326744355408616,4.011225347760399,1.0199739168616773,0.01977641067040088,True,True,False,gcd_k_not_2,False,True,FAMILY_F
794,430,9,1,0.2068103227554241,0.06150740802618228,3.7324713624776065,-1.3852269705831526,0.322814196077566,1.0505478830825832,79.36765828595684,3.758301651465594,3.7066410734896196,0.9862542757961356,0.013840850460452575,True,True,False,gcd_k_not_2,False,True,FAMILY_F
798,431,9,1,0.12742998270862435,0.04967942866223202,3.929320279183112,1.890542685842584,0.2238516097685754,0.8198082763583622,-108.32011668191358,3.9012689148793447,3.95737164348688,1.0143806361036947,0.014277972937140872,True,True,False,gcd_k_not_2,False,True,FAMILY_F
799,432,9,1,0.16470164397676196,0.06202263181961807,3.922180847695415,2.6534997464775105,0.29022181872206537,0.82813556708868,-152.03433556066463,3.943525558442942,3.900836136947889,0.9891748079573983,0.010884103296801364,True,True,False,gcd_k_not_2,False,True,FAMILY_F
807,433,3,1,0.2109869981189732,0.051682732434427545,4.098657958183752,-2.4316310946530177,0.3685608240350143,1.1401767335476758,139.3221994019712,4.172082409340826,4.0252335070266785,0.9648020130222335,0.03582853309848299,True,True,False,gcd_k_not_2,False,True,FAMILY_F
808,434,2,2,9.296621838211566,0.5542329913389896,5.755655460505908,0.6856816631195504,13.81927631549964,28.29995135949294,-39.537988325293625,8.77878140473344,2.732529516278375,0.3112652417572466,1.0504888504781373,True,False,True,,False,False,FAMILY_Q
809,435,9,1,0.13348936585242208,0.06393960444104069,3.9881812079512677,0.6021931155613252,0.24576796159934214,0.8535006284997181,-34.50312349473354,4.002727294538568,3.973635121363968,0.9927319122603496,0.0072945966237939735,True,True,False,gcd_k_not_2,False,True,FAMILY_F
812,436,4,2,9.123157176805991,0.5768587393549223,5.916621769275245,0.9625754183773523,13.56609505041331,27.69633922180128,-55.388790719603094,9.15400835654478,2.679235182005711,0.2926843714415179,1.0943361646273013,True,False,True,,False,False,FAMILY_Q
813,437,3,1,0.12514171034417243,0.03524135838996663,3.939797929062899,-2.9003557647280283,0.1814437677774576,0.6462591697148321,166.1781443313967,4.004731809829056,3.874864048296742,0.9675714210840357,0.03296305137233364,True,True,False,gcd_k_not_2,False,True,FAMILY_F
814,438,4,2,8.782539437675647,0.5867504469825553,5.974506970815635,2.9125391213976,13.068165739355834,26.67051240726581,-167.08748671078448,9.298884406849307,2.650129534781964,0.2849943518848293,1.1128541492285948,True,False,True,,False,False,FAMILY_Q
815,439,3,1,0.14216127736003592,0.032577067573071175,4.025063646339052,1.3572773753340734,0.2054260359176784,0.7835046708132587,-77.76626490270297,3.9969495150007104,4.053177777677396,1.0140677940678657,0.013969533805466009,True,True,False,gcd_k_not_2,False,True,FAMILY_F
816,440,9,1,0.17471376267755626,0.04191095281238194,4.0280483155596825,-0.06223649794560963,0.2641495683609496,0.8136066147755718,3.565889576614158,4.020971341412732,4.0351252897066345,1.0035200321246083,0.0035138476962225146,True,True,False,gcd_k_not_2,True,True,FAMILY_F
817,441,1,1,0.1709212248500945,0.06162147551902372,3.951535030393677,-2.628440184786391,0.27260310377422087,0.9671914222100876,150.59852844728684,3.9881994416239523,3.9148706191634033,0.9816135517960229,0.01855704729846304,True,True,False,gcd_k_not_2,False,True,FAMILY_F
820,442,9,1,0.1928407525527766,0.08330570554222938,3.957682102389106,0.09386376378439655,0.3279595722904185,0.8180840125356427,-5.377999067573693,3.9697599698661152,3.9456042349120963,0.9939150641002525,0.006103505619978165,True,True,False,gcd_k_not_2,False,True,FAMILY_F
822,443,7,1,0.22368708985641805,0.029805571760503247,3.7667223688242126,0.8961546275503434,0.4013866802079836,0.6686267447047953,-51.34587682193052,3.791532975608677,3.7419117620397473,0.9869126250811616,0.013173578700577055,True,True,False,gcd_k_not_2,False,True,FAMILY_F
823,444,7,1,0.15900377833889778,0.05711159664804523,3.9333376671572298,1.8361094837155951,0.23667469313558667,0.7543072315385276,-105.2013247815027,3.8904157930074432,3.9762595413070168,1.0220654430957914,0.021824657724241615,True,True,False,gcd_k_not_2,False,True,FAMILY_F
825,445,6,2,9.656372127248032,0.5096135460812167,5.704314780658561,0.48508184512074265,14.343438365229183,29.509128856182635,-27.51090712311809,8.461723144440068,2.9469064168770536,0.3482631571104253,0.9667798744665929,True,False,True,,False,False,FAMILY_Q
830,446,3,1,0.18327734655333983,0.05073051148044206,3.8725464811133534,1.6499435876902868,0.310084161156003,1.0953249084818502,-94.53480427209863,3.8687196812199702,3.8763732810067375,1.0019783288574564,0.0019763738986980136,True,True,False,gcd_k_not_2,False,True,FAMILY_F
831,447,2,2,8.955604061652759,0.5624225069753477,5.770290021877974,2.109529556573912,13.3212879586222,27.204214228639604,-121.09137793908498,8.848369820707834,2.6922102230481144,0.30426059009734613,1.0668717818894242,True,False,True,,False,False,FAMILY_Q
833,448,6,2,8.98327063766621,0.5755975809321898,5.991602700385475,-2.3367217252527794,13.361734609522111,27.333778869508873,133.65793586477798,9.259119227429457,2.724086173341494,0.2942057561232811,1.0906986629249509,True,False,True,,False,False,FAMILY_Q
834,449,4,2,8.929659309163936,0.554825306598723,5.720039246891789,-0.029191899384559954,13.283359109163428,27.143958063978154,1.8948352101321295,8.7294337851774,2.710644708606176,0.3105178153947232,1.0522286328440444,True,False,True,,False,False,FAMILY_Q
835,450,3,1,0.0995016389457542,0.06708365273797864,3.9284385813815654,-0.7441402626554733,0.17119277157375085,0.5198521946661986,42.63609654055933,4.041235622025082,3.8156415407380493,0.9441769541826452,0.05742588985766825,True,True,False,gcd_k_not_2,False,True,FAMILY_F
837,451,9,1,0.14468820576085226,0.07493154219401582,3.917570198934178,-0.4467797020140073,0.2573435865440813,0.6503978487888704,25.59859187076328,3.702740505660427,4.13239989220793,1.1160382116680003,0.10967496808720806,True,True,False,gcd_k_not_2,False,True,FAMILY_F
839,452,7,1,0.16450011271921375,0.05165972919675864,3.932589464266903,-1.178129114559161,0.2726857793035674,0.6179690274903323,67.50182523587893,3.782253614902629,4.082925313631177,1.0794953827379152,0.0764564166843686,True,True,False,gcd_k_not_2,False,True,FAMILY_F
841,453,7,1,0.20463017638994074,0.04973692630071804,3.8014048929072928,-0.9167495039227688,0.38124189393002966,0.7553057695757968,52.5258757582398,3.7231019962451932,3.879707789569392,1.0420632562530219,0.04119682005365849,True,True,False,gcd_k_not_2,False,True,FAMILY_F
842,454,7,1,0.18252636893903423,0.05590615266588691,4.039214702375233,1.6043660371046609,0.2910964391868607,1.0934724414372217,-91.92340193092548,4.057552640210929,4.020876764539538,0.9909610844458485,0.009079952013896213,True,True,False,gcd_k_not_2,False,True,FAMILY_F
844,455,1,1,0.17019685849755994,0.05434363499744516,4.086740307548692,-1.9984828870818498,0.30069208628558325,0.8558286542294132,114.5046363708114,4.115221086677684,4.0582595284197005,0.9861583236821987,0.013938139928482484,True,True,False,gcd_k_not_2,False,True,FAMILY_F
845,456,7,1,0.17529179079026405,0.06501523992785345,3.7690501344876752,0.6646018966512881,0.2949573318078304,0.953717905033553,-38.078884072133015,3.7943291912173023,3.7437710777580464,0.9866753486818481,0.013414019887036662,True,True,False,gcd_k_not_2,False,True,FAMILY_F
848,457,1,1,0.2140490186092429,0.08888309769803317,4.128236039250875,0.8328077138262133,0.33674491311339,1.023949582959699,-47.71636846973884,4.13274284298768,4.123729235514071,0.9978189769322563,0.0021834040950924716,True,True,False,gcd_k_not_2,False,True,FAMILY_F
849,458,3,1,0.17311745633228678,0.04889215287811488,3.8867538442844465,2.457338698528603,0.28182233963636166,0.6767625352646606,-140.79513609333137,3.854186107303228,3.9193215812656645,1.0168999296217203,0.016758322387258884,True,True,False,gcd_k_not_2,False,True,FAMILY_F
853,459,7,1,0.14340565113101691,0.05223335140831591,3.9292301805719965,1.5940439110792504,0.22396208835828596,0.9293524095496076,-91.33198826351517,3.9579992226325205,3.900461138511472,0.9854628359217364,0.014643602302950944,True,True,False,gcd_k_not_2,False,True,FAMILY_F
854,460,9,1,0.1706248763610035,0.059955856511600174,3.925956032788188,0.09874247139882052,0.28529146273471256,1.00990771968383,-5.657527576446132,3.736704744127606,4.115207321448769,1.1012931454956392,0.09641029450152884,True,True,False,gcd_k_not_2,True,True,FAMILY_F
855,461,1,1,0.11672185855078382,0.02417094566413103,4.110765414541754,0.2898707295807727,0.22237326019478437,0.8984342570217039,-16.60836969840987,4.094258296063182,4.127272533020325,1.0080635452308635,0.00803116539814121,True,True,False,gcd_k_not_2,False,True,FAMILY_F
856,462,7,1,0.10953975454796654,0.021953987146515717,4.100939810170698,1.4066039931355416,0.19057852029705508,0.7775125908524311,-80.5924719851669,4.088788356770221,4.113091263571175,1.0059437918230016,0.005926179833383906,True,True,False,gcd_k_not_2,False,True,FAMILY_F
858,463,9,1,0.19500457720537365,0.06911199126090153,3.859989094349264,1.3533927145575209,0.3069774941402992,0.9090065064582661,-77.54368990116899,3.752871137794242,3.9671070509042865,1.0570858697898062,0.05550168870261053,True,True,False,gcd_k_not_2,False,True,FAMILY_F
860,464,9,1,0.1306088963602487,0.050334803736283795,3.8312108839680667,2.686395193717512,0.19159510380582068,0.6867844426171228,-153.91910661269497,3.8823632888367414,3.7800584790993925,0.9736488313621979,0.026702996216013464,True,True,False,gcd_k_not_2,False,True,FAMILY_F
865,465,3,1,0.11319843657476579,0.04374036310699167,3.9310850488725806,-0.5453841991270011,0.23199651764685128,0.6710882973466841,31.248213026417183,4.041752277518603,3.8204178202265595,0.9452379952816083,0.056303655235218505,True,True,False,gcd_k_not_2,False,True,FAMILY_F
866,466,8,2,8.7940377502091,0.611779724529497,5.972032221523766,2.8699490212959544,13.084990656751724,26.749510165491984,-164.64809789768555,9.437894636248004,2.506169806799529,0.2655433127187195,1.1606978281975584,True,False,True,,False,False,FAMILY_Q
868,467,7,1,0.21440024277308492,0.06532920734099407,3.862092857436763,-1.6874230046304004,0.308035862335235,1.2814069939161719,96.68221720773859,3.7913113050413805,3.932874409832146,1.0373388238002315,0.0366545057346756,True,True,False,gcd_k_not_2,False,True,FAMILY_F
869,468,4,2,9.043187041967382,0.5533169472937204,5.547947145419404,1.0566262002581834,13.449285793831406,27.475671659986343,-60.77121494293043,8.459037304629007,2.636856986209801,0.3117206948321227,1.0494296657505506,True,False,True,,False,False,FAMILY_Q
870,469,3,1,0.21351633423233224,0.03852708992487518,3.977440451127432,1.3596213980288618,0.3023789931704891,0.9938915633744937,-77.9005672107518,4.022078959752953,3.9328019425019107,0.9778032658870213,0.022445846354716952,True,True,False,gcd_k_not_2,False,True,FAMILY_F
873,470,1,1,0.1332252083137191,0.04413362069267407,3.9317809701391875,0.5030251237060999,0.2593380013370116,0.5442210043307193,-28.821216983997587,3.804638074213466,4.05892386606491,1.066835737563293,0.06467445510893807,True,True,False,gcd_k_not_2,False,True,FAMILY_F
874,471,1,1,0.1852406927505554,0.09715740163822012,3.8949001064036417,-2.85619145507961,0.3585566420426317,0.9977346254110269,163.6477136210082,3.8954280826502696,3.894372130157014,0.9997289251730872,0.0002711115726741619,True,True,False,gcd_k_not_2,False,True,FAMILY_F
876,472,2,2,8.87593216294349,0.5808932140828571,5.873092752161905,-0.7151407327612751,13.204792890310003,26.896925147304465,40.75633521963713,9.109402681208405,2.636782823115407,0.2894572690868932,1.102080306106251,True,False,True,,False,False,FAMILY_Q
878,473,6,2,9.161285920436212,0.5655932204584071,5.74260525041277,-1.2697146732646936,13.621774884096663,27.898636004293888,72.98961273853857,8.821020697699817,2.664189803125721,0.30202738372674254,1.0721320073552945,True,False,True,,False,False,FAMILY_Q
879,474,8,2,9.034070073032508,0.5872787458734783,5.939175123382379,0.18165925306972483,13.435964943032818,27.43966985555354,-10.638592050081497,9.246323403921274,2.6320268428434845,0.2846565848786198,1.1136725931918516,True,False,True,,False,False,FAMILY_Q
880,475,7,1,0.16680882461730157,0.06292114831776247,3.9860126790277652,-0.3193057678255308,0.27661908374965627,0.8101220157220633,18.294873341107223,3.96391337264624,4.0081119854092915,1.0111502468918854,0.011088427539531095,True,True,False,gcd_k_not_2,False,True,FAMILY_F
881,476,7,1,0.22071757280710477,0.059767811716348464,4.072420907221387,1.1559654882609547,0.38512691918676606,1.0773573587608722,-66.23194107688694,4.088373733670272,4.056468080772502,0.9921960038449991,0.007834566618885897,True,True,False,gcd_k_not_2,False,True,FAMILY_F
885,477,9,1,0.14759309467332477,0.048429842988630366,3.967327659600862,0.6021508797052537,0.2726454311893569,0.6263850757262321,-34.50070439903002,3.951990141770551,3.9826651774311728,1.0077619210980315,0.00773191384542906,True,True,False,gcd_k_not_2,False,True,FAMILY_F
886,478,4,2,8.78561751080865,0.5758704627522612,5.601934001028171,2.930269548010863,13.072672065805088,26.706622494495296,-167.68056476324497,8.660503660215529,2.543364341840818,0.2936739526506386,1.091969187293527,True,False,True,,False,False,FAMILY_Q
887,479,9,1,0.1531350294172366,0.03246765862235379,3.8514820311202187,-1.5727240648265506,0.21411275748432806,0.8347682005989681,90.11045151391913,3.8734014567161,3.8295626055243366,0.9886820791282166,0.01138233304414837,True,True,False,gcd_k_not_2,False,True,FAMILY_F
888,480,3,1,0.17914781760638934,0.047847489408962204,3.7442569150863947,1.0194149428708252,0.3046922226859045,0.893917642331809,-58.40817256378285,3.767370809213678,3.72114302095911,0.9877294297281514,0.012346318455954887,True,True,False,gcd_k_not_2,False,True,FAMILY_F
890,481,1,1,0.22854015537905503,0.05045178131334373,3.911661635499206,-0.4295665807712237,0.3757275927166893,0.961361152243602,24.612355173554764,3.998041424963082,3.825281846035331,0.9567889472457515,0.04416526658643447,True,True,False,gcd_k_not_2,False,True,FAMILY_F
892,482,9,1,0.15796482106001322,0.04215957780822731,4.013660066379529,-2.0368898146381884,0.29561309701710214,1.3926609928446454,116.70518955509705,3.996774547092982,4.030545585666077,1.0084495730682776,0.008414025606198744,True,True,False,gcd_k_not_2,False,True,FAMILY_F
893,483,9,1,0.1733567283679607,0.055613964314746404,3.8265342407047704,0.07392726075071517,0.2516040802578823,0.8261554233568638,-4.235720480778065,3.779502442680948,3.873566038728594,1.0248878251765128,0.024581929790943542,True,True,False,gcd_k_not_2,True,True,FAMILY_F
895,484,3,1,0.12443670914385334,0.05196418130754514,3.9235036392902307,1.1734467610313792,0.2254032498562818,0.6762862917448814,-67.23354631261124,3.9910080135673693,3.855999265013092,0.966171767108631,0.03441025189891262,True,True,False,gcd_k_not_2,False,True,FAMILY_F
902,485,6,2,8.961899148288092,0.580603619179615,6.036812603602835,-1.4915338366762856,13.330489861687678,27.22359765654271,85.68331240518036,9.360936392626481,2.7126888145791868,0.28978819006995343,1.1012844052968531,True,False,True,,False,False,FAMILY_Q
904,486,9,1,0.14807903005686124,0.0792476276455997,3.9442288971640465,-1.1203617888908735,0.24884691189568695,0.6718237824155141,64.19200233883245,3.996948314592607,3.891509479735487,0.9736201655467575,0.026732433032203514,True,True,False,gcd_k_not_2,False,True,FAMILY_F
905,487,1,1,0.29065734519284214,0.10363581034693717,4.100126123245219,-1.9082225239305526,0.45331305547684725,1.20641428285489,109.33309942020918,4.119676750469199,4.080575496021238,0.9905086595826947,0.009536597966165157,True,True,False,gcd_k_not_2,False,True,FAMILY_F
907,488,8,2,9.72663945116212,0.5188527680387092,6.253444688074525,-2.3084338754456697,14.445677282334719,29.63508309638957,131.97495555688974,9.33128982780255,3.175599548346502,0.34031732021491956,0.9843679102487468,True,False,True,,False,False,FAMILY_Q
908,489,2,2,9.494322545147194,0.547969233099408,5.877386353627666,-1.7879670848785416,14.107481198715801,28.831182001853925,102.1749611082126,8.931758756803292,2.823013950452041,0.31606473342126046,1.0393641729168925,True,False,True,,False,False,FAMILY_Q
909,490,7,1,0.16132683479738688,0.09360619402236667,3.895286470243947,0.8156627229529649,0.27825252142951756,0.9519730135973172,-46.73403074224075,3.9279186156008494,3.8626543248870453,0.9833845104492266,0.016754683182445596,True,True,False,gcd_k_not_2,False,True,FAMILY_F
910,491,9,1,0.21832394129192378,0.05721328554451746,4.010993289520021,1.4000010021002862,0.29301742680978643,0.9987926929947455,-80.21414840772366,3.997860101680081,4.024126477359962,1.0065701087611452,0.006548596266294001,True,True,False,gcd_k_not_2,False,True,FAMILY_F
913,492,9,1,0.21969522621076537,0.0527099064266402,3.7533393230524568,0.2863352127798212,0.3761229323269785,0.9832775480710223,-16.405802490087492,3.716755558569062,3.789923087535852,1.0196858598349574,0.019493981936939596,True,True,False,gcd_k_not_2,False,True,FAMILY_F
914,493,3,1,0.1986060737418043,0.0672390890661593,3.8654335163391145,-2.9715963477165857,0.30551996424652916,0.924234456083748,170.25992740361696,3.875533077751007,3.8553339549272216,0.9947880401434976,0.0052255776068593374,True,True,False,gcd_k_not_2,False,True,FAMILY_F
916,494,1,1,0.27693790342819957,0.03973242506626143,3.8726090372785587,-2.9379214094896846,0.43059220229003947,1.4503839431576897,168.33049348842232,3.850443198324809,3.894774876232309,1.011513396153146,0.011447496372795154,True,True,False,gcd_k_not_2,False,True,FAMILY_F
918,495,9,1,0.1073053715061416,0.06175149272583544,4.134057450961336,0.3584420734203798,0.17334050994005865,0.5962845805388906,-20.53721820906368,4.115459707011626,4.152655194911046,1.009037991025899,0.008997332122409331,True,True,False,gcd_k_not_2,False,True,FAMILY_F
919,496,9,1,0.11783945025393973,0.05816990664189865,4.009503729967365,2.5496514119959883,0.2239439732803568,0.7415359320815164,-146.08426497980673,4.045648506631243,3.9733589533034896,0.9821315289231719,0.018029551335107842,True,True,False,gcd_k_not_2,False,True,FAMILY_F
920,497,6,2,8.979324950471263,0.5675265393006113,5.867218920448122,0.22467219418267276,13.355961312881984,27.241493902389994,-13.098822250775065,9.025395022663634,2.70904281823261,0.3001578115340041,1.076549603836599,True,False,True,,False,False,FAMILY_Q
922,498,1,1,0.24976802931379066,0.08733117430726019,4.006611828633708,-2.110462690565433,0.49014228044903,1.6327012347552081,120.92060676805148,4.007511763696696,4.005711893570721,0.9995508758970393,0.0004492249818442497,True,True,False,gcd_k_not_2,False,True,FAMILY_F
923,499,9,1,0.12796547378511505,0.0657027119234716,4.124442604058878,-2.968093201199222,0.23500906034286922,0.810513978395329,170.0592130992038,4.133089616974696,4.115795591143058,0.9958157147716781,0.004193057703026041,True,True,False,gcd_k_not_2,False,True,FAMILY_F
924,500,9,1,0.29985610393702766,0.08402931054451111,3.9761766263436327,1.9576272141822806,0.5183119021937703,1.2854810077328855,-112.16378539243102,4.009382870030581,3.942970382656685,0.9834357332470496,0.016702599913165157,True,True,False,gcd_k_not_2,False,True,FAMILY_F
926,501,3,1,0.17573734697913448,0.04506737729078132,3.8701241489041474,-2.432248099776485,0.31433524199178314,0.7548594184477491,139.35754996604774,3.916213502522351,3.824034795285944,0.9764622875701142,0.023818023321682823,True,True,False,gcd_k_not_2,False,True,FAMILY_F
927,502,1,1,0.12027974637772834,0.06538653806391961,3.9618951098061386,-1.8053113084293622,0.2097597381553204,0.5626850596793015,103.4367190152869,3.9463087734494637,3.9774814461628147,1.007899197580047,0.007868121656273814,True,True,False,gcd_k_not_2,False,True,FAMILY_F
931,503,7,1,0.15608566456828732,0.0562810166004234,3.920867165452165,2.1855271717341784,0.25838194579528767,0.7967808137705038,-125.22148307041515,3.8881231216560694,3.953611209248262,1.0168431105556912,0.01670244995016048,True,True,False,gcd_k_not_2,False,True,FAMILY_F
932,504,9,1,0.247896891807012,0.07283531943527392,3.9744978758363794,1.110422249446595,0.39385442427655554,1.102320720504126,-63.62250458075917,4.057463078995512,3.891532672677248,0.959104888180685,0.04174877217247122,True,True,False,gcd_k_not_2,False,True,FAMILY_F
934,505,8,2,8.790718779511,0.5935601561819311,5.684150366249646,-1.4578020696381102,13.08013522531782,26.645736628119277,83.73779360877806,8.884032846558972,2.48426788594032,0.2796329019542679,1.1258964925731128,True,False,True,,False,False,FAMILY_Q
935,506,3,1,0.18711706526569977,0.04752460843469242,4.019039346424341,0.456119126520547,0.3089077758431311,0.8064102654874612,-26.133699971205143,4.0316198754123285,4.006458817436353,0.9937590698643427,0.0062604657001830745,True,True,False,gcd_k_not_2,False,True,FAMILY_F
937,507,7,1,0.2126615815295189,0.064297981013409,4.040175731236127,-0.30071003727945417,0.34017625823970643,0.9193152352879077,17.229417922593104,4.00430723235308,4.076044230119174,1.0179149584693428,0.017755910271790493,True,True,False,gcd_k_not_2,False,True,FAMILY_F
945,508,3,1,0.17584471518650438,0.05309452629815302,3.892663954452356,-2.6154526517212076,0.3053285886161022,0.7979865272550802,149.8543974465743,3.8239355060266624,3.96139240287805,1.03594644748447,0.0353117809448121,True,True,False,gcd_k_not_2,False,True,FAMILY_F
946,509,3,1,0.1695989511184312,0.04151147535128532,4.001835940547745,0.1500116192428934,0.2643251637985315,0.9514121622888261,-8.595032798323807,4.059268425576599,3.9444034555188936,0.9717030366028604,0.0287030682327231,True,True,False,gcd_k_not_2,True,True,FAMILY_F
947,510,2,2,8.880063444801543,0.5899732795234334,5.620876087901016,1.5004295417216238,13.210839738738725,26.99922067435719,-86.18680042233822,8.763260749898063,2.4784914259039716,0.2828275337958878,1.1181120568592695,True,False,True,,False,False,FAMILY_Q
948,511,1,1,0.14170000159351104,0.045550134944932895,3.816341390940726,-2.0674106718347836,0.22017611199060358,0.6504928058484343,118.4539064419022,3.8150573470617575,3.8176254348196954,1.00067314525689,0.000672918770850555,True,True,False,gcd_k_not_2,False,True,FAMILY_F
949,512,7,1,0.4070384229234346,0.08761627556687367,3.9135823593640353,2.8450360151163703,0.6845480936933084,1.7824835202920684,-163.0085368989403,3.9220532938942085,3.905111424833862,0.9956803572540125,0.004328992596721418,True,True,False,gcd_k_not_2,False,True,FAMILY_F
952,513,3,1,0.20324563488138042,0.10620667159823625,3.864819065550127,-2.8848317520240596,0.3639149763128878,0.9858651916591312,165.28868155501456,3.8582139619438807,3.8714241691563727,1.0034239177357174,0.003418066147065963,True,True,False,gcd_k_not_2,False,True,FAMILY_F
954,514,9,1,0.23429272725775369,0.07672848666164545,3.8603597652020314,2.008575378287932,0.413685029930995,1.286620976702278,-115.08289445436748,3.8937951040712107,3.826924426332853,0.9828263491141482,0.017322395270291075,True,True,False,gcd_k_not_2,False,True,FAMILY_F
957,515,7,1,0.19356212870673878,0.10396492660315387,3.7941491536756766,2.163959753870933,0.37133117661428294,0.7028129385756121,-123.9857620671935,3.439224867005924,4.149073440345429,1.2063978369514048,0.18709031843195245,True,True,False,gcd_k_not_2,False,True,FAMILY_F
958,516,3,1,0.18624328799031653,0.07902203240244371,4.028243809233959,0.1614370826174869,0.2858899990092709,0.8899118549126075,-9.249664295095663,4.094642291607461,3.9618453268604568,0.9675681157743156,0.03296646653874163,True,True,False,gcd_k_not_2,False,True,FAMILY_F
959,517,9,1,0.26296134571345997,0.10009875666019546,3.966182325478897,-2.2940987758513534,0.47623212810773197,1.4938362645346324,131.44217998487463,4.029276452561129,3.903088198396664,0.9686821553074979,0.03181604974482075,True,True,False,gcd_k_not_2,False,True,FAMILY_F
960,518,7,1,0.19519146461655096,0.061018876949321295,3.8914192635130407,-2.6882188730109333,0.3166096541719849,0.8252154338369049,154.02359532644812,3.9076632333566863,3.8751752936693946,0.9916860953088364,0.008348609462852555,True,True,False,gcd_k_not_2,False,True,FAMILY_F
961,519,1,1,0.1330651501517174,0.07583246164081774,4.066712222772726,-2.4837777666023872,0.22446795891378823,1.030390337529269,142.30998330469697,4.205427134534386,3.9279973110110666,0.9340305242135564,0.06821968418856167,True,True,False,gcd_k_not_2,False,True,FAMILY_F
963,520,1,1,0.11868152262531857,0.04051981436396239,3.9986822502731556,-0.26328451635892763,0.19068270456707495,0.527801087734535,15.085091640860615,3.981062632085181,4.016301868461131,1.0088517161453179,0.008812712331304264,True,True,False,gcd_k_not_2,False,True,FAMILY_F
966,521,9,1,0.2743596358940079,0.059698367356644105,3.7754037630861874,1.0303951631975672,0.43295456766965495,1.2301443643885133,-59.03729329446341,3.792263689803203,3.7585438363691717,0.9911082519064539,0.008931456222967621,True,True,False,gcd_k_not_2,False,True,FAMILY_F
967,522,9,1,0.17796205051176495,0.049203756718024065,3.948195648924332,1.0105711895556375,0.31480024710701043,1.561888117464254,-57.90146414115083,4.014216980767233,3.882174317081431,0.9671062465436123,0.033443799504154895,True,True,False,gcd_k_not_2,False,True,FAMILY_F
968,523,7,1,0.26023132761076884,0.053055182437174817,3.8229006313899787,2.8526768348096496,0.39994361531778894,1.0684607840798073,-163.44633836420059,3.8313942739762923,3.8144069888036656,0.9955662915487429,0.004443559174189222,True,True,False,gcd_k_not_2,False,True,FAMILY_F
970,524,9,1,0.24175333342784375,0.055888671982147094,3.8979752914541086,-1.655496012789227,0.3400595795662788,1.0217297602273294,94.85293508183742,3.907924048676515,3.8880265342317037,0.9949084183323496,0.005104576852612336,True,True,False,gcd_k_not_2,False,True,FAMILY_F
971,525,1,1,0.16319069215554052,0.06104238909507126,3.8659419358394596,1.5270208585995046,0.20109544736239543,0.7851888087773035,-87.49185029275529,3.6979740019555516,4.0339098697233675,1.090843220528367,0.08689625280025579,True,True,False,gcd_k_not_2,False,True,FAMILY_F
972,526,3,1,0.12233766396188274,0.03508523385453174,3.990472044143039,1.3226814768830264,0.18936378873096404,0.5910380121065234,-75.78406616560116,4.026169602804798,3.9547744854812796,0.9822672355198891,0.017891396439754036,True,True,False,gcd_k_not_2,False,True,FAMILY_F
973,527,7,1,0.19558443260811254,0.0710602972280888,3.8827198263230827,-0.18546003253957816,0.3793060046794388,1.5327620120162255,10.62607711220096,3.9689109899897916,3.7965286626563737,0.956566844716802,0.04439731297755347,True,True,False,gcd_k_not_2,False,True,FAMILY_F
974,528,3,1,0.2445396280386503,0.060506943048262,3.9399514458872895,-2.871989313667506,0.358239719195371,0.945817577749072,164.55286384444597,4.0218632404989885,3.858039651275591,0.9592667429429867,0.04158010358082062,True,True,False,gcd_k_not_2,False,True,FAMILY_F
976,529,6,2,9.081609419574418,0.5615206454007139,5.9107838543025535,-0.8210175147667317,13.505414781157608,27.55887422106928,47.2748386898593,9.058834358268985,2.7627333503361213,0.30497669358688223,1.0651888418064606,True,False,True,,False,False,FAMILY_Q
978,530,4,2,9.071255552777844,0.5640323167578145,5.646484574875165,-1.102430047355699,13.49029042990636,27.563347710985095,63.397776156919576,8.666919852063721,2.62604929768661,0.3029968365360283,1.069846286529644,True,False,True,,False,False,FAMILY_Q
980,531,3,1,0.1845298516624177,0.06949384773064439,4.055996471079405,0.3386409909911041,0.29677020286293004,0.8691939125539917,-19.402700799600424,4.10172627542719,4.0102666667316225,0.9777021667088105,0.022549232808190156,True,True,False,gcd_k_not_2,False,True,FAMILY_F
981,532,1,1,0.291414445102854,0.07700977432450017,3.9326886856632712,-1.7745980160559218,0.4329230034200721,1.3675329636257338,101.67697984625055,3.9695640556472207,3.895813315679322,0.9814209472541504,0.018753261664661867,True,True,False,gcd_k_not_2,False,True,FAMILY_F
982,533,1,1,0.22676057917440223,0.05228874316532126,3.856335859870016,-1.9359613068805395,0.370615272093898,1.3223484988067762,110.92241381775754,3.911975616219015,3.8006961035210183,0.9715541394898698,0.028856281387728368,True,True,False,gcd_k_not_2,False,True,FAMILY_F
983,534,7,1,0.1648947273234119,0.05778685890107468,3.7255118050141958,-2.671961287082984,0.2892792540861512,0.8487218131409957,153.0921042527138,3.7749735080030042,3.6760501020253877,0.9737949403438468,0.026552970747394954,True,True,False,gcd_k_not_2,False,True,FAMILY_F
987,535,9,1,0.15801740440144663,0.07042890449074042,4.040166687629125,-2.6663017660437522,0.26160741514312696,1.0764707001845286,152.76783796721304,3.9899825507206095,4.0903508245376425,1.0251550658533346,0.02484260714399676,True,True,False,gcd_k_not_2,False,True,FAMILY_F
989,536,3,1,0.19004721765453478,0.0417876021426749,3.9115279185091127,1.1115666964576505,0.30398370647953094,0.798129455815235,-63.6880795553738,3.8904829534739434,3.9325728835442817,1.010818690268969,0.010760483102056193,True,True,False,gcd_k_not_2,False,True,FAMILY_F
990,537,7,1,0.22511997883524162,0.11135471738931436,3.9408679333467243,2.341423938441554,0.32974512783934223,0.9336391805338616,-134.15371004164106,3.893926332674673,3.987809534018775,1.0241101637070815,0.02382297578401031,True,True,False,gcd_k_not_2,False,True,FAMILY_F
992,538,3,1,0.2221207944121352,0.04036058259351745,3.8778780797603813,0.0013447658521616045,0.2791755600591692,1.0944186522733623,-0.07704937779325767,3.8506952373405143,3.9050609221802484,1.014118407583271,0.014019441488757002,True,True,False,gcd_k_not_2,True,True,FAMILY_F
994,539,6,2,9.20492770456399,0.597750571833793,6.200073490975598,2.3482964911938295,13.685475988639398,28.063063566400693,-134.7913099381196,9.715092157666177,2.68505482428502,0.2763797584942356,1.133863549135925,True,False,True,,False,False,FAMILY_Q
995,540,7,1,0.1706225800420101,0.07408796491816665,4.038350328490494,0.30538285445108343,0.250246063035048,0.713460054323389,-17.49714907557856,4.051955170231766,4.024745486749222,0.9932848014503112,0.0067378214541171716,True,True,False,gcd_k_not_2,False,True,FAMILY_F
996,541,7,1,0.14004896692928195,0.07450409414492651,3.9495871858628275,-0.8636879239641222,0.26085243298601124,0.8953103475113099,49.485673099142694,3.894985993983565,4.004188377742091,1.0280366563389975,0.027649062704427855,True,True,False,gcd_k_not_2,False,True,FAMILY_F
997,542,8,2,9.34505695310218,0.5990193838670826,5.950357763726091,-0.08065280035112711,13.889914646907537,28.375695872647537,4.876407617053864,9.330849187127892,2.5698663403242894,0.27541612652677694,1.136231318395535,True,False,True,,False,False,FAMILY_Q
998,543,9,1,0.08596819696410923,0.04299865652384475,3.8470582267314994,0.6838202432623383,0.14932027741479756,0.4642534680510384,-39.18001392466031,3.8400557467625225,3.8540607067004755,1.0036470720378892,0.0036404335761384596,True,True,False,gcd_k_not_2,False,True,FAMILY_F
999,544,3,1,0.1275065335178723,0.06708811595462466,3.882776311711873,-0.5729987832322879,0.20567707377127062,0.5515056779499508,32.83041213530906,3.884405273594677,3.8811473498290696,0.9991612811907774,0.0008390706814039469,True,True,False,gcd_k_not_2,False,True,FAMILY_F
1002,545,3,1,0.2302867562536066,0.09390118969660272,3.911921708182665,1.2618996159221096,0.3922209035858307,1.2488363977824977,-72.30151868998742,4.037677888007001,3.7861655283583295,0.937708661605788,0.06429381220042736,True,True,False,gcd_k_not_2,False,True,FAMILY_F
1004,546,3,1,0.2129599920186373,0.04758643535545209,3.9012624702071035,-1.0557831497290384,0.3623206659729861,0.9052632190188135,60.49191594157459,3.9234613342768183,3.8790636061373873,0.9886840408616862,0.011380348919993094,True,True,False,gcd_k_not_2,False,True,FAMILY_F
1005,547,9,1,0.21381008331009285,0.08540389093399348,4.17296883961877,0.8528824756749694,0.3892641641049186,1.215072148430373,-48.866567146106455,4.1613947177397295,4.1845429614978125,1.005562616701416,0.005547188260384361,True,True,False,gcd_k_not_2,False,True,FAMILY_F
1007,548,9,1,0.20042922067222654,0.02839112253149881,3.962460692589366,-1.7240640201479225,0.3266761108318383,1.2110737671239449,98.78159338385129,4.002198431634515,3.9227229535442176,0.980142044566781,0.02005710195155574,True,True,False,gcd_k_not_2,False,True,FAMILY_F
1012,549,1,1,0.17815428189499127,0.07618341675159661,3.8891474795117973,-1.2814565706571686,0.2962999285613888,0.9763025802955207,73.42205339846282,3.8211978546986543,3.95709710432494,1.0355645676549252,0.03494319779391473,True,True,False,gcd_k_not_2,False,True,FAMILY_F
1013,550,9,1,0.15277654351116288,0.03784737577221666,3.982987281482399,-0.5890195705396083,0.2647635247858221,0.7788330626046579,33.74833580217145,3.9531394105393622,4.012835152425435,1.015100844085316,0.014987680770061337,True,True,False,gcd_k_not_2,False,True,FAMILY_F
1014,551,7,1,0.1658663116212386,0.03243334253972501,3.74634829904475,2.6764369838935953,0.2688079114889304,0.9846958838062807,-153.34854238532102,3.773751810836326,3.7189447872531742,0.9854767811105719,0.014629452258116654,True,True,False,gcd_k_not_2,False,True,FAMILY_F
1016,552,1,1,0.18652746525937733,0.08631502204230716,3.917610771809019,-0.45793618709657385,0.2967653650812176,0.8578643297373363,26.237811985763642,3.924445415634137,3.9107761279839033,0.9965168867948123,0.0034891898267682036,True,True,False,gcd_k_not_2,False,True,FAMILY_F
1019,553,1,1,0.1807230853783055,0.05514311041268145,3.8591786264997054,2.6995828058444977,0.3332306298389038,0.8425276778494988,-154.6746997293145,3.8915025253569495,3.8268547276424627,0.9833874455192453,0.01675169873469233,True,True,False,gcd_k_not_2,False,True,FAMILY_F
1020,554,9,1,0.18766820477609222,0.04261351048864147,3.915983445418321,1.8400821240791425,0.28357432684177314,1.0971642341961263,-105.42894031054551,3.8218720581616035,4.010094832675039,1.0492488423602475,0.04806526307807937,True,True,False,gcd_k_not_2,False,True,FAMILY_F
1021,555,7,1,0.2145592189486248,0.051263484669188855,3.9084581751383367,-1.0083899556959008,0.38791684990319053,0.8221791871337831,57.77648666740296,3.9477342051931243,3.869182145083549,0.9801019886277443,0.02009796615177927,True,True,False,gcd_k_not_2,False,True,FAMILY_F
1022,556,7,1,0.2659996481018278,0.10398868325559646,3.9719493711376757,0.014355514855232598,0.4141891150926206,1.2322912911248007,-0.822509657021164,4.006034348422216,3.9378643938531352,0.9829831827088727,0.01716284579668624,True,True,False,gcd_k_not_2,True,True,FAMILY_F
