net,domain_exact,best_k,gcd_k_n,phase_mae_deg,mean_abs_deg,q_odd_over_even,radius_parity_separation,f_decoder_acc,f_decoder_exact,q_decoder_acc,q_decoder_exact,q_certified,q_break_at,composition_acc,composition_exact,substitution_acc,substitution_exact,family
0,False,3,1,0.04746563823683575,0.07512672653528353,1.0136196478803305,0.013527527797682714,1.0,True,,False,False,gcd_k_not_2,0.0,False,1.0,True,EXACT-UNCLASSIFIED
2,False,16,2,3.747943450192243,5.613862584996514,0.3144728314724878,1.0430450171565384,0.5392561983471075,False,1.0,True,True,,0.0,False,0.5,False,EXACT-UNCLASSIFIED
4,False,16,2,3.7765292387576728,5.656554902008035,0.3257382308575103,1.017186882671952,0.4834710743801653,False,1.0,True,True,,0.0,False,0.5,False,EXACT-UNCLASSIFIED
5,False,21,1,0.03910685194976059,0.0621840920036627,1.019489718839381,0.019301627195786788,1.0,True,,False,False,gcd_k_not_2,0.0,False,1.0,True,EXACT-UNCLASSIFIED
6,False,21,1,0.05161102024886879,0.08262872464568291,0.973893174302464,0.026452116089576715,1.0,True,,False,False,gcd_k_not_2,0.0,False,1.0,True,EXACT-UNCLASSIFIED
8,False,12,2,3.7731752300337877,5.651545829593906,0.3156456695987116,1.0403322812745244,0.49793388429752067,False,1.0,True,True,,0.0,False,0.5,False,EXACT-UNCLASSIFIED
10,False,17,1,0.05359655437281643,0.08787939927178914,1.0275934659950334,0.027217947244165125,1.0,True,,False,False,gcd_k_not_2,0.0,False,1.0,True,EXACT-UNCLASSIFIED
13,False,3,1,0.03942876079718951,0.06467121307389252,1.0002407291564992,0.00024070018472289794,1.0,True,,False,False,gcd_k_not_2,0.0,False,1.0,True,EXACT-UNCLASSIFIED
16,False,7,1,0.05500465556954721,0.08765356973989763,0.9820164165455627,0.01814675529860715,1.0,True,,False,False,gcd_k_not_2,0.3181818181818182,False,1.0,True,EXACT-UNCLASSIFIED
18,False,14,2,3.770847295902066,5.648069356194551,0.3176554380645761,1.0356949809848293,0.5,False,1.0,True,True,,0.0,False,0.5,False,EXACT-UNCLASSIFIED
21,False,13,1,0.05669961806951902,0.09194292669889513,1.03136848182189,0.030884088340049683,1.0,True,,False,False,gcd_k_not_2,0.0,False,1.0,True,EXACT-UNCLASSIFIED
27,False,17,1,0.04874749972243957,0.08178539961008062,0.9913754700065724,0.008661882325384998,1.0,True,,False,False,gcd_k_not_2,0.0,False,1.0,True,EXACT-UNCLASSIFIED
29,False,5,1,0.05953393704346322,0.10202706471820625,1.0056220312546413,0.005606271936616442,1.0,True,,False,False,gcd_k_not_2,0.0,False,1.0,True,EXACT-UNCLASSIFIED
30,False,6,2,3.7864149739970596,5.67131849705897,0.3139051094897627,1.044359878890604,0.5041322314049587,False,1.0,True,True,,0.0,False,0.5,False,EXACT-UNCLASSIFIED
31,False,15,1,0.04252814297859929,0.06364458593075618,0.9814098725938089,0.018764545047769764,1.0,True,,False,False,gcd_k_not_2,0.0,False,1.0,True,EXACT-UNCLASSIFIED
34,False,12,2,3.772665419836401,5.650784699500698,0.31312209565855126,1.046175228659097,0.49586776859504134,False,1.0,True,True,,0.0,False,0.5,False,EXACT-UNCLASSIFIED
35,False,9,1,0.09136362280737291,0.15198224138911265,1.002197687377612,0.0021952751134084107,1.0,True,,False,False,gcd_k_not_2,0.5454545454545454,False,1.0,True,EXACT-UNCLASSIFIED
36,False,5,1,0.07753584604505519,0.11932454675554108,1.0069155235421743,0.006891693707135644,1.0,True,,False,False,gcd_k_not_2,0.0,False,1.0,True,EXACT-UNCLASSIFIED
38,False,13,1,0.07106299215128517,0.10957258092368657,1.0042008472073674,0.0041920421431023945,1.0,True,,False,False,gcd_k_not_2,0.0,False,1.0,True,EXACT-UNCLASSIFIED
39,False,5,1,0.051698715882286216,0.08703440557239722,0.9979642355090451,0.002037838770858877,1.0,True,,False,False,gcd_k_not_2,0.0,False,1.0,True,EXACT-UNCLASSIFIED
41,False,5,1,0.04725301828531028,0.07472252158142972,1.0043652428265157,0.004355735904061073,1.0,True,,False,False,gcd_k_not_2,0.5,False,1.0,True,EXACT-UNCLASSIFIED
42,False,7,1,0.04161611405973359,0.06786794875616729,0.9922562498305144,0.007773849543846958,1.0,True,,False,False,gcd_k_not_2,0.0,False,1.0,True,EXACT-UNCLASSIFIED
44,False,5,1,0.04200157164184118,0.0675958454559433,0.9941453740326108,0.0058718146065247535,1.0,True,,False,False,gcd_k_not_2,0.15702479338842976,False,1.0,True,EXACT-UNCLASSIFIED
47,False,10,2,3.77854299262876,5.65956223661709,0.312834331430883,1.0468429292524093,0.49793388429752067,False,1.0,True,True,,0.0,False,0.5,False,EXACT-UNCLASSIFIED
49,False,6,2,3.7562049640109723,5.626201626174901,0.31565317735645104,1.0403149316579172,0.5103305785123967,False,1.0,True,True,,0.0,False,0.5,False,EXACT-UNCLASSIFIED
51,False,2,2,3.767007809973121,5.6423353187199075,0.3212783253723263,1.0273712382838263,0.5020661157024794,False,1.0,True,True,,0.5,False,0.5,False,EXACT-UNCLASSIFIED
52,False,16,2,3.776442816580377,5.656426203233974,0.316171732958761,1.0391170846740334,0.44421487603305787,False,1.0,True,True,,0.0,False,0.5,False,EXACT-UNCLASSIFIED
53,False,7,1,0.04559358219032277,0.07644504122318754,0.9749550647460729,0.025362536799942107,1.0,True,,False,False,gcd_k_not_2,0.0,False,1.0,True,EXACT-UNCLASSIFIED
56,False,17,1,0.038349750551928796,0.0654531920483638,1.010110051953349,0.010059202423792215,1.0,True,,False,False,gcd_k_not_2,0.2727272727272727,False,1.0,True,EXACT-UNCLASSIFIED
60,False,13,1,0.03922001998619292,0.06207542318851032,0.987535492701346,0.012542676439667437,1.0,True,,False,False,gcd_k_not_2,0.0,False,1.0,True,EXACT-UNCLASSIFIED
62,False,9,1,0.03528741203199127,0.05667420849781287,0.9925997851730047,0.007427698107829266,1.0,True,,False,False,gcd_k_not_2,0.0,False,1.0,True,EXACT-UNCLASSIFIED
65,False,8,2,3.78336622960288,5.666765409256168,0.3171460252502709,1.0368690512048275,0.47107438016528924,False,1.0,True,True,,0.0,False,0.5,False,EXACT-UNCLASSIFIED
66,False,3,1,0.05203673882721052,0.08347111213198835,1.0094288251906556,0.009384582397200239,1.0,True,,False,False,gcd_k_not_2,0.0,False,1.0,True,EXACT-UNCLASSIFIED
67,False,15,1,0.049652198143861785,0.0775282245983867,0.9851915069900781,0.014918956642499826,1.0,True,,False,False,gcd_k_not_2,0.18181818181818182,False,1.0,True,EXACT-UNCLASSIFIED
68,False,9,1,0.08155648427670169,0.135898878155309,1.000540601064271,0.000540454979002597,1.0,True,,False,False,gcd_k_not_2,0.0,False,1.0,True,EXACT-UNCLASSIFIED
72,False,1,1,0.057270709939684354,0.08853914690244429,0.9951155132480743,0.004896445062445176,1.0,True,,False,False,gcd_k_not_2,0.0,False,1.0,True,EXACT-UNCLASSIFIED
73,False,21,1,0.04640934461691745,0.07396499788477687,1.0009434692693342,0.0009430244120577739,1.0,True,,False,False,gcd_k_not_2,0.0,False,1.0,True,EXACT-UNCLASSIFIED
74,False,15,1,0.0674415724969993,0.10793154127424462,0.9963966486340351,0.0036098551542153474,1.0,True,,False,False,gcd_k_not_2,0.0,False,1.0,True,EXACT-UNCLASSIFIED
75,False,10,2,3.749449612191197,5.6161119871017515,0.31632055384636937,1.0387734874394803,0.4834710743801653,False,1.0,True,True,,0.0,False,0.5,False,EXACT-UNCLASSIFIED
76,False,3,1,0.06554717883729132,0.11168086502216158,0.9997067037807631,0.000293339236881417,1.0,True,,False,False,gcd_k_not_2,0.0,False,1.0,True,EXACT-UNCLASSIFIED
78,False,9,1,0.05233101744927057,0.0855911779590452,1.017637066773932,0.01748289329570304,1.0,True,,False,False,gcd_k_not_2,0.0,False,1.0,True,EXACT-UNCLASSIFIED
79,False,5,1,0.07138043342924334,0.11205164507821819,0.9833501474907075,0.01678962489841501,1.0,True,,False,False,gcd_k_not_2,0.3181818181818182,False,1.0,True,EXACT-UNCLASSIFIED
82,False,21,1,0.06775307680263104,0.10477900283656418,0.9932113996590033,0.006811721367997457,1.0,True,,False,False,gcd_k_not_2,0.0,False,1.0,True,EXACT-UNCLASSIFIED
85,False,19,1,0.06831366385507874,0.10826493848365798,0.9836499747750286,0.01648478857952318,1.0,True,,False,False,gcd_k_not_2,0.2727272727272727,False,1.0,True,EXACT-UNCLASSIFIED
86,False,3,1,0.03402384347845006,0.0569339769117917,0.9534302626674739,0.0476799589138479,1.0,True,,False,False,gcd_k_not_2,0.0,False,1.0,True,EXACT-UNCLASSIFIED
87,False,3,1,0.046031610357469055,0.06358288442890135,0.9612609528279024,0.03950422519373626,1.0,True,,False,False,gcd_k_not_2,0.0,False,1.0,True,EXACT-UNCLASSIFIED
88,False,3,1,0.055658791592622554,0.08518098693235479,0.974503777821009,0.025825447857210658,1.0,True,,False,False,gcd_k_not_2,0.0,False,1.0,True,EXACT-UNCLASSIFIED
89,False,9,1,0.04988430985465034,0.08404799296281576,1.0192383234138216,0.019055029998931827,1.0,True,,False,False,gcd_k_not_2,0.0,False,1.0,True,EXACT-UNCLASSIFIED
90,False,1,1,0.07081508011953766,0.10791224007190875,1.0186495401699238,0.018477244116731593,1.0,True,,False,False,gcd_k_not_2,0.0,False,1.0,True,EXACT-UNCLASSIFIED
93,False,19,1,0.0492745765578366,0.08429328375774181,0.9716613593415803,0.02874595124984671,1.0,True,,False,False,gcd_k_not_2,0.0,False,1.0,True,EXACT-UNCLASSIFIED
96,False,19,1,0.04542517334565649,0.07069258206070965,1.0015297470222027,0.0015285778534927807,1.0,True,,False,False,gcd_k_not_2,0.0,False,1.0,True,EXACT-UNCLASSIFIED
98,False,3,1,0.06286761647231559,0.09714626850229102,1.0165489502668574,0.016413140146850788,1.0,True,,False,False,gcd_k_not_2,0.0,False,1.0,True,EXACT-UNCLASSIFIED
99,False,3,1,0.044892940328070556,0.07217680595982127,1.007351835741277,0.007324909973803381,1.0,True,,False,False,gcd_k_not_2,0.0,False,1.0,True,EXACT-UNCLASSIFIED
100,False,17,1,0.026881281089550377,0.04822886079539886,1.0204115060162753,0.020205295758309576,1.0,True,,False,False,gcd_k_not_2,0.0,False,1.0,True,EXACT-UNCLASSIFIED
103,False,13,1,0.05378888396544485,0.08489931204301707,0.9933515311374559,0.006670643645830365,1.0,True,,False,False,gcd_k_not_2,0.0,False,1.0,True,EXACT-UNCLASSIFIED
104,False,15,1,0.05335403318544622,0.07672372257560292,0.9967676659361383,0.003237566512122259,1.0,True,,False,False,gcd_k_not_2,0.0,False,1.0,True,EXACT-UNCLASSIFIED
105,False,5,1,0.04009448200295789,0.07272966545411289,0.9878164666854344,0.012258207454011913,1.0,True,,False,False,gcd_k_not_2,0.0,False,1.0,True,EXACT-UNCLASSIFIED
107,False,10,2,3.7657602064745554,5.640471864125815,0.31833925501856275,1.0341203789336293,0.48140495867768596,False,1.0,True,True,,0.25,False,0.5,False,EXACT-UNCLASSIFIED
109,False,9,1,0.06646474262112302,0.10533500595214586,1.0165334790630804,0.016397921715400707,1.0,True,,False,False,gcd_k_not_2,0.0,False,1.0,True,EXACT-UNCLASSIFIED
110,False,15,1,0.043594175938807656,0.07039964319224755,1.0271519665257856,0.026788289160500994,1.0,True,,False,False,gcd_k_not_2,0.3181818181818182,False,1.0,True,EXACT-UNCLASSIFIED
111,False,21,1,0.030969239292895964,0.05218644866147561,1.0022683755889867,0.0022658057397719777,1.0,True,,False,False,gcd_k_not_2,0.0,False,1.0,True,EXACT-UNCLASSIFIED
112,False,3,1,0.06299137907560051,0.0963844680382179,1.0050185377627248,0.005005976421868426,1.0,True,,False,False,gcd_k_not_2,0.22727272727272727,False,1.0,True,EXACT-UNCLASSIFIED
114,False,5,1,0.04415451192784019,0.06987820287830411,1.013493259967,0.013402835991833513,1.0,True,,False,False,gcd_k_not_2,0.0,False,1.0,True,EXACT-UNCLASSIFIED
118,False,13,1,0.04077105760220829,0.06812905004543124,0.9830035316450724,0.017142146328733572,1.0,True,,False,False,gcd_k_not_2,0.0,False,1.0,True,EXACT-UNCLASSIFIED
119,False,13,1,0.06442463240321862,0.09811701221306211,0.9980325254228738,0.001969411961108837,1.0,True,,False,False,gcd_k_not_2,0.0,False,1.0,True,EXACT-UNCLASSIFIED
120,False,19,1,0.05600285797514197,0.08842987080946066,0.9910307739029248,0.009009630804945561,1.0,True,,False,False,gcd_k_not_2,0.0,False,1.0,True,EXACT-UNCLASSIFIED
121,False,3,1,0.040480495169811906,0.06984370243114504,0.9969154377879562,0.003089326822432388,1.0,True,,False,False,gcd_k_not_2,0.6942148760330579,False,1.0,True,EXACT-UNCLASSIFIED
122,False,3,1,0.053890828796636515,0.08872401319526822,1.0095746268533297,0.009529008502980489,1.0,True,,False,False,gcd_k_not_2,0.0,False,1.0,True,EXACT-UNCLASSIFIED
123,False,3,1,0.04208006622440903,0.07697855928495982,1.0247793033752732,0.02447605359652446,1.0,True,,False,False,gcd_k_not_2,0.0,False,1.0,True,EXACT-UNCLASSIFIED
125,False,1,1,0.04521680813458904,0.07430031257806231,1.0006542365741156,0.0006540226313527966,1.0,True,,False,False,gcd_k_not_2,0.0,False,1.0,True,EXACT-UNCLASSIFIED
126,False,1,1,0.057911045703478645,0.09599130736182315,0.9912253815368929,0.008813285070055233,1.0,True,,False,False,gcd_k_not_2,0.0,False,1.0,True,EXACT-UNCLASSIFIED
127,False,5,1,0.04119995807643526,0.07010241651058452,1.0035326906906554,0.003526461741373174,1.0,True,,False,False,gcd_k_not_2,0.0,False,1.0,True,EXACT-UNCLASSIFIED
129,False,21,1,0.05453258066584323,0.08704764951790059,0.9904032253645925,0.00964304570361575,1.0,True,,False,False,gcd_k_not_2,0.0,False,1.0,True,EXACT-UNCLASSIFIED
132,False,15,1,0.05248362423590606,0.08117196752651692,0.9833791340278747,0.016760150076169673,1.0,True,,False,False,gcd_k_not_2,0.0,False,1.0,True,EXACT-UNCLASSIFIED
133,False,21,1,0.05755908196861463,0.09470252334149548,1.00843950066515,0.008404037724168666,1.0,True,,False,False,gcd_k_not_2,0.18181818181818182,False,1.0,True,EXACT-UNCLASSIFIED
134,False,21,1,0.0333521715878865,0.0537813984530445,1.0156705846712561,0.0155487556254752,1.0,True,,False,False,gcd_k_not_2,0.0,False,1.0,True,EXACT-UNCLASSIFIED
137,False,19,1,0.04141158228595589,0.07099873443792311,0.997671667227243,0.0023310464987359447,1.0,True,,False,False,gcd_k_not_2,0.0,False,1.0,True,EXACT-UNCLASSIFIED
138,False,13,1,0.06875118889106087,0.11158361661659495,0.9883353715051293,0.011733059384283727,1.0,True,,False,False,gcd_k_not_2,0.0,False,1.0,True,EXACT-UNCLASSIFIED
139,False,1,1,0.06271287859536245,0.10261057693315616,1.008084471935903,0.008051924158458528,1.0,True,,False,False,gcd_k_not_2,0.5,False,1.0,True,EXACT-UNCLASSIFIED
140,False,17,1,0.051084708446791825,0.07948809799483729,0.995332884404692,0.004678032053484056,1.0,True,,False,False,gcd_k_not_2,0.0,False,1.0,True,EXACT-UNCLASSIFIED
141,False,6,2,3.7848583108359066,5.668993932258111,0.3094090755347637,1.0548131021364708,0.5020661157024794,False,1.0,True,True,,0.0,False,0.5,False,EXACT-UNCLASSIFIED
142,False,3,1,0.06873123413953995,0.10188385910206765,1.0095247038945934,0.009479558898812166,1.0,True,,False,False,gcd_k_not_2,0.0,False,1.0,True,EXACT-UNCLASSIFIED
143,False,13,1,0.04998383071136762,0.08129742007769342,1.0024024479991396,0.0023995655833723315,1.0,True,,False,False,gcd_k_not_2,0.0,False,1.0,True,EXACT-UNCLASSIFIED
147,False,9,1,0.05950357052375233,0.0927522498656378,0.9794001045391834,0.02081428147202449,1.0,True,,False,False,gcd_k_not_2,0.36363636363636365,False,1.0,True,EXACT-UNCLASSIFIED
148,False,13,1,0.04185229906522307,0.07408368624002237,0.9745029742875109,0.025826272276636725,1.0,True,,False,False,gcd_k_not_2,0.0,False,1.0,True,EXACT-UNCLASSIFIED
150,False,6,2,3.767355656352207,5.642854437991489,0.3161431583705723,1.0391830664926522,0.4669421487603306,False,1.0,True,True,,0.25,False,0.5,False,EXACT-UNCLASSIFIED
151,False,21,1,0.04271500527117145,0.06976467523088536,1.0252525823781853,0.024937711570309037,1.0,True,,False,False,gcd_k_not_2,0.0,False,1.0,True,EXACT-UNCLASSIFIED
152,False,9,1,0.07176592772542771,0.11742491307076214,0.983103370858975,0.017040593434830584,1.0,True,,False,False,gcd_k_not_2,0.0,False,1.0,True,EXACT-UNCLASSIFIED
153,False,21,1,0.04397184210613256,0.06566913874419214,0.9744235384104515,0.025907776211115674,1.0,True,,False,False,gcd_k_not_2,0.0,False,1.0,True,EXACT-UNCLASSIFIED
156,False,13,1,0.041808471633589105,0.07180351396415531,1.0307367970987356,0.030271571522856606,1.0,True,,False,False,gcd_k_not_2,0.0,False,1.0,True,EXACT-UNCLASSIFIED
157,False,9,1,0.058013330594116674,0.09841298923970497,1.0117354407469372,0.011666982158031736,1.0,True,,False,False,gcd_k_not_2,0.2727272727272727,False,1.0,True,EXACT-UNCLASSIFIED
160,False,10,2,3.75395806013966,5.622845656177162,0.3177180341354413,1.0355507751887236,0.4731404958677686,False,1.0,True,True,,0.0,False,0.5,False,EXACT-UNCLASSIFIED
162,False,9,1,0.05225539640331947,0.08287377730793159,0.9755760732757531,0.02472587824345229,1.0,True,,False,False,gcd_k_not_2,0.0,False,1.0,True,EXACT-UNCLASSIFIED
165,False,19,1,0.04375427770456202,0.0730779852490119,1.0043900503694871,0.0043804352038945005,1.0,True,,False,False,gcd_k_not_2,0.0,False,1.0,True,EXACT-UNCLASSIFIED
166,False,8,2,3.773957565664423,5.65271431845953,0.3186545335222739,1.033394947890978,0.5206611570247934,False,1.0,True,True,,0.0,False,0.5,False,EXACT-UNCLASSIFIED
168,False,21,1,0.047938181913886053,0.08397684930407753,1.024596184004876,0.02429737268023703,1.0,True,,False,False,gcd_k_not_2,0.0,False,1.0,True,EXACT-UNCLASSIFIED
171,False,17,1,0.033409466684460605,0.06212753619700267,1.0103723183014344,0.010318803345042003,1.0,True,,False,False,gcd_k_not_2,0.0,False,1.0,True,EXACT-UNCLASSIFIED
172,False,1,1,0.03736463717884411,0.06717126845199047,1.0260333418556298,0.025698828659735648,1.0,True,,False,False,gcd_k_not_2,0.0,False,1.0,True,EXACT-UNCLASSIFIED
174,False,7,1,0.055470199612831866,0.09185925447734614,0.9705259565958203,0.029914899933718715,1.0,True,,False,False,gcd_k_not_2,0.3181818181818182,False,1.0,True,EXACT-UNCLASSIFIED
175,False,3,1,0.062230872764489506,0.09992593094921301,1.0044316343727004,0.0044218363916286975,1.0,True,,False,False,gcd_k_not_2,0.0,False,1.0,True,EXACT-UNCLASSIFIED
176,False,9,1,0.033168228265178075,0.05773105111468101,1.0029340095572516,0.0029297116562519267,1.0,True,,False,False,gcd_k_not_2,0.0,False,1.0,True,EXACT-UNCLASSIFIED
179,False,9,1,0.056955314026123346,0.09265222319472388,1.0194144006072319,0.019227752957881348,1.0,True,,False,False,gcd_k_not_2,0.0,False,1.0,True,EXACT-UNCLASSIFIED
180,False,19,1,0.06815258933603728,0.11984268513209378,0.9751572936106238,0.02515516761094334,1.0,True,,False,False,gcd_k_not_2,0.0,False,1.0,True,EXACT-UNCLASSIFIED
183,False,15,1,0.03853811735329109,0.06619184342473367,0.9835294005672928,0.016607366069791154,1.0,True,,False,False,gcd_k_not_2,0.36363636363636365,False,1.0,True,EXACT-UNCLASSIFIED
185,False,7,1,0.042326162093394175,0.07678883852318892,1.0005838166230574,0.0005836462518654396,1.0,True,,False,False,gcd_k_not_2,0.3181818181818182,False,1.0,True,EXACT-UNCLASSIFIED
187,False,15,1,0.04750188298237629,0.07972939361214713,0.9853247964960425,0.014783680262149665,1.0,True,,False,False,gcd_k_not_2,0.0,False,1.0,True,EXACT-UNCLASSIFIED
188,False,6,2,3.7650783493611946,5.639453497257981,0.3190969808326326,1.0323774962134653,0.48760330578512395,False,1.0,True,True,,0.0,False,0.5,False,EXACT-UNCLASSIFIED
189,False,15,1,0.054335960622476864,0.08567256553235368,0.9795762595695662,0.020634456825497336,1.0,True,,False,False,gcd_k_not_2,0.0,False,1.0,True,EXACT-UNCLASSIFIED
190,False,17,1,0.06961118562339341,0.10703520060830612,1.0177729172273944,0.0176163700837218,1.0,True,,False,False,gcd_k_not_2,0.0,False,1.0,True,EXACT-UNCLASSIFIED
191,False,19,1,0.03849518763417866,0.06711593311554476,1.0126339728247775,0.012554665175452118,1.0,True,,False,False,gcd_k_not_2,0.045454545454545456,False,1.0,True,EXACT-UNCLASSIFIED
192,False,6,2,3.767662892415231,5.643313455352096,0.31796837669293815,1.0349741850687246,0.5165289256198347,False,1.0,True,True,,0.0,False,0.5,False,EXACT-UNCLASSIFIED
193,False,21,1,0.06175406626281461,0.0934598712238167,0.9858083772758152,0.01429304346439844,1.0,True,,False,False,gcd_k_not_2,0.0,False,1.0,True,EXACT-UNCLASSIFIED
195,False,15,1,0.051742496834320084,0.08418476351507873,1.028626591567731,0.028222632678405763,1.0,True,,False,False,gcd_k_not_2,0.0,False,1.0,True,EXACT-UNCLASSIFIED
197,False,7,1,0.04934207478051214,0.07464866262130891,0.9961695593408532,0.0038377908742498654,1.0,True,,False,False,gcd_k_not_2,0.0,False,1.0,True,EXACT-UNCLASSIFIED
201,False,21,1,0.06811543333091911,0.1089134732098107,1.0073654542598882,0.007338428828948677,1.0,True,,False,False,gcd_k_not_2,0.0,False,1.0,True,EXACT-UNCLASSIFIED
202,False,3,1,0.05148619071861104,0.08284665805613946,0.9819640205480707,0.018200107837418492,1.0,True,,False,False,gcd_k_not_2,0.0,False,1.0,True,EXACT-UNCLASSIFIED
203,False,17,1,0.05636103941598869,0.09930409335815057,0.9846099260546373,0.015509419501854303,1.0,True,,False,False,gcd_k_not_2,0.0,False,1.0,True,EXACT-UNCLASSIFIED
204,False,3,1,0.03875016581792647,0.06434217150439597,1.0453305275890499,0.04432587005141277,1.0,True,,False,False,gcd_k_not_2,0.0,False,1.0,True,EXACT-UNCLASSIFIED
205,False,10,2,3.771599938896093,5.6491939585045134,0.31849440559860104,1.0337633462949631,0.47520661157024796,False,1.0,True,True,,0.0,False,0.5,False,EXACT-UNCLASSIFIED
207,False,7,1,0.0422121201340739,0.07097642554483213,0.9900552076579375,0.009994488900402254,1.0,True,,False,False,gcd_k_not_2,0.0,False,1.0,True,EXACT-UNCLASSIFIED
208,False,19,1,0.07131811195537692,0.11149406579269643,1.0090187650812423,0.008978278588530455,1.0,True,,False,False,gcd_k_not_2,0.0,False,1.0,True,EXACT-UNCLASSIFIED
209,False,4,2,3.7580948298177885,5.629023986383895,0.3154842303021477,1.0407053979516412,0.5020661157024794,False,1.0,True,True,,0.5,False,0.5,False,EXACT-UNCLASSIFIED
210,False,3,1,0.06500440763446948,0.10149293762971776,1.005192523885421,0.005179077643237508,1.0,True,,False,False,gcd_k_not_2,0.0,False,1.0,True,EXACT-UNCLASSIFIED
212,False,4,2,3.7690572003063534,5.645396042253471,0.32061156701771776,1.0288997157832214,0.4855371900826446,False,1.0,True,True,,0.0,False,0.5,False,EXACT-UNCLASSIFIED
215,False,7,1,0.032705835002040856,0.061295374569013676,1.0209034447201935,0.020687227561322352,1.0,True,,False,False,gcd_k_not_2,0.0,False,1.0,True,EXACT-UNCLASSIFIED
216,False,21,1,0.03461960936950465,0.05974431355591806,0.9820005302499234,0.018162931316478483,1.0,True,,False,False,gcd_k_not_2,0.0,False,1.0,True,EXACT-UNCLASSIFIED
217,False,18,2,3.7681177846808627,5.6439930372452425,0.3147150246106296,1.0424844358834748,0.5847107438016529,False,1.0,True,True,,0.0,False,0.5,False,EXACT-UNCLASSIFIED
219,False,19,1,0.06585283980731721,0.10043229031751869,1.0009471160333336,0.0009466677312403617,1.0,True,,False,False,gcd_k_not_2,0.0,False,1.0,True,EXACT-UNCLASSIFIED
220,False,7,1,0.07010110756032793,0.11682758796856327,1.0142819258214468,0.01418066223835328,1.0,True,,False,False,gcd_k_not_2,0.0,False,1.0,True,EXACT-UNCLASSIFIED
224,False,3,1,0.054331795836878055,0.08090639808396653,1.007034873127041,0.007010215139989631,1.0,True,,False,False,gcd_k_not_2,0.0,False,1.0,True,EXACT-UNCLASSIFIED
228,False,3,1,0.07566410793975392,0.1180799149055292,1.0077854885262194,0.0077552991300222345,1.0,True,,False,False,gcd_k_not_2,0.09090909090909091,False,1.0,True,EXACT-UNCLASSIFIED
229,False,17,1,0.07290081511009332,0.10871939618171785,0.9960713740896542,0.003936358149655346,1.0,True,,False,False,gcd_k_not_2,0.0,False,1.0,True,EXACT-UNCLASSIFIED
231,False,21,1,0.05605422559121222,0.09786270872376908,0.9840091234111411,0.016119761144410005,1.0,True,,False,False,gcd_k_not_2,0.0,False,1.0,True,EXACT-UNCLASSIFIED
235,False,9,1,0.05249262450673873,0.08389985053758955,1.0312295733468122,0.030749427594593252,1.0,True,,False,False,gcd_k_not_2,0.0,False,1.0,True,EXACT-UNCLASSIFIED
238,False,17,1,0.04417290459905045,0.07112399854989264,1.0320583778450507,0.03155261501792859,1.0,True,,False,False,gcd_k_not_2,0.0,False,1.0,True,EXACT-UNCLASSIFIED
239,False,4,2,3.7792419962946937,5.6606061035410296,0.31878250298784444,1.0331005991795974,0.49586776859504134,False,1.0,True,True,,0.0,False,0.5,False,EXACT-UNCLASSIFIED
242,False,1,1,0.03877913330466512,0.06807032141000974,0.9763612827289629,0.023921453509144507,1.0,True,,False,False,gcd_k_not_2,0.0,False,1.0,True,EXACT-UNCLASSIFIED
243,False,3,1,0.04676512238989343,0.07601817298847484,0.9843666142206846,0.015756549890812446,1.0,True,,False,False,gcd_k_not_2,0.13636363636363635,False,1.0,True,EXACT-UNCLASSIFIED
245,False,19,1,0.0482715210727666,0.07833147977650963,1.0368198733686265,0.036154275446783984,1.0,True,,False,False,gcd_k_not_2,0.0,False,1.0,True,EXACT-UNCLASSIFIED
247,False,7,1,0.08814023638029263,0.14067064401568985,0.998586526436411,0.0014144732238431078,1.0,True,,False,False,gcd_k_not_2,0.0,False,1.0,True,EXACT-UNCLASSIFIED
248,False,5,1,0.06162313414769777,0.09589465956907331,1.013842772576561,0.013747619988079173,1.0,True,,False,False,gcd_k_not_2,0.0,False,1.0,True,EXACT-UNCLASSIFIED
254,False,1,1,0.05585070556287233,0.08597234614698505,1.001247188888951,0.0012464116335806205,1.0,True,,False,False,gcd_k_not_2,0.0,False,1.0,True,EXACT-UNCLASSIFIED
256,False,3,1,0.04973673176620504,0.07242622096105317,0.9866390641064846,0.013450793488272272,1.0,True,,False,False,gcd_k_not_2,0.0,False,1.0,True,EXACT-UNCLASSIFIED
257,False,13,1,0.07378898643721953,0.11477834840516833,0.9868538524892624,0.013233129849251088,1.0,True,,False,False,gcd_k_not_2,0.0,False,1.0,True,EXACT-UNCLASSIFIED
258,False,13,1,0.06115323360268255,0.09645260954674177,0.9833265637846799,0.01681360651319373,1.0,True,,False,False,gcd_k_not_2,0.0,False,1.0,True,EXACT-UNCLASSIFIED
264,False,21,1,0.059963981520504875,0.09818566450339125,0.9929852267925612,0.007039463326808686,1.0,True,,False,False,gcd_k_not_2,0.0,False,1.0,True,EXACT-UNCLASSIFIED
270,False,17,1,0.07121154135750597,0.1111110127497602,1.002396254182228,0.002393386600901988,1.0,True,,False,False,gcd_k_not_2,0.0,False,1.0,True,EXACT-UNCLASSIFIED
272,False,13,1,0.05466089387796957,0.0949905417228262,0.9990661779786344,0.0009342582368232146,1.0,True,,False,False,gcd_k_not_2,0.0,False,1.0,True,EXACT-UNCLASSIFIED
273,False,13,1,0.03744345079759199,0.06633402664025757,0.975285973162918,0.02502323934139899,1.0,True,,False,False,gcd_k_not_2,0.0,False,1.0,True,EXACT-UNCLASSIFIED
274,False,7,1,0.0740182297991515,0.12386060366835323,0.9856220343065949,0.014482077097241754,1.0,True,,False,False,gcd_k_not_2,0.13636363636363635,False,1.0,True,EXACT-UNCLASSIFIED
278,False,5,1,0.08399327366972985,0.12250627726287498,1.0116971851454186,0.011629170863082135,1.0,True,,False,False,gcd_k_not_2,0.0,False,1.0,True,EXACT-UNCLASSIFIED
279,False,9,1,0.05414438391041446,0.08983787246938782,1.009413426313855,0.00936932757647922,1.0,True,,False,False,gcd_k_not_2,0.0,False,1.0,True,EXACT-UNCLASSIFIED
282,False,6,2,3.7717487664351923,5.649415604674125,0.31364776420295803,1.04495627290696,0.506198347107438,False,1.0,True,True,,0.0,False,0.5,False,EXACT-UNCLASSIFIED
284,False,7,1,0.041294499517612916,0.06508627949727856,1.022171096428767,0.02192801239016999,1.0,True,,False,False,gcd_k_not_2,0.0,False,1.0,True,EXACT-UNCLASSIFIED
286,False,5,1,0.08070510506394808,0.1252575033257889,1.0138161312386011,0.013721343298708675,1.0,True,,False,False,gcd_k_not_2,0.0,False,1.0,True,EXACT-UNCLASSIFIED
290,False,17,1,0.05435586570374234,0.08726669571803171,1.004573968131524,0.004563531407910428,1.0,True,,False,False,gcd_k_not_2,0.0,False,1.0,True,EXACT-UNCLASSIFIED
291,False,3,1,0.05568468629782607,0.08867360535941297,0.9924110527447112,0.007617852997587404,1.0,True,,False,False,gcd_k_not_2,0.0,False,1.0,True,EXACT-UNCLASSIFIED
292,False,5,1,0.06013796502258906,0.09577356592390049,1.0161276415018832,0.015998631405965063,1.0,True,,False,False,gcd_k_not_2,0.0,False,1.0,True,EXACT-UNCLASSIFIED
294,False,19,1,0.0781241433697686,0.1255936813692752,1.0151677904964929,0.01505362537851596,1.0,True,,False,False,gcd_k_not_2,0.0,False,1.0,True,EXACT-UNCLASSIFIED
295,False,3,1,0.05232310780518771,0.080769623877908,0.9961363652530908,0.0038711130303158243,1.0,True,,False,False,gcd_k_not_2,0.0,False,1.0,True,EXACT-UNCLASSIFIED
296,False,17,1,0.030330403527194263,0.048240032020724376,0.97995600153678,0.020246913009847215,1.0,True,,False,False,gcd_k_not_2,0.0,False,1.0,True,EXACT-UNCLASSIFIED
297,False,5,1,0.045903123551829246,0.07144598253176833,0.98907302123206,0.010987006159453788,1.0,True,,False,False,gcd_k_not_2,0.0,False,1.0,True,EXACT-UNCLASSIFIED
299,False,3,1,0.02838916532339392,0.050972271010317725,0.9763320449205742,0.023951395354090875,1.0,True,,False,False,gcd_k_not_2,0.0,False,1.0,True,EXACT-UNCLASSIFIED
301,False,19,1,0.05100151419479966,0.08036107517640179,0.9737949197607348,0.026552991880678032,1.0,True,,False,False,gcd_k_not_2,0.0,False,1.0,True,EXACT-UNCLASSIFIED
303,False,7,1,0.038535148210518934,0.06266493420457125,0.9837295972106539,0.016403851424331324,1.0,True,,False,False,gcd_k_not_2,0.0,False,1.0,True,EXACT-UNCLASSIFIED
306,False,9,1,0.06673799615338041,0.10333658671027987,0.9982152886883905,0.0017863053312748886,1.0,True,,False,False,gcd_k_not_2,0.0,False,1.0,True,EXACT-UNCLASSIFIED
308,False,19,1,0.05370626634251977,0.09310852314248638,1.0119795256392037,0.011908198355445772,1.0,True,,False,False,gcd_k_not_2,0.0,False,1.0,True,EXACT-UNCLASSIFIED
310,False,21,1,0.05018887303006911,0.072349156740729,1.009018506416528,0.008978022240934226,1.0,True,,False,False,gcd_k_not_2,0.0,False,1.0,True,EXACT-UNCLASSIFIED
311,False,13,1,0.04814790080616924,0.0776208199057277,0.9975493490521787,0.0024536574768319135,1.0,True,,False,False,gcd_k_not_2,0.0,False,1.0,True,EXACT-UNCLASSIFIED
313,False,17,1,0.0786768590152866,0.1294872524023917,1.004162532084479,0.004153886741061397,1.0,True,,False,False,gcd_k_not_2,0.0,False,1.0,True,EXACT-UNCLASSIFIED
315,False,21,1,0.059224265919470144,0.09253490797142816,0.974192051325677,0.0261453273069283,1.0,True,,False,False,gcd_k_not_2,0.0,False,1.0,True,EXACT-UNCLASSIFIED
316,False,5,1,0.02701223639785533,0.04710835985866895,1.0099964818744651,0.009946765543731336,1.0,True,,False,False,gcd_k_not_2,0.0,False,1.0,True,EXACT-UNCLASSIFIED
319,False,7,1,0.0330260138705831,0.049789194012684765,1.0181442258689735,0.017981099305388718,1.0,True,,False,False,gcd_k_not_2,0.0,False,1.0,True,EXACT-UNCLASSIFIED
321,False,7,1,0.05062265721403295,0.08576355411274264,0.9903197273392395,0.009727354382103842,1.0,True,,False,False,gcd_k_not_2,0.0,False,1.0,True,EXACT-UNCLASSIFIED
323,False,4,2,3.7554304965315692,5.6250444969473445,0.31952135270654386,1.0314022518812422,0.47520661157024796,False,1.0,True,True,,0.0,False,0.5,False,EXACT-UNCLASSIFIED
324,False,19,1,0.05144498159113375,0.08091156103843905,0.9888621041999417,0.01120026951746739,1.0,True,,False,False,gcd_k_not_2,0.0,False,1.0,True,EXACT-UNCLASSIFIED
325,False,17,1,0.06796053789817053,0.1144993885478306,1.0643113987894712,0.062307846410366095,1.0,True,,False,False,gcd_k_not_2,0.045454545454545456,False,1.0,True,EXACT-UNCLASSIFIED
327,False,1,1,0.04177096153079072,0.06653781275534197,1.005637625901044,0.005621779157150846,1.0,True,,False,False,gcd_k_not_2,0.0,False,1.0,True,EXACT-UNCLASSIFIED
328,False,16,2,3.7666408132964513,5.641786939001447,0.3123660234574566,1.0479301723020182,0.5020661157024794,False,1.0,True,True,,0.0,False,0.5,False,EXACT-UNCLASSIFIED
329,False,15,1,0.06437427005607821,0.09450220860740159,0.9992904463477904,0.0007098054747430343,1.0,True,,False,False,gcd_k_not_2,0.45454545454545453,False,1.0,True,EXACT-UNCLASSIFIED
330,False,5,1,0.05942222549513694,0.09614744248255945,1.004396291863662,0.004386649368198838,1.0,True,,False,False,gcd_k_not_2,0.0,False,1.0,True,EXACT-UNCLASSIFIED
331,False,1,1,0.04359908499600052,0.06732161656041533,0.9632862692113096,0.0374002827447462,1.0,True,,False,False,gcd_k_not_2,0.0,False,1.0,True,EXACT-UNCLASSIFIED
332,False,9,1,0.04478981395059016,0.07483972042290558,1.002791610515916,0.00278771940251633,1.0,True,,False,False,gcd_k_not_2,0.0,False,1.0,True,EXACT-UNCLASSIFIED
333,False,19,1,0.06690260130727083,0.10961288695084828,1.011142942698109,0.011081204087024937,1.0,True,,False,False,gcd_k_not_2,0.0,False,1.0,True,EXACT-UNCLASSIFIED
334,False,15,1,0.05187824847247534,0.08679357093549965,0.9950462002298893,0.004966100303381324,1.0,True,,False,False,gcd_k_not_2,0.0,False,1.0,True,EXACT-UNCLASSIFIED
335,False,1,1,0.07135592318831475,0.11211592951423338,0.9833396608066111,0.016800288445412637,1.0,True,,False,False,gcd_k_not_2,0.0,False,1.0,True,EXACT-UNCLASSIFIED
338,False,13,1,0.07187433053002681,0.11573338738867582,0.9877308013634207,0.012344929834727717,1.0,True,,False,False,gcd_k_not_2,0.18181818181818182,False,1.0,True,EXACT-UNCLASSIFIED
339,False,13,1,0.0615778219524713,0.0984951923161982,0.9992730058159183,0.0007272585404463396,1.0,True,,False,False,gcd_k_not_2,0.0,False,1.0,True,EXACT-UNCLASSIFIED
342,False,7,1,0.05041754272825831,0.08312746463703931,1.0194847980890227,0.01929680095384771,1.0,True,,False,False,gcd_k_not_2,0.0,False,1.0,True,EXACT-UNCLASSIFIED
343,False,21,1,0.051067735352632045,0.08238946692216079,1.0136159738023063,0.01352390324615405,1.0,True,,False,False,gcd_k_not_2,0.0,False,1.0,True,EXACT-UNCLASSIFIED
347,False,9,1,0.054462684464580205,0.09472691760614331,1.0138580175078957,0.013762655944379615,1.0,True,,False,False,gcd_k_not_2,0.0,False,1.0,True,EXACT-UNCLASSIFIED
348,False,19,1,0.0812806234365373,0.13554173145307147,0.9939196551125669,0.0060988865542728424,1.0,True,,False,False,gcd_k_not_2,0.0,False,1.0,True,EXACT-UNCLASSIFIED
349,False,13,1,0.053951714109591604,0.08849212428500532,0.9932143575473955,0.0068087433014018895,1.0,True,,False,False,gcd_k_not_2,0.0,False,1.0,True,EXACT-UNCLASSIFIED
350,False,13,1,0.032450688827229006,0.04712326494124699,1.0141166256533793,0.014017684451415447,1.0,True,,False,False,gcd_k_not_2,0.0,False,1.0,True,EXACT-UNCLASSIFIED
351,False,1,1,0.08242880552672453,0.12708218250432599,1.0051056979485269,0.005092697062055893,1.0,True,,False,False,gcd_k_not_2,0.0,False,1.0,True,EXACT-UNCLASSIFIED
353,False,10,2,3.757582463724633,5.628258550676893,0.3225140454926242,1.024542547304318,0.49793388429752067,False,1.0,True,True,,0.0,False,0.5,False,EXACT-UNCLASSIFIED
356,False,14,2,3.7693641868516035,5.645854242802871,0.31393245444429746,1.0442965210808521,0.5041322314049587,False,1.0,True,True,,0.0,False,0.5,False,EXACT-UNCLASSIFIED
357,False,3,1,0.06847758320024865,0.11592129174276435,1.0049079567284342,0.0048959421922221405,1.0,True,,False,False,gcd_k_not_2,0.5,False,1.0,True,EXACT-UNCLASSIFIED
359,False,21,1,0.06403430931015439,0.10045037338085738,1.0051124690263287,0.005099433677963485,1.0,True,,False,False,gcd_k_not_2,0.045454545454545456,False,1.0,True,EXACT-UNCLASSIFIED
363,False,4,2,3.7744291269006824,5.653418978596625,0.3196646906223928,1.031072990301409,0.49586776859504134,False,1.0,True,True,,0.0,False,0.5,False,EXACT-UNCLASSIFIED
366,False,21,1,0.04428559804523876,0.07564526569096533,0.9919284678967688,0.008104238915520623,1.0,True,,False,False,gcd_k_not_2,0.0,False,1.0,True,EXACT-UNCLASSIFIED
367,False,21,1,0.0440882491211096,0.07121775959583607,0.9986163742869365,0.0013845835857891253,1.0,True,,False,False,gcd_k_not_2,0.5454545454545454,False,1.0,True,EXACT-UNCLASSIFIED
369,False,13,1,0.047170102185278145,0.07399772560821516,0.9968301340644845,0.0031748979359233894,1.0,True,,False,False,gcd_k_not_2,0.0,False,1.0,True,EXACT-UNCLASSIFIED
371,False,13,1,0.08208799970200101,0.1421900795298369,0.9989180163047103,0.0010825693564860497,1.0,True,,False,False,gcd_k_not_2,0.0,False,1.0,True,EXACT-UNCLASSIFIED
372,False,21,1,0.042754176809177695,0.07018685934845371,1.01178693285029,0.011717873953570634,1.0,True,,False,False,gcd_k_not_2,0.0,False,1.0,True,EXACT-UNCLASSIFIED
374,False,9,1,0.05785987234118979,0.09260834031344553,1.0150485450064124,0.014936161258948236,1.0,True,,False,False,gcd_k_not_2,0.0,False,1.0,True,EXACT-UNCLASSIFIED
376,False,20,2,3.7697093995232205,5.646369658695355,0.3215138198373879,1.0268317591201577,0.4731404958677686,False,1.0,True,True,,0.0,False,0.5,False,EXACT-UNCLASSIFIED
378,False,13,1,0.039352055488056405,0.07012477732619136,1.0157759767300043,0.015652509913920202,1.0,True,,False,False,gcd_k_not_2,0.0,False,1.0,True,EXACT-UNCLASSIFIED
379,False,13,1,0.062255988845321686,0.09991826964997517,0.9864925138969468,0.013599332500433384,1.0,True,,False,False,gcd_k_not_2,0.0,False,1.0,True,EXACT-UNCLASSIFIED
380,False,1,1,0.0589798875553553,0.0941254536936942,0.9975424580982152,0.00246056537303798,1.0,True,,False,False,gcd_k_not_2,0.0,False,1.0,True,EXACT-UNCLASSIFIED
381,False,17,1,0.052007602035344117,0.08237404408390467,0.967997192398647,0.03252322485516066,1.0,True,,False,False,gcd_k_not_2,0.0,False,1.0,True,EXACT-UNCLASSIFIED
384,False,15,1,0.04971767815520587,0.07640740613361433,0.9825493490522637,0.01760425379179432,1.0,True,,False,False,gcd_k_not_2,0.0,False,1.0,True,EXACT-UNCLASSIFIED
386,False,20,2,3.758024695646572,5.628918930852895,0.3133554271287486,1.0456340434400007,0.512396694214876,False,1.0,True,True,,0.0,False,0.5,False,EXACT-UNCLASSIFIED
388,False,19,1,0.04538223675470858,0.07882940476540963,1.0295416288154005,0.029111626384961783,1.0,True,,False,False,gcd_k_not_2,0.0,False,1.0,True,EXACT-UNCLASSIFIED
389,False,8,2,3.7731537326038316,5.651514184349517,0.3178876692951298,1.0351600467886568,0.4896694214876033,False,1.0,True,True,,0.0,False,0.5,False,EXACT-UNCLASSIFIED
391,False,17,1,0.05052824398584358,0.0814051883889552,0.97709508738431,0.023170269110317027,1.0,True,,False,False,gcd_k_not_2,0.0,False,1.0,True,EXACT-UNCLASSIFIED
392,False,3,1,0.06089619909933915,0.09283534346141385,1.014027840920427,0.013930136054143295,1.0,True,,False,False,gcd_k_not_2,0.0,False,1.0,True,EXACT-UNCLASSIFIED
396,False,16,2,3.742112468147881,5.605153967325548,0.31605429875874336,1.0393882712686409,0.493801652892562,False,1.0,True,True,,0.0,False,0.5,False,EXACT-UNCLASSIFIED
397,False,9,1,0.061852470171395765,0.11310982531256022,1.0014415642149939,0.0014405259096927046,1.0,True,,False,False,gcd_k_not_2,0.0,False,1.0,True,EXACT-UNCLASSIFIED
398,False,15,1,0.035159358126657735,0.05712730317974254,0.9835154936866034,0.016621504965164752,1.0,True,,False,False,gcd_k_not_2,0.0,False,1.0,True,EXACT-UNCLASSIFIED
401,False,9,1,0.03956713890110705,0.06760968578396556,1.0050050702142264,0.004992576117217997,1.0,True,,False,False,gcd_k_not_2,0.0,False,1.0,True,EXACT-UNCLASSIFIED
402,False,6,2,3.7697015515588412,5.646358118002259,0.3192189425882057,1.03209715299593,0.4772727272727273,False,1.0,True,True,,0.0,False,0.5,False,EXACT-UNCLASSIFIED
407,False,19,1,0.04820919621597807,0.07985750230420917,0.990937883508815,0.00910336436535527,1.0,True,,False,False,gcd_k_not_2,0.0,False,1.0,True,EXACT-UNCLASSIFIED
409,False,5,1,0.05062286857206721,0.07731131855554103,1.0123058245845855,0.012230570954219543,1.0,True,,False,False,gcd_k_not_2,0.0,False,1.0,True,EXACT-UNCLASSIFIED
410,False,7,1,0.03816874475696107,0.06372894273226479,0.9891176622949249,0.010941874290653728,1.0,True,,False,False,gcd_k_not_2,0.0,False,1.0,True,EXACT-UNCLASSIFIED
412,False,21,1,0.05823616425136964,0.09252181194920459,0.9973011593559445,0.002702487435520986,1.0,True,,False,False,gcd_k_not_2,0.36363636363636365,False,1.0,True,EXACT-UNCLASSIFIED
413,False,19,1,0.07930945462566116,0.1330351680200188,1.0090689278318057,0.009027990733591095,1.0,True,,False,False,gcd_k_not_2,0.2727272727272727,False,1.0,True,EXACT-UNCLASSIFIED
417,False,13,1,0.06524325567019615,0.09426804653289027,1.005898158287969,0.005880815298223347,1.0,True,,False,False,gcd_k_not_2,0.0,False,1.0,True,EXACT-UNCLASSIFIED
418,False,19,1,0.03813454124806038,0.05411310351033027,0.973419525867998,0.026938493091387374,1.0,True,,False,False,gcd_k_not_2,0.0,False,1.0,True,EXACT-UNCLASSIFIED
420,False,19,1,0.04907712805518669,0.08484896383643852,1.0073792941658068,0.007352167263310813,1.0,True,,False,False,gcd_k_not_2,0.0,False,1.0,True,EXACT-UNCLASSIFIED
423,False,13,1,0.06139076342561418,0.09900307999258792,0.993552342866622,0.006468510502319289,1.0,True,,False,False,gcd_k_not_2,0.0,False,1.0,True,EXACT-UNCLASSIFIED
425,False,21,1,0.0431939180875555,0.06707488708460446,0.9975535102608112,0.0024494860604453786,1.0,True,,False,False,gcd_k_not_2,0.0,False,1.0,True,EXACT-UNCLASSIFIED
428,False,3,1,0.07025495210428613,0.11379877701906778,1.0117748222139415,0.011705904740356068,1.0,True,,False,False,gcd_k_not_2,0.0,False,1.0,True,EXACT-UNCLASSIFIED
430,False,19,1,0.041419603473676105,0.07143971830129828,0.9961854166036462,0.00382187282265996,1.0,True,,False,False,gcd_k_not_2,0.0,False,1.0,True,EXACT-UNCLASSIFIED
433,False,1,1,0.06276270827566426,0.09969011480521618,0.9847402121493254,0.015377113596292135,1.0,True,,False,False,gcd_k_not_2,0.0,False,1.0,True,EXACT-UNCLASSIFIED
434,False,18,2,3.7558522068543883,5.625674276951217,0.31739009237372695,1.03630642370525,0.5082644628099173,False,1.0,True,True,,0.0,False,0.5,False,EXACT-UNCLASSIFIED
435,False,3,1,0.04411002095528667,0.0768427745248739,0.9982205203655591,0.0017810643182818939,1.0,True,,False,False,gcd_k_not_2,0.0,False,1.0,True,EXACT-UNCLASSIFIED
437,False,13,1,0.03888459775041566,0.057706529146018815,0.9839552128137014,0.016174545758564265,1.0,True,,False,False,gcd_k_not_2,0.0,False,1.0,True,EXACT-UNCLASSIFIED
442,False,3,1,0.043528460499851956,0.0752571961902627,1.0025016086055367,0.002498483491635088,1.0,True,,False,False,gcd_k_not_2,0.3181818181818182,False,1.0,True,EXACT-UNCLASSIFIED
443,False,19,1,0.06115695317568289,0.09181209805369125,1.0186547343230687,0.01848234272645382,1.0,True,,False,False,gcd_k_not_2,0.0,False,1.0,True,EXACT-UNCLASSIFIED
444,False,13,1,0.07133842375732294,0.1144144280887875,0.9899376571074069,0.010113224257708464,1.0,True,,False,False,gcd_k_not_2,0.0,False,1.0,True,EXACT-UNCLASSIFIED
445,False,15,1,0.05144003696568554,0.08617587373047048,1.0060277815271983,0.006009669041182762,1.0,True,,False,False,gcd_k_not_2,0.0,False,1.0,True,EXACT-UNCLASSIFIED
446,False,14,2,3.7740979288189336,5.6529242882371875,0.3166574914232124,1.0379958539379035,0.493801652892562,False,1.0,True,True,,0.4090909090909091,False,0.5,False,EXACT-UNCLASSIFIED
447,False,17,1,0.023049903381487193,0.041799179517740426,0.9967729166292421,0.0032322988196430446,1.0,True,,False,False,gcd_k_not_2,0.0,False,1.0,True,EXACT-UNCLASSIFIED
448,False,13,1,0.04126258100333018,0.06364488078691453,1.0188137122186571,0.018638383625779055,1.0,True,,False,False,gcd_k_not_2,0.0,False,1.0,True,EXACT-UNCLASSIFIED
449,False,9,1,0.06932505535626181,0.10898195953475531,1.0094482667146347,0.009403841712314627,1.0,True,,False,False,gcd_k_not_2,0.0,False,1.0,True,EXACT-UNCLASSIFIED
450,False,13,1,0.0511019639665536,0.07164491000517072,0.9900917337592289,0.009957597504366948,1.0,True,,False,False,gcd_k_not_2,0.5516528925619835,False,1.0,True,EXACT-UNCLASSIFIED
452,False,17,1,0.07183535390451624,0.12021827221062152,0.9853292189210916,0.014779192225741861,1.0,True,,False,False,gcd_k_not_2,0.0,False,1.0,True,EXACT-UNCLASSIFIED
454,False,1,1,0.03947865145763865,0.06628995740931565,0.9903479431395074,0.00969886385318919,1.0,True,,False,False,gcd_k_not_2,0.0,False,1.0,True,EXACT-UNCLASSIFIED
455,False,19,1,0.035567703950266205,0.05441992636262718,1.0071777363657017,0.007152068534496815,1.0,True,,False,False,gcd_k_not_2,0.6363636363636364,False,1.0,True,EXACT-UNCLASSIFIED
456,False,3,1,0.05178868526575084,0.08316833008085223,1.0115978559761358,0.011530988603592413,1.0,True,,False,False,gcd_k_not_2,0.0,False,1.0,True,EXACT-UNCLASSIFIED
461,False,9,1,0.06563349926495132,0.10678552466006727,0.9857269695097226,0.014375622338252684,1.0,True,,False,False,gcd_k_not_2,0.0,False,1.0,True,EXACT-UNCLASSIFIED
463,False,3,1,0.04897105257281325,0.0792144915667788,1.004900313184018,0.004888335995355046,1.0,True,,False,False,gcd_k_not_2,0.2727272727272727,False,1.0,True,EXACT-UNCLASSIFIED
465,False,19,1,0.04448769294426114,0.07836715870170138,0.9930589907317801,0.006965181964505225,1.0,True,,False,False,gcd_k_not_2,0.0,False,1.0,True,EXACT-UNCLASSIFIED
466,False,5,1,0.0766363080563639,0.13142972496400887,0.9975363316923964,0.002466706881387474,1.0,True,,False,False,gcd_k_not_2,0.0,False,1.0,True,EXACT-UNCLASSIFIED
467,False,19,1,0.06123529665957729,0.09780305591407198,1.0114195410544928,0.011354708275833963,1.0,True,,False,False,gcd_k_not_2,0.0,False,1.0,True,EXACT-UNCLASSIFIED
468,False,9,1,0.0796519518679377,0.1271880427983684,1.000240524638554,0.00024049571598134368,1.0,True,,False,False,gcd_k_not_2,0.0,False,1.0,True,EXACT-UNCLASSIFIED
469,False,1,1,0.06151086411841827,0.09651632550149705,0.9955527085815122,0.004457202658053584,1.0,True,,False,False,gcd_k_not_2,0.1652892561983471,False,1.0,True,EXACT-UNCLASSIFIED
472,False,5,1,0.06876006178130564,0.10930803259385029,0.9839462939398236,0.016183609515251697,1.0,True,,False,False,gcd_k_not_2,0.0,False,1.0,True,EXACT-UNCLASSIFIED
473,False,5,1,0.05992691619025806,0.10257707626543681,1.037502518054921,0.03681224216667217,1.0,True,,False,False,gcd_k_not_2,0.0,False,1.0,True,EXACT-UNCLASSIFIED
474,False,19,1,0.03840764681211708,0.05842465831288554,1.0054736124758583,0.0054586731451438724,1.0,True,,False,False,gcd_k_not_2,0.5454545454545454,False,1.0,True,EXACT-UNCLASSIFIED
475,False,19,1,0.06211110467484156,0.09857796483676756,1.0111445379433441,0.011082781702742133,1.0,True,,False,False,gcd_k_not_2,0.0,False,1.0,True,EXACT-UNCLASSIFIED
476,False,5,1,0.05064581920247338,0.08346969587252548,1.0047813729921606,0.004769969490512928,1.0,True,,False,False,gcd_k_not_2,0.0,False,1.0,True,EXACT-UNCLASSIFIED
478,False,19,1,0.07249582696502276,0.11885041774852936,1.0052002644361173,0.005186778127200779,1.0,True,,False,False,gcd_k_not_2,0.0,False,1.0,True,EXACT-UNCLASSIFIED
479,False,5,1,0.03873527049320306,0.06527208438113231,0.9859937697992652,0.014105009203679889,1.0,True,,False,False,gcd_k_not_2,0.0,False,1.0,True,EXACT-UNCLASSIFIED
480,False,21,1,0.06068461301706215,0.09802215625737164,1.0100830693955034,0.010032490247814272,1.0,True,,False,False,gcd_k_not_2,0.0,False,1.0,True,EXACT-UNCLASSIFIED
482,False,4,2,3.7793266749561822,5.66073301422306,0.31481414807777985,1.0422550638414438,0.493801652892562,False,1.0,True,True,,0.0,False,0.5,False,EXACT-UNCLASSIFIED
483,False,15,1,0.062444710467647914,0.09906415405487967,0.9899660492534323,0.010084544658771438,1.0,True,,False,False,gcd_k_not_2,0.0,False,1.0,True,EXACT-UNCLASSIFIED
486,False,3,1,0.05812284644575047,0.09034047055904883,0.9874727935462102,0.012606166478825388,1.0,True,,False,False,gcd_k_not_2,0.0,False,1.0,True,EXACT-UNCLASSIFIED
488,False,13,1,0.056621208896942804,0.08135044747566689,1.0021259745023905,0.002123717018274846,1.0,True,,False,False,gcd_k_not_2,0.0,False,1.0,True,EXACT-UNCLASSIFIED
489,False,19,1,0.03768871620433332,0.05902159588915239,0.99668755452297,0.003317940725905279,1.0,True,,False,False,gcd_k_not_2,0.0,False,1.0,True,EXACT-UNCLASSIFIED
490,False,19,1,0.034136853215533745,0.0583972571331202,0.9962853470433376,0.0037215651180970886,1.0,True,,False,False,gcd_k_not_2,0.1012396694214876,False,1.0,True,EXACT-UNCLASSIFIED
491,False,17,1,0.07094227930750571,0.1119349612823523,1.019356630304218,0.01917108648738487,1.0,True,,False,False,gcd_k_not_2,0.4090909090909091,False,1.0,True,EXACT-UNCLASSIFIED
492,False,13,1,0.05982226271319718,0.09909422658247612,1.0069265350771077,0.006902629424690582,1.0,True,,False,False,gcd_k_not_2,0.0,False,1.0,True,EXACT-UNCLASSIFIED
493,False,17,1,0.05023501152000426,0.0840449084276267,1.0149121669674708,0.014801803484976974,1.0,True,,False,False,gcd_k_not_2,0.0,False,1.0,True,EXACT-UNCLASSIFIED
494,False,9,1,0.05041214265733398,0.07330228172928761,1.0068762157332594,0.00685265556425664,1.0,True,,False,False,gcd_k_not_2,0.0,False,1.0,True,EXACT-UNCLASSIFIED
495,False,16,2,3.769461940038453,5.646000194841164,0.3192596192244234,1.0320036645641828,0.512396694214876,False,1.0,True,True,,0.0,False,0.5,False,EXACT-UNCLASSIFIED
498,False,7,1,0.048614066398642415,0.08013388322620572,0.9941578476206563,0.0058592677468479485,1.0,True,,False,False,gcd_k_not_2,0.0,False,1.0,True,EXACT-UNCLASSIFIED
507,False,9,1,0.07236347291988626,0.11286809744253457,0.9864140174501567,0.013678903220067722,1.0,True,,False,False,gcd_k_not_2,0.0,False,1.0,True,EXACT-UNCLASSIFIED
510,False,21,1,0.06801199032875127,0.10597665568563722,1.006200561206297,0.006181397140641375,1.0,True,,False,False,gcd_k_not_2,0.0,False,1.0,True,EXACT-UNCLASSIFIED
511,False,17,1,0.044171884213136794,0.07423634047882409,1.0288645679977004,0.028453913043774023,1.0,True,,False,False,gcd_k_not_2,0.0,False,1.0,True,EXACT-UNCLASSIFIED
513,False,1,1,0.05163813707829171,0.0858778919779832,0.9974599228188105,0.0025433072795823597,1.0,True,,False,False,gcd_k_not_2,0.0,False,1.0,True,EXACT-UNCLASSIFIED
515,False,7,1,0.03423244497706089,0.06037623626125543,0.9288172139746338,0.07380977887342971,1.0,True,,False,False,gcd_k_not_2,0.0,False,1.0,True,EXACT-UNCLASSIFIED
518,False,7,1,0.0626350360338051,0.10061799649713528,1.0145259165909697,0.014421176189731915,1.0,True,,False,False,gcd_k_not_2,0.0,False,1.0,True,EXACT-UNCLASSIFIED
520,False,9,1,0.06102408778523805,0.10296188670202652,1.00833093831508,0.008296380000070505,1.0,True,,False,False,gcd_k_not_2,0.0,False,1.0,True,EXACT-UNCLASSIFIED
521,False,1,1,0.0626937302679878,0.09912873598136489,1.0088892227353063,0.00884988842062962,1.0,True,,False,False,gcd_k_not_2,0.0,False,1.0,True,EXACT-UNCLASSIFIED
523,False,13,1,0.07368659281982266,0.12989444872457698,1.0161298177135574,0.016000772938172987,1.0,True,,False,False,gcd_k_not_2,0.0,False,1.0,True,EXACT-UNCLASSIFIED
525,False,12,2,3.790583724508066,5.67754458924649,0.3108180343279961,1.051529575613933,0.5247933884297521,False,1.0,True,True,,0.0,False,0.5,False,EXACT-UNCLASSIFIED
529,False,19,1,0.06129819387805052,0.09851440840595467,0.998574939016677,0.0014260771067450021,1.0,True,,False,False,gcd_k_not_2,0.0,False,1.0,True,EXACT-UNCLASSIFIED
530,False,19,1,0.03829204354722466,0.06366389757861281,1.000836035495607,0.0008356861639589347,1.0,True,,False,False,gcd_k_not_2,0.0,False,1.0,True,EXACT-UNCLASSIFIED
531,False,2,2,3.7712864818287466,5.648725244497194,0.3193259621870557,1.0318511987508927,0.5227272727272727,False,1.0,True,True,,0.0,False,0.5,False,EXACT-UNCLASSIFIED
533,False,7,1,0.05979648564834856,0.09416187041657303,1.005776723267634,0.005760086056062165,1.0,True,,False,False,gcd_k_not_2,0.0,False,1.0,True,EXACT-UNCLASSIFIED
534,False,9,1,0.05395368558547564,0.08434497218883157,0.9966693277491332,0.0033362281921979517,1.0,True,,False,False,gcd_k_not_2,0.5,False,1.0,True,EXACT-UNCLASSIFIED
535,False,2,2,3.7783251727103395,5.659237064391063,0.31642337587527414,1.0385361376164015,0.5289256198347108,False,1.0,True,True,,0.0,False,0.5,False,EXACT-UNCLASSIFIED
537,False,5,1,0.0583121378681866,0.09457231360404092,1.003394754506822,0.0033890020917596722,1.0,True,,False,False,gcd_k_not_2,0.0,False,1.0,True,EXACT-UNCLASSIFIED
538,False,5,1,0.05825435228431673,0.09755942889550734,0.9820648607556464,0.018097429200693217,1.0,True,,False,False,gcd_k_not_2,0.0,False,1.0,True,EXACT-UNCLASSIFIED
539,False,5,1,0.04517835965808232,0.07365878851923476,1.0168350480354431,0.016694521499754623,1.0,True,,False,False,gcd_k_not_2,0.0,False,1.0,True,EXACT-UNCLASSIFIED
540,False,15,1,0.06441988728949254,0.10192755884902431,0.975822005349211,0.02447385906759922,1.0,True,,False,False,gcd_k_not_2,0.0,False,1.0,True,EXACT-UNCLASSIFIED
541,False,2,2,3.7769482839616995,5.657180929329436,0.3189119888553078,1.032802820657977,0.4896694214876033,False,1.0,True,True,,0.0,False,0.5,False,EXACT-UNCLASSIFIED
542,False,17,1,0.0797896273451056,0.12372079777628703,1.0016345496994756,0.0016332149140021136,1.0,True,,False,False,gcd_k_not_2,0.0,False,1.0,True,EXACT-UNCLASSIFIED
543,False,13,1,0.039267416491621174,0.06542646095413264,1.0045862979015505,0.004575804899346634,1.0,True,,False,False,gcd_k_not_2,0.0,False,1.0,True,EXACT-UNCLASSIFIED
544,False,13,1,0.06787296188946945,0.1079667215231393,1.0006330505525436,0.0006328502394466372,1.0,True,,False,False,gcd_k_not_2,0.0,False,1.0,True,EXACT-UNCLASSIFIED
545,False,13,1,0.03852898033206735,0.06258959527730032,1.0098183870740616,0.009770422180638413,1.0,True,,False,False,gcd_k_not_2,0.0,False,1.0,True,EXACT-UNCLASSIFIED
546,False,20,2,3.7805480715187065,5.6625571895279,0.3147479609553188,1.0424082172323963,0.49793388429752067,False,1.0,True,True,,0.36363636363636365,False,0.5,False,EXACT-UNCLASSIFIED
547,False,17,1,0.06974732642608236,0.10844698434751168,1.0109895370942703,0.010929482119682594,1.0,True,,False,False,gcd_k_not_2,0.0,False,1.0,True,EXACT-UNCLASSIFIED
548,False,1,1,0.0382643459466352,0.06489136128926785,1.0025077162217428,0.002504575839012722,1.0,True,,False,False,gcd_k_not_2,0.0,False,1.0,True,EXACT-UNCLASSIFIED
549,False,3,1,0.06579318399749724,0.10389676096485387,0.989601046249009,0.010453305471060256,1.0,True,,False,False,gcd_k_not_2,0.0,False,1.0,True,EXACT-UNCLASSIFIED
550,False,15,1,0.07439371155034427,0.1137377168294805,0.994049039826096,0.005968719981353094,1.0,True,,False,False,gcd_k_not_2,0.0,False,1.0,True,EXACT-UNCLASSIFIED
551,False,13,1,0.03591623448311169,0.0571877477756225,1.002944740391502,0.002940411017955907,1.0,True,,False,False,gcd_k_not_2,0.5909090909090909,False,1.0,True,EXACT-UNCLASSIFIED
552,False,3,1,0.04044372463149201,0.06556706451978665,0.984722362324648,0.01539523911793654,1.0,True,,False,False,gcd_k_not_2,0.0,False,1.0,True,EXACT-UNCLASSIFIED
557,False,1,1,0.08840197783286677,0.1389861805271925,0.9905710362382544,0.009473627004605025,1.0,True,,False,False,gcd_k_not_2,0.0,False,1.0,True,EXACT-UNCLASSIFIED
558,False,21,1,0.03542704641285218,0.06123894051169508,1.005464566797466,0.005449676736191151,1.0,True,,False,False,gcd_k_not_2,0.0,False,1.0,True,EXACT-UNCLASSIFIED
559,False,5,1,0.06011934293376621,0.0957972839683243,0.9973190386578284,0.0026845599428853414,1.0,True,,False,False,gcd_k_not_2,0.0,False,1.0,True,EXACT-UNCLASSIFIED
560,False,17,1,0.061757915432179886,0.09164878587734737,0.9991241314361,0.0008762523048239088,1.0,True,,False,False,gcd_k_not_2,0.0,False,1.0,True,EXACT-UNCLASSIFIED
563,False,3,1,0.0730331096674848,0.11862666760224232,0.9819975258761647,0.018165990510888314,1.0,True,,False,False,gcd_k_not_2,0.0,False,1.0,True,EXACT-UNCLASSIFIED
566,False,17,1,0.07880347908253109,0.1299840918426538,0.9854256321317606,0.014681353592268104,1.0,True,,False,False,gcd_k_not_2,0.0,False,1.0,True,EXACT-UNCLASSIFIED
570,False,20,2,3.7281080315373214,5.584236887747165,0.30809049518080867,1.057892412441317,0.5454545454545454,False,1.0,True,True,,0.0,False,0.5,False,EXACT-UNCLASSIFIED
571,False,17,1,0.04111464078012245,0.06770176121018515,1.0090080227457516,0.008967632427311231,1.0,True,,False,False,gcd_k_not_2,0.0,False,1.0,True,EXACT-UNCLASSIFIED
573,False,5,1,0.04768168077820991,0.07746036016406187,1.0381018405978264,0.037389535536310727,1.0,True,,False,False,gcd_k_not_2,0.0,False,1.0,True,EXACT-UNCLASSIFIED
576,False,3,1,0.054469998881454165,0.08997411060962078,0.9893132799366697,0.010744129817170397,1.0,True,,False,False,gcd_k_not_2,0.045454545454545456,False,1.0,True,EXACT-UNCLASSIFIED
584,False,9,1,0.055233036568922325,0.08621825278591845,1.0007410030795811,0.0007407286384799714,1.0,True,,False,False,gcd_k_not_2,0.18181818181818182,False,1.0,True,EXACT-UNCLASSIFIED
590,False,5,1,0.046271112614667126,0.07325255596565973,1.0287742318458803,0.028366125115558274,1.0,True,,False,False,gcd_k_not_2,0.0,False,1.0,True,EXACT-UNCLASSIFIED
591,False,9,1,0.06767774511802852,0.10787753255736594,0.9831546972975691,0.016988389988321057,1.0,True,,False,False,gcd_k_not_2,0.0,False,1.0,True,EXACT-UNCLASSIFIED
592,False,7,1,0.04232647520078014,0.06832293570392343,0.9862559340223264,0.013839169204988436,1.0,True,,False,False,gcd_k_not_2,0.0,False,1.0,True,EXACT-UNCLASSIFIED
593,False,17,1,0.035742171032226724,0.06462174688116877,1.022921186028936,0.0226614721198616,1.0,True,,False,False,gcd_k_not_2,0.0,False,1.0,True,EXACT-UNCLASSIFIED
594,False,15,1,0.032775524915037935,0.05432704318257089,0.9893879409066324,0.010668667357590702,1.0,True,,False,False,gcd_k_not_2,0.0,False,1.0,True,EXACT-UNCLASSIFIED
595,False,3,1,0.06381335727519413,0.10108057699465219,0.9936483208852861,0.006371915295365064,1.0,True,,False,False,gcd_k_not_2,0.0,False,1.0,True,EXACT-UNCLASSIFIED
596,False,17,1,0.04325541577835523,0.07283334814035507,1.0434062814012541,0.042484239963761404,1.0,True,,False,False,gcd_k_not_2,0.0,False,1.0,True,EXACT-UNCLASSIFIED
599,False,7,1,0.05619973277357496,0.09110833324335031,0.9812089074689347,0.01896931965147634,1.0,True,,False,False,gcd_k_not_2,0.16942148760330578,False,1.0,True,EXACT-UNCLASSIFIED
600,False,5,1,0.04655686888702272,0.07259827495939812,1.0195849269138233,0.01939500206485655,1.0,True,,False,False,gcd_k_not_2,0.0,False,1.0,True,EXACT-UNCLASSIFIED
604,False,13,1,0.09643731794013538,0.16937603764417383,1.0064676701414828,0.006446822181816258,1.0,True,,False,False,gcd_k_not_2,0.0,False,1.0,True,EXACT-UNCLASSIFIED
605,False,21,1,0.04060506555349612,0.06195456955845408,1.0354123979321317,0.03479628793467963,1.0,True,,False,False,gcd_k_not_2,0.0,False,1.0,True,EXACT-UNCLASSIFIED
606,False,2,2,3.7615407862019463,5.634170623889753,0.3181908590319168,1.0344619465330018,0.5144628099173554,False,1.0,True,True,,0.5,False,0.5,False,EXACT-UNCLASSIFIED
607,False,5,1,0.05527370283664822,0.08375027820628637,0.9733205834271865,0.027040123938176997,1.0,True,,False,False,gcd_k_not_2,0.0,False,1.0,True,EXACT-UNCLASSIFIED
609,False,15,1,0.06140786942476349,0.09616846547360583,1.0040065642038896,0.0039985539722832055,1.0,True,,False,False,gcd_k_not_2,0.0,False,1.0,True,EXACT-UNCLASSIFIED
612,False,2,2,3.7696829954888122,5.646330438750021,0.31946568635268163,1.0315301423691856,0.5,False,1.0,True,True,,0.0,False,0.5,False,EXACT-UNCLASSIFIED
613,False,15,1,0.035427166837039926,0.055743065469250105,0.9714821909191724,0.028930323806304933,1.0,True,,False,False,gcd_k_not_2,0.0,False,1.0,True,EXACT-UNCLASSIFIED
614,False,21,1,0.035936004720046315,0.06739705210963079,0.9786745322988954,0.021555306194119623,1.0,True,,False,False,gcd_k_not_2,0.0,False,1.0,True,EXACT-UNCLASSIFIED
615,False,15,1,0.06754425819770109,0.11371439257766588,0.9803176688576163,0.01987795337274126,1.0,True,,False,False,gcd_k_not_2,0.0,False,1.0,True,EXACT-UNCLASSIFIED
616,False,15,1,0.0540782196283355,0.08480114602529072,1.0119467954132957,0.01187585620109948,1.0,True,,False,False,gcd_k_not_2,0.0,False,1.0,True,EXACT-UNCLASSIFIED
617,False,15,1,0.05319768427368585,0.08292783481781274,1.0058486436389904,0.005831590192547926,1.0,True,,False,False,gcd_k_not_2,0.0,False,1.0,True,EXACT-UNCLASSIFIED
618,False,21,1,0.04792627100846292,0.0778278783076007,0.9939084059930003,0.006110204449402393,1.0,True,,False,False,gcd_k_not_2,0.0,False,1.0,True,EXACT-UNCLASSIFIED
619,False,13,1,0.04257225372516623,0.06549709989911137,0.9809389184346999,0.019244491980966012,1.0,True,,False,False,gcd_k_not_2,0.5950413223140496,False,1.0,True,EXACT-UNCLASSIFIED
620,False,7,1,0.04815013727138912,0.07761458732792623,1.0000172733421717,1.72731929889323e-05,1.0,True,,False,False,gcd_k_not_2,0.0,False,1.0,True,EXACT-UNCLASSIFIED
621,False,17,1,0.043165891856433394,0.07601787416266878,0.9945696472576357,0.005445137250364331,1.0,True,,False,False,gcd_k_not_2,0.0,False,1.0,True,EXACT-UNCLASSIFIED
622,False,13,1,0.06455177520630655,0.10795202546882073,0.9971775504603783,0.0028264382793319227,1.0,True,,False,False,gcd_k_not_2,0.0,False,1.0,True,EXACT-UNCLASSIFIED
623,False,3,1,0.05063996767145238,0.07465728610571105,1.016087673141724,0.015959299147595446,1.0,True,,False,False,gcd_k_not_2,0.0,False,1.0,True,EXACT-UNCLASSIFIED
624,False,17,1,0.046788128000379764,0.07968835787166488,1.0129159726151582,0.012833096652691185,1.0,True,,False,False,gcd_k_not_2,0.0,False,1.0,True,EXACT-UNCLASSIFIED
627,False,17,1,0.04255641644575716,0.06901681895761858,0.9870693784438477,0.013014766063456525,1.0,True,,False,False,gcd_k_not_2,0.0,False,1.0,True,EXACT-UNCLASSIFIED
628,False,8,2,3.771185131166649,5.648573882997071,0.3183758695652898,1.0340361139338257,0.47107438016528924,False,1.0,True,True,,0.0,False,0.5,False,EXACT-UNCLASSIFIED
633,False,1,1,0.03777713007318047,0.06464551321743899,1.0216946729692118,0.021461868856140758,1.0,True,,False,False,gcd_k_not_2,0.0,False,1.0,True,EXACT-UNCLASSIFIED
634,False,18,2,3.759700393823915,5.631421453621694,0.31508042966392397,1.0416390585496145,0.5020661157024794,False,1.0,True,True,,0.0,False,0.5,False,EXACT-UNCLASSIFIED
635,False,9,1,0.038284896852860684,0.05993078897507422,0.9863253877448779,0.01376875343736834,1.0,True,,False,False,gcd_k_not_2,0.0,False,1.0,True,EXACT-UNCLASSIFIED
637,False,1,1,0.050200755256835435,0.0802003459196359,0.9818344061168299,0.018332100630711577,1.0,True,,False,False,gcd_k_not_2,0.0,False,1.0,True,EXACT-UNCLASSIFIED
638,False,7,1,0.06746252231363797,0.11230137739964616,0.9913178725615379,0.008719981433495423,1.0,True,,False,False,gcd_k_not_2,0.0,False,1.0,True,EXACT-UNCLASSIFIED
642,False,7,1,0.027814873872361454,0.04931694805902383,0.973331855622644,0.027028544946831982,1.0,True,,False,False,gcd_k_not_2,0.0,False,1.0,True,EXACT-UNCLASSIFIED
644,False,7,1,0.04319073407020716,0.06646948647709433,0.9959142631534794,0.004094100555266568,1.0,True,,False,False,gcd_k_not_2,0.0,False,1.0,True,EXACT-UNCLASSIFIED
645,False,16,2,3.7638253287639842,5.63758222486262,0.31934341915178877,1.0318110826456512,0.4834710743801653,False,1.0,True,True,,0.0,False,0.5,False,EXACT-UNCLASSIFIED
647,False,7,1,0.03930132111781488,0.066616067155766,0.9871252747358729,0.012958141520129836,1.0,True,,False,False,gcd_k_not_2,0.17768595041322313,False,1.0,True,EXACT-UNCLASSIFIED
648,False,3,1,0.05153990872285752,0.08483384659639044,1.000183844828227,0.0001838279303197726,1.0,True,,False,False,gcd_k_not_2,0.0,False,1.0,True,EXACT-UNCLASSIFIED
651,False,21,1,0.07024292910804225,0.10626758357386547,1.0121231635451675,0.01205012075285447,1.0,True,,False,False,gcd_k_not_2,0.22727272727272727,False,1.0,True,EXACT-UNCLASSIFIED
652,False,19,1,0.05165843623770619,0.07444957617619889,1.0072044023359852,0.007178543777206473,1.0,True,,False,False,gcd_k_not_2,0.0,False,1.0,True,EXACT-UNCLASSIFIED
653,False,7,1,0.03867867352639052,0.06058290858401539,0.9795816000301094,0.020629005613691295,1.0,True,,False,False,gcd_k_not_2,0.0,False,1.0,True,EXACT-UNCLASSIFIED
655,False,8,2,3.7736218736547125,5.652213413968236,0.3189713883746421,1.0326662392041484,0.44421487603305787,False,1.0,True,True,,0.0,False,0.5,False,EXACT-UNCLASSIFIED
656,False,17,1,0.0858328426454404,0.14175288535206784,1.0291852155354093,0.028765452568812088,1.0,True,,False,False,gcd_k_not_2,0.0,False,1.0,True,EXACT-UNCLASSIFIED
660,False,19,1,0.05349041200076671,0.08847990786250456,1.0334570105653487,0.03290653344675027,1.0,True,,False,False,gcd_k_not_2,0.0,False,1.0,True,EXACT-UNCLASSIFIED
661,False,13,1,0.05126700728548046,0.08327343702258959,0.9875086460242708,0.012569861268997588,1.0,True,,False,False,gcd_k_not_2,0.0,False,1.0,True,EXACT-UNCLASSIFIED
662,False,18,2,3.7700091948724666,5.646817656185494,0.31714731689079895,1.0368660731452781,0.5144628099173554,False,1.0,True,True,,0.5,False,0.5,False,EXACT-UNCLASSIFIED
664,False,15,1,0.06443770969663609,0.10275659849526687,1.0140606638927232,0.013962502862795777,1.0,True,,False,False,gcd_k_not_2,0.4090909090909091,False,1.0,True,EXACT-UNCLASSIFIED
667,False,15,1,0.04578097124355998,0.07357642466104151,1.0060285607908495,0.006010443628452459,1.0,True,,False,False,gcd_k_not_2,0.0,False,1.0,True,EXACT-UNCLASSIFIED
670,False,7,1,0.06759720182802985,0.1075196538845272,0.9925135889373842,0.007514539528544253,1.0,True,,False,False,gcd_k_not_2,0.0,False,1.0,True,EXACT-UNCLASSIFIED
671,False,5,1,0.033067159001465195,0.049779730916119244,0.9913815465337659,0.00865575306875326,1.0,True,,False,False,gcd_k_not_2,0.0,False,1.0,True,EXACT-UNCLASSIFIED
673,False,19,1,0.06442308311734571,0.10747635494409868,0.9962841009416293,0.003722815862349367,1.0,True,,False,False,gcd_k_not_2,0.0,False,1.0,True,EXACT-UNCLASSIFIED
675,False,1,1,0.030844506757282165,0.054972984766628964,0.9808613464296633,0.01932356709855799,1.0,True,,False,False,gcd_k_not_2,0.0,False,1.0,True,EXACT-UNCLASSIFIED
680,False,17,1,0.05382294505412467,0.08498585374467048,1.0142390068786382,0.014138348855336384,1.0,True,,False,False,gcd_k_not_2,0.0,False,1.0,True,EXACT-UNCLASSIFIED
681,False,1,1,0.060810494208965254,0.09569546432055309,0.9777916815577993,0.022457692232488752,1.0,True,,False,False,gcd_k_not_2,0.0,False,1.0,True,EXACT-UNCLASSIFIED
683,False,9,1,0.044025583989503084,0.07058069816578033,0.9988320465715644,0.0011686358845795293,1.0,True,,False,False,gcd_k_not_2,0.0,False,1.0,True,EXACT-UNCLASSIFIED
684,False,5,1,0.07874059180083567,0.1334854238831476,0.9883660633261149,0.011702006877369461,1.0,True,,False,False,gcd_k_not_2,0.0,False,1.0,True,EXACT-UNCLASSIFIED
685,False,21,1,0.05541553326211905,0.08991995720697785,1.0116901910317846,0.011622257824689024,1.0,True,,False,False,gcd_k_not_2,0.0,False,1.0,True,EXACT-UNCLASSIFIED
686,False,7,1,0.050843290184074054,0.07699186175511642,0.9909526878546588,0.00908842505453013,1.0,True,,False,False,gcd_k_not_2,0.5,False,1.0,True,EXACT-UNCLASSIFIED
687,False,1,1,0.07984240646738691,0.1259540521514112,0.9994211358794154,0.0005790317109256357,1.0,True,,False,False,gcd_k_not_2,0.0,False,1.0,True,EXACT-UNCLASSIFIED
688,False,18,2,3.770703299493494,5.647854271155174,0.30965636293870347,1.0542362967828487,0.5495867768595041,False,1.0,True,True,,0.0,False,0.5,False,EXACT-UNCLASSIFIED
690,False,7,1,0.04936877200894798,0.08018840454518794,0.9875135282910208,0.012564917452124985,1.0,True,,False,False,gcd_k_not_2,0.0,False,1.0,True,EXACT-UNCLASSIFIED
691,False,1,1,0.06704590431072294,0.11838250168488312,1.0323836915434919,0.03186769474507856,1.0,True,,False,False,gcd_k_not_2,0.0,False,1.0,True,EXACT-UNCLASSIFIED
693,False,17,1,0.039403590438755846,0.06313135533888974,0.9863790886390278,0.013714312075551145,1.0,True,,False,False,gcd_k_not_2,0.5454545454545454,False,1.0,True,EXACT-UNCLASSIFIED
696,False,1,1,0.06219474932828792,0.09216797842903121,0.9967093296304034,0.003296093548284051,1.0,True,,False,False,gcd_k_not_2,0.0,False,1.0,True,EXACT-UNCLASSIFIED
697,False,1,1,0.0487976953906489,0.08115559857783061,0.9977077279485519,0.002294902321674477,1.0,True,,False,False,gcd_k_not_2,0.0,False,1.0,True,EXACT-UNCLASSIFIED
699,False,9,1,0.06342076514478318,0.10399356757315857,1.018734208384622,0.0185603516369925,1.0,True,,False,False,gcd_k_not_2,0.0,False,1.0,True,EXACT-UNCLASSIFIED
701,False,17,1,0.05581517624215979,0.08406434092950021,1.0067978867838128,0.00677485942015546,1.0,True,,False,False,gcd_k_not_2,0.0,False,1.0,True,EXACT-UNCLASSIFIED
702,False,8,2,3.792461688702315,5.680348842443162,0.30831034080707387,1.0573785708461723,0.5619834710743802,False,1.0,True,True,,0.0,False,0.5,False,EXACT-UNCLASSIFIED
703,False,19,1,0.040119636737856526,0.06887142888046253,1.0046182197477636,0.004607580338509182,1.0,True,,False,False,gcd_k_not_2,0.0,False,1.0,True,EXACT-UNCLASSIFIED
704,False,1,1,0.05680542546053119,0.09610980771447096,1.009415686772633,0.009371566903367512,1.0,True,,False,False,gcd_k_not_2,0.0,False,1.0,True,EXACT-UNCLASSIFIED
706,False,1,1,0.04731682749909085,0.07144565602996336,1.0111776630861586,0.011115540204445652,1.0,True,,False,False,gcd_k_not_2,0.0,False,1.0,True,EXACT-UNCLASSIFIED
707,False,1,1,0.04067836701698278,0.06760842742510079,0.9753203369581671,0.02498801088621156,1.0,True,,False,False,gcd_k_not_2,0.0,False,1.0,True,EXACT-UNCLASSIFIED
712,False,5,1,0.038928649285695366,0.06612998096172981,0.997846922357957,0.002155398011677287,1.0,True,,False,False,gcd_k_not_2,0.0,False,1.0,True,EXACT-UNCLASSIFIED
713,False,3,1,0.04648962916125568,0.07399129814022283,1.0058493966823976,0.005832338850635933,1.0,True,,False,False,gcd_k_not_2,0.0,False,1.0,True,EXACT-UNCLASSIFIED
714,False,1,1,0.03570613447148069,0.060901516308879196,0.9803826644086361,0.01981166159846375,1.0,True,,False,False,gcd_k_not_2,0.0,False,1.0,True,EXACT-UNCLASSIFIED
715,False,1,1,0.04615076793338901,0.06961449988105686,1.0112483714589127,0.01118546234123572,1.0,True,,False,False,gcd_k_not_2,0.0,False,1.0,True,EXACT-UNCLASSIFIED
716,False,19,1,0.030916311125821966,0.056044999053218636,1.0191993385323443,0.019016783698334018,1.0,True,,False,False,gcd_k_not_2,0.0,False,1.0,True,EXACT-UNCLASSIFIED
722,False,21,1,0.04785672060779727,0.07808746949728645,0.989911593459384,0.01013955250451877,1.0,True,,False,False,gcd_k_not_2,0.0,False,1.0,True,EXACT-UNCLASSIFIED
723,False,17,1,0.03785054240940799,0.05389695980241217,1.0119328404069468,0.01186206633471248,1.0,True,,False,False,gcd_k_not_2,0.0,False,1.0,True,EXACT-UNCLASSIFIED
724,False,21,1,0.05944530054775585,0.09543124807366496,1.0087558051520942,0.008717640172725,1.0,True,,False,False,gcd_k_not_2,0.2727272727272727,False,1.0,True,EXACT-UNCLASSIFIED
725,False,7,1,0.038452414329307884,0.061910467098728404,0.9852644066420471,0.014844968064357002,1.0,True,,False,False,gcd_k_not_2,0.4380165289256198,False,1.0,True,EXACT-UNCLASSIFIED
727,False,14,2,3.773704817386474,5.652336835759911,0.3210668652303105,1.027855822651833,0.49793388429752067,False,1.0,True,True,,0.0,False,0.5,False,EXACT-UNCLASSIFIED
728,False,5,1,0.06812383568931399,0.10559242817870927,1.0051021718152506,0.005089188857275503,1.0,True,,False,False,gcd_k_not_2,0.4090909090909091,False,1.0,True,EXACT-UNCLASSIFIED
730,False,3,1,0.053537522883828355,0.08492243479481583,0.984642277137613,0.015476565262468314,1.0,True,,False,False,gcd_k_not_2,0.0,False,1.0,True,EXACT-UNCLASSIFIED
732,False,7,1,0.08965553301390797,0.15028689234356796,1.015753468859758,0.01563035272231896,1.0,True,,False,False,gcd_k_not_2,0.0,False,1.0,True,EXACT-UNCLASSIFIED
733,False,1,1,0.061748701947112135,0.09974055985415627,1.0282301184633449,0.027837194809761455,1.0,True,,False,False,gcd_k_not_2,0.0,False,1.0,True,EXACT-UNCLASSIFIED
734,False,15,1,0.05181932650035833,0.08246961797409459,1.010250939306874,0.010198666351981413,1.0,True,,False,False,gcd_k_not_2,0.0,False,1.0,True,EXACT-UNCLASSIFIED
735,False,7,1,0.053443130446136376,0.08797783449079234,0.9808172370082713,0.019368533990244824,1.0,True,,False,False,gcd_k_not_2,0.0,False,1.0,True,EXACT-UNCLASSIFIED
738,False,9,1,0.06469038970411346,0.10291024048819519,1.0171416060248355,0.016995937195124596,1.0,True,,False,False,gcd_k_not_2,0.0,False,1.0,True,EXACT-UNCLASSIFIED
741,False,15,1,0.07678354224173078,0.12222362304085899,0.9929058457648386,0.007119407321963817,1.0,True,,False,False,gcd_k_not_2,0.0,False,1.0,True,EXACT-UNCLASSIFIED
742,False,5,1,0.08719091995273417,0.13363695506103956,0.9975362681904063,0.0024667705401169877,1.0,True,,False,False,gcd_k_not_2,0.0,False,1.0,True,EXACT-UNCLASSIFIED
743,False,1,1,0.04022146704099299,0.07431111663305758,0.9817649321711724,0.01840285649706162,1.0,True,,False,False,gcd_k_not_2,0.0,False,1.0,True,EXACT-UNCLASSIFIED
752,False,19,1,0.06157651521476698,0.09034579046298194,1.0182535265507802,0.01808843766221553,1.0,True,,False,False,gcd_k_not_2,0.5454545454545454,False,1.0,True,EXACT-UNCLASSIFIED
754,False,10,2,3.7681968325897204,5.644110987287567,0.31769336444380325,1.0356076063936128,0.49173553719008267,False,1.0,True,True,,0.0,False,0.5,False,EXACT-UNCLASSIFIED
755,False,15,1,0.05242996809320919,0.08298970052533987,0.9905078915481667,0.009537373342891552,1.0,True,,False,False,gcd_k_not_2,0.0,False,1.0,True,EXACT-UNCLASSIFIED
756,False,9,1,0.05004812772900994,0.07825780788410573,1.0039247261181221,0.003917039464576007,1.0,True,,False,False,gcd_k_not_2,0.0,False,1.0,True,EXACT-UNCLASSIFIED
757,False,1,1,0.04185638038011767,0.07195255184455396,1.002990686205714,0.0029862207810656036,1.0,True,,False,False,gcd_k_not_2,0.0,False,1.0,True,EXACT-UNCLASSIFIED
759,False,19,1,0.07245537240128244,0.10846023728558728,0.998097684734929,0.0019041263894195712,1.0,True,,False,False,gcd_k_not_2,0.0,False,1.0,True,EXACT-UNCLASSIFIED
761,False,5,1,0.035886390435068416,0.05810218901513941,0.9921839260806439,0.007846739266422261,1.0,True,,False,False,gcd_k_not_2,0.0,False,1.0,True,EXACT-UNCLASSIFIED
762,False,17,1,0.06228001213878165,0.10203876749115678,0.9791827519166059,0.021036206043363228,1.0,True,,False,False,gcd_k_not_2,0.0,False,1.0,True,EXACT-UNCLASSIFIED
764,False,5,1,0.049451971345367184,0.08018480068357901,0.995216657095162,0.004794810516269514,1.0,True,,False,False,gcd_k_not_2,0.0,False,1.0,True,EXACT-UNCLASSIFIED
765,False,21,1,0.037138400395345494,0.067563518600809,0.9827192545882023,0.01743135884902351,1.0,True,,False,False,gcd_k_not_2,0.2231404958677686,False,1.0,True,EXACT-UNCLASSIFIED
769,False,17,1,0.04963710047195407,0.07766948461186467,1.0329415475402337,0.03240776654901016,1.0,True,,False,False,gcd_k_not_2,0.0,False,1.0,True,EXACT-UNCLASSIFIED
772,False,3,1,0.06092730007359564,0.09681387781790729,0.9929122045323714,0.007113003223633463,1.0,True,,False,False,gcd_k_not_2,0.0,False,1.0,True,EXACT-UNCLASSIFIED
773,False,10,2,3.769807461544483,5.646516180508028,0.31643783938497105,1.0385027536649714,0.5103305785123967,False,1.0,True,True,,0.0,False,0.5,False,EXACT-UNCLASSIFIED
774,False,15,1,0.055843055839537616,0.09466221316005313,0.9940626536112979,0.005955024911528709,1.0,True,,False,False,gcd_k_not_2,0.0,False,1.0,True,EXACT-UNCLASSIFIED
775,False,21,1,0.06182396940818115,0.09967856994364492,1.0116440882124669,0.011576688223028299,1.0,True,,False,False,gcd_k_not_2,0.0,False,1.0,True,EXACT-UNCLASSIFIED
777,False,7,1,0.08239341897201546,0.14129563408168108,1.0033256074451575,0.003320086792479774,1.0,True,,False,False,gcd_k_not_2,0.0,False,1.0,True,EXACT-UNCLASSIFIED
778,False,9,1,0.057982690662398986,0.0988443200725425,0.9890164543523752,0.011044197873366584,1.0,True,,False,False,gcd_k_not_2,0.0,False,1.0,True,EXACT-UNCLASSIFIED
779,False,5,1,0.039608251778516027,0.06942946930910512,0.9888606571155331,0.011201732856058808,1.0,True,,False,False,gcd_k_not_2,0.0,False,1.0,True,EXACT-UNCLASSIFIED
782,False,7,1,0.06035146876671919,0.09469510589889905,1.000586465030763,0.0005862931105593209,1.0,True,,False,False,gcd_k_not_2,0.0,False,1.0,True,EXACT-UNCLASSIFIED
783,False,7,1,0.06654385970802458,0.11435170649433549,0.9902852927610316,0.009762125333792346,1.0,True,,False,False,gcd_k_not_2,0.0,False,1.0,True,EXACT-UNCLASSIFIED
787,False,15,1,0.08107023579235378,0.14182453325845254,0.9772883016516919,0.022972571404318066,1.0,True,,False,False,gcd_k_not_2,0.0,False,1.0,True,EXACT-UNCLASSIFIED
789,False,15,1,0.06460036331590117,0.1030916442963071,1.005556561984776,0.005541167065641842,1.0,True,,False,False,gcd_k_not_2,0.41115702479338845,False,1.0,True,EXACT-UNCLASSIFIED
790,False,17,1,0.06560437479802247,0.10908982281064679,0.9941061546573662,0.005911265384611928,1.0,True,,False,False,gcd_k_not_2,0.0,False,1.0,True,EXACT-UNCLASSIFIED
791,False,9,1,0.08998045009059745,0.130750961791237,0.9772615673367124,0.022999923772265726,1.0,True,,False,False,gcd_k_not_2,0.0,False,1.0,True,EXACT-UNCLASSIFIED
792,False,19,1,0.038953018514944766,0.06488541906684521,1.0052958945314563,0.005281908316771163,1.0,True,,False,False,gcd_k_not_2,0.0,False,1.0,True,EXACT-UNCLASSIFIED
793,False,17,1,0.06512070625985825,0.10808622348534308,1.0136462069767023,0.013553728484598885,1.0,True,,False,False,gcd_k_not_2,0.0,False,1.0,True,EXACT-UNCLASSIFIED
795,False,9,1,0.05237745627453882,0.08919111675341786,1.0297754759773405,0.029338689258725646,1.0,True,,False,False,gcd_k_not_2,0.0,False,1.0,True,EXACT-UNCLASSIFIED
796,False,15,1,0.036682556916936546,0.0560461338279293,1.0017466373052415,0.0017451132652759969,1.0,True,,False,False,gcd_k_not_2,0.0,False,1.0,True,EXACT-UNCLASSIFIED
800,False,5,1,0.04286779809381014,0.06008140386770139,1.0120299427537445,0.011958015631993786,1.0,True,,False,False,gcd_k_not_2,0.5495867768595041,False,1.0,True,EXACT-UNCLASSIFIED
803,False,18,2,3.7779105402980586,5.658617834103593,0.3116989763436317,1.0494801567582392,0.5289256198347108,False,1.0,True,True,,0.0,False,0.5,False,EXACT-UNCLASSIFIED
805,False,17,1,0.07217325981391579,0.11610679773885411,0.9971816535271532,0.0028223236157506964,1.0,True,,False,False,gcd_k_not_2,0.0,False,1.0,True,EXACT-UNCLASSIFIED
808,False,15,1,0.0752027774521467,0.12003408597614054,0.9978948589588004,0.002107359185354477,1.0,True,,False,False,gcd_k_not_2,0.0,False,1.0,True,EXACT-UNCLASSIFIED
812,False,17,1,0.04594254447750769,0.07255831036963686,0.989634797757585,0.010419200804184849,1.0,True,,False,False,gcd_k_not_2,0.0,False,1.0,True,EXACT-UNCLASSIFIED
815,False,4,2,3.7703214537556606,5.647284252735011,0.31554413249369073,1.0405669419981878,0.5082644628099173,False,1.0,True,True,,0.0,False,0.5,False,EXACT-UNCLASSIFIED
820,False,14,2,3.7641449184447526,5.63805977865991,0.30876668303777527,1.0563125206668689,0.4772727272727273,False,1.0,True,True,,0.0,False,0.5,False,EXACT-UNCLASSIFIED
821,False,21,1,0.06180717142116664,0.10196565579580964,0.9657367244859736,0.034860492849555995,1.0,True,,False,False,gcd_k_not_2,0.22727272727272727,False,1.0,True,EXACT-UNCLASSIFIED
823,False,17,1,0.03422369222322055,0.06365219671527071,1.0160487814286605,0.015921024904256134,1.0,True,,False,False,gcd_k_not_2,0.0,False,1.0,True,EXACT-UNCLASSIFIED
825,False,5,1,0.03389418599415243,0.0600809217266152,1.031798379998367,0.031300723842877104,1.0,True,,False,False,gcd_k_not_2,0.18181818181818182,False,1.0,True,EXACT-UNCLASSIFIED
827,False,19,1,0.07247099622921152,0.1064877012440063,1.014997639939104,0.014886012411962347,1.0,True,,False,False,gcd_k_not_2,0.0,False,1.0,True,EXACT-UNCLASSIFIED
828,False,1,1,0.05784213062289145,0.0912606986536038,1.0238758227751321,0.0235941578099328,1.0,True,,False,False,gcd_k_not_2,0.0,False,1.0,True,EXACT-UNCLASSIFIED
830,False,5,1,0.04666934416668088,0.07925906509774516,0.9890486409322937,0.011011655363614627,1.0,True,,False,False,gcd_k_not_2,0.0,False,1.0,True,EXACT-UNCLASSIFIED
831,False,9,1,0.04553424071167134,0.07083578904918611,0.9838240037674212,0.016307894452188783,1.0,True,,False,False,gcd_k_not_2,0.0,False,1.0,True,EXACT-UNCLASSIFIED
833,False,17,1,0.03707690325338911,0.05337299119191078,0.9766480877440746,0.023627789287041602,1.0,True,,False,False,gcd_k_not_2,0.0,False,1.0,True,EXACT-UNCLASSIFIED
834,False,21,1,0.035064211939395525,0.06239020605804,0.996268892654568,0.003738080936051219,1.0,True,,False,False,gcd_k_not_2,0.0,False,1.0,True,EXACT-UNCLASSIFIED
836,False,21,1,0.04441379451120119,0.07031530657371537,0.995280194398791,0.004730970231106946,1.0,True,,False,False,gcd_k_not_2,0.0,False,1.0,True,EXACT-UNCLASSIFIED
837,False,2,2,3.76973758891081,5.6464120036785275,0.3129196221959403,1.0466449981985566,0.4855371900826446,False,1.0,True,True,,0.0,False,0.5,False,EXACT-UNCLASSIFIED
838,False,9,1,0.04848911896074123,0.0772619305250293,1.0062132155220103,0.006193973276557896,1.0,True,,False,False,gcd_k_not_2,0.0,False,1.0,True,EXACT-UNCLASSIFIED
839,False,20,2,3.7591811387945775,5.630646166861429,0.31911713931547436,1.0323311560303952,0.493801652892562,False,1.0,True,True,,0.25,False,0.5,False,EXACT-UNCLASSIFIED
841,False,5,1,0.04725952668469493,0.07719891658546017,0.9699392257937977,0.030519494015445243,1.0,True,,False,False,gcd_k_not_2,0.45454545454545453,False,1.0,True,EXACT-UNCLASSIFIED
842,False,3,1,0.04785075271598906,0.07882101161907072,1.0015593783396681,0.0015581634564961909,1.0,True,,False,False,gcd_k_not_2,0.0,False,1.0,True,EXACT-UNCLASSIFIED
843,False,19,1,0.050163733762702056,0.08005182687801143,1.0122252043493998,0.01215093054492616,1.0,True,,False,False,gcd_k_not_2,0.0,False,1.0,True,EXACT-UNCLASSIFIED
844,False,17,1,0.06101259346784777,0.09502961927743989,1.0217335862329244,0.021499950716474377,1.0,True,,False,False,gcd_k_not_2,0.0,False,1.0,True,EXACT-UNCLASSIFIED
845,False,3,1,0.055323453400909994,0.08626894975316082,1.0209522741378232,0.020735050902438466,1.0,True,,False,False,gcd_k_not_2,0.36363636363636365,False,1.0,True,EXACT-UNCLASSIFIED
846,False,5,1,0.0670630120802969,0.12077273595930964,0.9941296471308556,0.0058876341140513665,1.0,True,,False,False,gcd_k_not_2,0.0,False,1.0,True,EXACT-UNCLASSIFIED
847,False,3,1,0.05462713505552625,0.09198981389118009,1.0420676509787583,0.04120103558625531,1.0,True,,False,False,gcd_k_not_2,0.0,False,1.0,True,EXACT-UNCLASSIFIED
849,False,15,1,0.06384094712270365,0.09869341885976615,0.9932758501809129,0.006746833177632488,1.0,True,,False,False,gcd_k_not_2,0.0,False,1.0,True,EXACT-UNCLASSIFIED
852,False,21,1,0.04196698008154947,0.06581526532855533,0.990694665890039,0.009348831108461922,1.0,True,,False,False,gcd_k_not_2,0.0,False,1.0,True,EXACT-UNCLASSIFIED
854,False,7,1,0.03799014898482677,0.05729843580419809,0.9813417552677786,0.018833948946581122,1.0,True,,False,False,gcd_k_not_2,0.0,False,1.0,True,EXACT-UNCLASSIFIED
856,False,5,1,0.061154243233558135,0.10425742663486239,1.0197802156564317,0.019586503029492396,1.0,True,,False,False,gcd_k_not_2,0.36363636363636365,False,1.0,True,EXACT-UNCLASSIFIED
858,False,5,1,0.03524089622059287,0.0541439834529455,1.031551612361319,0.0310615907263571,1.0,True,,False,False,gcd_k_not_2,0.0,False,1.0,True,EXACT-UNCLASSIFIED
860,False,9,1,0.07898026170597863,0.13780223740390624,0.9851076236916422,0.015004099657491589,1.0,True,,False,False,gcd_k_not_2,0.36363636363636365,False,1.0,True,EXACT-UNCLASSIFIED
861,False,9,1,0.0361983566190685,0.05843731930357895,1.0134109936167697,0.013321665233066944,1.0,True,,False,False,gcd_k_not_2,0.0,False,1.0,True,EXACT-UNCLASSIFIED
863,False,17,1,0.04785899533377826,0.0696511873731556,0.9771902348416996,0.023072908975930284,1.0,True,,False,False,gcd_k_not_2,0.0,False,1.0,True,EXACT-UNCLASSIFIED
864,False,20,2,3.779872691959437,5.661548571421577,0.3150556481262452,1.0416963766509753,0.5144628099173554,False,1.0,True,True,,0.0,False,0.5,False,EXACT-UNCLASSIFIED
865,False,19,1,0.06329137030145907,0.10028391414827174,0.9852493971500714,0.014860201313853882,1.0,True,,False,False,gcd_k_not_2,0.0,False,1.0,True,EXACT-UNCLASSIFIED
866,False,13,1,0.057279770275272056,0.0902972466325384,0.9943634287871708,0.005652501576662971,1.0,True,,False,False,gcd_k_not_2,0.0,False,1.0,True,EXACT-UNCLASSIFIED
868,False,17,1,0.058807010552962995,0.09842669980918305,1.0094422365864,0.00939786813921081,1.0,True,,False,False,gcd_k_not_2,0.0,False,1.0,True,EXACT-UNCLASSIFIED
869,False,18,2,3.7681273227201526,5.644006966321849,0.32139556922387025,1.0271026278296245,0.4896694214876033,False,1.0,True,True,,0.0,False,0.5,False,EXACT-UNCLASSIFIED
873,False,7,1,0.03657695836135665,0.05816779683728615,1.020816903503513,0.02060246375356673,1.0,True,,False,False,gcd_k_not_2,0.0,False,1.0,True,EXACT-UNCLASSIFIED
876,False,19,1,0.047951701376099255,0.07666226517797552,1.0066545351255014,0.0066324671327494976,1.0,True,,False,False,gcd_k_not_2,0.0,False,1.0,True,EXACT-UNCLASSIFIED
880,False,21,1,0.05178733740804623,0.08227061098943747,0.9870261106083895,0.013058599806358968,1.0,True,,False,False,gcd_k_not_2,0.0,False,1.0,True,EXACT-UNCLASSIFIED
884,False,19,1,0.028099252493434236,0.04625756431366132,0.9669233745204366,0.03363285617328935,1.0,True,,False,False,gcd_k_not_2,0.29545454545454547,False,1.0,True,EXACT-UNCLASSIFIED
885,False,13,1,0.05902090013407008,0.09732754580202163,1.006423461297037,0.006402896916770287,1.0,True,,False,False,gcd_k_not_2,0.0,False,1.0,True,EXACT-UNCLASSIFIED
887,False,1,1,0.0648242479051759,0.12113999814880454,1.0010455544265717,0.0010450081201387488,1.0,True,,False,False,gcd_k_not_2,0.0,False,1.0,True,EXACT-UNCLASSIFIED
888,False,17,1,0.04237394048069448,0.07367676835796014,0.9745513299741735,0.025776660894563187,1.0,True,,False,False,gcd_k_not_2,0.0,False,1.0,True,EXACT-UNCLASSIFIED
889,False,17,1,0.06429060974317821,0.09556527801679454,0.9876971234446164,0.012379025365859681,1.0,True,,False,False,gcd_k_not_2,0.0,False,1.0,True,EXACT-UNCLASSIFIED
890,False,1,1,0.06723957649657929,0.11027651125777613,1.002422249586568,0.0024193194887523715,1.0,True,,False,False,gcd_k_not_2,0.0,False,1.0,True,EXACT-UNCLASSIFIED
893,False,3,1,0.04780732614873443,0.06916337680366186,1.028522597278664,0.028121547491684988,1.0,True,,False,False,gcd_k_not_2,0.0,False,1.0,True,EXACT-UNCLASSIFIED
898,False,7,1,0.06640646294355892,0.10597931947733236,0.9984487599962897,0.0015524441104141499,1.0,True,,False,False,gcd_k_not_2,0.2727272727272727,False,1.0,True,EXACT-UNCLASSIFIED
899,False,1,1,0.04956371399850572,0.07797078956520466,0.9915759519035725,0.008459680474024317,1.0,True,,False,False,gcd_k_not_2,0.36363636363636365,False,1.0,True,EXACT-UNCLASSIFIED
900,False,8,2,3.773275618111064,5.651695726880727,0.3193462496971395,1.0318045781524101,0.5330578512396694,False,1.0,True,True,,0.0,False,0.5,False,EXACT-UNCLASSIFIED
901,False,1,1,0.05105650672885241,0.08198918610788364,0.9953432499244628,0.004667618040869464,1.0,True,,False,False,gcd_k_not_2,0.0,False,1.0,True,EXACT-UNCLASSIFIED
903,False,15,1,0.035130714146308945,0.06308351672341551,0.9905180760874688,0.009527091490843138,1.0,True,,False,False,gcd_k_not_2,0.36363636363636365,False,1.0,True,EXACT-UNCLASSIFIED
904,False,12,2,3.7804411388165264,5.662397360228469,0.3155075840102639,1.0406514174598565,0.4834710743801653,False,1.0,True,True,,0.0,False,0.5,False,EXACT-UNCLASSIFIED
906,False,17,1,0.04435472891396637,0.07071709013530444,0.9912763509116811,0.008761866814041022,1.0,True,,False,False,gcd_k_not_2,0.0,False,1.0,True,EXACT-UNCLASSIFIED
908,False,7,1,0.06582417577236023,0.10021403449187158,0.989838042338225,0.010213854037923421,1.0,True,,False,False,gcd_k_not_2,0.0,False,1.0,True,EXACT-UNCLASSIFIED
909,False,7,1,0.06545441861755083,0.10907443438599308,0.9945558482470954,0.0054590115966812085,1.0,True,,False,False,gcd_k_not_2,0.4090909090909091,False,1.0,True,EXACT-UNCLASSIFIED
911,False,1,1,0.02848065461845788,0.049230057389411025,1.0059811613236556,0.005963327511718908,1.0,True,,False,False,gcd_k_not_2,0.2727272727272727,False,1.0,True,EXACT-UNCLASSIFIED
913,False,8,2,3.7755566835788477,5.6551025657793295,0.3175307187107052,1.0359823442403502,0.493801652892562,False,1.0,True,True,,0.25,False,0.5,False,EXACT-UNCLASSIFIED
916,False,16,2,3.762192904501727,5.635144045466506,0.3168983381746669,1.037440236688536,0.48760330578512395,False,1.0,True,True,,0.13636363636363635,False,0.5,False,EXACT-UNCLASSIFIED
919,False,1,1,0.08383524346557614,0.13274523042972297,0.986388941104567,0.013704324076496716,1.0,True,,False,False,gcd_k_not_2,0.15289256198347106,False,1.0,True,EXACT-UNCLASSIFIED
921,False,13,1,0.08141472667914308,0.13807375661447108,0.9894477826458241,0.010608187303254765,1.0,True,,False,False,gcd_k_not_2,0.0,False,1.0,True,EXACT-UNCLASSIFIED
922,False,19,1,0.043443849866866835,0.0660699345505435,1.0030797779042417,0.0030750426799915275,1.0,True,,False,False,gcd_k_not_2,0.45454545454545453,False,1.0,True,EXACT-UNCLASSIFIED
923,False,3,1,0.05301153349782676,0.08240199354313389,0.9871815609450416,0.012901125198507071,1.0,True,,False,False,gcd_k_not_2,0.0,False,1.0,True,EXACT-UNCLASSIFIED
925,False,1,1,0.07176136713408296,0.12380679841831474,1.0118326395845965,0.011763045644830149,1.0,True,,False,False,gcd_k_not_2,0.09090909090909091,False,1.0,True,EXACT-UNCLASSIFIED
927,False,16,2,3.7725561086899604,5.650621134842493,0.3094989958455564,1.0546033350847748,0.512396694214876,False,1.0,True,True,,0.5,False,0.5,False,EXACT-UNCLASSIFIED
930,False,13,1,0.05711786696339977,0.09001819483708942,1.0009278417980376,0.0009274115524364097,1.0,True,,False,False,gcd_k_not_2,0.0,False,1.0,True,EXACT-UNCLASSIFIED
931,False,20,2,3.7722158353356927,5.650113316189624,0.3169559567213013,1.0373073447030194,0.5247933884297521,False,1.0,True,True,,0.0,False,0.5,False,EXACT-UNCLASSIFIED
933,False,3,1,0.0533705179155908,0.08833759777004303,0.9955367965282907,0.004473185840996839,1.0,True,,False,False,gcd_k_not_2,0.0,False,1.0,True,EXACT-UNCLASSIFIED
934,False,7,1,0.04402709239979954,0.07589967698981191,1.0141652673514059,0.014065645536657408,1.0,True,,False,False,gcd_k_not_2,0.0,False,1.0,True,EXACT-UNCLASSIFIED
936,False,3,1,0.06730937714921607,0.10638865329111238,1.0143067544014128,0.014205139679099596,1.0,True,,False,False,gcd_k_not_2,0.0,False,1.0,True,EXACT-UNCLASSIFIED
938,False,7,1,0.05854236538893094,0.09083457272526171,0.9799423464255309,0.020260846090473312,1.0,True,,False,False,gcd_k_not_2,0.0,False,1.0,True,EXACT-UNCLASSIFIED
944,False,8,2,3.765380636548762,5.639905576461125,0.32022935645014494,1.0297765918152795,0.5144628099173554,False,1.0,True,True,,0.0,False,0.5,False,EXACT-UNCLASSIFIED
946,False,20,2,3.7745379442750076,5.6535810759513225,0.31297112374029246,1.0465254929637016,0.5020661157024794,False,1.0,True,True,,0.0,False,0.5,False,EXACT-UNCLASSIFIED
949,False,17,1,0.033678619452086674,0.05713934239218593,0.9814689054423914,0.01870440107004476,1.0,True,,False,False,gcd_k_not_2,0.0,False,1.0,True,EXACT-UNCLASSIFIED
950,False,8,2,3.7706693965443345,5.647803388683986,0.3203674078232721,1.029459812700398,0.5516528925619835,False,1.0,True,True,,0.0,False,0.5,False,EXACT-UNCLASSIFIED
952,False,3,1,0.07491309297002054,0.1213593168825873,0.9842135256121227,0.01591207214758521,1.0,True,,False,False,gcd_k_not_2,0.0,False,1.0,True,EXACT-UNCLASSIFIED
954,False,15,1,0.07224303281995915,0.11561107110061548,0.9859129470009065,0.014186979364193738,1.0,True,,False,False,gcd_k_not_2,0.0,False,1.0,True,EXACT-UNCLASSIFIED
955,False,1,1,0.05293186828991317,0.08502313842676944,0.9751286598108099,0.025184526654149636,1.0,True,,False,False,gcd_k_not_2,0.0,False,1.0,True,EXACT-UNCLASSIFIED
956,False,7,1,0.06915735033517284,0.1032901370250051,0.9960128201895968,0.003995144490128488,1.0,True,,False,False,gcd_k_not_2,0.0,False,1.0,True,EXACT-UNCLASSIFIED
957,False,15,1,0.08581019041128038,0.14221501716529422,1.0117912292645959,0.01172212016145039,1.0,True,,False,False,gcd_k_not_2,0.0,False,1.0,True,EXACT-UNCLASSIFIED
958,False,21,1,0.03947228604266711,0.06885547236496195,1.0247585689159284,0.024455823322367027,1.0,True,,False,False,gcd_k_not_2,0.0,False,1.0,True,EXACT-UNCLASSIFIED
959,False,21,1,0.08016528097975566,0.12373262090016653,1.0154688654020638,0.015350140771316752,1.0,True,,False,False,gcd_k_not_2,0.0,False,1.0,True,EXACT-UNCLASSIFIED
960,False,3,1,0.04113937368243629,0.068798784877465,0.9966843219829576,0.0033211840054410526,1.0,True,,False,False,gcd_k_not_2,0.045454545454545456,False,1.0,True,EXACT-UNCLASSIFIED
961,False,5,1,0.03687679239487064,0.06474650087194668,0.9676677062488795,0.03286357106785883,1.0,True,,False,False,gcd_k_not_2,0.0,False,1.0,True,EXACT-UNCLASSIFIED
963,False,1,1,0.06491010771419309,0.09968496126656565,0.9828364243499338,0.017312144803566715,1.0,True,,False,False,gcd_k_not_2,0.0,False,1.0,True,EXACT-UNCLASSIFIED
964,False,1,1,0.023588103451236807,0.039771540120488245,1.01098995873758,0.010929899167153364,1.0,True,,False,False,gcd_k_not_2,0.0,False,1.0,True,EXACT-UNCLASSIFIED
968,False,20,2,3.769727726111853,5.646397296980288,0.3147739806579805,1.0423480072203697,0.49793388429752067,False,1.0,True,True,,0.0,False,0.5,False,EXACT-UNCLASSIFIED
969,False,19,1,0.03395106690550163,0.05189072547976963,1.0323561310087084,0.03184100514179983,1.0,True,,False,False,gcd_k_not_2,0.0,False,1.0,True,EXACT-UNCLASSIFIED
970,False,7,1,0.03616087774566612,0.06098614434261379,0.999102790868652,0.0008976118041015396,1.0,True,,False,False,gcd_k_not_2,0.13636363636363635,False,1.0,True,EXACT-UNCLASSIFIED
971,False,17,1,0.03235454964495063,0.05512576213953515,0.9824753831783555,0.017679530318856856,1.0,True,,False,False,gcd_k_not_2,0.0,False,1.0,True,EXACT-UNCLASSIFIED
974,False,9,1,0.04064720255097859,0.06884663396597122,1.0076156486121695,0.007586759564694604,1.0,True,,False,False,gcd_k_not_2,0.0,False,1.0,True,EXACT-UNCLASSIFIED
976,False,19,1,0.055450843529805345,0.08665487678906642,0.9980887914962682,0.001913036609649997,1.0,True,,False,False,gcd_k_not_2,0.0,False,1.0,True,EXACT-UNCLASSIFIED
977,False,13,1,0.05345978994712523,0.08724760799611729,0.9817443674760875,0.018423801599761844,1.0,True,,False,False,gcd_k_not_2,0.0,False,1.0,True,EXACT-UNCLASSIFIED
979,False,3,1,0.06352586473734012,0.10006275633720307,0.9950109296736727,0.005001546860841972,1.0,True,,False,False,gcd_k_not_2,0.0,False,1.0,True,EXACT-UNCLASSIFIED
981,False,17,1,0.03912581046948494,0.06281336363474371,1.025875426600734,0.0255449335738781,1.0,True,,False,False,gcd_k_not_2,0.0,False,1.0,True,EXACT-UNCLASSIFIED
983,False,3,1,0.06979772849268105,0.10966312335136941,1.0045367100523772,0.004526442473840821,1.0,True,,False,False,gcd_k_not_2,0.0,False,1.0,True,EXACT-UNCLASSIFIED
986,False,1,1,0.05768596548079572,0.09451175604011255,0.9943890303434064,0.005626755433595118,1.0,True,,False,False,gcd_k_not_2,0.0,False,1.0,True,EXACT-UNCLASSIFIED
987,False,19,1,0.0393681544029102,0.05981514852468465,1.0101633719025578,0.010111985965537168,1.0,True,,False,False,gcd_k_not_2,0.6818181818181818,False,1.0,True,EXACT-UNCLASSIFIED
988,False,5,1,0.05708968682846614,0.09964954660074951,0.9935884444091295,0.006432175716960278,1.0,True,,False,False,gcd_k_not_2,0.0,False,1.0,True,EXACT-UNCLASSIFIED
989,False,5,1,0.07713043950964305,0.12429518568438169,0.9748314026948894,0.025489363062350612,1.0,True,,False,False,gcd_k_not_2,0.0,False,1.0,True,EXACT-UNCLASSIFIED
994,False,7,1,0.04819142801053878,0.07311229576321142,0.9806000578276575,0.019589964259236255,1.0,True,,False,False,gcd_k_not_2,0.0,False,1.0,True,EXACT-UNCLASSIFIED
995,False,17,1,0.043436722008137946,0.06057892606316399,1.0110199210084858,0.010959534406759711,1.0,True,,False,False,gcd_k_not_2,0.0,False,1.0,True,EXACT-UNCLASSIFIED
998,False,19,1,0.06293256598707613,0.10124428167800176,1.0010777035640321,0.0010771231543010838,1.0,True,,False,False,gcd_k_not_2,0.0,False,1.0,True,EXACT-UNCLASSIFIED
1001,False,5,1,0.050229481656378146,0.08310340478268387,0.9903058738919577,0.009741343011851611,1.0,True,,False,False,gcd_k_not_2,0.0,False,1.0,True,EXACT-UNCLASSIFIED
1004,False,9,1,0.02748242259120005,0.04359172671366835,0.9948335581631785,0.0051798224625603665,1.0,True,,False,False,gcd_k_not_2,0.0,False,1.0,True,EXACT-UNCLASSIFIED
1005,False,1,1,0.02454187696622358,0.0415970995501906,1.0098593228093968,0.009810958107869456,1.0,True,,False,False,gcd_k_not_2,0.0,False,1.0,True,EXACT-UNCLASSIFIED
1007,False,13,1,0.06035845162949536,0.10303713631201374,1.0160988312053463,0.015970279786057258,1.0,True,,False,False,gcd_k_not_2,0.0,False,1.0,True,EXACT-UNCLASSIFIED
1008,False,13,1,0.03675318084358648,0.06316466487052659,1.0157224062285881,0.015599773242591245,1.0,True,,False,False,gcd_k_not_2,0.0,False,1.0,True,EXACT-UNCLASSIFIED
1010,False,21,1,0.06797754639587475,0.11314793294743988,0.99197532477865,0.008057002636055903,1.0,True,,False,False,gcd_k_not_2,0.2727272727272727,False,1.0,True,EXACT-UNCLASSIFIED
1011,False,17,1,0.06027205927824496,0.09739087550769136,1.0103617492189108,0.010308342986466523,1.0,True,,False,False,gcd_k_not_2,0.0,False,1.0,True,EXACT-UNCLASSIFIED
1012,False,13,1,0.06797404365267337,0.10435650724139414,1.0124101420871865,0.012333611153753475,1.0,True,,False,False,gcd_k_not_2,0.0,False,1.0,True,EXACT-UNCLASSIFIED
1014,False,21,1,0.05090450229421371,0.0831253545638063,1.0033202063397915,0.0033147035898546087,1.0,True,,False,False,gcd_k_not_2,0.0,False,1.0,True,EXACT-UNCLASSIFIED
1015,False,3,1,0.07117987653678551,0.11624126757910505,1.0160528874787051,0.01592506583374513,1.0,True,,False,False,gcd_k_not_2,0.36363636363636365,False,1.0,True,EXACT-UNCLASSIFIED
1021,False,15,1,0.06185831414027861,0.09561552823981741,0.9899462667821465,0.01010452732888206,1.0,True,,False,False,gcd_k_not_2,0.5785123966942148,False,1.0,True,EXACT-UNCLASSIFIED
1022,False,15,1,0.05346322555935332,0.08415834796277888,1.0002066385339115,0.00020661718637515804,1.0,True,,False,False,gcd_k_not_2,0.0,False,1.0,True,EXACT-UNCLASSIFIED
1024,False,3,1,0.05968970361488776,0.0992672076365863,1.013489473019723,0.013399099623294513,1.0,True,,False,False,gcd_k_not_2,0.0,False,1.0,True,EXACT-UNCLASSIFIED
1026,False,7,1,0.06380322483974728,0.09951496252714653,1.0041866032957236,0.004177857779150062,1.0,True,,False,False,gcd_k_not_2,0.0,False,1.0,True,EXACT-UNCLASSIFIED
1032,False,7,1,0.06524120001422326,0.10206304657150422,0.9960406189170941,0.003967234980472483,1.0,True,,False,False,gcd_k_not_2,0.0,False,1.0,True,EXACT-UNCLASSIFIED
1033,False,21,1,0.048956406547497194,0.08318781838610838,1.0057775487551273,0.005760906795185722,1.0,True,,False,False,gcd_k_not_2,0.0,False,1.0,True,EXACT-UNCLASSIFIED
1038,False,7,1,0.07014567578464645,0.11410608186116176,0.9983798946115988,0.0016214188230873074,1.0,True,,False,False,gcd_k_not_2,0.0,False,1.0,True,EXACT-UNCLASSIFIED
1040,False,13,1,0.060551545244543786,0.09235421633716742,1.0344183675894263,0.033836076332921114,1.0,True,,False,False,gcd_k_not_2,0.0,False,1.0,True,EXACT-UNCLASSIFIED
1042,False,7,1,0.0500495740415153,0.07581768097024182,1.02471930946242,0.024417517378231873,1.0,True,,False,False,gcd_k_not_2,0.09090909090909091,False,1.0,True,EXACT-UNCLASSIFIED
1044,False,4,2,3.776776913600441,5.6569249036449625,0.32127155087957643,1.0273867603803184,0.4628099173553719,False,1.0,True,True,,0.36363636363636365,False,0.5,False,EXACT-UNCLASSIFIED
1047,False,21,1,0.04437296158581943,0.07237232660816224,1.0082021039170803,0.008168604047452975,1.0,True,,False,False,gcd_k_not_2,0.0,False,1.0,True,EXACT-UNCLASSIFIED
1048,False,21,1,0.060823035810446575,0.09822739577731873,0.9962448606500005,0.0037622031485423386,1.0,True,,False,False,gcd_k_not_2,0.0,False,1.0,True,EXACT-UNCLASSIFIED
1049,False,15,1,0.06091754016106875,0.09742148168989391,1.0103475193943754,0.010294259370133695,1.0,True,,False,False,gcd_k_not_2,0.0,False,1.0,True,EXACT-UNCLASSIFIED
1052,False,19,1,0.05273822360502696,0.08832650194419096,1.0153259460789823,0.015209396880738297,1.0,True,,False,False,gcd_k_not_2,0.0,False,1.0,True,EXACT-UNCLASSIFIED
1054,False,15,1,0.06344691878463113,0.09577944673913073,0.9909435049961572,0.009097691603117878,1.0,True,,False,False,gcd_k_not_2,0.0,False,1.0,True,EXACT-UNCLASSIFIED
1056,False,1,1,0.07678432348700039,0.12315193654454834,1.0048848779739126,0.004872976027280956,1.0,True,,False,False,gcd_k_not_2,0.0,False,1.0,True,EXACT-UNCLASSIFIED
1058,False,9,1,0.04935188662879771,0.08174510755127813,1.0068392147981529,0.006815907071898455,1.0,True,,False,False,gcd_k_not_2,0.0,False,1.0,True,EXACT-UNCLASSIFIED
1061,False,15,1,0.05688033233669596,0.08791830198215342,1.0076178287734396,0.007588923214627754,1.0,True,,False,False,gcd_k_not_2,0.0,False,1.0,True,EXACT-UNCLASSIFIED
1062,False,9,1,0.05208999209144966,0.08004068263072756,0.9976477766414982,0.0023549930933835566,1.0,True,,False,False,gcd_k_not_2,0.0,False,1.0,True,EXACT-UNCLASSIFIED
1064,False,1,1,0.04905994145282268,0.08179369094454081,0.9743175092966982,0.026016575938133134,1.0,True,,False,False,gcd_k_not_2,0.0,False,1.0,True,EXACT-UNCLASSIFIED
1065,False,13,1,0.03720445225498688,0.0703646992065767,0.9961417018586246,0.003865755760508234,1.0,True,,False,False,gcd_k_not_2,0.0,False,1.0,True,EXACT-UNCLASSIFIED
1066,False,15,1,0.04203537933480215,0.06703626715853649,1.0188009752723977,0.018625882890571585,1.0,True,,False,False,gcd_k_not_2,0.0,False,1.0,True,EXACT-UNCLASSIFIED
1068,False,1,1,0.07305060413690741,0.11096872486610618,1.0071267484909392,0.007101443390455983,1.0,True,,False,False,gcd_k_not_2,0.0,False,1.0,True,EXACT-UNCLASSIFIED
1069,False,19,1,0.06539047546414894,0.10380909807665192,0.9930566748319399,0.006967514025807184,1.0,True,,False,False,gcd_k_not_2,0.0,False,1.0,True,EXACT-UNCLASSIFIED
1070,False,3,1,0.04614755303546433,0.06564553301756598,1.013983121073065,0.013886036011676817,1.0,True,,False,False,gcd_k_not_2,0.0,False,1.0,True,EXACT-UNCLASSIFIED
1074,False,15,1,0.06906365604641815,0.11049723297013371,1.0117114674437357,0.011643287452765145,1.0,True,,False,False,gcd_k_not_2,0.0,False,1.0,True,EXACT-UNCLASSIFIED
1080,False,7,1,0.03036862562563899,0.05186714881711379,1.0117686817601745,0.0116998359372785,1.0,True,,False,False,gcd_k_not_2,0.0,False,1.0,True,EXACT-UNCLASSIFIED
1083,False,9,1,0.04809150815018761,0.08129504216349068,1.0003203761705661,0.0003203248583405051,1.0,True,,False,False,gcd_k_not_2,0.0,False,1.0,True,EXACT-UNCLASSIFIED
1084,False,16,2,3.775514834322939,5.655040246669499,0.31569379872523146,1.0402210634994087,0.5144628099173554,False,1.0,True,True,,0.0,False,0.5,False,EXACT-UNCLASSIFIED
1086,False,5,1,0.04559684461050743,0.07386402680979404,0.9830387759824695,0.017106295875759944,1.0,True,,False,False,gcd_k_not_2,0.0,False,1.0,True,EXACT-UNCLASSIFIED
1089,False,15,1,0.04157997039037581,0.06977508143720076,0.986161632319764,0.013934785019558936,1.0,True,,False,False,gcd_k_not_2,0.5,False,1.0,True,EXACT-UNCLASSIFIED
1091,False,14,2,3.7753837230154583,5.654844128204881,0.3174329072925948,1.036207747550685,0.5206611570247934,False,1.0,True,True,,0.0,False,0.5,False,EXACT-UNCLASSIFIED
1092,False,3,1,0.07941618149912334,0.13585075695647478,0.9955185168300396,0.004491547567375577,1.0,True,,False,False,gcd_k_not_2,0.0,False,1.0,True,EXACT-UNCLASSIFIED
1094,False,17,1,0.04510401487685459,0.07572966883667726,1.0014641112803435,0.0014630402534741948,1.0,True,,False,False,gcd_k_not_2,0.0,False,1.0,True,EXACT-UNCLASSIFIED
1095,False,21,1,0.0514553464104091,0.08037015166012118,1.010269257470719,0.010216798006093519,1.0,True,,False,False,gcd_k_not_2,0.0,False,1.0,True,EXACT-UNCLASSIFIED
1096,False,5,1,0.06583676086597275,0.10484607930754462,0.9951043578903938,0.004907655171264204,1.0,True,,False,False,gcd_k_not_2,0.0,False,1.0,True,EXACT-UNCLASSIFIED
1097,False,7,1,0.0695232433121629,0.10420858545549773,1.0032174337030528,0.003212266076483929,1.0,True,,False,False,gcd_k_not_2,0.0,False,1.0,True,EXACT-UNCLASSIFIED
1098,False,5,1,0.04356555721857124,0.07366183712355424,1.0081788541752021,0.008145543568689016,1.0,True,,False,False,gcd_k_not_2,0.0,False,1.0,True,EXACT-UNCLASSIFIED
1099,False,17,1,0.03811337412404796,0.05815967214819896,1.0286504716602005,0.028245843293796924,1.0,True,,False,False,gcd_k_not_2,0.0,False,1.0,True,EXACT-UNCLASSIFIED
1100,False,1,1,0.05048394541273688,0.0851296485592715,1.007223715372357,0.007197718238414817,1.0,True,,False,False,gcd_k_not_2,0.0,False,1.0,True,EXACT-UNCLASSIFIED
1101,False,7,1,0.0522969944519465,0.08203659914688347,1.0002802837360214,0.00028024446203908394,1.0,True,,False,False,gcd_k_not_2,0.0,False,1.0,True,EXACT-UNCLASSIFIED
1103,False,17,1,0.030294463039569525,0.053212300196114615,0.9742318454890596,0.02610448673474526,1.0,True,,False,False,gcd_k_not_2,0.0,False,1.0,True,EXACT-UNCLASSIFIED
1106,False,9,1,0.03504819350947871,0.05382403565584019,0.9647219334216135,0.035911510914879256,1.0,True,,False,False,gcd_k_not_2,0.5330578512396694,False,1.0,True,EXACT-UNCLASSIFIED
1107,False,5,1,0.04888245388281964,0.07871374925829391,0.9984408157295817,0.0015604007465681638,1.0,True,,False,False,gcd_k_not_2,0.11983471074380166,False,1.0,True,EXACT-UNCLASSIFIED
1108,False,13,1,0.053262750188045695,0.09150317576922185,1.0432213892034583,0.0423071033142502,1.0,True,,False,False,gcd_k_not_2,0.0,False,1.0,True,EXACT-UNCLASSIFIED
1110,False,15,1,0.07394242450343401,0.11844328688018163,0.993637250560798,0.006383056333254451,1.0,True,,False,False,gcd_k_not_2,0.0,False,1.0,True,EXACT-UNCLASSIFIED
1114,False,7,1,0.0488378779060276,0.08138768430139579,1.0042671099176166,0.00425802518686438,1.0,True,,False,False,gcd_k_not_2,0.0,False,1.0,True,EXACT-UNCLASSIFIED
1115,False,13,1,0.060052102192038125,0.09855183927713246,1.0084588952154998,0.008423269438722672,1.0,True,,False,False,gcd_k_not_2,0.04132231404958678,False,1.0,True,EXACT-UNCLASSIFIED
1116,False,5,1,0.09060048792602148,0.14986807830323928,0.9945237823152815,0.005491253334028035,1.0,True,,False,False,gcd_k_not_2,0.0,False,1.0,True,EXACT-UNCLASSIFIED
1117,False,1,1,0.038712026386164944,0.06157919542683975,1.0237846716500987,0.02350514062418089,1.0,True,,False,False,gcd_k_not_2,0.0,False,1.0,True,EXACT-UNCLASSIFIED
1119,False,13,1,0.057198546036895906,0.08694089234121116,0.9894086108334146,0.010647776539127766,1.0,True,,False,False,gcd_k_not_2,0.0,False,1.0,True,EXACT-UNCLASSIFIED
1120,False,3,1,0.045548523616570497,0.07347549503402415,0.9712205980437385,0.02919957511079428,1.0,True,,False,False,gcd_k_not_2,0.0,False,1.0,True,EXACT-UNCLASSIFIED
1121,False,14,2,3.7856599803584405,5.670190929321309,0.31221994306718165,1.0482694773335055,0.49173553719008267,False,1.0,True,True,,0.11363636363636363,False,0.5,False,EXACT-UNCLASSIFIED
1122,False,4,2,3.75105772353313,5.618513792668611,0.31428270073794695,1.0434852393279386,0.4896694214876033,False,1.0,True,True,,0.0,False,0.5,False,EXACT-UNCLASSIFIED
1123,False,2,2,3.7710729201120174,5.64840713845328,0.31672938714355475,1.037829974067333,0.48140495867768596,False,1.0,True,True,,0.0,False,0.5,False,EXACT-UNCLASSIFIED
1126,False,7,1,0.06643915696609906,0.10721556448306727,1.002428388547908,0.002425443588191268,1.0,True,,False,False,gcd_k_not_2,0.16115702479338842,False,1.0,True,EXACT-UNCLASSIFIED
1127,False,17,1,0.06538296986432471,0.11063833666674505,0.9690818800163223,0.03140358996490423,1.0,True,,False,False,gcd_k_not_2,0.0,False,1.0,True,EXACT-UNCLASSIFIED
1128,False,1,1,0.051497272198522466,0.08110907197892084,1.0113082165649445,0.011244638163172678,1.0,True,,False,False,gcd_k_not_2,0.0,False,1.0,True,EXACT-UNCLASSIFIED
1129,False,7,1,0.057385732455499515,0.094625909264773,1.0045655137668195,0.004555115545453248,1.0,True,,False,False,gcd_k_not_2,0.0,False,1.0,True,EXACT-UNCLASSIFIED
1130,False,6,2,3.7745678427987666,5.653625945138106,0.319608407394256,1.0312022699965495,0.4049586776859504,False,1.0,True,True,,0.0,False,0.5,False,EXACT-UNCLASSIFIED
1131,False,5,1,0.06613465633440992,0.11083184012563713,0.9889508203609737,0.011110560930833813,1.0,True,,False,False,gcd_k_not_2,0.0,False,1.0,True,EXACT-UNCLASSIFIED
1133,False,3,1,0.04056123928240205,0.06638573300464373,0.9741739467525182,0.026163908494451705,1.0,True,,False,False,gcd_k_not_2,0.0,False,1.0,True,EXACT-UNCLASSIFIED
1134,False,13,1,0.06180282815770567,0.1017674430953934,1.0115716807837127,0.011505114030243698,1.0,True,,False,False,gcd_k_not_2,0.0,False,1.0,True,EXACT-UNCLASSIFIED
1136,False,19,1,0.044318021265060945,0.07783160478994086,1.0368063324649224,0.03614121959291018,1.0,True,,False,False,gcd_k_not_2,0.0,False,1.0,True,EXACT-UNCLASSIFIED
1141,False,17,1,0.03814801771924008,0.06526970178519574,0.9846383774599712,0.01548052553502402,1.0,True,,False,False,gcd_k_not_2,0.0,False,1.0,True,EXACT-UNCLASSIFIED
1146,False,5,1,0.04622319653662976,0.08340476928098846,0.9949808880082982,0.005031739423541732,1.0,True,,False,False,gcd_k_not_2,0.1487603305785124,False,1.0,True,EXACT-UNCLASSIFIED
1147,False,7,1,0.06761411741065017,0.11096560471070718,1.007883461372989,0.007852508897700979,1.0,True,,False,False,gcd_k_not_2,0.11570247933884298,False,1.0,True,EXACT-UNCLASSIFIED
1148,False,7,1,0.04681691102489185,0.08154722222273002,0.9785241072306733,0.02170900287829837,1.0,True,,False,False,gcd_k_not_2,0.5,False,1.0,True,EXACT-UNCLASSIFIED
1149,False,2,2,3.7723757820374404,5.650352216523528,0.3190495811243249,1.0324864639208633,0.5227272727272727,False,1.0,True,True,,0.25,False,0.5,False,EXACT-UNCLASSIFIED
1154,False,17,1,0.05179639550522429,0.09036151353746957,0.9998483657541618,0.00015164574318210028,1.0,True,,False,False,gcd_k_not_2,0.0,False,1.0,True,EXACT-UNCLASSIFIED
1156,False,7,1,0.06400570156720876,0.10989570972908898,0.9997278853820696,0.0002721516461509955,1.0,True,,False,False,gcd_k_not_2,0.0,False,1.0,True,EXACT-UNCLASSIFIED
1159,False,4,2,3.780319184745688,5.662215005998223,0.31754950624553113,1.0359390527938026,0.518595041322314,False,1.0,True,True,,0.0,False,0.5,False,EXACT-UNCLASSIFIED
1164,False,13,1,0.06624991235031051,0.09649688466640291,0.9901065490782653,0.009942634404491418,1.0,True,,False,False,gcd_k_not_2,0.0,False,1.0,True,EXACT-UNCLASSIFIED
1169,False,21,1,0.052457092800614634,0.08784200626662655,0.9831877250467929,0.016954799327240186,1.0,True,,False,False,gcd_k_not_2,0.0,False,1.0,True,EXACT-UNCLASSIFIED
1170,False,7,1,0.03536787936737747,0.046308269195877994,0.9680937919248056,0.032423462952941906,1.0,True,,False,False,gcd_k_not_2,0.5454545454545454,False,1.0,True,EXACT-UNCLASSIFIED
1171,False,13,1,0.07061517317131875,0.11104864543819529,1.0068271402909255,0.006803914651000488,1.0,True,,False,False,gcd_k_not_2,0.0,False,1.0,True,EXACT-UNCLASSIFIED
1173,False,2,2,3.775142890775336,5.654484461977805,0.31807153357041623,1.0347366573988035,0.4524793388429752,False,1.0,True,True,,0.0,False,0.5,False,EXACT-UNCLASSIFIED
1175,False,9,1,0.054439726473236874,0.08903030708461372,0.9810614742610168,0.01911957401124848,1.0,True,,False,False,gcd_k_not_2,0.0,False,1.0,True,EXACT-UNCLASSIFIED
1176,False,21,1,0.054743578981154506,0.09499321458585912,0.9335361316880786,0.0687485144163248,1.0,True,,False,False,gcd_k_not_2,0.049586776859504134,False,1.0,True,EXACT-UNCLASSIFIED
1177,False,21,1,0.03254541164529167,0.053528488326036176,1.0012669496564344,0.0012661475838112663,1.0,True,,False,False,gcd_k_not_2,0.0,False,1.0,True,EXACT-UNCLASSIFIED
1178,False,21,1,0.057176895323393824,0.08494474990853423,0.9962425996796487,0.003764472635694975,1.0,True,,False,False,gcd_k_not_2,0.0,False,1.0,True,EXACT-UNCLASSIFIED
1179,False,21,1,0.058512475498158585,0.09552515835045135,0.9930861646785604,0.006937818789740793,1.0,True,,False,False,gcd_k_not_2,0.0,False,1.0,True,EXACT-UNCLASSIFIED
1180,False,3,1,0.03699565136412382,0.06192825025837098,0.989367188950383,0.010689641518846,1.0,True,,False,False,gcd_k_not_2,0.0,False,1.0,True,EXACT-UNCLASSIFIED
1181,False,9,1,0.05279466639126904,0.0818796287207418,0.9787019698284876,0.021527274441798413,1.0,True,,False,False,gcd_k_not_2,0.0,False,1.0,True,EXACT-UNCLASSIFIED
1182,False,3,1,0.05486929784418206,0.09210662119761275,0.9994083918855653,0.0005917831662962901,1.0,True,,False,False,gcd_k_not_2,0.0,False,1.0,True,EXACT-UNCLASSIFIED
1183,False,10,2,3.7816452200527917,5.664195309306459,0.3186291196546141,1.0334534103476436,0.5206611570247934,False,1.0,True,True,,0.0,False,0.5,False,EXACT-UNCLASSIFIED
1184,False,19,1,0.03468713124125742,0.061016806854425114,0.9999858771059545,1.4122993774227073e-05,1.0,True,,False,False,gcd_k_not_2,0.0,False,1.0,True,EXACT-UNCLASSIFIED
1186,False,15,1,0.07061053956601905,0.11447078015246806,0.9887613861018064,0.011302124002138403,1.0,True,,False,False,gcd_k_not_2,0.18181818181818182,False,1.0,True,EXACT-UNCLASSIFIED
1188,False,20,2,3.7638980010311784,5.6376911275090205,0.3140038550804687,1.04413109941374,0.5475206611570248,False,1.0,True,True,,0.0,False,0.5,False,EXACT-UNCLASSIFIED
1192,False,4,2,3.7419208472027097,5.6048674661350235,0.3087351808054393,1.0563860883897587,0.5681818181818182,False,1.0,True,True,,0.0,False,0.5,False,EXACT-UNCLASSIFIED
1193,False,13,1,0.04684069832615997,0.079421996253381,1.0046588307912483,0.00464800365996396,1.0,True,,False,False,gcd_k_not_2,0.0,False,1.0,True,EXACT-UNCLASSIFIED
1195,False,4,2,3.7603829272544322,5.63244082309093,0.3122137884568537,1.0482837744785076,0.48760330578512395,False,1.0,True,True,,0.0,False,0.5,False,EXACT-UNCLASSIFIED
1197,False,10,2,3.7907018821542575,5.677720762589919,0.3151513432301075,1.0414750519706033,0.49793388429752067,False,1.0,True,True,,0.0,False,0.5,False,EXACT-UNCLASSIFIED
1198,False,5,1,0.055262644229889524,0.08990213562754007,1.0044633258487152,0.004453387389191002,1.0,True,,False,False,gcd_k_not_2,0.0,False,1.0,True,EXACT-UNCLASSIFIED
1199,False,3,1,0.03945381053598256,0.064561584085242,0.9719146359568503,0.028485375108057348,1.0,True,,False,False,gcd_k_not_2,0.45454545454545453,False,1.0,True,EXACT-UNCLASSIFIED
1200,False,15,1,0.035228127460333124,0.0642785416780439,1.0079210780406376,0.007889830060817999,1.0,True,,False,False,gcd_k_not_2,0.0,False,1.0,True,EXACT-UNCLASSIFIED
1203,False,21,1,0.06640041202803802,0.10548456295035108,0.9930327588402624,0.006991597231740222,1.0,True,,False,False,gcd_k_not_2,0.0,False,1.0,True,EXACT-UNCLASSIFIED
1206,False,9,1,0.04667796694500269,0.07772849064180341,0.9879963617633299,0.012076116905991698,1.0,True,,False,False,gcd_k_not_2,0.0,False,1.0,True,EXACT-UNCLASSIFIED
1207,False,15,1,0.07149681175213708,0.1107154744204104,1.004347866830379,0.004338435360778456,1.0,True,,False,False,gcd_k_not_2,0.0,False,1.0,True,EXACT-UNCLASSIFIED
1209,False,13,1,0.05328500559327137,0.08076530561013699,1.0151761831259323,0.015061892109493942,1.0,True,,False,False,gcd_k_not_2,0.0,False,1.0,True,EXACT-UNCLASSIFIED
1211,False,2,2,3.7647399560729853,5.638949164524583,0.31478065502716346,1.0423325630063822,0.49173553719008267,False,1.0,True,True,,0.0,False,0.5,False,EXACT-UNCLASSIFIED
1213,False,4,2,3.7577660206458923,5.628532713517615,0.31520568493171575,1.0413493842278183,0.5144628099173554,False,1.0,True,True,,0.0,False,0.5,False,EXACT-UNCLASSIFIED
1214,False,10,2,3.7673213719444907,5.642803541526701,0.32036503831370655,1.029465249328752,0.5351239669421488,False,1.0,True,True,,0.0,False,0.5,False,EXACT-UNCLASSIFIED
1216,False,9,1,0.06022686057783569,0.09543487030182156,1.0203816336088787,0.020176023450057146,1.0,True,,False,False,gcd_k_not_2,0.0,False,1.0,True,EXACT-UNCLASSIFIED
1217,False,15,1,0.027952103495122706,0.05442938072444482,0.9855418023512399,0.014563478473874453,1.0,True,,False,False,gcd_k_not_2,0.0,False,1.0,True,EXACT-UNCLASSIFIED
1218,False,7,1,0.07664234644519098,0.12573771648925797,1.0086685487100298,0.008631138985669678,1.0,True,,False,False,gcd_k_not_2,0.09090909090909091,False,1.0,True,EXACT-UNCLASSIFIED
1219,False,3,1,0.03461281707280838,0.05405188895503979,0.9875692786247136,0.012508466003145086,1.0,True,,False,False,gcd_k_not_2,0.0,False,1.0,True,EXACT-UNCLASSIFIED
1220,False,13,1,0.055795004008116614,0.09197662140161747,1.0089829268723984,0.008942760789294747,1.0,True,,False,False,gcd_k_not_2,0.45867768595041325,False,1.0,True,EXACT-UNCLASSIFIED
1223,False,21,1,0.05576060331140522,0.09107712076075687,0.9942563391232565,0.0057602032036349,1.0,True,,False,False,gcd_k_not_2,0.0,False,1.0,True,EXACT-UNCLASSIFIED
1224,False,13,1,0.05382675341626431,0.08249901414445612,1.0143303864959548,0.014228436995267013,1.0,True,,False,False,gcd_k_not_2,0.0,False,1.0,True,EXACT-UNCLASSIFIED
1225,False,19,1,0.03947799907826104,0.06752336867122127,0.9933846731000141,0.0066372807910659,1.0,True,,False,False,gcd_k_not_2,0.0,False,1.0,True,EXACT-UNCLASSIFIED
1226,False,14,2,3.7610968425372944,5.633507497977142,0.3166675056362378,1.0379727477721317,0.5041322314049587,False,1.0,True,True,,0.0,False,0.5,False,EXACT-UNCLASSIFIED
1227,False,1,1,0.04374782795013461,0.07442940098743067,0.9937982756880319,0.006221014821399539,1.0,True,,False,False,gcd_k_not_2,0.0,False,1.0,True,EXACT-UNCLASSIFIED
1228,False,5,1,0.043515283969556305,0.07218841750394732,0.9414890502873506,0.060274303070614224,1.0,True,,False,False,gcd_k_not_2,0.0,False,1.0,True,EXACT-UNCLASSIFIED
1230,False,15,1,0.06500198184423404,0.10532742336192398,0.9913077659725904,0.00873017639557506,1.0,True,,False,False,gcd_k_not_2,0.0,False,1.0,True,EXACT-UNCLASSIFIED
1231,False,3,1,0.03937593920337238,0.05771798710537346,1.0292564754567726,0.02883467497639713,1.0,True,,False,False,gcd_k_not_2,0.0,False,1.0,True,EXACT-UNCLASSIFIED
1233,False,7,1,0.056272061569770174,0.09230322368621577,1.0055169424802204,0.00550176601689287,1.0,True,,False,False,gcd_k_not_2,0.0,False,1.0,True,EXACT-UNCLASSIFIED
1235,False,17,1,0.050294175156245936,0.08618889299258574,0.9803595965850852,0.01983518897152066,1.0,True,,False,False,gcd_k_not_2,0.0,False,1.0,True,EXACT-UNCLASSIFIED
1236,False,3,1,0.04087338582659605,0.06928044771781941,1.0095887682581388,0.009543015376673512,1.0,True,,False,False,gcd_k_not_2,0.0,False,1.0,True,EXACT-UNCLASSIFIED
1238,False,19,1,0.061992591363244726,0.09669866138578374,1.0167765900915315,0.016637033743802133,1.0,True,,False,False,gcd_k_not_2,0.0,False,1.0,True,EXACT-UNCLASSIFIED
1240,False,9,1,0.05557519653728146,0.08857413078831781,1.0133883557201213,0.013299327655376897,1.0,True,,False,False,gcd_k_not_2,0.0,False,1.0,True,EXACT-UNCLASSIFIED
1241,False,6,2,3.773654524444408,5.652261749949178,0.31086726164943074,1.0514149807715103,0.5020661157024794,False,1.0,True,True,,0.0,False,0.5,False,EXACT-UNCLASSIFIED
1242,False,9,1,0.07957723283563951,0.12049150814047416,0.998018117036802,0.001983848841308056,1.0,True,,False,False,gcd_k_not_2,0.0,False,1.0,True,EXACT-UNCLASSIFIED
1243,False,13,1,0.03965524548210006,0.061819906520426446,1.0009101845906558,0.000909770561082868,1.0,True,,False,False,gcd_k_not_2,0.5909090909090909,False,1.0,True,EXACT-UNCLASSIFIED
1247,False,19,1,0.04927596744962763,0.07101412491930592,0.996505853645773,0.003500261567324164,1.0,True,,False,False,gcd_k_not_2,0.6363636363636364,False,1.0,True,EXACT-UNCLASSIFIED
1249,False,3,1,0.07480093987671015,0.12139784661080615,0.9926381243485829,0.00738907437478022,1.0,True,,False,False,gcd_k_not_2,0.0,False,1.0,True,EXACT-UNCLASSIFIED
1251,False,21,1,0.04620904810592679,0.07829229566324487,0.985243637560425,0.014866046827087106,1.0,True,,False,False,gcd_k_not_2,0.0,False,1.0,True,EXACT-UNCLASSIFIED
1252,False,16,2,3.759362466382655,5.630917154468195,0.3152864952144082,1.04116252584799,0.45041322314049587,False,1.0,True,True,,0.0,False,0.5,False,EXACT-UNCLASSIFIED
1253,False,13,1,0.06126704886175595,0.08985490596077902,1.0064837580615023,0.006462806424873631,1.0,True,,False,False,gcd_k_not_2,0.0,False,1.0,True,EXACT-UNCLASSIFIED
1256,False,13,1,0.048597767001273676,0.0723847952508519,0.9884977052494286,0.011568828789901581,1.0,True,,False,False,gcd_k_not_2,0.5,False,1.0,True,EXACT-UNCLASSIFIED
1258,False,17,1,0.04157529116893844,0.06976903570346833,0.9729210986850264,0.027450566911187683,1.0,True,,False,False,gcd_k_not_2,0.0,False,1.0,True,EXACT-UNCLASSIFIED
1260,False,8,2,3.783960906586525,5.667653459704742,0.3093892803122437,1.05485928451021,0.47107438016528924,False,1.0,True,True,,0.0,False,0.5,False,EXACT-UNCLASSIFIED
1261,False,21,1,0.05288403285170035,0.08847963744238209,0.9901046097760644,0.009944593038301738,1.0,True,,False,False,gcd_k_not_2,0.45454545454545453,False,1.0,True,EXACT-UNCLASSIFIED
1266,False,18,2,3.785126703043798,5.669394347727283,0.31524512660074333,1.0412581800154754,0.5103305785123967,False,1.0,True,True,,0.0,False,0.5,False,EXACT-UNCLASSIFIED
1268,False,17,1,0.04801551998411491,0.0745440165167308,1.027016302845333,0.02665622650139515,1.0,True,,False,False,gcd_k_not_2,0.36363636363636365,False,1.0,True,EXACT-UNCLASSIFIED
1269,False,21,1,0.05550260101076063,0.09343070890612705,0.973744588760739,0.026604669508678493,1.0,True,,False,False,gcd_k_not_2,0.45454545454545453,False,1.0,True,EXACT-UNCLASSIFIED
1272,False,21,1,0.032324577008985195,0.055869636348560237,0.989202403035694,0.010856207440558095,1.0,True,,False,False,gcd_k_not_2,0.0,False,1.0,True,EXACT-UNCLASSIFIED
1273,False,15,1,0.0435736083174293,0.06908285842570659,0.9934026233450797,0.006619211370204167,1.0,True,,False,False,gcd_k_not_2,0.0,False,1.0,True,EXACT-UNCLASSIFIED
1275,False,15,1,0.04631066279627452,0.06825982149622954,0.9843842151691035,0.015738670678314998,1.0,True,,False,False,gcd_k_not_2,0.0,False,1.0,True,EXACT-UNCLASSIFIED
1276,False,9,1,0.05963477444282232,0.09938684760933679,0.9843744832749723,0.015748556390666364,1.0,True,,False,False,gcd_k_not_2,0.0,False,1.0,True,EXACT-UNCLASSIFIED
1277,False,17,1,0.0507363474566142,0.08326809861006779,0.9972666577719087,0.002737082920255154,1.0,True,,False,False,gcd_k_not_2,0.0,False,1.0,True,EXACT-UNCLASSIFIED
1278,False,21,1,0.04936731629616841,0.08212734186487501,0.9947613046636018,0.005252453337800917,1.0,True,,False,False,gcd_k_not_2,0.0,False,1.0,True,EXACT-UNCLASSIFIED
1279,False,19,1,0.04080780418104594,0.06721534942086912,0.9674607336937722,0.0330774238580483,1.0,True,,False,False,gcd_k_not_2,0.0,False,1.0,True,EXACT-UNCLASSIFIED
1282,False,17,1,0.07199403050657777,0.11012677781099475,1.0003345776191572,0.0003345216574274171,1.0,True,,False,False,gcd_k_not_2,0.0,False,1.0,True,EXACT-UNCLASSIFIED
1289,False,5,1,0.04698872135762078,0.07687403445201804,0.9819280992776287,0.01823668651648683,1.0,True,,False,False,gcd_k_not_2,0.4090909090909091,False,1.0,True,EXACT-UNCLASSIFIED
1293,False,9,1,0.052321667603038274,0.07789517252926219,1.0017711427491747,0.0017695756636217264,1.0,True,,False,False,gcd_k_not_2,0.36363636363636365,False,1.0,True,EXACT-UNCLASSIFIED
1294,False,7,1,0.05174648038680639,0.08537042552537809,0.9612974508858494,0.03946627177501309,1.0,True,,False,False,gcd_k_not_2,0.0,False,1.0,True,EXACT-UNCLASSIFIED
1295,False,9,1,0.046411006753886666,0.07563221464343209,0.9935734319672423,0.006447284990566935,1.0,True,,False,False,gcd_k_not_2,0.0,False,1.0,True,EXACT-UNCLASSIFIED
1298,False,17,1,0.07378007272189986,0.11913596373870845,1.0037059919645313,0.0036991374776473534,1.0,True,,False,False,gcd_k_not_2,0.0,False,1.0,True,EXACT-UNCLASSIFIED
1300,False,8,2,3.7765940194150374,5.656651788660235,0.3120567285407677,1.0486486696719939,0.48760330578512395,False,1.0,True,True,,0.0,False,0.5,False,EXACT-UNCLASSIFIED
1302,False,19,1,0.037008373540054006,0.055115731112210235,1.0166168758889986,0.016479953220339284,1.0,True,,False,False,gcd_k_not_2,0.3181818181818182,False,1.0,True,EXACT-UNCLASSIFIED
1303,False,7,1,0.026793387477123225,0.05124294230274144,1.0110237418267767,0.01096331345821201,1.0,True,,False,False,gcd_k_not_2,0.0,False,1.0,True,EXACT-UNCLASSIFIED
1304,False,1,1,0.03500815378250078,0.06097289959399363,0.9943132467447902,0.005702968943812583,1.0,True,,False,False,gcd_k_not_2,0.0,False,1.0,True,EXACT-UNCLASSIFIED
1306,False,3,1,0.033623138613306285,0.05320343507686935,1.0139410628436136,0.01384455891070556,1.0,True,,False,False,gcd_k_not_2,0.0,False,1.0,True,EXACT-UNCLASSIFIED
1308,False,21,1,0.05660862900387497,0.09657481572813532,1.0102724037471735,0.01021991221490748,1.0,True,,False,False,gcd_k_not_2,0.0,False,1.0,True,EXACT-UNCLASSIFIED
1310,False,1,1,0.05436967324414272,0.08462270631700233,1.018585534741479,0.018414413877050912,1.0,True,,False,False,gcd_k_not_2,0.0,False,1.0,True,EXACT-UNCLASSIFIED
1311,False,1,1,0.08679861406523333,0.14725075455093595,0.9986980838769272,0.0013027641679101867,1.0,True,,False,False,gcd_k_not_2,0.48760330578512395,False,1.0,True,EXACT-UNCLASSIFIED
1314,False,3,1,0.06580295318068219,0.10512978007161383,0.9886995592503032,0.01136465354671958,1.0,True,,False,False,gcd_k_not_2,0.0,False,1.0,True,EXACT-UNCLASSIFIED
1318,False,13,1,0.047916075507917315,0.07979824434247816,1.0255665922232804,0.025243892075864385,1.0,True,,False,False,gcd_k_not_2,0.365702479338843,False,1.0,True,EXACT-UNCLASSIFIED
1320,False,21,1,0.05658709522768353,0.0940865521983559,0.9639700482056469,0.036690938160967725,1.0,True,,False,False,gcd_k_not_2,0.0,False,1.0,True,EXACT-UNCLASSIFIED
1321,False,15,1,0.05667032543792928,0.09084938537401428,1.0232854723000218,0.023017485786176767,1.0,True,,False,False,gcd_k_not_2,0.3181818181818182,False,1.0,True,EXACT-UNCLASSIFIED
1322,False,8,2,3.761403557203095,5.633965084363007,0.3167181347551341,1.0378559347053173,0.4690082644628099,False,1.0,True,True,,0.0,False,0.5,False,EXACT-UNCLASSIFIED
1323,False,5,1,0.05349303770873165,0.0842940214719321,1.0010667689050576,0.001066200210442129,1.0,True,,False,False,gcd_k_not_2,0.18181818181818182,False,1.0,True,EXACT-UNCLASSIFIED
1324,False,15,1,0.03450882303213074,0.06224772534122528,1.017454251635058,0.017303244047206626,1.0,True,,False,False,gcd_k_not_2,0.506198347107438,False,1.0,True,EXACT-UNCLASSIFIED
1326,False,13,1,0.06583728489905118,0.10937292142562009,1.0071419271274067,0.007116514314090472,1.0,True,,False,False,gcd_k_not_2,0.0,False,1.0,True,EXACT-UNCLASSIFIED
1327,False,15,1,0.05165422121378761,0.0767673401828848,1.003758652528265,0.003751602044011081,1.0,True,,False,False,gcd_k_not_2,0.5454545454545454,False,1.0,True,EXACT-UNCLASSIFIED
1328,False,5,1,0.07596964333967807,0.12169230519537921,1.022004632633777,0.021765165399363837,1.0,True,,False,False,gcd_k_not_2,0.0,False,1.0,True,EXACT-UNCLASSIFIED
1329,False,5,1,0.03458714902183603,0.0610151064709968,0.9962841614855407,0.0037227550928362603,1.0,True,,False,False,gcd_k_not_2,0.0,False,1.0,True,EXACT-UNCLASSIFIED
1330,False,17,1,0.03349419616185903,0.057630675858472695,0.970398176438863,0.03004653974521735,1.0,True,,False,False,gcd_k_not_2,0.0,False,1.0,True,EXACT-UNCLASSIFIED
1331,False,13,1,0.05564219599275105,0.08746274968880564,0.9483031711734987,0.053068567142313214,1.0,True,,False,False,gcd_k_not_2,0.18181818181818182,False,1.0,True,EXACT-UNCLASSIFIED
1333,False,9,1,0.04931301976274677,0.07541752773057786,0.9926905487673641,0.007336263261907322,1.0,True,,False,False,gcd_k_not_2,0.0,False,1.0,True,EXACT-UNCLASSIFIED
1337,False,7,1,0.06281393265367068,0.10712371335098507,1.0228148840212803,0.02255755996408839,1.0,True,,False,False,gcd_k_not_2,0.0,False,1.0,True,EXACT-UNCLASSIFIED
1338,False,21,1,0.042674925153797394,0.0749465751553126,0.9988110480701424,0.001189659153630866,1.0,True,,False,False,gcd_k_not_2,0.0,False,1.0,True,EXACT-UNCLASSIFIED
1340,False,3,1,0.04202299814050827,0.07102912035303263,0.9923835932909486,0.007645522413152279,1.0,True,,False,False,gcd_k_not_2,0.0,False,1.0,True,EXACT-UNCLASSIFIED
1342,False,13,1,0.06545302717685789,0.10526550449895566,0.9925669696170366,0.00746075840491522,1.0,True,,False,False,gcd_k_not_2,0.0,False,1.0,True,EXACT-UNCLASSIFIED
1344,False,1,1,0.06597936676713374,0.10742992370927003,1.008430847900204,0.008395457487638553,1.0,True,,False,False,gcd_k_not_2,0.0,False,1.0,True,EXACT-UNCLASSIFIED
1345,False,1,1,0.0726555089774716,0.11299377271052106,1.0118447597540532,0.011775023591284734,1.0,True,,False,False,gcd_k_not_2,0.0,False,1.0,True,EXACT-UNCLASSIFIED
1346,False,20,2,3.7710529063633578,5.6483765411761375,0.31138808427406806,1.0502031000336867,0.518595041322314,False,1.0,True,True,,0.0,False,0.5,False,EXACT-UNCLASSIFIED
1347,False,17,1,0.03930310197677368,0.060660327203055475,0.9820987356748064,0.018062939048391156,1.0,True,,False,False,gcd_k_not_2,0.6322314049586777,False,1.0,True,EXACT-UNCLASSIFIED
1348,False,16,2,3.7755142188502813,5.65503916712213,0.3162042127655973,1.0390420887616165,0.506198347107438,False,1.0,True,True,,0.0,False,0.5,False,EXACT-UNCLASSIFIED
1350,False,19,1,0.060184933854633325,0.09621765732777544,1.0007364085188062,0.0007361374698543771,1.0,True,,False,False,gcd_k_not_2,0.0,False,1.0,True,EXACT-UNCLASSIFIED
1351,False,9,1,0.04771085704765217,0.08079450742838337,0.9923518579443718,0.007677501366168634,1.0,True,,False,False,gcd_k_not_2,0.0,False,1.0,True,EXACT-UNCLASSIFIED
1353,False,21,1,0.07480942626870808,0.12462928505348335,1.0058582423782576,0.005841132991842671,1.0,True,,False,False,gcd_k_not_2,0.0,False,1.0,True,EXACT-UNCLASSIFIED
1354,False,5,1,0.041354275185933834,0.06186066299168633,1.0083959010629586,0.008360802826290367,1.0,True,,False,False,gcd_k_not_2,0.0,False,1.0,True,EXACT-UNCLASSIFIED
1355,False,20,2,3.7656973257390844,5.640378223731572,0.31604146185835863,1.0394179179975618,0.5247933884297521,False,1.0,True,True,,0.0,False,0.5,False,EXACT-UNCLASSIFIED
1358,False,9,1,0.04669402072328631,0.07463896353841994,1.0535155045481586,0.052120867292827035,1.0,True,,False,False,gcd_k_not_2,0.0,False,1.0,True,EXACT-UNCLASSIFIED
1362,False,7,1,0.06891480907993881,0.1025954155335299,0.9982147652764426,0.0017868296787512537,1.0,True,,False,False,gcd_k_not_2,0.0,False,1.0,True,EXACT-UNCLASSIFIED
1363,False,5,1,0.05847577841496884,0.09170988300815802,1.0044045165357618,0.004394837967511808,1.0,True,,False,False,gcd_k_not_2,0.0,False,1.0,True,EXACT-UNCLASSIFIED
1365,False,5,1,0.07345331750423205,0.11462517397974642,0.9977462431732617,0.0022562994018283924,1.0,True,,False,False,gcd_k_not_2,0.0,False,1.0,True,EXACT-UNCLASSIFIED
1366,False,15,1,0.04738398857120971,0.0791945205733016,0.9848548813109337,0.015260681102351866,1.0,True,,False,False,gcd_k_not_2,0.0,False,1.0,True,EXACT-UNCLASSIFIED
1369,False,17,1,0.07913355786418227,0.12529207993314942,0.9937728789711477,0.006246570102875126,1.0,True,,False,False,gcd_k_not_2,0.0,False,1.0,True,EXACT-UNCLASSIFIED
1372,False,3,1,0.06174025266774284,0.09934335140451808,0.9986826082015507,0.0013182601309916322,1.0,True,,False,False,gcd_k_not_2,0.0,False,1.0,True,EXACT-UNCLASSIFIED
1373,False,1,1,0.03235806534054163,0.06110040801990144,1.0159866950727858,0.01585992121064933,1.0,True,,False,False,gcd_k_not_2,0.0,False,1.0,True,EXACT-UNCLASSIFIED
1374,False,16,2,3.776309934136568,5.656227835696147,0.31481662178425396,1.0422493401185136,0.5103305785123967,False,1.0,True,True,,0.22727272727272727,False,0.5,False,EXACT-UNCLASSIFIED
1384,False,7,1,0.044285017465642305,0.0721905103808819,0.9884839486434343,0.011582745100278211,1.0,True,,False,False,gcd_k_not_2,0.0,False,1.0,True,EXACT-UNCLASSIFIED
1388,False,5,1,0.05231667491920742,0.08606589543093636,1.036639296679657,0.035980152930752365,1.0,True,,False,False,gcd_k_not_2,0.0,False,1.0,True,EXACT-UNCLASSIFIED
1390,False,14,2,3.7664124350007917,5.64144591728464,0.31746891660442955,1.0361247613411446,0.5,False,1.0,True,True,,0.25,False,0.5,False,EXACT-UNCLASSIFIED
1391,False,15,1,0.03913342965068872,0.07521412854380402,0.9985446805678135,0.0014563791806475694,1.0,True,,False,False,gcd_k_not_2,0.0,False,1.0,True,EXACT-UNCLASSIFIED
1393,False,3,1,0.03312671153704724,0.05013269775828677,0.9976071366772866,0.002395729649518137,1.0,True,,False,False,gcd_k_not_2,0.0,False,1.0,True,EXACT-UNCLASSIFIED
1394,False,9,1,0.045194514438980926,0.06543780429249794,0.9860208434691877,0.014077552687104224,1.0,True,,False,False,gcd_k_not_2,0.0,False,1.0,True,EXACT-UNCLASSIFIED
1395,False,3,1,0.03711768782055449,0.06742754694155122,1.0034890919448918,0.0034830156639431824,1.0,True,,False,False,gcd_k_not_2,0.0,False,1.0,True,EXACT-UNCLASSIFIED
1396,False,3,1,0.03732734212426406,0.05879163685792942,1.0039208776455286,0.003913206044477561,1.0,True,,False,False,gcd_k_not_2,0.0,False,1.0,True,EXACT-UNCLASSIFIED
1399,False,7,1,0.03468681305977175,0.05302523130237458,1.0127402105362506,0.01265956775698972,1.0,True,,False,False,gcd_k_not_2,0.0,False,1.0,True,EXACT-UNCLASSIFIED
1400,False,15,1,0.04540396292418394,0.07541850439955743,1.0414840717951437,0.04064109278958546,1.0,True,,False,False,gcd_k_not_2,0.0,False,1.0,True,EXACT-UNCLASSIFIED
1402,False,21,1,0.045580880036839286,0.07107071184209081,0.9783418721968684,0.021895232676929718,1.0,True,,False,False,gcd_k_not_2,0.0,False,1.0,True,EXACT-UNCLASSIFIED
1403,False,16,2,3.740767597612746,5.603145181854364,0.31509465821106425,1.0416061498122409,0.4896694214876033,False,1.0,True,True,,0.359504132231405,False,0.5,False,EXACT-UNCLASSIFIED
1405,False,21,1,0.04170171672425029,0.06636558032278055,1.0129080691152241,0.012825294223096771,1.0,True,,False,False,gcd_k_not_2,0.0,False,1.0,True,EXACT-UNCLASSIFIED
1406,False,19,1,0.06370595958702414,0.10232111001837417,1.0121406352762317,0.012067382431809933,1.0,True,,False,False,gcd_k_not_2,0.0,False,1.0,True,EXACT-UNCLASSIFIED
1409,False,1,1,0.04339326699573363,0.07149734043164545,1.033291906386587,0.032746804609822114,1.0,True,,False,False,gcd_k_not_2,0.18181818181818182,False,1.0,True,EXACT-UNCLASSIFIED
1414,False,7,1,0.05901923304080909,0.09764895958836421,0.98968426318679,0.010369219884855155,1.0,True,,False,False,gcd_k_not_2,0.0,False,1.0,True,EXACT-UNCLASSIFIED
1416,False,7,1,0.05411550802744502,0.09141928908638185,1.0145930571109587,0.014487349749816043,1.0,True,,False,False,gcd_k_not_2,0.0,False,1.0,True,EXACT-UNCLASSIFIED
1417,False,21,1,0.06510635078167944,0.1028752398046818,0.9829270540372965,0.017219943545520183,1.0,True,,False,False,gcd_k_not_2,0.012396694214876033,False,1.0,True,EXACT-UNCLASSIFIED
1419,False,7,1,0.0540387383938067,0.08892096106049642,1.0085262256615668,0.008490031698499254,1.0,True,,False,False,gcd_k_not_2,0.0,False,1.0,True,EXACT-UNCLASSIFIED
1423,False,3,1,0.05686037282517731,0.09345140167061934,1.0147384833922386,0.014630666474810438,1.0,True,,False,False,gcd_k_not_2,0.0,False,1.0,True,EXACT-UNCLASSIFIED
1424,False,1,1,0.06726614088296061,0.10624496188149875,1.0254697719872858,0.025149496022639852,1.0,True,,False,False,gcd_k_not_2,0.0,False,1.0,True,EXACT-UNCLASSIFIED
1428,False,15,1,0.039577756615910654,0.06061030817907547,0.9731076828922888,0.027258843844032866,1.0,True,,False,False,gcd_k_not_2,0.0,False,1.0,True,EXACT-UNCLASSIFIED
1429,False,17,1,0.03151482722591628,0.055685758044469735,0.9756943509563946,0.02460466522247184,1.0,True,,False,False,gcd_k_not_2,0.09090909090909091,False,1.0,True,EXACT-UNCLASSIFIED
1432,False,13,1,0.048209700459849486,0.08047837040905445,1.0525688282686148,0.05122247550934276,1.0,True,,False,False,gcd_k_not_2,0.0,False,1.0,True,EXACT-UNCLASSIFIED
1437,False,19,1,0.0368798663823431,0.062003505021759046,0.9783149487017979,0.021922749269454908,1.0,True,,False,False,gcd_k_not_2,0.2727272727272727,False,1.0,True,EXACT-UNCLASSIFIED
1440,False,16,2,3.765330361053424,5.63983005467635,0.3170259038591218,1.0371460335588565,0.4855371900826446,False,1.0,True,True,,0.0,False,0.5,False,EXACT-UNCLASSIFIED
1441,False,19,1,0.07619677918134815,0.11395455009316119,1.0031296758758967,0.0031247860920719512,1.0,True,,False,False,gcd_k_not_2,0.0,False,1.0,True,EXACT-UNCLASSIFIED
1442,False,1,1,0.06933953743373743,0.11815860784169785,1.0063818285935657,0.006361529498140812,1.0,True,,False,False,gcd_k_not_2,0.0,False,1.0,True,EXACT-UNCLASSIFIED
1443,False,7,1,0.05857821391353925,0.0952411313489034,0.9918762936444993,0.008156838234805137,1.0,True,,False,False,gcd_k_not_2,0.3760330578512397,False,1.0,True,EXACT-UNCLASSIFIED
1444,False,21,1,0.08083061463014138,0.1329619958622256,1.0054204246336944,0.0054057738388542925,1.0,True,,False,False,gcd_k_not_2,0.3140495867768595,False,1.0,True,EXACT-UNCLASSIFIED
1445,False,19,1,0.051767224268473015,0.08710022956183205,0.9941917699711077,0.005825146925540165,1.0,True,,False,False,gcd_k_not_2,0.0,False,1.0,True,EXACT-UNCLASSIFIED
1446,False,3,1,0.06878729320923804,0.11106422381498628,0.9893187765722798,0.010738573981717061,1.0,True,,False,False,gcd_k_not_2,0.0,False,1.0,True,EXACT-UNCLASSIFIED
1447,False,9,1,0.035520362289852746,0.056297085354044485,1.0049099615090116,0.004897937167528417,1.0,True,,False,False,gcd_k_not_2,0.0,False,1.0,True,EXACT-UNCLASSIFIED
1449,False,1,1,0.060332743298430254,0.09405195081450483,0.9969271693545719,0.0030775590543157035,1.0,True,,False,False,gcd_k_not_2,0.5909090909090909,False,1.0,True,EXACT-UNCLASSIFIED
1450,False,1,1,0.046860468681117096,0.07565545309976057,0.9997463642275043,0.0002536679421279262,1.0,True,,False,False,gcd_k_not_2,0.0,False,1.0,True,EXACT-UNCLASSIFIED
1451,False,15,1,0.0909523014738498,0.13734023791326808,1.0047091883906885,0.004698126209985477,1.0,True,,False,False,gcd_k_not_2,0.0,False,1.0,True,EXACT-UNCLASSIFIED
1452,False,19,1,0.04200770161658852,0.07270961001509336,1.033471556337168,0.03292060440467555,1.0,True,,False,False,gcd_k_not_2,0.0,False,1.0,True,EXACT-UNCLASSIFIED
1454,False,15,1,0.06496839809550023,0.10692133459494543,1.0044023641115918,0.004392694990202863,1.0,True,,False,False,gcd_k_not_2,0.0,False,1.0,True,EXACT-UNCLASSIFIED
1455,False,9,1,0.0742330892248638,0.1111600106406229,1.0108825293131707,0.010823635050315642,1.0,True,,False,False,gcd_k_not_2,0.0,False,1.0,True,EXACT-UNCLASSIFIED
1456,False,17,1,0.04044064548039252,0.06607766178395809,1.000677571960556,0.0006773424864178105,1.0,True,,False,False,gcd_k_not_2,0.0,False,1.0,True,EXACT-UNCLASSIFIED
1457,False,3,1,0.05873606019662284,0.09654531985527463,0.9844811960814788,0.015640162223924704,1.0,True,,False,False,gcd_k_not_2,0.0,False,1.0,True,EXACT-UNCLASSIFIED
1458,False,17,1,0.047954714857784436,0.08420050175240992,1.0097753998616046,0.009727853034998561,1.0,True,,False,False,gcd_k_not_2,0.0,False,1.0,True,EXACT-UNCLASSIFIED
1461,False,4,2,3.7829185610172043,5.666097354715995,0.3131293713606663,1.0461583506088172,0.48140495867768596,False,1.0,True,True,,0.0,False,0.5,False,EXACT-UNCLASSIFIED
1463,False,13,1,0.05558509358065614,0.08524405901639756,0.9929647143309842,0.007060120651837535,1.0,True,,False,False,gcd_k_not_2,0.0,False,1.0,True,EXACT-UNCLASSIFIED
1464,False,7,1,0.048142083668975356,0.07584211884535731,0.9875599994720458,0.012517861630601033,1.0,True,,False,False,gcd_k_not_2,0.0,False,1.0,True,EXACT-UNCLASSIFIED
1465,False,1,1,0.04997789432956669,0.07649536212067012,0.9858158584030811,0.014285455055561164,1.0,True,,False,False,gcd_k_not_2,0.3181818181818182,False,1.0,True,EXACT-UNCLASSIFIED
1467,False,5,1,0.08295517500264842,0.1324542051883782,0.9833988831505575,0.016740068768287524,1.0,True,,False,False,gcd_k_not_2,0.0,False,1.0,True,EXACT-UNCLASSIFIED
1468,False,17,1,0.03320950895513868,0.06368734333659032,0.9548645961367931,0.046177524471417146,1.0,True,,False,False,gcd_k_not_2,0.0,False,1.0,True,EXACT-UNCLASSIFIED
1470,False,3,1,0.049339696973588316,0.07856619162510041,1.0093225259849934,0.009279272853842576,1.0,True,,False,False,gcd_k_not_2,0.5,False,1.0,True,EXACT-UNCLASSIFIED
1473,False,19,1,0.0495100788488483,0.08557513461489799,0.999157994611572,0.0008423600242677077,1.0,True,,False,False,gcd_k_not_2,0.0,False,1.0,True,EXACT-UNCLASSIFIED
1474,False,17,1,0.04296422637639759,0.06116893541548847,0.9775340927200812,0.02272113271030105,1.0,True,,False,False,gcd_k_not_2,0.0,False,1.0,True,EXACT-UNCLASSIFIED
1475,False,1,1,0.06130439207502114,0.09927250764270829,0.9779520087405345,0.022293757545214357,1.0,True,,False,False,gcd_k_not_2,0.04338842975206612,False,1.0,True,EXACT-UNCLASSIFIED
1476,False,13,1,0.035090950133084636,0.05642932031444544,0.9907068741283187,0.00933650854624239,1.0,True,,False,False,gcd_k_not_2,0.0,False,1.0,True,EXACT-UNCLASSIFIED
1477,False,9,1,0.039335187143631184,0.07382761729772035,1.0160384997593772,0.015910906226534387,1.0,True,,False,False,gcd_k_not_2,0.0,False,1.0,True,EXACT-UNCLASSIFIED
1480,False,15,1,0.035625606168426326,0.059367059007971866,0.9651241031617961,0.03549485427621615,1.0,True,,False,False,gcd_k_not_2,0.0,False,1.0,True,EXACT-UNCLASSIFIED
1482,False,6,2,3.780143086782704,5.661951901358373,0.31736055476276975,1.0363745031976612,0.4834710743801653,False,1.0,True,True,,0.0,False,0.5,False,EXACT-UNCLASSIFIED
1483,False,7,1,0.041073196328736856,0.06610219152393504,1.0169957085217949,0.01685249844606823,1.0,True,,False,False,gcd_k_not_2,0.0,False,1.0,True,EXACT-UNCLASSIFIED
1485,False,7,1,0.04897245096313365,0.08028668857339641,0.9860738036372322,0.014023845777799224,1.0,True,,False,False,gcd_k_not_2,0.0,False,1.0,True,EXACT-UNCLASSIFIED
1487,False,3,1,0.06106585876214745,0.09133437916074996,1.0048399015270544,0.004828217478480894,1.0,True,,False,False,gcd_k_not_2,0.0,False,1.0,True,EXACT-UNCLASSIFIED
1488,False,4,2,3.780550127231447,5.662559748690791,0.31768025361576313,1.035637810480845,0.49173553719008267,False,1.0,True,True,,0.49173553719008267,False,0.5,False,EXACT-UNCLASSIFIED
1489,False,21,1,0.04916349726428344,0.07054128115952821,1.0000492776638232,4.9276449708992776e-05,1.0,True,,False,False,gcd_k_not_2,0.0,False,1.0,True,EXACT-UNCLASSIFIED
1490,False,13,1,0.047866936622760314,0.0764329151293877,1.0222042631985173,0.021960455333425995,1.0,True,,False,False,gcd_k_not_2,0.0,False,1.0,True,EXACT-UNCLASSIFIED
1491,False,13,1,0.04565961578111938,0.07531146958454417,0.9928467770090275,0.007178899124104722,1.0,True,,False,False,gcd_k_not_2,0.0,False,1.0,True,EXACT-UNCLASSIFIED
1494,False,13,1,0.044274960652544576,0.07343346787537865,1.0044565833582522,0.0044466748696404745,1.0,True,,False,False,gcd_k_not_2,0.4090909090909091,False,1.0,True,EXACT-UNCLASSIFIED
1495,False,3,1,0.04981496479394348,0.0777947825225033,1.0045879365738013,0.004577436080597171,1.0,True,,False,False,gcd_k_not_2,0.5,False,1.0,True,EXACT-UNCLASSIFIED
1497,False,12,2,3.7654908477818365,5.640069607934323,0.31710060979079896,1.0369737666702155,0.4690082644628099,False,1.0,True,True,,0.0,False,0.5,False,EXACT-UNCLASSIFIED
1498,False,21,1,0.03207629097376092,0.05274923333999257,0.9866577114158771,0.013431894691727212,1.0,True,,False,False,gcd_k_not_2,0.0,False,1.0,True,EXACT-UNCLASSIFIED
1499,False,15,1,0.05888754850621198,0.09781310751149419,0.999085276006786,0.0009151425446353983,1.0,True,,False,False,gcd_k_not_2,0.0,False,1.0,True,EXACT-UNCLASSIFIED
1501,False,1,1,0.0716091408844766,0.1224265569612559,1.0106640060917897,0.010607447151269926,1.0,True,,False,False,gcd_k_not_2,0.18181818181818182,False,1.0,True,EXACT-UNCLASSIFIED
1502,False,7,1,0.04964552754194334,0.08042307220331625,0.9946227640661544,0.005391732242024415,1.0,True,,False,False,gcd_k_not_2,0.4090909090909091,False,1.0,True,EXACT-UNCLASSIFIED
1503,False,15,1,0.045374490738731205,0.0709825856073127,0.9610177671054411,0.039757144018229454,1.0,True,,False,False,gcd_k_not_2,0.22727272727272727,False,1.0,True,EXACT-UNCLASSIFIED
1504,False,7,1,0.0468325266955498,0.07850684393299769,0.9817094973267957,0.018459317773747434,1.0,True,,False,False,gcd_k_not_2,0.45041322314049587,False,1.0,True,EXACT-UNCLASSIFIED
1506,False,17,1,0.05880368962336219,0.09249324408975702,1.0036952271778603,0.0036884124169571843,1.0,True,,False,False,gcd_k_not_2,0.0,False,1.0,True,EXACT-UNCLASSIFIED
1507,False,15,1,0.03595535014635717,0.05909052382083548,0.9730700751240865,0.027297484479074985,1.0,True,,False,False,gcd_k_not_2,0.0,False,1.0,True,EXACT-UNCLASSIFIED
1508,False,13,1,0.06190008716246181,0.09448260877022757,0.9831152335308132,0.01702852782702345,1.0,True,,False,False,gcd_k_not_2,0.5909090909090909,False,1.0,True,EXACT-UNCLASSIFIED
1509,False,16,2,3.7776305958535583,5.6582002988936,0.31766619994636297,1.0356701873075476,0.49173553719008267,False,1.0,True,True,,0.0,False,0.5,False,EXACT-UNCLASSIFIED
1514,False,21,1,0.052148302069822725,0.08276671233285426,1.018730909966008,0.01855711414883273,1.0,True,,False,False,gcd_k_not_2,0.0,False,1.0,True,EXACT-UNCLASSIFIED
1520,False,15,1,0.04609546855040082,0.07531642550343931,0.9977203298889972,0.00228227152409221,1.0,True,,False,False,gcd_k_not_2,0.0,False,1.0,True,EXACT-UNCLASSIFIED
1526,False,5,1,0.06521484285533977,0.1015624201166164,1.0131725531263687,0.013086362722273613,1.0,True,,False,False,gcd_k_not_2,0.0,False,1.0,True,EXACT-UNCLASSIFIED
1529,False,5,1,0.06148424344680758,0.09793771386450442,0.9974452407222845,0.0025580268491282817,1.0,True,,False,False,gcd_k_not_2,0.0,False,1.0,True,EXACT-UNCLASSIFIED
1530,False,5,1,0.04484300773286829,0.07216128961510375,1.0082232892561256,0.008189616463587256,1.0,True,,False,False,gcd_k_not_2,0.0,False,1.0,True,EXACT-UNCLASSIFIED
1531,False,1,1,0.061635657784153135,0.09854458689402112,1.0258386190584043,0.025509059621357112,1.0,True,,False,False,gcd_k_not_2,0.0,False,1.0,True,EXACT-UNCLASSIFIED
1532,False,19,1,0.046256336602407924,0.07920820500775784,1.0210694011318047,0.020849755203859618,1.0,True,,False,False,gcd_k_not_2,0.0,False,1.0,True,EXACT-UNCLASSIFIED
1534,False,1,1,0.05703513499091422,0.0942622195246419,1.0309890019188899,0.030516169107376954,1.0,True,,False,False,gcd_k_not_2,0.0,False,1.0,True,EXACT-UNCLASSIFIED
1536,False,21,1,0.0522764089941138,0.0932013151312264,1.0084903082889258,0.008454417981393144,1.0,True,,False,False,gcd_k_not_2,0.0,False,1.0,True,EXACT-UNCLASSIFIED
1537,False,1,1,0.055488336835162036,0.08991292694652037,1.006068100762005,0.006049745529276914,1.0,True,,False,False,gcd_k_not_2,0.0,False,1.0,True,EXACT-UNCLASSIFIED
1539,False,19,1,0.06986479649784907,0.1241751632411544,1.0572943817913691,0.05569876853645089,1.0,True,,False,False,gcd_k_not_2,0.0,False,1.0,True,EXACT-UNCLASSIFIED
1540,False,15,1,0.06152894067285654,0.10174285542344043,1.0060030816388033,0.005985117065621975,1.0,True,,False,False,gcd_k_not_2,0.0,False,1.0,True,EXACT-UNCLASSIFIED
1542,False,13,1,0.04906187442861837,0.0764544250779451,1.0066354991285915,0.0066135570027272715,1.0,True,,False,False,gcd_k_not_2,0.0,False,1.0,True,EXACT-UNCLASSIFIED
1543,False,19,1,0.04767852246001231,0.08266255240011547,0.9805462620785667,0.019644820516352697,1.0,True,,False,False,gcd_k_not_2,0.0,False,1.0,True,EXACT-UNCLASSIFIED
1544,False,17,1,0.038598230746557445,0.06389168971554672,0.9974664422921129,0.0025367712360462357,1.0,True,,False,False,gcd_k_not_2,0.0,False,1.0,True,EXACT-UNCLASSIFIED
1546,False,17,1,0.059274847424581244,0.09685800050569801,1.0066735925175387,0.006651398157052697,1.0,True,,False,False,gcd_k_not_2,0.45454545454545453,False,1.0,True,EXACT-UNCLASSIFIED
1549,False,9,1,0.066571491799756,0.09706855876102473,1.002406194363151,0.00240330295613797,1.0,True,,False,False,gcd_k_not_2,0.0,False,1.0,True,EXACT-UNCLASSIFIED
1550,False,13,1,0.042125634280204986,0.06311623410166968,1.020100551217852,0.019900545253288618,1.0,True,,False,False,gcd_k_not_2,0.0,False,1.0,True,EXACT-UNCLASSIFIED
1555,False,17,1,0.0764245784294981,0.12413868328017877,1.0342768940584002,0.03369933970986365,1.0,True,,False,False,gcd_k_not_2,0.0,False,1.0,True,EXACT-UNCLASSIFIED
1557,False,10,2,3.785523330305732,5.6699869181228575,0.31582990205375944,1.039906597164849,0.5020661157024794,False,1.0,True,True,,0.4090909090909091,False,0.5,False,EXACT-UNCLASSIFIED
1560,False,5,1,0.051987944821837814,0.08255189290780283,1.0000675144556332,6.751217660942149e-05,1.0,True,,False,False,gcd_k_not_2,0.0,False,1.0,True,EXACT-UNCLASSIFIED
1561,False,7,1,0.05774593850850151,0.08716305241156598,0.9912858393690753,0.008752295083548266,1.0,True,,False,False,gcd_k_not_2,0.0,False,1.0,True,EXACT-UNCLASSIFIED
1562,False,13,1,0.05187942189450747,0.07788572551689261,0.9882808618164066,0.011788212026431006,1.0,True,,False,False,gcd_k_not_2,0.6136363636363636,False,1.0,True,EXACT-UNCLASSIFIED
1565,False,15,1,0.08902537554240006,0.1453977121640996,0.9968287907517451,0.0031762455178352693,1.0,True,,False,False,gcd_k_not_2,0.0,False,1.0,True,EXACT-UNCLASSIFIED
1567,False,20,2,3.7620605311286908,5.634946339753741,0.31964443600422454,1.0311195128527748,0.5144628099173554,False,1.0,True,True,,0.0,False,0.5,False,EXACT-UNCLASSIFIED
1571,False,18,2,3.7654782961763065,5.64005082646342,0.31769091791198123,1.0356132425488804,0.4607438016528926,False,1.0,True,True,,0.0,False,0.5,False,EXACT-UNCLASSIFIED
1572,False,21,1,0.05731852875935879,0.09520314853154178,1.0085942388218063,0.008557466366972645,1.0,True,,False,False,gcd_k_not_2,0.36363636363636365,False,1.0,True,EXACT-UNCLASSIFIED
1573,False,5,1,0.0686261450932863,0.11263501009242063,1.0035999789249992,0.0035935106437070654,1.0,True,,False,False,gcd_k_not_2,0.0,False,1.0,True,EXACT-UNCLASSIFIED
1576,False,15,1,0.038077455726319015,0.0566641891857816,1.0129877681857213,0.012903971291814658,1.0,True,,False,False,gcd_k_not_2,0.0,False,1.0,True,EXACT-UNCLASSIFIED
1577,False,9,1,0.08062662287071548,0.1317546469834726,0.9924481224491828,0.0075805010587017664,1.0,True,,False,False,gcd_k_not_2,0.0,False,1.0,True,EXACT-UNCLASSIFIED
1578,False,17,1,0.0806580581933007,0.13143027514280434,0.99758964628151,0.0024132621261596615,1.0,True,,False,False,gcd_k_not_2,0.4090909090909091,False,1.0,True,EXACT-UNCLASSIFIED
1583,False,5,1,0.0811693731464198,0.12758432952906917,1.014801106413439,0.014692374712645088,1.0,True,,False,False,gcd_k_not_2,0.0,False,1.0,True,EXACT-UNCLASSIFIED
1584,False,18,2,3.768402472560195,5.644418477085444,0.31630338799914576,1.0388131159338745,0.493801652892562,False,1.0,True,True,,0.5,False,0.5,False,EXACT-UNCLASSIFIED
1587,False,15,1,0.053866124690484726,0.08910713897851838,0.9949835489024383,0.005029065127200229,1.0,True,,False,False,gcd_k_not_2,0.22727272727272727,False,1.0,True,EXACT-UNCLASSIFIED
1588,False,7,1,0.06025286232121675,0.09282525765427409,0.994546524996706,0.005468385856081242,1.0,True,,False,False,gcd_k_not_2,0.0,False,1.0,True,EXACT-UNCLASSIFIED
1589,False,7,1,0.06816492595094209,0.10858141688298877,1.0093880107223043,0.009344149235696621,1.0,True,,False,False,gcd_k_not_2,0.0,False,1.0,True,EXACT-UNCLASSIFIED
1594,False,1,1,0.045131533735927265,0.07349221758585923,0.996761693288831,0.0032435585298466445,1.0,True,,False,False,gcd_k_not_2,0.0,False,1.0,True,EXACT-UNCLASSIFIED
1596,False,13,1,0.08143368766122416,0.1402075943608727,1.0070324736780891,0.007007832479363376,1.0,True,,False,False,gcd_k_not_2,0.0,False,1.0,True,EXACT-UNCLASSIFIED
1598,False,1,1,0.06212417198731915,0.09896885186494368,0.9781276100310138,0.022114235561014495,1.0,True,,False,False,gcd_k_not_2,0.0,False,1.0,True,EXACT-UNCLASSIFIED
1600,False,8,2,3.7780855771738686,5.6588792831894095,0.31725815973444865,1.0366105310794782,0.518595041322314,False,1.0,True,True,,0.0,False,0.5,False,EXACT-UNCLASSIFIED
1601,False,5,1,0.06103817906454229,0.09225654738842226,0.9923842780404483,0.0076448324186154624,1.0,True,,False,False,gcd_k_not_2,0.47520661157024796,False,1.0,True,EXACT-UNCLASSIFIED
1602,False,7,1,0.036236660647259174,0.06017919411749868,0.9996039245411517,0.00039615391226958333,1.0,True,,False,False,gcd_k_not_2,0.0,False,1.0,True,EXACT-UNCLASSIFIED
1603,False,5,1,0.04809453643007037,0.07930936997475042,0.9694437357901688,0.031030349996336932,1.0,True,,False,False,gcd_k_not_2,0.22727272727272727,False,1.0,True,EXACT-UNCLASSIFIED
1604,False,17,1,0.06034748398299461,0.1065546236555588,0.9786509755528625,0.02157937373585789,1.0,True,,False,False,gcd_k_not_2,0.30165289256198347,False,1.0,True,EXACT-UNCLASSIFIED
1605,False,21,1,0.042596048549310705,0.07076245828836535,1.0264701357228478,0.026124377809699065,1.0,True,,False,False,gcd_k_not_2,0.0,False,1.0,True,EXACT-UNCLASSIFIED
1606,False,19,1,0.04047752063277506,0.06922464753302929,0.9765027879996917,0.023776553357750144,1.0,True,,False,False,gcd_k_not_2,0.0,False,1.0,True,EXACT-UNCLASSIFIED
1607,False,7,1,0.032388882026390745,0.05981842816723224,1.1032361818884566,0.09816889113781112,1.0,True,,False,False,gcd_k_not_2,0.0,False,1.0,True,EXACT-UNCLASSIFIED
1608,False,19,1,0.08068895574706017,0.1299007772202525,0.986938648272001,0.013147211907482087,1.0,True,,False,False,gcd_k_not_2,0.0,False,1.0,True,EXACT-UNCLASSIFIED
1612,False,3,1,0.04742701413206507,0.07723105025982628,1.01381163634182,0.013716909856484365,1.0,True,,False,False,gcd_k_not_2,0.0,False,1.0,True,EXACT-UNCLASSIFIED
1613,False,15,1,0.048577775672248025,0.07495289550756985,0.9724513920419972,0.02793337069714341,1.0,True,,False,False,gcd_k_not_2,0.0,False,1.0,True,EXACT-UNCLASSIFIED
1614,False,3,1,0.048672955986610804,0.07796681809770223,1.0335673278217008,0.03301324461940206,1.0,True,,False,False,gcd_k_not_2,0.0,False,1.0,True,EXACT-UNCLASSIFIED
1615,False,15,1,0.04838467611921147,0.08245028593703582,0.9943115399530346,0.0057046854846955096,1.0,True,,False,False,gcd_k_not_2,0.5454545454545454,False,1.0,True,EXACT-UNCLASSIFIED
1616,False,13,1,0.04139667387413882,0.06786747620480063,0.9818617138965318,0.01830429033094001,1.0,True,,False,False,gcd_k_not_2,0.0,False,1.0,True,EXACT-UNCLASSIFIED
1617,False,3,1,0.041671790524289216,0.06814195232967166,0.9821450315574926,0.01801580425068872,1.0,True,,False,False,gcd_k_not_2,0.0,False,1.0,True,EXACT-UNCLASSIFIED
1618,False,18,2,3.7688794001053925,5.645130212793576,0.3187121162866168,1.0332624919407476,0.4731404958677686,False,1.0,True,True,,0.0,False,0.5,False,EXACT-UNCLASSIFIED
1623,False,15,1,0.027979937254787587,0.04393342896046201,0.9909935251883224,0.0090472165757804,1.0,True,,False,False,gcd_k_not_2,0.0,False,1.0,True,EXACT-UNCLASSIFIED
1625,False,7,1,0.0690430306282741,0.10781788418980862,1.0201824173353409,0.019980787043936254,1.0,True,,False,False,gcd_k_not_2,0.0,False,1.0,True,EXACT-UNCLASSIFIED
1628,False,6,2,3.772133497208748,5.649990227155227,0.31940471587095914,1.031670231191753,0.48760330578512395,False,1.0,True,True,,0.0,False,0.5,False,EXACT-UNCLASSIFIED
1630,False,12,2,3.7735277405584244,5.652072614080586,0.31687291091974656,1.0374988860589978,0.506198347107438,False,1.0,True,True,,0.0,False,0.5,False,EXACT-UNCLASSIFIED
1632,False,1,1,0.062277188598937536,0.10511631259390361,0.9984102070616712,0.0015910576644484961,1.0,True,,False,False,gcd_k_not_2,0.0,False,1.0,True,EXACT-UNCLASSIFIED
1633,False,15,1,0.04822284212387853,0.08049530318385946,1.0137050243896,0.013611749708728426,1.0,True,,False,False,gcd_k_not_2,0.0,False,1.0,True,EXACT-UNCLASSIFIED
1635,False,19,1,0.052651096170533554,0.08555693802610152,0.9870737764284501,0.013010310663737324,1.0,True,,False,False,gcd_k_not_2,0.0,False,1.0,True,EXACT-UNCLASSIFIED
1636,False,7,1,0.06277509134962134,0.09777860938950086,0.9942577335065631,0.005758800777811279,1.0,True,,False,False,gcd_k_not_2,0.0,False,1.0,True,EXACT-UNCLASSIFIED
1637,False,9,1,0.03988035900195235,0.06564475693791873,1.0087313209328903,0.008693368637111017,1.0,True,,False,False,gcd_k_not_2,0.0,False,1.0,True,EXACT-UNCLASSIFIED
1645,False,1,1,0.03420190739823206,0.05671357928678455,0.995214059242707,0.004797420843264793,1.0,True,,False,False,gcd_k_not_2,0.0,False,1.0,True,EXACT-UNCLASSIFIED
1646,False,5,1,0.06207673053464544,0.10236421088066008,0.9696816906966347,0.030784983631179905,1.0,True,,False,False,gcd_k_not_2,0.0,False,1.0,True,EXACT-UNCLASSIFIED
1647,False,21,1,0.06372766013539849,0.09653710688920368,1.0259427965857604,0.025610591404140952,1.0,True,,False,False,gcd_k_not_2,0.0,False,1.0,True,EXACT-UNCLASSIFIED
1648,False,21,1,0.041554516322932576,0.06993345373913012,0.9963656753792374,0.003640940801160821,1.0,True,,False,False,gcd_k_not_2,0.0,False,1.0,True,EXACT-UNCLASSIFIED
1649,False,9,1,0.03598918811640465,0.05916332874574119,0.9912911043130064,0.008746983972489695,1.0,True,,False,False,gcd_k_not_2,0.32644628099173556,False,1.0,True,EXACT-UNCLASSIFIED
1651,False,13,1,0.048775021753152376,0.07966639355720573,0.982864443242343,0.017283639147452026,1.0,True,,False,False,gcd_k_not_2,0.0,False,1.0,True,EXACT-UNCLASSIFIED
1654,False,2,2,3.749448539615427,5.616111018036693,0.316261713764088,1.0389093279643284,0.48760330578512395,False,1.0,True,True,,0.0,False,0.5,False,EXACT-UNCLASSIFIED
1656,False,3,1,0.058730865314495374,0.09703223162380538,1.0127916669388053,0.01271037350652363,1.0,True,,False,False,gcd_k_not_2,0.0,False,1.0,True,EXACT-UNCLASSIFIED
1661,False,21,1,0.051301010650859805,0.07981506709084951,0.9959499589279887,0.0040582591300902145,1.0,True,,False,False,gcd_k_not_2,0.45454545454545453,False,1.0,True,EXACT-UNCLASSIFIED
1662,False,7,1,0.06781383581436978,0.10219629147427212,0.9887667645441526,0.011296684614922343,1.0,True,,False,False,gcd_k_not_2,0.0,False,1.0,True,EXACT-UNCLASSIFIED
1663,False,15,1,0.09185296403783505,0.14911178907988068,0.9866725820756256,0.01341682373292762,1.0,True,,False,False,gcd_k_not_2,0.0,False,1.0,True,EXACT-UNCLASSIFIED
1664,False,19,1,0.06653781202065091,0.10761564577770308,1.0186435526391284,0.018471366690522722,1.0,True,,False,False,gcd_k_not_2,0.0,False,1.0,True,EXACT-UNCLASSIFIED
1665,False,3,1,0.07231651906444549,0.10560332998626062,0.9759038266545633,0.024390026498642213,1.0,True,,False,False,gcd_k_not_2,0.0,False,1.0,True,EXACT-UNCLASSIFIED
1666,False,13,1,0.0422130164927886,0.0684888986629976,1.0222494704519132,0.022004674276849753,1.0,True,,False,False,gcd_k_not_2,0.0,False,1.0,True,EXACT-UNCLASSIFIED
1667,False,19,1,0.07915468065848495,0.12323738115408134,0.9939200514940703,0.006098487751676912,1.0,True,,False,False,gcd_k_not_2,0.0,False,1.0,True,EXACT-UNCLASSIFIED
1669,False,21,1,0.06625538288601411,0.09671879631482379,0.9829237542786979,0.0172233003759781,1.0,True,,False,False,gcd_k_not_2,0.0,False,1.0,True,EXACT-UNCLASSIFIED
1670,False,15,1,0.027739470215736042,0.04674182362927783,1.047255845353408,0.04616506086492622,1.0,True,,False,False,gcd_k_not_2,0.0,False,1.0,True,EXACT-UNCLASSIFIED
1675,False,13,1,0.03467571310486959,0.04951845284843975,1.0081051780054306,0.00807246362810659,1.0,True,,False,False,gcd_k_not_2,0.5909090909090909,False,1.0,True,EXACT-UNCLASSIFIED
1676,False,9,1,0.05388876831210153,0.08963383505680989,0.9883317477260125,0.011736725812814736,1.0,True,,False,False,gcd_k_not_2,0.0,False,1.0,True,EXACT-UNCLASSIFIED
1677,False,17,1,0.05469516993870146,0.08319548959140587,1.0369946067514837,0.03632273411904738,1.0,True,,False,False,gcd_k_not_2,0.5,False,1.0,True,EXACT-UNCLASSIFIED
1679,False,15,1,0.03616222784445801,0.051719343393271035,1.006532943182765,0.006511672987937541,1.0,True,,False,False,gcd_k_not_2,0.0,False,1.0,True,EXACT-UNCLASSIFIED
1680,False,13,1,0.051183400703596484,0.08296648860505705,0.9831657472377449,0.016977151592803323,1.0,True,,False,False,gcd_k_not_2,0.0,False,1.0,True,EXACT-UNCLASSIFIED
1681,False,13,1,0.03367045447436499,0.058298227924868336,1.0033836051586857,0.003377890434935162,1.0,True,,False,False,gcd_k_not_2,0.0,False,1.0,True,EXACT-UNCLASSIFIED
1682,False,19,1,0.037694900619849266,0.0608352426989338,0.9751297054318171,0.02518345453444087,1.0,True,,False,False,gcd_k_not_2,0.3181818181818182,False,1.0,True,EXACT-UNCLASSIFIED
1683,False,17,1,0.043604058397511525,0.0805084884333293,1.0143426145563155,0.01424049161515126,1.0,True,,False,False,gcd_k_not_2,0.0,False,1.0,True,EXACT-UNCLASSIFIED
1684,False,19,1,0.07394778069842228,0.11426744690255249,1.0059422023486906,0.005924599763376051,1.0,True,,False,False,gcd_k_not_2,0.0,False,1.0,True,EXACT-UNCLASSIFIED
1685,False,7,1,0.07138076830653167,0.1147124961610548,0.9916696360071245,0.008365206600805565,1.0,True,,False,False,gcd_k_not_2,0.0,False,1.0,True,EXACT-UNCLASSIFIED
1688,False,13,1,0.05569308557431453,0.08597243966429131,0.991529322999809,0.008506705778684393,1.0,True,,False,False,gcd_k_not_2,0.18181818181818182,False,1.0,True,EXACT-UNCLASSIFIED
1689,False,17,1,0.07989810033692349,0.14057429951338035,0.9820685513143057,0.01809367155722639,1.0,True,,False,False,gcd_k_not_2,0.2727272727272727,False,1.0,True,EXACT-UNCLASSIFIED
1691,False,1,1,0.043156760432847524,0.07420131386947362,1.012427228688969,0.012350487522537626,1.0,True,,False,False,gcd_k_not_2,0.0,False,1.0,True,EXACT-UNCLASSIFIED
1692,False,5,1,0.062092455777967896,0.09523658698041657,1.0035184203049559,0.0035122415339912685,1.0,True,,False,False,gcd_k_not_2,0.0,False,1.0,True,EXACT-UNCLASSIFIED
1693,False,13,1,0.046397504233378045,0.062381348922845525,0.9951670519205682,0.004844655062622038,1.0,True,,False,False,gcd_k_not_2,0.0,False,1.0,True,EXACT-UNCLASSIFIED
1695,False,7,1,0.04394873024362075,0.07401388412865206,1.0036946263292352,0.0036878137822865167,1.0,True,,False,False,gcd_k_not_2,0.0,False,1.0,True,EXACT-UNCLASSIFIED
1696,False,3,1,0.07206675748231468,0.11852519561599748,1.0056604974813965,0.005644522079887987,1.0,True,,False,False,gcd_k_not_2,0.45454545454545453,False,1.0,True,EXACT-UNCLASSIFIED
1697,False,13,1,0.045785503283617114,0.07715884104104304,0.9905509408691657,0.009493913405409633,1.0,True,,False,False,gcd_k_not_2,0.0,False,1.0,True,EXACT-UNCLASSIFIED
1698,False,21,1,0.05155188690875822,0.08852898400049668,1.0118578919976486,0.01178800157288887,1.0,True,,False,False,gcd_k_not_2,0.0,False,1.0,True,EXACT-UNCLASSIFIED
1699,False,1,1,0.0706118637061092,0.1150437518218712,1.0107147303326782,0.01065763349821929,1.0,True,,False,False,gcd_k_not_2,0.0,False,1.0,True,EXACT-UNCLASSIFIED
1703,False,4,2,3.781860854018136,5.664517171064115,0.31700325061294454,1.0371982742930708,0.518595041322314,False,1.0,True,True,,0.0,False,0.5,False,EXACT-UNCLASSIFIED
1704,False,2,2,3.7755655932543433,5.655116189606792,0.31341436766814496,1.045497368131931,0.4690082644628099,False,1.0,True,True,,0.0,False,0.5,False,EXACT-UNCLASSIFIED
1705,False,19,1,0.03654418055628864,0.06062162212421631,0.9836422537994932,0.016492637388798314,1.0,True,,False,False,gcd_k_not_2,0.0,False,1.0,True,EXACT-UNCLASSIFIED
1706,False,3,1,0.06610262835205989,0.10966238328681632,0.9931995317398017,0.006823670336970603,1.0,True,,False,False,gcd_k_not_2,0.5,False,1.0,True,EXACT-UNCLASSIFIED
1707,False,5,1,0.03425999613904113,0.06236644164472936,0.9467555908698787,0.05470066132578035,1.0,True,,False,False,gcd_k_not_2,0.0,False,1.0,True,EXACT-UNCLASSIFIED
1708,False,21,1,0.06912328670046168,0.11466922936297624,1.0090198202655671,0.008979324319831486,1.0,True,,False,False,gcd_k_not_2,0.0,False,1.0,True,EXACT-UNCLASSIFIED
1712,False,19,1,0.05294364424749762,0.084746772029766,0.9983928612089121,0.0016084312772371198,1.0,True,,False,False,gcd_k_not_2,0.09090909090909091,False,1.0,True,EXACT-UNCLASSIFIED
1714,False,5,1,0.038022875695704776,0.05991898007347497,0.9832722935642819,0.016868794557358006,1.0,True,,False,False,gcd_k_not_2,0.0,False,1.0,True,EXACT-UNCLASSIFIED
1715,False,1,1,0.036695193441627576,0.06300104657009829,0.9587626251055057,0.04210553577646815,1.0,True,,False,False,gcd_k_not_2,0.0,False,1.0,True,EXACT-UNCLASSIFIED
1716,False,15,1,0.05366860375796041,0.09309367097756614,0.9974952396876704,0.0025079011579734224,1.0,True,,False,False,gcd_k_not_2,0.0,False,1.0,True,EXACT-UNCLASSIFIED
1717,False,19,1,0.042003474718029656,0.05557886650244592,1.005757574538296,0.00574104728446198,1.0,True,,False,False,gcd_k_not_2,0.0,False,1.0,True,EXACT-UNCLASSIFIED
1718,False,21,1,0.06978088421512871,0.11980485880561398,0.9885687840152859,0.011496927917808713,1.0,True,,False,False,gcd_k_not_2,0.0,False,1.0,True,EXACT-UNCLASSIFIED
1720,False,13,1,0.04756494040776555,0.08198734899384212,1.0424583872272322,0.04157576721538223,1.0,True,,False,False,gcd_k_not_2,0.0,False,1.0,True,EXACT-UNCLASSIFIED
1723,False,21,1,0.05030405884009564,0.08569252593303626,0.9957750463088346,0.004233897702027489,1.0,True,,False,False,gcd_k_not_2,0.0,False,1.0,True,EXACT-UNCLASSIFIED
1724,False,9,1,0.03961486621348961,0.06537667549903423,1.0215822106516124,0.021351801116864688,1.0,True,,False,False,gcd_k_not_2,0.0,False,1.0,True,EXACT-UNCLASSIFIED
1726,False,3,1,0.05441649862161591,0.09694119646978826,0.9873872393684431,0.012692806295329826,1.0,True,,False,False,gcd_k_not_2,0.0,False,1.0,True,EXACT-UNCLASSIFIED
1729,False,17,1,0.0465486942734857,0.07822440807188603,1.0180788621236756,0.017916903509559306,1.0,True,,False,False,gcd_k_not_2,0.0,False,1.0,True,EXACT-UNCLASSIFIED
1730,False,9,1,0.053277112906754534,0.0869945281159349,1.0004885797575858,0.0004884604316461189,1.0,True,,False,False,gcd_k_not_2,0.0,False,1.0,True,EXACT-UNCLASSIFIED
1732,False,21,1,0.04356907592195712,0.07164084578170819,1.003167174453321,0.0031621668862314082,1.0,True,,False,False,gcd_k_not_2,0.5454545454545454,False,1.0,True,EXACT-UNCLASSIFIED
1733,False,7,1,0.05004528320278508,0.07266639071753689,0.9913349772793355,0.008702727385929945,1.0,True,,False,False,gcd_k_not_2,0.0,False,1.0,True,EXACT-UNCLASSIFIED
1734,False,7,1,0.0456588899955198,0.07158081277723376,1.0022998106066712,0.0022971690797637303,1.0,True,,False,False,gcd_k_not_2,0.13636363636363635,False,1.0,True,EXACT-UNCLASSIFIED
1735,False,17,1,0.05076231713977818,0.07437177445079023,1.0005855231597465,0.0005853517912313272,1.0,True,,False,False,gcd_k_not_2,0.0,False,1.0,True,EXACT-UNCLASSIFIED
1736,False,19,1,0.05651731752662099,0.08884291129577367,0.9838979375802992,0.016232752819270585,1.0,True,,False,False,gcd_k_not_2,0.0,False,1.0,True,EXACT-UNCLASSIFIED
1737,False,13,1,0.055948572858798486,0.08709491273780766,0.9741951458117031,0.026142151390699586,1.0,True,,False,False,gcd_k_not_2,0.0,False,1.0,True,EXACT-UNCLASSIFIED
1738,False,1,1,0.05209110064071707,0.08878372829977882,0.9838054160635907,0.016326786695182793,1.0,True,,False,False,gcd_k_not_2,0.0,False,1.0,True,EXACT-UNCLASSIFIED
1741,False,17,1,0.033597604430154415,0.05556077147107341,0.9943178977869864,0.005698291349958593,1.0,True,,False,False,gcd_k_not_2,0.0,False,1.0,True,EXACT-UNCLASSIFIED
1742,False,15,1,0.06882890312810036,0.11947295467343104,0.9959071574681226,0.004101235387190347,1.0,True,,False,False,gcd_k_not_2,0.0,False,1.0,True,EXACT-UNCLASSIFIED
1743,False,4,2,3.778036079593321,5.658805315626645,0.3186610863677277,1.0333798739887452,0.5103305785123967,False,1.0,True,True,,0.0,False,0.5,False,EXACT-UNCLASSIFIED
1744,False,13,1,0.06743559663708995,0.10804718400294316,0.9981879735074038,0.0018136697013700096,1.0,True,,False,False,gcd_k_not_2,0.0,False,1.0,True,EXACT-UNCLASSIFIED
1746,False,5,1,0.04402658224248926,0.0666475381676358,1.029228999859795,0.028807985556893193,1.0,True,,False,False,gcd_k_not_2,0.0,False,1.0,True,EXACT-UNCLASSIFIED
1747,False,13,1,0.08809366934117367,0.16058229908165264,0.9862703048111335,0.013824598953738021,1.0,True,,False,False,gcd_k_not_2,0.3181818181818182,False,1.0,True,EXACT-UNCLASSIFIED
1748,False,21,1,0.06397040883500071,0.09485708777393238,0.988985068259659,0.011075932058131413,1.0,True,,False,False,gcd_k_not_2,0.0,False,1.0,True,EXACT-UNCLASSIFIED
1749,False,21,1,0.04888082049534573,0.07962493291943987,0.9930509558458627,0.006973272944933933,1.0,True,,False,False,gcd_k_not_2,0.0,False,1.0,True,EXACT-UNCLASSIFIED
1751,False,9,1,0.0684544538243658,0.11008205210499149,1.0103440092854914,0.01029078529616216,1.0,True,,False,False,gcd_k_not_2,0.0,False,1.0,True,EXACT-UNCLASSIFIED
1752,False,5,1,0.03510104376345651,0.05189810736735775,0.9909024940409719,0.009139077364419539,1.0,True,,False,False,gcd_k_not_2,0.0,False,1.0,True,EXACT-UNCLASSIFIED
1754,False,1,1,0.04101349306999205,0.06967957329370687,1.0223480770346274,0.02210111828760588,1.0,True,,False,False,gcd_k_not_2,0.0,False,1.0,True,EXACT-UNCLASSIFIED
1756,False,19,1,0.07075118080369791,0.12382294806759041,0.9940154639622935,0.006002497117865603,1.0,True,,False,False,gcd_k_not_2,0.0,False,1.0,True,EXACT-UNCLASSIFIED
1760,False,10,2,3.7654864097983585,5.640062998070074,0.31352928817499665,1.045230917962672,0.5103305785123967,False,1.0,True,True,,0.5,False,0.5,False,EXACT-UNCLASSIFIED
1761,False,3,1,0.06597708250619312,0.11099554271024807,1.0146456206139542,0.014539153153387952,1.0,True,,False,False,gcd_k_not_2,0.04338842975206612,False,1.0,True,EXACT-UNCLASSIFIED
1762,False,5,1,0.048673336581746586,0.07777808411095775,1.0143202692419273,0.01421846313180039,1.0,True,,False,False,gcd_k_not_2,0.0,False,1.0,True,EXACT-UNCLASSIFIED
1763,False,9,1,0.049521237606062536,0.08577279709349753,0.9861892465077313,0.013906785082591456,1.0,True,,False,False,gcd_k_not_2,0.045454545454545456,False,1.0,True,EXACT-UNCLASSIFIED
1765,False,1,1,0.07541694637355481,0.11092207683836783,1.006723905874889,0.006701376163610754,1.0,True,,False,False,gcd_k_not_2,0.0,False,1.0,True,EXACT-UNCLASSIFIED
1766,False,1,1,0.0774711457112158,0.12184649744834562,1.0064716956521582,0.006450821774542681,1.0,True,,False,False,gcd_k_not_2,0.0,False,1.0,True,EXACT-UNCLASSIFIED
1768,False,17,1,0.06720223753708363,0.11342950666510561,0.997669664654538,0.002333053744263524,1.0,True,,False,False,gcd_k_not_2,0.0,False,1.0,True,EXACT-UNCLASSIFIED
1770,False,16,2,3.777123617085207,5.657442469130748,0.31700181682129297,1.037201580825738,0.4855371900826446,False,1.0,True,True,,0.0,False,0.5,False,EXACT-UNCLASSIFIED
1773,False,4,2,3.757399909197754,5.627985817639951,0.3161054366795103,1.0392701743500623,0.4772727272727273,False,1.0,True,True,,0.0,False,0.5,False,EXACT-UNCLASSIFIED
1774,False,17,1,0.04416246072519009,0.07160453034460482,1.0749753637986281,0.07226626889812483,1.0,True,,False,False,gcd_k_not_2,0.0,False,1.0,True,EXACT-UNCLASSIFIED
1777,False,18,2,3.7553672948769914,5.624950260012288,0.31445565494982913,1.0430847818541844,0.5082644628099173,False,1.0,True,True,,0.0,False,0.5,False,EXACT-UNCLASSIFIED
1779,False,1,1,0.05908534704447485,0.09776710302475589,1.0155593860558143,0.015439273249360298,1.0,True,,False,False,gcd_k_not_2,0.0,False,1.0,True,EXACT-UNCLASSIFIED
1781,False,9,1,0.04624476940188861,0.0730673452742802,1.0014519151019088,0.0014508618378022804,1.0,True,,False,False,gcd_k_not_2,0.36363636363636365,False,1.0,True,EXACT-UNCLASSIFIED
1782,False,1,1,0.03997841955582378,0.06554273053220853,0.9910517629916495,0.008988452409600129,1.0,True,,False,False,gcd_k_not_2,0.0,False,1.0,True,EXACT-UNCLASSIFIED
1783,False,21,1,0.0703054450029473,0.11135463895594881,0.983575122476713,0.016560882758782276,1.0,True,,False,False,gcd_k_not_2,0.0,False,1.0,True,EXACT-UNCLASSIFIED
1792,False,4,2,3.7770896731660337,5.657391831838471,0.31927223693259493,1.0319746660479223,0.5268595041322314,False,1.0,True,True,,0.3409090909090909,False,0.5,False,EXACT-UNCLASSIFIED
1799,False,15,1,0.06913780700199859,0.11305809835131937,0.9884241409283353,0.011643249378636315,1.0,True,,False,False,gcd_k_not_2,0.0,False,1.0,True,EXACT-UNCLASSIFIED
1803,False,17,1,0.04524565080995589,0.06957057922249728,1.0051406802963345,0.00512750087497584,1.0,True,,False,False,gcd_k_not_2,0.0,False,1.0,True,EXACT-UNCLASSIFIED
1804,False,1,1,0.05479683880529677,0.08665485390408348,0.9898512907652224,0.010200470037009432,1.0,True,,False,False,gcd_k_not_2,0.4090909090909091,False,1.0,True,EXACT-UNCLASSIFIED
1805,False,3,1,0.050391166284445,0.07778578188882047,1.036148029745042,0.03550628855758431,1.0,True,,False,False,gcd_k_not_2,0.0,False,1.0,True,EXACT-UNCLASSIFIED
1808,False,7,1,0.08075301319755449,0.12733932722145133,1.002761588762177,0.0027577808338972378,1.0,True,,False,False,gcd_k_not_2,0.0,False,1.0,True,EXACT-UNCLASSIFIED
1809,False,21,1,0.04697699214302168,0.06788490973015143,0.9873549458292279,0.01272551156230015,1.0,True,,False,False,gcd_k_not_2,0.0,False,1.0,True,EXACT-UNCLASSIFIED
1810,False,16,2,3.7530281919095745,5.621456519829713,0.3142365937215559,1.0435920131192682,0.49586776859504134,False,1.0,True,True,,0.0,False,0.5,False,EXACT-UNCLASSIFIED
1811,False,2,2,3.767870255418596,5.6436231664265994,0.318785458359012,1.0330938020633549,0.4690082644628099,False,1.0,True,True,,0.0,False,0.5,False,EXACT-UNCLASSIFIED
1813,False,6,2,3.779098040808744,5.660391384579885,0.3170780139496648,1.0370258691091245,0.4772727272727273,False,1.0,True,True,,0.0,False,0.5,False,EXACT-UNCLASSIFIED
1814,False,3,1,0.0618174213006459,0.09599812988118576,1.0033148257144953,0.0033093407705530654,1.0,True,,False,False,gcd_k_not_2,0.0,False,1.0,True,EXACT-UNCLASSIFIED
1815,False,17,1,0.04314730011873771,0.07492766048891768,1.0711056146194942,0.0686644023535785,1.0,True,,False,False,gcd_k_not_2,0.0,False,1.0,True,EXACT-UNCLASSIFIED
1816,False,17,1,0.038091626511142763,0.06526594513879323,1.0225945991685317,0.02234219272395979,1.0,True,,False,False,gcd_k_not_2,0.0,False,1.0,True,EXACT-UNCLASSIFIED
1818,False,3,1,0.03729407160471658,0.06295250582155026,1.0014553112896734,0.0014542530942002346,1.0,True,,False,False,gcd_k_not_2,0.0,False,1.0,True,EXACT-UNCLASSIFIED
1822,False,4,2,3.7952799503718677,5.684557130674324,0.31057529238521553,1.0520947733724602,0.5268595041322314,False,1.0,True,True,,0.0,False,0.5,False,EXACT-UNCLASSIFIED
1825,False,9,1,0.07883881439866226,0.12053068250255586,1.0170768095400071,0.01693223526168185,1.0,True,,False,False,gcd_k_not_2,0.0,False,1.0,True,EXACT-UNCLASSIFIED
1827,False,13,1,0.06297134741799999,0.09649578531242317,0.9958150643999211,0.004193710804900811,1.0,True,,False,False,gcd_k_not_2,0.0,False,1.0,True,EXACT-UNCLASSIFIED
1828,False,9,1,0.052729096165517374,0.08510592346176882,0.9704218651258982,0.030022134242011073,1.0,True,,False,False,gcd_k_not_2,0.0,False,1.0,True,EXACT-UNCLASSIFIED
1829,False,15,1,0.03121965177776415,0.055259831291103366,1.004346144768715,0.004336720760591436,1.0,True,,False,False,gcd_k_not_2,0.045454545454545456,False,1.0,True,EXACT-UNCLASSIFIED
1830,False,19,1,0.048831473465740224,0.07220529719654409,1.0545665707894631,0.05311735483800458,1.0,True,,False,False,gcd_k_not_2,0.5909090909090909,False,1.0,True,EXACT-UNCLASSIFIED
1834,False,21,1,0.03505575776313276,0.05770130255278868,1.0047001966888576,0.004689176662546084,1.0,True,,False,False,gcd_k_not_2,0.2727272727272727,False,1.0,True,EXACT-UNCLASSIFIED
1836,False,7,1,0.033863725895017155,0.04942708272604648,1.0058315303808507,0.005814576441266152,1.0,True,,False,False,gcd_k_not_2,0.0,False,1.0,True,EXACT-UNCLASSIFIED
1837,False,9,1,0.04985597658410438,0.08229954266607645,1.005574399252775,0.005558905473516046,1.0,True,,False,False,gcd_k_not_2,0.0,False,1.0,True,EXACT-UNCLASSIFIED
1838,False,1,1,0.05637789402087089,0.08669618760689697,1.018237922867975,0.018073114830840547,1.0,True,,False,False,gcd_k_not_2,0.0,False,1.0,True,EXACT-UNCLASSIFIED
1839,False,9,1,0.05868789916279952,0.08608496055250449,1.002071874287779,0.0020697301774103274,1.0,True,,False,False,gcd_k_not_2,0.0,False,1.0,True,EXACT-UNCLASSIFIED
1842,False,13,1,0.05558902015931742,0.09283155843368995,1.0096307032741136,0.009584550294164208,1.0,True,,False,False,gcd_k_not_2,0.22727272727272727,False,1.0,True,EXACT-UNCLASSIFIED
1843,False,21,1,0.05554190678297187,0.0870576050502176,0.9793488764842642,0.02086658270412291,1.0,True,,False,False,gcd_k_not_2,0.04132231404958678,False,1.0,True,EXACT-UNCLASSIFIED
1844,False,19,1,0.068560037059829,0.10841558314885122,0.978448813508285,0.02178594295143713,1.0,True,,False,False,gcd_k_not_2,0.0,False,1.0,True,EXACT-UNCLASSIFIED
1845,False,7,1,0.07084407873579272,0.11337915260760706,1.003364324092582,0.0033586742582189803,1.0,True,,False,False,gcd_k_not_2,0.0,False,1.0,True,EXACT-UNCLASSIFIED
1847,False,20,2,3.778363626181215,5.659294525737807,0.32075813654742713,1.0285635873168548,0.5371900826446281,False,1.0,True,True,,0.0,False,0.5,False,EXACT-UNCLASSIFIED
1848,False,15,1,0.06762649105655612,0.10015261761617768,0.9931857641863676,0.006837532091660275,1.0,True,,False,False,gcd_k_not_2,0.0,False,1.0,True,EXACT-UNCLASSIFIED
1849,False,7,1,0.05109595865277024,0.08042678391018371,1.0392872522401917,0.03853037594094109,1.0,True,,False,False,gcd_k_not_2,0.0,False,1.0,True,EXACT-UNCLASSIFIED
1851,False,17,1,0.035445384214462944,0.06210075279255116,1.0671700462813924,0.06498744155298103,1.0,True,,False,False,gcd_k_not_2,0.0,False,1.0,True,EXACT-UNCLASSIFIED
1853,False,9,1,0.06638392806003933,0.10269748297921247,1.0103474988699694,0.010294239056467395,1.0,True,,False,False,gcd_k_not_2,0.0,False,1.0,True,EXACT-UNCLASSIFIED
1854,False,21,1,0.05421515462483377,0.0905339673865105,0.9939774820280385,0.006040708108535025,1.0,True,,False,False,gcd_k_not_2,0.0,False,1.0,True,EXACT-UNCLASSIFIED
1855,False,15,1,0.05242789229193721,0.08062006320395629,1.0040075781117375,0.003999563829507742,1.0,True,,False,False,gcd_k_not_2,0.0,False,1.0,True,EXACT-UNCLASSIFIED
1857,False,9,1,0.029412026051122187,0.05053954294597256,0.9981491376600724,0.0018525767722173837,1.0,True,,False,False,gcd_k_not_2,0.0,False,1.0,True,EXACT-UNCLASSIFIED
1859,False,9,1,0.04209174532981911,0.06610627596718478,1.007155432047551,0.007129923207044885,1.0,True,,False,False,gcd_k_not_2,0.0,False,1.0,True,EXACT-UNCLASSIFIED
1864,False,21,1,0.07797113720391084,0.12072578246538856,0.9913627844319233,0.008674678100445333,1.0,True,,False,False,gcd_k_not_2,0.0,False,1.0,True,EXACT-UNCLASSIFIED
1865,False,18,2,3.781813170414986,5.664446135866123,0.315528689668906,1.0406026348286828,0.5599173553719008,False,1.0,True,True,,0.0,False,0.5,False,EXACT-UNCLASSIFIED
1867,False,21,1,0.06751843054952708,0.11346513433502085,1.0075937026482187,0.0075649795456141184,1.0,True,,False,False,gcd_k_not_2,0.0,False,1.0,True,EXACT-UNCLASSIFIED
1870,False,21,1,0.07758442833269023,0.12669363928148564,1.0069184237570283,0.006894573964871814,1.0,True,,False,False,gcd_k_not_2,0.0,False,1.0,True,EXACT-UNCLASSIFIED
1872,False,3,1,0.07169801658425451,0.11485611743318144,1.0003165086492787,0.00031645856834177814,1.0,True,,False,False,gcd_k_not_2,0.0,False,1.0,True,EXACT-UNCLASSIFIED
1874,False,3,1,0.05231519397269517,0.08901971479431382,0.9934966946669439,0.0065245208085410265,1.0,True,,False,False,gcd_k_not_2,0.0,False,1.0,True,EXACT-UNCLASSIFIED
1876,False,15,1,0.057576135417249666,0.08710716768645864,0.9842453736725999,0.01587971582187962,1.0,True,,False,False,gcd_k_not_2,0.0,False,1.0,True,EXACT-UNCLASSIFIED
1878,False,19,1,0.06686822407746823,0.10541547369791542,1.0236744720992035,0.023397510247431724,1.0,True,,False,False,gcd_k_not_2,0.0,False,1.0,True,EXACT-UNCLASSIFIED
1879,False,3,1,0.042308235101546514,0.0720464638950451,0.9907957344540672,0.009246820642256232,1.0,True,,False,False,gcd_k_not_2,0.0,False,1.0,True,EXACT-UNCLASSIFIED
1880,False,13,1,0.057550958557920535,0.09666120618289485,1.0065727263924762,0.006551196780485546,1.0,True,,False,False,gcd_k_not_2,0.0,False,1.0,True,EXACT-UNCLASSIFIED
1881,False,1,1,0.05601940341008132,0.07713941631034901,1.0040438477425477,0.004035687888868313,1.0,True,,False,False,gcd_k_not_2,0.0,False,1.0,True,EXACT-UNCLASSIFIED
1882,False,7,1,0.06744260348610281,0.10914962201257215,0.987212579980767,0.012869705182076549,1.0,True,,False,False,gcd_k_not_2,0.0,False,1.0,True,EXACT-UNCLASSIFIED
1884,False,20,2,3.7342139374256895,5.59335676852076,0.3124126009408364,1.0478220013526984,0.5103305785123967,False,1.0,True,True,,0.0,False,0.5,False,EXACT-UNCLASSIFIED
1885,False,14,2,3.763375399561115,5.636910472425872,0.32006139213095347,1.0301620999178422,0.5144628099173554,False,1.0,True,True,,0.25,False,0.5,False,EXACT-UNCLASSIFIED
1886,False,9,1,0.07773319605569502,0.11765549642977052,0.9808711165206697,0.019313607351627668,1.0,True,,False,False,gcd_k_not_2,0.0,False,1.0,True,EXACT-UNCLASSIFIED
1887,False,13,1,0.049035441645734604,0.08282503640386595,1.0043036324355057,0.00429439169381363,1.0,True,,False,False,gcd_k_not_2,0.0,False,1.0,True,EXACT-UNCLASSIFIED
1888,False,13,1,0.06105786111189733,0.09617666998878063,1.009793549457974,0.009745826341830263,1.0,True,,False,False,gcd_k_not_2,0.0,False,1.0,True,EXACT-UNCLASSIFIED
1889,False,21,1,0.04933094737425579,0.07589704773192829,0.987681092330274,0.01239525567482641,1.0,True,,False,False,gcd_k_not_2,0.0,False,1.0,True,EXACT-UNCLASSIFIED
1890,False,13,1,0.04419212476718095,0.07661908300680907,1.0040806785277425,0.004072369512329474,1.0,True,,False,False,gcd_k_not_2,0.0,False,1.0,True,EXACT-UNCLASSIFIED
1891,False,17,1,0.033607228024562535,0.05656999062212001,1.0206193400872237,0.020408930745296688,1.0,True,,False,False,gcd_k_not_2,0.0,False,1.0,True,EXACT-UNCLASSIFIED
1892,False,17,1,0.03357980746090505,0.06078046686670857,1.0293969929779088,0.028971160477351467,1.0,True,,False,False,gcd_k_not_2,0.0,False,1.0,True,EXACT-UNCLASSIFIED
1894,False,7,1,0.06102516861941421,0.10156528856943904,1.0161486364526973,0.016019291594601744,1.0,True,,False,False,gcd_k_not_2,0.0,False,1.0,True,EXACT-UNCLASSIFIED
1897,False,21,1,0.03747585672075631,0.05980264081387177,0.9905340711863422,0.009510943772006043,1.0,True,,False,False,gcd_k_not_2,0.0,False,1.0,True,EXACT-UNCLASSIFIED
1898,False,19,1,0.04579847487958438,0.0755791914824536,1.0031619862236716,0.0031569950362652427,1.0,True,,False,False,gcd_k_not_2,0.0,False,1.0,True,EXACT-UNCLASSIFIED
1899,False,7,1,0.05893864737717932,0.09494791651725536,1.0073218360505936,0.007295129180679113,1.0,True,,False,False,gcd_k_not_2,0.0,False,1.0,True,EXACT-UNCLASSIFIED
1900,False,8,2,3.779135751799517,5.660447807999306,0.3155716220308381,1.0405034078078013,0.53099173553719,False,1.0,True,True,,0.29958677685950413,False,0.5,False,EXACT-UNCLASSIFIED
1901,False,5,1,0.08476902941828178,0.1342813659706599,0.9835865702745584,0.01654924465753941,1.0,True,,False,False,gcd_k_not_2,0.0,False,1.0,True,EXACT-UNCLASSIFIED
1903,False,19,1,0.07401366930498471,0.11998069867237927,0.9996629002672681,0.000337156560425072,1.0,True,,False,False,gcd_k_not_2,0.06198347107438017,False,1.0,True,EXACT-UNCLASSIFIED
1904,False,3,1,0.0376492008188034,0.07070677687743844,1.0057946955646853,0.005777954820100784,1.0,True,,False,False,gcd_k_not_2,0.0,False,1.0,True,EXACT-UNCLASSIFIED
1907,False,21,1,0.05892665961854242,0.09474476413443597,0.9988234757676127,0.0011772167444006514,1.0,True,,False,False,gcd_k_not_2,0.0,False,1.0,True,EXACT-UNCLASSIFIED
1909,False,18,2,3.78662785551874,5.671636508255553,0.3077866708980218,1.0586028203310163,0.49173553719008267,False,1.0,True,True,,0.0,False,0.5,False,EXACT-UNCLASSIFIED
1910,False,9,1,0.036182681073991266,0.06123752883897601,0.9843728516954435,0.01575021376774497,1.0,True,,False,False,gcd_k_not_2,0.0,False,1.0,True,EXACT-UNCLASSIFIED
1912,False,21,1,0.041199101343460956,0.07781620571864713,0.9641125992813036,0.03654311950529526,1.0,True,,False,False,gcd_k_not_2,0.0,False,1.0,True,EXACT-UNCLASSIFIED
1913,False,1,1,0.0648273390454949,0.11077493467286287,1.0430843841079596,0.04217582439872736,1.0,True,,False,False,gcd_k_not_2,0.0,False,1.0,True,EXACT-UNCLASSIFIED
1916,False,13,1,0.04699881300292536,0.07542195551114449,0.9774889670864407,0.022767290526759538,1.0,True,,False,False,gcd_k_not_2,0.0,False,1.0,True,EXACT-UNCLASSIFIED
1917,False,13,1,0.052806614484701656,0.08867157101260642,1.0085936656691463,0.008556898108392105,1.0,True,,False,False,gcd_k_not_2,0.0,False,1.0,True,EXACT-UNCLASSIFIED
1921,False,17,1,0.05936177178006989,0.08850540192318011,0.9737637278451065,0.026585018039152506,1.0,True,,False,False,gcd_k_not_2,0.0,False,1.0,True,EXACT-UNCLASSIFIED
1922,False,2,2,3.7820557026252817,5.664808413998811,0.31734741743268957,1.0364047836336094,0.49173553719008267,False,1.0,True,True,,0.0,False,0.5,False,EXACT-UNCLASSIFIED
1924,False,7,1,0.043529249694867274,0.06584303567009094,1.0152879694522479,0.015171994954550535,1.0,True,,False,False,gcd_k_not_2,0.0,False,1.0,True,EXACT-UNCLASSIFIED
1925,False,19,1,0.07578700718955698,0.11967828547012507,1.002696028704536,0.002692399311621692,1.0,True,,False,False,gcd_k_not_2,0.0,False,1.0,True,EXACT-UNCLASSIFIED
1927,False,5,1,0.04513195835146174,0.07807399312487477,1.0049805266851868,0.004968154671727336,1.0,True,,False,False,gcd_k_not_2,0.0,False,1.0,True,EXACT-UNCLASSIFIED
1928,False,13,1,0.04228632260074233,0.06500434069489977,0.9956649694061575,0.004344447249712943,1.0,True,,False,False,gcd_k_not_2,0.0,False,1.0,True,EXACT-UNCLASSIFIED
1930,False,17,1,0.05690105454407239,0.08830850068494513,1.0160983543364037,0.015969810502327944,1.0,True,,False,False,gcd_k_not_2,0.0,False,1.0,True,EXACT-UNCLASSIFIED
1932,False,15,1,0.03960657333041023,0.06378832209974859,0.9749610615321883,0.02535638697442097,1.0,True,,False,False,gcd_k_not_2,0.0,False,1.0,True,EXACT-UNCLASSIFIED
1937,False,1,1,0.051724874030550184,0.08091626159436942,1.013885499059325,0.013789760208125869,1.0,True,,False,False,gcd_k_not_2,0.0,False,1.0,True,EXACT-UNCLASSIFIED
1939,False,10,2,3.7828441950963936,5.665986066009748,0.31110528163628864,1.0508610223947163,0.5289256198347108,False,1.0,True,True,,0.0,False,0.5,False,EXACT-UNCLASSIFIED
1940,False,13,1,0.05443997693294096,0.09126983271257912,0.9952873068936404,0.004723824072931603,1.0,True,,False,False,gcd_k_not_2,0.0,False,1.0,True,EXACT-UNCLASSIFIED
1941,False,17,1,0.030254901468309607,0.049486818331310536,1.0152483908251477,0.015133013770976561,1.0,True,,False,False,gcd_k_not_2,0.0,False,1.0,True,EXACT-UNCLASSIFIED
1942,False,6,2,3.780369490820351,5.662289929031707,0.3163848961449941,1.0386249581820008,0.5103305785123967,False,1.0,True,True,,0.0,False,0.5,False,EXACT-UNCLASSIFIED
1943,False,19,1,0.05157787688485566,0.08364157887596478,1.0086071286618745,0.008570246056637728,1.0,True,,False,False,gcd_k_not_2,0.0,False,1.0,True,EXACT-UNCLASSIFIED
1944,False,19,1,0.027791798959571023,0.045852164856757305,1.011439457173464,0.011374398700062354,1.0,True,,False,False,gcd_k_not_2,0.0,False,1.0,True,EXACT-UNCLASSIFIED
1945,False,17,1,0.038186048856290934,0.06747844232495757,1.0031683453792704,0.0031633341117623414,1.0,True,,False,False,gcd_k_not_2,0.0,False,1.0,True,EXACT-UNCLASSIFIED
1947,False,15,1,0.04853309803125222,0.0718607910687475,0.9999197628890119,8.024033011430921e-05,1.0,True,,False,False,gcd_k_not_2,0.0,False,1.0,True,EXACT-UNCLASSIFIED
1948,False,17,1,0.03435021187120732,0.05526371725646047,0.9706029103420856,0.02983563000301393,1.0,True,,False,False,gcd_k_not_2,0.0,False,1.0,True,EXACT-UNCLASSIFIED
1950,False,4,2,3.7752355795574504,5.654623038087611,0.3189568169943294,1.0326997430554978,0.49173553719008267,False,1.0,True,True,,0.0,False,0.5,False,EXACT-UNCLASSIFIED
1955,False,3,1,0.07696190330330799,0.12442320254998666,1.0099495836235484,0.009900331535292782,1.0,True,,False,False,gcd_k_not_2,0.5082644628099173,False,1.0,True,EXACT-UNCLASSIFIED
1957,False,19,1,0.07222452112978987,0.11033053201740466,0.9847355819755963,0.015381815253404752,1.0,True,,False,False,gcd_k_not_2,0.0,False,1.0,True,EXACT-UNCLASSIFIED
1958,False,21,1,0.053752865340697994,0.07965929928703068,0.9972851141555021,0.002718576156459999,1.0,True,,False,False,gcd_k_not_2,0.0,False,1.0,True,EXACT-UNCLASSIFIED
1959,False,12,2,3.7717385961066165,5.649400470697218,0.3230828755108375,1.0232422125905112,0.493801652892562,False,1.0,True,True,,0.0,False,0.5,False,EXACT-UNCLASSIFIED
1960,False,9,1,0.049853256198961,0.07923424352659778,0.9944769374553813,0.005538356890368581,1.0,True,,False,False,gcd_k_not_2,0.0,False,1.0,True,EXACT-UNCLASSIFIED
1963,False,7,1,0.05185585950844505,0.08898939432556542,1.0137065537430199,0.013613258314666176,1.0,True,,False,False,gcd_k_not_2,0.0,False,1.0,True,EXACT-UNCLASSIFIED
1964,False,4,2,3.7790878947383972,5.660375888345526,0.3112921752639624,1.0504261944480846,0.4896694214876033,False,1.0,True,True,,0.0,False,0.5,False,EXACT-UNCLASSIFIED
1965,False,14,2,3.769739920404677,5.646415793630275,0.31899834711640723,1.0326042551492165,0.506198347107438,False,1.0,True,True,,0.25,False,0.5,False,EXACT-UNCLASSIFIED
1967,False,17,1,0.05866059698697237,0.09755968298986807,1.0128766943701029,0.012794320095332377,1.0,True,,False,False,gcd_k_not_2,0.0,False,1.0,True,EXACT-UNCLASSIFIED
1968,False,16,2,3.758496869892648,5.629623981935168,0.31507736521710167,1.0416461463007947,0.5082644628099173,False,1.0,True,True,,0.0,False,0.5,False,EXACT-UNCLASSIFIED
1970,False,15,1,0.08486125990812306,0.1322519027820062,0.9859762802074566,0.014122746512439173,1.0,True,,False,False,gcd_k_not_2,0.0,False,1.0,True,EXACT-UNCLASSIFIED
1975,False,13,1,0.04424985415693008,0.06654340111852403,0.9915906559734874,0.008444851858779313,1.0,True,,False,False,gcd_k_not_2,0.5,False,1.0,True,EXACT-UNCLASSIFIED
1976,False,3,1,0.06111556302125355,0.10311758328559995,1.0285076493630678,0.028107016872249802,1.0,True,,False,False,gcd_k_not_2,0.0,False,1.0,True,EXACT-UNCLASSIFIED
1977,False,21,1,0.055796797644282595,0.08893466672434636,1.0019263160545355,0.0019244624930372647,1.0,True,,False,False,gcd_k_not_2,0.0,False,1.0,True,EXACT-UNCLASSIFIED
1981,False,13,1,0.0641518656820012,0.10516325192756146,1.002732448318855,0.002728720275290592,1.0,True,,False,False,gcd_k_not_2,0.0,False,1.0,True,EXACT-UNCLASSIFIED
1984,False,17,1,0.03763599259970315,0.05608509059797939,0.9805442634921065,0.019646858559564818,1.0,True,,False,False,gcd_k_not_2,0.628099173553719,False,1.0,True,EXACT-UNCLASSIFIED
1986,False,13,1,0.06293778869098735,0.10397488884948797,0.9809216990993428,0.019262044440556587,1.0,True,,False,False,gcd_k_not_2,0.0,False,1.0,True,EXACT-UNCLASSIFIED
1987,False,5,1,0.03542741896460373,0.059193545841832826,0.9789019332285364,0.021323003850971606,1.0,True,,False,False,gcd_k_not_2,0.0,False,1.0,True,EXACT-UNCLASSIFIED
1988,False,9,1,0.039003021825717334,0.06470351233912112,0.9978818809422325,0.002120364650154981,1.0,True,,False,False,gcd_k_not_2,0.0,False,1.0,True,EXACT-UNCLASSIFIED
1989,False,13,1,0.05854798243359118,0.09098397797162922,0.9887632249811449,0.011300264282553424,1.0,True,,False,False,gcd_k_not_2,0.0,False,1.0,True,EXACT-UNCLASSIFIED
1992,False,13,1,0.06041184052647468,0.09029821034493765,1.0279170056665774,0.027532690527836606,1.0,True,,False,False,gcd_k_not_2,0.0,False,1.0,True,EXACT-UNCLASSIFIED
1996,False,1,1,0.0707095868921095,0.11326166276377696,1.0108916013857394,0.010832609155295905,1.0,True,,False,False,gcd_k_not_2,0.0,False,1.0,True,EXACT-UNCLASSIFIED
1998,False,19,1,0.06040834500154588,0.0978667843225524,1.0104221069097021,0.010368078299459514,1.0,True,,False,False,gcd_k_not_2,0.0,False,1.0,True,EXACT-UNCLASSIFIED
2000,False,7,1,0.0404710172483002,0.07329552591606185,0.90402582106904,0.100811846004351,1.0,True,,False,False,gcd_k_not_2,0.0,False,1.0,True,EXACT-UNCLASSIFIED
2001,False,3,1,0.03434299994763988,0.052229947764474746,0.9828044185113652,0.01734470765557874,1.0,True,,False,False,gcd_k_not_2,0.7272727272727273,False,1.0,True,EXACT-UNCLASSIFIED
2002,False,21,1,0.04909578616817503,0.08126768595810123,1.0113478084582679,0.011283785340901402,1.0,True,,False,False,gcd_k_not_2,0.0,False,1.0,True,EXACT-UNCLASSIFIED
2004,False,8,2,3.76729541103201,5.642764722984548,0.3110011687630263,1.0511033058606152,0.518595041322314,False,1.0,True,True,,0.0,False,0.5,False,EXACT-UNCLASSIFIED
2007,False,19,1,0.06071867170236348,0.08995583952076543,0.982862465948684,0.017285650765613402,1.0,True,,False,False,gcd_k_not_2,0.0,False,1.0,True,EXACT-UNCLASSIFIED
2009,False,12,2,3.796667525589732,5.686629687548945,0.30848439718794207,1.0569718741747187,0.5206611570247934,False,1.0,True,True,,0.0,False,0.5,False,EXACT-UNCLASSIFIED
2010,False,7,1,0.03472748297021332,0.0627760510077462,1.0251279980342158,0.024816207230957656,1.0,True,,False,False,gcd_k_not_2,0.18181818181818182,False,1.0,True,EXACT-UNCLASSIFIED
2012,False,13,1,0.057492707225930015,0.09500443365257343,0.9817795045385554,0.018388014831838752,1.0,True,,False,False,gcd_k_not_2,0.0,False,1.0,True,EXACT-UNCLASSIFIED
2013,False,10,2,3.7597913652384083,5.631557504532556,0.31760221795602767,1.0358175976700517,0.4628099173553719,False,1.0,True,True,,0.0,False,0.5,False,EXACT-UNCLASSIFIED
2014,False,15,1,0.0590877457614272,0.09139685413364179,0.9846434303004326,0.015475394184277005,1.0,True,,False,False,gcd_k_not_2,0.18181818181818182,False,1.0,True,EXACT-UNCLASSIFIED
2015,False,3,1,0.04499876454193747,0.07451821291320283,1.01061721662867,0.010561151611416662,1.0,True,,False,False,gcd_k_not_2,0.0,False,1.0,True,EXACT-UNCLASSIFIED
2017,False,12,2,3.774221803838014,5.653108915370623,0.3127916758202042,1.046941928163039,0.53099173553719,False,1.0,True,True,,0.0,False,0.5,False,EXACT-UNCLASSIFIED
2022,False,15,1,0.06242929625903704,0.107383218905911,1.0003481167810375,0.00034805619893574333,1.0,True,,False,False,gcd_k_not_2,0.0,False,1.0,True,EXACT-UNCLASSIFIED
2023,False,17,1,0.07923616458834958,0.11669900648838118,0.9947784928430449,0.0052351749085816825,1.0,True,,False,False,gcd_k_not_2,0.4090909090909091,False,1.0,True,EXACT-UNCLASSIFIED
2024,False,19,1,0.0559943923026945,0.09144370713328759,1.0081811863156687,0.008147856748601839,1.0,True,,False,False,gcd_k_not_2,0.0,False,1.0,True,EXACT-UNCLASSIFIED
2025,False,15,1,0.04254975801812446,0.06775822885301777,0.9903066280070573,0.009740581533056535,1.0,True,,False,False,gcd_k_not_2,0.0,False,1.0,True,EXACT-UNCLASSIFIED
2029,False,5,1,0.04440310491150786,0.07582551788328973,0.9908687289784481,0.009173152291399185,1.0,True,,False,False,gcd_k_not_2,0.0,False,1.0,True,EXACT-UNCLASSIFIED
2030,False,17,1,0.0728021522478708,0.11059864045066005,0.9863978442399058,0.013695298552137743,1.0,True,,False,False,gcd_k_not_2,0.0,False,1.0,True,EXACT-UNCLASSIFIED
2031,False,9,1,0.053602909005668185,0.0887704927974594,0.9911988366375054,0.008840064789668999,1.0,True,,False,False,gcd_k_not_2,0.0,False,1.0,True,EXACT-UNCLASSIFIED
2032,False,17,1,0.046064355856530716,0.06773277848249004,0.9963475086808902,0.003659173869506565,1.0,True,,False,False,gcd_k_not_2,0.0,False,1.0,True,EXACT-UNCLASSIFIED
2033,False,17,1,0.03657291027629574,0.06533921719758805,1.0165319787213467,0.016396445874197772,1.0,True,,False,False,gcd_k_not_2,0.0,False,1.0,True,EXACT-UNCLASSIFIED
2034,False,7,1,0.07327302307072378,0.1219068499395189,0.9963496610496053,0.0036570136200243138,1.0,True,,False,False,gcd_k_not_2,0.2024793388429752,False,1.0,True,EXACT-UNCLASSIFIED
2040,False,12,2,3.7876305429250854,5.67313356521776,0.30763063590327927,1.0589677927183911,0.4793388429752066,False,1.0,True,True,,0.0,False,0.5,False,EXACT-UNCLASSIFIED
2042,False,14,2,3.7550848662689194,5.624528725983257,0.31579784338433164,1.0399806627678438,0.5206611570247934,False,1.0,True,True,,0.0,False,0.5,False,EXACT-UNCLASSIFIED
2044,False,5,1,0.039539978094041056,0.05932937162116101,1.00322046748849,0.0032152901198414744,1.0,True,,False,False,gcd_k_not_2,0.0,False,1.0,True,EXACT-UNCLASSIFIED
2045,False,13,1,0.06742190919765599,0.10135516507877407,0.9927350875463209,0.0072913981382487164,1.0,True,,False,False,gcd_k_not_2,0.0,False,1.0,True,EXACT-UNCLASSIFIED
2046,False,7,1,0.08006552662644392,0.13366514301889545,1.0139778040130887,0.013880792514432182,1.0,True,,False,False,gcd_k_not_2,0.0,False,1.0,True,EXACT-UNCLASSIFIED
2047,False,3,1,0.0528245272022836,0.08676990556011056,0.9868969599534869,0.01318945099882771,1.0,True,,False,False,gcd_k_not_2,0.0,False,1.0,True,EXACT-UNCLASSIFIED
2048,False,19,1,0.05886683423548834,0.09140489266795673,0.9995586481682875,0.00044144924892972867,1.0,True,,False,False,gcd_k_not_2,0.0,False,1.0,True,EXACT-UNCLASSIFIED
2049,False,12,2,3.766768235896973,5.64197740735796,0.31572441728830886,1.0401503137290318,0.4731404958677686,False,1.0,True,True,,0.0,False,0.5,False,EXACT-UNCLASSIFIED
2050,False,13,1,0.04347874362305623,0.0649128418178728,0.9827997035307151,0.01734950478220955,1.0,True,,False,False,gcd_k_not_2,0.0,False,1.0,True,EXACT-UNCLASSIFIED
2051,False,17,1,0.05073748302936154,0.08247654543769967,1.0228951997202929,0.022636071036659374,1.0,True,,False,False,gcd_k_not_2,0.0,False,1.0,True,EXACT-UNCLASSIFIED
2052,False,1,1,0.06382105263250067,0.09930184426291087,1.0271906716081853,0.02682596362444268,1.0,True,,False,False,gcd_k_not_2,0.0,False,1.0,True,EXACT-UNCLASSIFIED
2053,False,21,1,0.05650134327590041,0.0941046748929223,1.0171248256229348,0.016979440642843083,1.0,True,,False,False,gcd_k_not_2,0.48760330578512395,False,1.0,True,EXACT-UNCLASSIFIED
2054,False,15,1,0.03061611804830611,0.053362250523373254,0.9883615993835615,0.01170652321996835,1.0,True,,False,False,gcd_k_not_2,0.0,False,1.0,True,EXACT-UNCLASSIFIED
2056,False,1,1,0.036711238623314296,0.06417880723264882,1.0285977917976385,0.02819463958135995,1.0,True,,False,False,gcd_k_not_2,0.0,False,1.0,True,EXACT-UNCLASSIFIED
2057,False,9,1,0.03525266063723734,0.06252961846023992,1.0184131512926693,0.018245175702384635,1.0,True,,False,False,gcd_k_not_2,0.0,False,1.0,True,EXACT-UNCLASSIFIED
2058,False,21,1,0.0769155297179804,0.1209052398108819,0.9926229123902076,0.007404399060074432,1.0,True,,False,False,gcd_k_not_2,0.0,False,1.0,True,EXACT-UNCLASSIFIED
2060,False,15,1,0.08373655198328576,0.1251614362167413,1.006572285739709,0.0065507590096971265,1.0,True,,False,False,gcd_k_not_2,0.0,False,1.0,True,EXACT-UNCLASSIFIED
2061,False,15,1,0.065563398332322,0.10618052649873325,0.9908808008423765,0.009160969510344357,1.0,True,,False,False,gcd_k_not_2,0.0,False,1.0,True,EXACT-UNCLASSIFIED
2063,False,21,1,0.041820719184951664,0.06920163732713533,0.9940618679185469,0.005955815290376618,1.0,True,,False,False,gcd_k_not_2,0.0,False,1.0,True,EXACT-UNCLASSIFIED
2065,False,5,1,0.06821944582935555,0.10294349897195061,1.0051015192803148,0.005088539638776921,1.0,True,,False,False,gcd_k_not_2,0.0,False,1.0,True,EXACT-UNCLASSIFIED
2066,False,17,1,0.03822749251239542,0.05775356738863458,0.9891362227941379,0.010923110324341406,1.0,True,,False,False,gcd_k_not_2,0.6528925619834711,False,1.0,True,EXACT-UNCLASSIFIED
2069,False,4,2,3.770258661112751,5.647190417017509,0.3141173932158072,1.0438680902103483,0.5103305785123967,False,1.0,True,True,,0.25,False,0.5,False,EXACT-UNCLASSIFIED
2071,False,7,1,0.04415589211011771,0.07038177660009518,0.9789088713715592,0.02131591700210307,1.0,True,,False,False,gcd_k_not_2,0.0,False,1.0,True,EXACT-UNCLASSIFIED
2072,False,3,1,0.0522207555471712,0.08820047490538749,0.9923057795499736,0.007723935280421092,1.0,True,,False,False,gcd_k_not_2,0.22727272727272727,False,1.0,True,EXACT-UNCLASSIFIED
2075,False,14,2,3.7422538395056533,5.605364699298942,0.3093386885150629,1.0549773218237743,0.4855371900826446,False,1.0,True,True,,0.0,False,0.5,False,EXACT-UNCLASSIFIED
2076,False,9,1,0.044925686408946015,0.07714589338710079,0.9784770024694549,0.021757136932783066,1.0,True,,False,False,gcd_k_not_2,0.0,False,1.0,True,EXACT-UNCLASSIFIED
2077,False,15,1,0.06560923863884173,0.11287807075514086,1.0054865991687005,0.005471588960978117,1.0,True,,False,False,gcd_k_not_2,0.0,False,1.0,True,EXACT-UNCLASSIFIED
2078,False,9,1,0.04444732796414555,0.07448086753856632,0.9963408979364782,0.0036658088478816716,1.0,True,,False,False,gcd_k_not_2,0.0,False,1.0,True,EXACT-UNCLASSIFIED
2080,False,20,2,3.768279182169889,5.644233748795152,0.3135262850492866,1.045237880298612,0.4690082644628099,False,1.0,True,True,,0.0,False,0.5,False,EXACT-UNCLASSIFIED
2081,False,15,1,0.08596564078319693,0.13460125725570965,1.0193355767231624,0.019150434376577267,1.0,True,,False,False,gcd_k_not_2,0.0,False,1.0,True,EXACT-UNCLASSIFIED
2082,False,3,1,0.05458979387799736,0.08451171524140602,1.0028690063355064,0.0028648966322121724,1.0,True,,False,False,gcd_k_not_2,0.0,False,1.0,True,EXACT-UNCLASSIFIED
2083,False,17,1,0.053081293443160586,0.08690374016995349,0.994807869688387,0.005205644503923182,1.0,True,,False,False,gcd_k_not_2,0.0,False,1.0,True,EXACT-UNCLASSIFIED
2084,False,7,1,0.05251320277601745,0.08794966292594834,0.9845633673967007,0.015556704166668883,1.0,True,,False,False,gcd_k_not_2,0.0,False,1.0,True,EXACT-UNCLASSIFIED
2086,False,13,1,0.04207574406537234,0.06207670225192625,0.9949556489230826,0.005057105985930424,1.0,True,,False,False,gcd_k_not_2,0.5909090909090909,False,1.0,True,EXACT-UNCLASSIFIED
2088,False,15,1,0.0615527116620787,0.10115505813131107,0.9720009767954473,0.028396561192430895,1.0,True,,False,False,gcd_k_not_2,0.0,False,1.0,True,EXACT-UNCLASSIFIED
2089,False,10,2,3.77198508375662,5.64976847551961,0.31980469752116475,1.0307514494475838,0.5371900826446281,False,1.0,True,True,,0.18181818181818182,False,0.5,False,EXACT-UNCLASSIFIED
2090,False,21,1,0.06727432811368843,0.10700591618720054,0.9912170891469138,0.008821650739095497,1.0,True,,False,False,gcd_k_not_2,0.0,False,1.0,True,EXACT-UNCLASSIFIED
2092,False,8,2,3.7569467300499286,5.627308976430195,0.3178984363118823,1.0351352500227076,0.5227272727272727,False,1.0,True,True,,0.0,False,0.5,False,EXACT-UNCLASSIFIED
2094,False,19,1,0.06967886643704259,0.10884184521738766,0.9783566797677425,0.02188009922942546,1.0,True,,False,False,gcd_k_not_2,0.0,False,1.0,True,EXACT-UNCLASSIFIED
2095,False,18,2,3.782945893717466,5.666137669434499,0.3143477043308941,1.0433347179134103,0.5144628099173554,False,1.0,True,True,,0.0,False,0.5,False,EXACT-UNCLASSIFIED
2097,False,17,1,0.03474890790772867,0.05881640569246614,0.9946691351601514,0.005345111874326559,1.0,True,,False,False,gcd_k_not_2,0.0,False,1.0,True,EXACT-UNCLASSIFIED
2099,False,20,2,3.765677608219153,5.64034887214956,0.3210040743269361,1.027999744844116,0.48140495867768596,False,1.0,True,True,,0.0,False,0.5,False,EXACT-UNCLASSIFIED
2100,False,21,1,0.055849138837355296,0.08733731411513272,1.0040384610074033,0.004030322856551696,1.0,True,,False,False,gcd_k_not_2,0.0,False,1.0,True,EXACT-UNCLASSIFIED
2103,False,7,1,0.07597911328825525,0.12530373681851859,0.9983461529308282,0.0016552158060766532,1.0,True,,False,False,gcd_k_not_2,0.0,False,1.0,True,EXACT-UNCLASSIFIED
2107,False,15,1,0.04794993437336882,0.07907203838760697,1.0137440382739593,0.013650233607385058,1.0,True,,False,False,gcd_k_not_2,0.0,False,1.0,True,EXACT-UNCLASSIFIED
2117,False,21,1,0.06461248870709563,0.10831422856978211,1.0252032206915707,0.024889572003509157,1.0,True,,False,False,gcd_k_not_2,0.0,False,1.0,True,EXACT-UNCLASSIFIED
2119,False,14,2,3.7636522366889533,5.637323876043238,0.31582563169026695,1.0399164628384154,0.5,False,1.0,True,True,,0.0,False,0.5,False,EXACT-UNCLASSIFIED
2120,False,7,1,0.04363329071722807,0.0751912031433392,1.0045244353089229,0.004514223153608588,1.0,True,,False,False,gcd_k_not_2,0.0,False,1.0,True,EXACT-UNCLASSIFIED
2121,False,21,1,0.06932219012201658,0.11246541078328913,1.0177190501289162,0.01756344633588504,1.0,True,,False,False,gcd_k_not_2,0.0,False,1.0,True,EXACT-UNCLASSIFIED
2123,False,13,1,0.04000213595610486,0.06315608663568267,0.9896898671062108,0.010363557722474848,1.0,True,,False,False,gcd_k_not_2,0.0,False,1.0,True,EXACT-UNCLASSIFIED
2124,False,15,1,0.07038328032653816,0.11386483533400368,1.0102861854084977,0.01023355329520667,1.0,True,,False,False,gcd_k_not_2,0.0,False,1.0,True,EXACT-UNCLASSIFIED
2125,False,3,1,0.044554578576001,0.07090475355567474,0.989872240965063,0.010179305813146251,1.0,True,,False,False,gcd_k_not_2,0.0,False,1.0,True,EXACT-UNCLASSIFIED
2126,False,1,1,0.09094502900626948,0.13804755712515432,0.9889194884262019,0.011142242446994056,1.0,True,,False,False,gcd_k_not_2,0.045454545454545456,False,1.0,True,EXACT-UNCLASSIFIED
2127,False,13,1,0.03916710614652571,0.06493262549198281,0.9970713291578142,0.0029329656877312023,1.0,True,,False,False,gcd_k_not_2,0.0,False,1.0,True,EXACT-UNCLASSIFIED
2128,False,21,1,0.041184279038912024,0.0663322656627309,0.9839182182967754,0.016212141765632914,1.0,True,,False,False,gcd_k_not_2,0.0,False,1.0,True,EXACT-UNCLASSIFIED
2131,False,9,1,0.09757680668697125,0.14170000407549702,1.0038834359978512,0.003875910073499216,1.0,True,,False,False,gcd_k_not_2,0.0,False,1.0,True,EXACT-UNCLASSIFIED
2132,False,5,1,0.08529511878090215,0.12428350354262539,0.9918149231837107,0.008218712211681075,1.0,True,,False,False,gcd_k_not_2,0.0,False,1.0,True,EXACT-UNCLASSIFIED
2134,False,21,1,0.049310992198818515,0.07869570358248043,0.994139441552857,0.00587778198958776,1.0,True,,False,False,gcd_k_not_2,0.0,False,1.0,True,EXACT-UNCLASSIFIED
2135,False,15,1,0.04052231298890351,0.06918453795376932,0.9753346954745622,0.02497329144468061,1.0,True,,False,False,gcd_k_not_2,0.0,False,1.0,True,EXACT-UNCLASSIFIED
2136,False,19,1,0.04864241046445398,0.07831871124179947,0.9969265209038382,0.0030782095024415395,1.0,True,,False,False,gcd_k_not_2,0.0,False,1.0,True,EXACT-UNCLASSIFIED
2137,False,5,1,0.03569199183957006,0.054944207087947554,0.9845009521433964,0.015620096165601356,1.0,True,,False,False,gcd_k_not_2,0.0,False,1.0,True,EXACT-UNCLASSIFIED
2138,False,5,1,0.03573250691919719,0.059561150146856784,0.973035827816801,0.027332673642358907,1.0,True,,False,False,gcd_k_not_2,0.0,False,1.0,True,EXACT-UNCLASSIFIED
2139,False,15,1,0.08985857740518173,0.1373998478096579,0.9918277024094064,0.008205827824071346,1.0,True,,False,False,gcd_k_not_2,0.0,False,1.0,True,EXACT-UNCLASSIFIED
2143,False,1,1,0.046972303074540166,0.07779423707076184,0.9716138537219335,0.028794833455324118,1.0,True,,False,False,gcd_k_not_2,0.0,False,1.0,True,EXACT-UNCLASSIFIED
2145,False,15,1,0.05344370238669275,0.08772628383071125,0.9941169958820814,0.0059003600391223324,1.0,True,,False,False,gcd_k_not_2,0.0,False,1.0,True,EXACT-UNCLASSIFIED
2146,False,13,1,0.03620777003292788,0.05409214498675018,0.9874856526944576,0.0125931447993866,1.0,True,,False,False,gcd_k_not_2,0.0,False,1.0,True,EXACT-UNCLASSIFIED
2147,False,5,1,0.05770772345935217,0.0946458285900906,0.9840552071793671,0.016072932610883113,1.0,True,,False,False,gcd_k_not_2,0.0,False,1.0,True,EXACT-UNCLASSIFIED
2151,False,21,1,0.05131258200298917,0.08420438026440147,0.995384445850533,0.004626230458060565,1.0,True,,False,False,gcd_k_not_2,0.0,False,1.0,True,EXACT-UNCLASSIFIED
2153,False,9,1,0.036241609321485756,0.056703980866934296,1.0076470221859122,0.007617895079570495,1.0,True,,False,False,gcd_k_not_2,0.09090909090909091,False,1.0,True,EXACT-UNCLASSIFIED
2155,False,1,1,0.061685253788205344,0.10133765075826201,1.0104972914480677,0.010442482556648305,1.0,True,,False,False,gcd_k_not_2,0.49173553719008267,False,1.0,True,EXACT-UNCLASSIFIED
2156,False,3,1,0.05017320176398078,0.08235776540864834,0.9839285751259474,0.016201616404494024,1.0,True,,False,False,gcd_k_not_2,0.0,False,1.0,True,EXACT-UNCLASSIFIED
2158,False,7,1,0.045404377406626166,0.07207987335999715,1.0030534323724016,0.0030487777540562947,1.0,True,,False,False,gcd_k_not_2,0.0,False,1.0,True,EXACT-UNCLASSIFIED
2160,False,9,1,0.048974446221943004,0.07604808562023063,1.0000885034132043,8.849949695052463e-05,1.0,True,,False,False,gcd_k_not_2,0.0,False,1.0,True,EXACT-UNCLASSIFIED
2161,False,9,1,0.055973203625270425,0.08728091489828702,0.990848165108965,0.009193905443345585,1.0,True,,False,False,gcd_k_not_2,0.0,False,1.0,True,EXACT-UNCLASSIFIED
2163,False,13,1,0.06259182104187226,0.10434024652813437,1.008696284262677,0.008658635285790939,1.0,True,,False,False,gcd_k_not_2,0.0,False,1.0,True,EXACT-UNCLASSIFIED
2164,False,5,1,0.08850103938983425,0.14138423616152992,0.9991233951404832,0.0008769892460341766,1.0,True,,False,False,gcd_k_not_2,0.0,False,1.0,True,EXACT-UNCLASSIFIED
2165,False,5,1,0.06979031458385172,0.10803450842456523,1.0131248314469974,0.013039262386489467,1.0,True,,False,False,gcd_k_not_2,0.0,False,1.0,True,EXACT-UNCLASSIFIED
2166,False,19,1,0.06127475541679428,0.09254093336224192,1.0149484016741726,0.01483750319536947,1.0,True,,False,False,gcd_k_not_2,0.0,False,1.0,True,EXACT-UNCLASSIFIED
2167,False,4,2,3.777861937219546,5.658545528484632,0.3198043612936048,1.030752221548506,0.53099173553719,False,1.0,True,True,,0.0,False,0.5,False,EXACT-UNCLASSIFIED
2168,False,9,1,0.05828770968099632,0.1010912294528653,0.9779843192706311,0.022260723216943425,1.0,True,,False,False,gcd_k_not_2,0.0,False,1.0,True,EXACT-UNCLASSIFIED
2169,False,21,1,0.04579543566007694,0.07115296638008548,0.9896927253164721,0.010360669818389607,1.0,True,,False,False,gcd_k_not_2,0.0,False,1.0,True,EXACT-UNCLASSIFIED
2172,False,12,2,3.780324389575449,5.66222288847517,0.315932252625634,1.0396701593254047,0.4690082644628099,False,1.0,True,True,,0.25,False,0.5,False,EXACT-UNCLASSIFIED
2173,False,9,1,0.052947069571432206,0.08937213269251122,1.008017300951962,0.007985290712546327,1.0,True,,False,False,gcd_k_not_2,0.0,False,1.0,True,EXACT-UNCLASSIFIED
2178,False,13,1,0.07522996651533813,0.12010670870563335,1.0013448246544105,0.0013439209853732047,1.0,True,,False,False,gcd_k_not_2,0.0,False,1.0,True,EXACT-UNCLASSIFIED
2180,False,13,1,0.03685083401720867,0.06337922348915703,1.0011960270708147,0.0011953122579053468,1.0,True,,False,False,gcd_k_not_2,0.0,False,1.0,True,EXACT-UNCLASSIFIED
2184,False,7,1,0.06583719379726463,0.11201781249645722,1.0411844901994736,0.040353520612386076,1.0,True,,False,False,gcd_k_not_2,0.0,False,1.0,True,EXACT-UNCLASSIFIED
2185,False,17,1,0.039065083195899936,0.06760925276658453,0.9870349959165274,0.01304959812999406,1.0,True,,False,False,gcd_k_not_2,0.0,False,1.0,True,EXACT-UNCLASSIFIED
2187,False,2,2,3.7781938923562075,5.65904199791136,0.3176684598241357,1.035664980957247,0.4855371900826446,False,1.0,True,True,,0.2727272727272727,False,0.5,False,EXACT-UNCLASSIFIED
2189,False,7,1,0.041801304240544644,0.07525471296281706,1.0264932686223842,0.026146910066367338,1.0,True,,False,False,gcd_k_not_2,0.0,False,1.0,True,EXACT-UNCLASSIFIED
2190,False,7,1,0.06157533790592069,0.10841672499126057,0.9784264604802774,0.02180878587166237,1.0,True,,False,False,gcd_k_not_2,0.0,False,1.0,True,EXACT-UNCLASSIFIED
2191,False,13,1,0.04266386911557186,0.07109267634318306,1.010488061652102,0.010433348849118208,1.0,True,,False,False,gcd_k_not_2,0.0,False,1.0,True,EXACT-UNCLASSIFIED
2193,False,9,1,0.034251505559351844,0.05477542539304127,1.0011335262207839,0.0011328841438428415,1.0,True,,False,False,gcd_k_not_2,0.0,False,1.0,True,EXACT-UNCLASSIFIED
2194,False,9,1,0.043359959296696136,0.07415520526963726,1.0178330258761636,0.017675422740611013,1.0,True,,False,False,gcd_k_not_2,0.0,False,1.0,True,EXACT-UNCLASSIFIED
2195,False,17,1,0.0636191979373771,0.0985310738928343,0.9855456691214555,0.01455955519264403,1.0,True,,False,False,gcd_k_not_2,0.0,False,1.0,True,EXACT-UNCLASSIFIED
2196,False,1,1,0.06402040101404746,0.10355773450360381,0.9835354120059657,0.016601254400982392,1.0,True,,False,False,gcd_k_not_2,0.2727272727272727,False,1.0,True,EXACT-UNCLASSIFIED
2197,False,9,1,0.0339399084070502,0.05269358558321384,0.9916563325140175,0.008378621702721703,1.0,True,,False,False,gcd_k_not_2,0.0,False,1.0,True,EXACT-UNCLASSIFIED
2204,False,13,1,0.060642930404111665,0.10139180041662309,1.0099902328681505,0.009940578521016036,1.0,True,,False,False,gcd_k_not_2,0.0,False,1.0,True,EXACT-UNCLASSIFIED
2205,False,21,1,0.07853321014020735,0.13295154056574734,0.9837993284783731,0.016332974095775266,1.0,True,,False,False,gcd_k_not_2,0.0,False,1.0,True,EXACT-UNCLASSIFIED
2206,False,3,1,0.04859187232053978,0.08561812732166504,1.0140267930028286,0.013929102682805219,1.0,True,,False,False,gcd_k_not_2,0.0,False,1.0,True,EXACT-UNCLASSIFIED
2209,False,3,1,0.06381300164640391,0.10029586887436717,1.0032058165005509,0.0032006860944036875,1.0,True,,False,False,gcd_k_not_2,0.0,False,1.0,True,EXACT-UNCLASSIFIED
2212,False,13,1,0.06322297764322359,0.10624739038582594,0.9895842438320086,0.010470284131251775,1.0,True,,False,False,gcd_k_not_2,0.0,False,1.0,True,EXACT-UNCLASSIFIED
2216,False,13,1,0.06087275846425547,0.08321644404598881,0.9862506798770778,0.013844496328905526,1.0,True,,False,False,gcd_k_not_2,0.0,False,1.0,True,EXACT-UNCLASSIFIED
2218,False,21,1,0.0405542185668376,0.06756447722808022,1.0071499065127993,0.007124436983604703,1.0,True,,False,False,gcd_k_not_2,0.0,False,1.0,True,EXACT-UNCLASSIFIED
2221,False,3,1,0.06577222619366951,0.1068909241830708,1.0069451605068949,0.006921126340234101,1.0,True,,False,False,gcd_k_not_2,0.0,False,1.0,True,EXACT-UNCLASSIFIED
2223,False,9,1,0.032015525815708136,0.05822896597547185,1.0098261009517995,0.009778060845310108,1.0,True,,False,False,gcd_k_not_2,0.0,False,1.0,True,EXACT-UNCLASSIFIED
2224,False,9,1,0.033643518392436116,0.050415913069566366,1.0073208615337217,0.0072941617595983855,1.0,True,,False,False,gcd_k_not_2,0.36363636363636365,False,1.0,True,EXACT-UNCLASSIFIED
2225,False,1,1,0.07281039231829095,0.12003816514321534,0.9989385737515142,0.001061989860442537,1.0,True,,False,False,gcd_k_not_2,0.0,False,1.0,True,EXACT-UNCLASSIFIED
2227,False,7,1,0.036977419864610464,0.06102279544646937,0.9828998127491259,0.017247656327291836,1.0,True,,False,False,gcd_k_not_2,0.0,False,1.0,True,EXACT-UNCLASSIFIED
2228,False,19,1,0.042146418563811454,0.06925948985348515,1.0052053125249008,0.005191800053976824,1.0,True,,False,False,gcd_k_not_2,0.0,False,1.0,True,EXACT-UNCLASSIFIED
2229,False,7,1,0.06553790551296015,0.10439825782355677,0.9982367825593481,0.0017647732801650993,1.0,True,,False,False,gcd_k_not_2,0.0,False,1.0,True,EXACT-UNCLASSIFIED
2233,False,21,1,0.05488257300604664,0.08677418456180008,0.9894019254204741,0.010654533349047526,1.0,True,,False,False,gcd_k_not_2,0.0,False,1.0,True,EXACT-UNCLASSIFIED
2236,False,15,1,0.05050507896164483,0.07927460286613859,1.004541330433108,0.0045310419537487705,1.0,True,,False,False,gcd_k_not_2,0.0,False,1.0,True,EXACT-UNCLASSIFIED
2237,False,19,1,0.061461582425211915,0.09376798491818394,0.9818330351518765,0.01833349684448192,1.0,True,,False,False,gcd_k_not_2,0.512396694214876,False,1.0,True,EXACT-UNCLASSIFIED
2239,False,20,2,3.7735144164593994,5.652052550974787,0.3131981721263845,1.0459987570063667,0.506198347107438,False,1.0,True,True,,0.0,False,0.5,False,EXACT-UNCLASSIFIED
2241,False,21,1,0.07520305644914416,0.12366410156199772,1.0135640982725387,0.01347272558561755,1.0,True,,False,False,gcd_k_not_2,0.0,False,1.0,True,EXACT-UNCLASSIFIED
2242,False,15,1,0.045660810164871134,0.07794490382648764,0.993489335079476,0.006531928519461498,1.0,True,,False,False,gcd_k_not_2,0.0,False,1.0,True,EXACT-UNCLASSIFIED
2245,False,7,1,0.033830423160359606,0.06057701972309785,0.9854112532697208,0.014695944435948334,1.0,True,,False,False,gcd_k_not_2,0.0,False,1.0,True,EXACT-UNCLASSIFIED
2246,False,19,1,0.03320073089984718,0.0536917410469051,0.9985654753777214,0.0014355542912673216,1.0,True,,False,False,gcd_k_not_2,0.2768595041322314,False,1.0,True,EXACT-UNCLASSIFIED
2247,False,13,1,0.06389024979415435,0.10563206886337237,0.9815830842006753,0.018588083382588643,1.0,True,,False,False,gcd_k_not_2,0.6363636363636364,False,1.0,True,EXACT-UNCLASSIFIED
2249,False,17,1,0.07963917962588209,0.128041799924779,1.0145731886085088,0.014467767853670996,1.0,True,,False,False,gcd_k_not_2,0.0,False,1.0,True,EXACT-UNCLASSIFIED
2253,False,3,1,0.05035906652650356,0.08174201408745778,1.0072341469519568,0.007208074815727918,1.0,True,,False,False,gcd_k_not_2,0.0,False,1.0,True,EXACT-UNCLASSIFIED
2255,False,15,1,0.07180438713857666,0.12700308479802622,1.0030040180452555,0.0029995127500415135,1.0,True,,False,False,gcd_k_not_2,0.0,False,1.0,True,EXACT-UNCLASSIFIED
2256,False,5,1,0.06615999923886583,0.10811784895582734,0.9959322536522689,0.004076036489001785,1.0,True,,False,False,gcd_k_not_2,0.0,False,1.0,True,EXACT-UNCLASSIFIED
2257,False,5,1,0.03808784097021761,0.063349740551519,1.0040073278924602,0.003999314609966445,1.0,True,,False,False,gcd_k_not_2,0.0,False,1.0,True,EXACT-UNCLASSIFIED
2259,False,7,1,0.03827868386850305,0.06268685935521985,1.018151097837933,0.017987848241272315,1.0,True,,False,False,gcd_k_not_2,0.6611570247933884,False,1.0,True,EXACT-UNCLASSIFIED
2262,False,21,1,0.03318541904796915,0.05507699082614782,0.9936009139290043,0.006419625940464025,1.0,True,,False,False,gcd_k_not_2,0.0,False,1.0,True,EXACT-UNCLASSIFIED
2263,False,7,1,0.07039166008101416,0.1068798137120047,0.9946426037502308,0.005371785641895418,1.0,True,,False,False,gcd_k_not_2,0.0,False,1.0,True,EXACT-UNCLASSIFIED
2264,False,12,2,3.7675584755178995,5.643157493039258,0.31701451767955086,1.0371722910447516,0.5082644628099173,False,1.0,True,True,,0.0,False,0.5,False,EXACT-UNCLASSIFIED
2268,False,1,1,0.05152233205324971,0.0865288053471562,0.9905466256181645,0.009498269731712217,1.0,True,,False,False,gcd_k_not_2,0.0,False,1.0,True,EXACT-UNCLASSIFIED
2270,False,3,1,0.042963994135113856,0.06628693387437572,0.9810165371021614,0.01916537549515633,1.0,True,,False,False,gcd_k_not_2,0.0,False,1.0,True,EXACT-UNCLASSIFIED
2272,False,17,1,0.04746742561612688,0.08175135601754681,0.9719750231462082,0.02842325741943638,1.0,True,,False,False,gcd_k_not_2,0.13636363636363635,False,1.0,True,EXACT-UNCLASSIFIED
2275,False,17,1,0.04512987315899479,0.07108513374578775,0.9989832425851625,0.0010172745755714068,1.0,True,,False,False,gcd_k_not_2,0.0,False,1.0,True,EXACT-UNCLASSIFIED
2278,False,7,1,0.04566397428336878,0.07814587503625325,1.0087112546760837,0.008673476245831448,1.0,True,,False,False,gcd_k_not_2,0.0,False,1.0,True,EXACT-UNCLASSIFIED
2279,False,3,1,0.04730648158042178,0.07646646340095857,1.0018634444339727,0.0018617098375554885,1.0,True,,False,False,gcd_k_not_2,0.0,False,1.0,True,EXACT-UNCLASSIFIED
2280,False,17,1,0.03726146141857438,0.05948140363222868,1.0323034732663119,0.03179000940680752,1.0,True,,False,False,gcd_k_not_2,0.0,False,1.0,True,EXACT-UNCLASSIFIED
2282,False,21,1,0.042620095123910136,0.07043063345410687,0.9965948838825833,0.003410923412560373,1.0,True,,False,False,gcd_k_not_2,0.0,False,1.0,True,EXACT-UNCLASSIFIED
2283,False,15,1,0.07041727113262135,0.11334919968449833,0.9980532730904198,0.001948623628607468,1.0,True,,False,False,gcd_k_not_2,0.36363636363636365,False,1.0,True,EXACT-UNCLASSIFIED
2284,False,17,1,0.06668280013201006,0.10336732662237619,0.9880533291875264,0.01201846111176094,1.0,True,,False,False,gcd_k_not_2,0.0,False,1.0,True,EXACT-UNCLASSIFIED
2290,False,13,1,0.0637896104581172,0.10115834383865312,1.0082996155824275,0.008265316109240538,1.0,True,,False,False,gcd_k_not_2,0.0,False,1.0,True,EXACT-UNCLASSIFIED
2291,False,9,1,0.06445484525509218,0.0966469637801014,0.9950584723214865,0.004953767267546258,1.0,True,,False,False,gcd_k_not_2,0.0,False,1.0,True,EXACT-UNCLASSIFIED
2297,False,16,2,3.7768591974144132,5.657048157669327,0.31631767968804186,1.0387801225521578,0.4896694214876033,False,1.0,True,True,,0.0,False,0.5,False,EXACT-UNCLASSIFIED
2298,False,12,2,3.774178269169255,5.653043850150993,0.3191512966136494,1.0322526386990412,0.48140495867768596,False,1.0,True,True,,0.0,False,0.5,False,EXACT-UNCLASSIFIED
2300,False,21,1,0.049466504818696085,0.07940496110189237,0.9964052167857029,0.003601256081753645,1.0,True,,False,False,gcd_k_not_2,0.0,False,1.0,True,EXACT-UNCLASSIFIED
2303,False,7,1,0.029950503166092213,0.056469384523085864,1.0583009212445387,0.056649560462993395,1.0,True,,False,False,gcd_k_not_2,0.0,False,1.0,True,EXACT-UNCLASSIFIED
2305,False,3,1,0.03394467741962974,0.06206305334567347,1.0014599765362553,0.0014589115479410354,1.0,True,,False,False,gcd_k_not_2,0.0,False,1.0,True,EXACT-UNCLASSIFIED
2307,False,3,1,0.041258101067370545,0.07089764851189616,1.0208800722316425,0.020664335819378595,1.0,True,,False,False,gcd_k_not_2,0.0,False,1.0,True,EXACT-UNCLASSIFIED
2310,False,15,1,0.04791118186170133,0.07754436981482,1.0201882630428871,0.01998651651651389,1.0,True,,False,False,gcd_k_not_2,0.0,False,1.0,True,EXACT-UNCLASSIFIED
2311,False,15,1,0.0674459168375129,0.10803448466609564,0.9796961536486486,0.0205120834466751,1.0,True,,False,False,gcd_k_not_2,0.0,False,1.0,True,EXACT-UNCLASSIFIED
2314,False,21,1,0.03411379585537127,0.059533534930691,1.01267777966947,0.012597922824538749,1.0,True,,False,False,gcd_k_not_2,0.0,False,1.0,True,EXACT-UNCLASSIFIED
2316,False,17,1,0.044807619825426165,0.07249519752001726,1.0327563915509104,0.03222854611311144,1.0,True,,False,False,gcd_k_not_2,0.0,False,1.0,True,EXACT-UNCLASSIFIED
2317,False,7,1,0.040013998341579926,0.05744730620886221,1.0068512007044859,0.006827811351515027,1.0,True,,False,False,gcd_k_not_2,0.0,False,1.0,True,EXACT-UNCLASSIFIED
2318,False,5,1,0.06028704789120363,0.09739978667755057,0.985800973978488,0.014300552983479192,1.0,True,,False,False,gcd_k_not_2,0.0,False,1.0,True,EXACT-UNCLASSIFIED
2319,False,15,1,0.08265162097378845,0.13307024102681,0.9971749746871773,0.002829021341272532,1.0,True,,False,False,gcd_k_not_2,0.0,False,1.0,True,EXACT-UNCLASSIFIED
2321,False,5,1,0.0714426430887593,0.12001212723235383,0.983236362799554,0.016905334648848795,1.0,True,,False,False,gcd_k_not_2,0.0,False,1.0,True,EXACT-UNCLASSIFIED
2322,False,15,1,0.03883363276569037,0.062179539002175585,0.9731293073771395,0.027236626127234816,1.0,True,,False,False,gcd_k_not_2,0.24380165289256198,False,1.0,True,EXACT-UNCLASSIFIED
2324,False,7,1,0.07290676091149174,0.11145207954843989,1.0066617270807148,0.006639611441043575,1.0,True,,False,False,gcd_k_not_2,0.0,False,1.0,True,EXACT-UNCLASSIFIED
2326,False,13,1,0.04681986410629813,0.08017959332292414,0.9946436670166394,0.0053707166567469366,1.0,True,,False,False,gcd_k_not_2,0.0,False,1.0,True,EXACT-UNCLASSIFIED
2327,False,3,1,0.04806652188058363,0.06927794256091477,1.011481132637542,0.011415600625085034,1.0,True,,False,False,gcd_k_not_2,0.0,False,1.0,True,EXACT-UNCLASSIFIED
2329,False,5,1,0.03129184094070568,0.055656514107277365,0.9803670375340507,0.019827599726559977,1.0,True,,False,False,gcd_k_not_2,0.0,False,1.0,True,EXACT-UNCLASSIFIED
2330,False,3,1,0.0634186058466156,0.1006181283313756,0.9659337448785975,0.03465656481063784,1.0,True,,False,False,gcd_k_not_2,0.0,False,1.0,True,EXACT-UNCLASSIFIED
2331,False,19,1,0.056582195590882296,0.09638778362443237,1.001133570574275,0.0011329284470998802,1.0,True,,False,False,gcd_k_not_2,0.0,False,1.0,True,EXACT-UNCLASSIFIED
2332,False,13,1,0.03666499027694142,0.05570820143236041,0.9974192080193282,0.0025841265271810223,1.0,True,,False,False,gcd_k_not_2,0.0,False,1.0,True,EXACT-UNCLASSIFIED
2335,False,5,1,0.08621608249316022,0.12617391429374994,1.0126896662822995,0.012609660093042492,1.0,True,,False,False,gcd_k_not_2,0.0,False,1.0,True,EXACT-UNCLASSIFIED
2338,False,1,1,0.06663230159156805,0.10045707002565013,0.9757991698174928,0.024497257162773928,1.0,True,,False,False,gcd_k_not_2,0.0,False,1.0,True,EXACT-UNCLASSIFIED
2339,False,7,1,0.07495860965041257,0.12164113590110105,1.0094118122841789,0.009367728632469896,1.0,True,,False,False,gcd_k_not_2,0.0,False,1.0,True,EXACT-UNCLASSIFIED
2340,False,9,1,0.07445806869042662,0.11304828038381975,1.0034766716797607,0.0034706385443917446,1.0,True,,False,False,gcd_k_not_2,0.0,False,1.0,True,EXACT-UNCLASSIFIED
2341,False,19,1,0.03993829789970546,0.07203192480747911,0.996913984703619,0.0030907844003496606,1.0,True,,False,False,gcd_k_not_2,0.0,False,1.0,True,EXACT-UNCLASSIFIED
2342,False,17,1,0.03879151886928985,0.06694775853232401,1.020419350965797,0.020212982969140834,1.0,True,,False,False,gcd_k_not_2,0.18181818181818182,False,1.0,True,EXACT-UNCLASSIFIED
2344,False,9,1,0.04529933539418844,0.0664500418291571,0.9794201635451486,0.0207938029872272,1.0,True,,False,False,gcd_k_not_2,0.0,False,1.0,True,EXACT-UNCLASSIFIED
2345,False,9,1,0.05627013452208228,0.09181676279431146,1.0099928562378098,0.009943175874280206,1.0,True,,False,False,gcd_k_not_2,0.09090909090909091,False,1.0,True,EXACT-UNCLASSIFIED
2352,False,15,1,0.06873599668860146,0.10718258795106868,0.9942022696991878,0.005814586001536131,1.0,True,,False,False,gcd_k_not_2,0.0,False,1.0,True,EXACT-UNCLASSIFIED
2354,False,15,1,0.04919762706645089,0.08664714356946929,1.0096512483955147,0.009604898763624015,1.0,True,,False,False,gcd_k_not_2,0.0,False,1.0,True,EXACT-UNCLASSIFIED
2357,False,19,1,0.08364530175832384,0.11938346269682418,1.004978184168758,0.004965823776104422,1.0,True,,False,False,gcd_k_not_2,0.0,False,1.0,True,EXACT-UNCLASSIFIED
2358,False,9,1,0.05914209642513979,0.09758005193843083,0.9993897111734106,0.0006104751096585962,1.0,True,,False,False,gcd_k_not_2,0.0,False,1.0,True,EXACT-UNCLASSIFIED
2359,False,9,1,0.046321332304381825,0.07532695677830852,0.9862542726750875,0.013840853624848137,1.0,True,,False,False,gcd_k_not_2,0.0,False,1.0,True,EXACT-UNCLASSIFIED
2362,False,5,1,0.039019467737719526,0.0672390621911518,1.0158895217528032,0.015764278331073904,1.0,True,,False,False,gcd_k_not_2,0.0,False,1.0,True,EXACT-UNCLASSIFIED
2363,False,1,1,0.035211324459045984,0.05661854911823325,1.0013124931441282,0.0013116323898685013,1.0,True,,False,False,gcd_k_not_2,0.3181818181818182,False,1.0,True,EXACT-UNCLASSIFIED
2366,False,1,1,0.057657653379748916,0.0945306858501707,0.9951458547148909,0.004865955312126983,1.0,True,,False,False,gcd_k_not_2,0.0,False,1.0,True,EXACT-UNCLASSIFIED
2368,False,19,1,0.06914747104294842,0.11438652674945747,1.01902012673396,0.018840948123412412,1.0,True,,False,False,gcd_k_not_2,0.0,False,1.0,True,EXACT-UNCLASSIFIED
2369,False,21,1,0.05803268679951618,0.08916705079290703,0.9970208088914346,0.0029836355187697755,1.0,True,,False,False,gcd_k_not_2,0.0,False,1.0,True,EXACT-UNCLASSIFIED
2370,False,7,1,0.04841831674710068,0.07709552252557401,0.9908544533799918,0.009187559245711093,1.0,True,,False,False,gcd_k_not_2,0.045454545454545456,False,1.0,True,EXACT-UNCLASSIFIED
2372,False,5,1,0.06126551624923645,0.09385091491224457,0.9844291801274496,0.01569299628173214,1.0,True,,False,False,gcd_k_not_2,0.0,False,1.0,True,EXACT-UNCLASSIFIED
2374,False,13,1,0.04885678180189142,0.07889778954650037,0.9892447288272503,0.010813421814710957,1.0,True,,False,False,gcd_k_not_2,0.0,False,1.0,True,EXACT-UNCLASSIFIED
2375,False,6,2,3.7816317472039955,5.664175014543997,0.3182473192960385,1.034331981146036,0.5206611570247934,False,1.0,True,True,,0.0,False,0.5,False,EXACT-UNCLASSIFIED
2378,False,15,1,0.055914564865286384,0.08324303323573723,0.9734169314549129,0.026941157868234682,1.0,True,,False,False,gcd_k_not_2,0.0,False,1.0,True,EXACT-UNCLASSIFIED
2379,False,17,1,0.046378309440543275,0.06711205515061665,1.0018853908304228,0.001883615155052049,1.0,True,,False,False,gcd_k_not_2,0.0,False,1.0,True,EXACT-UNCLASSIFIED
2380,False,3,1,0.0418946025581442,0.06539522058063704,0.9942492978171085,0.005767285152549553,1.0,True,,False,False,gcd_k_not_2,0.0,False,1.0,True,EXACT-UNCLASSIFIED
2381,False,17,1,0.05964320175970487,0.09620793145421187,0.9947454198206254,0.00526842185189446,1.0,True,,False,False,gcd_k_not_2,0.0,False,1.0,True,EXACT-UNCLASSIFIED
2383,False,19,1,0.035907492979957045,0.05359527127905755,0.9916613213618343,0.008373590980281712,1.0,True,,False,False,gcd_k_not_2,0.7066115702479339,False,1.0,True,EXACT-UNCLASSIFIED
2384,False,9,1,0.04743138583195554,0.07098988716784387,1.000432588549292,0.0004324950030990362,1.0,True,,False,False,gcd_k_not_2,0.0,False,1.0,True,EXACT-UNCLASSIFIED
2385,False,17,1,0.06148990853648654,0.10289723242294375,1.011000612407486,0.010940436655875909,1.0,True,,False,False,gcd_k_not_2,0.0,False,1.0,True,EXACT-UNCLASSIFIED
2388,False,6,2,3.7819988196669945,5.664723322042107,0.31886272051660125,1.0329161161164613,0.4793388429752066,False,1.0,True,True,,0.0,False,0.5,False,EXACT-UNCLASSIFIED
2389,False,21,1,0.07575498838049204,0.1125189450418706,0.9982177875949708,0.0017838019620215848,1.0,True,,False,False,gcd_k_not_2,0.0,False,1.0,True,EXACT-UNCLASSIFIED
2392,False,17,1,0.04143608978285846,0.05811353526639741,1.0053677933840772,0.005353425343506719,1.0,True,,False,False,gcd_k_not_2,0.0,False,1.0,True,EXACT-UNCLASSIFIED
2399,False,17,1,0.04948794584075902,0.08061613503936177,1.0244799585167739,0.024183947500975935,1.0,True,,False,False,gcd_k_not_2,0.0,False,1.0,True,EXACT-UNCLASSIFIED
2403,False,7,1,0.051321208030776014,0.0852228101269261,0.987516027431516,0.012562386814678547,1.0,True,,False,False,gcd_k_not_2,0.11570247933884298,False,1.0,True,EXACT-UNCLASSIFIED
2404,False,15,1,0.05124753366261449,0.08224111588622746,0.9982399926645346,0.0017615575125373734,1.0,True,,False,False,gcd_k_not_2,0.5,False,1.0,True,EXACT-UNCLASSIFIED
2405,False,16,2,3.7431092746327055,5.606642477258758,0.3129606057497889,1.046549898361749,0.493801652892562,False,1.0,True,True,,0.0,False,0.5,False,EXACT-UNCLASSIFIED
2406,False,13,1,0.04078828705789069,0.05466750276257958,1.0064974283944468,0.006476388459312199,1.0,True,,False,False,gcd_k_not_2,0.0,False,1.0,True,EXACT-UNCLASSIFIED
2415,False,19,1,0.03462489840962576,0.06138681184933884,0.9916895746468688,0.008345101022687946,1.0,True,,False,False,gcd_k_not_2,0.0,False,1.0,True,EXACT-UNCLASSIFIED
2416,False,1,1,0.039887087384445886,0.06814571664926049,1.01632778224785,0.016195563431306237,1.0,True,,False,False,gcd_k_not_2,0.0,False,1.0,True,EXACT-UNCLASSIFIED
2418,False,13,1,0.04002117238819748,0.06506006379334318,0.9791285515755166,0.02109155406592292,1.0,True,,False,False,gcd_k_not_2,0.0,False,1.0,True,EXACT-UNCLASSIFIED
2419,False,15,1,0.05529804988774003,0.07556794682229266,1.0006583264679634,0.0006581098423994237,1.0,True,,False,False,gcd_k_not_2,0.5454545454545454,False,1.0,True,EXACT-UNCLASSIFIED
2422,False,3,1,0.026783639073138764,0.046295372597264746,1.06148361748651,0.059649872514121474,1.0,True,,False,False,gcd_k_not_2,0.0,False,1.0,True,EXACT-UNCLASSIFIED
2423,False,21,1,0.03267974302887335,0.052333395172638325,0.9926453351600255,0.007381810209977785,1.0,True,,False,False,gcd_k_not_2,0.0,False,1.0,True,EXACT-UNCLASSIFIED
2424,False,7,1,0.049191032839342876,0.07140103355214754,0.9940597817538274,0.005957913900603428,1.0,True,,False,False,gcd_k_not_2,0.0,False,1.0,True,EXACT-UNCLASSIFIED
2425,False,13,1,0.056821584690683026,0.08835198314587518,0.9837967401651121,0.016335604859940688,1.0,True,,False,False,gcd_k_not_2,0.0,False,1.0,True,EXACT-UNCLASSIFIED
2426,False,15,1,0.029411555005650573,0.0516091691672436,0.9692014907236897,0.03128020105752785,1.0,True,,False,False,gcd_k_not_2,0.0,False,1.0,True,EXACT-UNCLASSIFIED
2429,False,17,1,0.03971265984660993,0.06642736551072362,0.9939592651124857,0.00605903540077946,1.0,True,,False,False,gcd_k_not_2,0.0,False,1.0,True,EXACT-UNCLASSIFIED
2430,False,13,1,0.038473346896893294,0.06365728637743193,0.9682290146588209,0.03228382988418285,1.0,True,,False,False,gcd_k_not_2,0.4090909090909091,False,1.0,True,EXACT-UNCLASSIFIED
2434,False,9,1,0.03714983180492251,0.06453399475022781,1.0150495192918312,0.014937121046156977,1.0,True,,False,False,gcd_k_not_2,0.0,False,1.0,True,EXACT-UNCLASSIFIED
2437,False,21,1,0.05524468883942558,0.08835563486869062,0.9800384198315402,0.020162821052894655,1.0,True,,False,False,gcd_k_not_2,0.0,False,1.0,True,EXACT-UNCLASSIFIED
2438,False,1,1,0.0364822960837044,0.060660920734662636,0.9492007807342014,0.0521231263273598,1.0,True,,False,False,gcd_k_not_2,0.0,False,1.0,True,EXACT-UNCLASSIFIED
2440,False,1,1,0.0495119999114296,0.07717464797684462,1.0096748604898778,0.009628284336023718,1.0,True,,False,False,gcd_k_not_2,0.0,False,1.0,True,EXACT-UNCLASSIFIED
2442,False,1,1,0.06181267038101349,0.10405502978453862,1.004528788529377,0.004518556735420704,1.0,True,,False,False,gcd_k_not_2,0.0,False,1.0,True,EXACT-UNCLASSIFIED
2445,False,17,1,0.027042118274527252,0.04966515720125002,1.0090759861902796,0.009034985488517937,1.0,True,,False,False,gcd_k_not_2,0.0,False,1.0,True,EXACT-UNCLASSIFIED
2449,False,9,1,0.04142282572790426,0.06342863983528327,0.999482182014051,0.0005179520884026076,1.0,True,,False,False,gcd_k_not_2,0.5,False,1.0,True,EXACT-UNCLASSIFIED
2450,False,9,1,0.055952385358968466,0.09251960165894649,0.9991339251621666,0.000866450043123683,1.0,True,,False,False,gcd_k_not_2,0.0,False,1.0,True,EXACT-UNCLASSIFIED
2451,False,8,2,3.7846653209433576,5.668705681904031,0.3126047860418317,1.0473757543289373,0.4607438016528926,False,1.0,True,True,,0.0,False,0.5,False,EXACT-UNCLASSIFIED
2452,False,15,1,0.05139031132092803,0.0784960608816654,0.9944218876639528,0.00559371351723465,1.0,True,,False,False,gcd_k_not_2,0.0,False,1.0,True,EXACT-UNCLASSIFIED
2453,False,4,2,3.7656521957282587,5.6403106073593925,0.31780329707742716,1.0353543725919068,0.506198347107438,False,1.0,True,True,,0.0,False,0.5,False,EXACT-UNCLASSIFIED
2455,False,5,1,0.06070826933894847,0.09308428840041566,0.9943092008228815,0.005707037980640514,1.0,True,,False,False,gcd_k_not_2,0.0,False,1.0,True,EXACT-UNCLASSIFIED
2456,False,7,1,0.056805450556343104,0.09261539392227332,0.98432892080477,0.015794840291774283,1.0,True,,False,False,gcd_k_not_2,0.4628099173553719,False,1.0,True,EXACT-UNCLASSIFIED
2457,False,9,1,0.08681272765207691,0.13097634550131582,0.9975973924425507,0.0024054972904339355,1.0,True,,False,False,gcd_k_not_2,0.0,False,1.0,True,EXACT-UNCLASSIFIED
2458,False,19,1,0.04426241511273703,0.07029727953506586,0.9620534686610137,0.03868042532488433,1.0,True,,False,False,gcd_k_not_2,0.0,False,1.0,True,EXACT-UNCLASSIFIED
2460,False,10,2,3.76778709031786,5.6434989289199695,0.3176321146199621,1.0357487159105103,0.5413223140495868,False,1.0,True,True,,0.0,False,0.5,False,EXACT-UNCLASSIFIED
2461,False,7,1,0.07296759136738652,0.10975128737598083,0.9951683678221128,0.004843332779139157,1.0,True,,False,False,gcd_k_not_2,0.0,False,1.0,True,EXACT-UNCLASSIFIED
2466,False,1,1,0.03963590931237968,0.06981137034851295,1.0095141797070701,0.009469134184917365,1.0,True,,False,False,gcd_k_not_2,0.0,False,1.0,True,EXACT-UNCLASSIFIED
2468,False,21,1,0.03934401051998469,0.07301177622767119,1.011638524563921,0.011571188781487367,1.0,True,,False,False,gcd_k_not_2,0.0,False,1.0,True,EXACT-UNCLASSIFIED
2469,False,3,1,0.037135833032247,0.06356952338696022,0.999798053840168,0.00020196655301696527,1.0,True,,False,False,gcd_k_not_2,0.0,False,1.0,True,EXACT-UNCLASSIFIED
2472,False,12,2,3.7656251543230397,5.640270107482174,0.3199200444893221,1.0304865940175962,0.48140495867768596,False,1.0,True,True,,0.0,False,0.5,False,EXACT-UNCLASSIFIED
2473,False,3,1,0.032228609686060235,0.057125216825286096,0.9942485145217856,0.0057680729721827076,1.0,True,,False,False,gcd_k_not_2,0.22727272727272727,False,1.0,True,EXACT-UNCLASSIFIED
2476,False,13,1,0.04428546601056333,0.0698229710945416,1.0106888818493311,0.010632059435769062,1.0,True,,False,False,gcd_k_not_2,0.0,False,1.0,True,EXACT-UNCLASSIFIED
2479,False,15,1,0.028662553308221386,0.05652941974297824,0.9663702088184973,0.03420494373916426,1.0,True,,False,False,gcd_k_not_2,0.0,False,1.0,True,EXACT-UNCLASSIFIED
2480,False,3,1,0.046029648789892776,0.07369805303410579,0.9880725510451449,0.0119990077309651,1.0,True,,False,False,gcd_k_not_2,0.0,False,1.0,True,EXACT-UNCLASSIFIED
2490,False,7,1,0.054912566416019104,0.08035963186021115,0.9942909625324295,0.0057253806739623655,1.0,True,,False,False,gcd_k_not_2,0.3181818181818182,False,1.0,True,EXACT-UNCLASSIFIED
2491,False,21,1,0.05182127620930937,0.08591134938853186,1.028881291445051,0.02847016389458697,1.0,True,,False,False,gcd_k_not_2,0.0,False,1.0,True,EXACT-UNCLASSIFIED
2493,False,21,1,0.05448795800962267,0.08528150007602671,0.9923870117726862,0.007642077751290271,1.0,True,,False,False,gcd_k_not_2,0.0,False,1.0,True,EXACT-UNCLASSIFIED
2495,False,13,1,0.02870681995196413,0.04616716129634414,0.9763531419738843,0.02392979020186474,1.0,True,,False,False,gcd_k_not_2,0.0,False,1.0,True,EXACT-UNCLASSIFIED
2497,False,9,1,0.07030380543169423,0.11582870185382936,1.0044489991667847,0.004439124336547284,1.0,True,,False,False,gcd_k_not_2,0.0,False,1.0,True,EXACT-UNCLASSIFIED
2498,False,5,1,0.06969328663010696,0.11313456004101038,1.0205417304161142,0.020332894002524467,1.0,True,,False,False,gcd_k_not_2,0.0,False,1.0,True,EXACT-UNCLASSIFIED
2500,False,7,1,0.0337862096430587,0.05838784026226799,1.0150932479313124,0.014980198009999843,1.0,True,,False,False,gcd_k_not_2,0.0,False,1.0,True,EXACT-UNCLASSIFIED
2501,False,3,1,0.06543869249785152,0.10933543589017844,0.9800579069539228,0.020142939230252732,1.0,True,,False,False,gcd_k_not_2,0.0,False,1.0,True,EXACT-UNCLASSIFIED
2505,False,16,2,3.7607998876107023,5.633063670865864,0.3196662740560696,1.0310693533947575,0.5041322314049587,False,1.0,True,True,,0.0,False,0.5,False,EXACT-UNCLASSIFIED
2507,False,5,1,0.06239533145047888,0.09256245086089646,1.0070511533312054,0.007026381285302339,1.0,True,,False,False,gcd_k_not_2,0.0,False,1.0,True,EXACT-UNCLASSIFIED
2509,False,3,1,0.06622310189871326,0.09929808095057766,1.0019006378239106,0.0018988333266896473,1.0,True,,False,False,gcd_k_not_2,0.0,False,1.0,True,EXACT-UNCLASSIFIED
2510,False,15,1,0.06567171801927958,0.10529451243207422,0.999808070860921,0.00019194755924382156,1.0,True,,False,False,gcd_k_not_2,0.0,False,1.0,True,EXACT-UNCLASSIFIED
2511,False,21,1,0.04480424819136158,0.07156377488151779,1.0017542897986154,0.001752752380804807,1.0,True,,False,False,gcd_k_not_2,0.0,False,1.0,True,EXACT-UNCLASSIFIED
2512,False,19,1,0.03881701871410899,0.06557189786396289,1.0230733444856812,0.022810190790731828,1.0,True,,False,False,gcd_k_not_2,0.0,False,1.0,True,EXACT-UNCLASSIFIED
2514,False,21,1,0.04384733362601216,0.07002875533869167,0.976219918886747,0.024066229558751713,1.0,True,,False,False,gcd_k_not_2,0.0,False,1.0,True,EXACT-UNCLASSIFIED
2515,False,15,1,0.05695309969993543,0.0900462066310526,0.9944752048065885,0.005540099149989022,1.0,True,,False,False,gcd_k_not_2,0.0,False,1.0,True,EXACT-UNCLASSIFIED
2516,False,9,1,0.056253814471798065,0.08653494606186427,1.0217915348448365,0.021556658507336107,1.0,True,,False,False,gcd_k_not_2,0.0,False,1.0,True,EXACT-UNCLASSIFIED
2518,False,5,1,0.04172417046303999,0.05293887940404133,1.0403269586483965,0.03952989836012454,1.0,True,,False,False,gcd_k_not_2,0.5,False,1.0,True,EXACT-UNCLASSIFIED
2519,False,19,1,0.03222991816674349,0.05491373460878579,0.9944266196124301,0.005588955073867791,1.0,True,,False,False,gcd_k_not_2,0.0,False,1.0,True,EXACT-UNCLASSIFIED
2521,False,9,1,0.08165469668150781,0.13533408753577816,0.9989328442533684,0.0010677254613125446,1.0,True,,False,False,gcd_k_not_2,0.0,False,1.0,True,EXACT-UNCLASSIFIED
2524,False,21,1,0.04018061099599285,0.06427033135373635,0.9991797991587904,0.0008205373439194125,1.0,True,,False,False,gcd_k_not_2,0.3140495867768595,False,1.0,True,EXACT-UNCLASSIFIED
2525,False,5,1,0.049449301181351456,0.08029839821506979,0.9894554621291011,0.010600426168489607,1.0,True,,False,False,gcd_k_not_2,0.0,False,1.0,True,EXACT-UNCLASSIFIED
2526,False,3,1,0.06344326830306357,0.10092245708910462,1.0148365927751613,0.014727340994661796,1.0,True,,False,False,gcd_k_not_2,0.0,False,1.0,True,EXACT-UNCLASSIFIED
2528,False,3,1,0.02985791864478822,0.046905128667201486,0.9701932922531988,0.030257648185080293,1.0,True,,False,False,gcd_k_not_2,0.0,False,1.0,True,EXACT-UNCLASSIFIED
2532,False,13,1,0.03787097302626533,0.05719845209831064,1.0038648854529237,0.0038574311880815106,1.0,True,,False,False,gcd_k_not_2,0.0,False,1.0,True,EXACT-UNCLASSIFIED
2533,False,3,1,0.06223214676987046,0.10705095725140171,0.9849855498441243,0.015128019604026568,1.0,True,,False,False,gcd_k_not_2,0.0,False,1.0,True,EXACT-UNCLASSIFIED
2534,False,8,2,3.762151319436353,5.635082299273828,0.3210062644597286,1.0279947246396586,0.49586776859504134,False,1.0,True,True,,0.0,False,0.5,False,EXACT-UNCLASSIFIED
2538,False,5,1,0.05009662009898088,0.07549718749588419,0.9985511312295453,0.0014499191417367383,1.0,True,,False,False,gcd_k_not_2,0.5909090909090909,False,1.0,True,EXACT-UNCLASSIFIED
2541,False,19,1,0.05187845962623706,0.08540697590490255,1.0012683661943291,0.0012675623277263537,1.0,True,,False,False,gcd_k_not_2,0.0,False,1.0,True,EXACT-UNCLASSIFIED
2542,False,17,1,0.06615695572310576,0.11380052244765387,1.0122882334581793,0.012213194167578718,1.0,True,,False,False,gcd_k_not_2,0.0,False,1.0,True,EXACT-UNCLASSIFIED
2543,False,21,1,0.049882457811886126,0.0839368909633126,0.9844817540348217,0.01563959551013934,1.0,True,,False,False,gcd_k_not_2,0.0,False,1.0,True,EXACT-UNCLASSIFIED
2544,False,12,2,3.768612400696375,5.644731626461385,0.31420005296801834,1.0436766388544207,0.4731404958677686,False,1.0,True,True,,0.0,False,0.5,False,EXACT-UNCLASSIFIED
2545,False,7,1,0.03327835392533348,0.054257797329583635,1.0097927346872553,0.009745019492051461,1.0,True,,False,False,gcd_k_not_2,0.0,False,1.0,True,EXACT-UNCLASSIFIED
2547,False,20,2,3.761685688218823,5.634386611692781,0.31788117585586995,1.0351750015719625,0.4793388429752066,False,1.0,True,True,,0.0,False,0.5,False,EXACT-UNCLASSIFIED
2552,False,1,1,0.03241515584258177,0.05833818991212431,0.9847319462094887,0.015385507166013838,1.0,True,,False,False,gcd_k_not_2,0.0,False,1.0,True,EXACT-UNCLASSIFIED
2553,False,7,1,0.05427848284260617,0.08318412675982553,1.0059497412504352,0.005932094038135141,1.0,True,,False,False,gcd_k_not_2,0.0,False,1.0,True,EXACT-UNCLASSIFIED
2556,False,21,1,0.08475359095374713,0.1329288767726966,0.9976471087101579,0.002355662598847369,1.0,True,,False,False,gcd_k_not_2,0.0,False,1.0,True,EXACT-UNCLASSIFIED
2558,False,12,2,3.7754989389492004,5.655016656112284,0.317201292345623,1.0367416303372652,0.5041322314049587,False,1.0,True,True,,0.0,False,0.5,False,EXACT-UNCLASSIFIED
2559,False,3,1,0.06315522626970643,0.099354588967285,0.9920979045102967,0.007933440893454375,1.0,True,,False,False,gcd_k_not_2,0.0,False,1.0,True,EXACT-UNCLASSIFIED
2560,False,20,2,3.7606624566101203,5.632858308351341,0.30863580386656536,1.0566181883312273,0.49586776859504134,False,1.0,True,True,,0.0,False,0.5,False,EXACT-UNCLASSIFIED
2563,False,20,2,3.78486213013386,5.668999576636302,0.31073365073960857,1.0517260297261133,0.5,False,1.0,True,True,,0.4772727272727273,False,0.5,False,EXACT-UNCLASSIFIED
2564,False,3,1,0.04299261042044997,0.06142065756174975,1.0158401369632943,0.015715667798098673,1.0,True,,False,False,gcd_k_not_2,0.0,False,1.0,True,EXACT-UNCLASSIFIED
2565,False,15,1,0.07555113349356708,0.12305030983497912,0.9871716086350352,0.012911206369113267,1.0,True,,False,False,gcd_k_not_2,0.0,False,1.0,True,EXACT-UNCLASSIFIED
2566,False,1,1,0.04526446479646091,0.07657177318262146,0.9934642445928717,0.006557183480823415,1.0,True,,False,False,gcd_k_not_2,0.0,False,1.0,True,EXACT-UNCLASSIFIED
2568,False,17,1,0.07603003306048539,0.11679332439847705,0.9909755553952204,0.009065349476868014,1.0,True,,False,False,gcd_k_not_2,0.0,False,1.0,True,EXACT-UNCLASSIFIED
2569,False,1,1,0.030526219389372784,0.052649683374288485,0.9532892561121623,0.047827779466530204,1.0,True,,False,False,gcd_k_not_2,0.0,False,1.0,True,EXACT-UNCLASSIFIED
2572,False,1,1,0.06755752487264353,0.11779807955149,1.01651091836478,0.016375729200781054,1.0,True,,False,False,gcd_k_not_2,0.0,False,1.0,True,EXACT-UNCLASSIFIED
2573,False,7,1,0.04205951389915545,0.06711887038275562,1.033674290471077,0.033116699787040724,1.0,True,,False,False,gcd_k_not_2,0.0,False,1.0,True,EXACT-UNCLASSIFIED
2574,False,9,1,0.03569432096495232,0.0629033987770337,1.013402405185758,0.0133131907970692,1.0,True,,False,False,gcd_k_not_2,0.36363636363636365,False,1.0,True,EXACT-UNCLASSIFIED
2577,False,17,1,0.03579419886149827,0.06187285133078094,0.9880639890569507,0.012007672800020141,1.0,True,,False,False,gcd_k_not_2,0.0,False,1.0,True,EXACT-UNCLASSIFIED
2578,False,3,1,0.054482628957841325,0.08565159168908078,1.0187314108134484,0.018557605744986733,1.0,True,,False,False,gcd_k_not_2,0.0,False,1.0,True,EXACT-UNCLASSIFIED
2579,False,13,1,0.04282129448566683,0.07316875400128886,0.9753854506063703,0.024921262213482436,1.0,True,,False,False,gcd_k_not_2,0.0,False,1.0,True,EXACT-UNCLASSIFIED
2580,False,15,1,0.061849728719229544,0.09942451618074334,0.9938344794733918,0.006184586122953109,1.0,True,,False,False,gcd_k_not_2,0.0,False,1.0,True,EXACT-UNCLASSIFIED
2581,False,15,1,0.05913199918275178,0.0899600852430225,1.0020185237531176,0.002016488588061108,1.0,True,,False,False,gcd_k_not_2,0.0,False,1.0,True,EXACT-UNCLASSIFIED
2582,False,15,1,0.039254067160429035,0.055412758582508645,1.0333640747372244,0.032816626546857984,1.0,True,,False,False,gcd_k_not_2,0.6363636363636364,False,1.0,True,EXACT-UNCLASSIFIED
2583,False,5,1,0.04728818304782161,0.07799277115188007,1.0619580710117549,0.06009634423007796,1.0,True,,False,False,gcd_k_not_2,0.0,False,1.0,True,EXACT-UNCLASSIFIED
2588,False,7,1,0.05426835282817289,0.08443568221638498,0.9717189845109496,0.028686659418725412,1.0,True,,False,False,gcd_k_not_2,0.0,False,1.0,True,EXACT-UNCLASSIFIED
2589,False,1,1,0.04982679795498729,0.08164955346271062,0.997552329443356,0.0024506697727673414,1.0,True,,False,False,gcd_k_not_2,0.0,False,1.0,True,EXACT-UNCLASSIFIED
2590,False,2,2,3.7653196304652394,5.639814102096685,0.31493841452269006,1.0419675597141647,0.49173553719008267,False,1.0,True,True,,0.0,False,0.5,False,EXACT-UNCLASSIFIED
2592,False,17,1,0.03194995199782329,0.05592421437073767,1.0059083258904638,0.005890923143599714,1.0,True,,False,False,gcd_k_not_2,0.0,False,1.0,True,EXACT-UNCLASSIFIED
2593,False,7,1,0.05232685580599881,0.09001528678378705,1.0236019326001553,0.023326655524418073,1.0,True,,False,False,gcd_k_not_2,0.0,False,1.0,True,EXACT-UNCLASSIFIED
2594,False,15,1,0.05306179389395915,0.07999872552765926,0.9917824549823476,0.008251448341757015,1.0,True,,False,False,gcd_k_not_2,0.0,False,1.0,True,EXACT-UNCLASSIFIED
2595,False,17,1,0.04563789440919321,0.07219681686309018,0.9965867334024027,0.0034191017504967324,1.0,True,,False,False,gcd_k_not_2,0.12396694214876033,False,1.0,True,EXACT-UNCLASSIFIED
2596,False,21,1,0.04907715604690768,0.0826734839583521,0.9834856986190333,0.016651797784541126,1.0,True,,False,False,gcd_k_not_2,0.0,False,1.0,True,EXACT-UNCLASSIFIED
2597,False,5,1,0.052024509303803264,0.08362073718497338,0.9867785886178181,0.013309395881279284,1.0,True,,False,False,gcd_k_not_2,0.0,False,1.0,True,EXACT-UNCLASSIFIED
2598,False,19,1,0.0734775467634419,0.12320765881715412,1.0084671414947186,0.008431446370008538,1.0,True,,False,False,gcd_k_not_2,0.4834710743801653,False,1.0,True,EXACT-UNCLASSIFIED
2604,False,3,1,0.05827651807584814,0.09577627260166342,1.0063057692705861,0.006285950394170211,1.0,True,,False,False,gcd_k_not_2,0.0,False,1.0,True,EXACT-UNCLASSIFIED
2606,False,17,1,0.07364164988243684,0.12104314117015634,0.996591678309015,0.0034141399345825416,1.0,True,,False,False,gcd_k_not_2,0.0,False,1.0,True,EXACT-UNCLASSIFIED
2607,False,17,1,0.05911983222460745,0.0998270568492503,1.0100840515152711,0.010033462538712658,1.0,True,,False,False,gcd_k_not_2,0.0,False,1.0,True,EXACT-UNCLASSIFIED
2608,False,13,1,0.04530798595862474,0.06733843202006325,1.015790456501366,0.015666763825017846,1.0,True,,False,False,gcd_k_not_2,0.0,False,1.0,True,EXACT-UNCLASSIFIED
2609,False,21,1,0.06433350890740966,0.09849635975980078,1.00998831398983,0.009938678668238731,1.0,True,,False,False,gcd_k_not_2,0.0,False,1.0,True,EXACT-UNCLASSIFIED
2610,False,2,2,3.724277308649266,5.578515605220429,0.30918237803409,1.0553420723601,0.5330578512396694,False,1.0,True,True,,0.0,False,0.5,False,EXACT-UNCLASSIFIED
2611,False,1,1,0.054348174672553005,0.08650856030380885,0.9985154287759668,0.0014856740184813024,1.0,True,,False,False,gcd_k_not_2,0.0,False,1.0,True,EXACT-UNCLASSIFIED
2612,False,9,1,0.07658819100635787,0.11948856413532542,0.9967362152685707,0.0032691195827189734,1.0,True,,False,False,gcd_k_not_2,0.0,False,1.0,True,EXACT-UNCLASSIFIED
2613,False,3,1,0.06330319709709868,0.0971491631939495,0.997616570190182,0.0023862735675956965,1.0,True,,False,False,gcd_k_not_2,0.0,False,1.0,True,EXACT-UNCLASSIFIED
2615,False,5,1,0.06397064567878884,0.09841342202744184,0.9994101913472224,0.0005899826412109766,1.0,True,,False,False,gcd_k_not_2,0.0,False,1.0,True,EXACT-UNCLASSIFIED
2616,False,5,1,0.05478646934135623,0.09080504081795923,0.992643843843243,0.007383312556817994,1.0,True,,False,False,gcd_k_not_2,0.0,False,1.0,True,EXACT-UNCLASSIFIED
2619,False,13,1,0.07386338002789619,0.11885972586273376,0.9985973075022138,0.001403676961357788,1.0,True,,False,False,gcd_k_not_2,0.0,False,1.0,True,EXACT-UNCLASSIFIED
2620,False,16,2,3.771895418026665,5.649634495691281,0.31098946124136406,1.051130553110958,0.506198347107438,False,1.0,True,True,,0.0,False,0.5,False,EXACT-UNCLASSIFIED
2625,False,1,1,0.08153638729633995,0.135040175554291,0.9917672321849385,0.00826679712571666,1.0,True,,False,False,gcd_k_not_2,0.045454545454545456,False,1.0,True,EXACT-UNCLASSIFIED
2626,False,3,1,0.041605898073274986,0.06813959667731109,0.9866891017046586,0.013400081858726763,1.0,True,,False,False,gcd_k_not_2,0.0,False,1.0,True,EXACT-UNCLASSIFIED
2628,False,19,1,0.047547783109579904,0.08202392086703983,1.0422834897951276,0.04140805133705449,1.0,True,,False,False,gcd_k_not_2,0.0,False,1.0,True,EXACT-UNCLASSIFIED
2631,False,9,1,0.05943216912595586,0.09724821637426116,0.9867203588390049,0.013368404971453019,1.0,True,,False,False,gcd_k_not_2,0.0,False,1.0,True,EXACT-UNCLASSIFIED
2634,False,19,1,0.04210967763461799,0.06961500285386894,1.00550122843441,0.005486138184721593,1.0,True,,False,False,gcd_k_not_2,0.0,False,1.0,True,EXACT-UNCLASSIFIED
2635,False,21,1,0.056938308793214994,0.08954599396022728,0.997612897278085,0.0023899552562636896,1.0,True,,False,False,gcd_k_not_2,0.0,False,1.0,True,EXACT-UNCLASSIFIED
2637,False,7,1,0.04298924560275858,0.07208422059369265,0.9743505817996365,0.025982637974035844,1.0,True,,False,False,gcd_k_not_2,0.0,False,1.0,True,EXACT-UNCLASSIFIED
2639,False,3,1,0.0674640685419922,0.11550615813476092,0.9968820445818878,0.003122823830853847,1.0,True,,False,False,gcd_k_not_2,0.0,False,1.0,True,EXACT-UNCLASSIFIED
2640,False,21,1,0.04156579593130389,0.07672807158791758,0.9998539064282271,0.00014610424421831146,1.0,True,,False,False,gcd_k_not_2,0.0,False,1.0,True,EXACT-UNCLASSIFIED
2641,False,21,1,0.03234993764560083,0.04842663067441121,0.9680605145122716,0.032457828661476645,1.0,True,,False,False,gcd_k_not_2,0.4090909090909091,False,1.0,True,EXACT-UNCLASSIFIED
2642,False,19,1,0.04580315435765605,0.07159892267395866,1.0189526153153257,0.018774700477421205,1.0,True,,False,False,gcd_k_not_2,0.0,False,1.0,True,EXACT-UNCLASSIFIED
2644,False,13,1,0.05414317179897779,0.08188886370524914,1.0056942562872646,0.005678090037317195,1.0,True,,False,False,gcd_k_not_2,0.0,False,1.0,True,EXACT-UNCLASSIFIED
2645,False,15,1,0.04764460531701356,0.07787982550883583,1.0218754059581676,0.021638727978691593,1.0,True,,False,False,gcd_k_not_2,0.0,False,1.0,True,EXACT-UNCLASSIFIED
2646,False,15,1,0.0625832340461643,0.09258998012171607,0.9748700016000762,0.025449774799924045,1.0,True,,False,False,gcd_k_not_2,0.0,False,1.0,True,EXACT-UNCLASSIFIED
2647,False,3,1,0.04770435733266128,0.07555918909814169,1.0185076619451572,0.018337965511928754,1.0,True,,False,False,gcd_k_not_2,0.22727272727272727,False,1.0,True,EXACT-UNCLASSIFIED
2648,False,1,1,0.06773855431238288,0.10867398450085286,0.9943150566242605,0.005701148729591734,1.0,True,,False,False,gcd_k_not_2,0.002066115702479339,False,1.0,True,EXACT-UNCLASSIFIED
2649,False,17,1,0.04105860026269463,0.06485155502282676,1.0348296686234133,0.034233497929068345,1.0,True,,False,False,gcd_k_not_2,0.5,False,1.0,True,EXACT-UNCLASSIFIED
2650,False,9,1,0.054760634169378555,0.08544007392317661,0.9913738300235555,0.008663536545865425,1.0,True,,False,False,gcd_k_not_2,0.0,False,1.0,True,EXACT-UNCLASSIFIED
2652,False,19,1,0.05645533118847992,0.08782775560884366,0.9656989549637749,0.03489959126203763,1.0,True,,False,False,gcd_k_not_2,0.0,False,1.0,True,EXACT-UNCLASSIFIED
2654,False,1,1,0.07634253996603438,0.125585409486749,1.028631546429097,0.02822744867543408,1.0,True,,False,False,gcd_k_not_2,0.0,False,1.0,True,EXACT-UNCLASSIFIED
2655,False,13,1,0.06079054615980792,0.09919057169731903,0.9843926806639199,0.01573007146031024,1.0,True,,False,False,gcd_k_not_2,0.0,False,1.0,True,EXACT-UNCLASSIFIED
2656,False,3,1,0.044320311281461286,0.06814212333402146,1.0281919660015453,0.027800096316448742,1.0,True,,False,False,gcd_k_not_2,0.0,False,1.0,True,EXACT-UNCLASSIFIED
2658,False,19,1,0.057285732575531656,0.09688523200046806,0.9811426528439997,0.019036839299714142,1.0,True,,False,False,gcd_k_not_2,0.008264462809917356,False,1.0,True,EXACT-UNCLASSIFIED
2663,False,1,1,0.04299581783390666,0.0761861787805156,1.0288132470865248,0.028404040764128436,1.0,True,,False,False,gcd_k_not_2,0.4090909090909091,False,1.0,True,EXACT-UNCLASSIFIED
2664,False,15,1,0.07594164235343871,0.1254558381695415,1.0018270652012276,0.0018253976409733745,1.0,True,,False,False,gcd_k_not_2,0.0,False,1.0,True,EXACT-UNCLASSIFIED
2665,False,12,2,3.7838468168432664,5.667483010917886,0.31639534217629817,1.0386008456905498,0.5433884297520661,False,1.0,True,True,,0.25,False,0.5,False,EXACT-UNCLASSIFIED
2666,False,21,1,0.04437718081102952,0.0754536460286678,0.9877854890842654,0.012289566437434365,1.0,True,,False,False,gcd_k_not_2,0.0,False,1.0,True,EXACT-UNCLASSIFIED
2668,False,1,1,0.029614790818526297,0.047623813984284925,1.0742557496903582,0.0715974871482873,1.0,True,,False,False,gcd_k_not_2,0.0,False,1.0,True,EXACT-UNCLASSIFIED
2669,False,19,1,0.06628112535381935,0.10714400347970804,0.9890364114359262,0.011024019973730833,1.0,True,,False,False,gcd_k_not_2,0.0,False,1.0,True,EXACT-UNCLASSIFIED
2671,False,9,1,0.054568375665454645,0.08623519663596374,0.9995365841619352,0.0004635232400700785,1.0,True,,False,False,gcd_k_not_2,0.0,False,1.0,True,EXACT-UNCLASSIFIED
2673,False,1,1,0.04752004168209419,0.07654076385108266,1.0135755027688838,0.013483976886107288,1.0,True,,False,False,gcd_k_not_2,0.0,False,1.0,True,EXACT-UNCLASSIFIED
2675,False,3,1,0.04456257488630243,0.07644682962088954,1.004838301707303,0.0048266253724131266,1.0,True,,False,False,gcd_k_not_2,0.0,False,1.0,True,EXACT-UNCLASSIFIED
2677,False,7,1,0.07527957217073024,0.1224798207294132,0.9955191933733403,0.004490867982166659,1.0,True,,False,False,gcd_k_not_2,0.0,False,1.0,True,EXACT-UNCLASSIFIED
2678,False,7,1,0.06699042416844476,0.10915377530407938,0.9847456125770289,0.015371629821279324,1.0,True,,False,False,gcd_k_not_2,0.0,False,1.0,True,EXACT-UNCLASSIFIED
2679,False,7,1,0.030066759167052936,0.04865623409959427,1.0343822929359727,0.033801211360676035,1.0,True,,False,False,gcd_k_not_2,0.640495867768595,False,1.0,True,EXACT-UNCLASSIFIED
2680,False,6,2,3.772332178309456,5.650286828458904,0.31952462024688066,1.0313947452163548,0.5103305785123967,False,1.0,True,True,,0.0,False,0.5,False,EXACT-UNCLASSIFIED
2682,False,7,1,0.06778094782298141,0.1076116139426228,0.9988163470180755,0.0011843539139454599,1.0,True,,False,False,gcd_k_not_2,0.0,False,1.0,True,EXACT-UNCLASSIFIED
2683,False,17,1,0.06639396504500812,0.10865258857351054,1.0002945756142734,0.0002945322332665329,1.0,True,,False,False,gcd_k_not_2,0.0,False,1.0,True,EXACT-UNCLASSIFIED
2685,False,5,1,0.06983257674248018,0.10259762400020203,0.9957366183063276,0.004272489320049118,1.0,True,,False,False,gcd_k_not_2,0.0,False,1.0,True,EXACT-UNCLASSIFIED
2687,False,7,1,0.03217097313837993,0.05726005838529672,1.022719960348652,0.022464761107845982,1.0,True,,False,False,gcd_k_not_2,0.0,False,1.0,True,EXACT-UNCLASSIFIED
2688,False,6,2,3.786548121133341,5.671517428341384,0.31010726645109243,1.0531851111973998,0.506198347107438,False,1.0,True,True,,0.0,False,0.5,False,EXACT-UNCLASSIFIED
2689,False,1,1,0.07085687626091024,0.11371962713035283,1.0016320177583695,0.0016306871032141213,1.0,True,,False,False,gcd_k_not_2,0.0,False,1.0,True,EXACT-UNCLASSIFIED
2690,False,20,2,3.7646134051368296,5.638759315995314,0.3162398990873152,1.0389596932699066,0.4772727272727273,False,1.0,True,True,,0.0,False,0.5,False,EXACT-UNCLASSIFIED
2691,False,9,1,0.04066154868939556,0.06855091386879908,1.0008037941866996,0.0008034712739300455,1.0,True,,False,False,gcd_k_not_2,0.0,False,1.0,True,EXACT-UNCLASSIFIED
2695,False,13,1,0.030296038325281695,0.05232683462595598,0.9854417368192228,0.01466501173094134,1.0,True,,False,False,gcd_k_not_2,0.0,False,1.0,True,EXACT-UNCLASSIFIED
2696,False,21,1,0.059988487223751205,0.0996768886446813,0.9826623953046317,0.017489215245547984,1.0,True,,False,False,gcd_k_not_2,0.36363636363636365,False,1.0,True,EXACT-UNCLASSIFIED
2697,False,2,2,3.7766278839357366,5.656702245594864,0.31693577565733866,1.0373538891852414,0.48760330578512395,False,1.0,True,True,,0.0,False,0.5,False,EXACT-UNCLASSIFIED
2698,False,13,1,0.06999638204200478,0.11213813439828432,0.9843952289265786,0.01572748295898947,1.0,True,,False,False,gcd_k_not_2,0.0,False,1.0,True,EXACT-UNCLASSIFIED
2699,False,1,1,0.06755179707502759,0.10058085190615595,1.0032295594663367,0.00322435284670734,1.0,True,,False,False,gcd_k_not_2,0.0,False,1.0,True,EXACT-UNCLASSIFIED
2700,False,1,1,0.037500665263919916,0.07363741244575593,0.9766900433083492,0.023584837461555,1.0,True,,False,False,gcd_k_not_2,0.0,False,1.0,True,EXACT-UNCLASSIFIED
2702,False,1,1,0.03789069686331701,0.06608824594699676,0.9927593409726683,0.007266967845497701,1.0,True,,False,False,gcd_k_not_2,0.0,False,1.0,True,EXACT-UNCLASSIFIED
2704,False,1,1,0.05318846693257765,0.08972030258602472,1.0149618806316694,0.014850782811810709,1.0,True,,False,False,gcd_k_not_2,0.0,False,1.0,True,EXACT-UNCLASSIFIED
2705,False,13,1,0.054339307872661155,0.09249307884962922,0.9890765721303914,0.010983416146628499,1.0,True,,False,False,gcd_k_not_2,0.0,False,1.0,True,EXACT-UNCLASSIFIED
2707,False,4,2,3.7656982068790334,5.640379398609642,0.3175856849935236,1.0358556908727052,0.5206611570247934,False,1.0,True,True,,0.0,False,0.5,False,EXACT-UNCLASSIFIED
2710,False,21,1,0.05969321146703482,0.09415755794448276,1.016044546982177,0.015916857597412005,1.0,True,,False,False,gcd_k_not_2,0.0,False,1.0,True,EXACT-UNCLASSIFIED
2711,False,1,1,0.058753703894977714,0.08905848241228369,0.9950606519398277,0.004951576840904267,1.0,True,,False,False,gcd_k_not_2,0.7272727272727273,False,1.0,True,EXACT-UNCLASSIFIED
2712,False,5,1,0.0576450553191427,0.08890634725611755,1.0042214696664087,0.004212578031220485,1.0,True,,False,False,gcd_k_not_2,0.0,False,1.0,True,EXACT-UNCLASSIFIED
2718,False,19,1,0.055817095345917465,0.08993569780493382,0.9957645858815602,0.004244402519617697,1.0,True,,False,False,gcd_k_not_2,0.0,False,1.0,True,EXACT-UNCLASSIFIED
2720,False,9,1,0.08513938920869098,0.13682310542000112,0.9991927291965661,0.0008075967780838827,1.0,True,,False,False,gcd_k_not_2,0.0,False,1.0,True,EXACT-UNCLASSIFIED
2722,False,3,1,0.046376949023136084,0.06412437155363859,1.0015830038045594,0.0015817518449651288,1.0,True,,False,False,gcd_k_not_2,0.0,False,1.0,True,EXACT-UNCLASSIFIED
2725,False,15,1,0.04298673924319752,0.06500886694540164,0.9757266368891124,0.02457158055945158,1.0,True,,False,False,gcd_k_not_2,0.0,False,1.0,True,EXACT-UNCLASSIFIED
2726,False,21,1,0.05320227223835763,0.0808343771414667,0.970550081107769,0.0298900486463916,1.0,True,,False,False,gcd_k_not_2,0.0,False,1.0,True,EXACT-UNCLASSIFIED
2727,False,15,1,0.06849220060026529,0.11243002594223647,0.9919718451928772,0.008060510319457386,1.0,True,,False,False,gcd_k_not_2,0.0,False,1.0,True,EXACT-UNCLASSIFIED
2732,False,7,1,0.041125692508975166,0.06654593945060236,0.9848152294848167,0.015300941155237559,1.0,True,,False,False,gcd_k_not_2,0.36363636363636365,False,1.0,True,EXACT-UNCLASSIFIED
2733,False,20,2,3.777956400632063,5.658686270071143,0.31480840271126764,1.042268357695004,0.45454545454545453,False,1.0,True,True,,0.0,False,0.5,False,EXACT-UNCLASSIFIED
2734,False,5,1,0.046753285077675684,0.08126806657472554,1.0077418938486509,0.0077120409474651114,1.0,True,,False,False,gcd_k_not_2,0.0,False,1.0,True,EXACT-UNCLASSIFIED
2737,False,7,1,0.046513497319132416,0.07043674662731901,0.9948871759101947,0.005125928074075171,1.0,True,,False,False,gcd_k_not_2,0.0,False,1.0,True,EXACT-UNCLASSIFIED
2740,False,17,1,0.0584789365555129,0.0983921073939853,1.0174904344209268,0.01733880282406102,1.0,True,,False,False,gcd_k_not_2,0.09090909090909091,False,1.0,True,EXACT-UNCLASSIFIED
2741,False,9,1,0.05535411969513879,0.08923251343791062,1.0071889199219821,0.007163172186364586,1.0,True,,False,False,gcd_k_not_2,0.0,False,1.0,True,EXACT-UNCLASSIFIED
2744,False,9,1,0.05994531013772929,0.1006854706076015,1.0229511907848117,0.0226908003409689,1.0,True,,False,False,gcd_k_not_2,0.2727272727272727,False,1.0,True,EXACT-UNCLASSIFIED
2749,False,7,1,0.0341200242703295,0.057766499951801144,0.985085303532395,0.015026756221573784,1.0,True,,False,False,gcd_k_not_2,0.0,False,1.0,True,EXACT-UNCLASSIFIED
2750,False,19,1,0.07261404936848843,0.11845762142030378,0.9968893511262668,0.00311549447842848,1.0,True,,False,False,gcd_k_not_2,0.0,False,1.0,True,EXACT-UNCLASSIFIED
2751,False,3,1,0.050186322030487326,0.07590063267164869,1.0178730486019028,0.017714740393887745,1.0,True,,False,False,gcd_k_not_2,0.0,False,1.0,True,EXACT-UNCLASSIFIED
2752,False,18,2,3.761113563214846,5.633532393728442,0.31717001982343695,1.0368137292831712,0.493801652892562,False,1.0,True,True,,0.0,False,0.5,False,EXACT-UNCLASSIFIED
2757,False,21,1,0.062201566415958434,0.10265992664834846,0.9867902883016637,0.01329754003340553,1.0,True,,False,False,gcd_k_not_2,0.0,False,1.0,True,EXACT-UNCLASSIFIED
2758,False,19,1,0.05796430219006196,0.09536359530788538,0.9879684405136171,0.012104376750844638,1.0,True,,False,False,gcd_k_not_2,0.0,False,1.0,True,EXACT-UNCLASSIFIED
2763,False,9,1,0.054332130698186015,0.08587788507074853,1.0029645002233403,0.0029601125961142357,1.0,True,,False,False,gcd_k_not_2,0.045454545454545456,False,1.0,True,EXACT-UNCLASSIFIED
2764,False,13,1,0.043412762899192665,0.0704772118418928,0.9797917046905202,0.020414567109865393,1.0,True,,False,False,gcd_k_not_2,0.0,False,1.0,True,EXACT-UNCLASSIFIED
2765,False,6,2,3.7764734620441636,5.65647151614384,0.3177633019710922,1.0354464978777713,0.4607438016528926,False,1.0,True,True,,0.0,False,0.5,False,EXACT-UNCLASSIFIED
2767,False,20,2,3.775125684950238,5.654458832139182,0.3178975878726366,1.0351372039893023,0.47107438016528924,False,1.0,True,True,,0.0,False,0.5,False,EXACT-UNCLASSIFIED
2769,False,21,1,0.05320386518856614,0.08718980274651392,0.9874180395706551,0.01266161439498962,1.0,True,,False,False,gcd_k_not_2,0.0,False,1.0,True,EXACT-UNCLASSIFIED
2770,False,6,2,3.734683348950634,5.5940577512736445,0.31313842510791084,1.0461373481408014,0.45454545454545453,False,1.0,True,True,,0.0,False,0.5,False,EXACT-UNCLASSIFIED
2773,False,15,1,0.058803256536703666,0.09261958565525752,0.9978430737587167,0.0021592549180805085,1.0,True,,False,False,gcd_k_not_2,0.0,False,1.0,True,EXACT-UNCLASSIFIED
2775,False,13,1,0.05413592948062503,0.08493420930410009,1.0432795493495004,0.04236282731188584,1.0,True,,False,False,gcd_k_not_2,0.0,False,1.0,True,EXACT-UNCLASSIFIED
2779,False,13,1,0.05235748761740503,0.08412986878863257,1.0135624750869956,0.013471124193859077,1.0,True,,False,False,gcd_k_not_2,0.5,False,1.0,True,EXACT-UNCLASSIFIED
2780,False,21,1,0.0557583123471219,0.09035822095579543,0.9803267800361459,0.019868660225354367,1.0,True,,False,False,gcd_k_not_2,0.20867768595041322,False,1.0,True,EXACT-UNCLASSIFIED
2781,False,7,1,0.05496102451809699,0.08373046926835029,1.0304821725623157,0.030024565567940496,1.0,True,,False,False,gcd_k_not_2,0.0,False,1.0,True,EXACT-UNCLASSIFIED
2784,False,19,1,0.06714534542429398,0.1050139369604686,1.0288870262325824,0.02847573655810935,1.0,True,,False,False,gcd_k_not_2,0.0,False,1.0,True,EXACT-UNCLASSIFIED
2786,False,20,2,3.766615464461014,5.641749238687971,0.31750171691426604,1.0360491744697229,0.44834710743801653,False,1.0,True,True,,0.0,False,0.5,False,EXACT-UNCLASSIFIED
2787,False,21,1,0.07620154666753068,0.12379190752891782,1.0144458441494497,0.014342251186751583,1.0,True,,False,False,gcd_k_not_2,0.0,False,1.0,True,EXACT-UNCLASSIFIED
2788,False,9,1,0.06939458848523387,0.10913894496844649,0.9854510162805475,0.014655595731299225,1.0,True,,False,False,gcd_k_not_2,0.0,False,1.0,True,EXACT-UNCLASSIFIED
2789,False,9,1,0.046268707851576024,0.08062613665568644,0.9820337091036352,0.01812914766670646,1.0,True,,False,False,gcd_k_not_2,0.0,False,1.0,True,EXACT-UNCLASSIFIED
2792,False,17,1,0.040115820884915936,0.06624216410226054,0.9747007088376545,0.025623418322705937,1.0,True,,False,False,gcd_k_not_2,0.0,False,1.0,True,EXACT-UNCLASSIFIED
2793,False,1,1,0.04533532420489146,0.06596189762654475,1.004714795597446,0.00470370708870927,1.0,True,,False,False,gcd_k_not_2,0.4090909090909091,False,1.0,True,EXACT-UNCLASSIFIED
2795,False,8,2,3.7586224972960123,5.629812833708366,0.3138057405323738,1.0445901373357829,0.4772727272727273,False,1.0,True,True,,0.0,False,0.5,False,EXACT-UNCLASSIFIED
2796,False,17,1,0.08147507214254986,0.13423896469844251,0.9875751423527757,0.012502528716993845,1.0,True,,False,False,gcd_k_not_2,0.0,False,1.0,True,EXACT-UNCLASSIFIED
2797,False,9,1,0.061835548518647664,0.10535570404237833,0.9952502277224443,0.004761079298788036,1.0,True,,False,False,gcd_k_not_2,0.36363636363636365,False,1.0,True,EXACT-UNCLASSIFIED
2800,False,13,1,0.036481042094161656,0.05989220864837088,0.9994115077221608,0.0005886654903868051,1.0,True,,False,False,gcd_k_not_2,0.0,False,1.0,True,EXACT-UNCLASSIFIED
2801,False,17,1,0.049673210630240154,0.08437598539906335,0.9999964762346101,3.5237715983980883e-06,1.0,True,,False,False,gcd_k_not_2,0.0,False,1.0,True,EXACT-UNCLASSIFIED
2802,False,2,2,3.764230875775308,5.6381876301383995,0.3168350842099447,1.0375861396492645,0.4896694214876033,False,1.0,True,True,,0.0,False,0.5,False,EXACT-UNCLASSIFIED
2805,False,13,1,0.042971361069596745,0.07035664170012532,0.994091149860178,0.005926359123790629,1.0,True,,False,False,gcd_k_not_2,0.0,False,1.0,True,EXACT-UNCLASSIFIED
2806,False,4,2,3.7594569782402334,5.631058340658918,0.31766728696547286,1.0356676830095828,0.4772727272727273,False,1.0,True,True,,0.0,False,0.5,False,EXACT-UNCLASSIFIED
2807,False,15,1,0.0579646269873065,0.08928655910748495,1.0020777142511352,0.002075558042872904,1.0,True,,False,False,gcd_k_not_2,0.36363636363636365,False,1.0,True,EXACT-UNCLASSIFIED
2808,False,5,1,0.058783538927188295,0.09175824689482248,1.0076778753478612,0.007648513182455454,1.0,True,,False,False,gcd_k_not_2,0.0,False,1.0,True,EXACT-UNCLASSIFIED
2809,False,2,2,3.7720775455593785,5.649906610336882,0.31887482782766163,1.0328882738542062,0.49173553719008267,False,1.0,True,True,,0.0,False,0.5,False,EXACT-UNCLASSIFIED
2811,False,7,1,0.051766463992886085,0.08099171415027556,0.9769571368664706,0.023311444344264326,1.0,True,,False,False,gcd_k_not_2,0.22727272727272727,False,1.0,True,EXACT-UNCLASSIFIED
2815,False,13,1,0.046654238143482636,0.07899732199005835,0.9785917711635463,0.021639864421213226,1.0,True,,False,False,gcd_k_not_2,0.0,False,1.0,True,EXACT-UNCLASSIFIED
2817,False,21,1,0.06486704287100455,0.11382624645772274,1.0157495196765767,0.015626465017442862,1.0,True,,False,False,gcd_k_not_2,0.0,False,1.0,True,EXACT-UNCLASSIFIED
2818,False,13,1,0.04515007098185263,0.07374574757187517,0.9831146090450481,0.01702916299233248,1.0,True,,False,False,gcd_k_not_2,0.0,False,1.0,True,EXACT-UNCLASSIFIED
2819,False,5,1,0.06313044585642826,0.10177983446475253,1.0008338437671516,0.0008334962643191929,1.0,True,,False,False,gcd_k_not_2,0.0,False,1.0,True,EXACT-UNCLASSIFIED
2821,False,19,1,0.038501083745928776,0.05721932866486306,0.9991163512620862,0.0008840393280319934,1.0,True,,False,False,gcd_k_not_2,0.0,False,1.0,True,EXACT-UNCLASSIFIED
2825,False,14,2,3.7741127237735768,5.652946167384474,0.3200380099790154,1.0302157739106224,0.49586776859504134,False,1.0,True,True,,0.5,False,0.5,False,EXACT-UNCLASSIFIED
2828,False,7,1,0.052586104145585136,0.07949821252820805,1.0020118650917302,0.002009843324917661,1.0,True,,False,False,gcd_k_not_2,0.0,False,1.0,True,EXACT-UNCLASSIFIED
2831,False,1,1,0.0451730805908382,0.06654075470013052,1.0034548027497106,0.003448845209753612,1.0,True,,False,False,gcd_k_not_2,0.0,False,1.0,True,EXACT-UNCLASSIFIED
2832,False,7,1,0.06580110251814719,0.1010273946628539,0.9925043873610064,0.007523810423244477,1.0,True,,False,False,gcd_k_not_2,0.0,False,1.0,True,EXACT-UNCLASSIFIED
2835,False,5,1,0.057808098213764134,0.09191436219036439,1.0078221968525194,0.007791722658292735,1.0,True,,False,False,gcd_k_not_2,0.0,False,1.0,True,EXACT-UNCLASSIFIED
2836,False,9,1,0.04058108950058152,0.06711588981213827,1.012569978231763,0.012491469482027073,1.0,True,,False,False,gcd_k_not_2,0.0,False,1.0,True,EXACT-UNCLASSIFIED
2837,False,1,1,0.03937757619057679,0.06206013979459373,0.9801499907359909,0.020048995638589164,1.0,True,,False,False,gcd_k_not_2,0.0,False,1.0,True,EXACT-UNCLASSIFIED
2839,False,15,1,0.042335881953006256,0.07191351744272147,1.009973215092236,0.00992372934858066,1.0,True,,False,False,gcd_k_not_2,0.0,False,1.0,True,EXACT-UNCLASSIFIED
2840,False,17,1,0.04648507710480106,0.07499858691687734,1.0302650966952427,0.029813935869268116,1.0,True,,False,False,gcd_k_not_2,0.0,False,1.0,True,EXACT-UNCLASSIFIED
2845,False,21,1,0.04961998441359008,0.08132121841726254,1.021077897740047,0.020858075548316243,1.0,True,,False,False,gcd_k_not_2,0.0,False,1.0,True,EXACT-UNCLASSIFIED
2847,False,19,1,0.04416981743553346,0.0765703203062377,0.9309740355999868,0.0714934153721706,1.0,True,,False,False,gcd_k_not_2,0.0,False,1.0,True,EXACT-UNCLASSIFIED
2849,False,1,1,0.056736078732466035,0.08791294383568231,1.03507517851233,0.034470646473090526,1.0,True,,False,False,gcd_k_not_2,0.0,False,1.0,True,EXACT-UNCLASSIFIED
2851,False,18,2,3.7699003972376097,5.6466550553754296,0.31574992416033887,1.0400913779665588,0.4855371900826446,False,1.0,True,True,,0.0,False,0.5,False,EXACT-UNCLASSIFIED
2852,False,8,2,3.7757772795615216,5.655432252301054,0.3182366702679752,1.0343564931984996,0.5227272727272727,False,1.0,True,True,,0.0,False,0.5,False,EXACT-UNCLASSIFIED
2853,False,5,1,0.042015393931614235,0.0764301129409411,1.018338540265445,0.01817191704919163,1.0,True,,False,False,gcd_k_not_2,0.45454545454545453,False,1.0,True,EXACT-UNCLASSIFIED
2855,False,1,1,0.046838884038949015,0.0709543511571304,0.9914559067353074,0.008580750631531067,1.0,True,,False,False,gcd_k_not_2,0.0,False,1.0,True,EXACT-UNCLASSIFIED
2857,False,19,1,0.06563547166998775,0.10326459999081347,0.9870375699086944,0.013046990442059144,1.0,True,,False,False,gcd_k_not_2,0.0,False,1.0,True,EXACT-UNCLASSIFIED
2858,False,19,1,0.04177046496656778,0.07320343245506208,0.9779031442150307,0.022343718750433488,1.0,True,,False,False,gcd_k_not_2,0.0,False,1.0,True,EXACT-UNCLASSIFIED
2860,False,21,1,0.06656858569066176,0.10707259070584954,1.0094507186945838,0.009406270685476979,1.0,True,,False,False,gcd_k_not_2,0.0,False,1.0,True,EXACT-UNCLASSIFIED
2861,False,13,1,0.0394722934705354,0.06389101329310416,0.99953654916002,0.00046355825821205534,1.0,True,,False,False,gcd_k_not_2,0.6818181818181818,False,1.0,True,EXACT-UNCLASSIFIED
2863,False,14,2,3.7736719129945246,5.652287738180355,0.3109316447695402,1.051265118177229,0.5495867768595041,False,1.0,True,True,,0.0,False,0.5,False,EXACT-UNCLASSIFIED
2866,False,1,1,0.07161624580719717,0.12252294594981314,0.9898033599270366,0.010248892205446173,1.0,True,,False,False,gcd_k_not_2,0.0,False,1.0,True,EXACT-UNCLASSIFIED
2867,False,13,1,0.05478931565359643,0.08343756295481529,1.0038105448752657,0.003803298555356149,1.0,True,,False,False,gcd_k_not_2,0.0,False,1.0,True,EXACT-UNCLASSIFIED
2869,False,7,1,0.03116900639407268,0.060778854960023866,0.9763110016591943,0.023972945878374275,1.0,True,,False,False,gcd_k_not_2,0.0,False,1.0,True,EXACT-UNCLASSIFIED
2873,False,13,1,0.038963797594054946,0.06896170946610318,0.9989858375347552,0.0010146769889029825,1.0,True,,False,False,gcd_k_not_2,0.0,False,1.0,True,EXACT-UNCLASSIFIED
2874,False,1,1,0.08037855362703905,0.12678076992894757,0.9683403991100678,0.03216882700192131,1.0,True,,False,False,gcd_k_not_2,0.3181818181818182,False,1.0,True,EXACT-UNCLASSIFIED
2875,False,9,1,0.0523201436799126,0.08439482420256064,1.0322035016798667,0.03169318589722602,1.0,True,,False,False,gcd_k_not_2,0.0,False,1.0,True,EXACT-UNCLASSIFIED
2876,False,5,1,0.03812916806782063,0.06320418993916739,0.9822391898020981,0.01791994658290972,1.0,True,,False,False,gcd_k_not_2,0.0,False,1.0,True,EXACT-UNCLASSIFIED
2879,False,3,1,0.0578917015351735,0.09799828739448765,0.9874425481999041,0.012636794770716447,1.0,True,,False,False,gcd_k_not_2,0.28512396694214875,False,1.0,True,EXACT-UNCLASSIFIED
2880,False,1,1,0.06980992445457924,0.10739724777196276,0.9757243444328066,0.024573929693782734,1.0,True,,False,False,gcd_k_not_2,0.0,False,1.0,True,EXACT-UNCLASSIFIED
2886,False,17,1,0.04496713676550512,0.07029937491330925,0.9859225267427546,0.014177263279585073,1.0,True,,False,False,gcd_k_not_2,0.0,False,1.0,True,EXACT-UNCLASSIFIED
2888,False,19,1,0.06170805761616857,0.09686841060192618,0.9995206520650297,0.0004794628497337796,1.0,True,,False,False,gcd_k_not_2,0.45867768595041325,False,1.0,True,EXACT-UNCLASSIFIED
2889,False,17,1,0.05152783065854352,0.08105077916113328,1.013482405106994,0.01339212607251715,1.0,True,,False,False,gcd_k_not_2,0.0,False,1.0,True,EXACT-UNCLASSIFIED
2890,False,1,1,0.04523154909796773,0.06889801930771174,0.9992052564974356,0.0007950594367251017,1.0,True,,False,False,gcd_k_not_2,0.0,False,1.0,True,EXACT-UNCLASSIFIED
2891,False,13,1,0.03994353118718422,0.05633025136885166,0.9807780379737832,0.019408496719682727,1.0,True,,False,False,gcd_k_not_2,0.0,False,1.0,True,EXACT-UNCLASSIFIED
2896,False,13,1,0.04510111535735696,0.07427585205212817,0.9951566495853762,0.004855107909076057,1.0,True,,False,False,gcd_k_not_2,0.0,False,1.0,True,EXACT-UNCLASSIFIED
2897,False,13,1,0.04020112769955496,0.06449122192730308,1.0178196713029288,0.017662303085213334,1.0,True,,False,False,gcd_k_not_2,0.0,False,1.0,True,EXACT-UNCLASSIFIED
2899,False,18,2,3.7724223372646666,5.650421520695178,0.31877048176820305,1.0331282473329348,0.5330578512396694,False,1.0,True,True,,0.0,False,0.5,False,EXACT-UNCLASSIFIED
2900,False,19,1,0.05148583804387009,0.08558314954627888,0.9983133021514484,0.0016881215240229024,1.0,True,,False,False,gcd_k_not_2,0.0,False,1.0,True,EXACT-UNCLASSIFIED
2901,False,13,1,0.047639526643970406,0.07074835054951781,1.0246978850979476,0.02439661272896805,1.0,True,,False,False,gcd_k_not_2,0.0,False,1.0,True,EXACT-UNCLASSIFIED
2903,False,5,1,0.05206460465891935,0.08149034881995615,1.0011999656872723,0.00119924616015083,1.0,True,,False,False,gcd_k_not_2,0.0,False,1.0,True,EXACT-UNCLASSIFIED
2905,False,19,1,0.04700856465082247,0.0833595159321043,0.978628350147398,0.0216024902817246,1.0,True,,False,False,gcd_k_not_2,0.0,False,1.0,True,EXACT-UNCLASSIFIED
2906,False,21,1,0.06104717120774928,0.10553526596062604,0.9742952503168573,0.02603941804450715,1.0,True,,False,False,gcd_k_not_2,0.0,False,1.0,True,EXACT-UNCLASSIFIED
2907,False,21,1,0.049014734986135323,0.07887731537148898,0.9950658270290024,0.004946376108647416,1.0,True,,False,False,gcd_k_not_2,0.0,False,1.0,True,EXACT-UNCLASSIFIED
2908,False,1,1,0.051140953443625084,0.0846812483498167,1.0121765179063602,0.012102832726653266,1.0,True,,False,False,gcd_k_not_2,0.38016528925619836,False,1.0,True,EXACT-UNCLASSIFIED
2911,False,1,1,0.03937549775768975,0.07241756646165388,0.98889287996746,0.011169148569451106,1.0,True,,False,False,gcd_k_not_2,0.0,False,1.0,True,EXACT-UNCLASSIFIED
2913,False,19,1,0.034149049454549926,0.05434367109448777,1.0071368489467767,0.007111472195352885,1.0,True,,False,False,gcd_k_not_2,0.0,False,1.0,True,EXACT-UNCLASSIFIED
2914,False,1,1,0.02865802680103127,0.04946221458899502,1.0320456686590709,0.03154030359978821,1.0,True,,False,False,gcd_k_not_2,0.21487603305785125,False,1.0,True,EXACT-UNCLASSIFIED
2915,False,10,2,3.7643927150786243,5.638429436645051,0.31670990784436875,1.0378749154766655,0.5020661157024794,False,1.0,True,True,,0.0,False,0.5,False,EXACT-UNCLASSIFIED
2916,False,17,1,0.05462606711378061,0.08425225160994852,1.01047825293721,0.010423642157682546,1.0,True,,False,False,gcd_k_not_2,0.0,False,1.0,True,EXACT-UNCLASSIFIED
2918,False,5,1,0.031474585061231734,0.05440222590348763,0.9769972023121826,0.02327044030301573,1.0,True,,False,False,gcd_k_not_2,0.0,False,1.0,True,EXACT-UNCLASSIFIED
2920,False,21,1,0.054025096108550365,0.08791914742126332,0.996984470935019,0.0030200826384685453,1.0,True,,False,False,gcd_k_not_2,0.09090909090909091,False,1.0,True,EXACT-UNCLASSIFIED
2922,False,14,2,3.78004228254304,5.6618016154567625,0.31662978781488604,1.038059777333845,0.49586776859504134,False,1.0,True,True,,0.0,False,0.5,False,EXACT-UNCLASSIFIED
2923,False,9,1,0.06010625409688346,0.09137560243367474,1.012178032113169,0.012104328661594511,1.0,True,,False,False,gcd_k_not_2,0.2727272727272727,False,1.0,True,EXACT-UNCLASSIFIED
2924,False,7,1,0.06435887635195985,0.10663800571349884,0.9888455905859371,0.011216968744945823,1.0,True,,False,False,gcd_k_not_2,0.0,False,1.0,True,EXACT-UNCLASSIFIED
2925,False,9,1,0.040086628499875744,0.06828013558467773,0.9811840190477391,0.01899468274663837,1.0,True,,False,False,gcd_k_not_2,0.0,False,1.0,True,EXACT-UNCLASSIFIED
2926,False,1,1,0.061200309886851656,0.10687093100670235,0.9981610035945346,0.0018406889156150725,1.0,True,,False,False,gcd_k_not_2,0.0,False,1.0,True,EXACT-UNCLASSIFIED
2927,False,5,1,0.042991838144635516,0.06900516477232636,1.0117960566640383,0.01172689112791921,1.0,True,,False,False,gcd_k_not_2,0.0,False,1.0,True,EXACT-UNCLASSIFIED
2928,False,17,1,0.0626434634638347,0.09934507427652943,1.0011262674366772,0.0011256335544682276,1.0,True,,False,False,gcd_k_not_2,0.0,False,1.0,True,EXACT-UNCLASSIFIED
2929,False,9,1,0.048847951937664745,0.07314022231049418,0.9659859021281345,0.034602585740870294,1.0,True,,False,False,gcd_k_not_2,0.5909090909090909,False,1.0,True,EXACT-UNCLASSIFIED
2930,False,14,2,3.7740542085470405,5.652858382480603,0.3194073086940472,1.0316642735283998,0.5165289256198347,False,1.0,True,True,,0.0,False,0.5,False,EXACT-UNCLASSIFIED
2931,False,5,1,0.04520113677804115,0.07101692930051196,0.979885732598655,0.02031861442321171,1.0,True,,False,False,gcd_k_not_2,0.045454545454545456,False,1.0,True,EXACT-UNCLASSIFIED
2933,False,19,1,0.04673732624669306,0.07777162227684424,1.003786687405803,0.003779531453725159,1.0,True,,False,False,gcd_k_not_2,0.0,False,1.0,True,EXACT-UNCLASSIFIED
2934,False,2,2,3.7580957931063823,5.629025160128369,0.3137752476027775,1.044660802750493,0.5103305785123967,False,1.0,True,True,,0.0,False,0.5,False,EXACT-UNCLASSIFIED
2941,False,13,1,0.06936050660663416,0.10666611679985484,1.0112412839765783,0.011178453889284151,1.0,True,,False,False,gcd_k_not_2,0.0,False,1.0,True,EXACT-UNCLASSIFIED
2942,False,1,1,0.07267556639943176,0.11163793151891616,0.9948789653349007,0.005134180824087838,1.0,True,,False,False,gcd_k_not_2,0.0,False,1.0,True,EXACT-UNCLASSIFIED
2943,False,21,1,0.07176377555864986,0.11043160864403019,0.9969108079320442,0.0030939710032967284,1.0,True,,False,False,gcd_k_not_2,0.0,False,1.0,True,EXACT-UNCLASSIFIED
2944,False,17,1,0.0665315752688267,0.10628361790979918,0.9780571009444575,0.022186315091779155,1.0,True,,False,False,gcd_k_not_2,0.0,False,1.0,True,EXACT-UNCLASSIFIED
2945,False,9,1,0.05156365399269619,0.07669740129178913,1.002209750530423,0.002207311726294067,1.0,True,,False,False,gcd_k_not_2,0.0,False,1.0,True,EXACT-UNCLASSIFIED
2947,False,21,1,0.04859618544099366,0.07136590084470386,1.0037481674136604,0.003741156173830355,1.0,True,,False,False,gcd_k_not_2,0.0,False,1.0,True,EXACT-UNCLASSIFIED
2948,False,1,1,0.03422861907930219,0.05289719638964067,0.9844808636430439,0.015640499882137008,1.0,True,,False,False,gcd_k_not_2,0.0,False,1.0,True,EXACT-UNCLASSIFIED
2951,False,5,1,0.051702511448567606,0.07911309898730194,0.9881106912569823,0.01196040924210389,1.0,True,,False,False,gcd_k_not_2,0.0,False,1.0,True,EXACT-UNCLASSIFIED
2954,False,20,2,3.7354780322580488,5.595244968785561,0.3124444233101194,1.0477481019055952,0.4690082644628099,False,1.0,True,True,,0.0,False,0.5,False,EXACT-UNCLASSIFIED
2956,False,1,1,0.040763125750078524,0.07196965992410032,0.9872783900578274,0.0128030476311902,1.0,True,,False,False,gcd_k_not_2,0.0,False,1.0,True,EXACT-UNCLASSIFIED
2957,False,7,1,0.05414115389071662,0.08481992257782774,1.0051743047864337,0.005160952615523201,1.0,True,,False,False,gcd_k_not_2,0.0,False,1.0,True,EXACT-UNCLASSIFIED
2958,False,7,1,0.03697056331953425,0.061103635930354845,1.0095318815403755,0.00948666863953304,1.0,True,,False,False,gcd_k_not_2,0.13636363636363635,False,1.0,True,EXACT-UNCLASSIFIED
2959,False,7,1,0.07884663586157986,0.12195195165017356,1.0237836761025356,0.0235041683391171,1.0,True,,False,False,gcd_k_not_2,0.0,False,1.0,True,EXACT-UNCLASSIFIED
2961,False,18,2,3.779375536113276,5.660805606049917,0.31676206165090165,1.0377545924925615,0.5247933884297521,False,1.0,True,True,,0.3450413223140496,False,0.5,False,EXACT-UNCLASSIFIED
2964,False,17,1,0.03106921813174585,0.05176795421632413,1.0163669319597168,0.01623408091086846,1.0,True,,False,False,gcd_k_not_2,0.0,False,1.0,True,EXACT-UNCLASSIFIED
2965,False,15,1,0.04328564625486852,0.0721520602185859,1.0015863678489836,0.0015851105647651772,1.0,True,,False,False,gcd_k_not_2,0.0,False,1.0,True,EXACT-UNCLASSIFIED
2968,False,15,1,0.08358108779723455,0.1376404859523793,0.9998965698443768,0.00010343550479842303,1.0,True,,False,False,gcd_k_not_2,0.0,False,1.0,True,EXACT-UNCLASSIFIED
2974,False,1,1,0.06831865904845812,0.1142325436961452,0.9950206524433558,0.004991775449087108,1.0,True,,False,False,gcd_k_not_2,0.0,False,1.0,True,EXACT-UNCLASSIFIED
2976,False,18,2,3.755676369917496,5.625411909625509,0.3160499014442312,1.0393984267696885,0.48140495867768596,False,1.0,True,True,,0.5,False,0.5,False,EXACT-UNCLASSIFIED
2977,False,3,1,0.034493482738073886,0.05856436915969635,1.0084996274432836,0.008463658471376711,1.0,True,,False,False,gcd_k_not_2,0.0,False,1.0,True,EXACT-UNCLASSIFIED
2978,False,15,1,0.052459192257002456,0.08597809863206189,0.9982663786645081,0.0017351253606644448,1.0,True,,False,False,gcd_k_not_2,0.0,False,1.0,True,EXACT-UNCLASSIFIED
2982,False,13,1,0.07284230912672296,0.11587395849716679,1.0007815901006394,0.0007812847784150517,1.0,True,,False,False,gcd_k_not_2,0.0,False,1.0,True,EXACT-UNCLASSIFIED
2984,False,20,2,3.773066572834603,5.651383906283069,0.31339137243277765,1.0455506895791864,0.5103305785123967,False,1.0,True,True,,0.0,False,0.5,False,EXACT-UNCLASSIFIED
2988,False,21,1,0.05379446099220527,0.08663675501552168,0.9624296372348594,0.03828964060905512,1.0,True,,False,False,gcd_k_not_2,0.0,False,1.0,True,EXACT-UNCLASSIFIED
2992,False,9,1,0.04969326218433318,0.07722281890570375,1.0002131806627101,0.0002131579421345088,1.0,True,,False,False,gcd_k_not_2,0.0,False,1.0,True,EXACT-UNCLASSIFIED
2994,False,13,1,0.047553921425920166,0.0831478833217788,0.9986832448037373,0.001317622689524344,1.0,True,,False,False,gcd_k_not_2,0.0,False,1.0,True,EXACT-UNCLASSIFIED
2999,False,3,1,0.03694973164057209,0.061326263038727,0.9905440090682991,0.009500911196760605,1.0,True,,False,False,gcd_k_not_2,0.04132231404958678,False,1.0,True,EXACT-UNCLASSIFIED
3001,False,1,1,0.04232204815956505,0.07334565036603637,0.997984934476515,0.002017097815617804,1.0,True,,False,False,gcd_k_not_2,0.0,False,1.0,True,EXACT-UNCLASSIFIED
3002,False,3,1,0.05305491454965065,0.0846842565121252,1.0307220211082562,0.03025723933548505,1.0,True,,False,False,gcd_k_not_2,0.0,False,1.0,True,EXACT-UNCLASSIFIED
3006,False,8,2,3.7853175438099895,5.669679466643888,0.30800448071546976,1.0580934996583702,0.49793388429752067,False,1.0,True,True,,0.0,False,0.5,False,EXACT-UNCLASSIFIED
3007,False,15,1,0.04729026020552832,0.07845753299265631,0.9806863732106016,0.01950195351532801,1.0,True,,False,False,gcd_k_not_2,0.0,False,1.0,True,EXACT-UNCLASSIFIED
3008,False,5,1,0.05779781091342571,0.09015446499942245,1.0167538012331285,0.016614622194225735,1.0,True,,False,False,gcd_k_not_2,0.0,False,1.0,True,EXACT-UNCLASSIFIED
3009,False,19,1,0.061405543205741445,0.10019437916467926,0.996700940028932,0.0033045108608204723,1.0,True,,False,False,gcd_k_not_2,0.0,False,1.0,True,EXACT-UNCLASSIFIED
3010,False,21,1,0.04692460279208592,0.07906985280206201,0.9966925320504089,0.0033129466820759406,1.0,True,,False,False,gcd_k_not_2,0.0,False,1.0,True,EXACT-UNCLASSIFIED
3014,False,21,1,0.07394687534274381,0.13092276035791006,1.0013100494697822,0.0013091919166939828,1.0,True,,False,False,gcd_k_not_2,0.0,False,1.0,True,EXACT-UNCLASSIFIED
3015,False,20,2,3.756464196630362,5.6265881318283775,0.3184496110452637,1.033866418928828,0.4628099173553719,False,1.0,True,True,,0.38636363636363635,False,0.5,False,EXACT-UNCLASSIFIED
3017,False,7,1,0.03038166259344216,0.05118176562203999,0.986949635519797,0.013136079794784525,1.0,True,,False,False,gcd_k_not_2,0.0,False,1.0,True,EXACT-UNCLASSIFIED
3019,False,7,1,0.0616268238582805,0.0914453182452033,0.9865594218835169,0.013531513800618906,1.0,True,,False,False,gcd_k_not_2,0.3181818181818182,False,1.0,True,EXACT-UNCLASSIFIED
3020,False,7,1,0.03525922295082885,0.05776501684880901,1.0060753473001802,0.006056948268026579,1.0,True,,False,False,gcd_k_not_2,0.0,False,1.0,True,EXACT-UNCLASSIFIED
3021,False,5,1,0.04444128494540964,0.07322497208821577,1.0095171324238306,0.009472059003897443,1.0,True,,False,False,gcd_k_not_2,0.18181818181818182,False,1.0,True,EXACT-UNCLASSIFIED
3023,False,21,1,0.05312667639613004,0.08632778245677651,1.013962164767894,0.013865369481261368,1.0,True,,False,False,gcd_k_not_2,0.18181818181818182,False,1.0,True,EXACT-UNCLASSIFIED
3024,False,1,1,0.046139260879058085,0.0761438442386164,0.9828555241426961,0.017292713108501927,1.0,True,,False,False,gcd_k_not_2,0.0,False,1.0,True,EXACT-UNCLASSIFIED
3025,False,5,1,0.04590638333557199,0.0701438385575826,0.9965422868616958,0.00346370138119069,1.0,True,,False,False,gcd_k_not_2,0.3181818181818182,False,1.0,True,EXACT-UNCLASSIFIED
3027,False,19,1,0.07907675193605937,0.12445406797669749,1.002825463959625,0.0028214779674700305,1.0,True,,False,False,gcd_k_not_2,0.0,False,1.0,True,EXACT-UNCLASSIFIED
3028,False,4,2,3.753568414580498,5.622264061511014,0.3176809323458267,1.0356362468408218,0.49586776859504134,False,1.0,True,True,,0.0,False,0.5,False,EXACT-UNCLASSIFIED
3030,False,13,1,0.02914951605307482,0.04895011908678868,0.9960650979431911,0.003942659045402382,1.0,True,,False,False,gcd_k_not_2,0.3181818181818182,False,1.0,True,EXACT-UNCLASSIFIED
3031,False,21,1,0.05064507785163571,0.08189087134581735,0.996172710437719,0.0038346276775236905,1.0,True,,False,False,gcd_k_not_2,0.0,False,1.0,True,EXACT-UNCLASSIFIED
3032,False,13,1,0.06213142978892515,0.10804891464636772,0.9975961417945012,0.002406750949508102,1.0,True,,False,False,gcd_k_not_2,0.0,False,1.0,True,EXACT-UNCLASSIFIED
3035,False,5,1,0.0389209850006608,0.06797914959873357,1.0087567024287076,0.008718529643854186,1.0,True,,False,False,gcd_k_not_2,0.0,False,1.0,True,EXACT-UNCLASSIFIED
3036,False,1,1,0.04493845050186701,0.07478325628897896,1.0063883317875562,0.006367991366720676,1.0,True,,False,False,gcd_k_not_2,0.0,False,1.0,True,EXACT-UNCLASSIFIED
3037,False,15,1,0.05752776322862533,0.0927626523353179,0.981256919844155,0.01892039338070239,1.0,True,,False,False,gcd_k_not_2,0.0,False,1.0,True,EXACT-UNCLASSIFIED
3038,False,13,1,0.06408813495265189,0.10261825907582185,0.9805038186135273,0.019688102798126546,1.0,True,,False,False,gcd_k_not_2,0.0,False,1.0,True,EXACT-UNCLASSIFIED
3039,False,21,1,0.036319917343682,0.058856603088226475,0.9905140094784981,0.009531196943433842,1.0,True,,False,False,gcd_k_not_2,0.0,False,1.0,True,EXACT-UNCLASSIFIED
3040,False,17,1,0.07626047447325766,0.12024729468680828,0.9840620323913809,0.016065997280749433,1.0,True,,False,False,gcd_k_not_2,0.22727272727272727,False,1.0,True,EXACT-UNCLASSIFIED
3043,False,15,1,0.04016480927379779,0.06336261040651812,0.9843728925356187,0.015750172281796367,1.0,True,,False,False,gcd_k_not_2,0.18181818181818182,False,1.0,True,EXACT-UNCLASSIFIED
3044,False,14,2,3.7851137756884623,5.669375408207903,0.3177913609071427,1.035381865947638,0.49173553719008267,False,1.0,True,True,,0.0,False,0.5,False,EXACT-UNCLASSIFIED
3045,False,17,1,0.03524110453493981,0.05108025213254104,0.9938808167072141,0.006137962952962687,1.0,True,,False,False,gcd_k_not_2,0.5909090909090909,False,1.0,True,EXACT-UNCLASSIFIED
3046,False,13,1,0.02500351860912958,0.04586692808961784,0.9865953781381248,0.013495070017164969,1.0,True,,False,False,gcd_k_not_2,0.0,False,1.0,True,EXACT-UNCLASSIFIED
3048,False,21,1,0.029581033817606694,0.049837668853261206,0.9960329429971302,0.003974941412452953,1.0,True,,False,False,gcd_k_not_2,0.0,False,1.0,True,EXACT-UNCLASSIFIED
3049,False,9,1,0.05600507077479718,0.09611942759967035,1.0236854716124033,0.023408253846415813,1.0,True,,False,False,gcd_k_not_2,0.0,False,1.0,True,EXACT-UNCLASSIFIED
3050,False,19,1,0.057544570625073205,0.08782547071191864,0.9879639615363375,0.012108910117626917,1.0,True,,False,False,gcd_k_not_2,0.0,False,1.0,True,EXACT-UNCLASSIFIED
3051,False,19,1,0.054625964807231135,0.08422075470883793,1.0047423693029744,0.004731150870646072,1.0,True,,False,False,gcd_k_not_2,0.0,False,1.0,True,EXACT-UNCLASSIFIED
3053,False,9,1,0.03405677734937214,0.061638978921851,1.0066896775533707,0.006667376254735082,1.0,True,,False,False,gcd_k_not_2,0.0,False,1.0,True,EXACT-UNCLASSIFIED
3054,False,1,1,0.03547968022623489,0.05940416394602407,0.9920586674082057,0.007972990677153543,1.0,True,,False,False,gcd_k_not_2,0.0,False,1.0,True,EXACT-UNCLASSIFIED
3055,False,21,1,0.05695712765645811,0.09299840722319119,0.9781899009066002,0.02205056155974139,1.0,True,,False,False,gcd_k_not_2,0.0,False,1.0,True,EXACT-UNCLASSIFIED
3057,False,7,1,0.03430393949467157,0.06380042083598249,0.986739017289264,0.013349496431422962,1.0,True,,False,False,gcd_k_not_2,0.0,False,1.0,True,EXACT-UNCLASSIFIED
3058,False,7,1,0.07527055070740997,0.11074768647635048,0.9993299016013055,0.0006703229898755071,1.0,True,,False,False,gcd_k_not_2,0.0,False,1.0,True,EXACT-UNCLASSIFIED
3059,False,13,1,0.02768634956482918,0.05094366223533702,0.982890361582312,0.017257271253297974,1.0,True,,False,False,gcd_k_not_2,0.0,False,1.0,True,EXACT-UNCLASSIFIED
3065,False,17,1,0.05042774023162469,0.08117026145483099,1.0097560576872227,0.009708698376508094,1.0,True,,False,False,gcd_k_not_2,0.0,False,1.0,True,EXACT-UNCLASSIFIED
3066,False,13,1,0.051146102836498744,0.08200078668060433,0.9829823486060382,0.01716369427688009,1.0,True,,False,False,gcd_k_not_2,0.38016528925619836,False,1.0,True,EXACT-UNCLASSIFIED
3067,False,21,1,0.038668785414460095,0.06709993652690789,1.0098236762393389,0.009775659780981777,1.0,True,,False,False,gcd_k_not_2,0.0,False,1.0,True,EXACT-UNCLASSIFIED
3069,False,9,1,0.06461907086017789,0.10398611313752545,1.0024228258503882,0.0024198943590839845,1.0,True,,False,False,gcd_k_not_2,0.0,False,1.0,True,EXACT-UNCLASSIFIED
3071,False,17,1,0.04676070180637649,0.0739747764972334,0.9865089011368614,0.013582721784350204,1.0,True,,False,False,gcd_k_not_2,0.0,False,1.0,True,EXACT-UNCLASSIFIED
3079,False,1,1,0.04447988306403403,0.0675445963476766,1.0109703970164086,0.010910550481185569,1.0,True,,False,False,gcd_k_not_2,0.0,False,1.0,True,EXACT-UNCLASSIFIED
3080,False,1,1,0.04281550606044117,0.07567126183110012,1.0049465388965504,0.004934334956654553,1.0,True,,False,False,gcd_k_not_2,0.0,False,1.0,True,EXACT-UNCLASSIFIED
3081,False,19,1,0.059360834365945615,0.09348070467605353,0.9909836916506134,0.009057139329867297,1.0,True,,False,False,gcd_k_not_2,0.0,False,1.0,True,EXACT-UNCLASSIFIED
3083,False,19,1,0.046533459039544325,0.07410739474899596,0.9693648887289671,0.031111665945059992,1.0,True,,False,False,gcd_k_not_2,0.0,False,1.0,True,EXACT-UNCLASSIFIED
3084,False,17,1,0.03482252418432588,0.05456724389314385,0.9974510989464218,0.002552153647138259,1.0,True,,False,False,gcd_k_not_2,0.5454545454545454,False,1.0,True,EXACT-UNCLASSIFIED
3085,False,21,1,0.06649893464069842,0.10534015589116878,0.9921707766548167,0.007859992162248159,1.0,True,,False,False,gcd_k_not_2,0.36363636363636365,False,1.0,True,EXACT-UNCLASSIFIED
3086,False,21,1,0.061502305256123505,0.10163937615225958,1.041819391516691,0.040962870360073164,1.0,True,,False,False,gcd_k_not_2,0.0,False,1.0,True,EXACT-UNCLASSIFIED
3087,False,21,1,0.0661071127247096,0.10495183837768422,0.9970179914933043,0.002986461333246104,1.0,True,,False,False,gcd_k_not_2,0.22727272727272727,False,1.0,True,EXACT-UNCLASSIFIED
3088,False,17,1,0.05415861488473455,0.08921786358643312,1.0035975958624626,0.0035911361342136345,1.0,True,,False,False,gcd_k_not_2,0.0,False,1.0,True,EXACT-UNCLASSIFIED
3090,False,9,1,0.057169554766846785,0.08490459449453254,0.9918145580252596,0.008219080377498265,1.0,True,,False,False,gcd_k_not_2,0.0,False,1.0,True,EXACT-UNCLASSIFIED
3093,False,7,1,0.04816020220285225,0.08013425128966661,1.0097816090635672,0.009734001962655829,1.0,True,,False,False,gcd_k_not_2,0.2644628099173554,False,1.0,True,EXACT-UNCLASSIFIED
3096,False,4,2,3.771765394033946,5.649440496630322,0.3203069016057283,1.0295986449326955,0.5165289256198347,False,1.0,True,True,,0.0,False,0.5,False,EXACT-UNCLASSIFIED
3097,False,19,1,0.034755947312896586,0.05881992252759566,0.9916404505817746,0.008394637110110436,1.0,True,,False,False,gcd_k_not_2,0.0,False,1.0,True,EXACT-UNCLASSIFIED
3099,False,5,1,0.044124333400463824,0.07431815884969772,1.0133036010551006,0.013215692902082713,1.0,True,,False,False,gcd_k_not_2,0.0,False,1.0,True,EXACT-UNCLASSIFIED
3101,False,1,1,0.04029632419401623,0.0735846630227012,1.0277436311536616,0.02736404220673329,1.0,True,,False,False,gcd_k_not_2,0.0,False,1.0,True,EXACT-UNCLASSIFIED
3105,False,3,1,0.03504458763652309,0.0650513416424816,0.9778960492224759,0.02235097318305813,1.0,True,,False,False,gcd_k_not_2,0.0,False,1.0,True,EXACT-UNCLASSIFIED
3107,False,17,1,0.06531141311157981,0.10397189435583205,1.0118045265751847,0.01173526196929315,1.0,True,,False,False,gcd_k_not_2,0.0,False,1.0,True,EXACT-UNCLASSIFIED
3110,False,15,1,0.0471504564098521,0.06958169798354069,0.9870838683602351,0.013000087057647417,1.0,True,,False,False,gcd_k_not_2,0.5661157024793388,False,1.0,True,EXACT-UNCLASSIFIED
3112,False,1,1,0.0510073703976982,0.0831161459111915,1.0216121840244494,0.02138113748545555,1.0,True,,False,False,gcd_k_not_2,0.0,False,1.0,True,EXACT-UNCLASSIFIED
3114,False,19,1,0.08772606133808172,0.15024779019146528,1.0066298980892479,0.0066079929293996875,1.0,True,,False,False,gcd_k_not_2,0.0,False,1.0,True,EXACT-UNCLASSIFIED
3117,False,5,1,0.04519482539488481,0.07470573116153335,0.9939907791274396,0.0060273306531436885,1.0,True,,False,False,gcd_k_not_2,0.0,False,1.0,True,EXACT-UNCLASSIFIED
3119,False,5,1,0.049830192360801655,0.07725693640666716,1.0485922903427407,0.04743968877732225,1.0,True,,False,False,gcd_k_not_2,0.0,False,1.0,True,EXACT-UNCLASSIFIED
3120,False,15,1,0.03882985154825275,0.07002695376647493,0.9938824750890771,0.006136294377781266,1.0,True,,False,False,gcd_k_not_2,0.0,False,1.0,True,EXACT-UNCLASSIFIED
3121,False,21,1,0.04309499980649638,0.06770766267467344,0.9722913797467921,0.028097897235412683,1.0,True,,False,False,gcd_k_not_2,0.0,False,1.0,True,EXACT-UNCLASSIFIED
3122,False,4,2,3.7645245349958105,5.638626314996328,0.31797705977329344,1.0349541900888959,0.5206611570247934,False,1.0,True,True,,0.0,False,0.5,False,EXACT-UNCLASSIFIED
3123,False,9,1,0.06152034834470547,0.09542231197551264,0.9894785263224872,0.010577117107126017,1.0,True,,False,False,gcd_k_not_2,0.0,False,1.0,True,EXACT-UNCLASSIFIED
3124,False,13,1,0.05260952036424675,0.0839303432623464,1.0038103607372042,0.0038031151169438766,1.0,True,,False,False,gcd_k_not_2,0.0,False,1.0,True,EXACT-UNCLASSIFIED
3126,False,3,1,0.053444004350113254,0.08972957658560335,1.034620741447082,0.03403164112291398,1.0,True,,False,False,gcd_k_not_2,0.0,False,1.0,True,EXACT-UNCLASSIFIED
3127,False,17,1,0.04482335469374649,0.07332436665537356,1.0011067179597815,0.0011061058861566151,1.0,True,,False,False,gcd_k_not_2,0.49586776859504134,False,1.0,True,EXACT-UNCLASSIFIED
3129,False,3,1,0.0774950286740257,0.1343346581119149,1.004600613237868,0.004590054704649673,1.0,True,,False,False,gcd_k_not_2,0.4380165289256198,False,1.0,True,EXACT-UNCLASSIFIED
3131,False,21,1,0.06288413466363622,0.10180551926031779,1.0100068627445697,0.009957043361439903,1.0,True,,False,False,gcd_k_not_2,0.22727272727272727,False,1.0,True,EXACT-UNCLASSIFIED
3132,False,1,1,0.03163195108993591,0.05789605686411291,1.035084784259285,0.03447992391339598,1.0,True,,False,False,gcd_k_not_2,0.0,False,1.0,True,EXACT-UNCLASSIFIED
3134,False,18,2,3.7680202248864587,5.643847259683206,0.31551287868451233,1.040639179450621,0.4834710743801653,False,1.0,True,True,,0.0,False,0.5,False,EXACT-UNCLASSIFIED
3137,False,5,1,0.02559840742555729,0.04642226286901877,0.9963737085992288,0.0036328783385107437,1.0,True,,False,False,gcd_k_not_2,0.36363636363636365,False,1.0,True,EXACT-UNCLASSIFIED
3138,False,12,2,3.7763141464700776,5.656233791248733,0.3147434802074715,1.0424185859957904,0.5413223140495868,False,1.0,True,True,,0.0,False,0.5,False,EXACT-UNCLASSIFIED
3139,False,9,1,0.040495354915791905,0.07023180194982713,1.008236693114358,0.008202910685378052,1.0,True,,False,False,gcd_k_not_2,0.0,False,1.0,True,EXACT-UNCLASSIFIED
3140,False,13,1,0.06845086358911498,0.11426558614835383,1.0130982378182667,0.013013014041939889,1.0,True,,False,False,gcd_k_not_2,0.0,False,1.0,True,EXACT-UNCLASSIFIED
3141,False,9,1,0.0370522046266514,0.054475561484853025,1.0065053666895396,0.006484275394959568,1.0,True,,False,False,gcd_k_not_2,0.0,False,1.0,True,EXACT-UNCLASSIFIED
3144,False,14,2,3.744992094484945,5.609454421824786,0.31356821528762113,1.0451406736605249,0.48760330578512395,False,1.0,True,True,,0.0,False,0.5,False,EXACT-UNCLASSIFIED
3145,False,1,1,0.0422637171388399,0.0693914576452101,1.059650257638254,0.05792270548559395,1.0,True,,False,False,gcd_k_not_2,0.0,False,1.0,True,EXACT-UNCLASSIFIED
3146,False,19,1,0.05344566119705903,0.08543526031262189,1.007006219436312,0.006981761559543078,1.0,True,,False,False,gcd_k_not_2,0.0,False,1.0,True,EXACT-UNCLASSIFIED
3147,False,13,1,0.031454834519613034,0.04798149990103815,0.9887146541990821,0.01134938667756018,1.0,True,,False,False,gcd_k_not_2,0.0,False,1.0,True,EXACT-UNCLASSIFIED
3148,False,7,1,0.06185897849406856,0.09803418187117706,1.0043585851741104,0.004349107197035468,1.0,True,,False,False,gcd_k_not_2,0.4090909090909091,False,1.0,True,EXACT-UNCLASSIFIED
3149,False,5,1,0.03146778868178084,0.05126730990380392,0.9765114762818755,0.023767657309341887,1.0,True,,False,False,gcd_k_not_2,0.0,False,1.0,True,EXACT-UNCLASSIFIED
3150,False,7,1,0.03528358254640753,0.04980085449709508,1.0156725586639288,0.015550699042424995,1.0,True,,False,False,gcd_k_not_2,0.0,False,1.0,True,EXACT-UNCLASSIFIED
3151,False,1,1,0.035371980627705094,0.06305112393698219,0.9519973079463356,0.04918315395031693,1.0,True,,False,False,gcd_k_not_2,0.0,False,1.0,True,EXACT-UNCLASSIFIED
3152,False,1,1,0.049375570344922196,0.07892263155359763,0.9863261684512846,0.013767961944917325,1.0,True,,False,False,gcd_k_not_2,0.0,False,1.0,True,EXACT-UNCLASSIFIED
3153,False,19,1,0.041297085965492294,0.06293744949104055,1.0477006814919463,0.04658950590102045,1.0,True,,False,False,gcd_k_not_2,0.5454545454545454,False,1.0,True,EXACT-UNCLASSIFIED
3154,False,19,1,0.05250237701709218,0.0838834537663611,0.9875286652235947,0.012549589844534111,1.0,True,,False,False,gcd_k_not_2,0.0,False,1.0,True,EXACT-UNCLASSIFIED
3155,False,2,2,3.761982199540044,5.634829490092362,0.3180726565571896,1.0347340718287972,0.48760330578512395,False,1.0,True,True,,0.3574380165289256,False,0.5,False,EXACT-UNCLASSIFIED
3157,False,5,1,0.04023133469921826,0.06193201398742422,1.0440946156345878,0.04314341938707055,1.0,True,,False,False,gcd_k_not_2,0.0,False,1.0,True,EXACT-UNCLASSIFIED
3159,False,21,1,0.05554250407881355,0.08088581000350333,1.0189706157496834,0.018792364387769118,1.0,True,,False,False,gcd_k_not_2,0.45454545454545453,False,1.0,True,EXACT-UNCLASSIFIED
3162,False,21,1,0.04149068753704253,0.06673393737716532,1.0045275862676868,0.004517359899363577,1.0,True,,False,False,gcd_k_not_2,0.045454545454545456,False,1.0,True,EXACT-UNCLASSIFIED
3163,False,19,1,0.04786262775783093,0.07735452956651417,0.9879888986347054,0.012083670460678562,1.0,True,,False,False,gcd_k_not_2,0.0,False,1.0,True,EXACT-UNCLASSIFIED
3164,False,5,1,0.06872420516253128,0.1121148968749073,1.0002764789979817,0.0002764407829463518,1.0,True,,False,False,gcd_k_not_2,0.0,False,1.0,True,EXACT-UNCLASSIFIED
3165,False,17,1,0.07451850861022463,0.11268512425810788,1.007348875910353,0.007321971779340361,1.0,True,,False,False,gcd_k_not_2,0.0,False,1.0,True,EXACT-UNCLASSIFIED
3171,False,5,1,0.03645478261943842,0.059190308914132794,0.9834886220506286,0.016648825474280912,1.0,True,,False,False,gcd_k_not_2,0.0,False,1.0,True,EXACT-UNCLASSIFIED
3174,False,13,1,0.03430126105081794,0.0591595855474582,0.9939573895662552,0.006060922329999507,1.0,True,,False,False,gcd_k_not_2,0.0,False,1.0,True,EXACT-UNCLASSIFIED
3175,False,7,1,0.0625488305315933,0.10560578269377001,1.0010226526703685,0.0010221300283670344,1.0,True,,False,False,gcd_k_not_2,0.0,False,1.0,True,EXACT-UNCLASSIFIED
3176,False,2,2,3.7812766280896506,5.663644941559659,0.3175240588040122,1.03599769072226,0.4669421487603306,False,1.0,True,True,,0.0,False,0.5,False,EXACT-UNCLASSIFIED
3177,False,13,1,0.03239311505557706,0.059774812067306504,0.9838548684496171,0.016276524867971067,1.0,True,,False,False,gcd_k_not_2,0.0,False,1.0,True,EXACT-UNCLASSIFIED
3178,False,3,1,0.03833076450585136,0.05928195900292284,0.9837686997278718,0.01636410562819617,1.0,True,,False,False,gcd_k_not_2,0.0,False,1.0,True,EXACT-UNCLASSIFIED
3184,False,3,1,0.06718982873807551,0.1021192452403326,1.001995467085032,0.0019934781250403556,1.0,True,,False,False,gcd_k_not_2,0.0,False,1.0,True,EXACT-UNCLASSIFIED
3186,False,15,1,0.07812534192265105,0.12266277210026576,0.9847554332175692,0.015361657690708245,1.0,True,,False,False,gcd_k_not_2,0.0,False,1.0,True,EXACT-UNCLASSIFIED
3187,False,21,1,0.04453800944601652,0.07608671440261441,1.002181353125297,0.0021789765666251956,1.0,True,,False,False,gcd_k_not_2,0.0,False,1.0,True,EXACT-UNCLASSIFIED
3188,False,3,1,0.04723890935318694,0.0810302961068303,0.9983574107709908,0.001643939387574785,1.0,True,,False,False,gcd_k_not_2,0.0,False,1.0,True,EXACT-UNCLASSIFIED
3192,False,15,1,0.06054396801660309,0.09558579464988796,1.015521083547425,0.015401559104613482,1.0,True,,False,False,gcd_k_not_2,0.0,False,1.0,True,EXACT-UNCLASSIFIED
3194,False,3,1,0.05952359244684467,0.09899449438986065,1.0198100042540146,0.019615710598810614,1.0,True,,False,False,gcd_k_not_2,0.0,False,1.0,True,EXACT-UNCLASSIFIED
3196,False,21,1,0.047924573446473766,0.07443324910421889,0.9960309665818949,0.003976925693594638,1.0,True,,False,False,gcd_k_not_2,0.0,False,1.0,True,EXACT-UNCLASSIFIED
3198,False,5,1,0.04763040163456299,0.07243066402243702,0.9842201697003865,0.01590532194015165,1.0,True,,False,False,gcd_k_not_2,0.0,False,1.0,True,EXACT-UNCLASSIFIED
3200,False,21,1,0.07487526798957447,0.11953381853374784,1.021610518714787,0.021379507590339963,1.0,True,,False,False,gcd_k_not_2,0.0,False,1.0,True,EXACT-UNCLASSIFIED
3201,False,21,1,0.03339364678485084,0.054529216806246006,0.9977165311133159,0.002286078981797803,1.0,True,,False,False,gcd_k_not_2,0.0,False,1.0,True,EXACT-UNCLASSIFIED
3203,False,13,1,0.04523576705396117,0.07306872237550109,1.029620056460174,0.029187784547058438,1.0,True,,False,False,gcd_k_not_2,0.0,False,1.0,True,EXACT-UNCLASSIFIED
3206,False,19,1,0.06039559813575358,0.09832897800334255,1.0111281162142955,0.011066541335260928,1.0,True,,False,False,gcd_k_not_2,0.0,False,1.0,True,EXACT-UNCLASSIFIED
3207,False,15,1,0.04042056836641657,0.07217177469981378,0.9718084866292904,0.028594575550185932,1.0,True,,False,False,gcd_k_not_2,0.0,False,1.0,True,EXACT-UNCLASSIFIED
3209,False,5,1,0.04177122009401074,0.05881097836203517,1.0064925217061536,0.006471513485266165,1.0,True,,False,False,gcd_k_not_2,0.3181818181818182,False,1.0,True,EXACT-UNCLASSIFIED
3210,False,21,1,0.055466687646514974,0.09172008485569391,1.019129726203466,0.0189484865238801,1.0,True,,False,False,gcd_k_not_2,0.0,False,1.0,True,EXACT-UNCLASSIFIED
3215,False,13,1,0.06606827255564657,0.10335315814538167,0.9960209675358291,0.003986964594949228,1.0,True,,False,False,gcd_k_not_2,0.0,False,1.0,True,EXACT-UNCLASSIFIED
3217,False,7,1,0.033894237003304975,0.05765481684498116,1.0246376999210562,0.024337885165347774,1.0,True,,False,False,gcd_k_not_2,0.13636363636363635,False,1.0,True,EXACT-UNCLASSIFIED
3220,False,17,1,0.0523591325699055,0.08245352831272248,1.0245337122950988,0.02423640776748186,1.0,True,,False,False,gcd_k_not_2,0.0,False,1.0,True,EXACT-UNCLASSIFIED
3221,False,15,1,0.02858134617296464,0.0545404487116516,0.9834916721721263,0.01664572436525067,1.0,True,,False,False,gcd_k_not_2,0.0,False,1.0,True,EXACT-UNCLASSIFIED
3226,False,10,2,3.7846944284309023,5.668749144865657,0.308014716097356,1.0580695696869196,0.5351239669421488,False,1.0,True,True,,0.0,False,0.5,False,EXACT-UNCLASSIFIED
3228,False,3,1,0.062006166411841916,0.09788391230559776,1.0103836716716037,0.010330039800780687,1.0,True,,False,False,gcd_k_not_2,0.0,False,1.0,True,EXACT-UNCLASSIFIED
3229,False,5,1,0.05780154704193678,0.09225824162374734,0.9917272510918275,0.008307110226701588,1.0,True,,False,False,gcd_k_not_2,0.0,False,1.0,True,EXACT-UNCLASSIFIED
3231,False,21,1,0.06759555387878843,0.1045936277704592,1.0015514518734783,0.0015502493048840682,1.0,True,,False,False,gcd_k_not_2,0.0,False,1.0,True,EXACT-UNCLASSIFIED
3234,False,12,2,3.7626195520446144,5.635781482538147,0.3216887027313982,1.0264312555094184,0.49586776859504134,False,1.0,True,True,,0.0,False,0.5,False,EXACT-UNCLASSIFIED
3235,False,17,1,0.0614351954781014,0.09937488595546119,1.000459988188281,0.00045988241804080683,1.0,True,,False,False,gcd_k_not_2,0.0,False,1.0,True,EXACT-UNCLASSIFIED
3237,False,17,1,0.05293104195035609,0.08631887522323113,1.0120939023184272,0.0120212106447836,1.0,True,,False,False,gcd_k_not_2,0.0,False,1.0,True,EXACT-UNCLASSIFIED
3238,False,8,2,3.7772363439735686,5.657611034918874,0.31760108735028614,1.0358202026411916,0.5,False,1.0,True,True,,0.0,False,0.5,False,EXACT-UNCLASSIFIED
3240,False,19,1,0.0394951554322456,0.0675077848913694,1.0252696423427266,0.024954348610583883,1.0,True,,False,False,gcd_k_not_2,0.0,False,1.0,True,EXACT-UNCLASSIFIED
3242,False,21,1,0.06943476890259646,0.10726103976884883,1.0016549586506307,0.0016535903388127922,1.0,True,,False,False,gcd_k_not_2,0.0,False,1.0,True,EXACT-UNCLASSIFIED
3243,False,19,1,0.038161148539707083,0.06601155684903541,1.0011629962640025,0.001162320376874549,1.0,True,,False,False,gcd_k_not_2,0.0,False,1.0,True,EXACT-UNCLASSIFIED
3244,False,17,1,0.0594698109991033,0.09635243275013892,1.0121323128297102,0.012059160078442589,1.0,True,,False,False,gcd_k_not_2,0.0,False,1.0,True,EXACT-UNCLASSIFIED
3245,False,1,1,0.06609195961804386,0.10929509856038913,1.0054812216890323,0.0054662408500798405,1.0,True,,False,False,gcd_k_not_2,0.2727272727272727,False,1.0,True,EXACT-UNCLASSIFIED
3246,False,5,1,0.05038073572079347,0.07532639412687467,0.9779904719586645,0.022254432822965985,1.0,True,,False,False,gcd_k_not_2,0.0,False,1.0,True,EXACT-UNCLASSIFIED
3249,False,19,1,0.04608252546625075,0.07950883497037117,1.0175215730429314,0.017369403407671513,1.0,True,,False,False,gcd_k_not_2,0.18181818181818182,False,1.0,True,EXACT-UNCLASSIFIED
3250,False,19,1,0.05418176890405988,0.08646877429247107,1.0069691317981575,0.006944931725893936,1.0,True,,False,False,gcd_k_not_2,0.0,False,1.0,True,EXACT-UNCLASSIFIED
3251,False,13,1,0.06178811681434735,0.09913433103775014,1.0115262329753063,0.011460186585046536,1.0,True,,False,False,gcd_k_not_2,0.41735537190082644,False,1.0,True,EXACT-UNCLASSIFIED
3252,False,19,1,0.037143837826319116,0.06526838167086951,1.011512491151139,0.011446601700743781,1.0,True,,False,False,gcd_k_not_2,0.09090909090909091,False,1.0,True,EXACT-UNCLASSIFIED
3253,False,1,1,0.050883960398871386,0.0814797022081595,1.0048700696823145,0.004858239699379934,1.0,True,,False,False,gcd_k_not_2,0.0,False,1.0,True,EXACT-UNCLASSIFIED
3255,False,4,2,3.777193415358014,5.657547090485103,0.31796191283135244,1.0349890699093696,0.512396694214876,False,1.0,True,True,,0.3181818181818182,False,0.5,False,EXACT-UNCLASSIFIED
3260,False,7,1,0.0573433599959169,0.08600426004799623,1.0042349732208289,0.004226024670174554,1.0,True,,False,False,gcd_k_not_2,0.0,False,1.0,True,EXACT-UNCLASSIFIED
3261,False,13,1,0.032561582945481775,0.054040119592947265,1.0028242687699414,0.0028202861468978363,1.0,True,,False,False,gcd_k_not_2,0.0,False,1.0,True,EXACT-UNCLASSIFIED
3262,False,3,1,0.06949898385482406,0.12196122901223312,0.9900470911196539,0.010002686795463027,1.0,True,,False,False,gcd_k_not_2,0.0,False,1.0,True,EXACT-UNCLASSIFIED
3263,False,21,1,0.07192218971880521,0.12254907038246084,0.9870841249866752,0.012999827084232224,1.0,True,,False,False,gcd_k_not_2,0.0,False,1.0,True,EXACT-UNCLASSIFIED
3264,False,3,1,0.05659840486490556,0.09270131390682489,0.9822597965508226,0.017898969126091048,1.0,True,,False,False,gcd_k_not_2,0.0,False,1.0,True,EXACT-UNCLASSIFIED
3265,False,10,2,3.7944092588008376,5.683256934618534,0.3154918149434369,1.0406878663642547,0.5392561983471075,False,1.0,True,True,,0.5,False,0.5,False,EXACT-UNCLASSIFIED
3267,False,1,1,0.0539745293439821,0.08521053928033992,0.9979988979232141,0.002003106286861306,1.0,True,,False,False,gcd_k_not_2,0.0,False,1.0,True,EXACT-UNCLASSIFIED
3269,False,7,1,0.07115005096908782,0.11061609295742815,1.0144164398088793,0.014313266635420391,1.0,True,,False,False,gcd_k_not_2,0.0,False,1.0,True,EXACT-UNCLASSIFIED
3270,False,3,1,0.028387484596212046,0.04807983596762003,1.0219587965188872,0.02172032047012297,1.0,True,,False,False,gcd_k_not_2,0.5909090909090909,False,1.0,True,EXACT-UNCLASSIFIED
3271,False,13,1,0.03535053342539311,0.061806329109064334,0.9945580340885587,0.00545681380880759,1.0,True,,False,False,gcd_k_not_2,0.0,False,1.0,True,EXACT-UNCLASSIFIED
3273,False,7,1,0.030045310756407248,0.0504469595287905,0.9916739848908496,0.00836082127126515,1.0,True,,False,False,gcd_k_not_2,0.0,False,1.0,True,EXACT-UNCLASSIFIED
3274,False,8,2,3.7612789842878045,5.6337794569054145,0.31916352361128403,1.0322245335057294,0.48140495867768596,False,1.0,True,True,,0.3574380165289256,False,0.5,False,EXACT-UNCLASSIFIED
3275,False,9,1,0.0430582332106498,0.07589041418437406,1.0129914366386719,0.012907592553265118,1.0,True,,False,False,gcd_k_not_2,0.0,False,1.0,True,EXACT-UNCLASSIFIED
3278,False,13,1,0.04935273753287044,0.08384955780811715,0.9941923832751209,0.005824530043927916,1.0,True,,False,False,gcd_k_not_2,0.0,False,1.0,True,EXACT-UNCLASSIFIED
3279,False,15,1,0.05917414745692411,0.09436329144185819,1.0053914559502004,0.005376961125672957,1.0,True,,False,False,gcd_k_not_2,0.0,False,1.0,True,EXACT-UNCLASSIFIED
3280,False,8,2,3.7681308658030517,5.644012334749937,0.315476089726986,1.040724214782315,0.4772727272727273,False,1.0,True,True,,0.09090909090909091,False,0.5,False,EXACT-UNCLASSIFIED
3283,False,15,1,0.061157695458804506,0.09876235288640663,0.9678317779589811,0.03269407720855437,1.0,True,,False,False,gcd_k_not_2,0.3181818181818182,False,1.0,True,EXACT-UNCLASSIFIED
3284,False,19,1,0.04284410597731683,0.07209799174521032,0.9945303764745121,0.005484622936809699,1.0,True,,False,False,gcd_k_not_2,0.0,False,1.0,True,EXACT-UNCLASSIFIED
3286,False,21,1,0.052283529266041656,0.09006773198252738,1.0050122680789553,0.004999738065201644,1.0,True,,False,False,gcd_k_not_2,0.0,False,1.0,True,EXACT-UNCLASSIFIED
3287,False,17,1,0.041329248889537276,0.06679607522895509,0.9967901081694649,0.0032150518148126163,1.0,True,,False,False,gcd_k_not_2,0.0,False,1.0,True,EXACT-UNCLASSIFIED
3288,False,2,2,3.7861258250998833,5.670886919682037,0.31457117934052786,1.0428173558518552,0.4628099173553719,False,1.0,True,True,,0.25,False,0.5,False,EXACT-UNCLASSIFIED
3293,False,19,1,0.05142548258668231,0.08038027188327693,0.9552512406187267,0.045772899616841965,1.0,True,,False,False,gcd_k_not_2,0.0,False,1.0,True,EXACT-UNCLASSIFIED
3294,False,21,1,0.07744980633633768,0.12127558441619435,0.99984369231844,0.0001563198985605323,1.0,True,,False,False,gcd_k_not_2,0.0,False,1.0,True,EXACT-UNCLASSIFIED
3295,False,3,1,0.06547177583687078,0.10888269186909379,0.976077001055887,0.024212618163492756,1.0,True,,False,False,gcd_k_not_2,0.0,False,1.0,True,EXACT-UNCLASSIFIED
3297,False,1,1,0.04696086188173874,0.07109532894164657,1.0234050272410795,0.023134297805904234,1.0,True,,False,False,gcd_k_not_2,0.0,False,1.0,True,EXACT-UNCLASSIFIED
3298,False,19,1,0.04750074513965193,0.0744909924428441,1.0055844433716339,0.005568893785639581,1.0,True,,False,False,gcd_k_not_2,0.0,False,1.0,True,EXACT-UNCLASSIFIED
3301,False,21,1,0.08003867907579637,0.13058329632236076,0.9882452608161025,0.011824234580669968,1.0,True,,False,False,gcd_k_not_2,0.0,False,1.0,True,EXACT-UNCLASSIFIED
3302,False,13,1,0.08700131958063675,0.12335101466296179,1.0124019346913913,0.012325504639601923,1.0,True,,False,False,gcd_k_not_2,0.0,False,1.0,True,EXACT-UNCLASSIFIED
3303,False,1,1,0.06790225875501367,0.11064843228439278,0.9708118180932681,0.0296204656769017,1.0,True,,False,False,gcd_k_not_2,0.22727272727272727,False,1.0,True,EXACT-UNCLASSIFIED
3304,False,13,1,0.058695451804812025,0.08914576948533072,1.0034474770749693,0.003441544751652417,1.0,True,,False,False,gcd_k_not_2,0.0,False,1.0,True,EXACT-UNCLASSIFIED
3305,False,21,1,0.059786734157833143,0.09633734406630327,0.9874567408649054,0.012622422291954922,1.0,True,,False,False,gcd_k_not_2,0.045454545454545456,False,1.0,True,EXACT-UNCLASSIFIED
3308,False,7,1,0.04995750479864235,0.07278979638634715,1.0204337805300197,0.020227122241699178,1.0,True,,False,False,gcd_k_not_2,0.36363636363636365,False,1.0,True,EXACT-UNCLASSIFIED
3311,False,7,1,0.06326229858492229,0.10343992641060261,1.0001552283231279,0.000155216276146786,1.0,True,,False,False,gcd_k_not_2,0.0,False,1.0,True,EXACT-UNCLASSIFIED
3316,False,7,1,0.08226113817034535,0.1294244548053386,0.9988166574963622,0.0011840430678820425,1.0,True,,False,False,gcd_k_not_2,0.0,False,1.0,True,EXACT-UNCLASSIFIED
3321,False,19,1,0.0323513430657832,0.054720468845333645,1.0365677497528498,0.0359111546937612,1.0,True,,False,False,gcd_k_not_2,0.0,False,1.0,True,EXACT-UNCLASSIFIED
3322,False,7,1,0.06328138059701852,0.10969697667405787,1.005159878777223,0.005146600858949329,1.0,True,,False,False,gcd_k_not_2,0.0,False,1.0,True,EXACT-UNCLASSIFIED
3323,False,21,1,0.07047747089256987,0.11661358542066848,0.9931710386335361,0.0068523586125811406,1.0,True,,False,False,gcd_k_not_2,0.0,False,1.0,True,EXACT-UNCLASSIFIED
3324,False,3,1,0.060474650780763695,0.09954315162475852,1.003073501760474,0.0030687858011927537,1.0,True,,False,False,gcd_k_not_2,0.0,False,1.0,True,EXACT-UNCLASSIFIED
3326,False,1,1,0.07288792447216152,0.11823666419200847,0.9958178890072447,0.004190874343586112,1.0,True,,False,False,gcd_k_not_2,0.0,False,1.0,True,EXACT-UNCLASSIFIED
3327,False,5,1,0.05043845535220403,0.08078214083185857,0.9916174350715758,0.008417846500849644,1.0,True,,False,False,gcd_k_not_2,0.0,False,1.0,True,EXACT-UNCLASSIFIED
3328,False,15,1,0.08621937045258536,0.12811498535343555,0.9812640452795783,0.018913132517657756,1.0,True,,False,False,gcd_k_not_2,0.0,False,1.0,True,EXACT-UNCLASSIFIED
3329,False,3,1,0.0738516148928493,0.12930977463256352,0.9946949161625211,0.005319193220470067,1.0,True,,False,False,gcd_k_not_2,0.0,False,1.0,True,EXACT-UNCLASSIFIED
3330,False,1,1,0.0531784893604759,0.08860948954988938,1.0244547904021684,0.024159384065386147,1.0,True,,False,False,gcd_k_not_2,0.0,False,1.0,True,EXACT-UNCLASSIFIED
3331,False,21,1,0.047380990045645686,0.07797678149417653,0.9887033969792471,0.011360772086890285,1.0,True,,False,False,gcd_k_not_2,0.012396694214876033,False,1.0,True,EXACT-UNCLASSIFIED
3332,False,7,1,0.04246949628756423,0.0748512062856584,1.0010033944936665,0.0010028913458394865,1.0,True,,False,False,gcd_k_not_2,0.0,False,1.0,True,EXACT-UNCLASSIFIED
3333,False,7,1,0.07461242881615009,0.1169358270883777,1.0013171350690564,0.0013162682175414885,1.0,True,,False,False,gcd_k_not_2,0.0,False,1.0,True,EXACT-UNCLASSIFIED
3335,False,19,1,0.08920675635846476,0.13203939230355005,1.0022024152140803,0.0021999925655316306,1.0,True,,False,False,gcd_k_not_2,0.0,False,1.0,True,EXACT-UNCLASSIFIED
3339,False,3,1,0.03721747186092445,0.06238047501287433,1.0051972652285919,0.005183794451265096,1.0,True,,False,False,gcd_k_not_2,0.0,False,1.0,True,EXACT-UNCLASSIFIED
3340,False,21,1,0.04443704851584849,0.07570682982844056,0.9971727175481339,0.002831284872884772,1.0,True,,False,False,gcd_k_not_2,0.0,False,1.0,True,EXACT-UNCLASSIFIED
3341,False,21,1,0.05651588423412057,0.08776212667612678,0.9969800962192622,0.003024470585816181,1.0,True,,False,False,gcd_k_not_2,0.29338842975206614,False,1.0,True,EXACT-UNCLASSIFIED
3342,False,3,1,0.028328357744103853,0.0499686521383622,1.0433201277426627,0.042401704123102894,1.0,True,,False,False,gcd_k_not_2,0.0,False,1.0,True,EXACT-UNCLASSIFIED
3344,False,8,2,3.76043282268255,5.632516122456555,0.3152184065798253,1.0413199663178723,0.512396694214876,False,1.0,True,True,,0.0,False,0.5,False,EXACT-UNCLASSIFIED
3347,False,7,1,0.05199496475261502,0.08876677104100895,1.0134619493014776,0.013371943091497548,1.0,True,,False,False,gcd_k_not_2,0.0,False,1.0,True,EXACT-UNCLASSIFIED
3349,False,17,1,0.04186246036713159,0.060491708107167856,0.9692985158445662,0.03118012216879881,1.0,True,,False,False,gcd_k_not_2,0.0,False,1.0,True,EXACT-UNCLASSIFIED
3351,False,9,1,0.044470668025100156,0.07406196364736127,0.9905033690272528,0.009541939109993217,1.0,True,,False,False,gcd_k_not_2,0.0,False,1.0,True,EXACT-UNCLASSIFIED
3352,False,21,1,0.03280828643819647,0.05406557659945696,0.9913448379504842,0.008692780762596346,1.0,True,,False,False,gcd_k_not_2,0.0,False,1.0,True,EXACT-UNCLASSIFIED
3355,False,5,1,0.040536779602885424,0.07500511689032952,0.9984518201287061,0.0015493792301624165,1.0,True,,False,False,gcd_k_not_2,0.0,False,1.0,True,EXACT-UNCLASSIFIED
3357,False,15,1,0.043238183391808425,0.06514256239689536,0.992011809955137,0.008020223579942436,1.0,True,,False,False,gcd_k_not_2,0.0,False,1.0,True,EXACT-UNCLASSIFIED
3360,False,16,2,3.7534197948176167,5.622041616059597,0.3189799528709248,1.0326465472757944,0.493801652892562,False,1.0,True,True,,0.0,False,0.5,False,EXACT-UNCLASSIFIED
3361,False,9,1,0.05510794758573948,0.08881259390288357,0.991541334987667,0.008494591464138949,1.0,True,,False,False,gcd_k_not_2,0.0,False,1.0,True,EXACT-UNCLASSIFIED
3362,False,17,1,0.0481346816571373,0.0749109666846612,0.9914251402805935,0.00861178213126135,1.0,True,,False,False,gcd_k_not_2,0.0,False,1.0,True,EXACT-UNCLASSIFIED
3363,False,4,2,3.762121422083497,5.63503747682401,0.3191350793710152,1.0322899167439807,0.5165289256198347,False,1.0,True,True,,0.0,False,0.5,False,EXACT-UNCLASSIFIED
3365,False,15,1,0.06309820389178393,0.09996194610371753,1.0099730477066502,0.009923563619949376,1.0,True,,False,False,gcd_k_not_2,0.0,False,1.0,True,EXACT-UNCLASSIFIED
3366,False,19,1,0.037484000523020304,0.06540750042175075,1.054129400493393,0.052703009343414556,1.0,True,,False,False,gcd_k_not_2,0.0,False,1.0,True,EXACT-UNCLASSIFIED
3368,False,7,1,0.07131367553001831,0.10597316081177505,1.0356520606708697,0.03502765660170849,1.0,True,,False,False,gcd_k_not_2,0.0,False,1.0,True,EXACT-UNCLASSIFIED
3371,False,3,1,0.036716835283890144,0.0612472677544791,0.9974094246872546,0.0025939352049979417,1.0,True,,False,False,gcd_k_not_2,0.2727272727272727,False,1.0,True,EXACT-UNCLASSIFIED
3372,False,10,2,3.7689883168370293,5.64529304408949,0.3204190936754538,1.0293412289773818,0.506198347107438,False,1.0,True,True,,0.4772727272727273,False,0.5,False,EXACT-UNCLASSIFIED
3373,False,15,1,0.05385060979001266,0.08356906387268989,0.9693842429920867,0.031091705051319724,1.0,True,,False,False,gcd_k_not_2,0.0,False,1.0,True,EXACT-UNCLASSIFIED
3374,False,19,1,0.06138046992433804,0.09252665136803896,0.9890991932697857,0.010960546127712205,1.0,True,,False,False,gcd_k_not_2,0.0,False,1.0,True,EXACT-UNCLASSIFIED
3378,False,6,2,3.776476196650529,5.656475611394218,0.3188204952186216,1.0330132224225994,0.46487603305785125,False,1.0,True,True,,0.25,False,0.5,False,EXACT-UNCLASSIFIED
3382,False,19,1,0.04684180731942216,0.07474077940725198,1.0046548546236125,0.0046440459442446645,1.0,True,,False,False,gcd_k_not_2,0.05785123966942149,False,1.0,True,EXACT-UNCLASSIFIED
3383,False,9,1,0.037189324925466435,0.06030392046766941,1.0011974940685375,0.0011967775015576986,1.0,True,,False,False,gcd_k_not_2,0.5909090909090909,False,1.0,True,EXACT-UNCLASSIFIED
3385,False,3,1,0.07398421839257788,0.12280884186065254,0.9930908183265171,0.006933132810560122,1.0,True,,False,False,gcd_k_not_2,0.0,False,1.0,True,EXACT-UNCLASSIFIED
3386,False,15,1,0.03370191823124365,0.051385638218401634,0.9977740679064375,0.0022284122407245865,1.0,True,,False,False,gcd_k_not_2,0.0,False,1.0,True,EXACT-UNCLASSIFIED
3387,False,19,1,0.03418574249239341,0.05864564336870706,0.9671557611952526,0.033392616337397756,1.0,True,,False,False,gcd_k_not_2,0.0,False,1.0,True,EXACT-UNCLASSIFIED
3389,False,4,2,3.7956640868860223,5.685131097533173,0.30447489140493755,1.0663679510856239,0.49793388429752067,False,1.0,True,True,,0.0,False,0.5,False,EXACT-UNCLASSIFIED
3390,False,10,2,3.779365591277443,5.660791068682653,0.3121247675461607,1.0484905848401187,0.4834710743801653,False,1.0,True,True,,0.0,False,0.5,False,EXACT-UNCLASSIFIED
3391,False,13,1,0.07381863074323576,0.1207373734172671,0.994116216823288,0.005901143701729774,1.0,True,,False,False,gcd_k_not_2,0.0,False,1.0,True,EXACT-UNCLASSIFIED
3393,False,6,2,3.754139588795846,5.623116610267619,0.3122733749127988,1.0481453609205489,0.4855371900826446,False,1.0,True,True,,0.0,False,0.5,False,EXACT-UNCLASSIFIED
3394,False,3,1,0.04947247267022807,0.07940221905573476,0.9902707287933056,0.009776831931395806,1.0,True,,False,False,gcd_k_not_2,0.0,False,1.0,True,EXACT-UNCLASSIFIED
3395,False,3,1,0.04791963590528747,0.07451805118505278,0.9961635124310557,0.0038438610314762874,1.0,True,,False,False,gcd_k_not_2,0.0,False,1.0,True,EXACT-UNCLASSIFIED
3396,False,19,1,0.05587911751389264,0.08514972872636171,0.9993981910350477,0.0006019901064737648,1.0,True,,False,False,gcd_k_not_2,0.0,False,1.0,True,EXACT-UNCLASSIFIED
3397,False,10,2,3.7756273502578717,5.655207921916684,0.31917536788575146,1.0321973085434566,0.5227272727272727,False,1.0,True,True,,0.25,False,0.5,False,EXACT-UNCLASSIFIED
3398,False,9,1,0.03649554756577477,0.06508972604756132,1.0194639360050861,0.01927633928792985,1.0,True,,False,False,gcd_k_not_2,0.0,False,1.0,True,EXACT-UNCLASSIFIED
3399,False,3,1,0.07241986555308852,0.11530348094385776,0.9811930697366362,0.01898545936854489,1.0,True,,False,False,gcd_k_not_2,0.0,False,1.0,True,EXACT-UNCLASSIFIED
3402,False,12,2,3.781090904555818,5.663367465228673,0.31449922832241994,1.042983908864556,0.4834710743801653,False,1.0,True,True,,0.5,False,0.5,False,EXACT-UNCLASSIFIED
3403,False,1,1,0.059482901458714856,0.09633554992254914,1.038291813585724,0.03757245486686397,1.0,True,,False,False,gcd_k_not_2,0.0,False,1.0,True,EXACT-UNCLASSIFIED
3404,False,1,1,0.040287118069301006,0.06166973487083422,1.0314891667530819,0.0310010678554696,1.0,True,,False,False,gcd_k_not_2,0.0,False,1.0,True,EXACT-UNCLASSIFIED
3405,False,13,1,0.04415677038478391,0.07906775272968591,0.9963167704786872,0.0036900251260522147,1.0,True,,False,False,gcd_k_not_2,0.0,False,1.0,True,EXACT-UNCLASSIFIED
3407,False,9,1,0.052548671579260534,0.08551552857823133,1.0033697726366977,0.0033641045030468977,1.0,True,,False,False,gcd_k_not_2,0.0,False,1.0,True,EXACT-UNCLASSIFIED
3408,False,19,1,0.04626489263885494,0.0770103217639492,0.9967803335288672,0.0032248579546481663,1.0,True,,False,False,gcd_k_not_2,0.0,False,1.0,True,EXACT-UNCLASSIFIED
3409,False,3,1,0.031743165391203886,0.059230636563685324,0.9799794681831964,0.020222969115103233,1.0,True,,False,False,gcd_k_not_2,0.0,False,1.0,True,EXACT-UNCLASSIFIED
3411,False,21,1,0.058588293954412195,0.09419122665252905,0.9863019810592459,0.013792483792871494,1.0,True,,False,False,gcd_k_not_2,0.0,False,1.0,True,EXACT-UNCLASSIFIED
3414,False,8,2,3.775262211475532,5.654662725509996,0.31508162561572006,1.0416362924447395,0.4628099173553719,False,1.0,True,True,,0.0,False,0.5,False,EXACT-UNCLASSIFIED
3415,False,21,1,0.07388506372841176,0.11315290906662574,1.0007635440742444,0.0007632526857118106,1.0,True,,False,False,gcd_k_not_2,0.0,False,1.0,True,EXACT-UNCLASSIFIED
3416,False,21,1,0.057211660473103415,0.08970327678629003,0.9718770660810486,0.028524023533417812,1.0,True,,False,False,gcd_k_not_2,0.0,False,1.0,True,EXACT-UNCLASSIFIED
3419,False,1,1,0.03442326432075971,0.054813206080030034,1.01999657973391,0.01979862731900675,1.0,True,,False,False,gcd_k_not_2,0.36363636363636365,False,1.0,True,EXACT-UNCLASSIFIED
3420,False,17,1,0.04054502655564025,0.06816418606262974,0.9996328706992751,0.00036719670505973393,1.0,True,,False,False,gcd_k_not_2,0.0,False,1.0,True,EXACT-UNCLASSIFIED
3422,False,9,1,0.07002355237918674,0.1060385103131196,0.988331479268286,0.011736997430637702,1.0,True,,False,False,gcd_k_not_2,0.0,False,1.0,True,EXACT-UNCLASSIFIED
3426,False,1,1,0.07959295351785411,0.13145204928582915,0.9880827970379528,0.011988638481055957,1.0,True,,False,False,gcd_k_not_2,0.0,False,1.0,True,EXACT-UNCLASSIFIED
3429,False,15,1,0.06332592893356731,0.10492497339528557,0.9746947197571485,0.025629561865606887,1.0,True,,False,False,gcd_k_not_2,0.0,False,1.0,True,EXACT-UNCLASSIFIED
3430,False,5,1,0.03470256290610393,0.05265454943433061,1.0032994442331626,0.0032940100319606798,1.0,True,,False,False,gcd_k_not_2,0.0,False,1.0,True,EXACT-UNCLASSIFIED
3431,False,5,1,0.044457500937140224,0.07108838539360737,1.0009834893783875,0.0009830059904123508,1.0,True,,False,False,gcd_k_not_2,0.0,False,1.0,True,EXACT-UNCLASSIFIED
3432,False,19,1,0.03907070971294244,0.064937808132368,0.994409426249746,0.0056062448127979685,1.0,True,,False,False,gcd_k_not_2,0.0,False,1.0,True,EXACT-UNCLASSIFIED
3433,False,9,1,0.042741563833229926,0.0700054324119358,1.0559368905218292,0.05441498791106526,1.0,True,,False,False,gcd_k_not_2,0.0,False,1.0,True,EXACT-UNCLASSIFIED
3436,False,15,1,0.039501846269389185,0.06430333966145418,1.0054055433712596,0.005390972802610718,1.0,True,,False,False,gcd_k_not_2,0.0,False,1.0,True,EXACT-UNCLASSIFIED
3437,False,3,1,0.06666406239751099,0.11081960554533485,1.0109672641205958,0.010907451668927806,1.0,True,,False,False,gcd_k_not_2,0.0,False,1.0,True,EXACT-UNCLASSIFIED
3438,False,17,1,0.05999230188284017,0.09808440567530638,1.0090907366270485,0.009049602849008754,1.0,True,,False,False,gcd_k_not_2,0.0,False,1.0,True,EXACT-UNCLASSIFIED
3440,False,5,1,0.07885821071428409,0.11662339093737954,1.0136177534405528,0.013525658896565687,1.0,True,,False,False,gcd_k_not_2,0.0,False,1.0,True,EXACT-UNCLASSIFIED
3446,False,15,1,0.0570330975081914,0.09687965275656456,1.0128843144205808,0.012801842935806822,1.0,True,,False,False,gcd_k_not_2,0.0,False,1.0,True,EXACT-UNCLASSIFIED
3448,False,15,1,0.07529491417033746,0.12249274310912382,1.0322301090233175,0.031718956313276085,1.0,True,,False,False,gcd_k_not_2,0.0,False,1.0,True,EXACT-UNCLASSIFIED
3449,False,9,1,0.06890989572258717,0.10856410889980056,0.9907021102534534,0.009341317014390182,1.0,True,,False,False,gcd_k_not_2,0.045454545454545456,False,1.0,True,EXACT-UNCLASSIFIED
3450,False,3,1,0.06178432116278994,0.09497701124692115,0.9916488176385134,0.008386199703006407,1.0,True,,False,False,gcd_k_not_2,0.0,False,1.0,True,EXACT-UNCLASSIFIED
3452,False,3,1,0.05922936222783838,0.09928144382255727,1.0194577932013897,0.01927031430604338,1.0,True,,False,False,gcd_k_not_2,0.0,False,1.0,True,EXACT-UNCLASSIFIED
3453,False,3,1,0.05841141694783064,0.09212705733908619,0.9632469426709174,0.03744109467867715,1.0,True,,False,False,gcd_k_not_2,0.0,False,1.0,True,EXACT-UNCLASSIFIED
3454,False,18,2,3.775915851839911,5.655639052932155,0.3133670348090455,1.045607125796006,0.5144628099173554,False,1.0,True,True,,0.07231404958677685,False,0.5,False,EXACT-UNCLASSIFIED
3456,False,1,1,0.047943961634357185,0.08292984032134103,0.9998859831554003,0.00011402334489066123,1.0,True,,False,False,gcd_k_not_2,0.0,False,1.0,True,EXACT-UNCLASSIFIED
3457,False,17,1,0.062209004596796603,0.10746983724677754,1.0047675849969906,0.004756247090854485,1.0,True,,False,False,gcd_k_not_2,0.012396694214876033,False,1.0,True,EXACT-UNCLASSIFIED
3458,False,19,1,0.05189848498397565,0.08389535245431302,0.9648854580819636,0.03574207521726351,1.0,True,,False,False,gcd_k_not_2,0.0,False,1.0,True,EXACT-UNCLASSIFIED
3462,False,3,1,0.03593870668891783,0.05466745959168789,0.9908078463519824,0.009234596563261123,1.0,True,,False,False,gcd_k_not_2,0.6570247933884298,False,1.0,True,EXACT-UNCLASSIFIED
3464,False,4,2,3.7750157226469305,5.65429484032398,0.3183429820670806,1.0341118012614945,0.5082644628099173,False,1.0,True,True,,0.0,False,0.5,False,EXACT-UNCLASSIFIED
3465,False,19,1,0.052839659705698094,0.090201057760913,0.9981730090749753,0.001828661398915112,1.0,True,,False,False,gcd_k_not_2,0.0,False,1.0,True,EXACT-UNCLASSIFIED
3466,False,7,1,0.05991568538300804,0.09384296790283193,0.9976949576398508,0.0023077020356225384,1.0,True,,False,False,gcd_k_not_2,0.0,False,1.0,True,EXACT-UNCLASSIFIED
3468,False,3,1,0.049924288050110295,0.08417408029684885,0.9901583550038427,0.009890313473209227,1.0,True,,False,False,gcd_k_not_2,0.0,False,1.0,True,EXACT-UNCLASSIFIED
3469,False,1,1,0.04249106845539974,0.0670653028405893,1.0099452449329431,0.009896035683573974,1.0,True,,False,False,gcd_k_not_2,0.0,False,1.0,True,EXACT-UNCLASSIFIED
3471,False,9,1,0.046175606946928634,0.07683060061141554,0.9998579622728903,0.00014204781518416685,1.0,True,,False,False,gcd_k_not_2,0.5454545454545454,False,1.0,True,EXACT-UNCLASSIFIED
3473,False,15,1,0.04842771806264948,0.08242362004609627,1.009420587973118,0.009376422267695063,1.0,True,,False,False,gcd_k_not_2,0.0,False,1.0,True,EXACT-UNCLASSIFIED
3474,False,5,1,0.04329042044530154,0.07168329398409772,0.985251152022178,0.01485842026868884,1.0,True,,False,False,gcd_k_not_2,0.0,False,1.0,True,EXACT-UNCLASSIFIED
3477,False,1,1,0.04881435653309822,0.07538578494056732,0.9995887686984904,0.00041131587449078387,1.0,True,,False,False,gcd_k_not_2,0.0,False,1.0,True,EXACT-UNCLASSIFIED
3478,False,15,1,0.046974778906538825,0.07349957346090288,0.9856106753072729,0.014493601259975482,1.0,True,,False,False,gcd_k_not_2,0.0,False,1.0,True,EXACT-UNCLASSIFIED
3479,False,13,1,0.054359143145311664,0.09371485998406172,0.9827315901701066,0.0174188073822054,1.0,True,,False,False,gcd_k_not_2,0.0,False,1.0,True,EXACT-UNCLASSIFIED
3481,False,17,1,0.0341970428780193,0.05305888967597262,0.988703026699131,0.011361146585691914,1.0,True,,False,False,gcd_k_not_2,0.0,False,1.0,True,EXACT-UNCLASSIFIED
3484,False,3,1,0.05258173412808845,0.07845806390813787,1.0316499245983215,0.03115686833161385,1.0,True,,False,False,gcd_k_not_2,0.0,False,1.0,True,EXACT-UNCLASSIFIED
3485,False,14,2,3.771443758912578,5.648960229422281,0.31988653572592407,1.0305635308265655,0.4731404958677686,False,1.0,True,True,,0.0,False,0.5,False,EXACT-UNCLASSIFIED
3487,False,5,1,0.04393123423890018,0.07028282540752408,0.9855894741823993,0.014515111008567914,1.0,True,,False,False,gcd_k_not_2,0.0,False,1.0,True,EXACT-UNCLASSIFIED
3488,False,15,1,0.07089013935921941,0.12738360369567203,0.9958621190584489,0.004146459719875991,1.0,True,,False,False,gcd_k_not_2,0.0,False,1.0,True,EXACT-UNCLASSIFIED
3489,False,3,1,0.036700036781288664,0.057829908620745635,1.0017028648555322,0.0017014162145939542,1.0,True,,False,False,gcd_k_not_2,0.0,False,1.0,True,EXACT-UNCLASSIFIED
3492,False,1,1,0.044799048956208475,0.0710156929719934,0.9929324464757633,0.0070926172502582385,1.0,True,,False,False,gcd_k_not_2,0.7024793388429752,False,1.0,True,EXACT-UNCLASSIFIED
3493,False,17,1,0.03552922979624028,0.05674674654816847,1.0058015797204907,0.005784799233530547,1.0,True,,False,False,gcd_k_not_2,0.4090909090909091,False,1.0,True,EXACT-UNCLASSIFIED
3494,False,12,2,3.7841109215372386,5.667877917710852,0.3182775083617506,1.0342624937680067,0.5020661157024794,False,1.0,True,True,,0.3181818181818182,False,0.5,False,EXACT-UNCLASSIFIED
3495,False,9,1,0.029227716227113964,0.04984112214479335,1.0055161329894282,0.00550096097327916,1.0,True,,False,False,gcd_k_not_2,0.0,False,1.0,True,EXACT-UNCLASSIFIED
3496,False,5,1,0.041494341327808625,0.07053506395277594,1.027636834662589,0.02726014263514588,1.0,True,,False,False,gcd_k_not_2,0.0,False,1.0,True,EXACT-UNCLASSIFIED
3497,False,3,1,0.052891938897906436,0.09269920207008352,0.989940728157766,0.010110122075391288,1.0,True,,False,False,gcd_k_not_2,0.0,False,1.0,True,EXACT-UNCLASSIFIED
3499,False,19,1,0.047199506726792795,0.07331193155684172,1.0432616903763103,0.042345716733271394,1.0,True,,False,False,gcd_k_not_2,0.5,False,1.0,True,EXACT-UNCLASSIFIED
3500,False,5,1,0.06056917262753017,0.0975395547527106,1.01333969717136,0.013251312920618,1.0,True,,False,False,gcd_k_not_2,0.0,False,1.0,True,EXACT-UNCLASSIFIED
3504,False,17,1,0.0420140953530648,0.060559939553990035,0.982324743256807,0.017832856905326214,1.0,True,,False,False,gcd_k_not_2,0.0,False,1.0,True,EXACT-UNCLASSIFIED
3506,False,6,2,3.7704679799955554,5.64750269351075,0.31844189443507387,1.0338841756192225,0.4690082644628099,False,1.0,True,True,,0.0,False,0.5,False,EXACT-UNCLASSIFIED
3507,False,9,1,0.059350575205242076,0.09417536170534635,0.9872266418682017,0.012855461840819433,1.0,True,,False,False,gcd_k_not_2,0.0,False,1.0,True,EXACT-UNCLASSIFIED
3508,False,1,1,0.057472844764621236,0.09017647094237856,0.9944886526231005,0.005526576819227495,1.0,True,,False,False,gcd_k_not_2,0.0,False,1.0,True,EXACT-UNCLASSIFIED
3509,False,17,1,0.03352328492941749,0.06131440031301664,1.0636079723588607,0.06164734117222076,1.0,True,,False,False,gcd_k_not_2,0.0,False,1.0,True,EXACT-UNCLASSIFIED
3511,False,13,1,0.0323768275456055,0.054014649537829536,1.0112720843821486,0.011208910489712454,1.0,True,,False,False,gcd_k_not_2,0.0,False,1.0,True,EXACT-UNCLASSIFIED
3513,False,21,1,0.03577596618117143,0.053963895492108484,1.0048024154609847,0.004790911487285218,1.0,True,,False,False,gcd_k_not_2,0.36363636363636365,False,1.0,True,EXACT-UNCLASSIFIED
3514,False,7,1,0.047127328243395286,0.07603056677546784,0.9801483077340394,0.02005071255362453,1.0,True,,False,False,gcd_k_not_2,0.0,False,1.0,True,EXACT-UNCLASSIFIED
3515,False,17,1,0.06630220902753346,0.10853045158963029,0.9844362686274022,0.015685796131274014,1.0,True,,False,False,gcd_k_not_2,0.0,False,1.0,True,EXACT-UNCLASSIFIED
3516,False,17,1,0.039282050211395914,0.06912608635368445,1.011683773228339,0.011615914373648312,1.0,True,,False,False,gcd_k_not_2,0.0,False,1.0,True,EXACT-UNCLASSIFIED
3517,False,19,1,0.07732318078599303,0.13104640068539727,0.999374459739623,0.0006257359718983194,1.0,True,,False,False,gcd_k_not_2,0.0,False,1.0,True,EXACT-UNCLASSIFIED
3519,False,9,1,0.05743079756447185,0.0940848441365366,0.9820532624777715,0.01810923839634183,1.0,True,,False,False,gcd_k_not_2,0.0,False,1.0,True,EXACT-UNCLASSIFIED
3522,False,9,1,0.04764208537004774,0.07332636738134184,1.0068808438119112,0.00685725197201196,1.0,True,,False,False,gcd_k_not_2,0.0,False,1.0,True,EXACT-UNCLASSIFIED
3524,False,3,1,0.08492948105397981,0.14815087637775212,0.9864461238695352,0.013646356644258947,1.0,True,,False,False,gcd_k_not_2,0.3760330578512397,False,1.0,True,EXACT-UNCLASSIFIED
3526,False,9,1,0.04413138830333161,0.0751281659528451,1.0190543035802453,0.018874483510877012,1.0,True,,False,False,gcd_k_not_2,0.0,False,1.0,True,EXACT-UNCLASSIFIED
3530,False,17,1,0.03451164685707167,0.06119399321498475,1.0402675888506874,0.03947285059149599,1.0,True,,False,False,gcd_k_not_2,0.045454545454545456,False,1.0,True,EXACT-UNCLASSIFIED
3531,False,5,1,0.030195685615668887,0.05437053419336284,1.000113011019822,0.00011300463443740695,1.0,True,,False,False,gcd_k_not_2,0.0,False,1.0,True,EXACT-UNCLASSIFIED
3533,False,17,1,0.040505735639169795,0.0589097575733725,0.9992122650074439,0.0007880453780160745,1.0,True,,False,False,gcd_k_not_2,0.0,False,1.0,True,EXACT-UNCLASSIFIED
3534,False,5,1,0.06679481620867478,0.10855267366085056,0.990449648460223,0.009596174961938899,1.0,True,,False,False,gcd_k_not_2,0.0,False,1.0,True,EXACT-UNCLASSIFIED
3536,False,5,1,0.05083484512444019,0.07778588069532559,0.9781710935474236,0.022069786100686533,1.0,True,,False,False,gcd_k_not_2,0.0,False,1.0,True,EXACT-UNCLASSIFIED
3538,False,5,1,0.041361115416893426,0.07141161092434743,0.9831632361889903,0.01697970545618282,1.0,True,,False,False,gcd_k_not_2,0.0,False,1.0,True,EXACT-UNCLASSIFIED
3539,False,16,2,3.7663374885376313,5.641334063269747,0.31848642569695507,1.0337817076012676,0.4690082644628099,False,1.0,True,True,,0.25,False,0.5,False,EXACT-UNCLASSIFIED
3540,False,17,1,0.05649823686938392,0.09752667502678558,1.0056808074158672,0.0056647173317537075,1.0,True,,False,False,gcd_k_not_2,0.0,False,1.0,True,EXACT-UNCLASSIFIED
3543,False,5,1,0.08131296353699398,0.13290840752583566,0.9749780434287783,0.0253389718984226,1.0,True,,False,False,gcd_k_not_2,0.0,False,1.0,True,EXACT-UNCLASSIFIED
3544,False,3,1,0.04364895801020226,0.07447117732640182,0.9934809943160885,0.006540323888212432,1.0,True,,False,False,gcd_k_not_2,0.0,False,1.0,True,EXACT-UNCLASSIFIED
3547,False,1,1,0.04765876016724599,0.0788553709807296,1.0196990559622043,0.019506921988255876,1.0,True,,False,False,gcd_k_not_2,0.0,False,1.0,True,EXACT-UNCLASSIFIED
3548,False,19,1,0.08153291571243691,0.13697199511037625,0.9995858978722034,0.00041418788583903217,1.0,True,,False,False,gcd_k_not_2,0.36363636363636365,False,1.0,True,EXACT-UNCLASSIFIED
3549,False,13,1,0.031214691170440373,0.051562542636436906,0.9922953186807482,0.007734477160096594,1.0,True,,False,False,gcd_k_not_2,0.0,False,1.0,True,EXACT-UNCLASSIFIED
3550,False,13,1,0.04977077366656514,0.08289559761069583,0.993021248264984,0.0070031884919353905,1.0,True,,False,False,gcd_k_not_2,0.0,False,1.0,True,EXACT-UNCLASSIFIED
3554,False,3,1,0.0721903813629883,0.11004488840451764,0.9850011618252447,0.015112170675974486,1.0,True,,False,False,gcd_k_not_2,0.0,False,1.0,True,EXACT-UNCLASSIFIED
3557,False,1,1,0.05280778589753142,0.09681043303268848,0.9771129722815487,0.023151967580325054,1.0,True,,False,False,gcd_k_not_2,0.0,False,1.0,True,EXACT-UNCLASSIFIED
3558,False,12,2,3.776045157106797,5.655832373722737,0.3184249207026609,1.0339232346034395,0.506198347107438,False,1.0,True,True,,0.0,False,0.5,False,EXACT-UNCLASSIFIED
3559,False,13,1,0.03861098392595657,0.05964473561113113,0.9974501076791843,0.0025531474463493637,1.0,True,,False,False,gcd_k_not_2,0.0,False,1.0,True,EXACT-UNCLASSIFIED
3560,False,8,2,3.739428548791689,5.601145211774694,0.3143469318945877,1.043336506468754,0.5268595041322314,False,1.0,True,True,,0.0,False,0.5,False,EXACT-UNCLASSIFIED
3561,False,17,1,0.07990643693621317,0.139633250514315,1.0099262386025443,0.009877216797215246,1.0,True,,False,False,gcd_k_not_2,0.045454545454545456,False,1.0,True,EXACT-UNCLASSIFIED
3562,False,15,1,0.040433681581352965,0.061272912637799076,0.9972726618877672,0.0027310623774872904,1.0,True,,False,False,gcd_k_not_2,0.09090909090909091,False,1.0,True,EXACT-UNCLASSIFIED
3564,False,1,1,0.045918436086116184,0.07050683288516889,0.994514477475991,0.005500609382340365,1.0,True,,False,False,gcd_k_not_2,0.0,False,1.0,True,EXACT-UNCLASSIFIED
3565,False,19,1,0.0516584399519372,0.08577576830342289,1.0126495394348232,0.012570036846430073,1.0,True,,False,False,gcd_k_not_2,0.0,False,1.0,True,EXACT-UNCLASSIFIED
3568,False,3,1,0.0525520104708007,0.0982774898090561,1.0540936993493961,0.052669164377973206,1.0,True,,False,False,gcd_k_not_2,0.0,False,1.0,True,EXACT-UNCLASSIFIED
3569,False,19,1,0.055398910815365694,0.08792366529762738,1.0026472707895298,0.0026437714001287796,1.0,True,,False,False,gcd_k_not_2,0.0,False,1.0,True,EXACT-UNCLASSIFIED
3571,False,15,1,0.045263537459939045,0.06988251099384006,1.0077295090141754,0.007699751365382632,1.0,True,,False,False,gcd_k_not_2,0.0,False,1.0,True,EXACT-UNCLASSIFIED
3575,False,5,1,0.031224529517266782,0.05387463556337824,1.0316144232108388,0.03112246383924974,1.0,True,,False,False,gcd_k_not_2,0.0,False,1.0,True,EXACT-UNCLASSIFIED
3577,False,3,1,0.05759579789979447,0.0976758207999931,0.990344091951849,0.009702752491084963,1.0,True,,False,False,gcd_k_not_2,0.0,False,1.0,True,EXACT-UNCLASSIFIED
3578,False,19,1,0.05225790368993075,0.07491014211854109,0.9751265826887278,0.02518665641916699,1.0,True,,False,False,gcd_k_not_2,0.0,False,1.0,True,EXACT-UNCLASSIFIED
3579,False,18,2,3.7620569883745443,5.634940964511648,0.31750916670359447,1.0360320072823421,0.44214876033057854,False,1.0,True,True,,0.0,False,0.5,False,EXACT-UNCLASSIFIED
3585,False,9,1,0.037563250537760905,0.05887833660535262,1.0132726306692315,0.013185129988897202,1.0,True,,False,False,gcd_k_not_2,0.0,False,1.0,True,EXACT-UNCLASSIFIED
3586,False,7,1,0.051450612877714776,0.07961023374681861,0.9991235007527511,0.000876883541130757,1.0,True,,False,False,gcd_k_not_2,0.22727272727272727,False,1.0,True,EXACT-UNCLASSIFIED
3588,False,5,1,0.03716323091230856,0.06696962636052471,1.0197156472275881,0.019523191053801278,1.0,True,,False,False,gcd_k_not_2,0.0,False,1.0,True,EXACT-UNCLASSIFIED
3589,False,17,1,0.047099320779010995,0.07104175545815292,0.9998997427132557,0.00010026231275803416,1.0,True,,False,False,gcd_k_not_2,0.0,False,1.0,True,EXACT-UNCLASSIFIED
3590,False,16,2,3.761904406877734,5.634713635337644,0.3137288604531346,1.044768308294841,0.47107438016528924,False,1.0,True,True,,0.0,False,0.5,False,EXACT-UNCLASSIFIED
3591,False,14,2,3.7688470128924365,5.645081916873322,0.31717566253032026,1.03680071974297,0.493801652892562,False,1.0,True,True,,0.0,False,0.5,False,EXACT-UNCLASSIFIED
3592,False,13,1,0.04466099878927928,0.08034598656252818,0.9977331984053794,0.002269373704586711,1.0,True,,False,False,gcd_k_not_2,0.0,False,1.0,True,EXACT-UNCLASSIFIED
3593,False,7,1,0.04658755175435305,0.08203460305189497,0.9863770924491606,0.01371633573768481,1.0,True,,False,False,gcd_k_not_2,0.0,False,1.0,True,EXACT-UNCLASSIFIED
3594,False,15,1,0.048714069379894906,0.06934786233918273,1.0234329217331475,0.023161550335037834,1.0,True,,False,False,gcd_k_not_2,0.0,False,1.0,True,EXACT-UNCLASSIFIED
3595,False,3,1,0.07072285176370834,0.1137148056384412,1.0031499662570789,0.0031450129147989198,1.0,True,,False,False,gcd_k_not_2,0.0,False,1.0,True,EXACT-UNCLASSIFIED
3599,False,21,1,0.07233107336993076,0.10942588232064884,0.9837743091978903,0.016358404004808678,1.0,True,,False,False,gcd_k_not_2,0.0,False,1.0,True,EXACT-UNCLASSIFIED
3601,False,3,1,0.06693571030384195,0.10762250000134888,0.9793750689972808,0.02083984114558689,1.0,True,,False,False,gcd_k_not_2,0.0,False,1.0,True,EXACT-UNCLASSIFIED
3602,False,1,1,0.05698102531797695,0.08760544171130696,0.9925979909013726,0.007429505733144903,1.0,True,,False,False,gcd_k_not_2,0.0,False,1.0,True,EXACT-UNCLASSIFIED
3603,False,15,1,0.0644892410481169,0.09757303732489368,1.0091468395103895,0.009105197619720529,1.0,True,,False,False,gcd_k_not_2,0.0,False,1.0,True,EXACT-UNCLASSIFIED
3604,False,13,1,0.037470329018735135,0.058953379467444875,1.023436683120459,0.023165225100412908,1.0,True,,False,False,gcd_k_not_2,0.0,False,1.0,True,EXACT-UNCLASSIFIED
3605,False,9,1,0.06405467146394572,0.10247154527729185,1.0080072667405153,0.00797533641749527,1.0,True,,False,False,gcd_k_not_2,0.0,False,1.0,True,EXACT-UNCLASSIFIED
3606,False,21,1,0.06222518317583085,0.10337179995428693,1.0207605778488937,0.0205472910313734,1.0,True,,False,False,gcd_k_not_2,0.024793388429752067,False,1.0,True,EXACT-UNCLASSIFIED
3607,False,10,2,3.7856239413253454,5.670137358317832,0.3141401937883119,1.0438152785427546,0.5103305785123967,False,1.0,True,True,,0.0,False,0.5,False,EXACT-UNCLASSIFIED
3608,False,5,1,0.03403744198250784,0.06073467237600726,1.0468398131464645,0.04576793244456277,1.0,True,,False,False,gcd_k_not_2,0.0,False,1.0,True,EXACT-UNCLASSIFIED
3611,False,9,1,0.04912137001004867,0.08482732110970931,0.9784918680299337,0.021741946295167545,1.0,True,,False,False,gcd_k_not_2,0.0,False,1.0,True,EXACT-UNCLASSIFIED
3612,False,19,1,0.08486903966005947,0.14635050864442237,0.996620386600545,0.003385333959460529,1.0,True,,False,False,gcd_k_not_2,0.5,False,1.0,True,EXACT-UNCLASSIFIED
3614,False,15,1,0.04268178126257297,0.0805164033760871,0.9890411814485556,0.011019197243028906,1.0,True,,False,False,gcd_k_not_2,0.0,False,1.0,True,EXACT-UNCLASSIFIED
3617,False,21,1,0.08333420637504621,0.1259596240915032,0.9930959047017546,0.006928011122754872,1.0,True,,False,False,gcd_k_not_2,0.0,False,1.0,True,EXACT-UNCLASSIFIED
3618,False,3,1,0.08821790537221083,0.13855876286694588,0.9930039641945326,0.007020593968858243,1.0,True,,False,False,gcd_k_not_2,0.0,False,1.0,True,EXACT-UNCLASSIFIED
3619,False,1,1,0.054483503217437834,0.08453442327738189,1.00856864416526,0.00853208994390238,1.0,True,,False,False,gcd_k_not_2,0.13636363636363635,False,1.0,True,EXACT-UNCLASSIFIED
3620,False,19,1,0.05152547660281088,0.08156352703604317,0.9857989444979525,0.014302611592572685,1.0,True,,False,False,gcd_k_not_2,0.0,False,1.0,True,EXACT-UNCLASSIFIED
3623,False,5,1,0.038148376648000235,0.05831567952833777,1.0214340655638106,0.02120679168215383,1.0,True,,False,False,gcd_k_not_2,0.18181818181818182,False,1.0,True,EXACT-UNCLASSIFIED
3624,False,14,2,3.7797728329005684,5.661398863651541,0.31618931681047674,1.0390764830801127,0.47107438016528924,False,1.0,True,True,,0.0,False,0.5,False,EXACT-UNCLASSIFIED
3625,False,9,1,0.07924530984483298,0.12272106498247796,0.9910346461424394,0.009005723607000629,1.0,True,,False,False,gcd_k_not_2,0.0,False,1.0,True,EXACT-UNCLASSIFIED
3627,False,13,1,0.06700469989032524,0.10387415127491843,0.9878984312441706,0.012175238498734878,1.0,True,,False,False,gcd_k_not_2,0.10743801652892562,False,1.0,True,EXACT-UNCLASSIFIED
3628,False,3,1,0.04284996336236446,0.062411221851705403,0.9687644751619827,0.03173109351787479,1.0,True,,False,False,gcd_k_not_2,0.0,False,1.0,True,EXACT-UNCLASSIFIED
3629,False,7,1,0.0488125843739466,0.08191394147459159,0.9898280528325177,0.010223945886180925,1.0,True,,False,False,gcd_k_not_2,0.0,False,1.0,True,EXACT-UNCLASSIFIED
3630,False,15,1,0.04067755274311371,0.06355694704992666,1.0183366216588743,0.01817003314719956,1.0,True,,False,False,gcd_k_not_2,0.0,False,1.0,True,EXACT-UNCLASSIFIED
3631,False,15,1,0.06589799390242347,0.10803019915481915,1.0036784540606483,0.003671700968978827,1.0,True,,False,False,gcd_k_not_2,0.0,False,1.0,True,EXACT-UNCLASSIFIED
3632,False,1,1,0.05258229285585317,0.08688433204881647,0.9875008088444661,0.012577797301930094,1.0,True,,False,False,gcd_k_not_2,0.22727272727272727,False,1.0,True,EXACT-UNCLASSIFIED
3634,False,13,1,0.07116759817220059,0.11231848328354613,1.0113402874924808,0.011276348972871946,1.0,True,,False,False,gcd_k_not_2,0.0,False,1.0,True,EXACT-UNCLASSIFIED
3635,False,2,2,3.7734056693417046,5.651890067225479,0.3148211299570615,1.042238909052693,0.5413223140495868,False,1.0,True,True,,0.0,False,0.5,False,EXACT-UNCLASSIFIED
3638,False,8,2,3.7655491369373446,5.640156676343627,0.32047927044125923,1.0292031761038825,0.45454545454545453,False,1.0,True,True,,0.0,False,0.5,False,EXACT-UNCLASSIFIED
3644,False,3,1,0.03710040822538797,0.0673648356159836,0.9881849340177523,0.011885278658028636,1.0,True,,False,False,gcd_k_not_2,0.0,False,1.0,True,EXACT-UNCLASSIFIED
3645,False,1,1,0.055470421583599036,0.08416877503043273,1.0016396842144215,0.001638341033456327,1.0,True,,False,False,gcd_k_not_2,0.0,False,1.0,True,EXACT-UNCLASSIFIED
3649,False,21,1,0.043862735154119654,0.06869827787080837,1.0015344472463892,0.0015332708847456888,1.0,True,,False,False,gcd_k_not_2,0.0,False,1.0,True,EXACT-UNCLASSIFIED
3654,False,21,1,0.08431843489087122,0.14004920974626725,0.9993864890669133,0.000613699188667591,1.0,True,,False,False,gcd_k_not_2,0.045454545454545456,False,1.0,True,EXACT-UNCLASSIFIED
3656,False,6,2,3.7728571662916233,5.651071075067468,0.32048757375252784,1.0291841282783922,0.4772727272727273,False,1.0,True,True,,0.0,False,0.5,False,EXACT-UNCLASSIFIED
3657,False,1,1,0.08924111411057746,0.1508339664969637,1.0007172411256313,0.0007169840004254515,1.0,True,,False,False,gcd_k_not_2,0.22727272727272727,False,1.0,True,EXACT-UNCLASSIFIED
3658,False,13,1,0.04908181347055953,0.08173622623623128,1.0295411016307976,0.029111114435731836,1.0,True,,False,False,gcd_k_not_2,0.13636363636363635,False,1.0,True,EXACT-UNCLASSIFIED
3663,False,3,1,0.037275949425635564,0.05843563563010519,0.9750416522309543,0.02527374320521633,1.0,True,,False,False,gcd_k_not_2,0.0,False,1.0,True,EXACT-UNCLASSIFIED
3664,False,13,1,0.045866389377236326,0.07033520652902421,0.9957356065225724,0.004273505431772037,1.0,True,,False,False,gcd_k_not_2,0.0,False,1.0,True,EXACT-UNCLASSIFIED
3666,False,15,1,0.047037693353909234,0.07212067751364132,0.9994815560186587,0.0005185784082685324,1.0,True,,False,False,gcd_k_not_2,0.0,False,1.0,True,EXACT-UNCLASSIFIED
3668,False,5,1,0.044069236412528384,0.060283447979736095,0.9932774374154196,0.006745235217529163,1.0,True,,False,False,gcd_k_not_2,0.0,False,1.0,True,EXACT-UNCLASSIFIED
3669,False,3,1,0.06168733587900536,0.09439570721548658,1.0075018843033683,0.007473850323155753,1.0,True,,False,False,gcd_k_not_2,0.0,False,1.0,True,EXACT-UNCLASSIFIED
3670,False,19,1,0.05772468089904064,0.09362450086910865,1.0221621584598775,0.021919269300100765,1.0,True,,False,False,gcd_k_not_2,0.0,False,1.0,True,EXACT-UNCLASSIFIED
3672,False,7,1,0.04857559429937607,0.07802160570788554,0.9907855391544736,0.009257110486586997,1.0,True,,False,False,gcd_k_not_2,0.0,False,1.0,True,EXACT-UNCLASSIFIED
3673,False,13,1,0.06385376240842065,0.11167696938577841,0.9996565699207106,0.0003434890615271669,1.0,True,,False,False,gcd_k_not_2,0.0,False,1.0,True,EXACT-UNCLASSIFIED
3674,False,17,1,0.03297395195453664,0.05204489555107239,0.9943716711505208,0.005644212591760622,1.0,True,,False,False,gcd_k_not_2,0.0,False,1.0,True,EXACT-UNCLASSIFIED
3675,False,5,1,0.039521246020457965,0.07175889385652078,0.9956348903626597,0.004374657567293799,1.0,True,,False,False,gcd_k_not_2,0.0,False,1.0,True,EXACT-UNCLASSIFIED
3676,False,3,1,0.053410547421704646,0.08492034913296258,1.0122791688522048,0.012204239891037312,1.0,True,,False,False,gcd_k_not_2,0.0,False,1.0,True,EXACT-UNCLASSIFIED
3679,False,5,1,0.04363854186030754,0.07424684123555483,0.9752463151681556,0.025063896732025602,1.0,True,,False,False,gcd_k_not_2,0.0,False,1.0,True,EXACT-UNCLASSIFIED
3682,False,21,1,0.04891103031184067,0.08040294752152667,0.9996029870478139,0.00039709177747547416,1.0,True,,False,False,gcd_k_not_2,0.0,False,1.0,True,EXACT-UNCLASSIFIED
3683,False,3,1,0.060465755072853275,0.09589891504839895,0.9837533171953333,0.016379741033160904,1.0,True,,False,False,gcd_k_not_2,0.0,False,1.0,True,EXACT-UNCLASSIFIED
3686,False,5,1,0.037401034378783046,0.06049207851495696,0.960676853547458,0.040111807696810935,1.0,True,,False,False,gcd_k_not_2,0.5454545454545454,False,1.0,True,EXACT-UNCLASSIFIED
3687,False,13,1,0.029848904493937012,0.04921675405834457,1.0159675601625258,0.015841088396520105,1.0,True,,False,False,gcd_k_not_2,0.5,False,1.0,True,EXACT-UNCLASSIFIED
3688,False,1,1,0.057282816038094916,0.09270434038711449,1.02318186645449,0.02291624577983674,1.0,True,,False,False,gcd_k_not_2,0.0,False,1.0,True,EXACT-UNCLASSIFIED
3691,False,10,2,3.7724767038102818,5.650502670059175,0.3197405074161736,1.030898860436827,0.5041322314049587,False,1.0,True,True,,0.0,False,0.5,False,EXACT-UNCLASSIFIED
3692,False,5,1,0.057002306663653225,0.09307929783846758,1.0028520403251386,0.0028479790495914386,1.0,True,,False,False,gcd_k_not_2,0.22727272727272727,False,1.0,True,EXACT-UNCLASSIFIED
3693,False,1,1,0.05410314733797189,0.09759373343212499,1.0021242677520015,0.0021220138891643613,1.0,True,,False,False,gcd_k_not_2,0.0,False,1.0,True,EXACT-UNCLASSIFIED
3694,False,13,1,0.07202793004398604,0.12133764939078996,0.9834220583313759,0.016716504285094923,1.0,True,,False,False,gcd_k_not_2,0.0,False,1.0,True,EXACT-UNCLASSIFIED
3695,False,7,1,0.0454593340213523,0.07391788603394753,0.9999593876896874,4.06131350091897e-05,1.0,True,,False,False,gcd_k_not_2,0.0,False,1.0,True,EXACT-UNCLASSIFIED
3697,False,16,2,3.787771599078217,5.673344336024242,0.32064552447433836,1.0288218343768933,0.4772727272727273,False,1.0,True,True,,0.0,False,0.5,False,EXACT-UNCLASSIFIED
3699,False,21,1,0.07565959152825215,0.11492139818645927,1.0114549653238516,0.011389730837953208,1.0,True,,False,False,gcd_k_not_2,0.0,False,1.0,True,EXACT-UNCLASSIFIED
3701,False,9,1,0.04349075156435563,0.0604397706370903,0.9948436533345021,0.005169674983679861,1.0,True,,False,False,gcd_k_not_2,0.0,False,1.0,True,EXACT-UNCLASSIFIED
3702,False,15,1,0.05151705481630338,0.08311253702494334,0.9981368476027664,0.0018648896840763236,1.0,True,,False,False,gcd_k_not_2,0.0,False,1.0,True,EXACT-UNCLASSIFIED
3703,False,13,1,0.04031660614058882,0.06931182554059284,0.9932928625088002,0.006729706022985492,1.0,True,,False,False,gcd_k_not_2,0.0,False,1.0,True,EXACT-UNCLASSIFIED
3705,False,21,1,0.0532902849535033,0.08579520590447609,1.0175984120835677,0.017444910719763958,1.0,True,,False,False,gcd_k_not_2,0.0,False,1.0,True,EXACT-UNCLASSIFIED
3706,False,13,1,0.05779861245553169,0.09284269541632394,0.986107011864372,0.01399017077391668,1.0,True,,False,False,gcd_k_not_2,0.0,False,1.0,True,EXACT-UNCLASSIFIED
3707,False,13,1,0.05211765721039953,0.08644816953094472,0.9954422430046365,0.004568167293582716,1.0,True,,False,False,gcd_k_not_2,0.0,False,1.0,True,EXACT-UNCLASSIFIED
3708,False,19,1,0.0557102651492171,0.09750433398046854,0.9996735147532915,0.00032653855171829683,1.0,True,,False,False,gcd_k_not_2,0.0,False,1.0,True,EXACT-UNCLASSIFIED
3712,False,3,1,0.042989664166161706,0.06893667699121497,1.0022136643624224,0.0022112169163796807,1.0,True,,False,False,gcd_k_not_2,0.0,False,1.0,True,EXACT-UNCLASSIFIED
3717,False,19,1,0.05989556014234651,0.10615562893582857,1.0214918353688414,0.021263341254029792,1.0,True,,False,False,gcd_k_not_2,0.0,False,1.0,True,EXACT-UNCLASSIFIED
3720,False,7,1,0.059336028337807274,0.09262858121123424,1.0124254827496015,0.012348763078297314,1.0,True,,False,False,gcd_k_not_2,0.0,False,1.0,True,EXACT-UNCLASSIFIED
3722,False,15,1,0.0520533714863752,0.08092181444839432,0.9940411476663672,0.005976659348886988,1.0,True,,False,False,gcd_k_not_2,0.0,False,1.0,True,EXACT-UNCLASSIFIED
3723,False,1,1,0.06315881270717395,0.10928488249855861,1.0031087895988768,0.0031039648121152386,1.0,True,,False,False,gcd_k_not_2,0.0,False,1.0,True,EXACT-UNCLASSIFIED
3725,False,15,1,0.05077373019300238,0.07842068140584409,0.9730139095076832,0.02735519538131436,1.0,True,,False,False,gcd_k_not_2,0.5867768595041323,False,1.0,True,EXACT-UNCLASSIFIED
3726,False,21,1,0.08408226023553284,0.1392200829827614,0.9967256709843826,0.0032796984214693487,1.0,True,,False,False,gcd_k_not_2,0.13636363636363635,False,1.0,True,EXACT-UNCLASSIFIED
3727,False,21,1,0.06749518150660631,0.10681981890997974,0.9974156862223756,0.002587657437007501,1.0,True,,False,False,gcd_k_not_2,0.0,False,1.0,True,EXACT-UNCLASSIFIED
3728,False,9,1,0.04338169271045839,0.06785069883185813,1.0008860234947867,0.0008856311497836046,1.0,True,,False,False,gcd_k_not_2,0.18181818181818182,False,1.0,True,EXACT-UNCLASSIFIED
3731,False,7,1,0.06695717736025807,0.10744252420862371,1.0103263359659413,0.010273293227270677,1.0,True,,False,False,gcd_k_not_2,0.0,False,1.0,True,EXACT-UNCLASSIFIED
3732,False,9,1,0.03691846846052433,0.06347200422556756,1.0013501865585188,0.0013492756715809703,1.0,True,,False,False,gcd_k_not_2,0.0,False,1.0,True,EXACT-UNCLASSIFIED
3733,False,3,1,0.033242123391262535,0.053084088553947195,1.04341082779657,0.04248859525069675,1.0,True,,False,False,gcd_k_not_2,0.0,False,1.0,True,EXACT-UNCLASSIFIED
3734,False,13,1,0.05255795447697651,0.08429889963552402,0.9948737327558163,0.005139440316457622,1.0,True,,False,False,gcd_k_not_2,0.0,False,1.0,True,EXACT-UNCLASSIFIED
3736,False,15,1,0.033712657926607964,0.05678464607524881,0.9951426754486707,0.004869150072424668,1.0,True,,False,False,gcd_k_not_2,0.0,False,1.0,True,EXACT-UNCLASSIFIED
3738,False,18,2,3.775385122885677,5.654846438689663,0.3164736100004774,1.0384201928655066,0.4793388429752066,False,1.0,True,True,,0.0,False,0.5,False,EXACT-UNCLASSIFIED
3739,False,17,1,0.057743176569529035,0.09379141648770671,1.029849549476959,0.02941060285443375,1.0,True,,False,False,gcd_k_not_2,0.0,False,1.0,True,EXACT-UNCLASSIFIED
3741,False,19,1,0.059291938091717386,0.09258959578427534,1.006523803897199,0.006502593076173015,1.0,True,,False,False,gcd_k_not_2,0.0,False,1.0,True,EXACT-UNCLASSIFIED
3742,False,17,1,0.051905303920707836,0.08168018716083375,1.0079447936243842,0.007913358623813191,1.0,True,,False,False,gcd_k_not_2,0.0,False,1.0,True,EXACT-UNCLASSIFIED
3743,False,19,1,0.049409664620690165,0.08701230251983309,1.0209463814312216,0.020729279731199427,1.0,True,,False,False,gcd_k_not_2,0.0,False,1.0,True,EXACT-UNCLASSIFIED
3745,False,17,1,0.047943741844043083,0.06886813907891116,1.0075497157678706,0.007521323839278181,1.0,True,,False,False,gcd_k_not_2,0.0,False,1.0,True,EXACT-UNCLASSIFIED
3747,False,15,1,0.061510926361272936,0.0956146483865669,1.005709385234076,0.005693133089078736,1.0,True,,False,False,gcd_k_not_2,0.4090909090909091,False,1.0,True,EXACT-UNCLASSIFIED
3748,False,19,1,0.06154720081834267,0.10055088413324056,1.0230798581485354,0.022816556702469855,1.0,True,,False,False,gcd_k_not_2,0.0,False,1.0,True,EXACT-UNCLASSIFIED
3750,False,7,1,0.07279229444568841,0.12065903462532515,1.0027481714859448,0.002744400444420989,1.0,True,,False,False,gcd_k_not_2,0.0,False,1.0,True,EXACT-UNCLASSIFIED
3751,False,5,1,0.042803358150314774,0.07115827816807396,1.0116982936231158,0.01163026648697605,1.0,True,,False,False,gcd_k_not_2,0.0,False,1.0,True,EXACT-UNCLASSIFIED
3752,False,3,1,0.06662272094259936,0.11099731209095862,0.9888475569521716,0.011214980262156473,1.0,True,,False,False,gcd_k_not_2,0.0,False,1.0,True,EXACT-UNCLASSIFIED
3753,False,7,1,0.06769872092962767,0.11607334257343573,0.9941432585312676,0.005873942550191672,1.0,True,,False,False,gcd_k_not_2,0.5909090909090909,False,1.0,True,EXACT-UNCLASSIFIED
3757,False,15,1,0.033233298930229686,0.05678811873890699,1.0039941911762063,0.003986230293274304,1.0,True,,False,False,gcd_k_not_2,0.0,False,1.0,True,EXACT-UNCLASSIFIED
3758,False,16,2,3.7757504653673264,5.655391788562555,0.32071892793997475,1.0286534972578174,0.4380165289256198,False,1.0,True,True,,0.0,False,0.5,False,EXACT-UNCLASSIFIED
3762,False,7,1,0.07436957266145794,0.12470035310710641,1.021922238969242,0.021684552003758194,1.0,True,,False,False,gcd_k_not_2,0.0,False,1.0,True,EXACT-UNCLASSIFIED
3763,False,21,1,0.042069240930445825,0.06716563307845277,1.002461454659724,0.002458429003960227,1.0,True,,False,False,gcd_k_not_2,0.18181818181818182,False,1.0,True,EXACT-UNCLASSIFIED
3764,False,15,1,0.048082204373071535,0.07597042409813873,1.0296687900185009,0.0292351049239225,1.0,True,,False,False,gcd_k_not_2,0.0,False,1.0,True,EXACT-UNCLASSIFIED
3765,False,21,1,0.053980224464658354,0.08673826075705217,1.0035817477752633,0.003575344783651094,1.0,True,,False,False,gcd_k_not_2,0.0,False,1.0,True,EXACT-UNCLASSIFIED
3766,False,2,2,3.7818593657592428,5.664515239076456,0.3127623347790816,1.0470100291787703,0.5,False,1.0,True,True,,0.2190082644628099,False,0.5,False,EXACT-UNCLASSIFIED
3767,False,19,1,0.040839357299844864,0.07387225165943385,0.996888299530409,0.003116549353634603,1.0,True,,False,False,gcd_k_not_2,0.0,False,1.0,True,EXACT-UNCLASSIFIED
3769,False,13,1,0.07001924529809735,0.10751101844344882,1.0258829074581697,0.025552224526781134,1.0,True,,False,False,gcd_k_not_2,0.0,False,1.0,True,EXACT-UNCLASSIFIED
3770,False,17,1,0.039850247388586627,0.06623303767428217,0.9665294820852606,0.03404018929759252,1.0,True,,False,False,gcd_k_not_2,0.0,False,1.0,True,EXACT-UNCLASSIFIED
3771,False,19,1,0.053790344138516674,0.08976955427276281,0.9971636244019915,0.002840403824056044,1.0,True,,False,False,gcd_k_not_2,0.0,False,1.0,True,EXACT-UNCLASSIFIED
3776,False,3,1,0.04116038753584022,0.06688644497165176,1.0068187575881484,0.006795588851624388,1.0,True,,False,False,gcd_k_not_2,0.0,False,1.0,True,EXACT-UNCLASSIFIED
3777,False,13,1,0.03887406667563064,0.0684803406703182,0.9963218377495131,0.0036849391525300094,1.0,True,,False,False,gcd_k_not_2,0.0,False,1.0,True,EXACT-UNCLASSIFIED
3778,False,13,1,0.05202446974646361,0.07767470108532344,0.9682438658743069,0.03226849546063419,1.0,True,,False,False,gcd_k_not_2,0.0,False,1.0,True,EXACT-UNCLASSIFIED
3779,False,8,2,3.7813276674348955,5.663721183600914,0.31290730404635847,1.0466735828737235,0.4793388429752066,False,1.0,True,True,,0.0,False,0.5,False,EXACT-UNCLASSIFIED
3780,False,3,1,0.028082333477983844,0.046906718264569915,1.0263532858025295,0.02601055402053683,1.0,True,,False,False,gcd_k_not_2,0.0,False,1.0,True,EXACT-UNCLASSIFIED
3783,False,19,1,0.05585944200436553,0.09200554441557787,1.021606499920926,0.021375574249262744,1.0,True,,False,False,gcd_k_not_2,0.2727272727272727,False,1.0,True,EXACT-UNCLASSIFIED
3787,False,17,1,0.059814778745373165,0.09803042111698398,0.9857501040480001,0.0143521543047649,1.0,True,,False,False,gcd_k_not_2,0.0,False,1.0,True,EXACT-UNCLASSIFIED
3790,False,3,1,0.06820417995911479,0.11502703313764694,0.998384519247444,0.001616786696450587,1.0,True,,False,False,gcd_k_not_2,0.0,False,1.0,True,EXACT-UNCLASSIFIED
3791,False,17,1,0.03770284318847406,0.06280686123720385,1.0072381647919542,0.007212063739037527,1.0,True,,False,False,gcd_k_not_2,0.0,False,1.0,True,EXACT-UNCLASSIFIED
3793,False,15,1,0.04491074277091648,0.07870436535691479,1.0158389378858892,0.01571448749025578,1.0,True,,False,False,gcd_k_not_2,0.0,False,1.0,True,EXACT-UNCLASSIFIED
3803,False,19,1,0.03671004477851423,0.06749634876165077,0.9861218444971763,0.013975130016594901,1.0,True,,False,False,gcd_k_not_2,0.3181818181818182,False,1.0,True,EXACT-UNCLASSIFIED
3804,False,3,1,0.06496876978352595,0.09596402860201338,1.001191602671712,0.0011908931359908177,1.0,True,,False,False,gcd_k_not_2,0.0,False,1.0,True,EXACT-UNCLASSIFIED
3806,False,9,1,0.07717238499318273,0.1253516479404285,0.9880970347639313,0.011974229655729095,1.0,True,,False,False,gcd_k_not_2,0.0,False,1.0,True,EXACT-UNCLASSIFIED
3808,False,10,2,3.77773445083375,5.658354951993362,0.31507701260781307,1.0416469618520312,0.5330578512396694,False,1.0,True,True,,0.1487603305785124,False,0.5,False,EXACT-UNCLASSIFIED
3809,False,20,2,3.7775526706528675,5.658083346963565,0.32001090211327793,1.030278002701478,0.49586776859504134,False,1.0,True,True,,0.0,False,0.5,False,EXACT-UNCLASSIFIED
3810,False,7,1,0.08389686809489405,0.1444497216889414,1.0230584776187521,0.022795660999273912,1.0,True,,False,False,gcd_k_not_2,0.4297520661157025,False,1.0,True,EXACT-UNCLASSIFIED
3811,False,15,1,0.06284782806638974,0.10091062380208882,0.995081280255809,0.004930846470135093,1.0,True,,False,False,gcd_k_not_2,0.0,False,1.0,True,EXACT-UNCLASSIFIED
3812,False,3,1,0.06065150957612106,0.0907067909478098,1.006106175340858,0.006087589396728262,1.0,True,,False,False,gcd_k_not_2,0.0,False,1.0,True,EXACT-UNCLASSIFIED
3813,False,9,1,0.06108755156974094,0.09875628628577734,0.9868914913471191,0.013194991986193838,1.0,True,,False,False,gcd_k_not_2,0.0,False,1.0,True,EXACT-UNCLASSIFIED
3814,False,21,1,0.05324281176769851,0.08666705989937666,1.0140478452647894,0.01394986250978818,1.0,True,,False,False,gcd_k_not_2,0.0,False,1.0,True,EXACT-UNCLASSIFIED
3818,False,10,2,3.7581287079778005,5.629074240282572,0.3162609763480487,1.0389110304690148,0.48760330578512395,False,1.0,True,True,,0.0,False,0.5,False,EXACT-UNCLASSIFIED
3819,False,5,1,0.057150001584753606,0.09354757151027837,1.0119736283045457,0.011902371021270057,1.0,True,,False,False,gcd_k_not_2,0.0,False,1.0,True,EXACT-UNCLASSIFIED
3821,False,1,1,0.05570695267526723,0.09092845042316484,1.018417189172304,0.01824914023830351,1.0,True,,False,False,gcd_k_not_2,0.0,False,1.0,True,EXACT-UNCLASSIFIED
3822,False,17,1,0.031114581038993127,0.05444322003023219,0.9993019642729281,0.0006982794390699333,1.0,True,,False,False,gcd_k_not_2,0.0,False,1.0,True,EXACT-UNCLASSIFIED
3823,False,7,1,0.0732246932044119,0.11822965845442818,1.015765795992239,0.01564248785606404,1.0,True,,False,False,gcd_k_not_2,0.0,False,1.0,True,EXACT-UNCLASSIFIED
3826,False,13,1,0.07629933172600363,0.11400054292568515,1.00656090384441,0.00653945148820543,1.0,True,,False,False,gcd_k_not_2,0.0,False,1.0,True,EXACT-UNCLASSIFIED
3829,False,7,1,0.058669186683055534,0.09548680850203674,1.0059820995808069,0.005964260181640693,1.0,True,,False,False,gcd_k_not_2,0.0,False,1.0,True,EXACT-UNCLASSIFIED
3831,False,19,1,0.03491788551666002,0.05987163109125242,0.9749751569355555,0.025341932000070302,1.0,True,,False,False,gcd_k_not_2,0.0,False,1.0,True,EXACT-UNCLASSIFIED
3834,False,2,2,3.7797593165657264,5.661379104159644,0.31381129483003023,1.0445772659592534,0.5268595041322314,False,1.0,True,True,,0.20454545454545456,False,0.5,False,EXACT-UNCLASSIFIED
3835,False,7,1,0.05425477999300292,0.08605274681553499,0.9954804942943686,0.004529741802592319,1.0,True,,False,False,gcd_k_not_2,0.0,False,1.0,True,EXACT-UNCLASSIFIED
3836,False,21,1,0.08315418293532711,0.14097004660992019,0.9838733003564353,0.016257791907040953,1.0,True,,False,False,gcd_k_not_2,0.0,False,1.0,True,EXACT-UNCLASSIFIED
3838,False,17,1,0.030621802903636718,0.05417672230900231,1.0084753466062073,0.008439582413125826,1.0,True,,False,False,gcd_k_not_2,0.0,False,1.0,True,EXACT-UNCLASSIFIED
3843,False,3,1,0.04293563135889093,0.0761504484874628,1.006537534473791,0.006516234420210231,1.0,True,,False,False,gcd_k_not_2,0.0,False,1.0,True,EXACT-UNCLASSIFIED
3844,False,10,2,3.7699136007496414,5.646674970455361,0.3159279100740482,1.0396801902126365,0.5020661157024794,False,1.0,True,True,,0.0,False,0.5,False,EXACT-UNCLASSIFIED
3845,False,7,1,0.049062599263190385,0.07675661377233142,1.0229606137295222,0.02270001064152411,1.0,True,,False,False,gcd_k_not_2,0.0,False,1.0,True,EXACT-UNCLASSIFIED
3846,False,6,2,3.751674675287558,5.619435119346872,0.31446184400059274,1.0430704537043956,0.4462809917355372,False,1.0,True,True,,0.0,False,0.5,False,EXACT-UNCLASSIFIED
3849,False,21,1,0.03865818803926692,0.0651343603173133,0.9852494586440064,0.014860138902713793,1.0,True,,False,False,gcd_k_not_2,0.35537190082644626,False,1.0,True,EXACT-UNCLASSIFIED
3850,False,15,1,0.035974838326465405,0.06491226198630604,1.0223604974652027,0.022113265654890996,1.0,True,,False,False,gcd_k_not_2,0.0,False,1.0,True,EXACT-UNCLASSIFIED
3852,False,1,1,0.04183187962499057,0.07060956796954648,1.0131700880528927,0.013083929799126497,1.0,True,,False,False,gcd_k_not_2,0.0,False,1.0,True,EXACT-UNCLASSIFIED
3854,False,19,1,0.050753165197951054,0.08173925209382348,0.9801379327905598,0.02006129662033097,1.0,True,,False,False,gcd_k_not_2,0.0,False,1.0,True,EXACT-UNCLASSIFIED
3859,False,5,1,0.06735928314855352,0.10602762031166525,1.049839674570164,0.04862787581727817,1.0,True,,False,False,gcd_k_not_2,0.3181818181818182,False,1.0,True,EXACT-UNCLASSIFIED
3860,False,19,1,0.034823783610918424,0.059695760962324436,0.9967954435540641,0.0032096992771899935,1.0,True,,False,False,gcd_k_not_2,0.0,False,1.0,True,EXACT-UNCLASSIFIED
3862,False,3,1,0.05317004430901573,0.08402138760149909,0.9649202485801583,0.03570603076149289,1.0,True,,False,False,gcd_k_not_2,0.0,False,1.0,True,EXACT-UNCLASSIFIED
3863,False,3,1,0.03710489368741392,0.0650609212571558,1.0005472956329233,0.0005471459076403654,1.0,True,,False,False,gcd_k_not_2,0.0,False,1.0,True,EXACT-UNCLASSIFIED
3865,False,18,2,3.7644661996066673,5.6385393258717995,0.319181801428473,1.0321825207629525,0.506198347107438,False,1.0,True,True,,0.0,False,0.5,False,EXACT-UNCLASSIFIED
3866,False,19,1,0.04918541442214737,0.083888296956441,0.9797769108779292,0.020429664585898136,1.0,True,,False,False,gcd_k_not_2,0.0,False,1.0,True,EXACT-UNCLASSIFIED
3869,False,1,1,0.07689111756812214,0.11294045133590816,0.9970248228705124,0.0029796095626002856,1.0,True,,False,False,gcd_k_not_2,0.0,False,1.0,True,EXACT-UNCLASSIFIED
3871,False,15,1,0.02712543712130133,0.051957195832380086,0.993506099578173,0.006515054479342796,1.0,True,,False,False,gcd_k_not_2,0.0,False,1.0,True,EXACT-UNCLASSIFIED
3872,False,21,1,0.053756020455302776,0.08680763855447851,0.9934882736154341,0.0065329969288017015,1.0,True,,False,False,gcd_k_not_2,0.2727272727272727,False,1.0,True,EXACT-UNCLASSIFIED
3873,False,7,1,0.06500941741741743,0.10076773823074961,1.009049412682773,0.009008651181643955,1.0,True,,False,False,gcd_k_not_2,0.5909090909090909,False,1.0,True,EXACT-UNCLASSIFIED
3874,False,13,1,0.06667146669390606,0.11174886412245041,0.9926205322049214,0.007406796904690063,1.0,True,,False,False,gcd_k_not_2,0.0,False,1.0,True,EXACT-UNCLASSIFIED
3877,False,9,1,0.03790385100632283,0.06415123237487615,0.9880437383113188,0.012028167648702874,1.0,True,,False,False,gcd_k_not_2,0.0,False,1.0,True,EXACT-UNCLASSIFIED
3878,False,9,1,0.04597321921884765,0.07577637985404584,1.020638790082538,0.02042798562893559,1.0,True,,False,False,gcd_k_not_2,0.0,False,1.0,True,EXACT-UNCLASSIFIED
3879,False,13,1,0.07421398976410296,0.11947561791242788,1.0050412149627157,0.005028539987203634,1.0,True,,False,False,gcd_k_not_2,0.0,False,1.0,True,EXACT-UNCLASSIFIED
3881,False,1,1,0.05530384716362966,0.0840148971743798,1.0089245815036265,0.008884934343276104,1.0,True,,False,False,gcd_k_not_2,0.0,False,1.0,True,EXACT-UNCLASSIFIED
3882,False,17,1,0.0738333301669035,0.11694666192296903,1.0001553917165082,0.00015537964415350108,1.0,True,,False,False,gcd_k_not_2,0.0,False,1.0,True,EXACT-UNCLASSIFIED
3883,False,21,1,0.05434999864505119,0.08700962464612609,0.9813007031936454,0.018875778700540816,1.0,True,,False,False,gcd_k_not_2,0.0,False,1.0,True,EXACT-UNCLASSIFIED
3884,False,7,1,0.039159633165779195,0.06363576967022659,1.0395912635414255,0.038822742820227144,1.0,True,,False,False,gcd_k_not_2,0.0,False,1.0,True,EXACT-UNCLASSIFIED
3885,False,21,1,0.06561562988555898,0.10469649548030262,0.9996440904197538,0.0003559729273338322,1.0,True,,False,False,gcd_k_not_2,0.0,False,1.0,True,EXACT-UNCLASSIFIED
3886,False,1,1,0.03671815372564993,0.06891171283437435,1.012050953497413,0.01197877566317647,1.0,True,,False,False,gcd_k_not_2,0.0,False,1.0,True,EXACT-UNCLASSIFIED
3887,False,19,1,0.045749120848830954,0.07437345565857395,1.0165006355593191,0.016365614042806786,1.0,True,,False,False,gcd_k_not_2,0.0,False,1.0,True,EXACT-UNCLASSIFIED
3888,False,17,1,0.05015710647661825,0.08200195973565255,1.0010875545022806,0.0010869634362911313,1.0,True,,False,False,gcd_k_not_2,0.0,False,1.0,True,EXACT-UNCLASSIFIED
3891,False,12,2,3.7701263427391694,5.646992702446114,0.31779507349837194,1.0353733144419297,0.5330578512396694,False,1.0,True,True,,0.0,False,0.5,False,EXACT-UNCLASSIFIED
3892,False,9,1,0.0316442850588495,0.05866705451138642,0.9735399035394429,0.02681485832954511,1.0,True,,False,False,gcd_k_not_2,0.0,False,1.0,True,EXACT-UNCLASSIFIED
3893,False,7,1,0.032038548857722095,0.0536872572255715,0.9727355729236062,0.027641238339903472,1.0,True,,False,False,gcd_k_not_2,0.0,False,1.0,True,EXACT-UNCLASSIFIED
3896,False,17,1,0.07327297889220198,0.12009658323151373,0.9812740289088348,0.01890295922515917,1.0,True,,False,False,gcd_k_not_2,0.0,False,1.0,True,EXACT-UNCLASSIFIED
3897,False,21,1,0.03538668297403209,0.06332070016885792,1.0177403020541036,0.01758432642302237,1.0,True,,False,False,gcd_k_not_2,0.0,False,1.0,True,EXACT-UNCLASSIFIED
3898,False,15,1,0.05106811162610867,0.0833945578354842,0.9800737914088837,0.02012673333445635,1.0,True,,False,False,gcd_k_not_2,0.0,False,1.0,True,EXACT-UNCLASSIFIED
3900,False,3,1,0.05922247347760383,0.09604858488621822,0.9933799319855449,0.006642053437210172,1.0,True,,False,False,gcd_k_not_2,0.0,False,1.0,True,EXACT-UNCLASSIFIED
3901,False,21,1,0.06330738546393012,0.10334523343285876,1.0094602219036053,0.009415684670426904,1.0,True,,False,False,gcd_k_not_2,0.0,False,1.0,True,EXACT-UNCLASSIFIED
3902,False,5,1,0.08732226361756812,0.13569031121587896,1.008121979217272,0.008089129347050665,1.0,True,,False,False,gcd_k_not_2,0.045454545454545456,False,1.0,True,EXACT-UNCLASSIFIED
3906,False,20,2,3.7633096116553997,5.636812206372322,0.31684031933408263,1.0375740636668636,0.47520661157024796,False,1.0,True,True,,0.0,False,0.5,False,EXACT-UNCLASSIFIED
3908,False,5,1,0.053095851294494976,0.08554811658249198,1.0088349958780203,0.00879613895232703,1.0,True,,False,False,gcd_k_not_2,0.0,False,1.0,True,EXACT-UNCLASSIFIED
3909,False,1,1,0.032048232900433175,0.05228801466655472,1.0365350512068208,0.035879619341852874,1.0,True,,False,False,gcd_k_not_2,0.0,False,1.0,True,EXACT-UNCLASSIFIED
3910,False,14,2,3.7822527028530883,5.665102255784476,0.31837468403221697,1.034038842255448,0.5020661157024794,False,1.0,True,True,,0.02066115702479339,False,0.5,False,EXACT-UNCLASSIFIED
3911,False,19,1,0.05428395268979754,0.08687742405117041,1.009638770763266,0.009592540613261695,1.0,True,,False,False,gcd_k_not_2,0.0,False,1.0,True,EXACT-UNCLASSIFIED
3913,False,14,2,3.768798952242772,5.645010191857801,0.32138232849429627,1.0271329604944586,0.493801652892562,False,1.0,True,True,,0.0,False,0.5,False,EXACT-UNCLASSIFIED
3915,False,13,1,0.048190519335842126,0.07553203206110454,1.0297548854777652,0.029318698223762533,1.0,True,,False,False,gcd_k_not_2,0.0,False,1.0,True,EXACT-UNCLASSIFIED
3920,False,2,2,3.7756429809123775,5.655231586982085,0.3176829350209612,1.0356316331412225,0.5351239669421488,False,1.0,True,True,,0.0,False,0.5,False,EXACT-UNCLASSIFIED
3922,False,17,1,0.045643271191514345,0.06872575234476819,1.0053071771942024,0.005293131401073543,1.0,True,,False,False,gcd_k_not_2,0.0,False,1.0,True,EXACT-UNCLASSIFIED
3923,False,13,1,0.05089849952052023,0.08561159738103408,1.001757430762707,0.0017558878370566432,1.0,True,,False,False,gcd_k_not_2,0.0,False,1.0,True,EXACT-UNCLASSIFIED
3924,False,5,1,0.05621458755980397,0.08913540394578473,1.010132520854223,0.010081445625203928,1.0,True,,False,False,gcd_k_not_2,0.0,False,1.0,True,EXACT-UNCLASSIFIED
3926,False,21,1,0.037737486976169625,0.0633217789379432,0.9927767564849884,0.007249425698594046,1.0,True,,False,False,gcd_k_not_2,0.0,False,1.0,True,EXACT-UNCLASSIFIED
3927,False,15,1,0.05266623003882332,0.08205790708695912,0.9785798754079287,0.02165201906509338,1.0,True,,False,False,gcd_k_not_2,0.0,False,1.0,True,EXACT-UNCLASSIFIED
3930,False,13,1,0.061975513133396484,0.10531396007924414,0.9900962913825162,0.00995299439566691,1.0,True,,False,False,gcd_k_not_2,0.0,False,1.0,True,EXACT-UNCLASSIFIED
3933,False,19,1,0.07619127897996619,0.1214481479104854,0.9999752372140912,2.476309251034297e-05,1.0,True,,False,False,gcd_k_not_2,0.0,False,1.0,True,EXACT-UNCLASSIFIED
3936,False,5,1,0.04919062227120694,0.07806833471098965,1.0214128561823117,0.02118602948113476,1.0,True,,False,False,gcd_k_not_2,0.0,False,1.0,True,EXACT-UNCLASSIFIED
3938,False,7,1,0.03828814451983019,0.06640500027514945,0.970479255505025,0.029963009671379603,1.0,True,,False,False,gcd_k_not_2,0.0,False,1.0,True,EXACT-UNCLASSIFIED
3942,False,13,1,0.05552307711778759,0.09496974331595275,0.9951223714291264,0.004889553283270189,1.0,True,,False,False,gcd_k_not_2,0.0,False,1.0,True,EXACT-UNCLASSIFIED
3943,False,18,2,3.7859567277380246,5.670633989974092,0.31677268124405594,1.037730093413613,0.47107438016528924,False,1.0,True,True,,0.0,False,0.5,False,EXACT-UNCLASSIFIED
3945,False,12,2,3.762640894838782,5.63581379235276,0.3190460435446461,1.0324945968154986,0.4793388429752066,False,1.0,True,True,,0.0,False,0.5,False,EXACT-UNCLASSIFIED
3946,False,19,1,0.06670571887100228,0.1171486987339148,0.9912937691524644,0.008744295776349692,1.0,True,,False,False,gcd_k_not_2,0.0,False,1.0,True,EXACT-UNCLASSIFIED
3947,False,9,1,0.05653099926021407,0.09916196145214201,1.0008202421608665,0.0008199059001728643,1.0,True,,False,False,gcd_k_not_2,0.6363636363636364,False,1.0,True,EXACT-UNCLASSIFIED
3948,False,21,1,0.03549026117976584,0.050278180974667123,1.0078154054296093,0.007784984026394754,1.0,True,,False,False,gcd_k_not_2,0.0,False,1.0,True,EXACT-UNCLASSIFIED
3952,False,9,1,0.04450874256530455,0.0732563722184515,0.987231776279532,0.012850261225565238,1.0,True,,False,False,gcd_k_not_2,0.0,False,1.0,True,EXACT-UNCLASSIFIED
3953,False,21,1,0.05542929038988965,0.0881803465345089,0.9967501719180202,0.0032551173678959855,1.0,True,,False,False,gcd_k_not_2,0.0,False,1.0,True,EXACT-UNCLASSIFIED
3954,False,3,1,0.08501823495122256,0.1386284618873237,1.0090984229674305,0.00905721975929099,1.0,True,,False,False,gcd_k_not_2,0.0,False,1.0,True,EXACT-UNCLASSIFIED
3955,False,19,1,0.039542648206234224,0.06187622938864876,0.9949279541139344,0.005084941414155837,1.0,True,,False,False,gcd_k_not_2,0.0,False,1.0,True,EXACT-UNCLASSIFIED
3956,False,5,1,0.03975195851745229,0.06302015115855364,1.000389925176791,0.0003898491707874373,1.0,True,,False,False,gcd_k_not_2,0.0,False,1.0,True,EXACT-UNCLASSIFIED
3957,False,21,1,0.07576832261768507,0.12095296297309556,0.996847377334968,0.0031576000257361697,1.0,True,,False,False,gcd_k_not_2,0.0,False,1.0,True,EXACT-UNCLASSIFIED
3959,False,17,1,0.05984924441661966,0.0997649018352539,1.0059242724668356,0.005906775792238665,1.0,True,,False,False,gcd_k_not_2,0.0,False,1.0,True,EXACT-UNCLASSIFIED
3960,False,3,1,0.05778849982393654,0.09396442103197956,1.0233843304063464,0.023114076801860114,1.0,True,,False,False,gcd_k_not_2,0.0,False,1.0,True,EXACT-UNCLASSIFIED
3963,False,9,1,0.04511040340560478,0.07103028633604064,0.9911068799267443,0.008932840484768851,1.0,True,,False,False,gcd_k_not_2,0.6239669421487604,False,1.0,True,EXACT-UNCLASSIFIED
3968,False,19,1,0.053583410897154564,0.08773036502509267,1.0331292998277362,0.03258946672062931,1.0,True,,False,False,gcd_k_not_2,0.0,False,1.0,True,EXACT-UNCLASSIFIED
3970,False,17,1,0.045646585984165294,0.0797759071731265,1.0334591958539205,0.03290864741435823,1.0,True,,False,False,gcd_k_not_2,0.0,False,1.0,True,EXACT-UNCLASSIFIED
3974,False,1,1,0.060164480586625456,0.09791495804963174,0.973379772768671,0.026979325113868528,1.0,True,,False,False,gcd_k_not_2,0.0,False,1.0,True,EXACT-UNCLASSIFIED
3975,False,15,1,0.05283032642756675,0.080061202850081,0.9972646763681644,0.002739069752947802,1.0,True,,False,False,gcd_k_not_2,0.0,False,1.0,True,EXACT-UNCLASSIFIED
3976,False,16,2,3.7762146549997198,5.656085107974307,0.3191847298587594,1.032175789685093,0.48760330578512395,False,1.0,True,True,,0.0,False,0.5,False,EXACT-UNCLASSIFIED
3977,False,19,1,0.03662184138057573,0.05636185362972195,0.9839072173421569,0.016223321854136538,1.0,True,,False,False,gcd_k_not_2,0.0,False,1.0,True,EXACT-UNCLASSIFIED
3979,False,7,1,0.05339107017666823,0.08804094162808712,0.9973377369111314,0.0026658116348273224,1.0,True,,False,False,gcd_k_not_2,0.0,False,1.0,True,EXACT-UNCLASSIFIED
3980,False,7,1,0.03682369219757948,0.06312868251100555,0.9906817673306241,0.009361850620524975,1.0,True,,False,False,gcd_k_not_2,0.22727272727272727,False,1.0,True,EXACT-UNCLASSIFIED
3981,False,5,1,0.07298040495229843,0.11936063875788215,0.9918550896352567,0.008178215781987165,1.0,True,,False,False,gcd_k_not_2,0.0,False,1.0,True,EXACT-UNCLASSIFIED
3982,False,10,2,3.768057822917794,5.643903456008294,0.3192818946437514,1.0319524706887064,0.5041322314049587,False,1.0,True,True,,0.0,False,0.5,False,EXACT-UNCLASSIFIED
3983,False,1,1,0.06157202565168655,0.0957589024983851,0.997522900109943,0.002480171706587763,1.0,True,,False,False,gcd_k_not_2,0.0,False,1.0,True,EXACT-UNCLASSIFIED
3984,False,7,1,0.05203744700994056,0.08388991626056565,0.9847826049571355,0.015334067322897616,1.0,True,,False,False,gcd_k_not_2,0.0,False,1.0,True,EXACT-UNCLASSIFIED
3985,False,15,1,0.05168528294854093,0.08478837061374128,1.0151129685986298,0.014999624174062734,1.0,True,,False,False,gcd_k_not_2,0.0,False,1.0,True,EXACT-UNCLASSIFIED
3986,False,10,2,3.768623835118754,5.644748588785532,0.31576294170183694,1.0400613007281627,0.506198347107438,False,1.0,True,True,,0.0,False,0.5,False,EXACT-UNCLASSIFIED
3991,False,18,2,3.776210061758311,5.656078477653491,0.31249511921152767,1.0476303808298901,0.512396694214876,False,1.0,True,True,,0.0,False,0.5,False,EXACT-UNCLASSIFIED
3992,False,7,1,0.04665534337073632,0.07768780416642149,0.9868128035146806,0.013274724686685323,1.0,True,,False,False,gcd_k_not_2,0.0,False,1.0,True,EXACT-UNCLASSIFIED
3993,False,13,1,0.04372427218152283,0.07097438901178205,1.0540211557392685,0.05260038884051868,1.0,True,,False,False,gcd_k_not_2,0.0,False,1.0,True,EXACT-UNCLASSIFIED
3996,False,9,1,0.030259086481204,0.05311864417370569,1.0066414926791767,0.006619510962378419,1.0,True,,False,False,gcd_k_not_2,0.0,False,1.0,True,EXACT-UNCLASSIFIED
3999,False,3,1,0.06309969657952709,0.10403845996801969,1.0046445501416224,0.0046337892084600965,1.0,True,,False,False,gcd_k_not_2,0.2727272727272727,False,1.0,True,EXACT-UNCLASSIFIED
4000,False,13,1,0.03202897634566338,0.051039360230927956,1.0102319062422813,0.010179826725969914,1.0,True,,False,False,gcd_k_not_2,0.0,False,1.0,True,EXACT-UNCLASSIFIED
4001,False,13,1,0.057070573804803,0.09816636498552941,1.0248999049283931,0.02459371435377071,1.0,True,,False,False,gcd_k_not_2,0.0,False,1.0,True,EXACT-UNCLASSIFIED
4009,False,21,1,0.05127498742927406,0.07232839229236564,1.0035646887443133,0.003558346545373964,1.0,True,,False,False,gcd_k_not_2,0.6363636363636364,False,1.0,True,EXACT-UNCLASSIFIED
4010,False,7,1,0.06610701381119215,0.10772785557433522,1.0005383382281854,0.0005381933631546882,1.0,True,,False,False,gcd_k_not_2,0.0,False,1.0,True,EXACT-UNCLASSIFIED
4012,False,21,1,0.061441878104133985,0.09688573437374293,0.9765845470330514,0.02369284228402606,1.0,True,,False,False,gcd_k_not_2,0.0,False,1.0,True,EXACT-UNCLASSIFIED
4013,False,5,1,0.07531643415877262,0.13046480760236223,0.9951132416152886,0.004898727834370914,1.0,True,,False,False,gcd_k_not_2,0.36363636363636365,False,1.0,True,EXACT-UNCLASSIFIED
4014,False,13,1,0.05915916193477164,0.09356549829340864,1.0062627925997423,0.006243242533174713,1.0,True,,False,False,gcd_k_not_2,0.2768595041322314,False,1.0,True,EXACT-UNCLASSIFIED
4015,False,3,1,0.08722291505324205,0.12574730006260934,1.0008110121457479,0.0008106834087024791,1.0,True,,False,False,gcd_k_not_2,0.0,False,1.0,True,EXACT-UNCLASSIFIED
4017,False,13,1,0.05914973311975022,0.09637251688087385,1.0037259012403583,0.003718972977343818,1.0,True,,False,False,gcd_k_not_2,0.0,False,1.0,True,EXACT-UNCLASSIFIED
4018,False,5,1,0.07043091011722705,0.11380245424009042,1.0066626387659563,0.006640517082685698,1.0,True,,False,False,gcd_k_not_2,0.0,False,1.0,True,EXACT-UNCLASSIFIED
4019,False,3,1,0.05106433586934289,0.08467957368297993,1.0123538180961436,0.012277978141867096,1.0,True,,False,False,gcd_k_not_2,0.0,False,1.0,True,EXACT-UNCLASSIFIED
4022,False,13,1,0.04988283803651531,0.07930526974803516,0.9689926603691742,0.0314956375967518,1.0,True,,False,False,gcd_k_not_2,0.2727272727272727,False,1.0,True,EXACT-UNCLASSIFIED
4023,False,13,1,0.06608780103972514,0.09995614803267894,0.9979021755635039,0.0021000271806644994,1.0,True,,False,False,gcd_k_not_2,0.0,False,1.0,True,EXACT-UNCLASSIFIED
4025,False,9,1,0.0879238539873539,0.1550349993506514,0.9979081500097836,0.0020940401992014415,1.0,True,,False,False,gcd_k_not_2,0.0,False,1.0,True,EXACT-UNCLASSIFIED
4028,False,10,2,3.788593799621544,5.674572463455168,0.312623367788457,1.0473326150968247,0.4731404958677686,False,1.0,True,True,,0.0,False,0.5,False,EXACT-UNCLASSIFIED
4029,False,3,1,0.06240859345124839,0.10159638909989709,0.9960892326000943,0.003918429432948324,1.0,True,,False,False,gcd_k_not_2,0.0,False,1.0,True,EXACT-UNCLASSIFIED
4030,False,7,1,0.03480748897250874,0.05627995982530963,0.976695784549469,0.02357896003288384,1.0,True,,False,False,gcd_k_not_2,0.0,False,1.0,True,EXACT-UNCLASSIFIED
4031,False,13,1,0.06433362279367495,0.10263028495238613,0.9964860319038997,0.0035201529486777435,1.0,True,,False,False,gcd_k_not_2,0.0,False,1.0,True,EXACT-UNCLASSIFIED
4032,False,9,1,0.05580482327338518,0.0934376934572648,1.011262494283076,0.011199427538761329,1.0,True,,False,False,gcd_k_not_2,0.0,False,1.0,True,EXACT-UNCLASSIFIED
4035,False,19,1,0.035496966676323766,0.06162416553850636,0.9911742124651187,0.008864907429626449,1.0,True,,False,False,gcd_k_not_2,0.0,False,1.0,True,EXACT-UNCLASSIFIED
4038,False,5,1,0.033216312201319105,0.06222955835636366,1.0402180883909191,0.039425283620182244,1.0,True,,False,False,gcd_k_not_2,0.0,False,1.0,True,EXACT-UNCLASSIFIED
4039,False,7,1,0.05696280920324292,0.0888563976689644,1.000509839447427,0.0005097095124188471,1.0,True,,False,False,gcd_k_not_2,0.0,False,1.0,True,EXACT-UNCLASSIFIED
4040,False,19,1,0.04242253190808634,0.06530191983481658,0.9814357575544135,0.018738172433608907,1.0,True,,False,False,gcd_k_not_2,0.0,False,1.0,True,EXACT-UNCLASSIFIED
4044,False,13,1,0.05551649139692478,0.09163117006384955,1.0627042080485052,0.06079806091812711,1.0,True,,False,False,gcd_k_not_2,0.0,False,1.0,True,EXACT-UNCLASSIFIED
4045,False,13,1,0.06616897680951699,0.10353434386244798,0.99974449439589,0.0002555382498375057,1.0,True,,False,False,gcd_k_not_2,0.4090909090909091,False,1.0,True,EXACT-UNCLASSIFIED
4047,False,15,1,0.042767998809177143,0.0674215957443067,1.0075634884452658,0.007534993028911119,1.0,True,,False,False,gcd_k_not_2,0.045454545454545456,False,1.0,True,EXACT-UNCLASSIFIED
4048,False,18,2,3.755635572843709,5.625351125726185,0.3240488701285602,1.0210365268553985,0.5454545454545454,False,1.0,True,True,,0.0,False,0.5,False,EXACT-UNCLASSIFIED
4049,False,2,2,3.781348779142951,5.663752342005858,0.3136243538632861,1.0450105376291579,0.4834710743801653,False,1.0,True,True,,0.5,False,0.5,False,EXACT-UNCLASSIFIED
4051,False,13,1,0.07348283582475094,0.11738338933312442,1.0006341862929364,0.0006339852605554092,1.0,True,,False,False,gcd_k_not_2,0.0,False,1.0,True,EXACT-UNCLASSIFIED
4053,False,15,1,0.051776915103102,0.08370661881465023,1.023966847639661,0.02368304368978284,1.0,True,,False,False,gcd_k_not_2,0.0,False,1.0,True,EXACT-UNCLASSIFIED
4054,False,17,1,0.060287686222721765,0.09124273712168664,1.0032865702852252,0.0032811783735537062,1.0,True,,False,False,gcd_k_not_2,0.0,False,1.0,True,EXACT-UNCLASSIFIED
4060,False,9,1,0.04804049635968611,0.07963481970984598,1.0007583440744312,0.000758056640550422,1.0,True,,False,False,gcd_k_not_2,0.0,False,1.0,True,EXACT-UNCLASSIFIED
4061,False,19,1,0.042162054748415764,0.0636455276955291,1.0098105600223866,0.009762671385582922,1.0,True,,False,False,gcd_k_not_2,0.0,False,1.0,True,EXACT-UNCLASSIFIED
4062,False,3,1,0.05280477879715317,0.0838991139492277,1.0205245150083875,0.020316026710818925,1.0,True,,False,False,gcd_k_not_2,0.0,False,1.0,True,EXACT-UNCLASSIFIED
4063,False,17,1,0.061208682209931364,0.09635004656769054,0.9981932813917588,0.0018083522000262506,1.0,True,,False,False,gcd_k_not_2,0.0,False,1.0,True,EXACT-UNCLASSIFIED
4064,False,13,1,0.04625318603475242,0.07451637102700905,0.9661098123770847,0.03447435886802376,1.0,True,,False,False,gcd_k_not_2,0.0,False,1.0,True,EXACT-UNCLASSIFIED
4065,False,15,1,0.0613606033877031,0.09962473052459113,0.998840749106019,0.0011599232149928978,1.0,True,,False,False,gcd_k_not_2,0.0,False,1.0,True,EXACT-UNCLASSIFIED
4068,False,17,1,0.02705911555440224,0.04802576421246193,1.003173230221106,0.0031682035015572377,1.0,True,,False,False,gcd_k_not_2,0.0,False,1.0,True,EXACT-UNCLASSIFIED
4070,False,6,2,3.783862151751071,5.667506250777105,0.3129953145849524,1.0464693632699138,0.5,False,1.0,True,True,,0.0,False,0.5,False,EXACT-UNCLASSIFIED
4071,False,17,1,0.035239468905158736,0.06545131582027043,0.9991200137915401,0.0008803735667583704,1.0,True,,False,False,gcd_k_not_2,0.0,False,1.0,True,EXACT-UNCLASSIFIED
4072,False,9,1,0.06329928821042768,0.09460797729165328,0.9736059555274879,0.02674702556362912,1.0,True,,False,False,gcd_k_not_2,0.0,False,1.0,True,EXACT-UNCLASSIFIED
4073,False,5,1,0.05531253978931429,0.09114914881060973,0.9863570263441965,0.013736678225377053,1.0,True,,False,False,gcd_k_not_2,0.0,False,1.0,True,EXACT-UNCLASSIFIED
4079,False,3,1,0.051135426510493534,0.08373606778528256,1.017515777994981,0.01736370856280328,1.0,True,,False,False,gcd_k_not_2,0.0,False,1.0,True,EXACT-UNCLASSIFIED
4083,False,14,2,3.772140743764749,5.650000964189446,0.3184347866182069,1.0339005315993095,0.49793388429752067,False,1.0,True,True,,0.0,False,0.5,False,EXACT-UNCLASSIFIED
4084,False,18,2,3.750329572438164,5.617426413394055,0.3157425186421373,1.0401084888007193,0.5082644628099173,False,1.0,True,True,,0.045454545454545456,False,0.5,False,EXACT-UNCLASSIFIED
4085,False,3,1,0.0493043446103904,0.0842865622309177,1.0036140701456462,0.003607551174147409,1.0,True,,False,False,gcd_k_not_2,0.5,False,1.0,True,EXACT-UNCLASSIFIED
4089,False,7,1,0.05430676476316993,0.08725001391376169,0.9714573242704372,0.02895591538115126,1.0,True,,False,False,gcd_k_not_2,0.0,False,1.0,True,EXACT-UNCLASSIFIED
4090,False,8,2,3.7883410170086123,5.674195115384966,0.3121510905619947,1.0484294291801401,0.5289256198347108,False,1.0,True,True,,0.0,False,0.5,False,EXACT-UNCLASSIFIED
4093,False,1,1,0.04046505143732295,0.0680016811818772,1.0093370178579397,0.009293630461149248,1.0,True,,False,False,gcd_k_not_2,0.0,False,1.0,True,EXACT-UNCLASSIFIED
4094,False,9,1,0.06998752222413111,0.12765670791132136,0.9907796544278955,0.00926304983235746,1.0,True,,False,False,gcd_k_not_2,0.0,False,1.0,True,EXACT-UNCLASSIFIED
4095,False,3,1,0.03624724713539452,0.06588275089450019,0.9961731796510375,0.0038341566633327056,1.0,True,,False,False,gcd_k_not_2,0.0,False,1.0,True,EXACT-UNCLASSIFIED
4097,False,9,1,0.06780417452577737,0.10920217183629266,0.9966947456069156,0.003310725788562875,1.0,True,,False,False,gcd_k_not_2,0.0,False,1.0,True,EXACT-UNCLASSIFIED
4098,False,9,1,0.04594671041073819,0.07600020486899393,0.9937292711737815,0.006290451684572671,1.0,True,,False,False,gcd_k_not_2,0.0,False,1.0,True,EXACT-UNCLASSIFIED
4100,False,5,1,0.03390190280778604,0.060450186719960095,0.9857897394208682,0.014311948840340002,1.0,True,,False,False,gcd_k_not_2,0.0,False,1.0,True,EXACT-UNCLASSIFIED
4101,False,9,1,0.04863006726004455,0.07968133338960376,0.9698848574782333,0.030575535831387488,1.0,True,,False,False,gcd_k_not_2,0.0,False,1.0,True,EXACT-UNCLASSIFIED
4102,False,17,1,0.053485948873354956,0.07901656288339902,0.9660508698514791,0.03453535274098526,1.0,True,,False,False,gcd_k_not_2,0.0,False,1.0,True,EXACT-UNCLASSIFIED
4103,False,5,1,0.04902748326802869,0.07047363949503475,0.9944416974129751,0.005573793001053643,1.0,True,,False,False,gcd_k_not_2,0.5,False,1.0,True,EXACT-UNCLASSIFIED
4104,False,1,1,0.05002508938424712,0.0815671129101647,0.9933182770359444,0.006704120502011589,1.0,True,,False,False,gcd_k_not_2,0.0,False,1.0,True,EXACT-UNCLASSIFIED
4107,False,19,1,0.03679728692776081,0.06082453387934352,0.9981521433213757,0.0018495655446464415,1.0,True,,False,False,gcd_k_not_2,0.0,False,1.0,True,EXACT-UNCLASSIFIED
4110,False,17,1,0.03173651317996838,0.058566040387519676,0.9922725223159149,0.007757450446691214,1.0,True,,False,False,gcd_k_not_2,0.0,False,1.0,True,EXACT-UNCLASSIFIED
4111,False,7,1,0.03524879617752396,0.05701079808013409,0.9945365542003313,0.005478411301275133,1.0,True,,False,False,gcd_k_not_2,0.06198347107438017,False,1.0,True,EXACT-UNCLASSIFIED
4115,False,15,1,0.05675113068305452,0.09031795759891277,1.0112745170381814,0.011211315951821677,1.0,True,,False,False,gcd_k_not_2,0.0,False,1.0,True,EXACT-UNCLASSIFIED
4116,False,4,2,3.765492491667391,5.6400722708115705,0.3198965764225285,1.030540476771045,0.5268595041322314,False,1.0,True,True,,0.0,False,0.5,False,EXACT-UNCLASSIFIED
4117,False,3,1,0.02847022445317003,0.04893814867250992,0.9859013390946249,0.014198752604500226,1.0,True,,False,False,gcd_k_not_2,0.0,False,1.0,True,EXACT-UNCLASSIFIED
4118,False,7,1,0.041960450122674915,0.06659177094856088,1.0016432341021035,0.0016418851013083843,1.0,True,,False,False,gcd_k_not_2,0.0,False,1.0,True,EXACT-UNCLASSIFIED
4119,False,19,1,0.07242255256766125,0.11889150592642703,0.9937147887928721,0.006305025415328736,1.0,True,,False,False,gcd_k_not_2,0.0,False,1.0,True,EXACT-UNCLASSIFIED
4120,False,21,1,0.08342347276676326,0.13553799956040935,0.9982964376889892,0.001705014610325706,1.0,True,,False,False,gcd_k_not_2,0.2727272727272727,False,1.0,True,EXACT-UNCLASSIFIED
4121,False,7,1,0.04060768942585361,0.06122660661708281,0.9751074219077421,0.02520630302549749,1.0,True,,False,False,gcd_k_not_2,0.0,False,1.0,True,EXACT-UNCLASSIFIED
4123,False,4,2,3.7624724599543815,5.63556163364313,0.31802448714107145,1.034844981276793,0.5144628099173554,False,1.0,True,True,,0.25,False,0.5,False,EXACT-UNCLASSIFIED
4126,False,3,1,0.04853245278882753,0.07927808204547948,0.9980951487852538,0.0019066671733867762,1.0,True,,False,False,gcd_k_not_2,0.0,False,1.0,True,EXACT-UNCLASSIFIED
4127,False,9,1,0.036870238580793295,0.05471576260099988,0.9969619388904927,0.0030426830380104524,1.0,True,,False,False,gcd_k_not_2,0.5206611570247934,False,1.0,True,EXACT-UNCLASSIFIED
4128,False,7,1,0.04086355298385315,0.06767447603396023,1.0076442404290111,0.007615134469618571,1.0,True,,False,False,gcd_k_not_2,0.09090909090909091,False,1.0,True,EXACT-UNCLASSIFIED
4130,False,14,2,3.763915596272165,5.637716875749801,0.3175650774388768,1.035903173583898,0.493801652892562,False,1.0,True,True,,0.0,False,0.5,False,EXACT-UNCLASSIFIED
4132,False,1,1,0.05118885260223209,0.08049874152003296,0.9850764802846583,0.015035712591992054,1.0,True,,False,False,gcd_k_not_2,0.0,False,1.0,True,EXACT-UNCLASSIFIED
4133,False,15,1,0.057944819359442894,0.08656450508456215,0.996431448602192,0.003574930058636838,1.0,True,,False,False,gcd_k_not_2,0.0,False,1.0,True,EXACT-UNCLASSIFIED
4135,False,3,1,0.03973342731858341,0.05744857191941751,1.0190928964748314,0.018912350697846466,1.0,True,,False,False,gcd_k_not_2,0.0,False,1.0,True,EXACT-UNCLASSIFIED
4136,False,15,1,0.032293175833787185,0.05464864021368227,0.9903996704415046,0.009646634996041648,1.0,True,,False,False,gcd_k_not_2,0.0,False,1.0,True,EXACT-UNCLASSIFIED
4138,False,15,1,0.022781816645050797,0.03797671220581871,0.9686252819217053,0.0318747487055208,1.0,True,,False,False,gcd_k_not_2,0.36363636363636365,False,1.0,True,EXACT-UNCLASSIFIED
4139,False,15,1,0.03881629699132783,0.05482841117693356,0.9869806993260345,0.01310460708388516,1.0,True,,False,False,gcd_k_not_2,0.0,False,1.0,True,EXACT-UNCLASSIFIED
4140,False,17,1,0.05156468932993863,0.08088108239658125,1.0017780174652335,0.0017764381961642918,1.0,True,,False,False,gcd_k_not_2,0.0,False,1.0,True,EXACT-UNCLASSIFIED
4143,False,15,1,0.06380689392190508,0.11213468088539327,1.005980960078853,0.005963127465195671,1.0,True,,False,False,gcd_k_not_2,0.0,False,1.0,True,EXACT-UNCLASSIFIED
4145,False,1,1,0.04385275201551683,0.06317023486992893,0.994081118144593,0.005936450429774166,1.0,True,,False,False,gcd_k_not_2,0.0,False,1.0,True,EXACT-UNCLASSIFIED
4146,False,3,1,0.0607309415245688,0.09791682572639632,1.0048018887968733,0.00479038734321526,1.0,True,,False,False,gcd_k_not_2,0.13636363636363635,False,1.0,True,EXACT-UNCLASSIFIED
4148,False,13,1,0.04706964223057396,0.0756317761259415,0.9937109576324441,0.006308880776804468,1.0,True,,False,False,gcd_k_not_2,0.0,False,1.0,True,EXACT-UNCLASSIFIED
4149,False,15,1,0.058791160685710206,0.09194065602048473,0.9986939188123783,0.0013069346690140296,1.0,True,,False,False,gcd_k_not_2,0.0,False,1.0,True,EXACT-UNCLASSIFIED
4150,False,3,1,0.03535463002673957,0.05725384933031931,0.9913572953703537,0.008680214896381972,1.0,True,,False,False,gcd_k_not_2,0.0,False,1.0,True,EXACT-UNCLASSIFIED
4154,False,14,2,3.769092350311537,5.645448421867282,0.31867361991349835,1.0333510427412584,0.49793388429752067,False,1.0,True,True,,0.0,False,0.5,False,EXACT-UNCLASSIFIED
4155,False,9,1,0.030830427499798325,0.056040560528373945,1.0281093086909971,0.02771971764099809,1.0,True,,False,False,gcd_k_not_2,0.0,False,1.0,True,EXACT-UNCLASSIFIED
4157,False,3,1,0.06031270783129036,0.09458336613458705,1.0005043251678842,0.0005041980280066694,1.0,True,,False,False,gcd_k_not_2,0.0,False,1.0,True,EXACT-UNCLASSIFIED
4158,False,19,1,0.04322143496477434,0.07334451957008102,1.0422760281412407,0.04140089543108216,1.0,True,,False,False,gcd_k_not_2,0.0,False,1.0,True,EXACT-UNCLASSIFIED
4159,False,13,1,0.03665698229953947,0.06150010185146845,1.0171599851290425,0.017014005091861503,1.0,True,,False,False,gcd_k_not_2,0.0,False,1.0,True,EXACT-UNCLASSIFIED
4161,False,5,1,0.05672647962285794,0.09221659913818321,1.0358455044888266,0.03521436612924813,1.0,True,,False,False,gcd_k_not_2,0.0,False,1.0,True,EXACT-UNCLASSIFIED
4162,False,1,1,0.06833601413008882,0.09981684803057647,0.9850508509852669,0.015061729030581965,1.0,True,,False,False,gcd_k_not_2,0.0,False,1.0,True,EXACT-UNCLASSIFIED
4164,False,16,2,3.7730038377340893,5.651290233418861,0.3173943443489821,1.036296623830341,0.5020661157024794,False,1.0,True,True,,0.25,False,0.5,False,EXACT-UNCLASSIFIED
4165,False,5,1,0.044883402656937355,0.07803157998637349,0.9728438833717568,0.027529919480330296,1.0,True,,False,False,gcd_k_not_2,0.0,False,1.0,True,EXACT-UNCLASSIFIED
4172,False,15,1,0.04872698835556699,0.07712466980834388,1.0202429945846432,0.02004015817790771,1.0,True,,False,False,gcd_k_not_2,0.0,False,1.0,True,EXACT-UNCLASSIFIED
4173,False,13,1,0.039461644750616136,0.06262344427761844,0.9982497116334581,0.0017518214629052536,1.0,True,,False,False,gcd_k_not_2,0.0,False,1.0,True,EXACT-UNCLASSIFIED
4176,False,13,1,0.0670086422114999,0.1107888192093897,1.022991541929945,0.02273024029355153,1.0,True,,False,False,gcd_k_not_2,0.0,False,1.0,True,EXACT-UNCLASSIFIED
4178,False,3,1,0.052833975354474386,0.08311522792452751,0.9840697027224071,0.01605820325337802,1.0,True,,False,False,gcd_k_not_2,0.0,False,1.0,True,EXACT-UNCLASSIFIED
4179,False,17,1,0.06585522636082321,0.10586150731959561,0.982254779152517,0.01790407674544208,1.0,True,,False,False,gcd_k_not_2,0.0,False,1.0,True,EXACT-UNCLASSIFIED
4187,False,3,1,0.043070704133112155,0.06466749470749639,0.985384099933843,0.014723498658666597,1.0,True,,False,False,gcd_k_not_2,0.0,False,1.0,True,EXACT-UNCLASSIFIED
4191,False,13,1,0.06064360747802122,0.09790533746545681,0.9846670099295335,0.01545144852386181,1.0,True,,False,False,gcd_k_not_2,0.0,False,1.0,True,EXACT-UNCLASSIFIED
4192,False,15,1,0.06452467427867935,0.09891042925960081,1.0051873731835703,0.005173953569570431,1.0,True,,False,False,gcd_k_not_2,0.0,False,1.0,True,EXACT-UNCLASSIFIED
4195,False,5,1,0.07420388887344812,0.1242733283039343,1.0041262745824573,0.004117779038964955,1.0,True,,False,False,gcd_k_not_2,0.0,False,1.0,True,EXACT-UNCLASSIFIED
4197,False,21,1,0.03476566882331495,0.05160568509057912,1.0689201270752036,0.06662425114751507,1.0,True,,False,False,gcd_k_not_2,0.0,False,1.0,True,EXACT-UNCLASSIFIED
4198,False,9,1,0.030538963844036718,0.04662617054009209,0.994531668953372,0.005483323360313025,1.0,True,,False,False,gcd_k_not_2,0.36363636363636365,False,1.0,True,EXACT-UNCLASSIFIED
4201,False,21,1,0.04843689197175179,0.0707812331829828,0.9858194931348853,0.014281768221268578,1.0,True,,False,False,gcd_k_not_2,0.2727272727272727,False,1.0,True,EXACT-UNCLASSIFIED
4204,False,2,2,3.7823335365107926,5.665223375840338,0.31010317409001725,1.053194648412599,0.4669421487603306,False,1.0,True,True,,0.5,False,0.5,False,EXACT-UNCLASSIFIED
4205,False,3,1,0.03796062685983431,0.06291379575250941,1.0038397179713856,0.003832360379873846,1.0,True,,False,False,gcd_k_not_2,0.0,False,1.0,True,EXACT-UNCLASSIFIED
4206,False,7,1,0.0314185933379637,0.045811847039544204,1.0003276374763037,0.0003275838119370975,1.0,True,,False,False,gcd_k_not_2,0.0,False,1.0,True,EXACT-UNCLASSIFIED
4207,False,15,1,0.04403035284904628,0.07078541810626848,0.988851962947549,0.011210524724956697,1.0,True,,False,False,gcd_k_not_2,0.0,False,1.0,True,EXACT-UNCLASSIFIED
4210,False,3,1,0.030396862827642743,0.05297208335214474,0.9699295979123269,0.03052941802543691,1.0,True,,False,False,gcd_k_not_2,0.0,False,1.0,True,EXACT-UNCLASSIFIED
4212,False,19,1,0.05048246842863955,0.07683853181648861,0.9984165689484601,0.0015846856717897672,1.0,True,,False,False,gcd_k_not_2,0.0,False,1.0,True,EXACT-UNCLASSIFIED
4213,False,3,1,0.08051027854871298,0.13036041485931057,0.992979541657252,0.007045188569181407,1.0,True,,False,False,gcd_k_not_2,0.0,False,1.0,True,EXACT-UNCLASSIFIED
4214,False,15,1,0.05410165442166015,0.08764202458027531,1.0127014875572236,0.012621332707056414,1.0,True,,False,False,gcd_k_not_2,0.0,False,1.0,True,EXACT-UNCLASSIFIED
4215,False,7,1,0.050676024921666334,0.08155502844139866,0.9791829778136745,0.021035975369312565,1.0,True,,False,False,gcd_k_not_2,0.18181818181818182,False,1.0,True,EXACT-UNCLASSIFIED
4216,False,3,1,0.028695482718250422,0.05040323555995002,0.9761133743841917,0.02417535949651881,1.0,True,,False,False,gcd_k_not_2,0.0,False,1.0,True,EXACT-UNCLASSIFIED
4217,False,1,1,0.04993191976340163,0.07990851588018771,1.0235267157160632,0.02325318023561442,1.0,True,,False,False,gcd_k_not_2,0.0,False,1.0,True,EXACT-UNCLASSIFIED
4218,False,17,1,0.07422385340045363,0.10777231948965038,0.9894204668614882,0.010635794006082624,1.0,True,,False,False,gcd_k_not_2,0.0,False,1.0,True,EXACT-UNCLASSIFIED
4219,False,9,1,0.0649759961140049,0.10601272237183114,1.0170070256083508,0.016863625552539837,1.0,True,,False,False,gcd_k_not_2,0.09297520661157024,False,1.0,True,EXACT-UNCLASSIFIED
4220,False,17,1,0.04331689269200645,0.06893272508663882,0.9986524803703234,0.0013484281463748786,1.0,True,,False,False,gcd_k_not_2,0.0,False,1.0,True,EXACT-UNCLASSIFIED
4222,False,5,1,0.04257145470107361,0.06359324012325246,1.0072270156111651,0.007200994760390548,1.0,True,,False,False,gcd_k_not_2,0.0,False,1.0,True,EXACT-UNCLASSIFIED
4223,False,7,1,0.06978193079347489,0.11754210991122784,1.0042385706145203,0.004229606870823485,1.0,True,,False,False,gcd_k_not_2,0.0,False,1.0,True,EXACT-UNCLASSIFIED
4226,False,19,1,0.06606965889389652,0.10234113340151141,0.9836418726054522,0.016493024895730724,1.0,True,,False,False,gcd_k_not_2,0.0,False,1.0,True,EXACT-UNCLASSIFIED
4230,False,5,1,0.10058797320085093,0.14479332341050224,1.0042396796302042,0.0042307112001558215,1.0,True,,False,False,gcd_k_not_2,0.0,False,1.0,True,EXACT-UNCLASSIFIED
4233,False,3,1,0.04184499545061086,0.06840482853729316,1.0062098809187932,0.006190659290292445,1.0,True,,False,False,gcd_k_not_2,0.0,False,1.0,True,EXACT-UNCLASSIFIED
4235,False,19,1,0.058198022853951835,0.09254464109412992,1.0014470485762677,0.0014460023584405798,1.0,True,,False,False,gcd_k_not_2,0.2727272727272727,False,1.0,True,EXACT-UNCLASSIFIED
4237,False,3,1,0.07174861440641,0.11351243159343877,1.0015650671757648,0.001563843415765788,1.0,True,,False,False,gcd_k_not_2,0.0,False,1.0,True,EXACT-UNCLASSIFIED
4239,False,9,1,0.0705401582856659,0.1169361599132481,0.9937849765261071,0.006234396935542931,1.0,True,,False,False,gcd_k_not_2,0.0,False,1.0,True,EXACT-UNCLASSIFIED
4241,False,21,1,0.04936844738618191,0.0768678263630354,0.9811783400649827,0.019000470128701256,1.0,True,,False,False,gcd_k_not_2,0.0,False,1.0,True,EXACT-UNCLASSIFIED
4242,False,19,1,0.057054571756168806,0.08742035450830964,1.0018420164235413,0.0018403214723530254,1.0,True,,False,False,gcd_k_not_2,0.0,False,1.0,True,EXACT-UNCLASSIFIED
4244,False,17,1,0.07219871933979224,0.113290406411568,1.0042990623576067,0.004289841210173357,1.0,True,,False,False,gcd_k_not_2,0.0,False,1.0,True,EXACT-UNCLASSIFIED
4247,False,14,2,3.7858894240064282,5.67053403339004,0.31056866582055376,1.0521102055309552,0.49173553719008267,False,1.0,True,True,,0.20454545454545456,False,0.5,False,EXACT-UNCLASSIFIED
4248,False,19,1,0.06899397125611301,0.11335609891352172,1.0084759971859636,0.008440227513636418,1.0,True,,False,False,gcd_k_not_2,0.0,False,1.0,True,EXACT-UNCLASSIFIED
4249,False,16,2,3.7752869922788337,5.654699725145087,0.31760601260923926,1.0358088546354218,0.44008264462809915,False,1.0,True,True,,0.0,False,0.5,False,EXACT-UNCLASSIFIED
4250,False,5,1,0.08552962865289138,0.13838464268257114,1.001217539603288,0.0012167988528916953,1.0,True,,False,False,gcd_k_not_2,0.2727272727272727,False,1.0,True,EXACT-UNCLASSIFIED
4251,False,9,1,0.054218204416232575,0.08538136311404934,1.0165136551190956,0.016378421318570684,1.0,True,,False,False,gcd_k_not_2,0.0,False,1.0,True,EXACT-UNCLASSIFIED
4258,False,15,1,0.07144525643175521,0.10695341652840425,0.9991681422337398,0.0008322039039004033,1.0,True,,False,False,gcd_k_not_2,0.0,False,1.0,True,EXACT-UNCLASSIFIED
4259,False,20,2,3.7593357295223844,5.630877248830937,0.3201181233402505,1.0300318806918083,0.46487603305785125,False,1.0,True,True,,0.0,False,0.5,False,EXACT-UNCLASSIFIED
4262,False,7,1,0.05604977067035564,0.08834256192004139,0.985028091561276,0.015084832806520374,1.0,True,,False,False,gcd_k_not_2,0.0,False,1.0,True,EXACT-UNCLASSIFIED
4269,False,17,1,0.07559835576270482,0.11247117408122155,0.9961912963140741,0.0038159706366404506,1.0,True,,False,False,gcd_k_not_2,0.0,False,1.0,True,EXACT-UNCLASSIFIED
4270,False,19,1,0.06255995710532262,0.09183391599325996,1.0005677914922841,0.0005676303444438918,1.0,True,,False,False,gcd_k_not_2,0.0,False,1.0,True,EXACT-UNCLASSIFIED
4272,False,21,1,0.04404650960051346,0.07840624115046538,1.026426158379601,0.026081540914110985,1.0,True,,False,False,gcd_k_not_2,0.0,False,1.0,True,EXACT-UNCLASSIFIED
4275,False,5,1,0.068869208333575,0.11114824194944856,0.9995228834952384,0.0004772303520003561,1.0,True,,False,False,gcd_k_not_2,0.0,False,1.0,True,EXACT-UNCLASSIFIED
4276,False,15,1,0.06222340146685666,0.10068926053829287,0.9851195459141887,0.014991997954418973,1.0,True,,False,False,gcd_k_not_2,0.0,False,1.0,True,EXACT-UNCLASSIFIED
4278,False,7,1,0.04394918859930279,0.07253644052446925,1.0036183354876342,0.0036118011335262968,1.0,True,,False,False,gcd_k_not_2,0.0,False,1.0,True,EXACT-UNCLASSIFIED
4280,False,21,1,0.0659842132931123,0.10960001237766112,0.9818101952786696,0.018356757639721975,1.0,True,,False,False,gcd_k_not_2,0.0,False,1.0,True,EXACT-UNCLASSIFIED
4281,False,7,1,0.03996337751376169,0.059179176082005146,0.9741093104694653,0.02623024914904806,1.0,True,,False,False,gcd_k_not_2,0.0,False,1.0,True,EXACT-UNCLASSIFIED
4282,False,3,1,0.07657307518777164,0.13689050495472235,1.0034719291576524,0.003465912456394703,1.0,True,,False,False,gcd_k_not_2,0.0,False,1.0,True,EXACT-UNCLASSIFIED
4283,False,15,1,0.07442532578390491,0.1188070803513452,1.0137772044107671,0.013682948024827253,1.0,True,,False,False,gcd_k_not_2,0.0,False,1.0,True,EXACT-UNCLASSIFIED
4284,False,2,2,3.79098412113681,5.678141940845271,0.30443025344039765,1.066472883046153,0.5495867768595041,False,1.0,True,True,,0.0,False,0.5,False,EXACT-UNCLASSIFIED
4287,False,15,1,0.07620550400045321,0.12333017999531976,0.9976728017052796,0.0023299093752829304,1.0,True,,False,False,gcd_k_not_2,0.045454545454545456,False,1.0,True,EXACT-UNCLASSIFIED
4288,False,13,1,0.04765232903407597,0.08022085513472366,1.000672611398683,0.0006723852716840285,1.0,True,,False,False,gcd_k_not_2,0.0,False,1.0,True,EXACT-UNCLASSIFIED
4290,False,15,1,0.06468359522672233,0.10538785528756608,0.975618001456134,0.024682907855562323,1.0,True,,False,False,gcd_k_not_2,0.0,False,1.0,True,EXACT-UNCLASSIFIED
4292,False,3,1,0.035834420503414614,0.05605997391115147,1.0127604322564965,0.01267953408860563,1.0,True,,False,False,gcd_k_not_2,0.0,False,1.0,True,EXACT-UNCLASSIFIED
4293,False,9,1,0.0391897807522093,0.06230725730921323,0.99595227167319,0.004055936992337809,1.0,True,,False,False,gcd_k_not_2,0.0,False,1.0,True,EXACT-UNCLASSIFIED
4294,False,17,1,0.043068205333376075,0.06300609293517691,1.0225382909293175,0.022287133974567643,1.0,True,,False,False,gcd_k_not_2,0.0,False,1.0,True,EXACT-UNCLASSIFIED
4295,False,5,1,0.03414287607109965,0.059033407709625695,1.0079126570817514,0.007881475375777994,1.0,True,,False,False,gcd_k_not_2,0.0,False,1.0,True,EXACT-UNCLASSIFIED
4299,False,1,1,0.03481236591275328,0.05570137016343924,1.0272688331889481,0.026902039574153196,1.0,True,,False,False,gcd_k_not_2,0.0,False,1.0,True,EXACT-UNCLASSIFIED
4300,False,3,1,0.04496960974151331,0.07571118787273245,0.973240443793177,0.027122448550043806,1.0,True,,False,False,gcd_k_not_2,0.0,False,1.0,True,EXACT-UNCLASSIFIED
4301,False,6,2,3.7854275250743967,5.669844019568193,0.3156992997686559,1.0402083520933199,0.5206611570247934,False,1.0,True,True,,0.0,False,0.5,False,EXACT-UNCLASSIFIED
4304,False,21,1,0.04432780816707977,0.07214621992250216,1.0197985450865554,0.019604475045016924,1.0,True,,False,False,gcd_k_not_2,0.0,False,1.0,True,EXACT-UNCLASSIFIED
4305,False,17,1,0.04772360059478548,0.06818456846871135,0.9957188935070167,0.00429029008735816,1.0,True,,False,False,gcd_k_not_2,0.0,False,1.0,True,EXACT-UNCLASSIFIED
4306,False,3,1,0.07138290069872043,0.10843240271968509,0.9894767742033247,0.010578887809222365,1.0,True,,False,False,gcd_k_not_2,0.0,False,1.0,True,EXACT-UNCLASSIFIED
4307,False,7,1,0.053149021862929094,0.08951713536442364,0.9942632875814839,0.00575321468758853,1.0,True,,False,False,gcd_k_not_2,0.0,False,1.0,True,EXACT-UNCLASSIFIED
4309,False,19,1,0.03822732958071968,0.06359013907862894,1.0504111389593083,0.049171737317906576,1.0,True,,False,False,gcd_k_not_2,0.0,False,1.0,True,EXACT-UNCLASSIFIED
4310,False,12,2,3.7672965858513834,5.642766363225192,0.3144178070365375,1.0431724057499856,0.506198347107438,False,1.0,True,True,,0.0,False,0.5,False,EXACT-UNCLASSIFIED
4311,False,13,1,0.06234231710194454,0.1010259408161429,1.0050275980872743,0.005014991406672338,1.0,True,,False,False,gcd_k_not_2,0.0,False,1.0,True,EXACT-UNCLASSIFIED
4312,False,19,1,0.043043453382069795,0.07613772444736057,0.9906796504896376,0.00936398732771485,1.0,True,,False,False,gcd_k_not_2,0.0,False,1.0,True,EXACT-UNCLASSIFIED
4313,False,17,1,0.04211127505152582,0.06956698195923798,1.0027330120481592,0.0027292824672263353,1.0,True,,False,False,gcd_k_not_2,0.0,False,1.0,True,EXACT-UNCLASSIFIED
4315,False,3,1,0.04470786575471326,0.07443472423428854,1.0159550089383838,0.015828735133117593,1.0,True,,False,False,gcd_k_not_2,0.0,False,1.0,True,EXACT-UNCLASSIFIED
4316,False,17,1,0.06331126413052032,0.10607151362687153,0.9877652873229992,0.012310017440215789,1.0,True,,False,False,gcd_k_not_2,0.045454545454545456,False,1.0,True,EXACT-UNCLASSIFIED
4317,False,20,2,3.777376436014087,5.65782021048912,0.3175365642600561,1.0359688744171183,0.48140495867768596,False,1.0,True,True,,0.0,False,0.5,False,EXACT-UNCLASSIFIED
4318,False,13,1,0.06596488556498376,0.10684114731878198,1.0096780790095596,0.009631471936370373,1.0,True,,False,False,gcd_k_not_2,0.0,False,1.0,True,EXACT-UNCLASSIFIED
4321,False,1,1,0.05931371392504377,0.09365627725163427,0.9984322305826757,0.0015689993319084785,1.0,True,,False,False,gcd_k_not_2,0.5289256198347108,False,1.0,True,EXACT-UNCLASSIFIED
4324,False,19,1,0.03925649041255538,0.058463843505561185,0.9975560979695354,0.0024468920126436058,1.0,True,,False,False,gcd_k_not_2,0.0,False,1.0,True,EXACT-UNCLASSIFIED
4325,False,7,1,0.043671381772804024,0.07692917642379293,1.0057038490815333,0.005687628394536151,1.0,True,,False,False,gcd_k_not_2,0.0,False,1.0,True,EXACT-UNCLASSIFIED
4326,False,9,1,0.04881070133361747,0.08045001198597122,1.00256765893186,0.0025643667223004454,1.0,True,,False,False,gcd_k_not_2,0.0,False,1.0,True,EXACT-UNCLASSIFIED
4327,False,12,2,3.7805710441049505,5.662591338015222,0.3154933927479642,1.040684219359178,0.47107438016528924,False,1.0,True,True,,0.0,False,0.5,False,EXACT-UNCLASSIFIED
4329,False,1,1,0.05169602502278376,0.0828169487429291,0.9906796594934825,0.009363978239360781,1.0,True,,False,False,gcd_k_not_2,0.0,False,1.0,True,EXACT-UNCLASSIFIED
4332,False,6,2,3.7586039491194763,5.6297842920926815,0.32351842576563533,1.0222473084846255,0.5351239669421488,False,1.0,True,True,,0.0,False,0.5,False,EXACT-UNCLASSIFIED
4333,False,18,2,3.773486728351467,5.652011253426007,0.3181669580137675,1.0345169674312398,0.5082644628099173,False,1.0,True,True,,0.0,False,0.5,False,EXACT-UNCLASSIFIED
4335,False,21,1,0.05524938345944923,0.0884417190822753,1.0227587626265022,0.022502695869625576,1.0,True,,False,False,gcd_k_not_2,0.0,False,1.0,True,EXACT-UNCLASSIFIED
4336,False,8,2,3.7906877944264186,5.67769942267274,0.3093347847984001,1.0549864300870042,0.5330578512396694,False,1.0,True,True,,0.0,False,0.5,False,EXACT-UNCLASSIFIED
4337,False,3,1,0.03728539764506025,0.06553646978068509,0.9998366629755376,0.00016335036504367252,1.0,True,,False,False,gcd_k_not_2,0.0,False,1.0,True,EXACT-UNCLASSIFIED
4341,False,16,2,3.776935387153998,5.6571617987948635,0.3211334033263131,1.0277033264989826,0.5247933884297521,False,1.0,True,True,,0.0,False,0.5,False,EXACT-UNCLASSIFIED
4342,False,15,1,0.0445790300442431,0.07449874497718242,0.9587580481486793,0.04211030748825829,1.0,True,,False,False,gcd_k_not_2,0.0,False,1.0,True,EXACT-UNCLASSIFIED
4344,False,3,1,0.06497267188900745,0.10812565006536344,1.0017464589705927,0.001744935241689774,1.0,True,,False,False,gcd_k_not_2,0.0,False,1.0,True,EXACT-UNCLASSIFIED
4345,False,21,1,0.030553406346181408,0.05405761081332132,0.9775378406225218,0.02271729917482362,1.0,True,,False,False,gcd_k_not_2,0.0,False,1.0,True,EXACT-UNCLASSIFIED
4347,False,3,1,0.03239757414663011,0.05714033564491255,1.0209579853769102,0.020740644316760964,1.0,True,,False,False,gcd_k_not_2,0.0,False,1.0,True,EXACT-UNCLASSIFIED
4348,False,17,1,0.038682775824057034,0.06568164872669212,0.9889411896275443,0.011120299011482227,1.0,True,,False,False,gcd_k_not_2,0.0,False,1.0,True,EXACT-UNCLASSIFIED
4350,False,5,1,0.07123934378542413,0.11631224816811855,0.9937434790435871,0.006276154402184413,1.0,True,,False,False,gcd_k_not_2,0.0,False,1.0,True,EXACT-UNCLASSIFIED
4351,False,9,1,0.03862167053865447,0.06647167238313287,0.991478654155668,0.008557807864573589,1.0,True,,False,False,gcd_k_not_2,0.0,False,1.0,True,EXACT-UNCLASSIFIED
4352,False,13,1,0.04310133556916237,0.06389086563757276,0.9693961335337301,0.031079442012873944,1.0,True,,False,False,gcd_k_not_2,0.6363636363636364,False,1.0,True,EXACT-UNCLASSIFIED
4353,False,14,2,3.769270495387718,5.64571464419901,0.31708917237987544,1.0370001393089567,0.48140495867768596,False,1.0,True,True,,0.0,False,0.5,False,EXACT-UNCLASSIFIED
4354,False,19,1,0.06386390382949114,0.10042052034890105,0.9912912658734159,0.00874682099583694,1.0,True,,False,False,gcd_k_not_2,0.0,False,1.0,True,EXACT-UNCLASSIFIED
4356,False,15,1,0.047665123865843054,0.07744497511795108,1.0251359367905242,0.02482395016935025,1.0,True,,False,False,gcd_k_not_2,0.10330578512396695,False,1.0,True,EXACT-UNCLASSIFIED
4357,False,5,1,0.05651377044532772,0.09260053049326235,1.0186809326914341,0.018508058791170654,1.0,True,,False,False,gcd_k_not_2,0.045454545454545456,False,1.0,True,EXACT-UNCLASSIFIED
4359,False,1,1,0.03139818650210081,0.05072042527668897,0.9990966213540485,0.0009037868768339743,1.0,True,,False,False,gcd_k_not_2,0.0,False,1.0,True,EXACT-UNCLASSIFIED
4362,False,3,1,0.057488889968011284,0.08866868078006084,0.9860237619385273,0.014074592992614265,1.0,True,,False,False,gcd_k_not_2,0.22727272727272727,False,1.0,True,EXACT-UNCLASSIFIED
4363,False,1,1,0.05150377511436961,0.08294324665079156,0.9982409302393138,0.001760618285879612,1.0,True,,False,False,gcd_k_not_2,0.0,False,1.0,True,EXACT-UNCLASSIFIED
4364,False,5,1,0.04096018021411737,0.07116973470281156,0.9888036956038208,0.011259335872040362,1.0,True,,False,False,gcd_k_not_2,0.0,False,1.0,True,EXACT-UNCLASSIFIED
4367,False,16,2,3.7502182165928732,5.6172598837051755,0.3108276068495175,1.0515072913468158,0.4834710743801653,False,1.0,True,True,,0.25,False,0.5,False,EXACT-UNCLASSIFIED
4368,False,13,1,0.07654144996563003,0.12189364290805235,0.9955183077263473,0.0044917576113436275,1.0,True,,False,False,gcd_k_not_2,0.2066115702479339,False,1.0,True,EXACT-UNCLASSIFIED
4369,False,5,1,0.054686606484379556,0.07978401483248862,1.0092005998241593,0.00915846812405338,1.0,True,,False,False,gcd_k_not_2,0.0,False,1.0,True,EXACT-UNCLASSIFIED
4373,False,13,1,0.04826819544416968,0.0766723072768698,1.032504353804851,0.031984535476150794,1.0,True,,False,False,gcd_k_not_2,0.18181818181818182,False,1.0,True,EXACT-UNCLASSIFIED
4374,False,15,1,0.04118015088485752,0.06978735357685284,1.0041400309592978,0.004131478734363821,1.0,True,,False,False,gcd_k_not_2,0.0,False,1.0,True,EXACT-UNCLASSIFIED
4376,False,7,1,0.06894986828035131,0.1101560440854044,0.9860002245914511,0.014098463066819472,1.0,True,,False,False,gcd_k_not_2,0.0,False,1.0,True,EXACT-UNCLASSIFIED
4379,False,9,1,0.058380742146959964,0.0969682944467283,1.0149529031228606,0.014841938091640765,1.0,True,,False,False,gcd_k_not_2,0.0,False,1.0,True,EXACT-UNCLASSIFIED
4380,False,21,1,0.044774979311293796,0.07319419320026584,0.9685754406496485,0.03192619261772466,1.0,True,,False,False,gcd_k_not_2,0.36363636363636365,False,1.0,True,EXACT-UNCLASSIFIED
4381,False,13,1,0.0599989002668644,0.09858129127526621,1.0031317283374905,0.0031268321430761217,1.0,True,,False,False,gcd_k_not_2,0.0,False,1.0,True,EXACT-UNCLASSIFIED
4382,False,19,1,0.05351989263647832,0.08454194372388713,0.9948186034641915,0.005194854837237399,1.0,True,,False,False,gcd_k_not_2,0.0,False,1.0,True,EXACT-UNCLASSIFIED
4385,False,1,1,0.07180553676059111,0.12058005747015527,0.9965448579080486,0.003461121425112037,1.0,True,,False,False,gcd_k_not_2,0.0,False,1.0,True,EXACT-UNCLASSIFIED
4387,False,7,1,0.04713045029739733,0.0729040897602347,1.003927540411281,0.0039198427408958115,1.0,True,,False,False,gcd_k_not_2,0.0,False,1.0,True,EXACT-UNCLASSIFIED
4388,False,13,1,0.03780794608176875,0.06100038814087007,1.0339873371435864,0.0334194186197011,1.0,True,,False,False,gcd_k_not_2,0.0,False,1.0,True,EXACT-UNCLASSIFIED
4390,False,5,1,0.0562769989314172,0.09047479047716595,0.9980989202534374,0.0019028885179733527,1.0,True,,False,False,gcd_k_not_2,0.0,False,1.0,True,EXACT-UNCLASSIFIED
4391,False,7,1,0.04895536396138703,0.07967156069566354,0.9980695302916869,0.0019323348652749612,1.0,True,,False,False,gcd_k_not_2,0.0,False,1.0,True,EXACT-UNCLASSIFIED
4394,False,13,1,0.06473365631191427,0.09795179091572176,0.9899535313781486,0.01009718916892873,1.0,True,,False,False,gcd_k_not_2,0.0,False,1.0,True,EXACT-UNCLASSIFIED
4395,False,17,1,0.04578280337521125,0.067601348335428,1.0070616774472785,0.007036831530020597,1.0,True,,False,False,gcd_k_not_2,0.3181818181818182,False,1.0,True,EXACT-UNCLASSIFIED
4396,False,3,1,0.05876453778286554,0.10033705446241836,0.9871910781486501,0.01289148486242522,1.0,True,,False,False,gcd_k_not_2,0.0,False,1.0,True,EXACT-UNCLASSIFIED
4397,False,1,1,0.04207419547671005,0.06497995894009916,0.990382024812155,0.009664451414800889,1.0,True,,False,False,gcd_k_not_2,0.0,False,1.0,True,EXACT-UNCLASSIFIED
4398,False,21,1,0.04360345340980682,0.07600241698477049,0.9736911698598681,0.026659520538869125,1.0,True,,False,False,gcd_k_not_2,0.0,False,1.0,True,EXACT-UNCLASSIFIED
4401,False,2,2,3.7774993487348425,5.658003736193098,0.3147258229340298,1.042459446847506,0.4731404958677686,False,1.0,True,True,,0.0,False,0.5,False,EXACT-UNCLASSIFIED
4404,False,3,1,0.05012723844184844,0.08269383733493185,1.0068166270715517,0.0067934727862992775,1.0,True,,False,False,gcd_k_not_2,0.0,False,1.0,True,EXACT-UNCLASSIFIED
4408,False,7,1,0.047501680521169674,0.08215206830817325,0.9939525586969665,0.006065782534952055,1.0,True,,False,False,gcd_k_not_2,0.0,False,1.0,True,EXACT-UNCLASSIFIED
4410,False,5,1,0.03680824641765881,0.0636381285215146,1.0096124156692738,0.009566437382974314,1.0,True,,False,False,gcd_k_not_2,0.0,False,1.0,True,EXACT-UNCLASSIFIED
4413,False,1,1,0.0522798131460569,0.08469169484757515,1.0238842639689119,0.023602400981243804,1.0,True,,False,False,gcd_k_not_2,0.10743801652892562,False,1.0,True,EXACT-UNCLASSIFIED
4415,False,7,1,0.05756819623190355,0.09598524093534688,0.9802673550868625,0.019929273552329957,1.0,True,,False,False,gcd_k_not_2,0.0,False,1.0,True,EXACT-UNCLASSIFIED
4416,False,21,1,0.06923676594126965,0.10942358232918739,1.0219246236629989,0.02168688526407996,1.0,True,,False,False,gcd_k_not_2,0.18181818181818182,False,1.0,True,EXACT-UNCLASSIFIED
4417,False,1,1,0.05684105635928948,0.09299943971451517,0.9943316338459429,0.0056844770025795775,1.0,True,,False,False,gcd_k_not_2,0.0,False,1.0,True,EXACT-UNCLASSIFIED
4420,False,13,1,0.05847884469683059,0.08798857478624669,1.0112280602465278,0.011165377481011696,1.0,True,,False,False,gcd_k_not_2,0.2396694214876033,False,1.0,True,EXACT-UNCLASSIFIED
4422,False,12,2,3.7734525440345648,5.6519605595767635,0.3174031098690184,1.036276421419482,0.518595041322314,False,1.0,True,True,,0.11363636363636363,False,0.5,False,EXACT-UNCLASSIFIED
4423,False,9,1,0.04789569727443543,0.06771931871478738,1.0014913220269137,0.0014902108347923267,1.0,True,,False,False,gcd_k_not_2,0.5,False,1.0,True,EXACT-UNCLASSIFIED
4424,False,13,1,0.045845221922229555,0.07221765781709104,0.9757211312457219,0.02457722233194917,1.0,True,,False,False,gcd_k_not_2,0.0,False,1.0,True,EXACT-UNCLASSIFIED
4429,False,15,1,0.07920843123843724,0.13757086024056187,0.9980921334679259,0.0019096882472208437,1.0,True,,False,False,gcd_k_not_2,0.0,False,1.0,True,EXACT-UNCLASSIFIED
4430,False,17,1,0.054066127123705704,0.08803306815163434,1.0092338426407088,0.00919140663943109,1.0,True,,False,False,gcd_k_not_2,0.36363636363636365,False,1.0,True,EXACT-UNCLASSIFIED
4431,False,20,2,3.7506255518589424,5.617868299351788,0.3151917134032651,1.0413816930532291,0.49793388429752067,False,1.0,True,True,,0.0,False,0.5,False,EXACT-UNCLASSIFIED
4432,False,4,2,3.7586872203052457,5.629906834642093,3.037654500744677,1.0093258352684045,0.5082644628099173,False,1.0,True,True,,0.0,False,0.5,False,EXACT-UNCLASSIFIED
4433,False,15,1,0.03971068027912327,0.057421216951905836,0.9828354585208874,0.017313127426031274,1.0,True,,False,False,gcd_k_not_2,0.0,False,1.0,True,EXACT-UNCLASSIFIED
4434,False,9,1,0.08653181576786423,0.14412150655923403,0.991324957767724,0.008712834335186227,1.0,True,,False,False,gcd_k_not_2,0.0,False,1.0,True,EXACT-UNCLASSIFIED
4435,False,9,1,0.05021578189035647,0.08188703506159889,0.9992077468169717,0.0007925671399479943,1.0,True,,False,False,gcd_k_not_2,0.0,False,1.0,True,EXACT-UNCLASSIFIED
4436,False,13,1,0.04711496566679662,0.07488920513544456,1.015873473362276,0.015748481809030112,1.0,True,,False,False,gcd_k_not_2,0.0,False,1.0,True,EXACT-UNCLASSIFIED
4440,False,17,1,0.06158946716362137,0.10434513038416757,0.9930111804814507,0.007013326956711813,1.0,True,,False,False,gcd_k_not_2,0.0,False,1.0,True,EXACT-UNCLASSIFIED
4441,False,1,1,0.05526686611078428,0.0852752693559164,0.9922641189680638,0.007765919145241824,1.0,True,,False,False,gcd_k_not_2,0.0,False,1.0,True,EXACT-UNCLASSIFIED
4442,False,7,1,0.06975171130895626,0.11187408849944457,0.9942171065366743,0.0057996628796036665,1.0,True,,False,False,gcd_k_not_2,0.0,False,1.0,True,EXACT-UNCLASSIFIED
4443,False,5,1,0.05409157627869317,0.09009918789279595,1.0087649877595126,0.008726742862328192,1.0,True,,False,False,gcd_k_not_2,0.0,False,1.0,True,EXACT-UNCLASSIFIED
4444,False,15,1,0.05442757090404547,0.08860112399753124,1.0070746440403884,0.007049706956734452,1.0,True,,False,False,gcd_k_not_2,0.0,False,1.0,True,EXACT-UNCLASSIFIED
4445,False,5,1,0.047138257700024264,0.07464492873550037,0.9985751755245784,0.0014258402614729113,1.0,True,,False,False,gcd_k_not_2,0.0,False,1.0,True,EXACT-UNCLASSIFIED
4446,False,3,1,0.07816947136505799,0.12804216910972355,1.0168292130298513,0.016688783483623723,1.0,True,,False,False,gcd_k_not_2,0.0,False,1.0,True,EXACT-UNCLASSIFIED
4447,False,8,2,3.7783593258418104,5.659288153566282,0.31383740196238924,1.0445167674671714,0.4628099173553719,False,1.0,True,True,,0.0,False,0.5,False,EXACT-UNCLASSIFIED
4448,False,19,1,0.06480860365225098,0.10402227207359492,1.052701532704132,0.051348461395364746,1.0,True,,False,False,gcd_k_not_2,0.0,False,1.0,True,EXACT-UNCLASSIFIED
4449,False,5,1,0.03165713189660445,0.053806805117698336,0.998037025879168,0.0019649026473553873,1.0,True,,False,False,gcd_k_not_2,0.0,False,1.0,True,EXACT-UNCLASSIFIED
4450,False,5,1,0.06146062880313648,0.10039221538949511,1.0040563635485686,0.004048153158113772,1.0,True,,False,False,gcd_k_not_2,0.3925619834710744,False,1.0,True,EXACT-UNCLASSIFIED
4451,False,17,1,0.032722439439902516,0.05419269412511958,0.9786729116749993,0.021556961940664327,1.0,True,,False,False,gcd_k_not_2,0.35537190082644626,False,1.0,True,EXACT-UNCLASSIFIED
4452,False,18,2,3.776311039897742,5.656229231163075,0.30908950221926024,1.0555588393451476,0.5330578512396694,False,1.0,True,True,,0.0,False,0.5,False,EXACT-UNCLASSIFIED
4453,False,1,1,0.04760930081783929,0.07153457811703832,1.0074276754868838,0.007400192373139729,1.0,True,,False,False,gcd_k_not_2,0.0,False,1.0,True,EXACT-UNCLASSIFIED
4455,False,9,1,0.0474512965079978,0.08173630236632994,0.9992082020645028,0.0007921115316349692,1.0,True,,False,False,gcd_k_not_2,0.34297520661157027,False,1.0,True,EXACT-UNCLASSIFIED
4456,False,7,1,0.035560470079313934,0.05660001098986928,0.9979955542513399,0.002006456665426501,1.0,True,,False,False,gcd_k_not_2,0.0,False,1.0,True,EXACT-UNCLASSIFIED
4457,False,1,1,0.07199460848714889,0.12441050014673431,1.0014146869022804,0.001413686940081347,1.0,True,,False,False,gcd_k_not_2,0.0,False,1.0,True,EXACT-UNCLASSIFIED
4459,False,7,1,0.053788448939495,0.08389748081567804,0.994502205997685,0.005512948529996645,1.0,True,,False,False,gcd_k_not_2,0.0,False,1.0,True,EXACT-UNCLASSIFIED
4462,False,18,2,3.783874083867575,5.667523748946021,0.3197073301427551,1.0309750568463636,0.5475206611570248,False,1.0,True,True,,0.0,False,0.5,False,EXACT-UNCLASSIFIED
4466,False,9,1,0.0605573479428834,0.08601406123797886,1.0081050772963256,0.008072363730326361,1.0,True,,False,False,gcd_k_not_2,0.36363636363636365,False,1.0,True,EXACT-UNCLASSIFIED
4468,False,13,1,0.08467567477309576,0.14061019121922058,0.9981256636541896,0.0018760945619231736,1.0,True,,False,False,gcd_k_not_2,0.0,False,1.0,True,EXACT-UNCLASSIFIED
4470,False,7,1,0.04361155700565723,0.06474914442449117,0.9881541934095938,0.011916386193458334,1.0,True,,False,False,gcd_k_not_2,0.3181818181818182,False,1.0,True,EXACT-UNCLASSIFIED
4472,False,13,1,0.056093249065507104,0.08530433134607612,1.0036554238121176,0.0036487549392727092,1.0,True,,False,False,gcd_k_not_2,0.0,False,1.0,True,EXACT-UNCLASSIFIED
4473,False,18,2,3.7853925965112256,5.669791618757101,0.3206133224459882,1.028895689611367,0.5495867768595041,False,1.0,True,True,,0.0,False,0.5,False,EXACT-UNCLASSIFIED
4474,False,5,1,0.07296046241384563,0.11590160691305444,0.995491203610306,0.004518983979018909,1.0,True,,False,False,gcd_k_not_2,0.41735537190082644,False,1.0,True,EXACT-UNCLASSIFIED
4475,False,17,1,0.05134099927170495,0.08252394548504043,1.0101763491741436,0.01012483225994016,1.0,True,,False,False,gcd_k_not_2,0.0,False,1.0,True,EXACT-UNCLASSIFIED
4476,False,18,2,3.7806775941797968,5.662750104372344,0.31683572373799884,1.037584664429905,0.5020661157024794,False,1.0,True,True,,0.25,False,0.5,False,EXACT-UNCLASSIFIED
4478,False,3,1,0.07858477738567587,0.12568740519995047,0.9910508181150918,0.008989405798673003,1.0,True,,False,False,gcd_k_not_2,0.18181818181818182,False,1.0,True,EXACT-UNCLASSIFIED
4479,False,3,1,0.05027218977031431,0.08045956551481634,1.0102606959159186,0.010208323663457508,1.0,True,,False,False,gcd_k_not_2,0.0,False,1.0,True,EXACT-UNCLASSIFIED
4480,False,3,1,0.0408171041361853,0.0691782099702945,0.9882410156999951,0.011828530049577443,1.0,True,,False,False,gcd_k_not_2,0.0,False,1.0,True,EXACT-UNCLASSIFIED
4482,False,13,1,0.045579409074496265,0.07529388999527478,1.0083009797253588,0.008266668999478428,1.0,True,,False,False,gcd_k_not_2,0.0,False,1.0,True,EXACT-UNCLASSIFIED
4485,False,17,1,0.0688179006195474,0.11160529395329968,1.011016901420242,0.010956547816640915,1.0,True,,False,False,gcd_k_not_2,0.0,False,1.0,True,EXACT-UNCLASSIFIED
4488,False,7,1,0.06557726815395254,0.1044755669476774,0.9951576756447714,0.004854076862535338,1.0,True,,False,False,gcd_k_not_2,0.0,False,1.0,True,EXACT-UNCLASSIFIED
4489,False,15,1,0.0341379493603356,0.0495910762803782,0.9531302784413851,0.047994465168004444,1.0,True,,False,False,gcd_k_not_2,0.0,False,1.0,True,EXACT-UNCLASSIFIED
4490,False,1,1,0.07182202309499135,0.10611257972759025,0.9980724477073754,0.001929411813707127,1.0,True,,False,False,gcd_k_not_2,0.0,False,1.0,True,EXACT-UNCLASSIFIED
4492,False,19,1,0.07303772403408845,0.10922000522216695,1.0134198317340326,0.013330385965727687,1.0,True,,False,False,gcd_k_not_2,0.0,False,1.0,True,EXACT-UNCLASSIFIED
4494,False,21,1,0.05648520637334895,0.09121696486030252,0.9858946494546136,0.014205537589076183,1.0,True,,False,False,gcd_k_not_2,0.0,False,1.0,True,EXACT-UNCLASSIFIED
4495,False,7,1,0.05514191348114736,0.08646489575989123,0.9736832507765579,0.02666765218085286,1.0,True,,False,False,gcd_k_not_2,0.09090909090909091,False,1.0,True,EXACT-UNCLASSIFIED
4497,False,3,1,0.07784662056402257,0.13474895073954016,1.0032106619091505,0.0032055159950982203,1.0,True,,False,False,gcd_k_not_2,0.3181818181818182,False,1.0,True,EXACT-UNCLASSIFIED
4498,False,15,1,0.04805796888125013,0.06833523047966529,1.0134048739201968,0.013315626771178885,1.0,True,,False,False,gcd_k_not_2,0.0,False,1.0,True,EXACT-UNCLASSIFIED
4499,False,5,1,0.041640035520153204,0.07012781643311893,1.0023244225431716,0.00232172420912619,1.0,True,,False,False,gcd_k_not_2,0.0,False,1.0,True,EXACT-UNCLASSIFIED
4503,False,8,2,3.7456083654581147,5.61037499270474,0.31060604150055227,1.0520231658784966,0.5041322314049587,False,1.0,True,True,,0.0,False,0.5,False,EXACT-UNCLASSIFIED
4505,False,21,1,0.07378497884498686,0.11894501631376206,1.0156804577062615,0.015558475696197305,1.0,True,,False,False,gcd_k_not_2,0.4090909090909091,False,1.0,True,EXACT-UNCLASSIFIED
4506,False,20,2,3.77748239859348,5.6579788227578325,0.3169143876467759,1.0374032188589648,0.47520661157024796,False,1.0,True,True,,0.0,False,0.5,False,EXACT-UNCLASSIFIED
4507,False,3,1,0.051432933789156914,0.08132011070239711,1.0205473821118947,0.0203384313516254,1.0,True,,False,False,gcd_k_not_2,0.2727272727272727,False,1.0,True,EXACT-UNCLASSIFIED
4511,False,15,1,0.029809836937307287,0.04684274467929084,1.0075458172217038,0.007517454552690302,1.0,True,,False,False,gcd_k_not_2,0.0,False,1.0,True,EXACT-UNCLASSIFIED
4512,False,17,1,0.049749612391232094,0.08201088448333889,0.9875363380960819,0.012541820408533988,1.0,True,,False,False,gcd_k_not_2,0.3181818181818182,False,1.0,True,EXACT-UNCLASSIFIED
4514,False,5,1,0.054522955681367787,0.08424545681573523,0.9856791064109384,0.014424177142042144,1.0,True,,False,False,gcd_k_not_2,0.0,False,1.0,True,EXACT-UNCLASSIFIED
4516,False,19,1,0.06588018883704785,0.1003972081037418,0.9982725170257197,0.0017289763628952192,1.0,True,,False,False,gcd_k_not_2,0.0,False,1.0,True,EXACT-UNCLASSIFIED
4517,False,9,1,0.07132795185765015,0.11249335604075619,0.9988133530315354,0.0011873514519650933,1.0,True,,False,False,gcd_k_not_2,0.4855371900826446,False,1.0,True,EXACT-UNCLASSIFIED
4518,False,17,1,0.06676239708665622,0.10679764071876487,1.041495206169854,0.0406517791905131,1.0,True,,False,False,gcd_k_not_2,0.0,False,1.0,True,EXACT-UNCLASSIFIED
4519,False,10,2,3.7586199660863557,5.629808072822356,0.3124819592089236,1.0476609388299194,0.4793388429752066,False,1.0,True,True,,0.0,False,0.5,False,EXACT-UNCLASSIFIED
4521,False,13,1,0.062356737074615094,0.10492930668159904,0.9955275146622933,0.004482509316303348,1.0,True,,False,False,gcd_k_not_2,0.0,False,1.0,True,EXACT-UNCLASSIFIED
4523,False,12,2,3.772197877898237,5.650086121871051,0.3167430197661621,1.037798522532022,0.5,False,1.0,True,True,,0.0,False,0.5,False,EXACT-UNCLASSIFIED
4524,False,17,1,0.04305634770490968,0.0694718207623335,0.9948842215396102,0.005128897612355214,1.0,True,,False,False,gcd_k_not_2,0.0,False,1.0,True,EXACT-UNCLASSIFIED
4527,False,3,1,0.05214358100051681,0.0785315816058528,1.0291375867594694,0.028719182917509484,1.0,True,,False,False,gcd_k_not_2,0.0,False,1.0,True,EXACT-UNCLASSIFIED
4528,False,18,2,3.761953708852482,5.634787304486322,0.3092278308902039,1.055235999131043,0.4896694214876033,False,1.0,True,True,,0.0,False,0.5,False,EXACT-UNCLASSIFIED
4529,False,3,1,0.044586377571493745,0.07004382017529556,0.9997465713118651,0.00025346080525461825,1.0,True,,False,False,gcd_k_not_2,0.5454545454545454,False,1.0,True,EXACT-UNCLASSIFIED
4533,False,4,2,3.75731952996871,5.627866186270686,0.31657973191491673,1.0381752833017923,0.49586776859504134,False,1.0,True,True,,0.0,False,0.5,False,EXACT-UNCLASSIFIED
4536,False,3,1,0.07468674069585474,0.11959868462261768,0.9939354632192965,0.00608298201478607,1.0,True,,False,False,gcd_k_not_2,0.0,False,1.0,True,EXACT-UNCLASSIFIED
4538,False,7,1,0.03461980497154252,0.0628575814495009,0.9901803011457011,0.009868149984849016,1.0,True,,False,False,gcd_k_not_2,0.0,False,1.0,True,EXACT-UNCLASSIFIED
4539,False,7,1,0.09083996252813534,0.14758475166483453,0.996795013657721,0.0032101305545710708,1.0,True,,False,False,gcd_k_not_2,0.05785123966942149,False,1.0,True,EXACT-UNCLASSIFIED
4540,False,15,1,0.02831752468857167,0.04714579446742658,0.9939203735320138,0.006098163746846973,1.0,True,,False,False,gcd_k_not_2,0.0,False,1.0,True,EXACT-UNCLASSIFIED
4542,False,3,1,0.04596777215908178,0.07150519297144046,0.9900466567978735,0.010003125472587835,1.0,True,,False,False,gcd_k_not_2,0.0,False,1.0,True,EXACT-UNCLASSIFIED
4546,False,20,2,3.7798432798813897,5.661504101033539,0.3198674166277719,1.0306074304189579,0.5082644628099173,False,1.0,True,True,,0.0,False,0.5,False,EXACT-UNCLASSIFIED
4547,False,14,2,3.756086896127626,5.626024968634588,0.3204274478421935,1.0293220627431603,0.5227272727272727,False,1.0,True,True,,0.0,False,0.5,False,EXACT-UNCLASSIFIED
4548,False,7,1,0.038009107301214914,0.06567941568510645,0.9868528828768122,0.013234112335636884,1.0,True,,False,False,gcd_k_not_2,0.0,False,1.0,True,EXACT-UNCLASSIFIED
4549,False,13,1,0.0582903077378226,0.09834996963366562,1.0091064756266248,0.009065199616943631,1.0,True,,False,False,gcd_k_not_2,0.0,False,1.0,True,EXACT-UNCLASSIFIED
4550,False,17,1,0.031687699862516946,0.056637341242012855,1.019380767281182,0.019194762667048205,1.0,True,,False,False,gcd_k_not_2,0.0,False,1.0,True,EXACT-UNCLASSIFIED
4554,False,8,2,3.775806936239222,5.655476036017914,0.3198029038620945,1.0307555683465583,0.5268595041322314,False,1.0,True,True,,0.0,False,0.5,False,EXACT-UNCLASSIFIED
4555,False,21,1,0.04370400162896683,0.07537223232000877,1.0016303131973443,0.0016289853192122843,1.0,True,,False,False,gcd_k_not_2,0.0,False,1.0,True,EXACT-UNCLASSIFIED
4556,False,17,1,0.03269844285555584,0.055320598504255976,1.0039776991905889,0.0039698038478127515,1.0,True,,False,False,gcd_k_not_2,0.3181818181818182,False,1.0,True,EXACT-UNCLASSIFIED
4557,False,20,2,3.778564821432513,5.659594927318424,0.3142719699531527,1.0435100888156201,0.518595041322314,False,1.0,True,True,,0.0,False,0.5,False,EXACT-UNCLASSIFIED
4558,False,10,2,3.7754970375938037,5.655014290216757,0.31265501874773327,1.04725913729868,0.4359504132231405,False,1.0,True,True,,0.0,False,0.5,False,EXACT-UNCLASSIFIED
4560,False,21,1,0.05424084547951295,0.08687585116671032,0.9892611076750331,0.010796865513062963,1.0,True,,False,False,gcd_k_not_2,0.0,False,1.0,True,EXACT-UNCLASSIFIED
4562,False,16,2,3.759652125343022,5.631349630912825,0.31756770921870703,1.035897109509404,0.4793388429752066,False,1.0,True,True,,0.0,False,0.5,False,EXACT-UNCLASSIFIED
4563,False,7,1,0.04862122944480617,0.07862940743968759,1.0146534641078866,0.014546882993969631,1.0,True,,False,False,gcd_k_not_2,0.0,False,1.0,True,EXACT-UNCLASSIFIED
4570,False,3,1,0.05627030238864661,0.093394241706107,0.9998378589951813,0.00016215415073717154,1.0,True,,False,False,gcd_k_not_2,0.0,False,1.0,True,EXACT-UNCLASSIFIED
4571,False,7,1,0.032996008831618,0.06300036710656079,1.0026431542131407,0.0026396656913938933,1.0,True,,False,False,gcd_k_not_2,0.0,False,1.0,True,EXACT-UNCLASSIFIED
4572,False,9,1,0.043589063538408815,0.07285936438465934,0.9810280770297627,0.019153613409339156,1.0,True,,False,False,gcd_k_not_2,0.0,False,1.0,True,EXACT-UNCLASSIFIED
4576,False,15,1,0.06985425224653578,0.1194165589445291,1.003254439257334,0.0032491521731411706,1.0,True,,False,False,gcd_k_not_2,0.0,False,1.0,True,EXACT-UNCLASSIFIED
4577,False,16,2,3.767748757751113,5.6434417486533235,0.31264277205170266,1.0472875676204518,0.4669421487603306,False,1.0,True,True,,0.0,False,0.5,False,EXACT-UNCLASSIFIED
4580,False,17,1,0.0446562036552441,0.0721687179487074,1.0003324481228133,0.00033239287112034327,1.0,True,,False,False,gcd_k_not_2,0.0,False,1.0,True,EXACT-UNCLASSIFIED
4582,False,1,1,0.04834775229368276,0.08056900912835936,1.0470590624948217,0.04597723959900714,1.0,True,,False,False,gcd_k_not_2,0.09090909090909091,False,1.0,True,EXACT-UNCLASSIFIED
4584,False,9,1,0.032877684114171406,0.05574237956329926,1.039743076067994,0.03896870790669047,1.0,True,,False,False,gcd_k_not_2,0.0,False,1.0,True,EXACT-UNCLASSIFIED
4585,False,13,1,0.05919389872123289,0.09280806654784525,1.023390046220037,0.02311966124745208,1.0,True,,False,False,gcd_k_not_2,0.0,False,1.0,True,EXACT-UNCLASSIFIED
4586,False,19,1,0.06582668088220289,0.10585286348620397,0.9996311700929735,0.0003688979373223958,1.0,True,,False,False,gcd_k_not_2,0.0,False,1.0,True,EXACT-UNCLASSIFIED
4588,False,15,1,0.04068100441603727,0.06882993189809489,0.9620394701989156,0.038694970593263274,1.0,True,,False,False,gcd_k_not_2,0.0,False,1.0,True,EXACT-UNCLASSIFIED
4591,False,7,1,0.05748969996703979,0.08783567039066974,1.0191465052526651,0.01896494900479668,1.0,True,,False,False,gcd_k_not_2,0.0,False,1.0,True,EXACT-UNCLASSIFIED
4593,False,3,1,0.06742911619652717,0.111881100606665,0.9979658961331567,0.0020361747623221377,1.0,True,,False,False,gcd_k_not_2,0.0,False,1.0,True,EXACT-UNCLASSIFIED
4595,False,19,1,0.030142067326732316,0.04646283738717924,1.0154579465930087,0.015339388866078097,1.0,True,,False,False,gcd_k_not_2,0.4132231404958678,False,1.0,True,EXACT-UNCLASSIFIED
4596,False,10,2,3.7767481617421574,5.656882050740945,0.3186357978385692,1.0334380475310667,0.4669421487603306,False,1.0,True,True,,0.0,False,0.5,False,EXACT-UNCLASSIFIED
4598,False,2,2,3.773937127084551,5.652684141160361,0.31890868531229816,1.0328104170857433,0.4690082644628099,False,1.0,True,True,,0.0,False,0.5,False,EXACT-UNCLASSIFIED
4602,False,9,1,0.03948405550582894,0.056160487197269675,0.9734391397049234,0.02691834752912429,1.0,True,,False,False,gcd_k_not_2,0.5909090909090909,False,1.0,True,EXACT-UNCLASSIFIED
4603,False,21,1,0.05401635066199817,0.09206080559332738,0.9826197090311453,0.017532652267789658,1.0,True,,False,False,gcd_k_not_2,0.0,False,1.0,True,EXACT-UNCLASSIFIED
4605,False,19,1,0.0722801897678665,0.11417922535341198,1.0089035935672324,0.0088641322517844,1.0,True,,False,False,gcd_k_not_2,0.0,False,1.0,True,EXACT-UNCLASSIFIED
4608,False,18,2,3.7798938488834577,5.6615796573945945,0.314140288384773,1.0438150594381763,0.4772727272727273,False,1.0,True,True,,0.0,False,0.5,False,EXACT-UNCLASSIFIED
4610,False,15,1,0.051900698172368566,0.08217318699257621,1.0100024764888107,0.009952700661626733,1.0,True,,False,False,gcd_k_not_2,0.0,False,1.0,True,EXACT-UNCLASSIFIED
4611,False,15,1,0.06545027573413048,0.10492626488707926,1.0129465851439194,0.012863317128699408,1.0,True,,False,False,gcd_k_not_2,0.0,False,1.0,True,EXACT-UNCLASSIFIED
4613,False,13,1,0.06703161831932705,0.10916955628260767,1.0036106751073468,0.0036041683668443457,1.0,True,,False,False,gcd_k_not_2,0.0,False,1.0,True,EXACT-UNCLASSIFIED
4616,False,9,1,0.03971209054514407,0.07765163553003707,0.9678388462620856,0.03268677595119599,1.0,True,,False,False,gcd_k_not_2,0.0,False,1.0,True,EXACT-UNCLASSIFIED
4618,False,13,1,0.05524388202460805,0.08642659732384023,1.005186537479042,0.005173122182999289,1.0,True,,False,False,gcd_k_not_2,0.0,False,1.0,True,EXACT-UNCLASSIFIED
4621,False,3,1,0.042724936673954265,0.07092594724167053,1.005246100019148,0.005232375237231812,1.0,True,,False,False,gcd_k_not_2,0.0,False,1.0,True,EXACT-UNCLASSIFIED
4622,False,20,2,3.773952702660034,5.652706981012332,0.31455860285743487,1.0428464667191442,0.5454545454545454,False,1.0,True,True,,0.0,False,0.5,False,EXACT-UNCLASSIFIED
4625,False,10,2,3.7703797496840123,5.64737108774682,0.3215142438559783,1.0268307879365763,0.5,False,1.0,True,True,,0.0,False,0.5,False,EXACT-UNCLASSIFIED
4626,False,21,1,0.04512444248529929,0.07416449364694827,1.0020549995783874,0.002052890234104558,1.0,True,,False,False,gcd_k_not_2,0.0,False,1.0,True,EXACT-UNCLASSIFIED
4627,False,9,1,0.04009009226186579,0.06991714200151883,0.9974831749525115,0.0025199962423195998,1.0,True,,False,False,gcd_k_not_2,0.0,False,1.0,True,EXACT-UNCLASSIFIED
4632,False,17,1,0.06628150029581074,0.112270574448681,0.9743092883794732,0.02602501216171043,1.0,True,,False,False,gcd_k_not_2,0.0,False,1.0,True,EXACT-UNCLASSIFIED
4634,False,7,1,0.03169248343107235,0.054351400368300315,1.0415578196989086,0.04071187139342212,1.0,True,,False,False,gcd_k_not_2,0.0,False,1.0,True,EXACT-UNCLASSIFIED
4635,False,3,1,0.05675002500172223,0.08931191364548921,0.9969140926342707,0.0030906761358557287,1.0,True,,False,False,gcd_k_not_2,0.0,False,1.0,True,EXACT-UNCLASSIFIED
4638,False,17,1,0.03737786826792145,0.062372381038946066,0.9647986487951808,0.03583201894647551,1.0,True,,False,False,gcd_k_not_2,0.0,False,1.0,True,EXACT-UNCLASSIFIED
4640,False,7,1,0.025327878147306707,0.046658281807168626,1.0109348459919034,0.010875385658265485,1.0,True,,False,False,gcd_k_not_2,0.0,False,1.0,True,EXACT-UNCLASSIFIED
4643,False,9,1,0.06171968876268557,0.09292070339345056,1.027354559291543,0.02698547145211938,1.0,True,,False,False,gcd_k_not_2,0.0,False,1.0,True,EXACT-UNCLASSIFIED
4646,False,2,2,3.7531825937456933,5.621687332261983,0.31694919387473114,1.0373229419968666,0.5,False,1.0,True,True,,0.0,False,0.5,False,EXACT-UNCLASSIFIED
4647,False,13,1,0.06517862129779958,0.10159666802848727,0.9970332629976333,0.0029711443042400873,1.0,True,,False,False,gcd_k_not_2,0.6342975206611571,False,1.0,True,EXACT-UNCLASSIFIED
4648,False,13,1,0.08144500209749883,0.13733541194860013,0.9934973508756585,0.006523860311612837,1.0,True,,False,False,gcd_k_not_2,0.0,False,1.0,True,EXACT-UNCLASSIFIED
4649,False,7,1,0.04506059245817311,0.08147959080215286,1.0070125512969255,0.006988049269940011,1.0,True,,False,False,gcd_k_not_2,0.0,False,1.0,True,EXACT-UNCLASSIFIED
4651,False,17,1,0.05087004586213233,0.09004771843541826,1.0308984254393865,0.03042833167070041,1.0,True,,False,False,gcd_k_not_2,0.0,False,1.0,True,EXACT-UNCLASSIFIED
4652,False,21,1,0.05574855500416996,0.09173991401594152,1.007159235804669,0.0071336998848513175,1.0,True,,False,False,gcd_k_not_2,0.0,False,1.0,True,EXACT-UNCLASSIFIED
4653,False,13,1,0.03358699563560464,0.04931180089236715,1.0102054646831884,0.010153653308068025,1.0,True,,False,False,gcd_k_not_2,0.0,False,1.0,True,EXACT-UNCLASSIFIED
4654,False,5,1,0.07169053273672664,0.12079102457826969,1.0122948139599217,0.012219694524508742,1.0,True,,False,False,gcd_k_not_2,0.0,False,1.0,True,EXACT-UNCLASSIFIED
4655,False,21,1,0.05025242531486307,0.0774336313244295,0.989848987378861,0.010202796981604634,1.0,True,,False,False,gcd_k_not_2,0.0,False,1.0,True,EXACT-UNCLASSIFIED
4656,False,3,1,0.06506294446525766,0.10365881681360652,1.002310650398867,0.0023079839268764397,1.0,True,,False,False,gcd_k_not_2,0.2727272727272727,False,1.0,True,EXACT-UNCLASSIFIED
4657,False,9,1,0.08444520337237531,0.13531708119685107,0.9884922480938335,0.011574349276139017,1.0,True,,False,False,gcd_k_not_2,0.0,False,1.0,True,EXACT-UNCLASSIFIED
4659,False,4,2,3.7754940506301087,5.655009062411983,0.31938132784137,1.0317239721319766,0.5165289256198347,False,1.0,True,True,,0.5,False,0.5,False,EXACT-UNCLASSIFIED
4660,False,17,1,0.032483045775539114,0.052909946570284125,0.989631097333242,0.01042293989137563,1.0,True,,False,False,gcd_k_not_2,0.5909090909090909,False,1.0,True,EXACT-UNCLASSIFIED
4662,False,7,1,0.03715421286352244,0.058602045998543406,0.9842261668250061,0.015899229068462417,1.0,True,,False,False,gcd_k_not_2,0.6818181818181818,False,1.0,True,EXACT-UNCLASSIFIED
4663,False,8,2,3.7857177477643162,5.6702772203034835,0.31278979425316833,1.0469462952182351,0.5020661157024794,False,1.0,True,True,,0.0,False,0.5,False,EXACT-UNCLASSIFIED
4665,False,2,2,3.7759274775282368,5.655656256537776,0.3149550037607906,1.0419291827932828,0.49793388429752067,False,1.0,True,True,,0.0,False,0.5,False,EXACT-UNCLASSIFIED
4666,False,2,2,3.767632870628237,5.643269101179402,0.3157464644832296,1.0400993717061087,0.4669421487603306,False,1.0,True,True,,0.2727272727272727,False,0.5,False,EXACT-UNCLASSIFIED
4668,False,13,1,0.04226301904330706,0.06339236757198588,0.9977419035590409,0.0022606488224892474,1.0,True,,False,False,gcd_k_not_2,0.0,False,1.0,True,EXACT-UNCLASSIFIED
4669,False,1,1,0.05820763258266262,0.09597320352508143,0.9686166546105035,0.03188365324045858,1.0,True,,False,False,gcd_k_not_2,0.0,False,1.0,True,EXACT-UNCLASSIFIED
4673,False,19,1,0.09516424172989381,0.14062631775422454,1.0102560856402636,0.01020376032041412,1.0,True,,False,False,gcd_k_not_2,0.0,False,1.0,True,EXACT-UNCLASSIFIED
4676,False,5,1,0.06126261245564121,0.09993872791337255,1.0133572033927014,0.013268587779846805,1.0,True,,False,False,gcd_k_not_2,0.13636363636363635,False,1.0,True,EXACT-UNCLASSIFIED
4677,False,1,1,0.0565113856378491,0.09037676643234334,1.0140748828777109,0.013976523909181209,1.0,True,,False,False,gcd_k_not_2,0.0,False,1.0,True,EXACT-UNCLASSIFIED
4680,False,5,1,0.03464810104099774,0.0589958158194757,1.0009481690564481,0.000947719757174126,1.0,True,,False,False,gcd_k_not_2,0.0,False,1.0,True,EXACT-UNCLASSIFIED
4683,False,17,1,0.06371098464411795,0.10293510288816116,1.0031197890744492,0.0031149301119837605,1.0,True,,False,False,gcd_k_not_2,0.0,False,1.0,True,EXACT-UNCLASSIFIED
4684,False,1,1,0.0588668770593961,0.094196809963103,0.9716021601107325,0.02880686627739598,1.0,True,,False,False,gcd_k_not_2,0.0,False,1.0,True,EXACT-UNCLASSIFIED
4685,False,5,1,0.045751528125196415,0.06793894062274905,0.9756032282496955,0.024698048071038075,1.0,True,,False,False,gcd_k_not_2,0.5454545454545454,False,1.0,True,EXACT-UNCLASSIFIED
4686,False,15,1,0.05218744656517704,0.08504629753670721,0.9889415702403728,0.011119914154432115,1.0,True,,False,False,gcd_k_not_2,0.0,False,1.0,True,EXACT-UNCLASSIFIED
4689,False,17,1,0.05569937484491644,0.09470390055346964,1.0929640985693694,0.08883487168548602,1.0,True,,False,False,gcd_k_not_2,0.0,False,1.0,True,EXACT-UNCLASSIFIED
4690,False,20,2,3.7705924336816707,5.6476885337173695,0.3204847460643039,1.0291906149783052,0.49173553719008267,False,1.0,True,True,,0.0,False,0.5,False,EXACT-UNCLASSIFIED
4691,False,9,1,0.04951341100116178,0.07078275468684218,1.00246271795058,0.002459689190219245,1.0,True,,False,False,gcd_k_not_2,0.0,False,1.0,True,EXACT-UNCLASSIFIED
4692,False,9,1,0.0633599700753939,0.1026607216031509,0.990237415503562,0.009810472278723479,1.0,True,,False,False,gcd_k_not_2,0.0,False,1.0,True,EXACT-UNCLASSIFIED
4693,False,5,1,0.058292550962497344,0.09383733415107152,0.9990446470478032,0.0009558095199200897,1.0,True,,False,False,gcd_k_not_2,0.0,False,1.0,True,EXACT-UNCLASSIFIED
4694,False,10,2,3.764645430990896,5.63880679100395,0.31457422238263616,1.0428103121861696,0.5289256198347108,False,1.0,True,True,,0.0,False,0.5,False,EXACT-UNCLASSIFIED
4696,False,1,1,0.04033846383666378,0.06483185259892356,1.0094061122130498,0.009362081816990574,1.0,True,,False,False,gcd_k_not_2,0.0,False,1.0,True,EXACT-UNCLASSIFIED
4697,False,16,2,3.7754390450388504,5.654927061634514,0.32237158354583445,1.0248683878054285,0.5247933884297521,False,1.0,True,True,,0.0,False,0.5,False,EXACT-UNCLASSIFIED
4700,False,21,1,0.06134440055907023,0.09591355991257333,1.010391126671315,0.01033741796156858,1.0,True,,False,False,gcd_k_not_2,0.0,False,1.0,True,EXACT-UNCLASSIFIED
4701,False,3,1,0.07246598722780728,0.12281231432613386,0.9927479299598677,0.0072784619982300645,1.0,True,,False,False,gcd_k_not_2,0.0,False,1.0,True,EXACT-UNCLASSIFIED
4703,False,3,1,0.06349325761386572,0.10393058198635481,1.0002751329686674,0.00027509512479830417,1.0,True,,False,False,gcd_k_not_2,0.0,False,1.0,True,EXACT-UNCLASSIFIED
4704,False,8,2,3.7819832029275964,5.664700043738572,0.30985652052444934,1.0537695826398243,0.49586776859504134,False,1.0,True,True,,0.0,False,0.5,False,EXACT-UNCLASSIFIED
4706,False,17,1,0.03573403577254119,0.05893346162235434,1.0030325129816722,0.0030279218754746366,1.0,True,,False,False,gcd_k_not_2,0.0,False,1.0,True,EXACT-UNCLASSIFIED
4708,False,5,1,0.06933121465076365,0.11825947177068724,1.0041689092640822,0.004160237437884517,1.0,True,,False,False,gcd_k_not_2,0.0,False,1.0,True,EXACT-UNCLASSIFIED
4713,False,15,1,0.0720927092297818,0.11587521950064147,0.9814473410665214,0.018726370919847413,1.0,True,,False,False,gcd_k_not_2,0.30785123966942146,False,1.0,True,EXACT-UNCLASSIFIED
4714,False,9,1,0.03574199830178748,0.06983200237126662,1.0122076195307204,0.01213355859726572,1.0,True,,False,False,gcd_k_not_2,0.0,False,1.0,True,EXACT-UNCLASSIFIED
4715,False,1,1,0.05264014707058603,0.0850489820911998,1.034093101649055,0.03352167275078569,1.0,True,,False,False,gcd_k_not_2,0.0,False,1.0,True,EXACT-UNCLASSIFIED
4716,False,5,1,0.03158925165967891,0.06103787923611037,0.9876547996758072,0.012421875595507177,1.0,True,,False,False,gcd_k_not_2,0.0,False,1.0,True,EXACT-UNCLASSIFIED
4718,False,1,1,0.02600316209617513,0.04917185619481934,1.0001132696065396,0.00011326319190103328,1.0,True,,False,False,gcd_k_not_2,0.0,False,1.0,True,EXACT-UNCLASSIFIED
4719,False,21,1,0.06357644941000747,0.10496444757143403,1.0083525554792365,0.008317817961242896,1.0,True,,False,False,gcd_k_not_2,0.0,False,1.0,True,EXACT-UNCLASSIFIED
4722,False,16,2,3.747545022246224,5.613267133236982,0.31355948614246365,1.0451609098776475,0.49173553719008267,False,1.0,True,True,,0.0,False,0.5,False,EXACT-UNCLASSIFIED
4724,False,1,1,0.06941387470764078,0.11364109942986837,1.0052959632886664,0.005281976711289161,1.0,True,,False,False,gcd_k_not_2,0.0,False,1.0,True,EXACT-UNCLASSIFIED
4725,False,18,2,3.7755777126841896,5.655133742162197,0.3190043346275709,1.0325904888928399,0.47107438016528924,False,1.0,True,True,,0.0,False,0.5,False,EXACT-UNCLASSIFIED
4726,False,17,1,0.06652291386501008,0.10785889336430954,0.9827929559498974,0.017356369961339945,1.0,True,,False,False,gcd_k_not_2,0.0,False,1.0,True,EXACT-UNCLASSIFIED
4727,False,9,1,0.04623659875613348,0.0742996991186385,0.9891818204466378,0.010877014300214287,1.0,True,,False,False,gcd_k_not_2,0.0,False,1.0,True,EXACT-UNCLASSIFIED
4728,False,9,1,0.05943396891052339,0.0948034156332799,1.0130210148046304,0.012936789739270592,1.0,True,,False,False,gcd_k_not_2,0.0,False,1.0,True,EXACT-UNCLASSIFIED
4729,False,7,1,0.035302088612117026,0.06287984074440864,0.9847378679812107,0.01537949395233064,1.0,True,,False,False,gcd_k_not_2,0.0,False,1.0,True,EXACT-UNCLASSIFIED
4731,False,15,1,0.05817727942662987,0.09170209608622128,0.9901775580341755,0.009870920236410218,1.0,True,,False,False,gcd_k_not_2,0.0,False,1.0,True,EXACT-UNCLASSIFIED
4734,False,3,1,0.03745443104301564,0.0712091772178621,0.9956323652183632,0.0043771937735223665,1.0,True,,False,False,gcd_k_not_2,0.0,False,1.0,True,EXACT-UNCLASSIFIED
4736,False,13,1,0.04753464730036874,0.07923183903424896,0.9798507448177309,0.02035431734943637,1.0,True,,False,False,gcd_k_not_2,0.0,False,1.0,True,EXACT-UNCLASSIFIED
4737,False,9,1,0.07356179726367067,0.11741112019642676,0.9930742746534906,0.006949791520151366,1.0,True,,False,False,gcd_k_not_2,0.0,False,1.0,True,EXACT-UNCLASSIFIED
4738,False,21,1,0.036778927158497815,0.06738079979591484,1.0017432497374152,0.0017417316008373992,1.0,True,,False,False,gcd_k_not_2,0.0,False,1.0,True,EXACT-UNCLASSIFIED
4739,False,7,1,0.055200279824848326,0.0854692285517344,1.0520486264341322,0.05072845327703335,1.0,True,,False,False,gcd_k_not_2,0.5206611570247934,False,1.0,True,EXACT-UNCLASSIFIED
4741,False,16,2,3.7691750330922127,5.645572149730838,0.31991511080931684,1.0304979216029788,0.5020661157024794,False,1.0,True,True,,0.0,False,0.5,False,EXACT-UNCLASSIFIED
4743,False,21,1,0.044574431268313876,0.07037218461209391,0.9872745274957988,0.012806959811674097,1.0,True,,False,False,gcd_k_not_2,0.5041322314049587,False,1.0,True,EXACT-UNCLASSIFIED
4745,False,17,1,0.03765462262715846,0.06256365436085444,0.9863889133514707,0.013704352211233868,1.0,True,,False,False,gcd_k_not_2,0.36363636363636365,False,1.0,True,EXACT-UNCLASSIFIED
4747,False,9,1,0.07208340215707339,0.11441535641923986,1.0031815389437537,0.003176485886976892,1.0,True,,False,False,gcd_k_not_2,0.09090909090909091,False,1.0,True,EXACT-UNCLASSIFIED
4748,False,5,1,0.049390110983371635,0.08657103234377421,0.9694712532284637,0.031001972454781413,1.0,True,,False,False,gcd_k_not_2,0.0,False,1.0,True,EXACT-UNCLASSIFIED
4752,False,17,1,0.06700037793594701,0.11060389037609922,0.9817238032008054,0.018444746709582353,1.0,True,,False,False,gcd_k_not_2,0.0,False,1.0,True,EXACT-UNCLASSIFIED
4753,False,19,1,0.0443483800874496,0.07416839768983992,0.9706431780699836,0.029794152748411823,1.0,True,,False,False,gcd_k_not_2,0.0,False,1.0,True,EXACT-UNCLASSIFIED
4754,False,3,1,0.03369219551125142,0.0637974241571725,1.0392353197198956,0.038480423853471474,1.0,True,,False,False,gcd_k_not_2,0.0,False,1.0,True,EXACT-UNCLASSIFIED
4756,False,7,1,0.03698277766722358,0.060175863551681405,1.0002377155122077,0.00023768726123332633,1.0,True,,False,False,gcd_k_not_2,0.0,False,1.0,True,EXACT-UNCLASSIFIED
4757,False,15,1,0.0764499545251534,0.12006233185642971,0.9971299502322772,0.002874174279334173,1.0,True,,False,False,gcd_k_not_2,0.53099173553719,False,1.0,True,EXACT-UNCLASSIFIED
4758,False,10,2,3.7667270737414733,5.641915740006542,0.32065501570124055,1.028800066969861,0.49586776859504134,False,1.0,True,True,,0.0,False,0.5,False,EXACT-UNCLASSIFIED
4759,False,3,1,0.047364777236128,0.08176838354818391,0.9971411372926682,0.002862955105123258,1.0,True,,False,False,gcd_k_not_2,0.09090909090909091,False,1.0,True,EXACT-UNCLASSIFIED
4760,False,9,1,0.06395346961559237,0.10227912291424716,1.0067627634484737,0.006739973026858835,1.0,True,,False,False,gcd_k_not_2,0.0,False,1.0,True,EXACT-UNCLASSIFIED
4761,False,17,1,0.06688177692890555,0.11079149222235445,0.998859755334356,0.001140895115428703,1.0,True,,False,False,gcd_k_not_2,0.0,False,1.0,True,EXACT-UNCLASSIFIED
4763,False,5,1,0.04297550418444853,0.06965757930791419,1.0470437272259527,0.04596260118947625,1.0,True,,False,False,gcd_k_not_2,0.36363636363636365,False,1.0,True,EXACT-UNCLASSIFIED
4766,False,5,1,0.061116821856422233,0.09629669589552971,0.982310250682343,0.01784760918384786,1.0,True,,False,False,gcd_k_not_2,0.0,False,1.0,True,EXACT-UNCLASSIFIED
4770,False,3,1,0.06276023871427845,0.09722274396182581,0.9854058008268899,0.014701477317162951,1.0,True,,False,False,gcd_k_not_2,0.0,False,1.0,True,EXACT-UNCLASSIFIED
4771,False,7,1,0.0766591139499779,0.1270595935320333,1.0102272525918006,0.010175220317617783,1.0,True,,False,False,gcd_k_not_2,0.0,False,1.0,True,EXACT-UNCLASSIFIED
4775,False,21,1,0.06455786926680149,0.10850383118978149,0.9972377572486144,0.002766063020149263,1.0,True,,False,False,gcd_k_not_2,0.0,False,1.0,True,EXACT-UNCLASSIFIED
4777,False,7,1,0.07105180248828785,0.10598877810901164,0.9962051970179382,0.00380201693466256,1.0,True,,False,False,gcd_k_not_2,0.0,False,1.0,True,EXACT-UNCLASSIFIED
4778,False,15,1,0.063350395931804,0.09343958167365315,0.9988785232627826,0.0011221059450744555,1.0,True,,False,False,gcd_k_not_2,0.0,False,1.0,True,EXACT-UNCLASSIFIED
4781,False,17,1,0.06004563986064506,0.0919806392888817,0.9751258664373653,0.025187390824364442,1.0,True,,False,False,gcd_k_not_2,0.0,False,1.0,True,EXACT-UNCLASSIFIED
4783,False,3,1,0.05792911953213123,0.08890391057249147,0.9997912775763661,0.000208744208432421,1.0,True,,False,False,gcd_k_not_2,0.0,False,1.0,True,EXACT-UNCLASSIFIED
4784,False,21,1,0.04716812855700142,0.07507340838638277,1.0079950503153718,0.007963217154460703,1.0,True,,False,False,gcd_k_not_2,0.0,False,1.0,True,EXACT-UNCLASSIFIED
4785,False,21,1,0.06908357634023128,0.11223490491058614,0.993594055405696,0.006426528587336047,1.0,True,,False,False,gcd_k_not_2,0.0,False,1.0,True,EXACT-UNCLASSIFIED
4786,False,19,1,0.04534532290870399,0.07772459042692785,1.0058215340563825,0.005804638107169567,1.0,True,,False,False,gcd_k_not_2,0.0,False,1.0,True,EXACT-UNCLASSIFIED
4787,False,15,1,0.045889262783219156,0.06470153524495285,1.0344515417621702,0.03386813699414,1.0,True,,False,False,gcd_k_not_2,0.5743801652892562,False,1.0,True,EXACT-UNCLASSIFIED
4790,False,7,1,0.06150321412942377,0.10193350844645417,1.017643673476755,0.017489384977826063,1.0,True,,False,False,gcd_k_not_2,0.0,False,1.0,True,EXACT-UNCLASSIFIED
4793,False,15,1,0.03584194986861148,0.0527725239233078,1.010745188005132,0.010687766972395136,1.0,True,,False,False,gcd_k_not_2,0.0,False,1.0,True,EXACT-UNCLASSIFIED
4794,False,5,1,0.06145301359817733,0.10367513023261002,1.0154585107697682,0.01533994442174261,1.0,True,,False,False,gcd_k_not_2,0.0,False,1.0,True,EXACT-UNCLASSIFIED
4795,False,19,1,0.046019366790284136,0.07726776496496426,0.9921947309217909,0.007835849535248633,1.0,True,,False,False,gcd_k_not_2,0.34710743801652894,False,1.0,True,EXACT-UNCLASSIFIED
4797,False,7,1,0.046279672151485006,0.06459542932955568,0.9883338416596573,0.01173460723336581,1.0,True,,False,False,gcd_k_not_2,0.0,False,1.0,True,EXACT-UNCLASSIFIED
4798,False,2,2,3.777502360634878,5.658008497640495,0.31572206130319563,1.040155757545087,0.49586776859504134,False,1.0,True,True,,0.0,False,0.5,False,EXACT-UNCLASSIFIED
4800,False,13,1,0.033815259853217455,0.0533152280401527,0.9976900292197524,0.0023126418477944725,1.0,True,,False,False,gcd_k_not_2,0.0,False,1.0,True,EXACT-UNCLASSIFIED
4802,False,15,1,0.0514708237412076,0.085590742026042,0.9809623372473755,0.019220620599055056,1.0,True,,False,False,gcd_k_not_2,0.0,False,1.0,True,EXACT-UNCLASSIFIED
4804,False,19,1,0.03954394189660907,0.05870069424638176,0.9933673150369703,0.006654754407776271,1.0,True,,False,False,gcd_k_not_2,0.0,False,1.0,True,EXACT-UNCLASSIFIED
4806,False,13,1,0.054101317156263,0.08868699464964061,0.9813135026270355,0.018862736612038376,1.0,True,,False,False,gcd_k_not_2,0.0,False,1.0,True,EXACT-UNCLASSIFIED
4808,False,1,1,0.05906261485085467,0.0929794550761328,0.9942310570528141,0.005785631436019767,1.0,True,,False,False,gcd_k_not_2,0.0,False,1.0,True,EXACT-UNCLASSIFIED
4809,False,7,1,0.03447402510596599,0.0622607982052362,0.9832294355113596,0.016912379564713673,1.0,True,,False,False,gcd_k_not_2,0.0,False,1.0,True,EXACT-UNCLASSIFIED
4811,False,7,1,0.04046853646972634,0.06619171516575974,0.9991090100072935,0.0008913871011999345,1.0,True,,False,False,gcd_k_not_2,0.0,False,1.0,True,EXACT-UNCLASSIFIED
4812,False,5,1,0.046437415814397226,0.07534514425083995,1.0074224656483413,0.0073950210036569635,1.0,True,,False,False,gcd_k_not_2,0.0,False,1.0,True,EXACT-UNCLASSIFIED
4815,False,3,1,0.03602563901821025,0.06398404936852414,1.0045535281962494,0.004543184437031931,1.0,True,,False,False,gcd_k_not_2,0.0,False,1.0,True,EXACT-UNCLASSIFIED
4816,False,13,1,0.040688685914152596,0.07092105158167324,0.990593327109877,0.009451124709415573,1.0,True,,False,False,gcd_k_not_2,0.0,False,1.0,True,EXACT-UNCLASSIFIED
4818,False,7,1,0.043428031812993796,0.0770163370173683,0.9888341168812669,0.01122857157764625,1.0,True,,False,False,gcd_k_not_2,0.0,False,1.0,True,EXACT-UNCLASSIFIED
4820,False,7,1,0.037907075806706575,0.06481602977504958,0.9668840981639581,0.03367346542376822,1.0,True,,False,False,gcd_k_not_2,0.0,False,1.0,True,EXACT-UNCLASSIFIED
4826,False,17,1,0.0530852758087154,0.08691741079779132,0.9976471140076562,0.0023556572888626557,1.0,True,,False,False,gcd_k_not_2,0.0,False,1.0,True,EXACT-UNCLASSIFIED
4828,False,15,1,0.05585545527012306,0.08799892576630383,1.0133211142769007,0.01323297528887739,1.0,True,,False,False,gcd_k_not_2,0.0,False,1.0,True,EXACT-UNCLASSIFIED
4829,False,5,1,0.03445328594046504,0.06070061547140148,1.061621340144074,0.059779493881032035,1.0,True,,False,False,gcd_k_not_2,0.0,False,1.0,True,EXACT-UNCLASSIFIED
4831,False,17,1,0.05881288014504448,0.09684029558863505,0.9929579002596873,0.007066982939674819,1.0,True,,False,False,gcd_k_not_2,0.0,False,1.0,True,EXACT-UNCLASSIFIED
4832,False,5,1,0.03143809016974972,0.0525836689964695,0.9736078635875882,0.02674506612923266,1.0,True,,False,False,gcd_k_not_2,0.0,False,1.0,True,EXACT-UNCLASSIFIED
4833,False,15,1,0.0482188041580404,0.07703653981767729,1.0047443043383888,0.004733076760085466,1.0,True,,False,False,gcd_k_not_2,0.0,False,1.0,True,EXACT-UNCLASSIFIED
4834,False,19,1,0.07191074475846271,0.12020673963055704,1.0089824497701758,0.008942287944031934,1.0,True,,False,False,gcd_k_not_2,0.30578512396694213,False,1.0,True,EXACT-UNCLASSIFIED
4835,False,17,1,0.07356171087202167,0.11432993341725166,0.9941218109959872,0.005895516484097709,1.0,True,,False,False,gcd_k_not_2,0.0,False,1.0,True,EXACT-UNCLASSIFIED
4838,False,7,1,0.05556097318485949,0.0918490818605442,1.0187778890130552,0.01860322437178609,1.0,True,,False,False,gcd_k_not_2,0.0,False,1.0,True,EXACT-UNCLASSIFIED
4840,False,7,1,0.081014115902957,0.13199382079379346,0.9992008224763465,0.0007994969936672844,1.0,True,,False,False,gcd_k_not_2,0.0,False,1.0,True,EXACT-UNCLASSIFIED
4841,False,5,1,0.06672931570309772,0.10605739775444475,0.9758713899528614,0.024423259701851618,1.0,True,,False,False,gcd_k_not_2,0.0,False,1.0,True,EXACT-UNCLASSIFIED
4843,False,12,2,3.767351905134405,5.642848981449515,0.31789618015461807,1.03514044598772,0.493801652892562,False,1.0,True,True,,0.0,False,0.5,False,EXACT-UNCLASSIFIED
4844,False,5,1,0.05445600349839361,0.08784998401679112,1.0231926700035079,0.022926803114077857,1.0,True,,False,False,gcd_k_not_2,0.5206611570247934,False,1.0,True,EXACT-UNCLASSIFIED
4845,False,21,1,0.031324737883238606,0.05376016301219916,0.969528945762055,0.030942479219217684,1.0,True,,False,False,gcd_k_not_2,0.045454545454545456,False,1.0,True,EXACT-UNCLASSIFIED
4846,False,14,2,3.7782010341045913,5.6590519307046065,0.31654751931728353,1.0382496197890854,0.518595041322314,False,1.0,True,True,,0.0,False,0.5,False,EXACT-UNCLASSIFIED
4847,False,13,1,0.05349063956134028,0.08305271164297681,0.9781851769554099,0.022055390262467747,1.0,True,,False,False,gcd_k_not_2,0.0,False,1.0,True,EXACT-UNCLASSIFIED
4850,False,3,1,0.05010304799767423,0.08316612612753027,1.0017365810126515,0.0017350744639667785,1.0,True,,False,False,gcd_k_not_2,0.0,False,1.0,True,EXACT-UNCLASSIFIED
4851,False,3,1,0.05429586626653737,0.0875472137046726,0.9944424111929491,0.005573075237330799,1.0,True,,False,False,gcd_k_not_2,0.0,False,1.0,True,EXACT-UNCLASSIFIED
4852,False,17,1,0.055586060681493785,0.08508388502385635,0.9963021686246823,0.0037046810181699634,1.0,True,,False,False,gcd_k_not_2,0.0,False,1.0,True,EXACT-UNCLASSIFIED
4853,False,17,1,0.03918348835652105,0.06631746447722509,0.9669221337097614,0.03363413906767248,1.0,True,,False,False,gcd_k_not_2,0.0,False,1.0,True,EXACT-UNCLASSIFIED
4856,False,21,1,0.05866542564679843,0.08626375012327683,0.9996601442897606,0.00033991347100646756,1.0,True,,False,False,gcd_k_not_2,0.0,False,1.0,True,EXACT-UNCLASSIFIED
4857,False,1,1,0.07826946975900106,0.12696684692842922,0.9900993217474926,0.009949933799096727,1.0,True,,False,False,gcd_k_not_2,0.0,False,1.0,True,EXACT-UNCLASSIFIED
4858,False,21,1,0.07117754736525672,0.11388432386675408,0.9987562304146027,0.0012445435481037465,1.0,True,,False,False,gcd_k_not_2,0.0,False,1.0,True,EXACT-UNCLASSIFIED
4861,False,7,1,0.04144327895053258,0.07690305328332953,1.0270777546340706,0.02671604931993213,1.0,True,,False,False,gcd_k_not_2,0.0,False,1.0,True,EXACT-UNCLASSIFIED
4863,False,3,1,0.07277404097152254,0.11123605024936763,0.9923872008049397,0.007641887271695602,1.0,True,,False,False,gcd_k_not_2,0.0,False,1.0,True,EXACT-UNCLASSIFIED
4865,False,9,1,0.05514190424646324,0.08869546902989422,1.0111271878956978,0.011065623261093088,1.0,True,,False,False,gcd_k_not_2,0.0,False,1.0,True,EXACT-UNCLASSIFIED
4866,False,15,1,0.05855279103175273,0.09761281094494405,0.9938674982551601,0.006151363368133992,1.0,True,,False,False,gcd_k_not_2,0.0,False,1.0,True,EXACT-UNCLASSIFIED
4870,False,3,1,0.052550961897191294,0.08200724717020036,0.982289410831455,0.017868822858834135,1.0,True,,False,False,gcd_k_not_2,0.0,False,1.0,True,EXACT-UNCLASSIFIED
4871,False,7,1,0.06314460864883588,0.11133562002024254,1.0101364662418169,0.010085351330169268,1.0,True,,False,False,gcd_k_not_2,0.0,False,1.0,True,EXACT-UNCLASSIFIED
4874,False,6,2,3.773021262898449,5.651315862299299,0.3155271355093581,1.0406062269869045,0.4772727272727273,False,1.0,True,True,,0.0,False,0.5,False,EXACT-UNCLASSIFIED
4876,False,3,1,0.05293589103150731,0.0814299769259064,0.9893180432804638,0.010739315169455012,1.0,True,,False,False,gcd_k_not_2,0.0,False,1.0,True,EXACT-UNCLASSIFIED
4877,False,1,1,0.07185280094554085,0.11082578118548188,1.0063240224212584,0.006304088821731377,1.0,True,,False,False,gcd_k_not_2,0.0,False,1.0,True,EXACT-UNCLASSIFIED
4878,False,5,1,0.03423257922005604,0.06310829697514407,0.9678247467659649,0.03270134018480435,1.0,True,,False,False,gcd_k_not_2,0.0,False,1.0,True,EXACT-UNCLASSIFIED
4879,False,7,1,0.0322955100605025,0.053201402007942045,0.9732115957059337,0.027152084806680354,1.0,True,,False,False,gcd_k_not_2,0.0,False,1.0,True,EXACT-UNCLASSIFIED
4880,False,13,1,0.0404243689466676,0.06943829668767117,1.0013635678058361,0.0013626387806499757,1.0,True,,False,False,gcd_k_not_2,0.0,False,1.0,True,EXACT-UNCLASSIFIED
4881,False,15,1,0.04067616441045223,0.06145038695341122,1.0014723583265075,0.0014712752043586342,1.0,True,,False,False,gcd_k_not_2,0.0,False,1.0,True,EXACT-UNCLASSIFIED
4882,False,9,1,0.04122591861416678,0.0723455973721319,1.009849070109542,0.009800805698315651,1.0,True,,False,False,gcd_k_not_2,0.0,False,1.0,True,EXACT-UNCLASSIFIED
4883,False,9,1,0.05501448275858459,0.09105179216632357,0.9860106506360264,0.014087889568460675,1.0,True,,False,False,gcd_k_not_2,0.0,False,1.0,True,EXACT-UNCLASSIFIED
4884,False,19,1,0.07853621371756925,0.11877086027481822,0.9935931294724346,0.006427460481127179,1.0,True,,False,False,gcd_k_not_2,0.0,False,1.0,True,EXACT-UNCLASSIFIED
4885,False,3,1,0.05205621768615621,0.08230339510833654,0.9682102871767697,0.032303167024728796,1.0,True,,False,False,gcd_k_not_2,0.0,False,1.0,True,EXACT-UNCLASSIFIED
4886,False,21,1,0.05417091413642003,0.08432943774997403,0.9986571553889483,0.0013437468326481677,1.0,True,,False,False,gcd_k_not_2,0.0,False,1.0,True,EXACT-UNCLASSIFIED
4890,False,15,1,0.060253513474251015,0.10366153350430792,1.0016817442625423,0.0016803313187650608,1.0,True,,False,False,gcd_k_not_2,0.0,False,1.0,True,EXACT-UNCLASSIFIED
4891,False,13,1,0.02696587524482722,0.046727447134171096,0.9884676369953399,0.011599246364487977,1.0,True,,False,False,gcd_k_not_2,0.0,False,1.0,True,EXACT-UNCLASSIFIED
4896,False,7,1,0.05831470296199215,0.09219739282411804,1.001156816831156,0.0011561481053621355,1.0,True,,False,False,gcd_k_not_2,0.0,False,1.0,True,EXACT-UNCLASSIFIED
4899,False,15,1,0.06078708441036011,0.10224391894112365,0.9953579721045498,0.00465282717221324,1.0,True,,False,False,gcd_k_not_2,0.0,False,1.0,True,EXACT-UNCLASSIFIED
4901,False,3,1,0.07467061980705801,0.12490184648988868,1.0251403306682147,0.02482823564125014,1.0,True,,False,False,gcd_k_not_2,0.0,False,1.0,True,EXACT-UNCLASSIFIED
4902,False,9,1,0.04347590595488168,0.0702438449071434,1.0128842587304914,0.012801787956369892,1.0,True,,False,False,gcd_k_not_2,0.0,False,1.0,True,EXACT-UNCLASSIFIED
4904,False,5,1,0.05275612997694363,0.08257961363857846,0.9973399824985383,0.002663560059649138,1.0,True,,False,False,gcd_k_not_2,0.0,False,1.0,True,EXACT-UNCLASSIFIED
4906,False,10,2,3.7822486119611316,5.665096488597109,0.31926159467731224,1.0319991244635518,0.5103305785123967,False,1.0,True,True,,0.0,False,0.5,False,EXACT-UNCLASSIFIED
4907,False,7,1,0.048429468000676816,0.0744904582347129,1.0030671297914524,0.003062433351169479,1.0,True,,False,False,gcd_k_not_2,0.29338842975206614,False,1.0,True,EXACT-UNCLASSIFIED
4908,False,15,1,0.059200377531423626,0.09602337839561126,0.9737974360245593,0.02655040836228418,1.0,True,,False,False,gcd_k_not_2,0.0,False,1.0,True,EXACT-UNCLASSIFIED
4909,False,8,2,3.7674777988750163,5.643037450446721,0.3183917821990838,1.033999493934937,0.5082644628099173,False,1.0,True,True,,0.22727272727272727,False,0.5,False,EXACT-UNCLASSIFIED
4910,False,17,1,0.058718778282386946,0.09387172933107363,1.007212378884659,0.007186463137165995,1.0,True,,False,False,gcd_k_not_2,0.0,False,1.0,True,EXACT-UNCLASSIFIED
4913,False,13,1,0.049867119192457246,0.08317473123372159,0.9823820916869861,0.0177744829181959,1.0,True,,False,False,gcd_k_not_2,0.0,False,1.0,True,EXACT-UNCLASSIFIED
4915,False,19,1,0.04625486935004697,0.07089077773039397,0.994307398155452,0.005708850952278621,1.0,True,,False,False,gcd_k_not_2,0.0,False,1.0,True,EXACT-UNCLASSIFIED
4916,False,15,1,0.03136764546900674,0.0580055579304487,0.981381956068243,0.018792988272389188,1.0,True,,False,False,gcd_k_not_2,0.0,False,1.0,True,EXACT-UNCLASSIFIED
4917,False,17,1,0.05486441368349426,0.09432911122862615,0.9804629042635984,0.019729827500774254,1.0,True,,False,False,gcd_k_not_2,0.0,False,1.0,True,EXACT-UNCLASSIFIED
4918,False,17,1,0.04821760038968992,0.0768777081510849,0.9918995628776742,0.008133379085261868,1.0,True,,False,False,gcd_k_not_2,0.0,False,1.0,True,EXACT-UNCLASSIFIED
4919,False,17,1,0.031058085823992478,0.04911252755849807,0.9984620579603943,0.0015391255825744894,1.0,True,,False,False,gcd_k_not_2,0.0,False,1.0,True,EXACT-UNCLASSIFIED
4920,False,6,2,3.7510125392663447,5.61844635869807,0.3210031743573648,1.0280018077518251,0.45454545454545453,False,1.0,True,True,,0.0,False,0.5,False,EXACT-UNCLASSIFIED
4925,False,3,1,0.046095823634160045,0.07430737554756223,0.9918706006965167,0.00816257773034114,1.0,True,,False,False,gcd_k_not_2,0.0,False,1.0,True,EXACT-UNCLASSIFIED
4927,False,13,1,0.0613459980920625,0.10019770656290805,0.9923879477816036,0.007641134576097004,1.0,True,,False,False,gcd_k_not_2,0.09090909090909091,False,1.0,True,EXACT-UNCLASSIFIED
4932,False,3,1,0.05536536990970569,0.08543329776314887,1.0228153706801926,0.02255803570695685,1.0,True,,False,False,gcd_k_not_2,0.0,False,1.0,True,EXACT-UNCLASSIFIED
4935,False,17,1,0.04721547398761867,0.07329201871325242,1.0192895896565919,0.019105322738649316,1.0,True,,False,False,gcd_k_not_2,0.0,False,1.0,True,EXACT-UNCLASSIFIED
4936,False,7,1,0.03832444984126254,0.0553151654458355,0.9918699269066279,0.008163257031545332,1.0,True,,False,False,gcd_k_not_2,0.0,False,1.0,True,EXACT-UNCLASSIFIED
4938,False,13,1,0.04404230803958931,0.07221143490436746,0.9915701499751534,0.008465531605755226,1.0,True,,False,False,gcd_k_not_2,0.0,False,1.0,True,EXACT-UNCLASSIFIED
4940,False,17,1,0.05392615703424531,0.08997904262101064,0.9854659444433037,0.014640448099724502,1.0,True,,False,False,gcd_k_not_2,0.045454545454545456,False,1.0,True,EXACT-UNCLASSIFIED
4941,False,8,2,3.7831184647574174,5.666395443243889,0.3169351188732334,1.0373554039794997,0.5247933884297521,False,1.0,True,True,,0.25,False,0.5,False,EXACT-UNCLASSIFIED
4942,False,3,1,0.0573483762188949,0.09363193965890391,0.9789661858079801,0.021257376040947476,1.0,True,,False,False,gcd_k_not_2,0.0,False,1.0,True,EXACT-UNCLASSIFIED
4945,False,15,1,0.04662376655693461,0.06952417075752367,1.0213160518847377,0.021091260681239715,1.0,True,,False,False,gcd_k_not_2,0.5454545454545454,False,1.0,True,EXACT-UNCLASSIFIED
4948,False,16,2,3.7773390998606926,5.657764401366873,0.31772182340767485,1.0355420460866769,0.5082644628099173,False,1.0,True,True,,0.0,False,0.5,False,EXACT-UNCLASSIFIED
4949,False,5,1,0.06206920710311932,0.10324108744937704,1.00430045575418,0.004291228634742608,1.0,True,,False,False,gcd_k_not_2,0.0,False,1.0,True,EXACT-UNCLASSIFIED
4950,False,9,1,0.02643969542451936,0.04356967972828534,0.9979755852610604,0.002026465942700745,1.0,True,,False,False,gcd_k_not_2,0.0,False,1.0,True,EXACT-UNCLASSIFIED
4954,False,13,1,0.03329194228503328,0.04785505548791714,1.005232606590399,0.0052189522284859695,1.0,True,,False,False,gcd_k_not_2,0.7272727272727273,False,1.0,True,EXACT-UNCLASSIFIED
4957,False,5,1,0.0658748938416161,0.1040792835719853,1.015108167763945,0.014994895068794088,1.0,True,,False,False,gcd_k_not_2,0.0,False,1.0,True,EXACT-UNCLASSIFIED
4958,False,9,1,0.04095296132092068,0.06725374650255729,1.0399428919397982,0.039160794253231435,1.0,True,,False,False,gcd_k_not_2,0.3181818181818182,False,1.0,True,EXACT-UNCLASSIFIED
4959,False,6,2,3.7980187965826677,5.6886472882275205,0.3124727137651998,1.0476824074497266,0.48760330578512395,False,1.0,True,True,,0.0,False,0.5,False,EXACT-UNCLASSIFIED
4962,False,21,1,0.04590467807920495,0.06811267393956025,0.9902508910854803,0.009796864262879531,1.0,True,,False,False,gcd_k_not_2,0.0,False,1.0,True,EXACT-UNCLASSIFIED
4966,False,3,1,0.08045680443286833,0.12962276841836837,0.998564727237657,0.0014363035059932812,1.0,True,,False,False,gcd_k_not_2,0.0,False,1.0,True,EXACT-UNCLASSIFIED
4967,False,3,1,0.043117621750305264,0.05985303423683556,0.9959152355028317,0.004093124221419366,1.0,True,,False,False,gcd_k_not_2,0.5,False,1.0,True,EXACT-UNCLASSIFIED
4968,False,1,1,0.04093722788737374,0.06573565499130316,0.9849949686839702,0.015118457782266333,1.0,True,,False,False,gcd_k_not_2,0.09090909090909091,False,1.0,True,EXACT-UNCLASSIFIED
4970,False,17,1,0.0755717442203219,0.12013500724197541,0.9927045259969431,0.007322183402385751,1.0,True,,False,False,gcd_k_not_2,0.0,False,1.0,True,EXACT-UNCLASSIFIED
4971,False,7,1,0.07563071245517751,0.11385154508024971,1.0051790017499547,0.005165625358568832,1.0,True,,False,False,gcd_k_not_2,0.01652892561983471,False,1.0,True,EXACT-UNCLASSIFIED
4973,False,9,1,0.06514067993331797,0.10269558095868452,1.0000475008082605,4.7499680123939664e-05,1.0,True,,False,False,gcd_k_not_2,0.0,False,1.0,True,EXACT-UNCLASSIFIED
4974,False,7,1,0.04565068902823234,0.0793493419318686,0.9764886165102974,0.023791063903231026,1.0,True,,False,False,gcd_k_not_2,0.0,False,1.0,True,EXACT-UNCLASSIFIED
4975,False,8,2,3.7813714469716975,5.663786588042687,0.3181854143960381,1.0344744800811705,0.506198347107438,False,1.0,True,True,,0.0,False,0.5,False,EXACT-UNCLASSIFIED
4977,False,15,1,0.030369252664139177,0.049050154569583046,1.0116845257905054,0.011616658219224477,1.0,True,,False,False,gcd_k_not_2,0.0,False,1.0,True,EXACT-UNCLASSIFIED
4980,False,17,1,0.07692371389742036,0.11958936235642538,1.0006162683342044,0.0006160784993690819,1.0,True,,False,False,gcd_k_not_2,0.0,False,1.0,True,EXACT-UNCLASSIFIED
4981,False,13,1,0.05419965272343911,0.08345082805805137,0.9773918588307199,0.022866627136463397,1.0,True,,False,False,gcd_k_not_2,0.0,False,1.0,True,EXACT-UNCLASSIFIED
4982,False,15,1,0.047369666150736234,0.08362857152913412,1.0035438898965183,0.0035376214261035334,1.0,True,,False,False,gcd_k_not_2,0.0,False,1.0,True,EXACT-UNCLASSIFIED
4984,False,19,1,0.09293445558036133,0.14630024759247398,0.982422465511049,0.017733389118368064,1.0,True,,False,False,gcd_k_not_2,0.0,False,1.0,True,EXACT-UNCLASSIFIED
4985,False,13,1,0.04483212634845697,0.07478287347827173,1.0072523008714276,0.007226097953186069,1.0,True,,False,False,gcd_k_not_2,0.0,False,1.0,True,EXACT-UNCLASSIFIED
4986,False,1,1,0.06580122961204062,0.1088164749754134,1.0221023622047043,0.021860774823096556,1.0,True,,False,False,gcd_k_not_2,0.0,False,1.0,True,EXACT-UNCLASSIFIED
4991,False,9,1,0.03813195436917858,0.057050099661746075,1.0062142698306633,0.00619502106441276,1.0,True,,False,False,gcd_k_not_2,0.0,False,1.0,True,EXACT-UNCLASSIFIED
4992,False,5,1,0.042189349095378706,0.07216218416764876,1.0143767303208873,0.014274122714470759,1.0,True,,False,False,gcd_k_not_2,0.0,False,1.0,True,EXACT-UNCLASSIFIED
4993,False,5,1,0.06445564584308949,0.10657281437231923,1.000381184438296,0.0003811118013519623,1.0,True,,False,False,gcd_k_not_2,0.0,False,1.0,True,EXACT-UNCLASSIFIED
4994,False,4,2,3.7725540122747896,5.650618181056483,0.31769707748547626,1.035599052578219,0.5268595041322314,False,1.0,True,True,,0.0,False,0.5,False,EXACT-UNCLASSIFIED
4995,False,3,1,0.06837653898118697,0.10593401115229369,0.9720151081957982,0.028382025764300805,1.0,True,,False,False,gcd_k_not_2,0.0,False,1.0,True,EXACT-UNCLASSIFIED
4996,False,19,1,0.040571530224067606,0.05788345144985981,0.9799350334472723,0.02026830801391757,1.0,True,,False,False,gcd_k_not_2,0.0,False,1.0,True,EXACT-UNCLASSIFIED
4997,False,2,2,3.792221982297703,5.6799907601850235,0.30856900691972255,1.0567742158403342,0.4669421487603306,False,1.0,True,True,,0.0,False,0.5,False,EXACT-UNCLASSIFIED
4998,False,13,1,0.054545594338011094,0.08662936260984555,1.0158253946424474,0.0157011561462687,1.0,True,,False,False,gcd_k_not_2,0.0,False,1.0,True,EXACT-UNCLASSIFIED
4999,False,21,1,0.06163325634356225,0.09109918350948873,1.0274350404600927,0.027063792341151225,1.0,True,,False,False,gcd_k_not_2,0.0,False,1.0,True,EXACT-UNCLASSIFIED
5000,False,10,2,3.7890555402586057,5.675262318435547,0.31447744821269885,1.0430343292985504,0.4772727272727273,False,1.0,True,True,,0.0,False,0.5,False,EXACT-UNCLASSIFIED
5002,False,13,1,0.07471980302167693,0.12097861779848722,0.9950583356333025,0.004953904633699742,1.0,True,,False,False,gcd_k_not_2,0.0,False,1.0,True,EXACT-UNCLASSIFIED
5004,False,20,2,3.7602162827087597,5.632192309350763,0.31728824074864553,1.0365411883785642,0.5206611570247934,False,1.0,True,True,,0.0,False,0.5,False,EXACT-UNCLASSIFIED
5005,False,17,1,0.045153516766907716,0.07524013182471859,0.9904248216239122,0.009621240925116386,1.0,True,,False,False,gcd_k_not_2,0.0,False,1.0,True,EXACT-UNCLASSIFIED
5007,False,20,2,3.7682578621560525,5.644202192031285,0.3166607761196857,1.0379882749969582,0.512396694214876,False,1.0,True,True,,0.0,False,0.5,False,EXACT-UNCLASSIFIED
5009,False,10,2,3.7907565741152838,5.677802098877815,0.3119181817914559,1.0489706260019231,0.493801652892562,False,1.0,True,True,,0.0,False,0.5,False,EXACT-UNCLASSIFIED
5010,False,19,1,0.05978948415536796,0.09354284588803748,0.9860983048216434,0.013999000094413738,1.0,True,,False,False,gcd_k_not_2,0.0,False,1.0,True,EXACT-UNCLASSIFIED
5011,False,9,1,0.06487054402427428,0.1015778450849884,1.0057995450977315,0.005782776361581867,1.0,True,,False,False,gcd_k_not_2,0.0,False,1.0,True,EXACT-UNCLASSIFIED
5013,False,13,1,0.0316227908390725,0.05930650944156329,0.9986665827366373,0.0013343068572617197,1.0,True,,False,False,gcd_k_not_2,0.0,False,1.0,True,EXACT-UNCLASSIFIED
5014,False,15,1,0.06297146661849927,0.10370156895125543,0.9918849967621354,0.008148064020820314,1.0,True,,False,False,gcd_k_not_2,0.0,False,1.0,True,EXACT-UNCLASSIFIED
5015,False,15,1,0.04017701228489574,0.06620931531976555,0.9976442113838659,0.0023585667584940543,1.0,True,,False,False,gcd_k_not_2,0.18181818181818182,False,1.0,True,EXACT-UNCLASSIFIED
5016,False,5,1,0.0336387629513901,0.05704780958259693,1.0073352359644914,0.007308431429956843,1.0,True,,False,False,gcd_k_not_2,0.045454545454545456,False,1.0,True,EXACT-UNCLASSIFIED
5017,False,19,1,0.06450849815899873,0.10138025441688786,0.9920865187876708,0.00794491718878266,1.0,True,,False,False,gcd_k_not_2,0.0,False,1.0,True,EXACT-UNCLASSIFIED
5018,False,1,1,0.057133624146683916,0.0860748557899155,1.0062119597987151,0.006192725318354133,1.0,True,,False,False,gcd_k_not_2,0.0,False,1.0,True,EXACT-UNCLASSIFIED
5019,False,7,1,0.04303255808311343,0.07223653378830724,1.0369060665568144,0.036237377032511266,1.0,True,,False,False,gcd_k_not_2,0.0,False,1.0,True,EXACT-UNCLASSIFIED
5021,False,10,2,3.779684025969048,5.661266185876871,0.31477585764454913,1.0423436639353048,0.493801652892562,False,1.0,True,True,,0.0,False,0.5,False,EXACT-UNCLASSIFIED
5022,False,6,2,3.784775159382115,5.668869495307553,0.3195140793539995,1.0314189614091105,0.5454545454545454,False,1.0,True,True,,0.0,False,0.5,False,EXACT-UNCLASSIFIED
5023,False,8,2,3.7516687110768148,5.619426359628454,0.31693975704602795,1.0373447066191028,0.49793388429752067,False,1.0,True,True,,0.0,False,0.5,False,EXACT-UNCLASSIFIED
5024,False,14,2,3.7710923056654404,5.648435258520295,0.32068926359693034,1.0287215246271477,0.5371900826446281,False,1.0,True,True,,0.0,False,0.5,False,EXACT-UNCLASSIFIED
5026,False,13,1,0.040328431200834715,0.06128655695727749,1.0236494095910287,0.02337303040629757,1.0,True,,False,False,gcd_k_not_2,0.13636363636363635,False,1.0,True,EXACT-UNCLASSIFIED
5028,False,15,1,0.045495278344255125,0.07469632612370147,1.0079259377870866,0.00789465152865317,1.0,True,,False,False,gcd_k_not_2,0.0,False,1.0,True,EXACT-UNCLASSIFIED
5029,False,12,2,3.775280263065202,5.6546898370373775,0.3083353739104919,1.0573200723331166,0.48140495867768596,False,1.0,True,True,,0.022727272727272728,False,0.5,False,EXACT-UNCLASSIFIED
5032,False,15,1,0.06054089454102205,0.09394634028008714,1.000947705695693,0.0009472568353439602,1.0,True,,False,False,gcd_k_not_2,0.0,False,1.0,True,EXACT-UNCLASSIFIED
5033,False,19,1,0.06913132891489654,0.10715989067713134,0.9882599244876296,0.011809397119338786,1.0,True,,False,False,gcd_k_not_2,0.0,False,1.0,True,EXACT-UNCLASSIFIED
5034,False,13,1,0.05382949169814246,0.09198801857597688,0.9882074649460881,0.011862479406022815,1.0,True,,False,False,gcd_k_not_2,0.0,False,1.0,True,EXACT-UNCLASSIFIED
5035,False,3,1,0.05903904355485418,0.09255605373827867,0.996699765739769,0.0033056890343333067,1.0,True,,False,False,gcd_k_not_2,0.0,False,1.0,True,EXACT-UNCLASSIFIED
5036,False,8,2,3.771692214519982,5.6493312471882975,0.3225104382119716,1.0245507970492713,0.49793388429752067,False,1.0,True,True,,0.0,False,0.5,False,EXACT-UNCLASSIFIED
5037,False,1,1,0.036606262580707795,0.05538589506131961,0.9677138882681403,0.03281585999301542,1.0,True,,False,False,gcd_k_not_2,0.0,False,1.0,True,EXACT-UNCLASSIFIED
5039,False,6,2,3.7536776082097227,5.6224266255090685,0.3081393298433463,1.0577782570599819,0.46487603305785125,False,1.0,True,True,,0.0,False,0.5,False,EXACT-UNCLASSIFIED
5040,False,6,2,3.7825301202136465,5.665516831844325,0.3164502241716421,1.0384741683013075,0.5041322314049587,False,1.0,True,True,,0.0,False,0.5,False,EXACT-UNCLASSIFIED
5043,False,15,1,0.0428288144803189,0.06911200526104196,1.022262371488956,0.022017292911962312,1.0,True,,False,False,gcd_k_not_2,0.0,False,1.0,True,EXACT-UNCLASSIFIED
5044,False,4,2,3.7838174132343636,5.667439586586877,0.31344046653237645,1.0454368522392405,0.4855371900826446,False,1.0,True,True,,0.0,False,0.5,False,EXACT-UNCLASSIFIED
5045,False,1,1,0.055398727617271375,0.08744616979162803,1.0165944374667633,0.016457882813173993,1.0,True,,False,False,gcd_k_not_2,0.0,False,1.0,True,EXACT-UNCLASSIFIED
5049,False,12,2,3.7656413540426734,5.640294351177253,0.32027376367615806,1.0296746856973336,0.5,False,1.0,True,True,,0.20454545454545456,False,0.5,False,EXACT-UNCLASSIFIED
5050,False,3,1,0.02858018077562484,0.0513792188526408,1.0382972743991095,0.03757771241724256,1.0,True,,False,False,gcd_k_not_2,0.0,False,1.0,True,EXACT-UNCLASSIFIED
5053,False,13,1,0.04304133197803143,0.07147507843498191,0.998486252738619,0.001514893844585236,1.0,True,,False,False,gcd_k_not_2,0.0,False,1.0,True,EXACT-UNCLASSIFIED
5055,False,17,1,0.0725255698093395,0.1178309186706167,1.0039416200635152,0.0039338671586552085,1.0,True,,False,False,gcd_k_not_2,0.0,False,1.0,True,EXACT-UNCLASSIFIED
5057,False,13,1,0.07046018019142333,0.11722818571778562,0.984527111107445,0.015593527350624704,1.0,True,,False,False,gcd_k_not_2,0.2727272727272727,False,1.0,True,EXACT-UNCLASSIFIED
5058,False,5,1,0.055342356223896584,0.08542302834660782,0.9983344881952978,0.001666899925453764,1.0,True,,False,False,gcd_k_not_2,0.0,False,1.0,True,EXACT-UNCLASSIFIED
5059,False,19,1,0.03508436178174032,0.052673476528950436,0.9911085926576972,0.00893111242158288,1.0,True,,False,False,gcd_k_not_2,0.0,False,1.0,True,EXACT-UNCLASSIFIED
5062,False,21,1,0.062024872640013155,0.09372265878000141,0.9877818535567967,0.012293246787962191,1.0,True,,False,False,gcd_k_not_2,0.0,False,1.0,True,EXACT-UNCLASSIFIED
5071,False,12,2,3.741276507894349,5.6039054160326245,0.31546060772183127,1.040760001872929,0.5475206611570248,False,1.0,True,True,,0.0,False,0.5,False,EXACT-UNCLASSIFIED
5078,False,5,1,0.06563370474657226,0.10233835073899014,0.9965978568292951,0.003407940321149729,1.0,True,,False,False,gcd_k_not_2,0.0,False,1.0,True,EXACT-UNCLASSIFIED
5079,False,3,1,0.07536068371386007,0.11871268048785814,1.0104319275334879,0.010377797318694901,1.0,True,,False,False,gcd_k_not_2,0.0,False,1.0,True,EXACT-UNCLASSIFIED
5080,False,3,1,0.06444064644229992,0.10113305537613113,1.0051511865307745,0.005137953252978354,1.0,True,,False,False,gcd_k_not_2,0.0,False,1.0,True,EXACT-UNCLASSIFIED
5081,False,17,1,0.07092325181161215,0.11753608159572967,0.9697212569890752,0.030744190736113668,1.0,True,,False,False,gcd_k_not_2,0.0,False,1.0,True,EXACT-UNCLASSIFIED
5082,False,9,1,0.04309432657162234,0.07016495509083387,0.9993220328830824,0.0006781970145548757,1.0,True,,False,False,gcd_k_not_2,0.0,False,1.0,True,EXACT-UNCLASSIFIED
5090,False,12,2,3.7677199815761115,5.6433988363246375,0.319204818733541,1.0321296156574593,0.5103305785123967,False,1.0,True,True,,0.0,False,0.5,False,EXACT-UNCLASSIFIED
5091,False,13,1,0.052992077635512495,0.09407889563281827,1.0172728085372549,0.017124910883798184,1.0,True,,False,False,gcd_k_not_2,0.0,False,1.0,True,EXACT-UNCLASSIFIED
5098,False,1,1,0.035182751330477886,0.059639812178220036,0.9994463666347144,0.0005537866626724603,1.0,True,,False,False,gcd_k_not_2,0.0,False,1.0,True,EXACT-UNCLASSIFIED
5100,False,13,1,0.0869407981920399,0.1475102050066189,0.9992521103827348,0.0007481693913250496,1.0,True,,False,False,gcd_k_not_2,0.01652892561983471,False,1.0,True,EXACT-UNCLASSIFIED
5101,False,2,2,3.7827061027271616,5.665779479835378,0.3190006955520686,1.03259885570098,0.47520661157024796,False,1.0,True,True,,0.25,False,0.5,False,EXACT-UNCLASSIFIED
5104,False,7,1,0.04565361847573347,0.07795508332444555,1.036638942803766,0.03597981167278129,1.0,True,,False,False,gcd_k_not_2,0.0,False,1.0,True,EXACT-UNCLASSIFIED
5106,False,1,1,0.044044789970019024,0.0721998045257887,0.9920788792406983,0.007952617581409159,1.0,True,,False,False,gcd_k_not_2,0.0,False,1.0,True,EXACT-UNCLASSIFIED
5108,False,9,1,0.04294513962352665,0.07582847096252518,1.0088307039361921,0.008791884670907149,1.0,True,,False,False,gcd_k_not_2,0.0,False,1.0,True,EXACT-UNCLASSIFIED
5109,False,21,1,0.07392573221605245,0.12205994401897226,1.0194122199694144,0.01922561404497038,1.0,True,,False,False,gcd_k_not_2,0.0,False,1.0,True,EXACT-UNCLASSIFIED
5113,False,5,1,0.04739829797321985,0.07002935879859538,0.9902299922603623,0.009817968554017837,1.0,True,,False,False,gcd_k_not_2,0.0,False,1.0,True,EXACT-UNCLASSIFIED
5114,False,10,2,3.766653107745454,5.6418055503457065,0.3183363635020207,1.034127033691481,0.45661157024793386,False,1.0,True,True,,0.0,False,0.5,False,EXACT-UNCLASSIFIED
5115,False,9,1,0.041460477316657654,0.07215572062673392,0.9931520248366972,0.006871503104600253,1.0,True,,False,False,gcd_k_not_2,0.0,False,1.0,True,EXACT-UNCLASSIFIED
5116,False,7,1,0.05414902491937812,0.07853225275564718,0.9985152821535599,0.0014858208588129594,1.0,True,,False,False,gcd_k_not_2,0.0,False,1.0,True,EXACT-UNCLASSIFIED
5119,False,7,1,0.07915032206538913,0.12094350712490655,0.995740634839317,0.00426845561625388,1.0,True,,False,False,gcd_k_not_2,0.0,False,1.0,True,EXACT-UNCLASSIFIED
5121,False,17,1,0.0396147266209086,0.06240667108027175,0.96243997227139,0.03827890611618238,1.0,True,,False,False,gcd_k_not_2,0.0,False,1.0,True,EXACT-UNCLASSIFIED
5122,False,21,1,0.06382566120286305,0.10428818289485836,1.0221293940845153,0.021887218641153252,1.0,True,,False,False,gcd_k_not_2,0.0,False,1.0,True,EXACT-UNCLASSIFIED
5123,False,17,1,0.045411818540651516,0.07260431959284845,0.9977085112194752,0.0022941172524973837,1.0,True,,False,False,gcd_k_not_2,0.0,False,1.0,True,EXACT-UNCLASSIFIED
5124,False,17,1,0.06047129636114259,0.09788137023906208,1.0210506855445927,0.020831427628367698,1.0,True,,False,False,gcd_k_not_2,0.0,False,1.0,True,EXACT-UNCLASSIFIED
5125,False,2,2,3.7817360491230745,5.664331005341148,0.3193470887620135,1.0318026500163278,0.47107438016528924,False,1.0,True,True,,0.0,False,0.5,False,EXACT-UNCLASSIFIED
5128,False,3,1,0.029974206346871514,0.05358156176777583,1.0337774286986974,0.03321644563663955,1.0,True,,False,False,gcd_k_not_2,0.0,False,1.0,True,EXACT-UNCLASSIFIED
5129,False,7,1,0.03948449755538147,0.06421492888541662,0.9413761685839073,0.06039409812973503,1.0,True,,False,False,gcd_k_not_2,0.0,False,1.0,True,EXACT-UNCLASSIFIED
5131,False,3,1,0.08411469652023212,0.13287102867997058,0.9980500570675501,0.0019518459265347565,1.0,True,,False,False,gcd_k_not_2,0.1115702479338843,False,1.0,True,EXACT-UNCLASSIFIED
5136,False,1,1,0.04484151983173991,0.0741150732994883,1.0093975877390322,0.00935363692718112,1.0,True,,False,False,gcd_k_not_2,0.0,False,1.0,True,EXACT-UNCLASSIFIED
5137,False,20,2,3.7687175533873463,5.644888624326065,0.3084903532607646,1.0569579592482126,0.5103305785123967,False,1.0,True,True,,0.0,False,0.5,False,EXACT-UNCLASSIFIED
5138,False,5,1,0.0880873538901879,0.15662857616728898,1.0035861592648465,0.0035797405050576343,1.0,True,,False,False,gcd_k_not_2,0.0,False,1.0,True,EXACT-UNCLASSIFIED
5141,False,5,1,0.038963152784781685,0.06889449215707405,0.9933280727475987,0.006694259057120152,1.0,True,,False,False,gcd_k_not_2,0.0,False,1.0,True,EXACT-UNCLASSIFIED
5143,False,17,1,0.03300109091988467,0.05541012957443866,0.9943920835278377,0.005623685050175917,1.0,True,,False,False,gcd_k_not_2,0.0,False,1.0,True,EXACT-UNCLASSIFIED
5144,False,7,1,0.0656532153186317,0.1082268112457082,0.9967650152830975,0.003240225757304603,1.0,True,,False,False,gcd_k_not_2,0.10330578512396695,False,1.0,True,EXACT-UNCLASSIFIED
5145,False,9,1,0.05018061278815766,0.0710785282818783,0.9996680588679142,0.000331996233688673,1.0,True,,False,False,gcd_k_not_2,0.0,False,1.0,True,EXACT-UNCLASSIFIED
5146,False,19,1,0.053901876178858645,0.0880115132617314,1.0023360588812507,0.0023333334790523953,1.0,True,,False,False,gcd_k_not_2,0.0,False,1.0,True,EXACT-UNCLASSIFIED
5148,False,21,1,0.04619443785576626,0.06688375737038377,0.9951418605686435,0.004869968925389461,1.0,True,,False,False,gcd_k_not_2,0.0,False,1.0,True,EXACT-UNCLASSIFIED
5150,False,13,1,0.03659008942204066,0.06403564783660314,1.039757980820425,0.03898303739391052,1.0,True,,False,False,gcd_k_not_2,0.0,False,1.0,True,EXACT-UNCLASSIFIED
5152,False,3,1,0.04484655922651737,0.07457995445557276,0.9723527858018842,0.028034755645274096,1.0,True,,False,False,gcd_k_not_2,0.0,False,1.0,True,EXACT-UNCLASSIFIED
5153,False,21,1,0.06770934108259402,0.10662548610001794,1.0050575630179956,0.00504480580635596,1.0,True,,False,False,gcd_k_not_2,0.0,False,1.0,True,EXACT-UNCLASSIFIED
5154,False,7,1,0.07087104242720166,0.10968054536627687,0.9788548117876985,0.02137113656478808,1.0,True,,False,False,gcd_k_not_2,0.0,False,1.0,True,EXACT-UNCLASSIFIED
5157,False,7,1,0.0639033053511567,0.10323350010840697,0.9900249581441805,0.010025041962410197,1.0,True,,False,False,gcd_k_not_2,0.0,False,1.0,True,EXACT-UNCLASSIFIED
5158,False,21,1,0.0601979570823934,0.09394418004339077,1.0290599216859975,0.028643729419139823,1.0,True,,False,False,gcd_k_not_2,0.0,False,1.0,True,EXACT-UNCLASSIFIED
5159,False,13,1,0.06149962878987178,0.09630226486635582,1.0222802407679035,0.022034770768905143,1.0,True,,False,False,gcd_k_not_2,0.0,False,1.0,True,EXACT-UNCLASSIFIED
5160,False,17,1,0.0828739385785638,0.13571677631900678,1.0114934061751812,0.011427734378742714,1.0,True,,False,False,gcd_k_not_2,0.45454545454545453,False,1.0,True,EXACT-UNCLASSIFIED
5162,False,20,2,3.77002464075713,5.646840831511914,0.31216774944463105,1.0483907272473214,0.518595041322314,False,1.0,True,True,,0.0,False,0.5,False,EXACT-UNCLASSIFIED
5165,False,3,1,0.06075552903764737,0.09978015560790483,1.0115782645458327,0.011511622241997962,1.0,True,,False,False,gcd_k_not_2,0.2727272727272727,False,1.0,True,EXACT-UNCLASSIFIED
5168,False,3,1,0.04501151319592445,0.0770568009487413,0.9611631076858583,0.039605978882570975,1.0,True,,False,False,gcd_k_not_2,0.0,False,1.0,True,EXACT-UNCLASSIFIED
5170,False,9,1,0.0671453222689957,0.09600544600361463,1.0041570358061338,0.0041484132549141715,1.0,True,,False,False,gcd_k_not_2,0.0,False,1.0,True,EXACT-UNCLASSIFIED
5171,False,15,1,0.05437070391023465,0.08757679052542913,0.9955916352827,0.004418103022039929,1.0,True,,False,False,gcd_k_not_2,0.0,False,1.0,True,EXACT-UNCLASSIFIED
5173,False,15,1,0.0487389248149364,0.0810695750101104,1.0212777365140333,0.021053748457873545,1.0,True,,False,False,gcd_k_not_2,0.0,False,1.0,True,EXACT-UNCLASSIFIED
5178,False,5,1,0.04664741109429482,0.07180965050572936,0.9830223256244991,0.017123028980678977,1.0,True,,False,False,gcd_k_not_2,0.0,False,1.0,True,EXACT-UNCLASSIFIED
5179,False,15,1,0.053669050203914916,0.0826902128958093,0.9913486068731242,0.008688979013534392,1.0,True,,False,False,gcd_k_not_2,0.0,False,1.0,True,EXACT-UNCLASSIFIED
5182,False,21,1,0.054950067675339095,0.09099994903833875,0.9916818117830927,0.008352928834009177,1.0,True,,False,False,gcd_k_not_2,0.0,False,1.0,True,EXACT-UNCLASSIFIED
5183,False,21,1,0.07120713706332428,0.11624707298761132,1.0103506148137775,0.010297323001775322,1.0,True,,False,False,gcd_k_not_2,0.0,False,1.0,True,EXACT-UNCLASSIFIED
5189,False,3,1,0.0469906970079168,0.07344012732979296,0.97149193209753,0.02892029882378408,1.0,True,,False,False,gcd_k_not_2,0.5,False,1.0,True,EXACT-UNCLASSIFIED
5190,False,5,1,0.0800916367223351,0.13706421346238382,1.0254101595570566,0.025091371678133308,1.0,True,,False,False,gcd_k_not_2,0.0,False,1.0,True,EXACT-UNCLASSIFIED
5192,False,5,1,0.06032339687748716,0.10073467952519517,0.9987078642490829,0.0012929710980074066,1.0,True,,False,False,gcd_k_not_2,0.0,False,1.0,True,EXACT-UNCLASSIFIED
5196,False,9,1,0.0684881977624522,0.11411748981199113,1.011944134653804,0.011873226943112136,1.0,True,,False,False,gcd_k_not_2,0.0,False,1.0,True,EXACT-UNCLASSIFIED
5197,False,7,1,0.07142823277594214,0.10481830620847947,1.0078447044725989,0.007814054996508796,1.0,True,,False,False,gcd_k_not_2,0.0,False,1.0,True,EXACT-UNCLASSIFIED
5198,False,15,1,0.02922922454945533,0.045579950792613594,1.0085853671331546,0.008548670396228635,1.0,True,,False,False,gcd_k_not_2,0.0,False,1.0,True,EXACT-UNCLASSIFIED
5199,False,21,1,0.040076484679642456,0.05874893961531774,0.9909997053292445,0.009040980414677829,1.0,True,,False,False,gcd_k_not_2,0.4628099173553719,False,1.0,True,EXACT-UNCLASSIFIED
5201,False,9,1,0.04263291427000057,0.06682875391872743,0.9756366105332622,0.024663836797559277,1.0,True,,False,False,gcd_k_not_2,0.5,False,1.0,True,EXACT-UNCLASSIFIED
5202,False,7,1,0.07226737782878281,0.11679690142587423,0.9962979926868172,0.0037088724496489424,1.0,True,,False,False,gcd_k_not_2,0.0,False,1.0,True,EXACT-UNCLASSIFIED
5203,False,21,1,0.039369068416301015,0.06752839895232653,0.9783984716116688,0.021837388876199255,1.0,True,,False,False,gcd_k_not_2,0.0,False,1.0,True,EXACT-UNCLASSIFIED
5204,False,18,2,3.7800024116353628,5.661741944593206,0.312163707968512,1.0484001163184038,0.5289256198347108,False,1.0,True,True,,0.0,False,0.5,False,EXACT-UNCLASSIFIED
5207,False,9,1,0.04779342397970993,0.07700292248437912,0.9926082158802971,0.007419204699441988,1.0,True,,False,False,gcd_k_not_2,0.5454545454545454,False,1.0,True,EXACT-UNCLASSIFIED
5210,False,21,1,0.058806220060862106,0.10694545617798254,0.9851697987198024,0.014940990226389032,1.0,True,,False,False,gcd_k_not_2,0.45454545454545453,False,1.0,True,EXACT-UNCLASSIFIED
5211,False,5,1,0.07626571598989408,0.11863557865217994,0.9989231875282202,0.001077392546645477,1.0,True,,False,False,gcd_k_not_2,0.0,False,1.0,True,EXACT-UNCLASSIFIED
5212,False,5,1,0.04873357278643058,0.07778951101312025,0.9982414432334779,0.0017601043882630471,1.0,True,,False,False,gcd_k_not_2,0.0,False,1.0,True,EXACT-UNCLASSIFIED
5214,False,15,1,0.07515845314212827,0.11665920450935653,0.9786555756728074,0.02157467382359848,1.0,True,,False,False,gcd_k_not_2,0.0,False,1.0,True,EXACT-UNCLASSIFIED
5215,False,15,1,0.04908820206477087,0.0905748040095073,1.0140400639684364,0.013942189353246632,1.0,True,,False,False,gcd_k_not_2,0.0,False,1.0,True,EXACT-UNCLASSIFIED
5216,False,3,1,0.0527325685455159,0.0871880224238487,0.9940306146592677,0.005987255458214013,1.0,True,,False,False,gcd_k_not_2,0.0,False,1.0,True,EXACT-UNCLASSIFIED
5218,False,21,1,0.06073995247265971,0.09545901179819741,1.0232264965646927,0.022959858032829922,1.0,True,,False,False,gcd_k_not_2,0.0,False,1.0,True,EXACT-UNCLASSIFIED
5219,False,9,1,0.060412171715875505,0.10063096553633452,1.0088649076700538,0.00882578777319136,1.0,True,,False,False,gcd_k_not_2,0.0,False,1.0,True,EXACT-UNCLASSIFIED
5220,False,8,2,3.78176795572541,5.664378387912731,0.31309084142279314,1.0462477338321996,0.5289256198347108,False,1.0,True,True,,0.0,False,0.5,False,EXACT-UNCLASSIFIED
5222,False,2,2,3.7762673798150304,5.656163739652277,0.3197365121907511,1.030908035847273,0.4669421487603306,False,1.0,True,True,,0.0,False,0.5,False,EXACT-UNCLASSIFIED
5223,False,21,1,0.028310341765512156,0.04242606771603584,1.0018240759271206,0.0018224138165347503,1.0,True,,False,False,gcd_k_not_2,0.0,False,1.0,True,EXACT-UNCLASSIFIED
5224,False,15,1,0.0677014051086369,0.10609104996209778,1.001356147111958,0.00135522816757536,1.0,True,,False,False,gcd_k_not_2,0.0,False,1.0,True,EXACT-UNCLASSIFIED
5226,False,17,1,0.05343833259299764,0.08285177433760797,0.989088950842067,0.010970901178968248,1.0,True,,False,False,gcd_k_not_2,0.0,False,1.0,True,EXACT-UNCLASSIFIED
5229,False,17,1,0.06305847346802655,0.10232419956741824,1.004181717017296,0.004172991881713564,1.0,True,,False,False,gcd_k_not_2,0.0,False,1.0,True,EXACT-UNCLASSIFIED
5232,False,17,1,0.06069818763017755,0.09305968009338407,1.0111941231360955,0.01113181766724763,1.0,True,,False,False,gcd_k_not_2,0.0,False,1.0,True,EXACT-UNCLASSIFIED
5234,False,19,1,0.04387643034370769,0.0624400990441194,1.018568134836748,0.01839733275909427,1.0,True,,False,False,gcd_k_not_2,0.5454545454545454,False,1.0,True,EXACT-UNCLASSIFIED
5235,False,17,1,0.06341351353813611,0.10770271083008078,0.9967735613569725,0.003231652006484795,1.0,True,,False,False,gcd_k_not_2,0.0,False,1.0,True,EXACT-UNCLASSIFIED
5236,False,9,1,0.0588148432664468,0.09693378282458152,0.9812654422466695,0.01891170900562053,1.0,True,,False,False,gcd_k_not_2,0.0,False,1.0,True,EXACT-UNCLASSIFIED
5238,False,13,1,0.05149819787474583,0.08176258001725902,0.9831294313482899,0.017014087315763458,1.0,True,,False,False,gcd_k_not_2,0.0,False,1.0,True,EXACT-UNCLASSIFIED
5241,False,3,1,0.06964831187368249,0.1114288377941952,0.9996611245649992,0.00033893286301149046,1.0,True,,False,False,gcd_k_not_2,0.0,False,1.0,True,EXACT-UNCLASSIFIED
5248,False,13,1,0.03053292336818668,0.05566673528467119,0.9875478146993634,0.01253019948354818,1.0,True,,False,False,gcd_k_not_2,0.0,False,1.0,True,EXACT-UNCLASSIFIED
5254,False,14,2,3.7611259482293913,5.633550791572413,0.3178945397474148,1.0351442238820054,0.5103305785123967,False,1.0,True,True,,0.0,False,0.5,False,EXACT-UNCLASSIFIED
5255,False,7,1,0.033271371163783724,0.056242584748491566,1.004420516126333,0.00441076719258084,1.0,True,,False,False,gcd_k_not_2,0.0,False,1.0,True,EXACT-UNCLASSIFIED
5256,False,7,1,0.077003056187125,0.1202514512725976,0.9804942363071945,0.01969787473774804,1.0,True,,False,False,gcd_k_not_2,0.0,False,1.0,True,EXACT-UNCLASSIFIED
5261,False,15,1,0.046870813002826237,0.07474221726302736,1.0024106479702357,0.002407745856404913,1.0,True,,False,False,gcd_k_not_2,0.0,False,1.0,True,EXACT-UNCLASSIFIED
5263,False,15,1,0.03834895294859587,0.06457748551180809,1.025729776519369,0.025402970146964122,1.0,True,,False,False,gcd_k_not_2,0.0,False,1.0,True,EXACT-UNCLASSIFIED
5264,False,17,1,0.07329175957923323,0.11333995488868394,1.0042637310934233,0.00425466072880247,1.0,True,,False,False,gcd_k_not_2,0.0,False,1.0,True,EXACT-UNCLASSIFIED
5265,False,17,1,0.040854779457352504,0.0690184657099908,0.9904640409727845,0.009581644110038801,1.0,True,,False,False,gcd_k_not_2,0.0,False,1.0,True,EXACT-UNCLASSIFIED
5266,False,3,1,0.03920776873148912,0.05959899696537237,0.9854404088960469,0.014666359200424028,1.0,True,,False,False,gcd_k_not_2,0.0,False,1.0,True,EXACT-UNCLASSIFIED
5267,False,12,2,3.7793947687494076,5.660834455402265,0.3170648363000131,1.0370562555121192,0.5082644628099173,False,1.0,True,True,,0.0,False,0.5,False,EXACT-UNCLASSIFIED
5271,False,9,1,0.044275251764375675,0.0640154081497319,0.986826316164009,0.013261032158488494,1.0,True,,False,False,gcd_k_not_2,0.2727272727272727,False,1.0,True,EXACT-UNCLASSIFIED
5272,False,1,1,0.06457429347976684,0.1108601356782504,0.9855577971687048,0.014547249998855627,1.0,True,,False,False,gcd_k_not_2,0.0,False,1.0,True,EXACT-UNCLASSIFIED
5273,False,19,1,0.05772879503581814,0.09171942331987008,0.9832126194174565,0.016929481406259477,1.0,True,,False,False,gcd_k_not_2,0.0,False,1.0,True,EXACT-UNCLASSIFIED
5274,False,1,1,0.038772469909990934,0.06656552744805608,1.0228001529895243,0.022543159249644763,1.0,True,,False,False,gcd_k_not_2,0.0,False,1.0,True,EXACT-UNCLASSIFIED
5275,False,17,1,0.06636487982748658,0.10541918991548886,1.005287368631747,0.005273427354558822,1.0,True,,False,False,gcd_k_not_2,0.0,False,1.0,True,EXACT-UNCLASSIFIED
5276,False,5,1,0.05195267969677162,0.08824444585887645,0.9884179608097434,0.011649501682775032,1.0,True,,False,False,gcd_k_not_2,0.45454545454545453,False,1.0,True,EXACT-UNCLASSIFIED
5277,False,19,1,0.035060811687742985,0.061972218474041094,1.0442947823118696,0.04333502457192306,1.0,True,,False,False,gcd_k_not_2,0.0,False,1.0,True,EXACT-UNCLASSIFIED
5280,False,21,1,0.0656206776267375,0.10596234262846915,1.0111590012952307,0.011097085101719091,1.0,True,,False,False,gcd_k_not_2,0.0,False,1.0,True,EXACT-UNCLASSIFIED
5281,False,15,1,0.06067938069193669,0.10281843113823973,1.0319509574839492,0.03144855181299471,1.0,True,,False,False,gcd_k_not_2,0.0,False,1.0,True,EXACT-UNCLASSIFIED
5282,False,4,2,3.757387092177649,5.6279666298873385,0.3176655075792051,1.0356717824000259,0.4834710743801653,False,1.0,True,True,,0.0,False,0.5,False,EXACT-UNCLASSIFIED
5291,False,17,1,0.04783163341450564,0.07807155783374223,0.9814390112988798,0.018734857439748325,1.0,True,,False,False,gcd_k_not_2,0.0,False,1.0,True,EXACT-UNCLASSIFIED
5292,False,18,2,3.759917984538443,5.631746473169927,0.3173905196181451,1.0363054389972597,0.4669421487603306,False,1.0,True,True,,0.0,False,0.5,False,EXACT-UNCLASSIFIED
5294,False,13,1,0.027625743864950262,0.04564622114961067,0.9868723092071413,0.013214428256939477,1.0,True,,False,False,gcd_k_not_2,0.0,False,1.0,True,EXACT-UNCLASSIFIED
5299,False,7,1,0.06686759445644629,0.10591327706551994,0.9726687848469829,0.02770988760298866,1.0,True,,False,False,gcd_k_not_2,0.5454545454545454,False,1.0,True,EXACT-UNCLASSIFIED
5300,False,15,1,0.04661296380002259,0.08053615126070306,0.9959909092716938,0.004017143274233748,1.0,True,,False,False,gcd_k_not_2,0.0,False,1.0,True,EXACT-UNCLASSIFIED
5302,False,9,1,0.05041949791542883,0.08154904177147784,1.0111501529324545,0.011088334619070012,1.0,True,,False,False,gcd_k_not_2,0.0,False,1.0,True,EXACT-UNCLASSIFIED
5303,False,13,1,0.04367026430474178,0.07512608617268568,1.0179954840863694,0.017835009273587814,1.0,True,,False,False,gcd_k_not_2,0.0,False,1.0,True,EXACT-UNCLASSIFIED
5307,False,15,1,0.03995031396227914,0.0638210043287456,0.9997188999867441,0.0002811395274183558,1.0,True,,False,False,gcd_k_not_2,0.0,False,1.0,True,EXACT-UNCLASSIFIED
5309,False,17,1,0.04527152502749219,0.07121288596502298,1.036435425580672,0.03578353148151769,1.0,True,,False,False,gcd_k_not_2,0.0,False,1.0,True,EXACT-UNCLASSIFIED
5310,False,20,2,3.7855351158515913,5.670004396753902,0.3150510090912215,1.0417071066804002,0.5433884297520661,False,1.0,True,True,,0.022727272727272728,False,0.5,False,EXACT-UNCLASSIFIED
5312,False,1,1,0.08856935602009147,0.14108835144414908,1.0028953215790168,0.0028911361945109268,1.0,True,,False,False,gcd_k_not_2,0.0,False,1.0,True,EXACT-UNCLASSIFIED
5313,False,17,1,0.03672872874371911,0.06191365414699791,1.0436831072176544,0.04274939403607076,1.0,True,,False,False,gcd_k_not_2,0.0,False,1.0,True,EXACT-UNCLASSIFIED
5315,False,3,1,0.048525679371669954,0.08159291068758864,0.9759675703885091,0.024324720680274765,1.0,True,,False,False,gcd_k_not_2,0.0,False,1.0,True,EXACT-UNCLASSIFIED
5318,False,21,1,0.04895885849563176,0.0785796308493455,1.0072787161021197,0.007252322304551699,1.0,True,,False,False,gcd_k_not_2,0.0,False,1.0,True,EXACT-UNCLASSIFIED
5320,False,9,1,0.06888822943090774,0.11341271691846894,1.0044897458062545,0.004479689472742699,1.0,True,,False,False,gcd_k_not_2,0.0,False,1.0,True,EXACT-UNCLASSIFIED
5323,False,1,1,0.038051036993097094,0.06031828625716551,0.9883415511006058,0.011726807090000022,1.0,True,,False,False,gcd_k_not_2,0.0,False,1.0,True,EXACT-UNCLASSIFIED
5327,False,3,1,0.046307228966759,0.0807787739354812,1.02691053698391,0.026553255797814885,1.0,True,,False,False,gcd_k_not_2,0.5454545454545454,False,1.0,True,EXACT-UNCLASSIFIED
5328,False,3,1,0.05377827959005752,0.08416454516358113,0.9894687363283596,0.010587010973669533,1.0,True,,False,False,gcd_k_not_2,0.36363636363636365,False,1.0,True,EXACT-UNCLASSIFIED
5330,False,7,1,0.04418099356964476,0.07209233536546439,0.9929441370950284,0.0070808436359449875,1.0,True,,False,False,gcd_k_not_2,0.0,False,1.0,True,EXACT-UNCLASSIFIED
5332,False,13,1,0.04501668505499636,0.06536990039388016,0.9952121333474816,0.004799355990769281,1.0,True,,False,False,gcd_k_not_2,0.0,False,1.0,True,EXACT-UNCLASSIFIED
5336,False,13,1,0.07282224115534744,0.11439806967229409,1.00084001999185,0.0008396673231809175,1.0,True,,False,False,gcd_k_not_2,0.0,False,1.0,True,EXACT-UNCLASSIFIED
5337,False,19,1,0.06954672741109208,0.11908795675478463,1.0234173213048912,0.023146309027135725,1.0,True,,False,False,gcd_k_not_2,0.0,False,1.0,True,EXACT-UNCLASSIFIED
5338,False,17,1,0.05072660215118957,0.0838026664664357,1.0244443916068318,0.02414923492902651,1.0,True,,False,False,gcd_k_not_2,0.0,False,1.0,True,EXACT-UNCLASSIFIED
5339,False,9,1,0.06030645191647288,0.10054976833152746,1.020981685566769,0.02076385522601591,1.0,True,,False,False,gcd_k_not_2,0.0,False,1.0,True,EXACT-UNCLASSIFIED
5340,False,8,2,3.7979200328518927,5.6884999328760895,0.31276809684345863,1.0469966550969445,0.4793388429752066,False,1.0,True,True,,0.0,False,0.5,False,EXACT-UNCLASSIFIED
5341,False,6,2,3.7825606913259513,5.66556232519966,0.3211271392449638,1.0277176822558023,0.47107438016528924,False,1.0,True,True,,0.0,False,0.5,False,EXACT-UNCLASSIFIED
5342,False,5,1,0.03683664518996176,0.06497114649252095,1.020967482138613,0.020749945087117274,1.0,True,,False,False,gcd_k_not_2,0.0,False,1.0,True,EXACT-UNCLASSIFIED
5343,False,1,1,0.06677179221532986,0.10415943113476454,0.9734658431432258,0.02689092081220115,1.0,True,,False,False,gcd_k_not_2,0.36363636363636365,False,1.0,True,EXACT-UNCLASSIFIED
5344,False,15,1,0.0661638440719281,0.09544642996235106,1.0046204539589139,0.004609804264731453,1.0,True,,False,False,gcd_k_not_2,0.0,False,1.0,True,EXACT-UNCLASSIFIED
5346,False,19,1,0.045122561343999036,0.07090453589040026,1.0164377121743922,0.016303714292931856,1.0,True,,False,False,gcd_k_not_2,0.0,False,1.0,True,EXACT-UNCLASSIFIED
5348,False,12,2,3.784502828000167,5.66846301683679,0.3185098589687658,1.0337277895885313,0.518595041322314,False,1.0,True,True,,0.0,False,0.5,False,EXACT-UNCLASSIFIED
5349,False,1,1,0.0489073224565743,0.08569646918825775,0.9840721684134581,0.01605569781191818,1.0,True,,False,False,gcd_k_not_2,0.0,False,1.0,True,EXACT-UNCLASSIFIED
5350,False,9,1,0.04120781732638613,0.07054690808667352,0.982989899168645,0.017156013591886034,1.0,True,,False,False,gcd_k_not_2,0.0,False,1.0,True,EXACT-UNCLASSIFIED
5351,False,5,1,0.0572381140623964,0.08737245824315308,0.9969360104230505,0.0030686907952553123,1.0,True,,False,False,gcd_k_not_2,0.0,False,1.0,True,EXACT-UNCLASSIFIED
5352,False,9,1,0.06804912428673439,0.12046655422353127,0.9878884982172197,0.012185292881006369,1.0,True,,False,False,gcd_k_not_2,0.0,False,1.0,True,EXACT-UNCLASSIFIED
5353,False,17,1,0.053619337027684746,0.08617434414025649,1.0209542713863076,0.020737006950616182,1.0,True,,False,False,gcd_k_not_2,0.0,False,1.0,True,EXACT-UNCLASSIFIED
5359,False,13,1,0.0850728171755511,0.13794246638641394,1.014582039359919,0.01447649097929212,1.0,True,,False,False,gcd_k_not_2,0.4318181818181818,False,1.0,True,EXACT-UNCLASSIFIED
5362,False,21,1,0.0634051271180226,0.09631377673823478,0.9832148963055716,0.016927165811124672,1.0,True,,False,False,gcd_k_not_2,0.0,False,1.0,True,EXACT-UNCLASSIFIED
5363,False,15,1,0.03350755332550795,0.057484133342730795,0.9974386780727417,0.002564606318457416,1.0,True,,False,False,gcd_k_not_2,0.0,False,1.0,True,EXACT-UNCLASSIFIED
5366,False,9,1,0.05244047544153614,0.08875851745774709,1.0035757098677187,0.0035693284262811793,1.0,True,,False,False,gcd_k_not_2,0.0,False,1.0,True,EXACT-UNCLASSIFIED
5367,False,20,2,3.7258935105530107,5.580929741975632,0.3094085385257745,1.0548143549632611,0.4896694214876033,False,1.0,True,True,,0.0,False,0.5,False,EXACT-UNCLASSIFIED
5370,False,1,1,0.0477903073657855,0.07993668059496677,1.0123804745830254,0.012304307996817221,1.0,True,,False,False,gcd_k_not_2,0.09090909090909091,False,1.0,True,EXACT-UNCLASSIFIED
5372,False,21,1,0.04545526061976206,0.07664547695980352,0.9986958006873584,0.0013050503355168726,1.0,True,,False,False,gcd_k_not_2,0.0,False,1.0,True,EXACT-UNCLASSIFIED
5374,False,7,1,0.07144252539631796,0.1072123886526575,1.0024681071230188,0.0024650651006519224,1.0,True,,False,False,gcd_k_not_2,0.0,False,1.0,True,EXACT-UNCLASSIFIED
5377,False,21,1,0.06906728755584612,0.10890324770049818,1.0112877305552375,0.01122438165733894,1.0,True,,False,False,gcd_k_not_2,0.0,False,1.0,True,EXACT-UNCLASSIFIED
5379,False,18,2,3.773203707492869,5.6515883695725915,0.3190797527457644,1.0324171011447163,0.518595041322314,False,1.0,True,True,,0.0,False,0.5,False,EXACT-UNCLASSIFIED
5380,False,13,1,0.07048034929099065,0.10738259766173089,0.9791694803889978,0.02104975831267175,1.0,True,,False,False,gcd_k_not_2,0.0,False,1.0,True,EXACT-UNCLASSIFIED
5383,False,7,1,0.05106328398905316,0.08831786188763123,0.9854010157524625,0.014706333009509878,1.0,True,,False,False,gcd_k_not_2,0.40702479338842973,False,1.0,True,EXACT-UNCLASSIFIED
5386,False,1,1,0.05243318058378287,0.08556867691193586,0.9984463601726824,0.0015548476639456034,1.0,True,,False,False,gcd_k_not_2,0.0,False,1.0,True,EXACT-UNCLASSIFIED
5387,False,21,1,0.07455868270338749,0.12005244324315784,1.016264305225651,0.01613310832661969,1.0,True,,False,False,gcd_k_not_2,0.0,False,1.0,True,EXACT-UNCLASSIFIED
5388,False,21,1,0.03555766118304789,0.06232304833875465,0.9810767628885304,0.01910399179472313,1.0,True,,False,False,gcd_k_not_2,0.0,False,1.0,True,EXACT-UNCLASSIFIED
5389,False,17,1,0.040553310987580506,0.07323421216764893,0.9925188871952186,0.007509201396140593,1.0,True,,False,False,gcd_k_not_2,0.0,False,1.0,True,EXACT-UNCLASSIFIED
5390,False,21,1,0.033856901912390915,0.05269551877432213,0.9864115293819349,0.013681425441880219,1.0,True,,False,False,gcd_k_not_2,0.0,False,1.0,True,EXACT-UNCLASSIFIED
5391,False,5,1,0.039474529987081036,0.06413095500639446,0.9884313148893865,0.011635991672417474,1.0,True,,False,False,gcd_k_not_2,0.0,False,1.0,True,EXACT-UNCLASSIFIED
5394,False,13,1,0.04275897949950408,0.07123552213723539,0.9929212522283034,0.007103891098337906,1.0,True,,False,False,gcd_k_not_2,0.0,False,1.0,True,EXACT-UNCLASSIFIED
5396,False,3,1,0.03511990739708193,0.05347869026325816,1.009802252559763,0.009754444794037339,1.0,True,,False,False,gcd_k_not_2,0.0,False,1.0,True,EXACT-UNCLASSIFIED
5399,False,21,1,0.061268792099537686,0.0992573733724349,1.0014029511279225,0.001401967681852346,1.0,True,,False,False,gcd_k_not_2,0.0,False,1.0,True,EXACT-UNCLASSIFIED
5401,False,9,1,0.039602819866553715,0.06167574812404062,0.9903008432014445,0.009746422840231691,1.0,True,,False,False,gcd_k_not_2,0.0,False,1.0,True,EXACT-UNCLASSIFIED
5402,False,21,1,0.05634531459782908,0.08785681802723552,0.9917170718994313,0.00831737420683918,1.0,True,,False,False,gcd_k_not_2,0.0,False,1.0,True,EXACT-UNCLASSIFIED
5405,False,21,1,0.03564774491839041,0.057644898261392186,1.0011881442169486,0.001187438792681383,1.0,True,,False,False,gcd_k_not_2,0.0,False,1.0,True,EXACT-UNCLASSIFIED
5407,False,13,1,0.05825356529041712,0.09077340653326713,1.0294474420769888,0.029020157375301676,1.0,True,,False,False,gcd_k_not_2,0.0,False,1.0,True,EXACT-UNCLASSIFIED
5408,False,9,1,0.04108662349989654,0.07106538022624233,0.9982723022901366,0.0017291914699346283,1.0,True,,False,False,gcd_k_not_2,0.0,False,1.0,True,EXACT-UNCLASSIFIED
5409,False,21,1,0.03827462376021063,0.07138306780379762,0.9917146135191522,0.008319853079963434,1.0,True,,False,False,gcd_k_not_2,0.0,False,1.0,True,EXACT-UNCLASSIFIED
5410,False,21,1,0.05793060293544295,0.0913935688015639,0.9882086473789308,0.011861282905709022,1.0,True,,False,False,gcd_k_not_2,0.0,False,1.0,True,EXACT-UNCLASSIFIED
5412,False,1,1,0.05530186714464965,0.08487102874182341,0.9951782969380562,0.004833355564606517,1.0,True,,False,False,gcd_k_not_2,0.0,False,1.0,True,EXACT-UNCLASSIFIED
5413,False,17,1,0.03285584981918245,0.05321021311806782,0.9919592737717945,0.008073183356786537,1.0,True,,False,False,gcd_k_not_2,0.0,False,1.0,True,EXACT-UNCLASSIFIED
5414,False,9,1,0.050329217055575096,0.08523336163172958,1.0215796530269858,0.02134929780745852,1.0,True,,False,False,gcd_k_not_2,0.0,False,1.0,True,EXACT-UNCLASSIFIED
5415,False,5,1,0.05769545889463122,0.0936064414306795,0.9756065976927595,0.024694594901362193,1.0,True,,False,False,gcd_k_not_2,0.22520661157024793,False,1.0,True,EXACT-UNCLASSIFIED
5416,False,19,1,0.05313834152867486,0.08255210592132806,1.0088098924438307,0.00877125553490079,1.0,True,,False,False,gcd_k_not_2,0.0,False,1.0,True,EXACT-UNCLASSIFIED
5418,False,17,1,0.05131493058737365,0.07985715341552378,0.9938073456905343,0.006211888348039932,1.0,True,,False,False,gcd_k_not_2,0.0,False,1.0,True,EXACT-UNCLASSIFIED
5419,False,14,2,3.773746123878721,5.652398550993827,0.3192841678606867,1.0319472464270418,0.4772727272727273,False,1.0,True,True,,0.0,False,0.5,False,EXACT-UNCLASSIFIED
5420,False,10,2,3.7757082617228073,5.655329050844968,0.31763618205677374,1.035739344798631,0.506198347107438,False,1.0,True,True,,0.25,False,0.5,False,EXACT-UNCLASSIFIED
5421,False,17,1,0.03115833286112996,0.054711380743285784,1.047005723284859,0.04592632326345263,1.0,True,,False,False,gcd_k_not_2,0.0,False,1.0,True,EXACT-UNCLASSIFIED
5422,False,19,1,0.04761515003157274,0.0775352832112757,0.9613058754807745,0.03945751144985524,1.0,True,,False,False,gcd_k_not_2,0.0,False,1.0,True,EXACT-UNCLASSIFIED
5423,False,15,1,0.04972939089608332,0.07884864042659195,1.0016235886354934,0.0016222716845579182,1.0,True,,False,False,gcd_k_not_2,0.0,False,1.0,True,EXACT-UNCLASSIFIED
5424,False,19,1,0.0431224047811576,0.06600520844282631,0.9981830919318574,0.0018185601464438762,1.0,True,,False,False,gcd_k_not_2,0.48760330578512395,False,1.0,True,EXACT-UNCLASSIFIED
5425,False,9,1,0.05479513733594518,0.09714384184311185,1.0034766893059832,0.0034706561094930083,1.0,True,,False,False,gcd_k_not_2,0.0,False,1.0,True,EXACT-UNCLASSIFIED
5427,False,19,1,0.05892147790182982,0.09315166805516861,0.9990214470504638,0.0009790319668456417,1.0,True,,False,False,gcd_k_not_2,0.0,False,1.0,True,EXACT-UNCLASSIFIED
5428,False,21,1,0.056261708991122567,0.09889395358484869,0.991706915349549,0.008327615460425888,1.0,True,,False,False,gcd_k_not_2,0.0,False,1.0,True,EXACT-UNCLASSIFIED
5431,False,2,2,3.750334510260035,5.617433625855092,0.3181880323184521,1.034468453612593,0.506198347107438,False,1.0,True,True,,0.0,False,0.5,False,EXACT-UNCLASSIFIED
5432,False,16,2,3.79729040748632,5.687559735608951,0.3125872147738894,1.0474165487655256,0.49586776859504134,False,1.0,True,True,,0.0,False,0.5,False,EXACT-UNCLASSIFIED
5433,False,1,1,0.03459335372473578,0.06299662313024403,1.0452591667900584,0.04425763494911068,1.0,True,,False,False,gcd_k_not_2,0.0,False,1.0,True,EXACT-UNCLASSIFIED
5435,False,6,2,3.7771245070974824,5.657443869626938,0.3223115232615623,1.0250057793747085,0.5103305785123967,False,1.0,True,True,,0.0,False,0.5,False,EXACT-UNCLASSIFIED
5436,False,5,1,0.03206707237004904,0.05184638357496299,1.0069243271006474,0.006900436660360486,1.0,True,,False,False,gcd_k_not_2,0.0,False,1.0,True,EXACT-UNCLASSIFIED
5438,False,9,1,0.0830365013809863,0.12594459006919895,0.9874647847929291,0.01261427654264268,1.0,True,,False,False,gcd_k_not_2,0.0,False,1.0,True,EXACT-UNCLASSIFIED
5440,False,18,2,3.7655368540093224,5.64013836327978,0.3144740245663174,1.0430422551101493,0.5371900826446281,False,1.0,True,True,,0.5,False,0.5,False,EXACT-UNCLASSIFIED
5442,False,10,2,3.755981846223414,5.625867984699893,0.3192694806672925,1.0319810005585683,0.5227272727272727,False,1.0,True,True,,0.0,False,0.5,False,EXACT-UNCLASSIFIED
5443,False,21,1,0.054632437808407326,0.09207092930405544,1.02663647628249,0.026286387908452006,1.0,True,,False,False,gcd_k_not_2,0.0,False,1.0,True,EXACT-UNCLASSIFIED
5444,False,6,2,3.777333264928448,5.657755765594323,0.31873790984905487,1.0332031635140049,0.506198347107438,False,1.0,True,True,,0.0,False,0.5,False,EXACT-UNCLASSIFIED
5448,False,18,2,3.7661146050057397,5.641000917294141,0.31069266970923615,1.0518214471187661,0.49173553719008267,False,1.0,True,True,,0.0,False,0.5,False,EXACT-UNCLASSIFIED
5449,False,19,1,0.059482500687177316,0.09646253799422226,1.0039582240888185,0.003950405793132971,1.0,True,,False,False,gcd_k_not_2,0.0,False,1.0,True,EXACT-UNCLASSIFIED
5452,False,5,1,0.07054009147782607,0.11136308686598348,1.0073288003733751,0.007302042766498441,1.0,True,,False,False,gcd_k_not_2,0.4628099173553719,False,1.0,True,EXACT-UNCLASSIFIED
5453,False,10,2,3.7721775151291594,5.650055866723417,0.3217744991224416,1.0262348098376066,0.5289256198347108,False,1.0,True,True,,0.0,False,0.5,False,EXACT-UNCLASSIFIED
5456,False,3,1,0.04452083074099465,0.07517505900671168,0.9833675795095943,0.016771899129780294,1.0,True,,False,False,gcd_k_not_2,0.0,False,1.0,True,EXACT-UNCLASSIFIED
5457,False,17,1,0.04274380413616413,0.0756867846211828,0.9644791855212625,0.036163085606134564,1.0,True,,False,False,gcd_k_not_2,0.0,False,1.0,True,EXACT-UNCLASSIFIED
5464,False,3,1,0.04493331448939395,0.07352768821443639,1.0347258292653023,0.034133177812797635,1.0,True,,False,False,gcd_k_not_2,0.0,False,1.0,True,EXACT-UNCLASSIFIED
5467,False,12,2,3.765570865539727,5.64018919927482,0.3147135912452567,1.0424877529495389,0.5475206611570248,False,1.0,True,True,,0.0,False,0.5,False,EXACT-UNCLASSIFIED
5469,False,19,1,0.032912453563045,0.050669585013311445,1.0143477046878357,0.014245509506075187,1.0,True,,False,False,gcd_k_not_2,0.4090909090909091,False,1.0,True,EXACT-UNCLASSIFIED
5473,False,21,1,0.032158653535984565,0.055921358101382636,0.9963573292514429,0.003649317379392068,1.0,True,,False,False,gcd_k_not_2,0.0,False,1.0,True,EXACT-UNCLASSIFIED
5476,False,7,1,0.041402340945228856,0.06376557184764582,0.9665787219618395,0.03398926029751788,1.0,True,,False,False,gcd_k_not_2,0.0,False,1.0,True,EXACT-UNCLASSIFIED
5479,False,18,2,3.770051510043369,5.646880713749788,0.3158145067583864,1.039942164685749,0.4669421487603306,False,1.0,True,True,,0.0,False,0.5,False,EXACT-UNCLASSIFIED
5481,False,1,1,0.029673054935498776,0.05394784443264007,1.018706304246773,0.018532962628016094,1.0,True,,False,False,gcd_k_not_2,0.047520661157024795,False,1.0,True,EXACT-UNCLASSIFIED
5482,False,19,1,0.037127077956587026,0.062488110911095476,1.0302389122972049,0.02978852598484557,1.0,True,,False,False,gcd_k_not_2,0.0,False,1.0,True,EXACT-UNCLASSIFIED
5483,False,3,1,0.05889872187611245,0.09620719069798313,1.0171138373769884,0.01696863812033807,1.0,True,,False,False,gcd_k_not_2,0.16942148760330578,False,1.0,True,EXACT-UNCLASSIFIED
5484,False,21,1,0.05789841649891511,0.09300271666271354,1.0035759453349171,0.003569563053742156,1.0,True,,False,False,gcd_k_not_2,0.0,False,1.0,True,EXACT-UNCLASSIFIED
5485,False,1,1,0.06184347364443591,0.10106254502266189,1.0162429482203028,0.01611209426387832,1.0,True,,False,False,gcd_k_not_2,0.0,False,1.0,True,EXACT-UNCLASSIFIED
5487,False,7,1,0.034654872944968274,0.05292505491620754,0.9948648394448568,0.005148379432635876,1.0,True,,False,False,gcd_k_not_2,0.6363636363636364,False,1.0,True,EXACT-UNCLASSIFIED
5488,False,15,1,0.059395407228550044,0.09625807168408267,1.0013717989418924,0.00137085867065542,1.0,True,,False,False,gcd_k_not_2,0.0,False,1.0,True,EXACT-UNCLASSIFIED
5490,False,15,1,0.06034361502897184,0.09063224425918237,0.9989461794168848,0.0010543761447570385,1.0,True,,False,False,gcd_k_not_2,0.0,False,1.0,True,EXACT-UNCLASSIFIED
5494,False,17,1,0.060413052261260675,0.10113686351275893,0.9875160343003699,0.012562379859264419,1.0,True,,False,False,gcd_k_not_2,0.0,False,1.0,True,EXACT-UNCLASSIFIED
5495,False,5,1,0.06626055376581345,0.0969612465419322,1.0011997785682405,0.001199059265436122,1.0,True,,False,False,gcd_k_not_2,0.0,False,1.0,True,EXACT-UNCLASSIFIED
5496,False,7,1,0.05194038429467986,0.08148210506678231,1.0101423944487067,0.010091219882448476,1.0,True,,False,False,gcd_k_not_2,0.0,False,1.0,True,EXACT-UNCLASSIFIED
5499,False,3,1,0.04139121572829942,0.06720989715203751,1.021102985463542,0.020882642413891643,1.0,True,,False,False,gcd_k_not_2,0.0,False,1.0,True,EXACT-UNCLASSIFIED
5500,False,7,1,0.06302993518504904,0.10068671615597267,0.9749551359765063,0.02536246375147189,1.0,True,,False,False,gcd_k_not_2,0.2727272727272727,False,1.0,True,EXACT-UNCLASSIFIED
5502,False,3,1,0.04366652951521178,0.07220526737785668,1.0008349967823926,0.000834648318062722,1.0,True,,False,False,gcd_k_not_2,0.5,False,1.0,True,EXACT-UNCLASSIFIED
5504,False,1,1,0.04036206863633693,0.06595337622953254,0.9843075701087981,0.015816529783577317,1.0,True,,False,False,gcd_k_not_2,0.0,False,1.0,True,EXACT-UNCLASSIFIED
5506,False,19,1,0.06125043202473425,0.10084491833265188,0.9801153836286839,0.020084300678353685,1.0,True,,False,False,gcd_k_not_2,0.0,False,1.0,True,EXACT-UNCLASSIFIED
5507,False,8,2,3.777090790955413,5.657393574512528,0.31261692946397496,1.0473475621203931,0.512396694214876,False,1.0,True,True,,0.0,False,0.5,False,EXACT-UNCLASSIFIED
5508,False,7,1,0.05026359685227205,0.08183434926485783,1.0349323443931147,0.034332683825449434,1.0,True,,False,False,gcd_k_not_2,0.0,False,1.0,True,EXACT-UNCLASSIFIED
5510,False,20,2,3.7658778793468737,5.640647403567334,0.3156531217626963,1.0403150601283473,0.5103305785123967,False,1.0,True,True,,0.06818181818181818,False,0.5,False,EXACT-UNCLASSIFIED
5511,False,3,1,0.041896918927838644,0.0684870385276395,1.021859189059043,0.021622859967034606,1.0,True,,False,False,gcd_k_not_2,0.0,False,1.0,True,EXACT-UNCLASSIFIED
5513,False,13,1,0.04068889540456902,0.07108098215613291,1.0173560124209036,0.01720669263535256,1.0,True,,False,False,gcd_k_not_2,0.0,False,1.0,True,EXACT-UNCLASSIFIED
5514,False,9,1,0.07780799349133394,0.12033523592255894,0.9832544199411114,0.016886971122329137,1.0,True,,False,False,gcd_k_not_2,0.0,False,1.0,True,EXACT-UNCLASSIFIED
5515,False,3,1,0.04998979322331711,0.08045256734866905,0.963945761004603,0.036716124967681806,1.0,True,,False,False,gcd_k_not_2,0.0,False,1.0,True,EXACT-UNCLASSIFIED
5516,False,9,1,0.04039664862107777,0.06900400171978567,1.0193668929923672,0.019181153320453465,1.0,True,,False,False,gcd_k_not_2,0.0,False,1.0,True,EXACT-UNCLASSIFIED
5519,False,13,1,0.03725018388966867,0.0628506175282905,1.0539353925700026,0.052519074129703164,1.0,True,,False,False,gcd_k_not_2,0.0,False,1.0,True,EXACT-UNCLASSIFIED
5521,False,7,1,0.042137203621201116,0.07200133398107611,1.0127045353524642,0.0126243421518791,1.0,True,,False,False,gcd_k_not_2,0.0,False,1.0,True,EXACT-UNCLASSIFIED
5524,False,21,1,0.059076721427847124,0.09159904624800616,0.9999300260058994,6.997644236616133e-05,1.0,True,,False,False,gcd_k_not_2,0.0,False,1.0,True,EXACT-UNCLASSIFIED
5527,False,15,1,0.05745515566106122,0.09256825536776056,0.9819822288262057,0.01818156682914862,1.0,True,,False,False,gcd_k_not_2,0.0,False,1.0,True,EXACT-UNCLASSIFIED
5528,False,3,1,0.05173647426591286,0.0827646359602152,0.9829295255308407,0.017217429312914666,1.0,True,,False,False,gcd_k_not_2,0.0,False,1.0,True,EXACT-UNCLASSIFIED
5531,False,3,1,0.05561901139967176,0.09607153942575511,0.9944718757333662,0.0055434466977391525,1.0,True,,False,False,gcd_k_not_2,0.0,False,1.0,True,EXACT-UNCLASSIFIED
5532,False,12,2,3.7874810975453124,5.67291048974393,0.30907231664220947,1.0555989528982337,0.5,False,1.0,True,True,,0.0,False,0.5,False,EXACT-UNCLASSIFIED
5534,False,15,1,0.059819033913443086,0.09905748308052946,0.9798639589556684,0.020340832968092307,1.0,True,,False,False,gcd_k_not_2,0.3181818181818182,False,1.0,True,EXACT-UNCLASSIFIED
5536,False,7,1,0.04143685048605352,0.0643403768725692,0.9979731600584772,0.002028896065313965,1.0,True,,False,False,gcd_k_not_2,0.09090909090909091,False,1.0,True,EXACT-UNCLASSIFIED
5537,False,3,1,0.05344574699999026,0.08255616630819183,0.9836879265695564,0.016446209317463045,1.0,True,,False,False,gcd_k_not_2,0.0,False,1.0,True,EXACT-UNCLASSIFIED
5540,False,17,1,0.0513619049391068,0.0747184593451647,0.9919396351958717,0.008092980993709442,1.0,True,,False,False,gcd_k_not_2,0.4090909090909091,False,1.0,True,EXACT-UNCLASSIFIED
5541,False,9,1,0.04007741959433115,0.060962128245231145,0.9881717867877635,0.011898582698778786,1.0,True,,False,False,gcd_k_not_2,0.0,False,1.0,True,EXACT-UNCLASSIFIED
5542,False,18,2,3.7869415839670046,5.67210500286761,0.3115282584175147,1.0498770989703154,0.5165289256198347,False,1.0,True,True,,0.0,False,0.5,False,EXACT-UNCLASSIFIED
5543,False,7,1,0.0574693893605213,0.09574594344275388,1.0134333877312434,0.013343761768429026,1.0,True,,False,False,gcd_k_not_2,0.0,False,1.0,True,EXACT-UNCLASSIFIED
5545,False,20,2,3.7661088495590076,5.640992371406985,0.31774261647667135,1.0354941473282875,0.5144628099173554,False,1.0,True,True,,0.0,False,0.5,False,EXACT-UNCLASSIFIED
5549,False,10,2,3.7724867151509254,5.650517567491855,0.3155536673521024,1.040544904603589,0.5371900826446281,False,1.0,True,True,,0.0,False,0.5,False,EXACT-UNCLASSIFIED
5551,False,15,1,0.028960762237900436,0.049316343876105055,0.9723539091297675,0.028033600605106842,1.0,True,,False,False,gcd_k_not_2,0.0,False,1.0,True,EXACT-UNCLASSIFIED
5552,False,19,1,0.0395616498108049,0.05493161181660312,1.0094552566989468,0.009410766094368686,1.0,True,,False,False,gcd_k_not_2,0.0,False,1.0,True,EXACT-UNCLASSIFIED
5553,False,19,1,0.054985566435166014,0.08859284563413374,0.9853379027062914,0.014770379665569343,1.0,True,,False,False,gcd_k_not_2,0.49586776859504134,False,1.0,True,EXACT-UNCLASSIFIED
5555,False,15,1,0.04735742151660222,0.07631862091882861,0.9962468995273535,0.003760156595394238,1.0,True,,False,False,gcd_k_not_2,0.0,False,1.0,True,EXACT-UNCLASSIFIED
5556,False,5,1,0.04771734556915809,0.07810554064455853,0.9947801208043854,0.005233538414759962,1.0,True,,False,False,gcd_k_not_2,0.0,False,1.0,True,EXACT-UNCLASSIFIED
5557,False,21,1,0.07401711351298529,0.11701534900340753,0.997081794140442,0.0029224700441616213,1.0,True,,False,False,gcd_k_not_2,0.0,False,1.0,True,EXACT-UNCLASSIFIED
5559,False,19,1,0.059088748084308064,0.09345841940154635,1.0216255575756215,0.021394226536743385,1.0,True,,False,False,gcd_k_not_2,0.0,False,1.0,True,EXACT-UNCLASSIFIED
5561,False,21,1,0.07333586413385514,0.12231565916268257,0.9909913268642275,0.009049434836023117,1.0,True,,False,False,gcd_k_not_2,0.0,False,1.0,True,EXACT-UNCLASSIFIED
5562,False,10,2,3.7813502466138242,5.663754759208518,0.31615542640261,1.0391547379271344,0.5330578512396694,False,1.0,True,True,,0.36363636363636365,False,0.5,False,EXACT-UNCLASSIFIED
5565,False,21,1,0.03994150225304225,0.06390338024146736,1.0246644235074145,0.02436396196925049,1.0,True,,False,False,gcd_k_not_2,0.0,False,1.0,True,EXACT-UNCLASSIFIED
5566,False,21,1,0.048083236437829385,0.082155540496317,0.9853569419840513,0.014751058317317224,1.0,True,,False,False,gcd_k_not_2,0.0,False,1.0,True,EXACT-UNCLASSIFIED
5567,False,15,1,0.03709365843061792,0.0546062126059743,1.016561106469216,0.016425097574367657,1.0,True,,False,False,gcd_k_not_2,0.5,False,1.0,True,EXACT-UNCLASSIFIED
5568,False,21,1,0.04365768580767683,0.07221690559549962,1.0419386460784497,0.041077283256275104,1.0,True,,False,False,gcd_k_not_2,0.0,False,1.0,True,EXACT-UNCLASSIFIED
5571,False,1,1,0.043245648372867714,0.08295974556496688,1.0069940386348826,0.006969665579714243,1.0,True,,False,False,gcd_k_not_2,0.0,False,1.0,True,EXACT-UNCLASSIFIED
5572,False,15,1,0.07138455358081668,0.11344531976745738,0.9943417547206911,0.0056742985658456676,1.0,True,,False,False,gcd_k_not_2,0.0,False,1.0,True,EXACT-UNCLASSIFIED
5575,False,1,1,0.047176394309952,0.07204665274164972,1.0018509660057862,0.001849254552130188,1.0,True,,False,False,gcd_k_not_2,0.4132231404958678,False,1.0,True,EXACT-UNCLASSIFIED
5577,False,13,1,0.042277110153912084,0.06939636017993507,1.0206778441888231,0.02046624527337648,1.0,True,,False,False,gcd_k_not_2,0.0,False,1.0,True,EXACT-UNCLASSIFIED
5582,False,3,1,0.04585222946475244,0.07275422246058774,0.9917400294052746,0.008294225624608057,1.0,True,,False,False,gcd_k_not_2,0.0,False,1.0,True,EXACT-UNCLASSIFIED
5585,False,15,1,0.05320480455860009,0.07937502768796224,1.0009100680736653,0.0009096541500653294,1.0,True,,False,False,gcd_k_not_2,0.0,False,1.0,True,EXACT-UNCLASSIFIED
5587,False,3,1,0.06524482125984146,0.1000960708959644,0.9944345609394301,0.005580969332930573,1.0,True,,False,False,gcd_k_not_2,0.0,False,1.0,True,EXACT-UNCLASSIFIED
5588,False,7,1,0.046664053190838696,0.07316503048946353,0.9990037378093485,0.0009967587071580564,1.0,True,,False,False,gcd_k_not_2,0.0,False,1.0,True,EXACT-UNCLASSIFIED
5589,False,21,1,0.04109873216102751,0.07081161852071534,0.9824429228591317,0.017712567598714996,1.0,True,,False,False,gcd_k_not_2,0.0,False,1.0,True,EXACT-UNCLASSIFIED
5590,False,13,1,0.03872757909043097,0.06337440196598981,1.0217440390620376,0.021510179965338754,1.0,True,,False,False,gcd_k_not_2,0.0,False,1.0,True,EXACT-UNCLASSIFIED
5591,False,7,1,0.02957833282514227,0.04795468247331923,1.0188373675078441,0.01866159980097642,1.0,True,,False,False,gcd_k_not_2,0.6363636363636364,False,1.0,True,EXACT-UNCLASSIFIED
5592,False,1,1,0.08817529097404785,0.13609891998410284,0.9974105739908095,0.002592782918953754,1.0,True,,False,False,gcd_k_not_2,0.0,False,1.0,True,EXACT-UNCLASSIFIED
5595,False,18,2,3.775301406822922,5.6547213411070185,0.31770675487997624,1.0355767587791878,0.5289256198347108,False,1.0,True,True,,0.3409090909090909,False,0.5,False,EXACT-UNCLASSIFIED
5596,False,8,2,3.778368722749225,5.659301945966842,0.3183774205668568,1.0340325445502077,0.49793388429752067,False,1.0,True,True,,0.0,False,0.5,False,EXACT-UNCLASSIFIED
5597,False,6,2,3.7738461193805146,5.6525478913318326,0.3151095239850758,1.0415717680145045,0.48760330578512395,False,1.0,True,True,,0.004132231404958678,False,0.5,False,EXACT-UNCLASSIFIED
5598,False,5,1,0.06047723682248074,0.09435365925276577,0.9945329077861892,0.005482077726036624,1.0,True,,False,False,gcd_k_not_2,0.0,False,1.0,True,EXACT-UNCLASSIFIED
5601,False,1,1,0.04987401894106987,0.08171356747626556,1.0031263322236175,0.003121452874264782,1.0,True,,False,False,gcd_k_not_2,0.0,False,1.0,True,EXACT-UNCLASSIFIED
5604,False,21,1,0.0678210796159501,0.10845077100787794,0.9923265464999624,0.0077030078362584865,1.0,True,,False,False,gcd_k_not_2,0.0,False,1.0,True,EXACT-UNCLASSIFIED
5607,False,8,2,3.738923822743884,5.600391128083653,0.31342219427660756,1.0454792201856133,0.5289256198347108,False,1.0,True,True,,0.0,False,0.5,False,EXACT-UNCLASSIFIED
5610,False,7,1,0.05670303194489163,0.09138165964459731,1.0145350573022547,0.014430185515579135,1.0,True,,False,False,gcd_k_not_2,0.18181818181818182,False,1.0,True,EXACT-UNCLASSIFIED
5611,False,12,2,3.7677378033064985,5.643425420260519,0.31534994997095556,1.0410158149079067,0.53099173553719,False,1.0,True,True,,0.0,False,0.5,False,EXACT-UNCLASSIFIED
5613,False,3,1,0.03988951650398304,0.06382346177772037,1.0029200887392904,0.0029158314959318475,1.0,True,,False,False,gcd_k_not_2,0.0,False,1.0,True,EXACT-UNCLASSIFIED
5614,False,13,1,0.0469207953363656,0.07049502641833189,0.9983966784731102,0.001604607878066381,1.0,True,,False,False,gcd_k_not_2,0.0,False,1.0,True,EXACT-UNCLASSIFIED
5616,False,9,1,0.04463517631954466,0.05997641820930575,0.9984499674984714,0.0015512347336559915,1.0,True,,False,False,gcd_k_not_2,0.0,False,1.0,True,EXACT-UNCLASSIFIED
5617,False,1,1,0.06671595113335903,0.10817760898487115,0.9861460603862822,0.013950574824314227,1.0,True,,False,False,gcd_k_not_2,0.09090909090909091,False,1.0,True,EXACT-UNCLASSIFIED
5618,False,15,1,0.04605984889806144,0.07869960557926609,0.9743915021815894,0.025940648336578276,1.0,True,,False,False,gcd_k_not_2,0.0,False,1.0,True,EXACT-UNCLASSIFIED
5619,False,9,1,0.07423372104984023,0.11795916952474556,0.981938653441947,0.0182259390588974,1.0,True,,False,False,gcd_k_not_2,0.0,False,1.0,True,EXACT-UNCLASSIFIED
5622,False,13,1,0.057384152416479074,0.08855111648461693,0.9888417068539052,0.011220896170511106,1.0,True,,False,False,gcd_k_not_2,0.0,False,1.0,True,EXACT-UNCLASSIFIED
5625,False,3,1,0.054149654850267646,0.09059076386379976,0.9227451845893248,0.08035887025474565,1.0,True,,False,False,gcd_k_not_2,0.0,False,1.0,True,EXACT-UNCLASSIFIED
5628,False,3,1,0.06979974841727449,0.1131727654749442,0.9875663818965504,0.012511399082515478,1.0,True,,False,False,gcd_k_not_2,0.0,False,1.0,True,EXACT-UNCLASSIFIED
5630,False,13,1,0.0698872256515173,0.11606032086561961,0.9961265334908221,0.0038809829378941845,1.0,True,,False,False,gcd_k_not_2,0.0,False,1.0,True,EXACT-UNCLASSIFIED
5632,False,21,1,0.02999621488294545,0.05101435599933274,0.9993751616882637,0.0006250335842011068,1.0,True,,False,False,gcd_k_not_2,0.18181818181818182,False,1.0,True,EXACT-UNCLASSIFIED
5635,False,20,2,3.7763154199446305,5.656235420651943,0.31101803717194365,1.051064048385315,0.5268595041322314,False,1.0,True,True,,0.0,False,0.5,False,EXACT-UNCLASSIFIED
5638,False,13,1,0.03219187056139726,0.057288553908996724,1.0109649080621894,0.010905121236307916,1.0,True,,False,False,gcd_k_not_2,0.0,False,1.0,True,EXACT-UNCLASSIFIED
5639,False,19,1,0.04308787878417813,0.06970373646610774,1.0016625005402635,0.0016611197340357707,1.0,True,,False,False,gcd_k_not_2,0.0,False,1.0,True,EXACT-UNCLASSIFIED
5641,False,13,1,0.03347249351118555,0.05882432784291164,1.0009723795770296,0.0009719070457484265,1.0,True,,False,False,gcd_k_not_2,0.0,False,1.0,True,EXACT-UNCLASSIFIED
5644,False,7,1,0.03787365972529735,0.07013998902061211,0.9900267059219907,0.010023276620691024,1.0,True,,False,False,gcd_k_not_2,0.0,False,1.0,True,EXACT-UNCLASSIFIED
5645,False,13,1,0.033845364325899095,0.05013394175336024,1.0242361935698077,0.023946013461073674,1.0,True,,False,False,gcd_k_not_2,0.0,False,1.0,True,EXACT-UNCLASSIFIED
5646,False,15,1,0.05895261251317196,0.09551156924385099,0.9851548402280147,0.014956173162069469,1.0,True,,False,False,gcd_k_not_2,0.0,False,1.0,True,EXACT-UNCLASSIFIED
5648,False,12,2,3.7764751127741665,5.656473891815867,0.3210181973648024,1.0279673724247649,0.49586776859504134,False,1.0,True,True,,0.0,False,0.5,False,EXACT-UNCLASSIFIED
5649,False,3,1,0.04845682027902941,0.08019806824816743,0.9510965303223079,0.05012921597437679,1.0,True,,False,False,gcd_k_not_2,0.0,False,1.0,True,EXACT-UNCLASSIFIED
5654,False,3,1,0.04053396568033524,0.0675538185099458,0.9988322313084813,0.0011684509317265483,1.0,True,,False,False,gcd_k_not_2,0.0,False,1.0,True,EXACT-UNCLASSIFIED
5655,False,10,2,3.7710751546369536,5.648409439428895,0.31877650640261523,1.0331143909374603,0.5082644628099173,False,1.0,True,True,,0.0,False,0.5,False,EXACT-UNCLASSIFIED
5656,False,1,1,0.0625567801653667,0.09896142638379825,0.99253930421908,0.007488630979697552,1.0,True,,False,False,gcd_k_not_2,0.0,False,1.0,True,EXACT-UNCLASSIFIED
5660,False,15,1,0.03828011864464223,0.061033774855308524,1.0061043114681654,0.006085736851537925,1.0,True,,False,False,gcd_k_not_2,0.0,False,1.0,True,EXACT-UNCLASSIFIED
5661,False,7,1,0.06680410606642373,0.10997601352418411,1.0203637024705976,0.020158452110078787,1.0,True,,False,False,gcd_k_not_2,0.0,False,1.0,True,EXACT-UNCLASSIFIED
5662,False,17,1,0.0597318753188269,0.09667959093514536,0.983679330002365,0.016454947884762813,1.0,True,,False,False,gcd_k_not_2,0.0,False,1.0,True,EXACT-UNCLASSIFIED
5664,False,13,1,0.06375252457338174,0.11003993224064182,0.9949577938694419,0.005054950180954042,1.0,True,,False,False,gcd_k_not_2,0.0,False,1.0,True,EXACT-UNCLASSIFIED
5665,False,5,1,0.06349335787403058,0.10078040482083489,0.9881300910815525,0.011940776885470504,1.0,True,,False,False,gcd_k_not_2,0.0,False,1.0,True,EXACT-UNCLASSIFIED
5667,False,19,1,0.044444549908130654,0.07040187671241384,1.0127336987611277,0.012653138136421632,1.0,True,,False,False,gcd_k_not_2,0.0,False,1.0,True,EXACT-UNCLASSIFIED
5669,False,9,1,0.037086766511666085,0.06032229623917003,0.9898888553164369,0.010162522048956598,1.0,True,,False,False,gcd_k_not_2,0.0,False,1.0,True,EXACT-UNCLASSIFIED
5670,False,13,1,0.05769028790812115,0.08810745298648931,1.0380435445896599,0.037333397208958605,1.0,True,,False,False,gcd_k_not_2,0.3512396694214876,False,1.0,True,EXACT-UNCLASSIFIED
5671,False,15,1,0.0655164217051918,0.09682819828298533,1.0220091001648526,0.02176953621332189,1.0,True,,False,False,gcd_k_not_2,0.0,False,1.0,True,EXACT-UNCLASSIFIED
5672,False,2,2,3.7735267618465422,5.652070945767941,0.32056799759851157,1.0289996480863592,0.49173553719008267,False,1.0,True,True,,0.0,False,0.5,False,EXACT-UNCLASSIFIED
5675,False,10,2,3.767161939136467,5.642565149664261,0.31907119516743443,1.032436774189634,0.518595041322314,False,1.0,True,True,,0.0,False,0.5,False,EXACT-UNCLASSIFIED
5676,False,15,1,0.053731695954451354,0.08804643703233979,1.0021104221183401,0.002108197524996857,1.0,True,,False,False,gcd_k_not_2,0.3181818181818182,False,1.0,True,EXACT-UNCLASSIFIED
5677,False,1,1,0.0586544549985471,0.0941143428121264,0.9988376703451733,0.0011630055527479526,1.0,True,,False,False,gcd_k_not_2,0.0,False,1.0,True,EXACT-UNCLASSIFIED
5678,False,10,2,3.7622294415791044,5.635198616369631,0.3186175341725924,1.0334800625186018,0.4793388429752066,False,1.0,True,True,,0.0,False,0.5,False,EXACT-UNCLASSIFIED
5679,False,9,1,0.06273890446140576,0.1007229153203453,0.9854964065684576,0.014609538837301645,1.0,True,,False,False,gcd_k_not_2,0.0,False,1.0,True,EXACT-UNCLASSIFIED
5681,False,15,1,0.03827735897281717,0.06743699399498353,1.0002575125075521,0.00025747935547494605,1.0,True,,False,False,gcd_k_not_2,0.0,False,1.0,True,EXACT-UNCLASSIFIED
5683,False,20,2,3.776712559781655,5.656828534714522,0.31506433727007693,1.0416762789747172,0.5020661157024794,False,1.0,True,True,,0.0,False,0.5,False,EXACT-UNCLASSIFIED
5685,False,15,1,0.0702499524160557,0.1064168810129864,1.0126346412018066,0.01255532518734952,1.0,True,,False,False,gcd_k_not_2,0.0,False,1.0,True,EXACT-UNCLASSIFIED
5688,False,9,1,0.08166997817981134,0.13786898633896788,1.0069493707157005,0.006925307451300889,1.0,True,,False,False,gcd_k_not_2,0.44214876033057854,False,1.0,True,EXACT-UNCLASSIFIED
5689,False,17,1,0.06446339383739522,0.10858576712107623,0.9754115733078803,0.024894484799383543,1.0,True,,False,False,gcd_k_not_2,0.0,False,1.0,True,EXACT-UNCLASSIFIED
5690,False,9,1,0.05250212394293914,0.08415965656154444,0.997439109182169,0.0025641741027885097,1.0,True,,False,False,gcd_k_not_2,0.0,False,1.0,True,EXACT-UNCLASSIFIED
5697,False,17,1,0.052295971549559235,0.08642315000656642,1.025768852914341,0.025441059454802933,1.0,True,,False,False,gcd_k_not_2,0.0,False,1.0,True,EXACT-UNCLASSIFIED
5699,False,7,1,0.04359749725084396,0.06845585237477379,0.9932539977429795,0.006768833540190213,1.0,True,,False,False,gcd_k_not_2,0.18181818181818182,False,1.0,True,EXACT-UNCLASSIFIED
5700,False,5,1,0.031053732082704382,0.051485461486703514,0.9741402645237015,0.02619847833612536,1.0,True,,False,False,gcd_k_not_2,0.5,False,1.0,True,EXACT-UNCLASSIFIED
5701,False,1,1,0.04765807404694311,0.08074896015192058,0.9975610433321831,0.0024419345540984865,1.0,True,,False,False,gcd_k_not_2,0.0,False,1.0,True,EXACT-UNCLASSIFIED
5702,False,3,1,0.05101671737386052,0.08312681232606647,1.0098166018178976,0.009768654323004694,1.0,True,,False,False,gcd_k_not_2,0.0,False,1.0,True,EXACT-UNCLASSIFIED
5705,False,17,1,0.05238413558296232,0.08639614481987597,1.007913901742949,0.007882710245772463,1.0,True,,False,False,gcd_k_not_2,0.0,False,1.0,True,EXACT-UNCLASSIFIED
5707,False,3,1,0.04104750365096518,0.06236459914077734,0.9944081718314206,0.005607506274349566,1.0,True,,False,False,gcd_k_not_2,0.0,False,1.0,True,EXACT-UNCLASSIFIED
5708,False,10,2,3.770045047000587,5.6468709603319045,0.32085606197020766,1.0283390561372319,0.5020661157024794,False,1.0,True,True,,0.22727272727272727,False,0.5,False,EXACT-UNCLASSIFIED
5710,False,15,1,0.056666066999141174,0.0845018255698327,1.0023742153253656,0.0023714002179955535,1.0,True,,False,False,gcd_k_not_2,0.5909090909090909,False,1.0,True,EXACT-UNCLASSIFIED
5711,False,4,2,3.7765347433803087,5.656563492392786,0.31141786548902906,1.0501338324443183,0.512396694214876,False,1.0,True,True,,0.0,False,0.5,False,EXACT-UNCLASSIFIED
5712,False,9,1,0.03508845883656824,0.05828740025481745,1.0143739822644795,0.014271413740482197,1.0,True,,False,False,gcd_k_not_2,0.17355371900826447,False,1.0,True,EXACT-UNCLASSIFIED
5713,False,9,1,0.05100181630796908,0.07976169887848389,0.9908980211004697,0.009143591287010526,1.0,True,,False,False,gcd_k_not_2,0.0,False,1.0,True,EXACT-UNCLASSIFIED
5716,False,19,1,0.06196650666597104,0.09713230977641737,0.9814421574685324,0.018731652056073075,1.0,True,,False,False,gcd_k_not_2,0.0,False,1.0,True,EXACT-UNCLASSIFIED
5717,False,13,1,0.058000939764379526,0.09781466821803882,1.014998277407753,0.014886640426360965,1.0,True,,False,False,gcd_k_not_2,0.0,False,1.0,True,EXACT-UNCLASSIFIED
5720,False,9,1,0.04209236547028645,0.0727392024016825,0.9853025844455511,0.014806222154345858,1.0,True,,False,False,gcd_k_not_2,0.0,False,1.0,True,EXACT-UNCLASSIFIED
5721,False,3,1,0.05097646924021097,0.08472299369771259,0.9696836819152482,0.030782930643232367,1.0,True,,False,False,gcd_k_not_2,0.0,False,1.0,True,EXACT-UNCLASSIFIED
5722,False,19,1,0.043000325236746205,0.07654820239064387,1.0978508299041092,0.09328673755948788,1.0,True,,False,False,gcd_k_not_2,0.0,False,1.0,True,EXACT-UNCLASSIFIED
5725,False,5,1,0.059722226767283414,0.0961196316190942,1.0145910779640803,0.014485399169766872,1.0,True,,False,False,gcd_k_not_2,0.0,False,1.0,True,EXACT-UNCLASSIFIED
5726,False,3,1,0.041057603880930535,0.06285310145390008,1.0062954938407938,0.006275739401419714,1.0,True,,False,False,gcd_k_not_2,0.0,False,1.0,True,EXACT-UNCLASSIFIED
5727,False,9,1,0.07587702388262997,0.12962094938817798,1.0136604976358394,0.013567826008284658,1.0,True,,False,False,gcd_k_not_2,0.0,False,1.0,True,EXACT-UNCLASSIFIED
5728,False,3,1,0.04458250752733769,0.07354804370388499,0.9852982337613638,0.014810637503849545,1.0,True,,False,False,gcd_k_not_2,0.4090909090909091,False,1.0,True,EXACT-UNCLASSIFIED
5730,False,15,1,0.04498123782667978,0.07656217275406917,1.0012312210467242,0.0012304635604078462,1.0,True,,False,False,gcd_k_not_2,0.0,False,1.0,True,EXACT-UNCLASSIFIED
5731,False,17,1,0.06290403417817708,0.1023906667512458,1.0013114433485095,0.0013105839701943707,1.0,True,,False,False,gcd_k_not_2,0.09090909090909091,False,1.0,True,EXACT-UNCLASSIFIED
5732,False,1,1,0.06702215498111419,0.10683816701914015,0.9931809400693928,0.006842389261829621,1.0,True,,False,False,gcd_k_not_2,0.0,False,1.0,True,EXACT-UNCLASSIFIED
5737,False,1,1,0.07406906013916684,0.11475826930250392,0.9873412509493489,0.012739381366540962,1.0,True,,False,False,gcd_k_not_2,0.0,False,1.0,True,EXACT-UNCLASSIFIED
5739,False,3,1,0.03541086555505153,0.06096886048110044,0.9895132526868575,0.010542023079243198,1.0,True,,False,False,gcd_k_not_2,0.0,False,1.0,True,EXACT-UNCLASSIFIED
5740,False,15,1,0.04283367088071956,0.06546322087728632,0.9839312817178049,0.01619886578761126,1.0,True,,False,False,gcd_k_not_2,0.0,False,1.0,True,EXACT-UNCLASSIFIED
5741,False,19,1,0.06390049589935705,0.09872920992237348,1.0019163048759145,0.0019144705213170457,1.0,True,,False,False,gcd_k_not_2,0.0,False,1.0,True,EXACT-UNCLASSIFIED
5742,False,1,1,0.034982519046287755,0.05460660219687656,0.9965062111405981,0.0034999028201429102,1.0,True,,False,False,gcd_k_not_2,0.5454545454545454,False,1.0,True,EXACT-UNCLASSIFIED
5743,False,5,1,0.0669154699589841,0.11200889071323325,0.9916178984696983,0.00841737919381257,1.0,True,,False,False,gcd_k_not_2,0.0,False,1.0,True,EXACT-UNCLASSIFIED
5744,False,13,1,0.035444552850150364,0.054769908200499824,1.0083118571839194,0.008277456665096255,1.0,True,,False,False,gcd_k_not_2,0.5909090909090909,False,1.0,True,EXACT-UNCLASSIFIED
5746,False,17,1,0.05511678591881556,0.08756438539783282,1.007079559942255,0.007054588252055802,1.0,True,,False,False,gcd_k_not_2,0.0,False,1.0,True,EXACT-UNCLASSIFIED
5747,False,7,1,0.03648135989114916,0.06857639708130565,0.8864223758020073,0.12041590012385794,1.0,True,,False,False,gcd_k_not_2,0.0,False,1.0,True,EXACT-UNCLASSIFIED
5748,False,1,1,0.0493547159552635,0.07351227818970583,0.9953333857398556,0.00467752837044222,1.0,True,,False,False,gcd_k_not_2,0.6859504132231405,False,1.0,True,EXACT-UNCLASSIFIED
5750,False,15,1,0.03148133326611194,0.0508393888821656,0.9754454894646852,0.024859719659456367,1.0,True,,False,False,gcd_k_not_2,0.18181818181818182,False,1.0,True,EXACT-UNCLASSIFIED
5751,False,16,2,3.735863621457547,5.595820499003232,0.3082817135531269,1.0574454710801606,0.4607438016528926,False,1.0,True,True,,0.0,False,0.5,False,EXACT-UNCLASSIFIED
5756,False,20,2,3.7906560748331692,5.677651907988595,0.30992808808451233,1.0536027407803268,0.5289256198347108,False,1.0,True,True,,0.0,False,0.5,False,EXACT-UNCLASSIFIED
5759,False,3,1,0.06910160189069639,0.1049978271530926,1.0119142253217512,0.011843671237868919,1.0,True,,False,False,gcd_k_not_2,0.0,False,1.0,True,EXACT-UNCLASSIFIED
5763,False,13,1,0.05751837494095329,0.09521606879091149,1.0118749567141363,0.011804865580245417,1.0,True,,False,False,gcd_k_not_2,0.0,False,1.0,True,EXACT-UNCLASSIFIED
5764,False,21,1,0.05435348459781703,0.08541049240108378,1.0000495054658787,4.950424051337979e-05,1.0,True,,False,False,gcd_k_not_2,0.0,False,1.0,True,EXACT-UNCLASSIFIED
5765,False,19,1,0.056760811392472785,0.09640693904587497,1.0497172168693931,0.04851129361671459,1.0,True,,False,False,gcd_k_not_2,0.22727272727272727,False,1.0,True,EXACT-UNCLASSIFIED
5767,False,17,1,0.06110713440479328,0.09904785194822421,0.9990095839279513,0.000990906777047696,1.0,True,,False,False,gcd_k_not_2,0.0,False,1.0,True,EXACT-UNCLASSIFIED
5770,False,21,1,0.0666021634330438,0.10638214471256782,1.007104337483073,0.007079191002080137,1.0,True,,False,False,gcd_k_not_2,0.0,False,1.0,True,EXACT-UNCLASSIFIED
5771,False,8,2,3.7709454540931766,5.648216122367698,0.31493340731930114,1.0419791433808272,0.48760330578512395,False,1.0,True,True,,0.0,False,0.5,False,EXACT-UNCLASSIFIED
5773,False,19,1,0.06718793871796744,0.10886555106801131,0.99727027787627,0.0027334529071674466,1.0,True,,False,False,gcd_k_not_2,0.0,False,1.0,True,EXACT-UNCLASSIFIED
5774,False,3,1,0.06459887652989876,0.09756749215708298,1.0072367623641543,0.007210671406427082,1.0,True,,False,False,gcd_k_not_2,0.5909090909090909,False,1.0,True,EXACT-UNCLASSIFIED
5775,False,19,1,0.07632439519575547,0.12082007456097245,1.0075107877513492,0.0074826873132394,1.0,True,,False,False,gcd_k_not_2,0.0,False,1.0,True,EXACT-UNCLASSIFIED
5776,False,15,1,0.05250870728322216,0.084133210732418,0.96390570899199,0.03675766188035172,1.0,True,,False,False,gcd_k_not_2,0.0,False,1.0,True,EXACT-UNCLASSIFIED
5778,False,1,1,0.049337206974103154,0.07905343490021186,0.9916863979476515,0.008348304292197208,1.0,True,,False,False,gcd_k_not_2,0.3181818181818182,False,1.0,True,EXACT-UNCLASSIFIED
5779,False,21,1,0.07960803377369416,0.14136899086189478,1.000407487172931,0.0004074041669447986,1.0,True,,False,False,gcd_k_not_2,0.0,False,1.0,True,EXACT-UNCLASSIFIED
5780,False,3,1,0.05738021058271325,0.09077281394088128,0.971181732425752,0.02923958466151574,1.0,True,,False,False,gcd_k_not_2,0.0,False,1.0,True,EXACT-UNCLASSIFIED
5784,False,15,1,0.054986368924145684,0.0836559718250916,1.0011869343283546,0.0011862303395988305,1.0,True,,False,False,gcd_k_not_2,0.18181818181818182,False,1.0,True,EXACT-UNCLASSIFIED
5785,False,17,1,0.056636730974523986,0.0963366284604844,1.033670227873758,0.03311277060780976,1.0,True,,False,False,gcd_k_not_2,0.0,False,1.0,True,EXACT-UNCLASSIFIED
5788,False,19,1,0.08385735711927036,0.13303386194697187,0.9963454550384989,0.0036612350355271135,1.0,True,,False,False,gcd_k_not_2,0.0,False,1.0,True,EXACT-UNCLASSIFIED
5793,False,3,1,0.04961346281034508,0.08511331717529842,1.0007442890241511,0.000744012144114821,1.0,True,,False,False,gcd_k_not_2,0.0,False,1.0,True,EXACT-UNCLASSIFIED
5795,False,17,1,0.04626799249037421,0.07164559748542824,1.0337067590205418,0.033148101486150744,1.0,True,,False,False,gcd_k_not_2,0.0,False,1.0,True,EXACT-UNCLASSIFIED
5797,False,17,1,0.07723304249472607,0.12345572022458572,1.0063197681616531,0.0062998613301247525,1.0,True,,False,False,gcd_k_not_2,0.5,False,1.0,True,EXACT-UNCLASSIFIED
5799,False,17,1,0.04525433907320997,0.07579350706621263,1.0263151541580964,0.025973407052793843,1.0,True,,False,False,gcd_k_not_2,0.0,False,1.0,True,EXACT-UNCLASSIFIED
5800,False,5,1,0.07309877433352749,0.11801196300578815,0.9905253850639477,0.009519712742319903,1.0,True,,False,False,gcd_k_not_2,0.0,False,1.0,True,EXACT-UNCLASSIFIED
5804,False,5,1,0.036842566496758704,0.05617271377347293,0.9961048877003565,0.0039027130524497025,1.0,True,,False,False,gcd_k_not_2,0.5578512396694215,False,1.0,True,EXACT-UNCLASSIFIED
5805,False,17,1,0.0362501266459826,0.059221599863022306,0.9869860653851453,0.013099170488980844,1.0,True,,False,False,gcd_k_not_2,0.0,False,1.0,True,EXACT-UNCLASSIFIED
5808,False,21,1,0.06846127451484754,0.10425702422667094,0.9888993271077731,0.011162629240132909,1.0,True,,False,False,gcd_k_not_2,0.0,False,1.0,True,EXACT-UNCLASSIFIED
5814,False,3,1,0.045390850851100124,0.07224443741434335,0.998775056610231,0.0012256940927073327,1.0,True,,False,False,gcd_k_not_2,0.0,False,1.0,True,EXACT-UNCLASSIFIED
5815,False,17,1,0.05323260210424907,0.08223271367098701,0.999970294386939,2.9706054279281207e-05,1.0,True,,False,False,gcd_k_not_2,0.0,False,1.0,True,EXACT-UNCLASSIFIED
5817,False,5,1,0.057999682214838956,0.0936295169792601,0.9740407092587546,0.02630066403341095,1.0,True,,False,False,gcd_k_not_2,0.0,False,1.0,True,EXACT-UNCLASSIFIED
5818,False,1,1,0.04660623949311266,0.07273845837541656,1.0046625918690673,0.004651747269569176,1.0,True,,False,False,gcd_k_not_2,0.0,False,1.0,True,EXACT-UNCLASSIFIED
5819,False,7,1,0.05421410259192611,0.09145440957877733,0.9745854915564875,0.025741613672527537,1.0,True,,False,False,gcd_k_not_2,0.0,False,1.0,True,EXACT-UNCLASSIFIED
5822,False,19,1,0.036363643925979974,0.05291534570621761,0.9964240279711613,0.0035823772692946047,1.0,True,,False,False,gcd_k_not_2,0.0,False,1.0,True,EXACT-UNCLASSIFIED
5824,False,5,1,0.051234886878596106,0.08562042721024751,0.9962201298327819,0.003787027403170031,1.0,True,,False,False,gcd_k_not_2,0.2727272727272727,False,1.0,True,EXACT-UNCLASSIFIED
5827,False,3,1,0.04330261041835753,0.07392605651376338,1.021803623767903,0.021568488167281952,1.0,True,,False,False,gcd_k_not_2,0.0,False,1.0,True,EXACT-UNCLASSIFIED
5828,False,21,1,0.059000966511938306,0.09426724290665627,0.9959141151487471,0.004094249166576454,1.0,True,,False,False,gcd_k_not_2,0.0,False,1.0,True,EXACT-UNCLASSIFIED
5830,False,9,1,0.03665415826862066,0.06161802166545164,1.0268872965775993,0.02653062814395098,1.0,True,,False,False,gcd_k_not_2,0.0,False,1.0,True,EXACT-UNCLASSIFIED
5832,False,7,1,0.0428584964538619,0.07106095892280918,1.015186908888458,0.015072456873824084,1.0,True,,False,False,gcd_k_not_2,0.09090909090909091,False,1.0,True,EXACT-UNCLASSIFIED
5833,False,9,1,0.04101316011482794,0.06316183173364652,1.0311256194750849,0.03064864051405027,1.0,True,,False,False,gcd_k_not_2,0.0,False,1.0,True,EXACT-UNCLASSIFIED
5838,False,15,1,0.032693286459311556,0.05386156994071877,0.9910951109870602,0.008944714859477827,1.0,True,,False,False,gcd_k_not_2,0.0,False,1.0,True,EXACT-UNCLASSIFIED
5842,False,6,2,3.7654137477643532,5.639954573122105,0.31289787192554175,1.0466954707859042,0.5165289256198347,False,1.0,True,True,,0.0,False,0.5,False,EXACT-UNCLASSIFIED
5843,False,19,1,0.05580538782010501,0.08179888035317531,0.997507547135541,0.0024955629009093616,1.0,True,,False,False,gcd_k_not_2,0.7644628099173554,False,1.0,True,EXACT-UNCLASSIFIED
5844,False,7,1,0.05450915582243055,0.09185735092015057,0.9960836347652393,0.0039240492397717265,1.0,True,,False,False,gcd_k_not_2,0.0,False,1.0,True,EXACT-UNCLASSIFIED
5848,False,17,1,0.04319332928620055,0.07467254352778217,0.9843252209543697,0.015798598818485422,1.0,True,,False,False,gcd_k_not_2,0.0,False,1.0,True,EXACT-UNCLASSIFIED
5850,False,18,2,3.7812244415486784,5.663566726683598,0.3182716800027274,1.0342759088867965,0.5247933884297521,False,1.0,True,True,,0.0,False,0.5,False,EXACT-UNCLASSIFIED
5851,False,19,1,0.06108476975834966,0.09605101081404485,0.9829700668848861,0.017176187779643935,1.0,True,,False,False,gcd_k_not_2,0.0,False,1.0,True,EXACT-UNCLASSIFIED
5854,False,3,1,0.057414356048565894,0.08985591100620764,0.988804216076132,0.011258809523198908,1.0,True,,False,False,gcd_k_not_2,0.0,False,1.0,True,EXACT-UNCLASSIFIED
5856,False,9,1,0.04468549905255565,0.0715764038650358,0.9877065028694979,0.012369529518321699,1.0,True,,False,False,gcd_k_not_2,0.45867768595041325,False,1.0,True,EXACT-UNCLASSIFIED
5858,False,5,1,0.05253453366424265,0.07836333065002693,1.0203275608199953,0.020123034713979738,1.0,True,,False,False,gcd_k_not_2,0.0,False,1.0,True,EXACT-UNCLASSIFIED
5859,False,1,1,0.08913878196490163,0.13886550791145133,0.998335818190623,0.0016655677131222828,1.0,True,,False,False,gcd_k_not_2,0.0,False,1.0,True,EXACT-UNCLASSIFIED
5860,False,10,2,3.785766006115804,5.67034938973395,0.3172357488337655,1.0366621947069536,0.493801652892562,False,1.0,True,True,,0.0,False,0.5,False,EXACT-UNCLASSIFIED
5862,False,17,1,0.0778257345844624,0.13465944546789677,1.0019452619927287,0.0019433718090697868,1.0,True,,False,False,gcd_k_not_2,0.4380165289256198,False,1.0,True,EXACT-UNCLASSIFIED
5863,False,9,1,0.047853050776616175,0.07166112236881121,1.010763736571017,0.010706117655943398,1.0,True,,False,False,gcd_k_not_2,0.0,False,1.0,True,EXACT-UNCLASSIFIED
5864,False,18,2,3.7795901420305653,5.661126034071815,0.3165076183569707,1.0383417036295501,0.5475206611570248,False,1.0,True,True,,0.0,False,0.5,False,EXACT-UNCLASSIFIED
5865,False,21,1,0.050347763359245706,0.07956581105365915,0.9920669105115894,0.007964681754965043,1.0,True,,False,False,gcd_k_not_2,0.0,False,1.0,True,EXACT-UNCLASSIFIED
5866,False,1,1,0.044050760058615544,0.0714744831937978,1.0290479664050025,0.028632114061323828,1.0,True,,False,False,gcd_k_not_2,0.0,False,1.0,True,EXACT-UNCLASSIFIED
5869,False,1,1,0.038154612966978314,0.0691993055552208,0.9688938129916224,0.03159762786913687,1.0,True,,False,False,gcd_k_not_2,0.0,False,1.0,True,EXACT-UNCLASSIFIED
5870,False,5,1,0.041944278443974414,0.06363777105650262,0.9969297265722982,0.00307499396383055,1.0,True,,False,False,gcd_k_not_2,0.36363636363636365,False,1.0,True,EXACT-UNCLASSIFIED
5878,False,19,1,0.05674707540257455,0.09139496913741972,0.9731034315464994,0.027263211875739688,1.0,True,,False,False,gcd_k_not_2,0.0,False,1.0,True,EXACT-UNCLASSIFIED
5880,False,13,1,0.06562003702437053,0.10575962501664021,1.0468955446223813,0.045821140942521994,1.0,True,,False,False,gcd_k_not_2,0.0,False,1.0,True,EXACT-UNCLASSIFIED
5882,False,1,1,0.06413448293460962,0.09310046084728489,1.0020215540217579,0.0020195127447024354,1.0,True,,False,False,gcd_k_not_2,0.0,False,1.0,True,EXACT-UNCLASSIFIED
5883,False,19,1,0.06067922213636464,0.09583902129308115,0.9921540122500193,0.007876888736247017,1.0,True,,False,False,gcd_k_not_2,0.0,False,1.0,True,EXACT-UNCLASSIFIED
5885,False,17,1,0.0415186294425964,0.06996522455183968,0.9872124010744296,0.012869886398309946,1.0,True,,False,False,gcd_k_not_2,0.0,False,1.0,True,EXACT-UNCLASSIFIED
5886,False,17,1,0.06004596359617821,0.0868672482160765,1.0285626047595924,0.0281604370430335,1.0,True,,False,False,gcd_k_not_2,0.0,False,1.0,True,EXACT-UNCLASSIFIED
5889,False,1,1,0.051827065115081325,0.0882730485607956,0.9853658688523683,0.01474199932336997,1.0,True,,False,False,gcd_k_not_2,0.0,False,1.0,True,EXACT-UNCLASSIFIED
5890,False,10,2,3.7715222722559996,5.649077913425728,0.31670669380845357,1.0378823308252245,0.49586776859504134,False,1.0,True,True,,0.0,False,0.5,False,EXACT-UNCLASSIFIED
5892,False,7,1,0.06693718844080977,0.0982895144763322,1.0135870647140908,0.01349538339035772,1.0,True,,False,False,gcd_k_not_2,0.0,False,1.0,True,EXACT-UNCLASSIFIED
5898,False,7,1,0.07045848904272169,0.12202078182275956,0.9988553061881268,0.001145349349029343,1.0,True,,False,False,gcd_k_not_2,0.0,False,1.0,True,EXACT-UNCLASSIFIED
5899,False,3,1,0.06340336935410225,0.10346578138307767,1.0173188180659554,0.01717013484517949,1.0,True,,False,False,gcd_k_not_2,0.0,False,1.0,True,EXACT-UNCLASSIFIED
5900,False,9,1,0.03259472521523067,0.05351765913560963,1.0159840737034833,0.01585734124785973,1.0,True,,False,False,gcd_k_not_2,0.0,False,1.0,True,EXACT-UNCLASSIFIED
5901,False,6,2,3.7765276052280403,5.656552426749195,0.3177771925796333,1.0354145014224623,0.48760330578512395,False,1.0,True,True,,0.5,False,0.5,False,EXACT-UNCLASSIFIED
5902,False,8,2,3.7746650478511183,5.653771207054002,0.3139876668357761,1.044168602915757,0.4731404958677686,False,1.0,True,True,,0.0,False,0.5,False,EXACT-UNCLASSIFIED
5906,False,5,1,0.03877224318137455,0.0712796025971016,0.9669133408881069,0.03364323015568516,1.0,True,,False,False,gcd_k_not_2,0.0,False,1.0,True,EXACT-UNCLASSIFIED
5910,False,17,1,0.04425786036209348,0.07182810875353511,1.002716042751521,0.0027123593095997305,1.0,True,,False,False,gcd_k_not_2,0.09090909090909091,False,1.0,True,EXACT-UNCLASSIFIED
5917,False,19,1,0.038301689044063315,0.062104699710149314,1.0089344888993237,0.008894753859513634,1.0,True,,False,False,gcd_k_not_2,0.0,False,1.0,True,EXACT-UNCLASSIFIED
5919,False,16,2,3.7756394039081003,5.655226282667005,0.31057184984557257,1.0521027904508466,0.46487603305785125,False,1.0,True,True,,0.0,False,0.5,False,EXACT-UNCLASSIFIED
5921,False,13,1,0.024505170820550773,0.04062283946227917,1.0123905829562891,0.012314292325982698,1.0,True,,False,False,gcd_k_not_2,0.0,False,1.0,True,EXACT-UNCLASSIFIED
5923,False,17,1,0.06756766279018012,0.10271152178825681,0.9921711126177286,0.007859653553538602,1.0,True,,False,False,gcd_k_not_2,0.008264462809917356,False,1.0,True,EXACT-UNCLASSIFIED
5925,False,9,1,0.06868217389585123,0.12438480871411303,0.9726834353845601,0.02769482840019358,1.0,True,,False,False,gcd_k_not_2,0.0,False,1.0,True,EXACT-UNCLASSIFIED
5926,False,13,1,0.043904358450498636,0.06916779405103603,1.0106607162675587,0.010604192125808832,1.0,True,,False,False,gcd_k_not_2,0.5,False,1.0,True,EXACT-UNCLASSIFIED
5928,False,15,1,0.04139850258554365,0.06759696408594028,0.9665591951615997,0.03400945663947055,1.0,True,,False,False,gcd_k_not_2,0.0,False,1.0,True,EXACT-UNCLASSIFIED
5929,False,20,2,3.7803043491672437,5.662192806331961,0.31513276107599797,1.041518026459422,0.49586776859504134,False,1.0,True,True,,0.0,False,0.5,False,EXACT-UNCLASSIFIED
5931,False,10,2,3.7874506275344038,5.672865002415767,0.31671408832731796,1.0378652704182596,0.47107438016528924,False,1.0,True,True,,0.0,False,0.5,False,EXACT-UNCLASSIFIED
5932,False,1,1,0.03717760955010834,0.0569699680749768,1.028738487722594,0.02833138711224925,1.0,True,,False,False,gcd_k_not_2,0.0,False,1.0,True,EXACT-UNCLASSIFIED
5933,False,21,1,0.06722359433283692,0.10578424413179434,1.031431709342398,0.03094537630563311,1.0,True,,False,False,gcd_k_not_2,0.0,False,1.0,True,EXACT-UNCLASSIFIED
5938,False,1,1,0.04010313109663591,0.065886924419313,0.9826374585991204,0.01751459030048533,1.0,True,,False,False,gcd_k_not_2,0.0,False,1.0,True,EXACT-UNCLASSIFIED
5941,False,17,1,0.047252879383367176,0.07655819580585407,0.9781306968387696,0.022111080118396072,1.0,True,,False,False,gcd_k_not_2,0.0,False,1.0,True,EXACT-UNCLASSIFIED
5942,False,7,1,0.04128237289442545,0.06880989296762854,0.976693772375231,0.023581019933870444,1.0,True,,False,False,gcd_k_not_2,0.0,False,1.0,True,EXACT-UNCLASSIFIED
5943,False,13,1,0.03940069332997212,0.06830892300444327,1.0180861188567114,0.01792403078116162,1.0,True,,False,False,gcd_k_not_2,0.0,False,1.0,True,EXACT-UNCLASSIFIED
5945,False,3,1,0.06986466590012753,0.11258958643828434,0.9989865860390882,0.0010139277251678767,1.0,True,,False,False,gcd_k_not_2,0.0,False,1.0,True,EXACT-UNCLASSIFIED
5948,False,5,1,0.06474144802379564,0.11295395181329557,1.005493434436706,0.0054783868571963825,1.0,True,,False,False,gcd_k_not_2,0.0,False,1.0,True,EXACT-UNCLASSIFIED
5950,False,16,2,3.787678380216596,5.673205268392179,0.31172709056627373,1.0494147973060437,0.493801652892562,False,1.0,True,True,,0.0,False,0.5,False,EXACT-UNCLASSIFIED
5955,False,5,1,0.03447859893665413,0.06561710377202803,0.9997442521767207,0.0002557805309362831,1.0,True,,False,False,gcd_k_not_2,0.0,False,1.0,True,EXACT-UNCLASSIFIED
5958,False,13,1,0.06851103499740947,0.10853424040423217,1.0000038559431215,3.855935687249192e-06,1.0,True,,False,False,gcd_k_not_2,0.0,False,1.0,True,EXACT-UNCLASSIFIED
5960,False,15,1,0.051058272881668414,0.08275782026558592,0.980521040289679,0.01967054054368631,1.0,True,,False,False,gcd_k_not_2,0.0,False,1.0,True,EXACT-UNCLASSIFIED
5962,False,7,1,0.0483348773958472,0.08246561621707234,0.9945707104348958,0.005444068276647277,1.0,True,,False,False,gcd_k_not_2,0.0,False,1.0,True,EXACT-UNCLASSIFIED
5964,False,21,1,0.044590211483283806,0.07165919721332516,1.0042200271240005,0.004211141558201251,1.0,True,,False,False,gcd_k_not_2,0.0,False,1.0,True,EXACT-UNCLASSIFIED
5967,False,21,1,0.0505194809368961,0.07742395974196832,1.0002419057668017,0.0002418765111403442,1.0,True,,False,False,gcd_k_not_2,0.0,False,1.0,True,EXACT-UNCLASSIFIED
5970,False,15,1,0.07754958339104596,0.12270871258897073,0.9949562169418328,0.0050565350911802144,1.0,True,,False,False,gcd_k_not_2,0.0,False,1.0,True,EXACT-UNCLASSIFIED
5971,False,9,1,0.054795676795073994,0.08773816768460643,1.0139451125131127,0.013848552700337642,1.0,True,,False,False,gcd_k_not_2,0.22727272727272727,False,1.0,True,EXACT-UNCLASSIFIED
5973,False,1,1,0.03448859046836739,0.05940211760955862,0.994111507885155,0.005905880480164318,1.0,True,,False,False,gcd_k_not_2,0.0,False,1.0,True,EXACT-UNCLASSIFIED
5976,False,1,1,0.06839240561433173,0.11346472805686358,1.0114156948700705,0.011350905632470848,1.0,True,,False,False,gcd_k_not_2,0.0,False,1.0,True,EXACT-UNCLASSIFIED
5977,False,17,1,0.046899681531797646,0.08463898436450117,1.0007862962635476,0.0007859872541271448,1.0,True,,False,False,gcd_k_not_2,0.18181818181818182,False,1.0,True,EXACT-UNCLASSIFIED
5979,False,19,1,0.06592668272310036,0.09831248479152649,0.9883650497173556,0.01170303238260833,1.0,True,,False,False,gcd_k_not_2,0.0,False,1.0,True,EXACT-UNCLASSIFIED
5980,False,17,1,0.08023406863006545,0.12718517940725113,1.0051342222309152,0.0051210758601515985,1.0,True,,False,False,gcd_k_not_2,0.0,False,1.0,True,EXACT-UNCLASSIFIED
5982,False,7,1,0.04230465993987229,0.061317269032692925,0.990588909783589,0.009455583892943624,1.0,True,,False,False,gcd_k_not_2,0.359504132231405,False,1.0,True,EXACT-UNCLASSIFIED
5983,False,1,1,0.0839955853958248,0.1355874407189937,1.0063042958857296,0.00628448625530799,1.0,True,,False,False,gcd_k_not_2,0.0,False,1.0,True,EXACT-UNCLASSIFIED
5985,False,3,1,0.07450841645260826,0.11381385036757637,0.998131898293166,0.0018698482401785482,1.0,True,,False,False,gcd_k_not_2,0.0,False,1.0,True,EXACT-UNCLASSIFIED
5989,False,4,2,3.7762179949357484,5.656090300307138,0.3160459387541064,1.0394075785734185,0.4855371900826446,False,1.0,True,True,,0.0,False,0.5,False,EXACT-UNCLASSIFIED
5990,False,1,1,0.07459572233029403,0.12064114252631469,1.008432678760559,0.008397273007689885,1.0,True,,False,False,gcd_k_not_2,0.18181818181818182,False,1.0,True,EXACT-UNCLASSIFIED
5991,False,16,2,3.775835728657976,5.6555190515478415,0.32031033949607274,1.0295907563116513,0.4896694214876033,False,1.0,True,True,,0.0,False,0.5,False,EXACT-UNCLASSIFIED
5992,False,15,1,0.06302657884288149,0.11074783317261613,1.0157442913083634,0.015621318017618506,1.0,True,,False,False,gcd_k_not_2,0.18181818181818182,False,1.0,True,EXACT-UNCLASSIFIED
5994,False,17,1,0.05350667940821165,0.08782424393145105,0.9964202842975189,0.0035861343732446326,1.0,True,,False,False,gcd_k_not_2,0.0,False,1.0,True,EXACT-UNCLASSIFIED
5996,False,13,1,0.046539684226919315,0.07129191049398076,1.0084700642531408,0.008434344533076607,1.0,True,,False,False,gcd_k_not_2,0.0,False,1.0,True,EXACT-UNCLASSIFIED
5999,False,5,1,0.040729671693330624,0.06497374872907158,1.0410366928171424,0.04021161693129737,1.0,True,,False,False,gcd_k_not_2,0.0,False,1.0,True,EXACT-UNCLASSIFIED
6002,False,18,2,3.777063133322012,5.657352246731054,0.3183685827661127,1.0340528834565124,0.48140495867768596,False,1.0,True,True,,0.0,False,0.5,False,EXACT-UNCLASSIFIED
6003,False,5,1,0.043871655999009634,0.07067155958586487,1.0334827496342103,0.032931432184741406,1.0,True,,False,False,gcd_k_not_2,0.0,False,1.0,True,EXACT-UNCLASSIFIED
6004,False,1,1,0.0517626597185121,0.08151158212963165,0.982085599915714,0.018076313237983033,1.0,True,,False,False,gcd_k_not_2,0.0,False,1.0,True,EXACT-UNCLASSIFIED
6005,False,7,1,0.0379253759516132,0.05920391806612855,0.980967298887494,0.01921556314755392,1.0,True,,False,False,gcd_k_not_2,0.0,False,1.0,True,EXACT-UNCLASSIFIED
6007,False,3,1,0.05992901225801755,0.09697392289054356,1.0258067425409398,0.025477990569397316,1.0,True,,False,False,gcd_k_not_2,0.10330578512396695,False,1.0,True,EXACT-UNCLASSIFIED
6009,False,21,1,0.03569618392584945,0.06326295771205404,0.9938255665922443,0.006193554251898548,1.0,True,,False,False,gcd_k_not_2,0.0,False,1.0,True,EXACT-UNCLASSIFIED
6010,False,5,1,0.0444560214874504,0.07562328231706611,1.0351341989797502,0.03452764834610275,1.0,True,,False,False,gcd_k_not_2,0.0,False,1.0,True,EXACT-UNCLASSIFIED
6013,False,19,1,0.045896790191287395,0.06946949111330963,0.9815581866305121,0.0186134462201656,1.0,True,,False,False,gcd_k_not_2,0.0,False,1.0,True,EXACT-UNCLASSIFIED
6014,False,9,1,0.07702009715353558,0.1298518867727781,1.0120027912928455,0.011931187516030188,1.0,True,,False,False,gcd_k_not_2,0.0,False,1.0,True,EXACT-UNCLASSIFIED
6015,False,1,1,0.04160842167823435,0.06966944784162046,0.9869195744278747,0.013166537529222113,1.0,True,,False,False,gcd_k_not_2,0.0,False,1.0,True,EXACT-UNCLASSIFIED
6017,False,16,2,3.7648198634428724,5.6390678258383655,0.3168276297152023,1.0376033352710727,0.4834710743801653,False,1.0,True,True,,0.3181818181818182,False,0.5,False,EXACT-UNCLASSIFIED
6019,False,15,1,0.048365859614344156,0.07916220124361052,0.9717817313435471,0.02862210173458233,1.0,True,,False,False,gcd_k_not_2,0.0,False,1.0,True,EXACT-UNCLASSIFIED
6020,False,19,1,0.05242108604658702,0.09418724418069555,1.0176842091898197,0.017529214045760473,1.0,True,,False,False,gcd_k_not_2,0.0,False,1.0,True,EXACT-UNCLASSIFIED
6022,False,15,1,0.03918030770154547,0.06495976161661281,0.992548937852282,0.007478925115635314,1.0,True,,False,False,gcd_k_not_2,0.0,False,1.0,True,EXACT-UNCLASSIFIED
6024,False,15,1,0.03326104298520618,0.053743569809046945,1.019768995061352,0.019575501069370112,1.0,True,,False,False,gcd_k_not_2,0.0,False,1.0,True,EXACT-UNCLASSIFIED
6026,False,5,1,0.07440759849089638,0.11649233243203815,0.9951168783633142,0.004895073255750016,1.0,True,,False,False,gcd_k_not_2,0.0,False,1.0,True,EXACT-UNCLASSIFIED
6028,False,21,1,0.0429178639319983,0.05865632470540993,1.0036817568573626,0.003674991644518537,1.0,True,,False,False,gcd_k_not_2,0.6363636363636364,False,1.0,True,EXACT-UNCLASSIFIED
6029,False,3,1,0.04456238339779148,0.07096501998024539,1.0075361545221257,0.007507864309342488,1.0,True,,False,False,gcd_k_not_2,0.0,False,1.0,True,EXACT-UNCLASSIFIED
6030,False,17,1,0.042833351359057956,0.06728765591080123,1.0033030084390115,0.003297562500627617,1.0,True,,False,False,gcd_k_not_2,0.0,False,1.0,True,EXACT-UNCLASSIFIED
6034,False,5,1,0.04973987132040705,0.08437217313206315,1.0238656162489548,0.023584190627426532,1.0,True,,False,False,gcd_k_not_2,0.0,False,1.0,True,EXACT-UNCLASSIFIED
6036,False,1,1,0.053452671785360624,0.08569055310400221,1.003097399140935,0.003092609617748512,1.0,True,,False,False,gcd_k_not_2,0.0,False,1.0,True,EXACT-UNCLASSIFIED
6038,False,19,1,0.054455556090973085,0.08399154713884413,0.9625637108162806,0.03815039377055299,1.0,True,,False,False,gcd_k_not_2,0.0,False,1.0,True,EXACT-UNCLASSIFIED
6039,False,20,2,3.7661719213139935,5.641086848653451,0.31435628364993,1.0433148528739207,0.5268595041322314,False,1.0,True,True,,0.0,False,0.5,False,EXACT-UNCLASSIFIED
6040,False,4,2,3.7803849070015296,5.662313045795559,0.3185759888931184,1.0335756404587717,0.4855371900826446,False,1.0,True,True,,0.0,False,0.5,False,EXACT-UNCLASSIFIED
6045,False,21,1,0.0625050676401457,0.09635023860899822,1.0270212515828991,0.026661044191616946,1.0,True,,False,False,gcd_k_not_2,0.0,False,1.0,True,EXACT-UNCLASSIFIED
6047,False,10,2,3.770298005793218,5.6472487240825195,0.31502824168701354,1.04175976849631,0.4855371900826446,False,1.0,True,True,,0.0,False,0.5,False,EXACT-UNCLASSIFIED
6048,False,3,1,0.05216526788464415,0.08925651994299387,0.9893605087156766,0.01069639337637416,1.0,True,,False,False,gcd_k_not_2,0.0,False,1.0,True,EXACT-UNCLASSIFIED
6050,False,5,1,0.08032264048788355,0.1303983237401233,0.9747503157962351,0.025572533400086184,1.0,True,,False,False,gcd_k_not_2,0.045454545454545456,False,1.0,True,EXACT-UNCLASSIFIED
6052,False,13,1,0.05897131022511496,0.09734342710443117,0.9511236341460344,0.050100736825278366,1.0,True,,False,False,gcd_k_not_2,0.0,False,1.0,True,EXACT-UNCLASSIFIED
6053,False,10,2,3.7794100378172906,5.660857665214548,0.3140246614366701,1.0440828984340804,0.49173553719008267,False,1.0,True,True,,0.0,False,0.5,False,EXACT-UNCLASSIFIED
6055,False,7,1,0.06546653151484316,0.10452750323567263,0.9994571060178654,0.0005430413890856657,1.0,True,,False,False,gcd_k_not_2,0.0,False,1.0,True,EXACT-UNCLASSIFIED
6056,False,5,1,0.05975898585412554,0.10067986169573565,0.9987062703297597,0.0012945670801611854,1.0,True,,False,False,gcd_k_not_2,0.0,False,1.0,True,EXACT-UNCLASSIFIED
6058,False,17,1,0.06199659372630797,0.0998476127579002,1.014661685546402,0.014554985238055429,1.0,True,,False,False,gcd_k_not_2,0.0,False,1.0,True,EXACT-UNCLASSIFIED
6064,False,1,1,0.041764172886058964,0.06996919220678685,1.0048366735462115,0.004825005059046805,1.0,True,,False,False,gcd_k_not_2,0.0,False,1.0,True,EXACT-UNCLASSIFIED
6065,False,15,1,0.06709908851042122,0.10971618177746482,0.9683581626233507,0.03215048762718906,1.0,True,,False,False,gcd_k_not_2,0.0,False,1.0,True,EXACT-UNCLASSIFIED
6066,False,13,1,0.04382654912254409,0.06397206914114964,0.9633438572920754,0.037340522468114416,1.0,True,,False,False,gcd_k_not_2,0.0,False,1.0,True,EXACT-UNCLASSIFIED
6069,False,21,1,0.04460604589449011,0.07376442759685903,0.9937543376217777,0.0062652276264611555,1.0,True,,False,False,gcd_k_not_2,0.0,False,1.0,True,EXACT-UNCLASSIFIED
6070,False,21,1,0.056546645339353836,0.08646646557124998,0.9957629007455634,0.00424609481702833,1.0,True,,False,False,gcd_k_not_2,0.0,False,1.0,True,EXACT-UNCLASSIFIED
6072,False,15,1,0.054955688686062765,0.08718752601867806,0.9761946632248675,0.024092097016683155,1.0,True,,False,False,gcd_k_not_2,0.0,False,1.0,True,EXACT-UNCLASSIFIED
6074,False,9,1,0.06261830374477458,0.09686807518952377,1.0004766040020943,0.00047649045346564794,1.0,True,,False,False,gcd_k_not_2,0.0,False,1.0,True,EXACT-UNCLASSIFIED
6076,False,20,2,3.762820457132644,5.636081448509371,0.31896508520614025,1.0326807319352527,0.506198347107438,False,1.0,True,True,,0.0,False,0.5,False,EXACT-UNCLASSIFIED
6077,False,19,1,0.04187936042969367,0.06906880227806683,0.9766025001229579,0.023674461481847424,1.0,True,,False,False,gcd_k_not_2,0.0,False,1.0,True,EXACT-UNCLASSIFIED
6078,False,4,2,3.773222742964114,5.6516168380885405,0.31869740106171934,1.0332963398422494,0.49793388429752067,False,1.0,True,True,,0.0,False,0.5,False,EXACT-UNCLASSIFIED
6079,False,21,1,0.05234843958164258,0.08234892074511108,1.0176281333290753,0.017474115311813226,1.0,True,,False,False,gcd_k_not_2,0.0,False,1.0,True,EXACT-UNCLASSIFIED
6080,False,1,1,0.06724378703199545,0.11223131334321122,1.0096004025046508,0.009554538795558896,1.0,True,,False,False,gcd_k_not_2,0.0,False,1.0,True,EXACT-UNCLASSIFIED
6082,False,17,1,0.0715100064652577,0.11213892416817928,1.0072171510582213,0.0071912010660295745,1.0,True,,False,False,gcd_k_not_2,0.0,False,1.0,True,EXACT-UNCLASSIFIED
6084,False,8,2,3.776441045374402,5.656423266282161,0.3184280083569369,1.0339161293948205,0.506198347107438,False,1.0,True,True,,0.0,False,0.5,False,EXACT-UNCLASSIFIED
6087,False,3,1,0.0659261634545153,0.10934123301115131,0.9821589754771838,0.018001608088494648,1.0,True,,False,False,gcd_k_not_2,0.3181818181818182,False,1.0,True,EXACT-UNCLASSIFIED
6088,False,15,1,0.056061177693545176,0.09753024417164058,1.0189774891856505,0.01879910923950415,1.0,True,,False,False,gcd_k_not_2,0.0,False,1.0,True,EXACT-UNCLASSIFIED
6089,False,13,1,0.06133076295742496,0.09476097088528455,1.0049767696155396,0.00496441623759455,1.0,True,,False,False,gcd_k_not_2,0.0,False,1.0,True,EXACT-UNCLASSIFIED
6090,False,19,1,0.06041581372017429,0.097685896902053,1.0016848461670511,0.0016834280084372765,1.0,True,,False,False,gcd_k_not_2,0.0,False,1.0,True,EXACT-UNCLASSIFIED
6091,False,15,1,0.035141336682416355,0.06075966233990477,1.0156446831450476,0.015523254942569434,1.0,True,,False,False,gcd_k_not_2,0.0,False,1.0,True,EXACT-UNCLASSIFIED
6092,False,3,1,0.03308466211892844,0.06116210592326116,1.0073497706912338,0.007322860020257417,1.0,True,,False,False,gcd_k_not_2,0.0,False,1.0,True,EXACT-UNCLASSIFIED
6096,False,3,1,0.060054840072708324,0.09737944761712877,0.995779432021584,0.004229493410642931,1.0,True,,False,False,gcd_k_not_2,0.0,False,1.0,True,EXACT-UNCLASSIFIED
6098,False,19,1,0.03611542804164643,0.05429695889268259,0.9973306516227176,0.0026729158490745477,1.0,True,,False,False,gcd_k_not_2,0.0,False,1.0,True,EXACT-UNCLASSIFIED
6102,False,18,2,3.788265649323786,5.6740822783441125,0.3057705661394798,1.0633252913840978,0.4607438016528926,False,1.0,True,True,,0.11363636363636363,False,0.5,False,EXACT-UNCLASSIFIED
6103,False,1,1,0.040139567316986736,0.06453852045684634,1.0194353392082758,0.01924829067901276,1.0,True,,False,False,gcd_k_not_2,0.0,False,1.0,True,EXACT-UNCLASSIFIED
6105,False,5,1,0.02661702950770283,0.045571864415325215,0.9997679891939758,0.00023203772365389442,1.0,True,,False,False,gcd_k_not_2,0.0,False,1.0,True,EXACT-UNCLASSIFIED
6107,False,19,1,0.05918308400289569,0.09750405281963585,0.9763325727389246,0.023950854818200588,1.0,True,,False,False,gcd_k_not_2,0.0,False,1.0,True,EXACT-UNCLASSIFIED
6111,False,16,2,3.761689513537493,5.634392282919683,0.3137482119585982,1.0447234588708671,0.48760330578512395,False,1.0,True,True,,0.0,False,0.5,False,EXACT-UNCLASSIFIED
6112,False,14,2,3.7665455292657795,5.641644504845136,0.32018367464062136,1.0298814300130432,0.512396694214876,False,1.0,True,True,,0.0,False,0.5,False,EXACT-UNCLASSIFIED
6113,False,13,1,0.059468751174546135,0.08944286214660024,0.9960621628207705,0.003945605755749214,1.0,True,,False,False,gcd_k_not_2,0.5454545454545454,False,1.0,True,EXACT-UNCLASSIFIED
6116,False,21,1,0.030323517688139765,0.055786131534931026,0.9900415415206318,0.010008292059831777,1.0,True,,False,False,gcd_k_not_2,0.0,False,1.0,True,EXACT-UNCLASSIFIED
6117,False,13,1,0.05516094774006173,0.09028143538493683,0.9972717811907026,0.0027319454818221615,1.0,True,,False,False,gcd_k_not_2,0.0,False,1.0,True,EXACT-UNCLASSIFIED
6122,False,5,1,0.059267619634931545,0.09630999641475244,0.9910798819994757,0.00896008048814853,1.0,True,,False,False,gcd_k_not_2,0.0,False,1.0,True,EXACT-UNCLASSIFIED
6123,False,19,1,0.06590036719143079,0.10743868213921609,0.9778148168678961,0.022434034716391518,1.0,True,,False,False,gcd_k_not_2,0.0,False,1.0,True,EXACT-UNCLASSIFIED
6126,False,3,1,0.05188706688740491,0.08426123299422528,1.0028510476647396,0.002846989213764822,1.0,True,,False,False,gcd_k_not_2,0.0,False,1.0,True,EXACT-UNCLASSIFIED
6128,False,17,1,0.04094201374487967,0.060712121709816894,0.9798447141745052,0.0203604713856546,1.0,True,,False,False,gcd_k_not_2,0.0,False,1.0,True,EXACT-UNCLASSIFIED
6132,False,21,1,0.052775928344127136,0.08297732509684431,1.0223039389532338,0.022057949375086133,1.0,True,,False,False,gcd_k_not_2,0.0,False,1.0,True,EXACT-UNCLASSIFIED
6134,False,19,1,0.04838152689867997,0.0698882008557952,1.028549557183533,0.0281477542241281,1.0,True,,False,False,gcd_k_not_2,0.0,False,1.0,True,EXACT-UNCLASSIFIED
6135,False,1,1,0.06677560251213259,0.10864977678100553,1.0187537805499005,0.018579562035338528,1.0,True,,False,False,gcd_k_not_2,0.0,False,1.0,True,EXACT-UNCLASSIFIED
6140,False,1,1,0.05457844481530448,0.09029030799300801,0.9956639665815734,0.0043454544362535605,1.0,True,,False,False,gcd_k_not_2,0.13636363636363635,False,1.0,True,EXACT-UNCLASSIFIED
6142,False,19,1,0.043846052875110356,0.06923769370016067,0.9935134625908391,0.0065076434454882735,1.0,True,,False,False,gcd_k_not_2,0.045454545454545456,False,1.0,True,EXACT-UNCLASSIFIED
6144,False,4,2,3.7725025494350293,5.650541446825333,0.32191080316245113,1.0259227706065095,0.518595041322314,False,1.0,True,True,,0.0,False,0.5,False,EXACT-UNCLASSIFIED
6147,False,3,1,0.044900726833676,0.07569497789532753,1.0389012320339004,0.038159015672470424,1.0,True,,False,False,gcd_k_not_2,0.0,False,1.0,True,EXACT-UNCLASSIFIED
6149,False,1,1,0.05764697584527131,0.09175014414022568,1.020610002669,0.020399782879206213,1.0,True,,False,False,gcd_k_not_2,0.0,False,1.0,True,EXACT-UNCLASSIFIED
6151,False,17,1,0.05620946335804217,0.08989947990799131,1.002935689365384,0.0029313865452307,1.0,True,,False,False,gcd_k_not_2,0.0,False,1.0,True,EXACT-UNCLASSIFIED
6152,False,3,1,0.06683893631223731,0.10139027343220627,0.9849583534994097,0.015155629309876805,1.0,True,,False,False,gcd_k_not_2,0.0,False,1.0,True,EXACT-UNCLASSIFIED
6153,False,5,1,0.05362446934922418,0.08484330211043109,1.0248678076268454,0.024562401094213197,1.0,True,,False,False,gcd_k_not_2,0.0,False,1.0,True,EXACT-UNCLASSIFIED
6154,False,19,1,0.02926812062601547,0.058082752989821906,1.0116439381940407,0.011576539936281329,1.0,True,,False,False,gcd_k_not_2,0.0,False,1.0,True,EXACT-UNCLASSIFIED
6156,False,2,2,3.762782686426643,5.636025156316075,0.31463711546732526,1.0426647421848318,0.45661157024793386,False,1.0,True,True,,0.4772727272727273,False,0.5,False,EXACT-UNCLASSIFIED
6157,False,1,1,0.033816723158600924,0.058863065046562676,1.0022999993973944,0.002297357437034141,1.0,True,,False,False,gcd_k_not_2,0.0,False,1.0,True,EXACT-UNCLASSIFIED
6158,False,9,1,0.059585142198820024,0.09318774600666938,0.9741119545399816,0.026227535272740892,1.0,True,,False,False,gcd_k_not_2,0.0,False,1.0,True,EXACT-UNCLASSIFIED
6159,False,1,1,0.04555519300925001,0.06715922935783525,0.9726010153666167,0.027779550370241563,1.0,True,,False,False,gcd_k_not_2,0.0,False,1.0,True,EXACT-UNCLASSIFIED
6160,False,18,2,3.767992495811028,5.643805513774894,0.3150172844120569,1.0417851137130842,0.4896694214876033,False,1.0,True,True,,0.0,False,0.5,False,EXACT-UNCLASSIFIED
6161,False,1,1,0.0799744863029643,0.12853196906122116,0.9749715231516468,0.02534565846135634,1.0,True,,False,False,gcd_k_not_2,0.03925619834710744,False,1.0,True,EXACT-UNCLASSIFIED
6163,False,3,1,0.0405438190336879,0.06890279845655382,0.9995274800374239,0.00047263162651532036,1.0,True,,False,False,gcd_k_not_2,0.0,False,1.0,True,EXACT-UNCLASSIFIED
6167,False,5,1,0.07221694150420359,0.12364027880552343,1.0339242208752848,0.033358392143720904,1.0,True,,False,False,gcd_k_not_2,0.45454545454545453,False,1.0,True,EXACT-UNCLASSIFIED
6168,False,10,2,3.786740429305444,5.6718043033309815,0.31253982864993785,1.047526568480859,0.5557851239669421,False,1.0,True,True,,0.0,False,0.5,False,EXACT-UNCLASSIFIED
6169,False,3,1,0.0590454448040484,0.09308369990384838,1.0169098505316867,0.016768077687982916,1.0,True,,False,False,gcd_k_not_2,0.0,False,1.0,True,EXACT-UNCLASSIFIED
6170,False,15,1,0.04090598238012635,0.06901954175684642,0.9788113824252435,0.02141549999453476,1.0,True,,False,False,gcd_k_not_2,0.0,False,1.0,True,EXACT-UNCLASSIFIED
6171,False,7,1,0.05131237999965128,0.08410164557713917,0.9886688719644641,0.011395691052721786,1.0,True,,False,False,gcd_k_not_2,0.0,False,1.0,True,EXACT-UNCLASSIFIED
6174,False,19,1,0.051930312159474204,0.085960265975588,0.9917212251997364,0.008313186298884194,1.0,True,,False,False,gcd_k_not_2,0.0,False,1.0,True,EXACT-UNCLASSIFIED
6176,False,17,1,0.04259706313792392,0.06878431644029473,1.0018880018258585,0.0018862212312941388,1.0,True,,False,False,gcd_k_not_2,0.0,False,1.0,True,EXACT-UNCLASSIFIED
6178,False,13,1,0.05404805910280778,0.08560817595818694,1.0099385658420814,0.009889422503734676,1.0,True,,False,False,gcd_k_not_2,0.0,False,1.0,True,EXACT-UNCLASSIFIED
6180,False,1,1,0.05091539386678724,0.07846321137059446,1.0027390272621064,0.0027352812571399114,1.0,True,,False,False,gcd_k_not_2,0.0,False,1.0,True,EXACT-UNCLASSIFIED
6181,False,5,1,0.05176718903934339,0.07755954252971083,1.0011398114263002,0.0011391622112477578,1.0,True,,False,False,gcd_k_not_2,0.0,False,1.0,True,EXACT-UNCLASSIFIED
6182,False,17,1,0.04118182423994404,0.06986393766125185,0.9741469033118101,0.026191664505634274,1.0,True,,False,False,gcd_k_not_2,0.0,False,1.0,True,EXACT-UNCLASSIFIED
6184,False,1,1,0.04375336139327299,0.07163347415382382,0.9834638436921421,0.016674018395088516,1.0,True,,False,False,gcd_k_not_2,0.0,False,1.0,True,EXACT-UNCLASSIFIED
6185,False,17,1,0.03481209411267643,0.056910529736539886,0.989222460236257,0.010835932108330377,1.0,True,,False,False,gcd_k_not_2,0.0,False,1.0,True,EXACT-UNCLASSIFIED
6186,False,8,2,3.7853421308740662,5.66971693859516,0.3138215385515101,1.044553527726456,0.5082644628099173,False,1.0,True,True,,0.0,False,0.5,False,EXACT-UNCLASSIFIED
6188,False,9,1,0.034398168469543695,0.05657642470144096,1.0253973383843846,0.025078870109154418,1.0,True,,False,False,gcd_k_not_2,0.0,False,1.0,True,EXACT-UNCLASSIFIED
6190,False,20,2,3.7691122389262723,5.64547783522333,0.3159530473799298,1.0396221263091592,0.5,False,1.0,True,True,,0.0,False,0.5,False,EXACT-UNCLASSIFIED
6191,False,19,1,0.04635877970208478,0.0779403855013151,0.9876488074013404,0.01242794255470876,1.0,True,,False,False,gcd_k_not_2,0.0,False,1.0,True,EXACT-UNCLASSIFIED
6192,False,7,1,0.04732397161584848,0.0789551983682432,0.9999461157287113,5.388572308513939e-05,1.0,True,,False,False,gcd_k_not_2,0.18181818181818182,False,1.0,True,EXACT-UNCLASSIFIED
6193,False,19,1,0.03570923526002437,0.05803267376232912,1.0013849637592502,0.0013840053606167333,1.0,True,,False,False,gcd_k_not_2,0.0,False,1.0,True,EXACT-UNCLASSIFIED
6194,False,1,1,0.07586891355069271,0.1232548033229434,1.0050749365265688,0.00506209162971248,1.0,True,,False,False,gcd_k_not_2,0.45454545454545453,False,1.0,True,EXACT-UNCLASSIFIED
6195,False,8,2,3.778415223853443,5.659371587379285,0.3200684366373569,1.0301459295468798,0.4855371900826446,False,1.0,True,True,,0.0,False,0.5,False,EXACT-UNCLASSIFIED
6196,False,21,1,0.052397487626582744,0.08825760337025104,0.9683353648396519,0.03217402453461244,1.0,True,,False,False,gcd_k_not_2,0.22727272727272727,False,1.0,True,EXACT-UNCLASSIFIED
6197,False,7,1,0.05503320373161204,0.0890630853330453,1.012584269734256,0.01250558291993178,1.0,True,,False,False,gcd_k_not_2,0.0,False,1.0,True,EXACT-UNCLASSIFIED
6199,False,3,1,0.037826770929436704,0.06824741233242944,1.0249715965136557,0.02466365114122956,1.0,True,,False,False,gcd_k_not_2,0.0,False,1.0,True,EXACT-UNCLASSIFIED
6200,False,7,1,0.06443713161295739,0.10486176478757757,0.98383387788967,0.016297858697248244,1.0,True,,False,False,gcd_k_not_2,0.0,False,1.0,True,EXACT-UNCLASSIFIED
6201,False,7,1,0.05753986403050201,0.09064844408707909,0.990663808270434,0.009379978367796495,1.0,True,,False,False,gcd_k_not_2,0.0,False,1.0,True,EXACT-UNCLASSIFIED
6203,False,7,1,0.06211883144199889,0.10441949728473005,0.9873261343911164,0.012754691230150494,1.0,True,,False,False,gcd_k_not_2,0.0,False,1.0,True,EXACT-UNCLASSIFIED
6205,False,14,2,3.788458155526718,5.67437028791842,0.31304261774164716,1.046359612363348,0.5165289256198347,False,1.0,True,True,,0.0,False,0.5,False,EXACT-UNCLASSIFIED
6206,False,16,2,3.7736183567126758,5.6522079428758625,0.31932180727798776,1.0318607468884047,0.5103305785123967,False,1.0,True,True,,0.0,False,0.5,False,EXACT-UNCLASSIFIED
6207,False,15,1,0.03955809253090864,0.06447236467910304,1.0069909143193636,0.006966562996857791,1.0,True,,False,False,gcd_k_not_2,0.0,False,1.0,True,EXACT-UNCLASSIFIED
6208,False,15,1,0.054156987820100595,0.08358402713251235,1.0002311056891973,0.0002310789873629527,1.0,True,,False,False,gcd_k_not_2,0.0,False,1.0,True,EXACT-UNCLASSIFIED
6209,False,7,1,0.05238265108850681,0.08441759156497548,0.990019838877709,0.010030212691667921,1.0,True,,False,False,gcd_k_not_2,0.0,False,1.0,True,EXACT-UNCLASSIFIED
6210,False,15,1,0.05555447837014782,0.08678192357871806,1.0118912184970574,0.01182093583165047,1.0,True,,False,False,gcd_k_not_2,0.0,False,1.0,True,EXACT-UNCLASSIFIED
6211,False,19,1,0.06530834215330109,0.10785629489774883,0.9855553353264582,0.014549747787479092,1.0,True,,False,False,gcd_k_not_2,0.22727272727272727,False,1.0,True,EXACT-UNCLASSIFIED
6212,False,21,1,0.053971020299697046,0.07614359049665308,1.0102858005473947,0.010233172362451099,1.0,True,,False,False,gcd_k_not_2,0.6322314049586777,False,1.0,True,EXACT-UNCLASSIFIED
6213,False,7,1,0.06349139032738095,0.10181835012375377,0.9851202398877649,0.014991293538044277,1.0,True,,False,False,gcd_k_not_2,0.0,False,1.0,True,EXACT-UNCLASSIFIED
6214,False,7,1,0.055432096072517215,0.08999323343389697,0.9995838849974913,0.00041620159637285756,1.0,True,,False,False,gcd_k_not_2,0.0,False,1.0,True,EXACT-UNCLASSIFIED
6216,False,1,1,0.06537179663379354,0.10936537293443575,1.0032709763514818,0.0032656354433278933,1.0,True,,False,False,gcd_k_not_2,0.0,False,1.0,True,EXACT-UNCLASSIFIED
6219,False,1,1,0.07021242909477206,0.10342535243106994,0.9977573773703456,0.002245140130686283,1.0,True,,False,False,gcd_k_not_2,0.0,False,1.0,True,EXACT-UNCLASSIFIED
6221,False,21,1,0.059454597497417945,0.09426499782477626,0.9867799638018954,0.013308002334397277,1.0,True,,False,False,gcd_k_not_2,0.0,False,1.0,True,EXACT-UNCLASSIFIED
6222,False,3,1,0.06785770511835405,0.10708930022332276,0.9926422324885429,0.007384935831926243,1.0,True,,False,False,gcd_k_not_2,0.13636363636363635,False,1.0,True,EXACT-UNCLASSIFIED
6224,False,9,1,0.0355002558602364,0.05075906586676999,0.9039942104260075,0.10084672426867497,1.0,True,,False,False,gcd_k_not_2,0.0,False,1.0,True,EXACT-UNCLASSIFIED
6228,False,9,1,0.03999189742888261,0.06488088402617923,0.9988002731293244,0.0012004469749219268,1.0,True,,False,False,gcd_k_not_2,0.0,False,1.0,True,EXACT-UNCLASSIFIED
6230,False,13,1,0.06604968651865765,0.09898085842556013,0.9824203581250224,0.01773553404345027,1.0,True,,False,False,gcd_k_not_2,0.0,False,1.0,True,EXACT-UNCLASSIFIED
6232,False,3,1,0.034544559642328075,0.05592141124211026,0.9875649405476732,0.01251285852214752,1.0,True,,False,False,gcd_k_not_2,0.0,False,1.0,True,EXACT-UNCLASSIFIED
6234,False,17,1,0.060506588780227695,0.09018789029182972,1.0030800471846857,0.0030753111329871177,1.0,True,,False,False,gcd_k_not_2,0.0,False,1.0,True,EXACT-UNCLASSIFIED
6236,False,15,1,0.049717933383224736,0.08029501473073349,1.0043747262666896,0.004365178037180554,1.0,True,,False,False,gcd_k_not_2,0.0,False,1.0,True,EXACT-UNCLASSIFIED
6238,False,5,1,0.032187669024044525,0.05068267861046343,0.9628559395893028,0.03784695520596278,1.0,True,,False,False,gcd_k_not_2,0.2768595041322314,False,1.0,True,EXACT-UNCLASSIFIED
6239,False,1,1,0.05211039582855141,0.08457957137304112,0.9941183993750562,0.005898948253811869,1.0,True,,False,False,gcd_k_not_2,0.0,False,1.0,True,EXACT-UNCLASSIFIED
6242,False,9,1,0.035215193431918854,0.0628826727002473,1.0069009782381915,0.006877248367529944,1.0,True,,False,False,gcd_k_not_2,0.0,False,1.0,True,EXACT-UNCLASSIFIED
6243,False,15,1,0.04015379861742101,0.06731846578594328,1.002619887082748,0.002616459668304294,1.0,True,,False,False,gcd_k_not_2,0.0,False,1.0,True,EXACT-UNCLASSIFIED
6244,False,15,1,0.042620560812157246,0.07166766088027417,0.9951926061038583,0.004818977257067374,1.0,True,,False,False,gcd_k_not_2,0.0,False,1.0,True,EXACT-UNCLASSIFIED
6245,False,7,1,0.05307147556752383,0.09097743867896502,1.0004038497691456,0.00040376823829072595,1.0,True,,False,False,gcd_k_not_2,0.0,False,1.0,True,EXACT-UNCLASSIFIED
6246,False,4,2,3.7706630408059674,5.647794667829945,0.32120173897074417,1.0275467266006781,0.5516528925619835,False,1.0,True,True,,0.0,False,0.5,False,EXACT-UNCLASSIFIED
6249,False,12,2,3.749414540281469,5.616059437604903,0.3094930838535026,1.054617125757568,0.5020661157024794,False,1.0,True,True,,0.0,False,0.5,False,EXACT-UNCLASSIFIED
6253,False,13,1,0.0492992137234879,0.08188460955748797,1.0152364541864392,0.015121257016552153,1.0,True,,False,False,gcd_k_not_2,0.06611570247933884,False,1.0,True,EXACT-UNCLASSIFIED
6255,False,13,1,0.07954452032519795,0.14569610542331202,1.008309698334662,0.008275315646339336,1.0,True,,False,False,gcd_k_not_2,0.0,False,1.0,True,EXACT-UNCLASSIFIED
6257,False,17,1,0.04829880965756141,0.08062231076213178,1.0350290050916853,0.03442604995215503,1.0,True,,False,False,gcd_k_not_2,0.0,False,1.0,True,EXACT-UNCLASSIFIED
6258,False,13,1,0.05226157415683074,0.08713803297433023,1.001627783431283,0.0016264596692322911,1.0,True,,False,False,gcd_k_not_2,0.1322314049586777,False,1.0,True,EXACT-UNCLASSIFIED
6259,False,4,2,3.776182670664075,5.656037483261881,0.3124441500678989,1.0477487364266598,0.4896694214876033,False,1.0,True,True,,0.0,False,0.5,False,EXACT-UNCLASSIFIED
6261,False,17,1,0.06620149829055409,0.10415988431338835,0.9891914117487127,0.010867318436474989,1.0,True,,False,False,gcd_k_not_2,0.0,False,1.0,True,EXACT-UNCLASSIFIED
6262,False,19,1,0.04573688551046679,0.07227481310502427,0.9800884400922527,0.020111788448014634,1.0,True,,False,False,gcd_k_not_2,0.0,False,1.0,True,EXACT-UNCLASSIFIED
6266,False,13,1,0.05423848142157562,0.0901878379365723,0.986013452015875,0.014085048588093074,1.0,True,,False,False,gcd_k_not_2,0.0,False,1.0,True,EXACT-UNCLASSIFIED
6271,False,15,1,0.05143053419405907,0.08903672949665734,1.0017362791940252,0.0017347731687456186,1.0,True,,False,False,gcd_k_not_2,0.0,False,1.0,True,EXACT-UNCLASSIFIED
6272,False,15,1,0.04905648557203964,0.08407642941579827,1.0202277922720802,0.020025258883633747,1.0,True,,False,False,gcd_k_not_2,0.0,False,1.0,True,EXACT-UNCLASSIFIED
6274,False,14,2,3.7890106326777335,5.675194865900939,0.31203539723173235,1.0486982351540306,0.5082644628099173,False,1.0,True,True,,0.0,False,0.5,False,EXACT-UNCLASSIFIED
6275,False,15,1,0.042966461369853715,0.07070731406882907,1.017633491965479,0.01747938070585983,1.0,True,,False,False,gcd_k_not_2,0.0,False,1.0,True,EXACT-UNCLASSIFIED
6276,False,2,2,3.7862525586698554,5.67107615309035,0.3101841534792224,1.0530059376599183,0.4731404958677686,False,1.0,True,True,,0.0,False,0.5,False,EXACT-UNCLASSIFIED
6277,False,13,1,0.05332086577662255,0.088641592379041,0.9897524154243353,0.010300361488420874,1.0,True,,False,False,gcd_k_not_2,0.0,False,1.0,True,EXACT-UNCLASSIFIED
6281,False,7,1,0.04846980593648362,0.08023156194492496,0.9988560165888072,0.0011446381347118275,1.0,True,,False,False,gcd_k_not_2,0.0,False,1.0,True,EXACT-UNCLASSIFIED
6282,False,15,1,0.05902288985589009,0.09835945073218032,1.0214322108647904,0.021204976105156193,1.0,True,,False,False,gcd_k_not_2,0.0,False,1.0,True,EXACT-UNCLASSIFIED
6286,False,12,2,3.764619707553516,5.638768421302357,0.3134959045388739,1.0453083151441354,0.4896694214876033,False,1.0,True,True,,0.0,False,0.5,False,EXACT-UNCLASSIFIED
6288,False,17,1,0.0763240048310582,0.12045829561932113,0.9991517875843553,0.0008485723004250453,1.0,True,,False,False,gcd_k_not_2,0.0,False,1.0,True,EXACT-UNCLASSIFIED
6290,False,21,1,0.03656279876324201,0.058455674421943486,0.9804159068267371,0.019777757899998874,1.0,True,,False,False,gcd_k_not_2,0.0,False,1.0,True,EXACT-UNCLASSIFIED
6291,False,2,2,3.773418935454475,5.6519098651504995,0.3173467026619377,1.0364064311371297,0.4793388429752066,False,1.0,True,True,,0.0,False,0.5,False,EXACT-UNCLASSIFIED
6293,False,1,1,0.03847648289668354,0.06821992184715708,1.0371400986766466,0.036462979351074905,1.0,True,,False,False,gcd_k_not_2,0.0,False,1.0,True,EXACT-UNCLASSIFIED
6295,False,15,1,0.0430013817193414,0.07060051704133544,0.9984001034182393,0.001601177440917987,1.0,True,,False,False,gcd_k_not_2,0.0,False,1.0,True,EXACT-UNCLASSIFIED
6296,False,7,1,0.07592137540040504,0.1302816858111426,1.0042528748887765,0.0042438506059395325,1.0,True,,False,False,gcd_k_not_2,0.0,False,1.0,True,EXACT-UNCLASSIFIED
6297,False,9,1,0.03744027728859719,0.06515823148480637,1.010697176127321,0.01064026572904833,1.0,True,,False,False,gcd_k_not_2,0.0,False,1.0,True,EXACT-UNCLASSIFIED
6298,False,9,1,0.05924065919518855,0.09326356056103176,1.0192819539070923,0.019097832147495535,1.0,True,,False,False,gcd_k_not_2,0.0,False,1.0,True,EXACT-UNCLASSIFIED
6299,False,7,1,0.05005557803962138,0.08217763793933823,1.0123633378624841,0.012287381339014442,1.0,True,,False,False,gcd_k_not_2,0.0,False,1.0,True,EXACT-UNCLASSIFIED
6300,False,5,1,0.06714632816955039,0.10296638910526436,0.9939082226790668,0.006110388885149509,1.0,True,,False,False,gcd_k_not_2,0.0,False,1.0,True,EXACT-UNCLASSIFIED
6301,False,10,2,3.7869193595836568,5.67207175827183,0.3199555061518869,1.0304051775664331,0.47520661157024796,False,1.0,True,True,,0.4090909090909091,False,0.5,False,EXACT-UNCLASSIFIED
6304,False,19,1,0.026592847782727982,0.043999645565548084,0.9959267865471902,0.004081525915944134,1.0,True,,False,False,gcd_k_not_2,0.0,False,1.0,True,EXACT-UNCLASSIFIED
6305,False,15,1,0.03369047044777605,0.05191161781886955,0.9963225469010472,0.0036842273856611315,1.0,True,,False,False,gcd_k_not_2,0.0,False,1.0,True,EXACT-UNCLASSIFIED
6309,False,15,1,0.07511428249002665,0.11986891039010573,0.9932894179204149,0.0067331738374312045,1.0,True,,False,False,gcd_k_not_2,0.0,False,1.0,True,EXACT-UNCLASSIFIED
6312,False,5,1,0.05525781347985036,0.08897066250319877,0.9912980211958674,0.008740006479699755,1.0,True,,False,False,gcd_k_not_2,0.0,False,1.0,True,EXACT-UNCLASSIFIED
6314,False,21,1,0.08289311499021845,0.13113510260551617,1.0024469437778414,0.002443953669229146,1.0,True,,False,False,gcd_k_not_2,0.0,False,1.0,True,EXACT-UNCLASSIFIED
6315,False,3,1,0.06760658264266131,0.10659155052395748,0.9838564324936421,0.01627493526440925,1.0,True,,False,False,gcd_k_not_2,0.0,False,1.0,True,EXACT-UNCLASSIFIED
6316,False,5,1,0.04150452855030283,0.06865541582346632,1.0107971753248728,0.010739198818626146,1.0,True,,False,False,gcd_k_not_2,0.0,False,1.0,True,EXACT-UNCLASSIFIED
6317,False,9,1,0.056145921738864145,0.08849994654648866,0.9711393920614549,0.029283173026502334,1.0,True,,False,False,gcd_k_not_2,0.0,False,1.0,True,EXACT-UNCLASSIFIED
6320,False,5,1,0.03540143994668013,0.05914985480562749,1.0014568979711092,0.0014558374677826088,1.0,True,,False,False,gcd_k_not_2,0.0,False,1.0,True,EXACT-UNCLASSIFIED
6321,False,9,1,0.04141765257782823,0.06445522644977111,1.0063481807461339,0.006328094801344986,1.0,True,,False,False,gcd_k_not_2,0.5,False,1.0,True,EXACT-UNCLASSIFIED
6323,False,7,1,0.037288179968205507,0.06707825277013814,0.985472251195054,0.014634048696678401,1.0,True,,False,False,gcd_k_not_2,0.0,False,1.0,True,EXACT-UNCLASSIFIED
6325,False,9,1,0.06757450228413589,0.11275886084580007,1.0242367066640345,0.023946514342166013,1.0,True,,False,False,gcd_k_not_2,0.0,False,1.0,True,EXACT-UNCLASSIFIED
6326,False,1,1,0.06775507534697124,0.10638325140522217,0.9934246269980788,0.006597062073847437,1.0,True,,False,False,gcd_k_not_2,0.0,False,1.0,True,EXACT-UNCLASSIFIED
6327,False,7,1,0.055436258822302555,0.08936495127953645,1.019660673750627,0.019469284128918646,1.0,True,,False,False,gcd_k_not_2,0.0,False,1.0,True,EXACT-UNCLASSIFIED
6329,False,17,1,0.045142842775554824,0.08120611110243992,1.0126495332885568,0.012570030777179613,1.0,True,,False,False,gcd_k_not_2,0.0,False,1.0,True,EXACT-UNCLASSIFIED
6331,False,15,1,0.03667381925678594,0.06007107311965065,1.0138767824958113,0.013781163392343927,1.0,True,,False,False,gcd_k_not_2,0.36363636363636365,False,1.0,True,EXACT-UNCLASSIFIED
6337,False,9,1,0.039563301484774695,0.0597696950803585,1.015918826537888,0.0157931225487156,1.0,True,,False,False,gcd_k_not_2,0.3140495867768595,False,1.0,True,EXACT-UNCLASSIFIED
6341,False,15,1,0.06657524986688379,0.10932787237629384,1.018262541182658,0.018097289931325387,1.0,True,,False,False,gcd_k_not_2,0.0,False,1.0,True,EXACT-UNCLASSIFIED
6342,False,9,1,0.07309099368250264,0.12155138304067356,1.0216104245659687,0.021379415443614276,1.0,True,,False,False,gcd_k_not_2,0.0,False,1.0,True,EXACT-UNCLASSIFIED
6344,False,1,1,0.03599126732703285,0.061159532258652206,1.0384573319724082,0.03773179979705228,1.0,True,,False,False,gcd_k_not_2,0.0,False,1.0,True,EXACT-UNCLASSIFIED
6345,False,13,1,0.03154066514735762,0.051041287905496203,1.0207363429727379,0.020523551273623656,1.0,True,,False,False,gcd_k_not_2,0.7272727272727273,False,1.0,True,EXACT-UNCLASSIFIED
6347,False,3,1,0.04979079681531274,0.08028340283757812,1.0000380458373577,3.804511362852869e-05,1.0,True,,False,False,gcd_k_not_2,0.0,False,1.0,True,EXACT-UNCLASSIFIED
6348,False,19,1,0.04757911178519348,0.0704707060084871,1.0005116317493024,0.000511500899252359,1.0,True,,False,False,gcd_k_not_2,0.0,False,1.0,True,EXACT-UNCLASSIFIED
6350,False,13,1,0.07101714137172135,0.11600821886795709,0.9859856814620612,0.014113212062658613,1.0,True,,False,False,gcd_k_not_2,0.0,False,1.0,True,EXACT-UNCLASSIFIED
6352,False,7,1,0.05276491221179369,0.085728891541744,1.0142415308557367,0.01414083727057921,1.0,True,,False,False,gcd_k_not_2,0.0,False,1.0,True,EXACT-UNCLASSIFIED
6353,False,6,2,3.76282692447936,5.63609134992515,0.3151172952124045,1.0415537949061497,0.5247933884297521,False,1.0,True,True,,0.09090909090909091,False,0.5,False,EXACT-UNCLASSIFIED
6354,False,17,1,0.04697681338620752,0.07023202870586472,1.0099778230969665,0.00992829172770943,1.0,True,,False,False,gcd_k_not_2,0.0,False,1.0,True,EXACT-UNCLASSIFIED
6355,False,13,1,0.07226172934915823,0.12012078318658193,0.9940004954456264,0.006017555730880389,1.0,True,,False,False,gcd_k_not_2,0.0,False,1.0,True,EXACT-UNCLASSIFIED
6359,False,15,1,0.03664735028919589,0.06162095935838483,1.0217418388747148,0.021508026847598012,1.0,True,,False,False,gcd_k_not_2,0.13636363636363635,False,1.0,True,EXACT-UNCLASSIFIED
6360,False,1,1,0.0431129374718794,0.06703323857041583,0.9874574893045793,0.012621664375633416,1.0,True,,False,False,gcd_k_not_2,0.0,False,1.0,True,EXACT-UNCLASSIFIED
6361,False,21,1,0.061953208256034314,0.10188147529957758,1.013619745979383,0.013527624574180644,1.0,True,,False,False,gcd_k_not_2,0.0,False,1.0,True,EXACT-UNCLASSIFIED
6362,False,15,1,0.056659822204129795,0.08676431822137393,0.9859337866533876,0.014165843233188707,1.0,True,,False,False,gcd_k_not_2,0.0,False,1.0,True,EXACT-UNCLASSIFIED
6364,False,3,1,0.03859384499623669,0.054527727394060206,0.9974162739093805,0.002587068228459604,1.0,True,,False,False,gcd_k_not_2,0.0,False,1.0,True,EXACT-UNCLASSIFIED
6365,False,5,1,0.05333515552501281,0.08664912311736336,0.9985838512279673,0.0014171522212215815,1.0,True,,False,False,gcd_k_not_2,0.0,False,1.0,True,EXACT-UNCLASSIFIED
6367,False,5,1,0.047067043202821304,0.08135022322082833,0.9922590333795535,0.007771044317781545,1.0,True,,False,False,gcd_k_not_2,0.0,False,1.0,True,EXACT-UNCLASSIFIED
6368,False,13,1,0.03514912110567572,0.061982997561380364,0.9777263983082404,0.022524452028159864,1.0,True,,False,False,gcd_k_not_2,0.0,False,1.0,True,EXACT-UNCLASSIFIED
6369,False,7,1,0.06206129342342926,0.10547772019377254,0.991837077818075,0.008196375369080898,1.0,True,,False,False,gcd_k_not_2,0.04132231404958678,False,1.0,True,EXACT-UNCLASSIFIED
6370,False,15,1,0.047615291659145714,0.0755599973940456,0.9863266678547227,0.01376745564217276,1.0,True,,False,False,gcd_k_not_2,0.24793388429752067,False,1.0,True,EXACT-UNCLASSIFIED
6371,False,9,1,0.05658407498934382,0.09497731938463949,1.0161746285161,0.016044868621330127,1.0,True,,False,False,gcd_k_not_2,0.0,False,1.0,True,EXACT-UNCLASSIFIED
6373,False,13,1,0.0440552166944775,0.07451863164291289,1.0447789166359078,0.043798296501979396,1.0,True,,False,False,gcd_k_not_2,0.0,False,1.0,True,EXACT-UNCLASSIFIED
6374,False,19,1,0.06860433721365264,0.10655670769009219,1.009046349011846,0.0090056150434711,1.0,True,,False,False,gcd_k_not_2,0.0,False,1.0,True,EXACT-UNCLASSIFIED
6377,False,21,1,0.034395125089719585,0.060923370888791295,0.9721380635261775,0.02825556383613985,1.0,True,,False,False,gcd_k_not_2,0.0,False,1.0,True,EXACT-UNCLASSIFIED
6378,False,21,1,0.08638110435198572,0.1378693206737229,1.000487310245574,0.00048719153885972284,1.0,True,,False,False,gcd_k_not_2,0.0,False,1.0,True,EXACT-UNCLASSIFIED
6382,False,12,2,3.7548684038820057,5.624204964957825,0.3168754089045086,1.0374931242185985,0.45661157024793386,False,1.0,True,True,,0.0,False,0.5,False,EXACT-UNCLASSIFIED
6385,False,9,1,0.0315373839938974,0.04792964303625731,0.9971857813512738,0.0028181841419100996,1.0,True,,False,False,gcd_k_not_2,0.0,False,1.0,True,EXACT-UNCLASSIFIED
6389,False,1,1,0.05609764055917334,0.08734919776810667,1.028586643995788,0.028183803812766632,1.0,True,,False,False,gcd_k_not_2,0.0,False,1.0,True,EXACT-UNCLASSIFIED
6391,False,3,1,0.07312657746340373,0.11427293447161324,0.993874013672523,0.006144807831858476,1.0,True,,False,False,gcd_k_not_2,0.4834710743801653,False,1.0,True,EXACT-UNCLASSIFIED
6392,False,15,1,0.04981304047511961,0.0751883571992721,0.9960970463566907,0.003910585059411792,1.0,True,,False,False,gcd_k_not_2,0.0,False,1.0,True,EXACT-UNCLASSIFIED
6395,False,5,1,0.04086130871086733,0.06444602791993624,0.9998572558773559,0.0001427543113136277,1.0,True,,False,False,gcd_k_not_2,0.0,False,1.0,True,EXACT-UNCLASSIFIED
6398,False,1,1,0.08043096197808548,0.12827787157650394,1.0044873923839122,0.004477346578443943,1.0,True,,False,False,gcd_k_not_2,0.0,False,1.0,True,EXACT-UNCLASSIFIED
6399,False,2,2,3.7748984820673,5.654119680346408,0.3121617642456367,1.0484046319545093,0.493801652892562,False,1.0,True,True,,0.0,False,0.5,False,EXACT-UNCLASSIFIED
6401,False,18,2,3.765419123370088,5.639963189947293,0.3171610329405341,1.036834449216953,0.47520661157024796,False,1.0,True,True,,0.25,False,0.5,False,EXACT-UNCLASSIFIED
6402,False,13,1,0.04160649273707669,0.0656103789781331,1.0260644411989521,0.02572913345592112,1.0,True,,False,False,gcd_k_not_2,0.36363636363636365,False,1.0,True,EXACT-UNCLASSIFIED
6405,False,17,1,0.05329132284698311,0.08547315578472152,0.996064469082815,0.003943290387803287,1.0,True,,False,False,gcd_k_not_2,0.26859504132231404,False,1.0,True,EXACT-UNCLASSIFIED
6406,False,5,1,0.02927114773922189,0.05114454035026533,1.0054139307931835,0.0053993150342206,1.0,True,,False,False,gcd_k_not_2,0.0,False,1.0,True,EXACT-UNCLASSIFIED
6407,False,1,1,0.045151832399149404,0.08046612557106692,0.9769069939179506,0.023362764311215665,1.0,True,,False,False,gcd_k_not_2,0.0,False,1.0,True,EXACT-UNCLASSIFIED
6409,False,6,2,3.776616334402773,5.656684942147093,0.3203818342891262,1.029426712882293,0.5165289256198347,False,1.0,True,True,,0.0,False,0.5,False,EXACT-UNCLASSIFIED
6410,False,15,1,0.028885608059427303,0.04482181479299183,0.9589844046824856,0.04187434593095932,1.0,True,,False,False,gcd_k_not_2,0.0,False,1.0,True,EXACT-UNCLASSIFIED
6411,False,9,1,0.04222309006479079,0.06840938043237184,0.977237117520732,0.023024939474948276,1.0,True,,False,False,gcd_k_not_2,0.0,False,1.0,True,EXACT-UNCLASSIFIED
6413,False,21,1,0.08427116202247943,0.1399980061088166,1.0013407594198447,0.0013398612040793345,1.0,True,,False,False,gcd_k_not_2,0.0,False,1.0,True,EXACT-UNCLASSIFIED
6414,False,15,1,0.03311701018106795,0.057187433129669556,1.023587888281869,0.023312936807401433,1.0,True,,False,False,gcd_k_not_2,0.0,False,1.0,True,EXACT-UNCLASSIFIED
6416,False,9,1,0.07559369192731819,0.1127170891714756,1.0020828757335174,0.0020807088045785823,1.0,True,,False,False,gcd_k_not_2,0.05785123966942149,False,1.0,True,EXACT-UNCLASSIFIED
6417,False,15,1,0.06121055687774316,0.09577580415567592,0.9854845681706329,0.014621550891973157,1.0,True,,False,False,gcd_k_not_2,0.0,False,1.0,True,EXACT-UNCLASSIFIED
6418,False,13,1,0.039131939386842125,0.06885561562228994,0.9785764831403259,0.021655485185663837,1.0,True,,False,False,gcd_k_not_2,0.0,False,1.0,True,EXACT-UNCLASSIFIED
6419,False,2,2,3.7799694249215854,5.66169275258078,0.31777161959330963,1.0354273384901695,0.4628099173553719,False,1.0,True,True,,0.0,False,0.5,False,EXACT-UNCLASSIFIED
6420,False,3,1,0.03255183322343803,0.05803014270238884,0.9922714480837845,0.007758533028869104,1.0,True,,False,False,gcd_k_not_2,0.0,False,1.0,True,EXACT-UNCLASSIFIED
6421,False,21,1,0.05811313588199955,0.09065502951734321,1.0260005214020427,0.02566684571635711,1.0,True,,False,False,gcd_k_not_2,0.0,False,1.0,True,EXACT-UNCLASSIFIED
6425,False,1,1,0.07671168905872598,0.11722789836442417,0.9834076454080559,0.01673115925549476,1.0,True,,False,False,gcd_k_not_2,0.0,False,1.0,True,EXACT-UNCLASSIFIED
6426,False,13,1,0.07309608765172257,0.11488933458907914,0.9851222209451541,0.01498928267274373,1.0,True,,False,False,gcd_k_not_2,0.0,False,1.0,True,EXACT-UNCLASSIFIED
6429,False,7,1,0.05043623484516307,0.0878903258431623,1.0041101507270946,0.00410172138053728,1.0,True,,False,False,gcd_k_not_2,0.0,False,1.0,True,EXACT-UNCLASSIFIED
6433,False,3,1,0.033499277176693106,0.0524988627105583,1.0076210244191572,0.0075920946497978845,1.0,True,,False,False,gcd_k_not_2,0.3181818181818182,False,1.0,True,EXACT-UNCLASSIFIED
6434,False,9,1,0.05308134967703684,0.08397388649821602,0.9859232854793786,0.014176493748320706,1.0,True,,False,False,gcd_k_not_2,0.09090909090909091,False,1.0,True,EXACT-UNCLASSIFIED
6439,False,21,1,0.03844326447306634,0.06658736397321481,0.9766355444169437,0.023640630817400574,1.0,True,,False,False,gcd_k_not_2,0.0,False,1.0,True,EXACT-UNCLASSIFIED
6442,False,1,1,0.07922649735775814,0.12473727537106184,1.0015493136843583,0.0015481144269250987,1.0,True,,False,False,gcd_k_not_2,0.0,False,1.0,True,EXACT-UNCLASSIFIED
6443,False,13,1,0.07210827938136427,0.11203117527524444,0.9786688156177025,0.021561146781037602,1.0,True,,False,False,gcd_k_not_2,0.0,False,1.0,True,EXACT-UNCLASSIFIED
6445,False,7,1,0.03011263037566104,0.04809791014761227,1.0048020034148644,0.004790501412792727,1.0,True,,False,False,gcd_k_not_2,0.0,False,1.0,True,EXACT-UNCLASSIFIED
6446,False,13,1,0.058939139976036684,0.09246894456358641,0.9944228553006855,0.005592740460722108,1.0,True,,False,False,gcd_k_not_2,0.0,False,1.0,True,EXACT-UNCLASSIFIED
6447,False,9,1,0.04796069700764629,0.07799251032048199,1.0071442005513518,0.007118771585409033,1.0,True,,False,False,gcd_k_not_2,0.34710743801652894,False,1.0,True,EXACT-UNCLASSIFIED
6450,False,6,2,3.760134842202154,5.632070626001263,0.3173235884276044,1.0364597090184315,0.49793388429752067,False,1.0,True,True,,0.5,False,0.5,False,EXACT-UNCLASSIFIED
6451,False,7,1,0.060170673156845496,0.1015641471014605,0.9949096851688745,0.005103303541979309,1.0,True,,False,False,gcd_k_not_2,0.0,False,1.0,True,EXACT-UNCLASSIFIED
6452,False,9,1,0.07774541516471528,0.12966408013409636,1.011756349920413,0.011687647881293516,1.0,True,,False,False,gcd_k_not_2,0.13636363636363635,False,1.0,True,EXACT-UNCLASSIFIED
6457,False,2,2,3.735702203128169,5.595579500296676,0.31029633289645703,1.0527445582922885,0.53099173553719,False,1.0,True,True,,0.0,False,0.5,False,EXACT-UNCLASSIFIED
6459,False,15,1,0.04264955698075704,0.07414917978593409,0.9787881892196432,0.02143919283116595,1.0,True,,False,False,gcd_k_not_2,0.0,False,1.0,True,EXACT-UNCLASSIFIED
6460,False,5,1,0.07157730655852029,0.12479423134922289,1.0148606418974784,0.014751036958549625,1.0,True,,False,False,gcd_k_not_2,0.0,False,1.0,True,EXACT-UNCLASSIFIED
6462,False,14,2,3.7628270482639246,5.636091463816013,0.31936831044382213,1.031753884292128,0.48760330578512395,False,1.0,True,True,,0.0,False,0.5,False,EXACT-UNCLASSIFIED
6463,False,15,1,0.04048738223602743,0.07250528419825902,1.0188258624324436,0.018650308362664514,1.0,True,,False,False,gcd_k_not_2,0.06611570247933884,False,1.0,True,EXACT-UNCLASSIFIED
6464,False,3,1,0.049991827226851186,0.08349186290819198,1.0101990374849654,0.010147291183390217,1.0,True,,False,False,gcd_k_not_2,0.045454545454545456,False,1.0,True,EXACT-UNCLASSIFIED
6466,False,16,2,3.7733854402445455,5.65185978748416,0.320458109380415,1.0292517207356764,0.4524793388429752,False,1.0,True,True,,0.0,False,0.5,False,EXACT-UNCLASSIFIED
6467,False,3,1,0.060672975046066696,0.09374741425611795,0.9946183456830751,0.005396174489793849,1.0,True,,False,False,gcd_k_not_2,0.4090909090909091,False,1.0,True,EXACT-UNCLASSIFIED
6470,False,3,1,0.027109965429863346,0.0417389579274073,1.0033981337758662,0.0033923699124763715,1.0,True,,False,False,gcd_k_not_2,0.6611570247933884,False,1.0,True,EXACT-UNCLASSIFIED
6471,False,21,1,0.03302359375478807,0.05239914961210923,0.9973888044986159,0.0026146091291820764,1.0,True,,False,False,gcd_k_not_2,0.0,False,1.0,True,EXACT-UNCLASSIFIED
6472,False,1,1,0.05135755275931269,0.08530419766016235,1.0072184622069447,0.0071925028021195105,1.0,True,,False,False,gcd_k_not_2,0.0,False,1.0,True,EXACT-UNCLASSIFIED
6473,False,1,1,0.04023126179500317,0.06726523206178268,1.0342730064500898,0.03369558200046901,1.0,True,,False,False,gcd_k_not_2,0.0,False,1.0,True,EXACT-UNCLASSIFIED
6475,False,15,1,0.05455257988309391,0.0887893686656033,0.99433744197949,0.005678635822922246,1.0,True,,False,False,gcd_k_not_2,0.0,False,1.0,True,EXACT-UNCLASSIFIED
6481,False,19,1,0.06743464786169247,0.10728711300588202,0.9961070818810545,0.00390051030256051,1.0,True,,False,False,gcd_k_not_2,0.0,False,1.0,True,EXACT-UNCLASSIFIED
6482,False,14,2,3.759765707887508,5.631519104384598,0.31767753097316165,1.0356440828476658,0.49793388429752067,False,1.0,True,True,,0.0,False,0.5,False,EXACT-UNCLASSIFIED
6484,False,21,1,0.04142618454641252,0.06266308717980912,1.0020486471606704,0.002046550830396485,1.0,True,,False,False,gcd_k_not_2,0.0,False,1.0,True,EXACT-UNCLASSIFIED
6486,False,21,1,0.036739301610526756,0.059341795014455356,1.014430498803404,0.014327125023152762,1.0,True,,False,False,gcd_k_not_2,0.045454545454545456,False,1.0,True,EXACT-UNCLASSIFIED
6492,False,19,1,0.06344262795751096,0.0989171168483195,1.0006999515371808,0.0006997066568058624,1.0,True,,False,False,gcd_k_not_2,0.0,False,1.0,True,EXACT-UNCLASSIFIED
6494,False,2,2,3.7671925136448343,5.642611290935774,0.3178447914887771,1.0352587996961133,0.4772727272727273,False,1.0,True,True,,0.0,False,0.5,False,EXACT-UNCLASSIFIED
6497,False,17,1,0.07213136858521911,0.10860671926584682,1.003749191189125,0.0037421761222520937,1.0,True,,False,False,gcd_k_not_2,0.0,False,1.0,True,EXACT-UNCLASSIFIED
6498,False,13,1,0.030184682965624952,0.05563749054466436,1.0135859204652389,0.01349425453084203,1.0,True,,False,False,gcd_k_not_2,0.0,False,1.0,True,EXACT-UNCLASSIFIED
6500,False,8,2,3.760502152737013,5.6326189521081425,0.314694049786483,1.0425329761320759,0.4834710743801653,False,1.0,True,True,,0.0,False,0.5,False,EXACT-UNCLASSIFIED
6504,False,9,1,0.04852130240468285,0.07727523620408523,0.9946767083610851,0.005337498168601704,1.0,True,,False,False,gcd_k_not_2,0.0,False,1.0,True,EXACT-UNCLASSIFIED
6506,False,1,1,0.0383622648557444,0.07081829875434212,0.992334839875284,0.007694650488766004,1.0,True,,False,False,gcd_k_not_2,0.0,False,1.0,True,EXACT-UNCLASSIFIED
6508,False,5,1,0.04730541191896307,0.07062657315529325,0.9990472916303607,0.0009531624125434209,1.0,True,,False,False,gcd_k_not_2,0.0,False,1.0,True,EXACT-UNCLASSIFIED
6509,False,21,1,0.035123546121668354,0.06149508427749392,1.027228315946376,0.026862604209102057,1.0,True,,False,False,gcd_k_not_2,0.0,False,1.0,True,EXACT-UNCLASSIFIED
6514,False,20,2,3.770910414244935,5.6481636535544135,0.3201797789037709,1.0298903709322482,0.5,False,1.0,True,True,,0.0,False,0.5,False,EXACT-UNCLASSIFIED
6516,False,21,1,0.03170014567088766,0.05201874547436472,0.993001508555072,0.0070230668816723164,1.0,True,,False,False,gcd_k_not_2,0.09090909090909091,False,1.0,True,EXACT-UNCLASSIFIED
6519,False,5,1,0.043265505413614486,0.062204504640424485,0.9949536059003947,0.005059159355565686,1.0,True,,False,False,gcd_k_not_2,0.0,False,1.0,True,EXACT-UNCLASSIFIED
6520,False,19,1,0.04217993787759583,0.07337970038341866,0.9959817707600934,0.004026318575421092,1.0,True,,False,False,gcd_k_not_2,0.0,False,1.0,True,EXACT-UNCLASSIFIED
6521,False,15,1,0.026072385536068266,0.04376000888684544,0.9845142289280366,0.015606611276683275,1.0,True,,False,False,gcd_k_not_2,0.0,False,1.0,True,EXACT-UNCLASSIFIED
6525,False,3,1,0.04649228674113968,0.07511891937240674,0.9653113973422547,0.03530087161215844,1.0,True,,False,False,gcd_k_not_2,0.0,False,1.0,True,EXACT-UNCLASSIFIED
6526,False,1,1,0.0803729595742372,0.1265597248424668,1.0071040860402538,0.007078941336091164,1.0,True,,False,False,gcd_k_not_2,0.0,False,1.0,True,EXACT-UNCLASSIFIED
6527,False,7,1,0.045147073091970996,0.08002308254259914,1.0080947446748716,0.008062114296486764,1.0,True,,False,False,gcd_k_not_2,0.5165289256198347,False,1.0,True,EXACT-UNCLASSIFIED
6531,False,19,1,0.08118589572246195,0.1265735429097518,0.9961691995328644,0.0038381520644963528,1.0,True,,False,False,gcd_k_not_2,0.0,False,1.0,True,EXACT-UNCLASSIFIED
6533,False,9,1,0.06542832588733617,0.100049521380041,1.0260855370114375,0.025749689768690402,1.0,True,,False,False,gcd_k_not_2,0.359504132231405,False,1.0,True,EXACT-UNCLASSIFIED
6534,False,3,1,0.0499844882774295,0.08405031163691125,1.0292352448901958,0.02881405195756656,1.0,True,,False,False,gcd_k_not_2,0.02066115702479339,False,1.0,True,EXACT-UNCLASSIFIED
6537,False,7,1,0.06017021117455907,0.09677841240594685,0.9920045054203386,0.008027586843207698,1.0,True,,False,False,gcd_k_not_2,0.0,False,1.0,True,EXACT-UNCLASSIFIED
6538,False,7,1,0.06188965613656475,0.09842125257378412,0.992237276373317,0.007792970966605209,1.0,True,,False,False,gcd_k_not_2,0.2644628099173554,False,1.0,True,EXACT-UNCLASSIFIED
6539,False,17,1,0.06605865653217242,0.0992755921825328,0.9803288727428429,0.01986652573510358,1.0,True,,False,False,gcd_k_not_2,0.32644628099173556,False,1.0,True,EXACT-UNCLASSIFIED
6541,False,17,1,0.043542853233148375,0.07258352018702156,0.9850316186761007,0.015081252291469654,1.0,True,,False,False,gcd_k_not_2,0.0,False,1.0,True,EXACT-UNCLASSIFIED
6542,False,7,1,0.060358442437846334,0.0969569223365145,1.0016849889892456,0.0016835705902920933,1.0,True,,False,False,gcd_k_not_2,0.0,False,1.0,True,EXACT-UNCLASSIFIED
6543,False,9,1,0.054855257246321655,0.08400605601306388,0.9887245350450928,0.011339393421474058,1.0,True,,False,False,gcd_k_not_2,0.0,False,1.0,True,EXACT-UNCLASSIFIED
6545,False,3,1,0.05562689516526058,0.08793497286865852,1.0136370218018955,0.013544667339988017,1.0,True,,False,False,gcd_k_not_2,0.0,False,1.0,True,EXACT-UNCLASSIFIED
6547,False,7,1,0.06978883110235871,0.10718870942023243,1.0217307970963276,0.021497221220093343,1.0,True,,False,False,gcd_k_not_2,0.0,False,1.0,True,EXACT-UNCLASSIFIED
6548,False,19,1,0.05638364317066163,0.08717372690602555,0.9880272877936681,0.012044816768706768,1.0,True,,False,False,gcd_k_not_2,0.0,False,1.0,True,EXACT-UNCLASSIFIED
6549,False,21,1,0.059870191509381145,0.104781476737057,0.9882092024360307,0.011860721245553745,1.0,True,,False,False,gcd_k_not_2,0.0,False,1.0,True,EXACT-UNCLASSIFIED
6551,False,1,1,0.04937954541078708,0.08285661865629271,0.9925466490297242,0.007481231090780491,1.0,True,,False,False,gcd_k_not_2,0.0,False,1.0,True,EXACT-UNCLASSIFIED
6552,False,5,1,0.04125085408280447,0.06701737844701672,1.011072218425109,0.011011258893308038,1.0,True,,False,False,gcd_k_not_2,0.0,False,1.0,True,EXACT-UNCLASSIFIED
6553,False,19,1,0.056027248539791914,0.08955214101090231,0.9933013952030202,0.006721115846404661,1.0,True,,False,False,gcd_k_not_2,0.0,False,1.0,True,EXACT-UNCLASSIFIED
6554,False,9,1,0.045062531376732794,0.06968992200187525,0.9814737938210573,0.01869942084191484,1.0,True,,False,False,gcd_k_not_2,0.0,False,1.0,True,EXACT-UNCLASSIFIED
6558,False,7,1,0.05760697262309607,0.09583003790176887,0.98957667709969,0.010477930325866764,1.0,True,,False,False,gcd_k_not_2,0.0,False,1.0,True,EXACT-UNCLASSIFIED
6559,False,7,1,0.04815502498194974,0.08166897401287296,1.0159514062293136,0.015825189218374638,1.0,True,,False,False,gcd_k_not_2,0.0,False,1.0,True,EXACT-UNCLASSIFIED
6561,False,1,1,0.0872556053630266,0.14392137948934217,0.9975664809175231,0.0024364836972626275,1.0,True,,False,False,gcd_k_not_2,0.0,False,1.0,True,EXACT-UNCLASSIFIED
6563,False,5,1,0.08575171221407556,0.1437656166083693,1.0031767837833185,0.0031717458079947216,1.0,True,,False,False,gcd_k_not_2,0.0,False,1.0,True,EXACT-UNCLASSIFIED
6567,False,17,1,0.02955113599318206,0.046960097093560776,1.0030835025242981,0.0030787558485826446,1.0,True,,False,False,gcd_k_not_2,0.0,False,1.0,True,EXACT-UNCLASSIFIED
6568,False,19,1,0.03832855356573601,0.06373562337418982,1.003219866156015,0.0032146907190906855,1.0,True,,False,False,gcd_k_not_2,0.024793388429752067,False,1.0,True,EXACT-UNCLASSIFIED
6570,False,9,1,0.07320444129157008,0.10797796324492369,0.9997411610398473,0.000258872463292245,1.0,True,,False,False,gcd_k_not_2,0.0,False,1.0,True,EXACT-UNCLASSIFIED
6571,False,17,1,0.03495398437141105,0.06495733237102382,1.0012189730566359,0.001218230561520288,1.0,True,,False,False,gcd_k_not_2,0.0,False,1.0,True,EXACT-UNCLASSIFIED
6573,False,19,1,0.051008334211162694,0.08223562662228169,0.9840454461917557,0.01608285116539851,1.0,True,,False,False,gcd_k_not_2,0.0,False,1.0,True,EXACT-UNCLASSIFIED
6575,False,7,1,0.06416490397190905,0.10244520389779778,0.9970472910535593,0.002957074636808414,1.0,True,,False,False,gcd_k_not_2,0.29338842975206614,False,1.0,True,EXACT-UNCLASSIFIED
6576,False,3,1,0.04196838369640252,0.06048711961237512,0.9873473820909532,0.012733171888383783,1.0,True,,False,False,gcd_k_not_2,0.0,False,1.0,True,EXACT-UNCLASSIFIED
6578,False,17,1,0.05875967704392616,0.09347245061766316,1.0187552297296536,0.018580984414009644,1.0,True,,False,False,gcd_k_not_2,0.0,False,1.0,True,EXACT-UNCLASSIFIED
6579,False,3,1,0.08553674183128714,0.13366928479710244,1.0094905996411567,0.009445776599155424,1.0,True,,False,False,gcd_k_not_2,0.22727272727272727,False,1.0,True,EXACT-UNCLASSIFIED
6581,False,19,1,0.03965002270767844,0.0651870567326574,1.019038446737053,0.018858924422980573,1.0,True,,False,False,gcd_k_not_2,0.0,False,1.0,True,EXACT-UNCLASSIFIED
6584,False,17,1,0.04812060247675336,0.07774071556996834,0.9958204559747352,0.004188296610301606,1.0,True,,False,False,gcd_k_not_2,0.0,False,1.0,True,EXACT-UNCLASSIFIED
6585,False,13,1,0.06967630577541718,0.11175109812744989,0.996297667821257,0.0037091985212643797,1.0,True,,False,False,gcd_k_not_2,0.0,False,1.0,True,EXACT-UNCLASSIFIED
6586,False,6,2,3.771223390545852,5.648631055034354,0.3192043709635658,1.0321306448358283,0.506198347107438,False,1.0,True,True,,0.0,False,0.5,False,EXACT-UNCLASSIFIED
6590,False,17,1,0.049616667652623805,0.08176986348025897,1.008888597264862,0.008849268473088954,1.0,True,,False,False,gcd_k_not_2,0.0,False,1.0,True,EXACT-UNCLASSIFIED
6593,False,1,1,0.04821161363347549,0.07682805897047341,1.0155460249658859,0.015426117561516916,1.0,True,,False,False,gcd_k_not_2,0.0,False,1.0,True,EXACT-UNCLASSIFIED
6594,False,9,1,0.036558245590352145,0.060800531007275886,0.9989175743824473,0.0010830117573877778,1.0,True,,False,False,gcd_k_not_2,0.0,False,1.0,True,EXACT-UNCLASSIFIED
6596,False,17,1,0.03533447179414343,0.0593874686492416,0.9611642362818819,0.039604805145484236,1.0,True,,False,False,gcd_k_not_2,0.0,False,1.0,True,EXACT-UNCLASSIFIED
6599,False,6,2,3.7458398251533356,5.610720739747826,0.31726713921220245,1.036589831271596,0.4628099173553719,False,1.0,True,True,,0.0,False,0.5,False,EXACT-UNCLASSIFIED
6600,False,13,1,0.04826350314200809,0.07791766701181653,1.0425572120109254,0.04167052140392908,1.0,True,,False,False,gcd_k_not_2,0.2727272727272727,False,1.0,True,EXACT-UNCLASSIFIED
6601,False,17,1,0.03836225823882664,0.06592831713410073,0.9875846809656446,0.012492870520941614,1.0,True,,False,False,gcd_k_not_2,0.0,False,1.0,True,EXACT-UNCLASSIFIED
6602,False,7,1,0.05504187926361989,0.08428629682718976,1.0019936785814039,0.001991693183383708,1.0,True,,False,False,gcd_k_not_2,0.0,False,1.0,True,EXACT-UNCLASSIFIED
6603,False,6,2,3.7894707443692255,5.675881924081534,0.3196991932825226,1.0309937449084097,0.5103305785123967,False,1.0,True,True,,0.0,False,0.5,False,EXACT-UNCLASSIFIED
6605,False,1,1,0.06785052849952171,0.1069590833807874,0.9900938163586326,0.009955494117853405,1.0,True,,False,False,gcd_k_not_2,0.0,False,1.0,True,EXACT-UNCLASSIFIED
6606,False,3,1,0.03811128801594387,0.06483170837275781,0.9766260996694244,0.023650300210530228,1.0,True,,False,False,gcd_k_not_2,0.13636363636363635,False,1.0,True,EXACT-UNCLASSIFIED
6608,False,5,1,0.041825593335404275,0.06757614384478712,0.9812938732055466,0.018882738242347298,1.0,True,,False,False,gcd_k_not_2,0.0,False,1.0,True,EXACT-UNCLASSIFIED
6609,False,15,1,0.08151765566946509,0.12376058043812527,0.9892424907003495,0.010815684211393596,1.0,True,,False,False,gcd_k_not_2,0.0,False,1.0,True,EXACT-UNCLASSIFIED
6610,False,1,1,0.04470297262995102,0.07257747654862808,1.0064096040522006,0.0063891281613241025,1.0,True,,False,False,gcd_k_not_2,0.0,False,1.0,True,EXACT-UNCLASSIFIED
6611,False,21,1,0.04264424948172572,0.06505182697301246,1.0142232934222226,0.014122856655139637,1.0,True,,False,False,gcd_k_not_2,0.0,False,1.0,True,EXACT-UNCLASSIFIED
6612,False,15,1,0.027824881882831047,0.04880483025528603,0.9834251935267346,0.016713316466242537,1.0,True,,False,False,gcd_k_not_2,0.2727272727272727,False,1.0,True,EXACT-UNCLASSIFIED
6613,False,9,1,0.09130717910135047,0.13947284131404983,1.0021823166400712,0.002179937982604292,1.0,True,,False,False,gcd_k_not_2,0.0,False,1.0,True,EXACT-UNCLASSIFIED
6614,False,15,1,0.040417012531857956,0.06357390643354813,1.0032153833754265,0.0032102223276745602,1.0,True,,False,False,gcd_k_not_2,0.045454545454545456,False,1.0,True,EXACT-UNCLASSIFIED
6615,False,7,1,0.05116450929067737,0.08550372994050306,0.97917697530037,0.021042104833975134,1.0,True,,False,False,gcd_k_not_2,0.0,False,1.0,True,EXACT-UNCLASSIFIED
6617,False,5,1,0.054648691995010615,0.08339117205706335,0.9829909271545277,0.0171549678947642,1.0,True,,False,False,gcd_k_not_2,0.0,False,1.0,True,EXACT-UNCLASSIFIED
6620,False,13,1,0.03162026946371294,0.056364541718381074,1.033871890552603,0.03330779161651123,1.0,True,,False,False,gcd_k_not_2,0.0,False,1.0,True,EXACT-UNCLASSIFIED
6621,False,1,1,0.07176840653848764,0.11657603939449551,0.9967284675441394,0.0032768926862493846,1.0,True,,False,False,gcd_k_not_2,0.36363636363636365,False,1.0,True,EXACT-UNCLASSIFIED
6622,False,21,1,0.03183362431025118,0.053300994989005875,0.9857493977206712,0.014352870806040622,1.0,True,,False,False,gcd_k_not_2,0.0,False,1.0,True,EXACT-UNCLASSIFIED
6623,False,3,1,0.044029247390100126,0.0669986338393115,0.9998750030179298,0.0001250047946812751,1.0,True,,False,False,gcd_k_not_2,0.0,False,1.0,True,EXACT-UNCLASSIFIED
6624,False,3,1,0.03797580196422406,0.06469947561850349,0.9586207156654489,0.04225349400584917,1.0,True,,False,False,gcd_k_not_2,0.0,False,1.0,True,EXACT-UNCLASSIFIED
6626,False,1,1,0.06180485710608442,0.09665113187357315,1.0074396727897192,0.0074121009867065355,1.0,True,,False,False,gcd_k_not_2,0.5,False,1.0,True,EXACT-UNCLASSIFIED
6628,False,17,1,0.03577374991445786,0.06771689301258461,0.9906599642513192,0.009383858535773172,1.0,True,,False,False,gcd_k_not_2,0.0,False,1.0,True,EXACT-UNCLASSIFIED
6631,False,19,1,0.036835659418752095,0.06121110047600077,0.9879712532177475,0.012101529901685136,1.0,True,,False,False,gcd_k_not_2,0.0,False,1.0,True,EXACT-UNCLASSIFIED
6632,False,17,1,0.06684178473999301,0.10527541090424852,0.9906069006795184,0.009437422644596582,1.0,True,,False,False,gcd_k_not_2,0.16942148760330578,False,1.0,True,EXACT-UNCLASSIFIED
6633,False,1,1,0.05024538198300604,0.07992246221540575,1.0046487660164127,0.004637985561581073,1.0,True,,False,False,gcd_k_not_2,0.0,False,1.0,True,EXACT-UNCLASSIFIED
6634,False,13,1,0.04720007953068596,0.08147134827079654,0.9881686023658685,0.011901805128652113,1.0,True,,False,False,gcd_k_not_2,0.0,False,1.0,True,EXACT-UNCLASSIFIED
6635,False,1,1,0.07050821377808278,0.12535103766020653,1.00761140908564,0.007582552132542984,1.0,True,,False,False,gcd_k_not_2,0.0,False,1.0,True,EXACT-UNCLASSIFIED
6636,False,19,1,0.03359758164855486,0.06391443068376873,1.0069120034876629,0.006888197863833673,1.0,True,,False,False,gcd_k_not_2,0.0,False,1.0,True,EXACT-UNCLASSIFIED
6638,False,21,1,0.06710710791440466,0.10354192756140682,0.9971766352319341,0.00282735609686122,1.0,True,,False,False,gcd_k_not_2,0.0,False,1.0,True,EXACT-UNCLASSIFIED
6639,False,19,1,0.045328198838501865,0.07906077261490382,0.9943488572299971,0.005667155723048233,1.0,True,,False,False,gcd_k_not_2,0.0,False,1.0,True,EXACT-UNCLASSIFIED
6641,False,3,1,0.05493380200298024,0.09536228769115444,0.9832811481682582,0.016859789997180345,1.0,True,,False,False,gcd_k_not_2,0.0,False,1.0,True,EXACT-UNCLASSIFIED
6642,False,7,1,0.07198522363181332,0.11066054113495306,0.9802220874070025,0.019975448934513893,1.0,True,,False,False,gcd_k_not_2,0.0,False,1.0,True,EXACT-UNCLASSIFIED
6643,False,5,1,0.06977905285082113,0.10785308478099358,1.010581245200189,0.010525558442812779,1.0,True,,False,False,gcd_k_not_2,0.0,False,1.0,True,EXACT-UNCLASSIFIED
6645,False,3,1,0.06012625654316893,0.09301810189780553,1.035492534548754,0.03487365730537775,1.0,True,,False,False,gcd_k_not_2,0.0,False,1.0,True,EXACT-UNCLASSIFIED
6647,False,17,1,0.04347423615700566,0.061046475378001834,1.045459308874439,0.04444899849848793,1.0,True,,False,False,gcd_k_not_2,0.0,False,1.0,True,EXACT-UNCLASSIFIED
6649,False,6,2,3.76300708651424,5.636360103351694,0.31640009194654173,1.038589881960019,0.4731404958677686,False,1.0,True,True,,0.0,False,0.5,False,EXACT-UNCLASSIFIED
6653,False,9,1,0.06315430230097271,0.10907745704016303,0.9939102303714088,0.006108368908320259,1.0,True,,False,False,gcd_k_not_2,0.045454545454545456,False,1.0,True,EXACT-UNCLASSIFIED
6654,False,9,1,0.047023634923443615,0.07162140881568052,0.9880333686470151,0.012038662470870872,1.0,True,,False,False,gcd_k_not_2,0.0,False,1.0,True,EXACT-UNCLASSIFIED
6655,False,1,1,0.03857596423759873,0.06277543766754863,1.0469999681391222,0.045920829380225923,1.0,True,,False,False,gcd_k_not_2,0.0,False,1.0,True,EXACT-UNCLASSIFIED
6656,False,12,2,3.771299209442459,5.648744146069534,0.31194065638876217,1.0489183946859073,0.4855371900826446,False,1.0,True,True,,0.0,False,0.5,False,EXACT-UNCLASSIFIED
6659,False,9,1,0.049415760444892105,0.08089025866923097,0.9973092853957385,0.002694339453519719,1.0,True,,False,False,gcd_k_not_2,0.0,False,1.0,True,EXACT-UNCLASSIFIED
6660,False,5,1,0.05164434566085745,0.09185546469572345,0.9990309859307537,0.0009694837909629742,1.0,True,,False,False,gcd_k_not_2,0.0,False,1.0,True,EXACT-UNCLASSIFIED
6663,False,19,1,0.031463335621107306,0.05423486217991353,1.0472490621359558,0.04615858715955111,1.0,True,,False,False,gcd_k_not_2,0.0,False,1.0,True,EXACT-UNCLASSIFIED
6665,False,5,1,0.039713571486364854,0.06301572129124283,0.9940510023938294,0.0059667456840661656,1.0,True,,False,False,gcd_k_not_2,0.0,False,1.0,True,EXACT-UNCLASSIFIED
6666,False,3,1,0.07183197322771505,0.11755395605616945,1.0014159950733035,0.0014149932615598773,1.0,True,,False,False,gcd_k_not_2,0.0,False,1.0,True,EXACT-UNCLASSIFIED
6668,False,19,1,0.029376012111953037,0.05175235227770754,0.998870214976718,0.001130423591103552,1.0,True,,False,False,gcd_k_not_2,0.0,False,1.0,True,EXACT-UNCLASSIFIED
6669,False,5,1,0.06318014976728016,0.10424689062849818,0.9918241620442731,0.008209397306774018,1.0,True,,False,False,gcd_k_not_2,0.0,False,1.0,True,EXACT-UNCLASSIFIED
6670,False,17,1,0.06647683217197878,0.10773187155196129,0.9933105289880648,0.006711920611116463,1.0,True,,False,False,gcd_k_not_2,0.0,False,1.0,True,EXACT-UNCLASSIFIED
6672,False,3,1,0.05686151025552963,0.08706716718795016,0.9922726726677012,0.007757298926307786,1.0,True,,False,False,gcd_k_not_2,0.0,False,1.0,True,EXACT-UNCLASSIFIED
6673,False,15,1,0.03470092056162411,0.049287182098182614,1.0006720396933735,0.0006718139505527223,1.0,True,,False,False,gcd_k_not_2,0.0,False,1.0,True,EXACT-UNCLASSIFIED
6677,False,6,2,3.757258479670843,5.627774761625291,0.3185251411631333,1.0336926275606784,0.4855371900826446,False,1.0,True,True,,0.0,False,0.5,False,EXACT-UNCLASSIFIED
6680,False,14,2,3.7859234799493664,5.670584446236706,0.3146976209028301,1.0425247116923488,0.5,False,1.0,True,True,,0.0,False,0.5,False,EXACT-UNCLASSIFIED
6681,False,5,1,0.04578484598438742,0.07858438440789038,0.9999466837103254,5.3317711025910585e-05,1.0,True,,False,False,gcd_k_not_2,0.045454545454545456,False,1.0,True,EXACT-UNCLASSIFIED
6682,False,9,1,0.04179228267805386,0.06277976911637895,0.9617045799474243,0.03904300417507513,1.0,True,,False,False,gcd_k_not_2,0.5826446280991735,False,1.0,True,EXACT-UNCLASSIFIED
6685,False,9,1,0.04666476967019274,0.06951818862282845,1.0048495574025673,0.004837826743319675,1.0,True,,False,False,gcd_k_not_2,0.0,False,1.0,True,EXACT-UNCLASSIFIED
6690,False,7,1,0.06934949833058543,0.10559037622567669,0.9994302839118376,0.0005698784226151411,1.0,True,,False,False,gcd_k_not_2,0.0,False,1.0,True,EXACT-UNCLASSIFIED
6691,False,3,1,0.08634358979157623,0.14133423354477773,1.005162782396132,0.005149489549135428,1.0,True,,False,False,gcd_k_not_2,0.0,False,1.0,True,EXACT-UNCLASSIFIED
6692,False,17,1,0.033105374368592934,0.054238825164196154,1.0010709602397314,0.0010703870687355252,1.0,True,,False,False,gcd_k_not_2,0.0,False,1.0,True,EXACT-UNCLASSIFIED
6693,False,3,1,0.02842926951700018,0.05060165553946106,0.9980056184342767,0.0019963723298096923,1.0,True,,False,False,gcd_k_not_2,0.09090909090909091,False,1.0,True,EXACT-UNCLASSIFIED
6694,False,17,1,0.0630159089389964,0.09585849471868045,0.9976572344574286,0.002345513036131733,1.0,True,,False,False,gcd_k_not_2,0.0,False,1.0,True,EXACT-UNCLASSIFIED
6697,False,19,1,0.06939902626288166,0.11391781405763267,0.9822269912280054,0.017932364810534694,1.0,True,,False,False,gcd_k_not_2,0.16115702479338842,False,1.0,True,EXACT-UNCLASSIFIED
6698,False,14,2,3.7736748013632666,5.652291920648798,0.31644668569804346,1.0384823354080663,0.4855371900826446,False,1.0,True,True,,0.0,False,0.5,False,EXACT-UNCLASSIFIED
6700,False,13,1,0.0752381106658064,0.12458665311797479,0.9991429965588232,0.0008573708260508998,1.0,True,,False,False,gcd_k_not_2,0.0,False,1.0,True,EXACT-UNCLASSIFIED
6703,False,18,2,3.7818294429407455,5.664470229689486,0.32104139110341695,1.0279142099090084,0.493801652892562,False,1.0,True,True,,0.0,False,0.5,False,EXACT-UNCLASSIFIED
6705,False,21,1,0.05624732425981735,0.09051143434220528,0.9995610698789151,0.00043902647205610907,1.0,True,,False,False,gcd_k_not_2,0.0,False,1.0,True,EXACT-UNCLASSIFIED
6706,False,8,2,3.777786146438171,5.658432527803464,0.3151307290930155,1.0415227258499342,0.47520661157024796,False,1.0,True,True,,0.0,False,0.5,False,EXACT-UNCLASSIFIED
6709,False,2,2,3.767697896078031,5.643365691467431,0.3124697612212188,1.0476892635439496,0.49586776859504134,False,1.0,True,True,,0.0,False,0.5,False,EXACT-UNCLASSIFIED
6711,False,5,1,0.05257057147272635,0.08338187837318746,1.0314256520872078,0.030939505026845848,1.0,True,,False,False,gcd_k_not_2,0.0,False,1.0,True,EXACT-UNCLASSIFIED
6713,False,2,2,3.773836971726628,5.652534270555802,0.316403031236984,1.0385830973370833,0.5289256198347108,False,1.0,True,True,,0.0,False,0.5,False,EXACT-UNCLASSIFIED
6714,False,7,1,0.05374687104477735,0.08997355061275081,0.9995710109929681,0.00042908104255706816,1.0,True,,False,False,gcd_k_not_2,0.06198347107438017,False,1.0,True,EXACT-UNCLASSIFIED
6717,False,15,1,0.05013063437928924,0.0832989494426743,1.0244759676368336,0.024180052545058655,1.0,True,,False,False,gcd_k_not_2,0.0,False,1.0,True,EXACT-UNCLASSIFIED
6718,False,19,1,0.0662911932964475,0.10766778406565244,0.9911470395344811,0.00889232215375582,1.0,True,,False,False,gcd_k_not_2,0.0,False,1.0,True,EXACT-UNCLASSIFIED
6720,False,3,1,0.09054856492672535,0.14056700591523996,0.9949790283681917,0.0050336084343855685,1.0,True,,False,False,gcd_k_not_2,0.0,False,1.0,True,EXACT-UNCLASSIFIED
6724,False,4,2,3.766993834618787,5.642314447594837,0.3210807260210051,1.0278240543616866,0.4855371900826446,False,1.0,True,True,,0.0,False,0.5,False,EXACT-UNCLASSIFIED
6729,False,18,2,3.770666699567178,5.6477998270629275,0.3210029510968098,1.0280023195094738,0.44834710743801653,False,1.0,True,True,,0.0,False,0.5,False,EXACT-UNCLASSIFIED
6730,False,9,1,0.06852681390997008,0.10926865466894754,0.9922459553961507,0.00778422421473299,1.0,True,,False,False,gcd_k_not_2,0.0,False,1.0,True,EXACT-UNCLASSIFIED
6732,False,6,2,3.7906272112279877,5.677608999206354,0.3141690611857039,1.0437484172630085,0.5247933884297521,False,1.0,True,True,,0.0,False,0.5,False,EXACT-UNCLASSIFIED
6733,False,3,1,0.05858680582170912,0.09278612338073962,0.9912741710526709,0.008764065816929895,1.0,True,,False,False,gcd_k_not_2,0.22727272727272727,False,1.0,True,EXACT-UNCLASSIFIED
6735,False,7,1,0.05307124181582376,0.09381396359037271,1.005944366288537,0.005926750899413402,1.0,True,,False,False,gcd_k_not_2,0.0,False,1.0,True,EXACT-UNCLASSIFIED
6736,False,12,2,3.748956427853102,5.615375309363501,0.31673721354173257,1.037811917869992,0.5165289256198347,False,1.0,True,True,,0.0,False,0.5,False,EXACT-UNCLASSIFIED
6737,False,1,1,0.06709509572486416,0.107018798651489,1.0074244232108798,0.007396964114847655,1.0,True,,False,False,gcd_k_not_2,0.0,False,1.0,True,EXACT-UNCLASSIFIED
6738,False,17,1,0.06934667175397854,0.1150703039330867,0.9824077846433173,0.017748331592481036,1.0,True,,False,False,gcd_k_not_2,0.0,False,1.0,True,EXACT-UNCLASSIFIED
6740,False,3,1,0.06689258664657248,0.10806490394693379,1.0016744556492583,0.0016730549211260767,1.0,True,,False,False,gcd_k_not_2,0.44214876033057854,False,1.0,True,EXACT-UNCLASSIFIED
6741,False,17,1,0.057588654250137136,0.09238206493099375,1.0123856297363945,0.012309399901664733,1.0,True,,False,False,gcd_k_not_2,0.5454545454545454,False,1.0,True,EXACT-UNCLASSIFIED
6743,False,21,1,0.0415504521813721,0.0645507500247737,1.0219502319875944,0.021711940917573443,1.0,True,,False,False,gcd_k_not_2,0.0,False,1.0,True,EXACT-UNCLASSIFIED
6744,False,7,1,0.053137339381176193,0.08349187403874607,1.0179541071286575,0.017794366150580464,1.0,True,,False,False,gcd_k_not_2,0.0,False,1.0,True,EXACT-UNCLASSIFIED
6746,False,9,1,0.033124348120153434,0.055458974313807446,1.0227828919328223,0.02252628497470905,1.0,True,,False,False,gcd_k_not_2,0.5454545454545454,False,1.0,True,EXACT-UNCLASSIFIED
6747,False,5,1,0.02689565600673991,0.047069544024082664,1.0105484738401211,0.010493130583391299,1.0,True,,False,False,gcd_k_not_2,0.0,False,1.0,True,EXACT-UNCLASSIFIED
6750,False,15,1,0.054273191721454686,0.08099382832671928,1.0008123007745597,0.0008119709922266892,1.0,True,,False,False,gcd_k_not_2,0.0,False,1.0,True,EXACT-UNCLASSIFIED
6753,False,21,1,0.035122992293903345,0.06344277104814715,1.0369369440659204,0.03626714530710088,1.0,True,,False,False,gcd_k_not_2,0.0,False,1.0,True,EXACT-UNCLASSIFIED
6755,False,3,1,0.0723812982357979,0.11450194091779368,1.0032652508450692,0.0032599286027566758,1.0,True,,False,False,gcd_k_not_2,0.0,False,1.0,True,EXACT-UNCLASSIFIED
6756,False,14,2,3.778597147449054,5.6596430028426195,0.3174497496632739,1.0361689324563288,0.49793388429752067,False,1.0,True,True,,0.0,False,0.5,False,EXACT-UNCLASSIFIED
6757,False,21,1,0.07401875739886528,0.11705001501967174,0.9978948546717746,0.0021073634814192934,1.0,True,,False,False,gcd_k_not_2,0.0,False,1.0,True,EXACT-UNCLASSIFIED
6761,False,17,1,0.04746105513035197,0.08059116999172379,0.9892481490191727,0.01080996454477409,1.0,True,,False,False,gcd_k_not_2,0.0,False,1.0,True,EXACT-UNCLASSIFIED
6763,False,7,1,0.0643615701870495,0.09788500503601791,0.9964805553433964,0.003525648819553114,1.0,True,,False,False,gcd_k_not_2,0.0,False,1.0,True,EXACT-UNCLASSIFIED
6765,False,5,1,0.051007111883947236,0.07906622372046544,1.0246446273092111,0.0243446449582258,1.0,True,,False,False,gcd_k_not_2,0.0,False,1.0,True,EXACT-UNCLASSIFIED
6768,False,21,1,0.0350773466943085,0.05566476581620601,0.9869720562270434,0.013113363856454648,1.0,True,,False,False,gcd_k_not_2,0.0,False,1.0,True,EXACT-UNCLASSIFIED
6769,False,3,1,0.044761033080950405,0.07325835240241668,1.0031096057872058,0.003104778468658802,1.0,True,,False,False,gcd_k_not_2,0.045454545454545456,False,1.0,True,EXACT-UNCLASSIFIED
6770,False,13,1,0.06226663105500959,0.09777759167794643,0.9961481990007657,0.0038592334989580772,1.0,True,,False,False,gcd_k_not_2,0.0,False,1.0,True,EXACT-UNCLASSIFIED
6771,False,1,1,0.04049768490501705,0.06649675498800063,1.011491985132629,0.011426329528100222,1.0,True,,False,False,gcd_k_not_2,0.0,False,1.0,True,EXACT-UNCLASSIFIED
6772,False,13,1,0.051007520731839846,0.0781265573869769,0.9942913756834084,0.005724965154237126,1.0,True,,False,False,gcd_k_not_2,0.0,False,1.0,True,EXACT-UNCLASSIFIED
6775,False,7,1,0.046351784584053014,0.08417087645158153,0.9744880047165905,0.025841631068375583,1.0,True,,False,False,gcd_k_not_2,0.0,False,1.0,True,EXACT-UNCLASSIFIED
6776,False,5,1,0.06623339099222952,0.1040716986531995,1.0144146723528613,0.014311524385418318,1.0,True,,False,False,gcd_k_not_2,0.0,False,1.0,True,EXACT-UNCLASSIFIED
6779,False,9,1,0.07538590966930485,0.11361390906346121,1.0033513680816861,0.0033457616422976253,1.0,True,,False,False,gcd_k_not_2,0.0,False,1.0,True,EXACT-UNCLASSIFIED
6780,False,17,1,0.0435477189230103,0.07010457283325355,1.0057828284880765,0.005766156142073987,1.0,True,,False,False,gcd_k_not_2,0.0,False,1.0,True,EXACT-UNCLASSIFIED
6782,False,7,1,0.06216091838995104,0.09912319686765005,0.9881117733501968,0.011959314168508869,1.0,True,,False,False,gcd_k_not_2,0.0,False,1.0,True,EXACT-UNCLASSIFIED
6784,False,3,1,0.04444701479927911,0.07041101130882127,1.0200717025500357,0.01987226742961462,1.0,True,,False,False,gcd_k_not_2,0.5413223140495868,False,1.0,True,EXACT-UNCLASSIFIED
6787,False,3,1,0.04098435311450144,0.06916979155257894,0.997919249173759,0.0020829178427521477,1.0,True,,False,False,gcd_k_not_2,0.0,False,1.0,True,EXACT-UNCLASSIFIED
6788,False,21,1,0.036294732913101785,0.05327825412646883,0.9869700448953079,0.013115401652045156,1.0,True,,False,False,gcd_k_not_2,0.0,False,1.0,True,EXACT-UNCLASSIFIED
6790,False,7,1,0.05532871554790798,0.0943758737256612,1.0121220889119051,0.012049059029475137,1.0,True,,False,False,gcd_k_not_2,0.0,False,1.0,True,EXACT-UNCLASSIFIED
6791,False,1,1,0.046738722909914966,0.08076083856253898,0.9925634127089059,0.007464341906171954,1.0,True,,False,False,gcd_k_not_2,0.0,False,1.0,True,EXACT-UNCLASSIFIED
6793,False,5,1,0.039315244868715314,0.06312187462300688,0.9966263738556856,0.0033793264363222416,1.0,True,,False,False,gcd_k_not_2,0.0,False,1.0,True,EXACT-UNCLASSIFIED
6795,False,3,1,0.04731786839949423,0.08402143503433958,0.9499276806799197,0.051358129653937296,1.0,True,,False,False,gcd_k_not_2,0.0,False,1.0,True,EXACT-UNCLASSIFIED
6796,False,19,1,0.03854578740913631,0.06261022312671707,0.9941741547200398,0.005842865093974834,1.0,True,,False,False,gcd_k_not_2,0.13636363636363635,False,1.0,True,EXACT-UNCLASSIFIED
6797,False,1,1,0.06754027302862474,0.11423150515580555,0.9908750252089622,0.009166798192247175,1.0,True,,False,False,gcd_k_not_2,0.0,False,1.0,True,EXACT-UNCLASSIFIED
6800,False,21,1,0.055683075410697086,0.0869524447173741,1.0031991110300524,0.003194002046464079,1.0,True,,False,False,gcd_k_not_2,0.5,False,1.0,True,EXACT-UNCLASSIFIED
6801,False,19,1,0.051398617908258656,0.08101045681244243,1.006151348540229,0.006132487007727375,1.0,True,,False,False,gcd_k_not_2,0.0,False,1.0,True,EXACT-UNCLASSIFIED
6802,False,21,1,0.04297645446505399,0.07517386444232103,1.0450567100228374,0.044064020134027736,1.0,True,,False,False,gcd_k_not_2,0.0,False,1.0,True,EXACT-UNCLASSIFIED
6805,False,15,1,0.06949875461826101,0.11061939007828753,0.9941242211048273,0.00589309214840914,1.0,True,,False,False,gcd_k_not_2,0.0,False,1.0,True,EXACT-UNCLASSIFIED
6806,False,6,2,3.7477875527832003,5.613629630618685,0.3144430906999007,1.0431138695172588,0.49586776859504134,False,1.0,True,True,,0.0,False,0.5,False,EXACT-UNCLASSIFIED
6807,False,5,1,0.05684523190270346,0.09050404818897327,0.9961224399605122,0.003885092378966961,1.0,True,,False,False,gcd_k_not_2,0.36363636363636365,False,1.0,True,EXACT-UNCLASSIFIED
6812,False,16,2,3.76327469627175,5.636759818899919,0.3191355317438465,1.0322888768769298,0.5103305785123967,False,1.0,True,True,,0.0,False,0.5,False,EXACT-UNCLASSIFIED
6815,False,5,1,0.045744692446614686,0.0727849343728457,0.9691556638035084,0.03132747376295731,1.0,True,,False,False,gcd_k_not_2,0.0,False,1.0,True,EXACT-UNCLASSIFIED
6816,False,10,2,3.749012288342881,5.615458797527134,0.3126000480270773,1.0473867542609483,0.4855371900826446,False,1.0,True,True,,0.0,False,0.5,False,EXACT-UNCLASSIFIED
6819,False,3,1,0.06064329400192389,0.09714726014638214,1.0126324734985714,0.012553184612600857,1.0,True,,False,False,gcd_k_not_2,0.0,False,1.0,True,EXACT-UNCLASSIFIED
6821,False,13,1,0.04793958414011118,0.07888477011273189,0.9955735605081292,0.004436257905465267,1.0,True,,False,False,gcd_k_not_2,0.0,False,1.0,True,EXACT-UNCLASSIFIED
6824,False,3,1,0.049447689514130026,0.07925882966193619,1.0121437720971265,0.012070481508853434,1.0,True,,False,False,gcd_k_not_2,0.24380165289256198,False,1.0,True,EXACT-UNCLASSIFIED
6827,False,13,1,0.04775165916637949,0.07680515158129447,0.9969193124828656,0.003085440155620512,1.0,True,,False,False,gcd_k_not_2,0.0,False,1.0,True,EXACT-UNCLASSIFIED
6828,False,21,1,0.06009387077677073,0.09601431176783465,1.0123521062809202,0.012276287278321725,1.0,True,,False,False,gcd_k_not_2,0.0,False,1.0,True,EXACT-UNCLASSIFIED
6829,False,21,1,0.05815441687916162,0.09925337496973001,0.9862166847799322,0.013878964289935984,1.0,True,,False,False,gcd_k_not_2,0.0,False,1.0,True,EXACT-UNCLASSIFIED
6830,False,15,1,0.053991672466624965,0.08504473795024155,1.0123938983341012,0.01231756699755566,1.0,True,,False,False,gcd_k_not_2,0.0,False,1.0,True,EXACT-UNCLASSIFIED
6834,False,17,1,0.04137276335698294,0.065278832386095,1.0168583513553304,0.016717437140790273,1.0,True,,False,False,gcd_k_not_2,0.0,False,1.0,True,EXACT-UNCLASSIFIED
6835,False,18,2,3.7667319582548586,5.641923343136528,0.3162121791754075,1.0390236948771865,0.5206611570247934,False,1.0,True,True,,0.0,False,0.5,False,EXACT-UNCLASSIFIED
6836,False,9,1,0.037679540965485425,0.0596595005480191,1.0270826271440932,0.026720792513770696,1.0,True,,False,False,gcd_k_not_2,0.0,False,1.0,True,EXACT-UNCLASSIFIED
6837,False,15,1,0.05565341400986641,0.08454397146775429,0.9994501402958164,0.0005500109186041924,1.0,True,,False,False,gcd_k_not_2,0.0,False,1.0,True,EXACT-UNCLASSIFIED
6841,False,10,2,3.7703742542606196,5.647362883268444,0.3157286654064927,1.040140497937852,0.5103305785123967,False,1.0,True,True,,0.0,False,0.5,False,EXACT-UNCLASSIFIED
6842,False,10,2,3.7682646758081138,5.644212227021867,0.3170905975984317,1.0369968529830487,0.5144628099173554,False,1.0,True,True,,0.0,False,0.5,False,EXACT-UNCLASSIFIED
6849,False,3,1,0.06248539944900637,0.09882220574052557,1.0066586707608984,0.006636575375695183,1.0,True,,False,False,gcd_k_not_2,0.36363636363636365,False,1.0,True,EXACT-UNCLASSIFIED
6850,False,15,1,0.06234754434280082,0.09143916298583533,0.9883249852648386,0.01174356789929525,1.0,True,,False,False,gcd_k_not_2,0.0,False,1.0,True,EXACT-UNCLASSIFIED
6856,False,17,1,0.08614554955583408,0.1439882113615599,1.0023164474592705,0.002313767598732867,1.0,True,,False,False,gcd_k_not_2,0.2727272727272727,False,1.0,True,EXACT-UNCLASSIFIED
6857,False,17,1,0.042188266972656235,0.07462058661789585,0.976972858242317,0.0232953544725504,1.0,True,,False,False,gcd_k_not_2,0.0,False,1.0,True,EXACT-UNCLASSIFIED
6861,False,21,1,0.05584416973010262,0.09161616905210794,0.9768102238358394,0.023461813263149455,1.0,True,,False,False,gcd_k_not_2,0.0,False,1.0,True,EXACT-UNCLASSIFIED
6862,False,19,1,0.06185040354823909,0.09886634339107198,0.9897488783442604,0.010303935101870668,1.0,True,,False,False,gcd_k_not_2,0.0,False,1.0,True,EXACT-UNCLASSIFIED
6865,False,9,1,0.06334370185402229,0.1036388268786726,1.0089823887432983,0.008942227461652396,1.0,True,,False,False,gcd_k_not_2,0.0,False,1.0,True,EXACT-UNCLASSIFIED
6866,False,17,1,0.05124934307877572,0.08087678789489354,0.9912973001771122,0.008740733814196234,1.0,True,,False,False,gcd_k_not_2,0.0,False,1.0,True,EXACT-UNCLASSIFIED
6869,False,13,1,0.07430699116111478,0.12096031958709133,0.9913507501297186,0.008686817096102192,1.0,True,,False,False,gcd_k_not_2,0.0,False,1.0,True,EXACT-UNCLASSIFIED
6870,False,1,1,0.059162730576855706,0.0942396640738181,0.9936910692920822,0.006328894987885978,1.0,True,,False,False,gcd_k_not_2,0.0,False,1.0,True,EXACT-UNCLASSIFIED
6872,False,13,1,0.07502776464294916,0.12315756517080914,1.0096615117093268,0.009615063684141648,1.0,True,,False,False,gcd_k_not_2,0.0,False,1.0,True,EXACT-UNCLASSIFIED
6873,False,15,1,0.06421137429456292,0.10207846726920505,1.0174626116036845,0.017311459952958814,1.0,True,,False,False,gcd_k_not_2,0.0,False,1.0,True,EXACT-UNCLASSIFIED
6874,False,15,1,0.054901407577687376,0.08289055304460859,0.9940011626748708,0.0060168844807311685,1.0,True,,False,False,gcd_k_not_2,0.1322314049586777,False,1.0,True,EXACT-UNCLASSIFIED
6875,False,13,1,0.04834581233443726,0.07468784532406485,1.0002899063426118,0.00028986432585857756,1.0,True,,False,False,gcd_k_not_2,0.13429752066115702,False,1.0,True,EXACT-UNCLASSIFIED
6878,False,14,2,3.7762281410906136,5.656105622102365,0.31458253626100435,1.0427910683926949,0.4834710743801653,False,1.0,True,True,,0.0,False,0.5,False,EXACT-UNCLASSIFIED
6879,False,1,1,0.06792527323259905,0.1032685410708912,0.9746089521765618,0.025717545537763523,1.0,True,,False,False,gcd_k_not_2,0.0,False,1.0,True,EXACT-UNCLASSIFIED
6882,False,5,1,0.0564296455187623,0.09192339780996558,0.9926737217851246,0.0073532140608671736,1.0,True,,False,False,gcd_k_not_2,0.0,False,1.0,True,EXACT-UNCLASSIFIED
6884,False,9,1,0.05289800571319561,0.08413832688689947,1.0145053704272657,0.014400925051085037,1.0,True,,False,False,gcd_k_not_2,0.0,False,1.0,True,EXACT-UNCLASSIFIED
6885,False,15,1,0.0654854079456435,0.09787737642075908,1.0161774769149299,0.016047671497336574,1.0,True,,False,False,gcd_k_not_2,0.0,False,1.0,True,EXACT-UNCLASSIFIED
6889,False,13,1,0.045868427862766376,0.07765361926292817,1.0035355787812532,0.0035293396520604107,1.0,True,,False,False,gcd_k_not_2,0.384297520661157,False,1.0,True,EXACT-UNCLASSIFIED
6891,False,5,1,0.06361282747928121,0.10251698240315509,0.9936355765047377,0.006384741093375313,1.0,True,,False,False,gcd_k_not_2,0.0,False,1.0,True,EXACT-UNCLASSIFIED
6895,False,1,1,0.05000505612124058,0.08088621194288126,0.9840143637385733,0.016114436017795917,1.0,True,,False,False,gcd_k_not_2,0.0,False,1.0,True,EXACT-UNCLASSIFIED
6897,False,21,1,0.036407298348942234,0.060363295272157544,0.9817932829342045,0.01837398201172516,1.0,True,,False,False,gcd_k_not_2,0.0,False,1.0,True,EXACT-UNCLASSIFIED
6899,False,21,1,0.031920784342912845,0.056159817614407366,1.0203959018942452,0.0201900052114764,1.0,True,,False,False,gcd_k_not_2,0.0,False,1.0,True,EXACT-UNCLASSIFIED
6900,False,13,1,0.05620217254379517,0.08732029839669721,1.01273714946983,0.012656545315105013,1.0,True,,False,False,gcd_k_not_2,0.0,False,1.0,True,EXACT-UNCLASSIFIED
6907,False,15,1,0.06181037181313805,0.10363325826372159,1.0197881719573536,0.019594304226642833,1.0,True,,False,False,gcd_k_not_2,0.0,False,1.0,True,EXACT-UNCLASSIFIED
6908,False,18,2,3.7835844767515967,5.667092003154118,0.3100904063013195,1.0532244040263614,0.5041322314049587,False,1.0,True,True,,0.0,False,0.5,False,EXACT-UNCLASSIFIED
6909,False,9,1,0.0677765371659347,0.10859501884444847,0.9860334259482632,0.014064792534967783,1.0,True,,False,False,gcd_k_not_2,0.36363636363636365,False,1.0,True,EXACT-UNCLASSIFIED
6910,False,1,1,0.056666953300593396,0.09592349176282736,1.0054928262699014,0.005477782017418515,1.0,True,,False,False,gcd_k_not_2,0.0,False,1.0,True,EXACT-UNCLASSIFIED
6911,False,1,1,0.0578857694582861,0.08613084816884713,0.9992974930314172,0.0007027538133083304,1.0,True,,False,False,gcd_k_not_2,0.0,False,1.0,True,EXACT-UNCLASSIFIED
6912,False,1,1,0.04091709804740258,0.06837932702170449,1.0292652375879028,0.028843186238866426,1.0,True,,False,False,gcd_k_not_2,0.0,False,1.0,True,EXACT-UNCLASSIFIED
6914,False,17,1,0.03592041320378007,0.06265417244152233,0.9754851978439615,0.02481901882412876,1.0,True,,False,False,gcd_k_not_2,0.0,False,1.0,True,EXACT-UNCLASSIFIED
6916,False,21,1,0.046245181944088894,0.07914921961622493,0.9886069266359464,0.011458346253803785,1.0,True,,False,False,gcd_k_not_2,0.0,False,1.0,True,EXACT-UNCLASSIFIED
6918,False,9,1,0.08321554415444127,0.12377030462485804,0.9955169252489925,0.00449314630638686,1.0,True,,False,False,gcd_k_not_2,0.0,False,1.0,True,EXACT-UNCLASSIFIED
6922,False,19,1,0.03832549913439699,0.06366436861786286,1.0014844924676323,0.001483391425933027,1.0,True,,False,False,gcd_k_not_2,0.0,False,1.0,True,EXACT-UNCLASSIFIED
6923,False,10,2,3.7926942681466054,5.680695849957365,0.3116291624811149,1.0496424709202763,0.4834710743801653,False,1.0,True,True,,0.0,False,0.5,False,EXACT-UNCLASSIFIED
6924,False,3,1,0.05161839998343291,0.08100044099279892,0.9957872240439548,0.004221668427668407,1.0,True,,False,False,gcd_k_not_2,0.0,False,1.0,True,EXACT-UNCLASSIFIED
6926,False,1,1,0.05500665307554088,0.09324195233770674,1.0110569104859675,0.010996118934591141,1.0,True,,False,False,gcd_k_not_2,0.045454545454545456,False,1.0,True,EXACT-UNCLASSIFIED
6928,False,17,1,0.07121414738082793,0.1105266623615271,0.9904839106648726,0.009561583777834974,1.0,True,,False,False,gcd_k_not_2,0.0,False,1.0,True,EXACT-UNCLASSIFIED
6929,False,5,1,0.05158908622003802,0.08491616766025413,1.0014438114649276,0.0014427699210510052,1.0,True,,False,False,gcd_k_not_2,0.0,False,1.0,True,EXACT-UNCLASSIFIED
6930,False,5,1,0.07520708296246092,0.11409410245488948,1.0038353864817051,0.003828045464791709,1.0,True,,False,False,gcd_k_not_2,0.0,False,1.0,True,EXACT-UNCLASSIFIED
6931,False,1,1,0.05393692351250351,0.0889379780544536,1.0053163720749243,0.005302277634549399,1.0,True,,False,False,gcd_k_not_2,0.0,False,1.0,True,EXACT-UNCLASSIFIED
6932,False,15,1,0.09131975573217661,0.13465521156978627,1.0048813096901852,0.0048694251042117765,1.0,True,,False,False,gcd_k_not_2,0.0,False,1.0,True,EXACT-UNCLASSIFIED
6934,False,19,1,0.033979412385379985,0.05977497055647777,0.9922441004438972,0.007786093636191177,1.0,True,,False,False,gcd_k_not_2,0.0,False,1.0,True,EXACT-UNCLASSIFIED
6936,False,2,2,3.7869415887213043,5.672104859354165,0.3126724260935297,1.0472187276027953,0.4896694214876033,False,1.0,True,True,,0.0,False,0.5,False,EXACT-UNCLASSIFIED
6939,False,15,1,0.035698407491336834,0.06748811744348286,0.9947793705048514,0.005234292646436662,1.0,True,,False,False,gcd_k_not_2,0.0,False,1.0,True,EXACT-UNCLASSIFIED
6941,False,17,1,0.04360059452997406,0.06144129519591853,1.0091313800306916,0.009089878463350666,1.0,True,,False,False,gcd_k_not_2,0.0,False,1.0,True,EXACT-UNCLASSIFIED
6942,False,1,1,0.04465995587399247,0.07901660734197549,1.00898455693657,0.008944376307471824,1.0,True,,False,False,gcd_k_not_2,0.34297520661157027,False,1.0,True,EXACT-UNCLASSIFIED
6943,False,3,1,0.05168622112853042,0.08352853752362341,1.000242293618498,0.00024226426895478039,1.0,True,,False,False,gcd_k_not_2,0.0,False,1.0,True,EXACT-UNCLASSIFIED
6945,False,13,1,0.04602495764248527,0.06512253657528294,1.0233124643942997,0.023043859813593845,1.0,True,,False,False,gcd_k_not_2,0.0,False,1.0,True,EXACT-UNCLASSIFIED
6947,False,13,1,0.0682399738238571,0.10482918935809035,1.0229466915163363,0.022686402575577747,1.0,True,,False,False,gcd_k_not_2,0.45454545454545453,False,1.0,True,EXACT-UNCLASSIFIED
6948,False,7,1,0.054043054435850744,0.08336009873946273,0.9886868585290642,0.011377499099384125,1.0,True,,False,False,gcd_k_not_2,0.0,False,1.0,True,EXACT-UNCLASSIFIED
6953,False,12,2,3.7829874458970023,5.666200047467171,0.3152741500426335,1.0411910702193483,0.44834710743801653,False,1.0,True,True,,0.0,False,0.5,False,EXACT-UNCLASSIFIED
6955,False,17,1,0.07014000634790155,0.11560646895207867,0.9964974065431356,0.0035087382987679353,1.0,True,,False,False,gcd_k_not_2,0.0,False,1.0,True,EXACT-UNCLASSIFIED
6956,False,7,1,0.0468586501870067,0.07427485317366865,0.9917623007682617,0.008271769405978673,1.0,True,,False,False,gcd_k_not_2,0.0,False,1.0,True,EXACT-UNCLASSIFIED
6961,False,19,1,0.06324063017917278,0.09749855784790239,1.0091946743572047,0.009152596783729984,1.0,True,,False,False,gcd_k_not_2,0.0,False,1.0,True,EXACT-UNCLASSIFIED
6962,False,5,1,0.05634125307546409,0.09098891248099192,0.9825509294260447,0.01760264547555084,1.0,True,,False,False,gcd_k_not_2,0.0,False,1.0,True,EXACT-UNCLASSIFIED
6963,False,7,1,0.07571591406360796,0.11169639592173437,1.0152298357978946,0.015114738306625481,1.0,True,,False,False,gcd_k_not_2,0.0,False,1.0,True,EXACT-UNCLASSIFIED
6964,False,2,2,3.75536294942534,5.624943519606748,0.31615569319689457,1.0391541218684734,0.4772727272727273,False,1.0,True,True,,0.0,False,0.5,False,EXACT-UNCLASSIFIED
6965,False,12,2,3.7813802343405207,5.6637994724742216,0.314266621429548,1.043522474647601,0.49173553719008267,False,1.0,True,True,,0.0,False,0.5,False,EXACT-UNCLASSIFIED
6966,False,3,1,0.024215389092887805,0.04585534574626594,0.9624387294450131,0.03828019697268144,1.0,True,,False,False,gcd_k_not_2,0.0,False,1.0,True,EXACT-UNCLASSIFIED
6967,False,17,1,0.05786381025221012,0.09977389926044512,1.0162992965145725,0.016167536776656003,1.0,True,,False,False,gcd_k_not_2,0.0,False,1.0,True,EXACT-UNCLASSIFIED
6969,False,19,1,0.06105174502159413,0.09071377771173561,0.984303577056884,0.015820586249606933,1.0,True,,False,False,gcd_k_not_2,0.0,False,1.0,True,EXACT-UNCLASSIFIED
6971,False,5,1,0.056654544468022566,0.08270545457443301,0.9902672326877565,0.009780362307527784,1.0,True,,False,False,gcd_k_not_2,0.0,False,1.0,True,EXACT-UNCLASSIFIED
6972,False,3,1,0.05900513092711274,0.09417031546126703,1.0080773882963319,0.00804489741621445,1.0,True,,False,False,gcd_k_not_2,0.0,False,1.0,True,EXACT-UNCLASSIFIED
6974,False,7,1,0.06951550544545392,0.11666284463406743,1.0303202327599936,0.029867438910143436,1.0,True,,False,False,gcd_k_not_2,0.045454545454545456,False,1.0,True,EXACT-UNCLASSIFIED
6980,False,2,2,3.7741297423948965,5.652971424489355,0.315116976174699,1.041554532764729,0.5103305785123967,False,1.0,True,True,,0.0,False,0.5,False,EXACT-UNCLASSIFIED
6981,False,1,1,0.032279805519264355,0.05563016702291268,1.0031514275738902,0.0031464696383008274,1.0,True,,False,False,gcd_k_not_2,0.36363636363636365,False,1.0,True,EXACT-UNCLASSIFIED
6982,False,9,1,0.03915435024397095,0.06632978479938474,0.9901351932596805,0.009913705132928007,1.0,True,,False,False,gcd_k_not_2,0.0,False,1.0,True,EXACT-UNCLASSIFIED
6983,False,15,1,0.08579017575007312,0.13960392697191776,0.9855328798417812,0.01457253143989397,1.0,True,,False,False,gcd_k_not_2,0.0,False,1.0,True,EXACT-UNCLASSIFIED
6985,False,15,1,0.07109618542500067,0.11517410112547366,1.0090697254651433,0.009028781181841134,1.0,True,,False,False,gcd_k_not_2,0.0,False,1.0,True,EXACT-UNCLASSIFIED
6986,False,1,1,0.034246489139206214,0.05882572048537906,1.0000455077717485,4.550673629330978e-05,1.0,True,,False,False,gcd_k_not_2,0.0,False,1.0,True,EXACT-UNCLASSIFIED
6987,False,1,1,0.04118663379025905,0.06992568087796348,0.9950873644265719,0.004924732280924603,1.0,True,,False,False,gcd_k_not_2,0.0,False,1.0,True,EXACT-UNCLASSIFIED
6988,False,8,2,3.7682597646540894,5.644205281104241,0.3161783721877808,1.0391017543853966,0.5268595041322314,False,1.0,True,True,,0.25,False,0.5,False,EXACT-UNCLASSIFIED
6989,False,5,1,0.08590504236417519,0.1427020048075042,1.0062703230914982,0.006250726055535988,1.0,True,,False,False,gcd_k_not_2,0.0,False,1.0,True,EXACT-UNCLASSIFIED
6992,False,15,1,0.04650052250710896,0.07573344864744626,1.0007999618539725,0.0007996420124189906,1.0,True,,False,False,gcd_k_not_2,0.0,False,1.0,True,EXACT-UNCLASSIFIED
6994,False,21,1,0.04018759558253786,0.0575246167011361,0.9901142494729516,0.009934857287380831,1.0,True,,False,False,gcd_k_not_2,0.0,False,1.0,True,EXACT-UNCLASSIFIED
6995,False,1,1,0.05481551863075693,0.08766291330485045,0.9913295047780528,0.008708247631688195,1.0,True,,False,False,gcd_k_not_2,0.0,False,1.0,True,EXACT-UNCLASSIFIED
6997,False,19,1,0.04487630766275954,0.07233289647800614,0.9700545012105831,0.030400680560883613,1.0,True,,False,False,gcd_k_not_2,0.0,False,1.0,True,EXACT-UNCLASSIFIED
6998,False,3,1,0.07085199839069653,0.1062015236651107,1.0219270954495812,0.021689303732987088,1.0,True,,False,False,gcd_k_not_2,0.0,False,1.0,True,EXACT-UNCLASSIFIED
7000,False,3,1,0.0718016234044165,0.11616944201160234,0.9880663354951889,0.012005298104742296,1.0,True,,False,False,gcd_k_not_2,0.0,False,1.0,True,EXACT-UNCLASSIFIED
7002,False,13,1,0.042284286153373166,0.0633400752904961,0.9981237850590469,0.0018779766849106193,1.0,True,,False,False,gcd_k_not_2,0.0,False,1.0,True,EXACT-UNCLASSIFIED
7003,False,5,1,0.06311061830035233,0.10415949952932686,1.0285481193572903,0.02814635658367849,1.0,True,,False,False,gcd_k_not_2,0.0,False,1.0,True,EXACT-UNCLASSIFIED
7008,False,1,1,0.043815606458402837,0.06916001537031242,1.005826566129752,0.005809641001010753,1.0,True,,False,False,gcd_k_not_2,0.0,False,1.0,True,EXACT-UNCLASSIFIED
7009,False,17,1,0.0386849856787564,0.06009377399791962,1.0052717097674282,0.005257850835625348,1.0,True,,False,False,gcd_k_not_2,0.2727272727272727,False,1.0,True,EXACT-UNCLASSIFIED
7010,False,7,1,0.07484737251758745,0.12250887715707758,1.0089423213246174,0.008902516741965228,1.0,True,,False,False,gcd_k_not_2,0.4090909090909091,False,1.0,True,EXACT-UNCLASSIFIED
7012,False,19,1,0.03533708458562131,0.059736215697420145,1.0106005116781316,0.010544622481254607,1.0,True,,False,False,gcd_k_not_2,0.0,False,1.0,True,EXACT-UNCLASSIFIED
7013,False,17,1,0.04928251416439472,0.0688873231100732,0.9931260974069804,0.006897609340384772,1.0,True,,False,False,gcd_k_not_2,0.0,False,1.0,True,EXACT-UNCLASSIFIED
7015,False,7,1,0.03137518406554127,0.05288039309100353,1.0021630229833491,0.0021606861764193915,1.0,True,,False,False,gcd_k_not_2,0.2727272727272727,False,1.0,True,EXACT-UNCLASSIFIED
7018,False,15,1,0.04254789676135426,0.0709530787014301,1.010066155385233,0.010015745360683316,1.0,True,,False,False,gcd_k_not_2,0.0,False,1.0,True,EXACT-UNCLASSIFIED
7020,False,9,1,0.04966595867434521,0.07266438439369644,1.0199960738622795,0.019798131413242437,1.0,True,,False,False,gcd_k_not_2,0.0,False,1.0,True,EXACT-UNCLASSIFIED
7021,False,7,1,0.0541442448651686,0.08598325502221686,0.9923264389536589,0.007703116212593247,1.0,True,,False,False,gcd_k_not_2,0.4090909090909091,False,1.0,True,EXACT-UNCLASSIFIED
7026,False,21,1,0.03317615002918802,0.05215144421500004,0.9971880836911028,0.002815875311753673,1.0,True,,False,False,gcd_k_not_2,0.0,False,1.0,True,EXACT-UNCLASSIFIED
7028,False,13,1,0.07247421977374123,0.11786902639875399,1.0105818056944724,0.01052611305295026,1.0,True,,False,False,gcd_k_not_2,0.0,False,1.0,True,EXACT-UNCLASSIFIED
7029,False,19,1,0.07151889746274796,0.11504619500291752,0.9917318682715772,0.00830245462266747,1.0,True,,False,False,gcd_k_not_2,0.0,False,1.0,True,EXACT-UNCLASSIFIED
7030,False,12,2,3.764885237921598,5.639165254575465,0.31386199309292223,1.0444597842302465,0.45661157024793386,False,1.0,True,True,,0.0,False,0.5,False,EXACT-UNCLASSIFIED
7031,False,3,1,0.05439480035938721,0.08264445240026523,0.974280342866006,0.026054716319220954,1.0,True,,False,False,gcd_k_not_2,0.0,False,1.0,True,EXACT-UNCLASSIFIED
7034,False,15,1,0.05520205310329004,0.0837402421366759,1.0096838927041865,0.009637229754731308,1.0,True,,False,False,gcd_k_not_2,0.0,False,1.0,True,EXACT-UNCLASSIFIED
7035,False,14,2,3.7513247144497175,5.61891232615199,0.3128159367938367,1.0468856203626022,0.48140495867768596,False,1.0,True,True,,0.0,False,0.5,False,EXACT-UNCLASSIFIED
7036,False,7,1,0.06425654645426482,0.1007364723361475,0.9960811865265135,0.003926507097946096,1.0,True,,False,False,gcd_k_not_2,0.0,False,1.0,True,EXACT-UNCLASSIFIED
7038,False,17,1,0.038738404401851716,0.058307763953464035,1.0032940196949693,0.0032886033328956977,1.0,True,,False,False,gcd_k_not_2,0.0,False,1.0,True,EXACT-UNCLASSIFIED
7041,False,9,1,0.02390315958559728,0.04176535882487467,1.0014963796272964,0.0014952608883311,1.0,True,,False,False,gcd_k_not_2,0.0,False,1.0,True,EXACT-UNCLASSIFIED
7042,False,9,1,0.07791540879732863,0.12549278387899654,1.008841953181947,0.008803035169533062,1.0,True,,False,False,gcd_k_not_2,0.0,False,1.0,True,EXACT-UNCLASSIFIED
7043,False,17,1,0.05638233343964504,0.09821406832071661,1.031624932447415,0.031132648494638798,1.0,True,,False,False,gcd_k_not_2,0.0,False,1.0,True,EXACT-UNCLASSIFIED
7045,False,9,1,0.0330354057169953,0.056534515205247354,0.9742092906813514,0.02612763443104607,1.0,True,,False,False,gcd_k_not_2,0.0,False,1.0,True,EXACT-UNCLASSIFIED
7049,False,3,1,0.051283452829474864,0.08473112564877718,1.01243945220119,0.012362560461219127,1.0,True,,False,False,gcd_k_not_2,0.0,False,1.0,True,EXACT-UNCLASSIFIED
7053,False,21,1,0.062436546346176146,0.10976450749155084,1.016045758699401,0.015918050103934534,1.0,True,,False,False,gcd_k_not_2,0.0,False,1.0,True,EXACT-UNCLASSIFIED
7056,False,3,1,0.03798611491373504,0.05549597782929622,0.9847049819399283,0.015412888262236083,1.0,True,,False,False,gcd_k_not_2,0.0,False,1.0,True,EXACT-UNCLASSIFIED
7057,False,9,1,0.048332922086701965,0.0838766702657899,0.9849856260951619,0.015127942195102113,1.0,True,,False,False,gcd_k_not_2,0.0,False,1.0,True,EXACT-UNCLASSIFIED
7059,False,7,1,0.04599561281058683,0.07194333500173612,0.9973349608832895,0.0026685950718369936,1.0,True,,False,False,gcd_k_not_2,0.3305785123966942,False,1.0,True,EXACT-UNCLASSIFIED
7060,False,7,1,0.049822302985814755,0.07700135023542273,0.9775005201622265,0.02275547299064948,1.0,True,,False,False,gcd_k_not_2,0.0,False,1.0,True,EXACT-UNCLASSIFIED
7062,False,15,1,0.06480073964887319,0.09845249784074998,1.0004217712300403,0.0004216823033083762,1.0,True,,False,False,gcd_k_not_2,0.0,False,1.0,True,EXACT-UNCLASSIFIED
7063,False,21,1,0.058864598232277465,0.09324449996475773,1.0257600199838894,0.025432449776646514,1.0,True,,False,False,gcd_k_not_2,0.0,False,1.0,True,EXACT-UNCLASSIFIED
7065,False,13,1,0.06303262372522213,0.09789203087273438,0.991900335467255,0.008132600199442225,1.0,True,,False,False,gcd_k_not_2,0.0,False,1.0,True,EXACT-UNCLASSIFIED
7069,False,15,1,0.04980829245521524,0.06939317391040735,1.0107083550516844,0.010651325961600467,1.0,True,,False,False,gcd_k_not_2,0.0,False,1.0,True,EXACT-UNCLASSIFIED
7070,False,19,1,0.06005036731850566,0.09393301087465962,0.9930938874100911,0.006930042416499517,1.0,True,,False,False,gcd_k_not_2,0.0,False,1.0,True,EXACT-UNCLASSIFIED
7071,False,16,2,3.755466092246671,5.625098116688353,0.3198953791173749,1.0305432258387277,0.5165289256198347,False,1.0,True,True,,0.0,False,0.5,False,EXACT-UNCLASSIFIED
7072,False,17,1,0.06286708959055685,0.10923718741580009,1.0010388868973132,0.001038347534489005,1.0,True,,False,False,gcd_k_not_2,0.0,False,1.0,True,EXACT-UNCLASSIFIED
7076,False,15,1,0.06475031909430905,0.10481232375918867,0.9820297176843892,0.018133211783126577,1.0,True,,False,False,gcd_k_not_2,0.0,False,1.0,True,EXACT-UNCLASSIFIED
7077,False,19,1,0.04024318956441663,0.07418996424230047,1.025303740576161,0.024987600693377923,1.0,True,,False,False,gcd_k_not_2,0.0,False,1.0,True,EXACT-UNCLASSIFIED
7079,False,7,1,0.054632468345429425,0.09567901900797354,0.9994173955722094,0.0005827741912026221,1.0,True,,False,False,gcd_k_not_2,0.0,False,1.0,True,EXACT-UNCLASSIFIED
7080,False,17,1,0.048403397855035835,0.0775859683644503,1.0274756077525697,0.027103268367332966,1.0,True,,False,False,gcd_k_not_2,0.0,False,1.0,True,EXACT-UNCLASSIFIED
7081,False,7,1,0.03890382739204355,0.06904519631340664,1.0097215475971075,0.009674521934375391,1.0,True,,False,False,gcd_k_not_2,0.0,False,1.0,True,EXACT-UNCLASSIFIED
7082,False,7,1,0.050848477712659046,0.07429192339335511,1.0249474811679131,0.024640126620493173,1.0,True,,False,False,gcd_k_not_2,0.0,False,1.0,True,EXACT-UNCLASSIFIED
7083,False,17,1,0.048651636961063977,0.07434522340802034,1.0043883862803555,0.004378778394839313,1.0,True,,False,False,gcd_k_not_2,0.0,False,1.0,True,EXACT-UNCLASSIFIED
7084,False,16,2,3.782013614375305,5.664745570642947,0.3172545530283317,1.0366188454646907,0.506198347107438,False,1.0,True,True,,0.0,False,0.5,False,EXACT-UNCLASSIFIED
7085,False,13,1,0.04719243045889456,0.07529202874874275,1.054786156454272,0.05332540934460119,1.0,True,,False,False,gcd_k_not_2,0.0,False,1.0,True,EXACT-UNCLASSIFIED
7088,False,15,1,0.06134152380272541,0.09444523217892423,0.988212493655152,0.01185739087996355,1.0,True,,False,False,gcd_k_not_2,0.0,False,1.0,True,EXACT-UNCLASSIFIED
7090,False,21,1,0.073784891328585,0.1259824102649683,0.9861131077038187,0.01398398937333055,1.0,True,,False,False,gcd_k_not_2,0.0,False,1.0,True,EXACT-UNCLASSIFIED
7091,False,1,1,0.05590196695195996,0.08890653295455048,0.9965727249476106,0.003433158241184866,1.0,True,,False,False,gcd_k_not_2,0.0,False,1.0,True,EXACT-UNCLASSIFIED
7093,False,21,1,0.07770961478783535,0.11665486027692248,1.004338468545369,0.004329077761519592,1.0,True,,False,False,gcd_k_not_2,0.0,False,1.0,True,EXACT-UNCLASSIFIED
7094,False,13,1,0.0626686402973922,0.10058596024931193,0.9989335301928328,0.0010670387894931837,1.0,True,,False,False,gcd_k_not_2,0.0,False,1.0,True,EXACT-UNCLASSIFIED
7097,False,7,1,0.056484050974298164,0.09190416383313242,0.9839109787914524,0.01621949914138647,1.0,True,,False,False,gcd_k_not_2,0.0,False,1.0,True,EXACT-UNCLASSIFIED
7098,False,21,1,0.05782495368915737,0.09056486001239153,0.9949334143661597,0.00507945337659316,1.0,True,,False,False,gcd_k_not_2,0.09090909090909091,False,1.0,True,EXACT-UNCLASSIFIED
7100,False,19,1,0.06699492291912765,0.10732611344543508,1.015366519430329,0.015249354677850373,1.0,True,,False,False,gcd_k_not_2,0.0,False,1.0,True,EXACT-UNCLASSIFIED
7101,False,7,1,0.07089145966739031,0.11645727727693884,1.0041994465102162,0.004190647310604162,1.0,True,,False,False,gcd_k_not_2,0.0,False,1.0,True,EXACT-UNCLASSIFIED
7106,False,19,1,0.030273795024370265,0.05668609149566894,1.0336356362462984,0.033079314353856734,1.0,True,,False,False,gcd_k_not_2,0.0,False,1.0,True,EXACT-UNCLASSIFIED
7107,False,1,1,0.03933954016683042,0.07363681738474111,1.016325042983795,0.016192868347889793,1.0,True,,False,False,gcd_k_not_2,0.0,False,1.0,True,EXACT-UNCLASSIFIED
7109,False,7,1,0.04887245096342975,0.07707394525627088,0.9928313461756451,0.007194441053039376,1.0,True,,False,False,gcd_k_not_2,0.0,False,1.0,True,EXACT-UNCLASSIFIED
7111,False,13,1,0.05685444631659157,0.09377736272711815,1.0000821356906786,8.213231768132769e-05,1.0,True,,False,False,gcd_k_not_2,0.0,False,1.0,True,EXACT-UNCLASSIFIED
7112,False,5,1,0.06137189145369394,0.10437046118420551,0.9977443616421874,0.0022581851823707875,1.0,True,,False,False,gcd_k_not_2,0.0,False,1.0,True,EXACT-UNCLASSIFIED
7113,False,7,1,0.07158424926254695,0.11308745719895685,1.0029388582001024,0.0029345460926784505,1.0,True,,False,False,gcd_k_not_2,0.3181818181818182,False,1.0,True,EXACT-UNCLASSIFIED
7114,False,15,1,0.06151812045530384,0.09089450967050285,1.0025084914573699,0.0025053491339197217,1.0,True,,False,False,gcd_k_not_2,0.46487603305785125,False,1.0,True,EXACT-UNCLASSIFIED
7115,False,21,1,0.050836258628406336,0.0839383312194158,1.0073805011173544,0.0073533653567386245,1.0,True,,False,False,gcd_k_not_2,0.0,False,1.0,True,EXACT-UNCLASSIFIED
7117,False,13,1,0.04730943319336192,0.08140887350828932,1.0120058405626682,0.011934200508394735,1.0,True,,False,False,gcd_k_not_2,0.0,False,1.0,True,EXACT-UNCLASSIFIED
7120,False,15,1,0.06428938730973187,0.100438102462451,1.0047122426892527,0.004701166171291899,1.0,True,,False,False,gcd_k_not_2,0.45454545454545453,False,1.0,True,EXACT-UNCLASSIFIED
7121,False,15,1,0.06970673844124597,0.11349594429033158,1.0033595425501192,0.0033539087505408288,1.0,True,,False,False,gcd_k_not_2,0.0,False,1.0,True,EXACT-UNCLASSIFIED
7122,False,19,1,0.05145165775416732,0.08371849827642219,0.9873305961117558,0.012750172430326452,1.0,True,,False,False,gcd_k_not_2,0.0,False,1.0,True,EXACT-UNCLASSIFIED
7127,False,1,1,0.04682130967033875,0.07690133126603331,0.9953258582610552,0.00468509112894305,1.0,True,,False,False,gcd_k_not_2,0.0,False,1.0,True,EXACT-UNCLASSIFIED
7128,False,9,1,0.04985357628864131,0.07756607810500635,1.0051168895821547,0.005103831710500549,1.0,True,,False,False,gcd_k_not_2,0.0,False,1.0,True,EXACT-UNCLASSIFIED
7131,False,7,1,0.03244657477726113,0.053912762560855226,0.9626886998815589,0.03802059911048828,1.0,True,,False,False,gcd_k_not_2,0.0,False,1.0,True,EXACT-UNCLASSIFIED
7132,False,1,1,0.04944233729464301,0.07987875851575114,0.9906748820891915,0.009368800495459977,1.0,True,,False,False,gcd_k_not_2,0.0,False,1.0,True,EXACT-UNCLASSIFIED
7133,False,7,1,0.050858478805396776,0.08848722199328642,0.9914402674280068,0.008596524547581048,1.0,True,,False,False,gcd_k_not_2,0.0,False,1.0,True,EXACT-UNCLASSIFIED
7135,False,21,1,0.05774549476980702,0.09221142524115447,0.994820515168816,0.005192933190528842,1.0,True,,False,False,gcd_k_not_2,0.045454545454545456,False,1.0,True,EXACT-UNCLASSIFIED
7137,False,9,1,0.04276763591787893,0.0626143576253059,0.9882043457399898,0.011865635728323474,1.0,True,,False,False,gcd_k_not_2,0.0,False,1.0,True,EXACT-UNCLASSIFIED
7138,False,15,1,0.04862067475556812,0.0778108114614892,1.007692373742022,0.007662900793595842,1.0,True,,False,False,gcd_k_not_2,0.0,False,1.0,True,EXACT-UNCLASSIFIED
7140,False,7,1,0.04272984088318967,0.07142936644582926,0.9863199787274372,0.013774237201527933,1.0,True,,False,False,gcd_k_not_2,0.0,False,1.0,True,EXACT-UNCLASSIFIED
7141,False,1,1,0.054428835254690035,0.08761122729299517,1.0090171945298416,0.008976722105110533,1.0,True,,False,False,gcd_k_not_2,0.36363636363636365,False,1.0,True,EXACT-UNCLASSIFIED
7144,False,21,1,0.06421127290405146,0.11128388955331742,1.0261252985384353,0.02578843327930511,1.0,True,,False,False,gcd_k_not_2,0.13636363636363635,False,1.0,True,EXACT-UNCLASSIFIED
7145,False,7,1,0.046202061776225475,0.07528108723549465,1.005146854344666,0.005133643287536818,1.0,True,,False,False,gcd_k_not_2,0.21074380165289255,False,1.0,True,EXACT-UNCLASSIFIED
7149,False,17,1,0.06602428854675096,0.1137143575277827,1.005134548270731,0.005121400232377463,1.0,True,,False,False,gcd_k_not_2,0.0,False,1.0,True,EXACT-UNCLASSIFIED
7150,False,19,1,0.03017155039225827,0.055358189347392055,0.9982638364554295,0.0017376719859477055,1.0,True,,False,False,gcd_k_not_2,0.0,False,1.0,True,EXACT-UNCLASSIFIED
7151,False,20,2,3.763744443161352,5.637461312795424,0.3170568034667938,1.0370747787575205,0.49586776859504134,False,1.0,True,True,,0.0,False,0.5,False,EXACT-UNCLASSIFIED
7153,False,5,1,0.08955932194293272,0.13269845993910218,1.0029961005991106,0.002991619003366403,1.0,True,,False,False,gcd_k_not_2,0.0,False,1.0,True,EXACT-UNCLASSIFIED
7154,False,17,1,0.07293244674543162,0.11796063798214226,0.9875903585295508,0.012487121822858941,1.0,True,,False,False,gcd_k_not_2,0.0,False,1.0,True,EXACT-UNCLASSIFIED
7156,False,17,1,0.051273044566552135,0.08519390292533621,0.9908481003182271,0.0091939708311347,1.0,True,,False,False,gcd_k_not_2,0.0,False,1.0,True,EXACT-UNCLASSIFIED
7158,False,19,1,0.06170757454790896,0.09931730122302684,1.0313707359999191,0.03088627343494471,1.0,True,,False,False,gcd_k_not_2,0.0,False,1.0,True,EXACT-UNCLASSIFIED
7161,False,7,1,0.03623319365708005,0.06303907144202966,1.0173334526046522,0.017184519081139018,1.0,True,,False,False,gcd_k_not_2,0.0,False,1.0,True,EXACT-UNCLASSIFIED
7164,False,4,2,3.7742477620647557,5.653147589613882,0.3119946446038463,1.0487929325411163,0.506198347107438,False,1.0,True,True,,0.18181818181818182,False,0.5,False,EXACT-UNCLASSIFIED
7166,False,17,1,0.05051020411152154,0.0805603745589293,1.0046936538649893,0.0046826644619142105,1.0,True,,False,False,gcd_k_not_2,0.0,False,1.0,True,EXACT-UNCLASSIFIED
7167,False,15,1,0.060122744073441634,0.08861029941008473,1.0019053125113573,0.0019034991310024367,1.0,True,,False,False,gcd_k_not_2,0.0,False,1.0,True,EXACT-UNCLASSIFIED
7169,False,1,1,0.053083601362134324,0.08437807430540306,0.9919832151557969,0.008049048589574684,1.0,True,,False,False,gcd_k_not_2,0.0,False,1.0,True,EXACT-UNCLASSIFIED
7170,False,16,2,3.779757206692336,5.661375732583848,0.30418175893720795,1.067057158704354,0.5330578512396694,False,1.0,True,True,,0.0,False,0.5,False,EXACT-UNCLASSIFIED
7171,False,7,1,0.053323928312796164,0.08703651665779953,0.9942200443405433,0.005796708017111502,1.0,True,,False,False,gcd_k_not_2,0.0,False,1.0,True,EXACT-UNCLASSIFIED
7172,False,5,1,0.058584111445375654,0.08877544742771953,1.0082440323189832,0.008210189784020914,1.0,True,,False,False,gcd_k_not_2,0.0,False,1.0,True,EXACT-UNCLASSIFIED
7174,False,13,1,0.046538034711258065,0.07547472728944665,1.0230228039174245,0.02276079525435178,1.0,True,,False,False,gcd_k_not_2,0.0,False,1.0,True,EXACT-UNCLASSIFIED
7175,False,15,1,0.06000503783176009,0.08777696344491105,1.011684977818591,0.01161710501140371,1.0,True,,False,False,gcd_k_not_2,0.0,False,1.0,True,EXACT-UNCLASSIFIED
7176,False,13,1,0.07078381448751268,0.11245580680386541,1.0183546706277267,0.018187755496924727,1.0,True,,False,False,gcd_k_not_2,0.0,False,1.0,True,EXACT-UNCLASSIFIED
7177,False,9,1,0.026987907708248302,0.047119379998813625,1.0038204623759879,0.0038131783238283977,1.0,True,,False,False,gcd_k_not_2,0.128099173553719,False,1.0,True,EXACT-UNCLASSIFIED
7178,False,9,1,0.06964759331055446,0.11477100140660515,1.0125716272562064,0.012493097970724714,1.0,True,,False,False,gcd_k_not_2,0.18181818181818182,False,1.0,True,EXACT-UNCLASSIFIED
7179,False,4,2,3.775427375984615,5.654909297034358,0.3196882823025926,1.0310188046989388,0.512396694214876,False,1.0,True,True,,0.0,False,0.5,False,EXACT-UNCLASSIFIED
7182,False,3,1,0.06521327600447403,0.10254126566651366,1.0081267680099002,0.008093879469525639,1.0,True,,False,False,gcd_k_not_2,0.0,False,1.0,True,EXACT-UNCLASSIFIED
7183,False,17,1,0.045935058648699845,0.08013563843749812,0.9798846709993019,0.02031969770294285,1.0,True,,False,False,gcd_k_not_2,0.0,False,1.0,True,EXACT-UNCLASSIFIED
7184,False,15,1,0.038723273187438616,0.06613532277434259,0.9839637094270425,0.016165911197628405,1.0,True,,False,False,gcd_k_not_2,0.0,False,1.0,True,EXACT-UNCLASSIFIED
7186,False,16,2,3.777327415340554,5.657747346029388,0.31056388033669674,1.0521213502178624,0.5165289256198347,False,1.0,True,True,,0.0,False,0.5,False,EXACT-UNCLASSIFIED
7187,False,5,1,0.04786939578388221,0.08014819594121068,0.9991464393379391,0.0008539251004979884,1.0,True,,False,False,gcd_k_not_2,0.0,False,1.0,True,EXACT-UNCLASSIFIED
7188,False,3,1,0.07544370747480322,0.1245912363699188,1.0116093764552037,0.01154237655787954,1.0,True,,False,False,gcd_k_not_2,0.5909090909090909,False,1.0,True,EXACT-UNCLASSIFIED
7189,False,7,1,0.07114523852284671,0.1133912434734202,1.0092014666166333,0.009159326995841785,1.0,True,,False,False,gcd_k_not_2,0.0,False,1.0,True,EXACT-UNCLASSIFIED
7190,False,1,1,0.073515901273937,0.11406792025062602,0.9953203768984695,0.004690598217419635,1.0,True,,False,False,gcd_k_not_2,0.0,False,1.0,True,EXACT-UNCLASSIFIED
7192,False,9,1,0.03845853569066645,0.06067350138309287,1.021668416389394,0.021436172434343072,1.0,True,,False,False,gcd_k_not_2,0.0,False,1.0,True,EXACT-UNCLASSIFIED
7193,False,10,2,3.7632673810307966,5.636749163384572,0.3156146587494216,1.040403946093352,0.49586776859504134,False,1.0,True,True,,0.0,False,0.5,False,EXACT-UNCLASSIFIED
7194,False,17,1,0.056411519537293495,0.09168480462883846,1.0051765321287036,0.005163168474955255,1.0,True,,False,False,gcd_k_not_2,0.0,False,1.0,True,EXACT-UNCLASSIFIED
7197,False,13,1,0.03770960977235381,0.06064922466097079,0.9917604621417866,0.008273623274310042,1.0,True,,False,False,gcd_k_not_2,0.0,False,1.0,True,EXACT-UNCLASSIFIED
7199,False,3,1,0.06509041803725361,0.10110941108107142,1.0047275833309328,0.004716434661988183,1.0,True,,False,False,gcd_k_not_2,0.0,False,1.0,True,EXACT-UNCLASSIFIED
7200,False,9,1,0.05809678842202807,0.10045990448424766,0.9921780940460087,0.007852617170491516,1.0,True,,False,False,gcd_k_not_2,0.0,False,1.0,True,EXACT-UNCLASSIFIED
7201,False,21,1,0.056188719514354696,0.0872793563368948,0.9765396196138842,0.023738841512014486,1.0,True,,False,False,gcd_k_not_2,0.0,False,1.0,True,EXACT-UNCLASSIFIED
7204,False,9,1,0.058832986517919315,0.09570455119976301,0.984113068543152,0.016014139222935705,1.0,True,,False,False,gcd_k_not_2,0.0,False,1.0,True,EXACT-UNCLASSIFIED
7205,False,17,1,0.06045512944561987,0.09440939438364447,1.0002343106550962,0.00023428320757026063,1.0,True,,False,False,gcd_k_not_2,0.0,False,1.0,True,EXACT-UNCLASSIFIED
7207,False,9,1,0.04294046534941697,0.07245070844011255,1.006193373636282,0.006174253905600753,1.0,True,,False,False,gcd_k_not_2,0.0,False,1.0,True,EXACT-UNCLASSIFIED
7209,False,12,2,3.790444849308855,5.677336829498847,0.30678014280412613,1.0609586639545088,0.5082644628099173,False,1.0,True,True,,0.0,False,0.5,False,EXACT-UNCLASSIFIED
7213,False,15,1,0.0756771480943788,0.118386135053052,1.0217631854737579,0.02152891657155996,1.0,True,,False,False,gcd_k_not_2,0.0,False,1.0,True,EXACT-UNCLASSIFIED
7215,False,17,1,0.03927328637308337,0.06855119216178754,0.9872755911500134,0.012805882492244703,1.0,True,,False,False,gcd_k_not_2,0.0,False,1.0,True,EXACT-UNCLASSIFIED
7218,False,9,1,0.053975915584587045,0.09149974570950893,1.0168800226471284,0.016738747429282927,1.0,True,,False,False,gcd_k_not_2,0.0,False,1.0,True,EXACT-UNCLASSIFIED
7220,False,13,1,0.08097420415171663,0.11979176337068549,0.986729619510337,0.013359020129708129,1.0,True,,False,False,gcd_k_not_2,0.0,False,1.0,True,EXACT-UNCLASSIFIED
7221,False,3,1,0.07355240720123149,0.10830407590455819,0.9824905319772064,0.01766411263042035,1.0,True,,False,False,gcd_k_not_2,0.0,False,1.0,True,EXACT-UNCLASSIFIED
7223,False,7,1,0.04981672197030602,0.08241797190460996,0.9947775651574285,0.005236107457584424,1.0,True,,False,False,gcd_k_not_2,0.0,False,1.0,True,EXACT-UNCLASSIFIED
7227,False,9,1,0.059877136754411385,0.08028352070812061,1.0370868903372665,0.03641169212092501,1.0,True,,False,False,gcd_k_not_2,0.0,False,1.0,True,EXACT-UNCLASSIFIED
7228,False,1,1,0.05487870247384306,0.0910131800041161,1.011172299385244,0.011110235944139683,1.0,True,,False,False,gcd_k_not_2,0.0,False,1.0,True,EXACT-UNCLASSIFIED
7229,False,3,1,0.05840018765236297,0.09131585436234223,1.0007655636651844,0.0007652707334505464,1.0,True,,False,False,gcd_k_not_2,0.0,False,1.0,True,EXACT-UNCLASSIFIED
7233,False,21,1,0.032772155875383846,0.04492491763650492,1.0237127166549636,0.023434864504047526,1.0,True,,False,False,gcd_k_not_2,0.0,False,1.0,True,EXACT-UNCLASSIFIED
7235,False,13,1,0.04529150962477919,0.07182812354171507,0.9808565523546473,0.019328454271559305,1.0,True,,False,False,gcd_k_not_2,0.0,False,1.0,True,EXACT-UNCLASSIFIED
7236,False,7,1,0.06201822652686055,0.1023127426777693,0.992142671172964,0.007888319386693007,1.0,True,,False,False,gcd_k_not_2,0.13636363636363635,False,1.0,True,EXACT-UNCLASSIFIED
7239,False,15,1,0.04334323730895291,0.07117566295077915,1.010416159776795,0.010362192649656755,1.0,True,,False,False,gcd_k_not_2,0.012396694214876033,False,1.0,True,EXACT-UNCLASSIFIED
7240,False,21,1,0.05464369877199655,0.09045642600677492,1.0039991997900597,0.00399121894906799,1.0,True,,False,False,gcd_k_not_2,0.0,False,1.0,True,EXACT-UNCLASSIFIED
7242,False,19,1,0.05882046942503914,0.09378775464234257,1.0159763337899275,0.015849723552947434,1.0,True,,False,False,gcd_k_not_2,0.0,False,1.0,True,EXACT-UNCLASSIFIED
7243,False,5,1,0.06839926006278561,0.11010989361940463,1.0091201153681737,0.009078715899972362,1.0,True,,False,False,gcd_k_not_2,0.0,False,1.0,True,EXACT-UNCLASSIFIED
7245,False,15,1,0.05834234648522516,0.08896697006793805,0.9840862113000404,0.016041428652974046,1.0,True,,False,False,gcd_k_not_2,0.0,False,1.0,True,EXACT-UNCLASSIFIED
7246,False,3,1,0.06670581042794002,0.11304912528377051,1.0124348353705561,0.012358000519570986,1.0,True,,False,False,gcd_k_not_2,0.0,False,1.0,True,EXACT-UNCLASSIFIED
7248,False,15,1,0.05817946238187443,0.09363091533132581,0.9925445138890743,0.007483382237091438,1.0,True,,False,False,gcd_k_not_2,0.0,False,1.0,True,EXACT-UNCLASSIFIED
7250,False,21,1,0.04700178726599955,0.07503428232723344,1.0179760838067753,0.017815953272215763,1.0,True,,False,False,gcd_k_not_2,0.09090909090909091,False,1.0,True,EXACT-UNCLASSIFIED
7251,False,13,1,0.051675522562520525,0.0871108308347271,1.0240445831020144,0.02375894612475799,1.0,True,,False,False,gcd_k_not_2,0.0,False,1.0,True,EXACT-UNCLASSIFIED
7252,False,1,1,0.05254876147924395,0.08222451264694242,1.0053760170911614,0.005361605050966482,1.0,True,,False,False,gcd_k_not_2,0.0,False,1.0,True,EXACT-UNCLASSIFIED
7258,False,9,1,0.0658862753552898,0.11039809642005695,0.9835666270288023,0.016569519518296577,1.0,True,,False,False,gcd_k_not_2,0.0,False,1.0,True,EXACT-UNCLASSIFIED
7259,False,13,1,0.06207265248331224,0.10281249421049629,0.979850177293808,0.0203548964838684,1.0,True,,False,False,gcd_k_not_2,0.11570247933884298,False,1.0,True,EXACT-UNCLASSIFIED
7261,False,5,1,0.038713549907255645,0.0662477952685316,1.016375831289471,0.016242836315885273,1.0,True,,False,False,gcd_k_not_2,0.10743801652892562,False,1.0,True,EXACT-UNCLASSIFIED
7264,False,7,1,0.05867088983691504,0.0923703978677484,0.9833315499796258,0.016808536142679173,1.0,True,,False,False,gcd_k_not_2,0.0,False,1.0,True,EXACT-UNCLASSIFIED
7266,False,13,1,0.03375557155142044,0.04962555706153074,0.999052918709351,0.0009475299846094054,1.0,True,,False,False,gcd_k_not_2,0.0,False,1.0,True,EXACT-UNCLASSIFIED
7268,False,3,1,0.047178586483256464,0.07690089705135461,0.9971211925666946,0.0028829571725745495,1.0,True,,False,False,gcd_k_not_2,0.0,False,1.0,True,EXACT-UNCLASSIFIED
7269,False,19,1,0.06079876279717199,0.09911348714718883,0.9943255266375639,0.005690618995388653,1.0,True,,False,False,gcd_k_not_2,0.18181818181818182,False,1.0,True,EXACT-UNCLASSIFIED
7270,False,7,1,0.044963046529818286,0.07509758361396968,0.9924936817585894,0.007534596782043979,1.0,True,,False,False,gcd_k_not_2,0.0,False,1.0,True,EXACT-UNCLASSIFIED
7271,False,1,1,0.042360675619800815,0.07085225557477919,1.0119743639443828,0.01190309793103692,1.0,True,,False,False,gcd_k_not_2,0.0,False,1.0,True,EXACT-UNCLASSIFIED
7272,False,5,1,0.04283921199178724,0.07335472069848849,0.9855284877291727,0.01457698779973512,1.0,True,,False,False,gcd_k_not_2,0.0,False,1.0,True,EXACT-UNCLASSIFIED
7273,False,7,1,0.03152327151699002,0.05988427579000843,0.9979490503124281,0.0020530550438723656,1.0,True,,False,False,gcd_k_not_2,0.0,False,1.0,True,EXACT-UNCLASSIFIED
7274,False,14,2,3.77769743578673,5.658299428879747,0.3195656541250936,1.0313004794385197,0.4834710743801653,False,1.0,True,True,,0.09090909090909091,False,0.5,False,EXACT-UNCLASSIFIED
7275,False,7,1,0.02956343930526562,0.04952804779188394,1.0023567532415696,0.0023539793673174286,1.0,True,,False,False,gcd_k_not_2,0.0,False,1.0,True,EXACT-UNCLASSIFIED
7276,False,8,2,3.7696437670282545,5.646271756192765,0.31828648329802917,1.0342418364125086,0.4380165289256198,False,1.0,True,True,,0.0,False,0.5,False,EXACT-UNCLASSIFIED
7277,False,15,1,0.06830655117530803,0.11146952087888201,0.9883412018258386,0.011727160472715095,1.0,True,,False,False,gcd_k_not_2,0.45454545454545453,False,1.0,True,EXACT-UNCLASSIFIED
7279,False,14,2,3.77244039836568,5.6504484541761695,0.3163081615237441,1.0388020958326685,0.4855371900826446,False,1.0,True,True,,0.0,False,0.5,False,EXACT-UNCLASSIFIED
7283,False,1,1,0.048551926085268184,0.07774863803658473,1.0326499682125407,0.032125519615413385,1.0,True,,False,False,gcd_k_not_2,0.0,False,1.0,True,EXACT-UNCLASSIFIED
7284,False,18,2,3.7757047930030745,5.655323619001365,0.3206337448192981,1.028848850554942,0.5206611570247934,False,1.0,True,True,,0.0,False,0.5,False,EXACT-UNCLASSIFIED
7288,False,19,1,0.039297692268098317,0.0674496241251366,0.9885238819727813,0.01154234870524508,1.0,True,,False,False,gcd_k_not_2,0.0,False,1.0,True,EXACT-UNCLASSIFIED
7289,False,13,1,0.05901534154552892,0.0976815938446264,1.0265913243302973,0.026242414058576496,1.0,True,,False,False,gcd_k_not_2,0.36363636363636365,False,1.0,True,EXACT-UNCLASSIFIED
7290,False,4,2,3.7610715412248794,5.633469463681477,0.3154961694017333,1.0406778013037745,0.4896694214876033,False,1.0,True,True,,0.0,False,0.5,False,EXACT-UNCLASSIFIED
7291,False,21,1,0.038215595266996576,0.06062952466724596,1.0031290901276222,0.003124202172534785,1.0,True,,False,False,gcd_k_not_2,0.18181818181818182,False,1.0,True,EXACT-UNCLASSIFIED
7292,False,3,1,0.0488913643573787,0.078294233633733,1.0213644582111627,0.021138650305615403,1.0,True,,False,False,gcd_k_not_2,0.0,False,1.0,True,EXACT-UNCLASSIFIED
7293,False,9,1,0.06552515760047177,0.10218910278385065,1.0226805835193868,0.0224262631521616,1.0,True,,False,False,gcd_k_not_2,0.0,False,1.0,True,EXACT-UNCLASSIFIED
7294,False,5,1,0.05142171194804966,0.08109814789556415,0.9819917475066381,0.01817187434409491,1.0,True,,False,False,gcd_k_not_2,0.0,False,1.0,True,EXACT-UNCLASSIFIED
7296,False,8,2,3.764131987995682,5.638040209119452,0.3160286695741242,1.0394474622611583,0.5144628099173554,False,1.0,True,True,,0.0,False,0.5,False,EXACT-UNCLASSIFIED
7298,False,19,1,0.03674949663135688,0.0669174548669628,0.9715856466016142,0.028823859057163573,1.0,True,,False,False,gcd_k_not_2,0.0,False,1.0,True,EXACT-UNCLASSIFIED
7299,False,19,1,0.06522841371522319,0.10135735495149377,0.9831321440873639,0.01701132822936376,1.0,True,,False,False,gcd_k_not_2,0.0,False,1.0,True,EXACT-UNCLASSIFIED
7300,False,5,1,0.050852098850285535,0.08503065826254115,1.0247420760321844,0.02443973118854786,1.0,True,,False,False,gcd_k_not_2,0.0,False,1.0,True,EXACT-UNCLASSIFIED
7304,False,2,2,3.7778425593258023,5.65851651013777,0.3133775774041405,1.045582678444918,0.44214876033057854,False,1.0,True,True,,0.3181818181818182,False,0.5,False,EXACT-UNCLASSIFIED
7306,False,7,1,0.05322135501966051,0.0852161435510514,1.0183155097832048,0.018149302915649985,1.0,True,,False,False,gcd_k_not_2,0.0,False,1.0,True,EXACT-UNCLASSIFIED
7307,False,1,1,0.055052816828020414,0.08559298878911639,1.0039686755293644,0.003960815932730133,1.0,True,,False,False,gcd_k_not_2,0.0,False,1.0,True,EXACT-UNCLASSIFIED
7308,False,3,1,0.06688076177146653,0.10542855499673226,1.012652193445157,0.0125726575971375,1.0,True,,False,False,gcd_k_not_2,0.0,False,1.0,True,EXACT-UNCLASSIFIED
7310,False,15,1,0.05014004323739661,0.08532262451834251,1.0214374355580957,0.021210090583067692,1.0,True,,False,False,gcd_k_not_2,0.0,False,1.0,True,EXACT-UNCLASSIFIED
7315,False,20,2,3.7790337700294843,5.660295265782351,0.3163821843078343,1.0386312179568398,0.5227272727272727,False,1.0,True,True,,0.0,False,0.5,False,EXACT-UNCLASSIFIED
7317,False,15,1,0.037383144834841606,0.06454798099850592,1.0157977932106397,0.015673986015708307,1.0,True,,False,False,gcd_k_not_2,0.0,False,1.0,True,EXACT-UNCLASSIFIED
7318,False,7,1,0.05420386624821365,0.08868589430613329,1.0154927796903537,0.015373689101217202,1.0,True,,False,False,gcd_k_not_2,0.0,False,1.0,True,EXACT-UNCLASSIFIED
7320,False,1,1,0.04074548627686057,0.06345452594488439,0.9800314993731101,0.020169881775327365,1.0,True,,False,False,gcd_k_not_2,0.0,False,1.0,True,EXACT-UNCLASSIFIED
7321,False,13,1,0.04240482874578288,0.06618354264756704,0.9961746665021197,0.0038326641070777776,1.0,True,,False,False,gcd_k_not_2,0.0,False,1.0,True,EXACT-UNCLASSIFIED
7325,False,14,2,3.7616443733909066,5.63432492382292,0.31664347113394825,1.0380282040627393,0.48760330578512395,False,1.0,True,True,,0.0,False,0.5,False,EXACT-UNCLASSIFIED
7328,False,8,2,3.77965229596328,5.66121918801339,0.31490494051744555,1.0420450001700559,0.4731404958677686,False,1.0,True,True,,0.0,False,0.5,False,EXACT-UNCLASSIFIED
7331,False,13,1,0.04073934162030432,0.06658631890179349,0.986433111390689,0.013659547388245914,1.0,True,,False,False,gcd_k_not_2,0.30991735537190085,False,1.0,True,EXACT-UNCLASSIFIED
7332,False,15,1,0.035030010622617576,0.05651356708080473,0.9833205297387851,0.01681974245828201,1.0,True,,False,False,gcd_k_not_2,0.13636363636363635,False,1.0,True,EXACT-UNCLASSIFIED
7335,False,5,1,0.09254405574772458,0.15131709818461592,1.006239582934147,0.0062201772781510616,1.0,True,,False,False,gcd_k_not_2,0.0,False,1.0,True,EXACT-UNCLASSIFIED
7338,False,3,1,0.08201388247854212,0.14098074382021117,0.9997119167767662,0.00028812472518363223,1.0,True,,False,False,gcd_k_not_2,0.0,False,1.0,True,EXACT-UNCLASSIFIED
7339,False,9,1,0.03416691142020829,0.062498803915356005,1.0349338702514366,0.03433415774549985,1.0,True,,False,False,gcd_k_not_2,0.0,False,1.0,True,EXACT-UNCLASSIFIED
7340,False,1,1,0.07923288574717337,0.12443944944278655,1.0054024087921885,0.0053878550943222345,1.0,True,,False,False,gcd_k_not_2,0.0,False,1.0,True,EXACT-UNCLASSIFIED
7343,False,18,2,3.7871703646897568,5.6724464397297165,0.31206086424514684,1.0486390601256708,0.5020661157024794,False,1.0,True,True,,0.0,False,0.5,False,EXACT-UNCLASSIFIED
7346,False,3,1,0.05889922705204513,0.08863844870733963,0.9837795935555539,0.01635303286427503,1.0,True,,False,False,gcd_k_not_2,0.0,False,1.0,True,EXACT-UNCLASSIFIED
7349,False,7,1,0.05601938301359897,0.08914126682522767,0.9924834455530634,0.007544910311513436,1.0,True,,False,False,gcd_k_not_2,0.0,False,1.0,True,EXACT-UNCLASSIFIED
7352,False,5,1,0.08574992748527464,0.12468430139136984,0.9858838010727485,0.014216540685437937,1.0,True,,False,False,gcd_k_not_2,0.0,False,1.0,True,EXACT-UNCLASSIFIED
7353,False,15,1,0.03939529564192628,0.0667258752427086,1.017231947834966,0.017084746108111653,1.0,True,,False,False,gcd_k_not_2,0.0,False,1.0,True,EXACT-UNCLASSIFIED
7354,False,5,1,0.030667815240957956,0.04402882159186178,0.9641021373501462,0.036553967298549164,1.0,True,,False,False,gcd_k_not_2,0.0,False,1.0,True,EXACT-UNCLASSIFIED
7358,False,7,1,0.04318647236183954,0.07385130036545036,0.9869806661757774,0.013104640669987113,1.0,True,,False,False,gcd_k_not_2,0.0,False,1.0,True,EXACT-UNCLASSIFIED
7359,False,13,1,0.06661422173443805,0.11890812206343834,0.9780927205116807,0.02214990153004808,1.0,True,,False,False,gcd_k_not_2,0.0,False,1.0,True,EXACT-UNCLASSIFIED
7360,False,21,1,0.042779843588387156,0.07000262338974148,0.9944513444006227,0.005564092215089723,1.0,True,,False,False,gcd_k_not_2,0.0,False,1.0,True,EXACT-UNCLASSIFIED
7361,False,21,1,0.037291269366400454,0.06573427016931795,0.9919127632172849,0.008120071252169504,1.0,True,,False,False,gcd_k_not_2,0.20867768595041322,False,1.0,True,EXACT-UNCLASSIFIED
7362,False,19,1,0.06323998833193963,0.10215142697361179,0.9936862130764081,0.00633378199857162,1.0,True,,False,False,gcd_k_not_2,0.0,False,1.0,True,EXACT-UNCLASSIFIED
7363,False,5,1,0.05496329316333655,0.0887371066522381,1.0122727171373955,0.012197866653834362,1.0,True,,False,False,gcd_k_not_2,0.0,False,1.0,True,EXACT-UNCLASSIFIED
7364,False,1,1,0.05473340879523505,0.08575424755212875,0.9994648649351069,0.0005352782879837855,1.0,True,,False,False,gcd_k_not_2,0.0,False,1.0,True,EXACT-UNCLASSIFIED
7366,False,21,1,0.06493447584458722,0.10582932272514144,1.0068379577075888,0.006814658534164647,1.0,True,,False,False,gcd_k_not_2,0.0,False,1.0,True,EXACT-UNCLASSIFIED
7367,False,17,1,0.04799183809441873,0.08432194172459513,0.9918091510432393,0.008224531906051977,1.0,True,,False,False,gcd_k_not_2,0.45041322314049587,False,1.0,True,EXACT-UNCLASSIFIED
7368,False,17,1,0.05688001429084135,0.10137567732438131,0.9886954458392241,0.011368813846712915,1.0,True,,False,False,gcd_k_not_2,0.0,False,1.0,True,EXACT-UNCLASSIFIED
7369,False,5,1,0.06781691893308105,0.10287971116095014,1.0152904713454505,0.015174459029960211,1.0,True,,False,False,gcd_k_not_2,0.4090909090909091,False,1.0,True,EXACT-UNCLASSIFIED
7370,False,5,1,0.07036480474212956,0.111623171401485,0.9830481711083304,0.017096739392059416,1.0,True,,False,False,gcd_k_not_2,0.38636363636363635,False,1.0,True,EXACT-UNCLASSIFIED
7371,False,13,1,0.06503414973922217,0.10700921783337615,1.0042150936110186,0.00420622878697526,1.0,True,,False,False,gcd_k_not_2,0.09090909090909091,False,1.0,True,EXACT-UNCLASSIFIED
7372,False,3,1,0.06044954660535487,0.10044730305958316,1.0113629089459077,0.011298715806450647,1.0,True,,False,False,gcd_k_not_2,0.0,False,1.0,True,EXACT-UNCLASSIFIED
7374,False,7,1,0.06260425913577015,0.10025947379412999,1.013965624618147,0.013868781519838438,1.0,True,,False,False,gcd_k_not_2,0.0,False,1.0,True,EXACT-UNCLASSIFIED
7376,False,1,1,0.05336021494803465,0.08682902065338251,0.9973246503787271,0.00267893316268404,1.0,True,,False,False,gcd_k_not_2,0.0,False,1.0,True,EXACT-UNCLASSIFIED
7377,False,15,1,0.08209543387913741,0.12483963559202926,0.9949188930423594,0.00509404866068683,1.0,True,,False,False,gcd_k_not_2,0.0,False,1.0,True,EXACT-UNCLASSIFIED
7378,False,21,1,0.04926201078685654,0.07507217755927859,0.9897630128281429,0.010289654703458122,1.0,True,,False,False,gcd_k_not_2,0.5909090909090909,False,1.0,True,EXACT-UNCLASSIFIED
7379,False,19,1,0.03133484834836663,0.05076756586676874,0.9872365519638625,0.012845423986917024,1.0,True,,False,False,gcd_k_not_2,0.18181818181818182,False,1.0,True,EXACT-UNCLASSIFIED
7380,False,19,1,0.07687081136514094,0.1181322583344991,1.0021360633557344,0.002133784406394475,1.0,True,,False,False,gcd_k_not_2,0.0,False,1.0,True,EXACT-UNCLASSIFIED
7381,False,3,1,0.04252590779400593,0.06859900736667787,0.9811774507420832,0.01900137642982609,1.0,True,,False,False,gcd_k_not_2,0.0,False,1.0,True,EXACT-UNCLASSIFIED
7382,False,21,1,0.05364382173269001,0.08618863246119988,1.0412046867651612,0.04037291020574837,1.0,True,,False,False,gcd_k_not_2,0.0,False,1.0,True,EXACT-UNCLASSIFIED
7385,False,19,1,0.04257752285321687,0.06987158913675322,1.0223548454996054,0.022107737966313983,1.0,True,,False,False,gcd_k_not_2,0.0,False,1.0,True,EXACT-UNCLASSIFIED
7386,False,4,2,3.768651490100962,5.644789995424001,0.3236459400079658,1.0219561584391121,0.49586776859504134,False,1.0,True,True,,0.22727272727272727,False,0.5,False,EXACT-UNCLASSIFIED
7387,False,13,1,0.06989711971314154,0.11076099765935078,1.0034201805335203,0.0034143417010100564,1.0,True,,False,False,gcd_k_not_2,0.0,False,1.0,True,EXACT-UNCLASSIFIED
7389,False,7,1,0.04281533522435951,0.07035055068507612,0.9911879982151283,0.008850999295667367,1.0,True,,False,False,gcd_k_not_2,0.0,False,1.0,True,EXACT-UNCLASSIFIED
7390,False,15,1,0.061841782149893436,0.10612250362725921,0.9780583453697305,0.022185042904958707,1.0,True,,False,False,gcd_k_not_2,0.0,False,1.0,True,EXACT-UNCLASSIFIED
7392,False,17,1,0.040672494711289676,0.07178026200823531,0.9871035452500704,0.012980153732559136,1.0,True,,False,False,gcd_k_not_2,0.0,False,1.0,True,EXACT-UNCLASSIFIED
7393,False,17,1,0.053937981936065964,0.09112348880307132,0.997493524372402,0.002509620779256875,1.0,True,,False,False,gcd_k_not_2,0.0,False,1.0,True,EXACT-UNCLASSIFIED
7394,False,7,1,0.047373007828526846,0.07807809810876402,1.024983486565942,0.024675249681477662,1.0,True,,False,False,gcd_k_not_2,0.045454545454545456,False,1.0,True,EXACT-UNCLASSIFIED
7395,False,13,1,0.06228295103983609,0.10280143240959921,0.9777737090404631,0.022476070804197532,1.0,True,,False,False,gcd_k_not_2,0.0,False,1.0,True,EXACT-UNCLASSIFIED
7396,False,6,2,3.782960948991328,5.6661606433704,0.3100175019656529,1.0533943203034208,0.4834710743801653,False,1.0,True,True,,0.0,False,0.5,False,EXACT-UNCLASSIFIED
7399,False,2,2,3.796774873036606,5.686789869533259,0.30894812059887333,1.0558888752366362,0.493801652892562,False,1.0,True,True,,0.22727272727272727,False,0.5,False,EXACT-UNCLASSIFIED
7400,False,9,1,0.07369959761443272,0.11038918609399091,0.9908491836993932,0.0091928774670945,1.0,True,,False,False,gcd_k_not_2,0.0,False,1.0,True,EXACT-UNCLASSIFIED
7403,False,1,1,0.06452514801414043,0.10126361336947687,0.9967715605197053,0.0032336593169971506,1.0,True,,False,False,gcd_k_not_2,0.0,False,1.0,True,EXACT-UNCLASSIFIED
7404,False,21,1,0.05544730397309784,0.08522528216138711,0.978197705765892,0.022042583681661693,1.0,True,,False,False,gcd_k_not_2,0.0,False,1.0,True,EXACT-UNCLASSIFIED
7406,False,1,1,0.05271869771655582,0.08536765704118687,0.9679258645807711,0.03259689401568147,1.0,True,,False,False,gcd_k_not_2,0.0,False,1.0,True,EXACT-UNCLASSIFIED
7407,False,13,1,0.061868637624678646,0.10030227897735818,1.021485538137956,0.021257177192320436,1.0,True,,False,False,gcd_k_not_2,0.0,False,1.0,True,EXACT-UNCLASSIFIED
7408,False,3,1,0.07922607989006616,0.1224602547304586,1.0108591457453187,0.010800503623831652,1.0,True,,False,False,gcd_k_not_2,0.0,False,1.0,True,EXACT-UNCLASSIFIED
7409,False,15,1,0.05656975928442823,0.08798372575710463,1.0206481950980635,0.02043719945723796,1.0,True,,False,False,gcd_k_not_2,0.0,False,1.0,True,EXACT-UNCLASSIFIED
7410,False,19,1,0.06213040153082421,0.0999583560964985,1.005053739260964,0.005041001307851891,1.0,True,,False,False,gcd_k_not_2,0.0,False,1.0,True,EXACT-UNCLASSIFIED
7414,False,5,1,0.05250366084584339,0.08166828674009573,0.9923818367283396,0.00764729243283018,1.0,True,,False,False,gcd_k_not_2,0.0,False,1.0,True,EXACT-UNCLASSIFIED
7418,False,17,1,0.04268868240565622,0.06829613572300118,1.0161479497340355,0.01601861583240043,1.0,True,,False,False,gcd_k_not_2,0.0,False,1.0,True,EXACT-UNCLASSIFIED
7419,False,5,1,0.04850608947893218,0.08032061165444808,0.9968702097575082,0.0031346957125189838,1.0,True,,False,False,gcd_k_not_2,0.0,False,1.0,True,EXACT-UNCLASSIFIED
7420,False,15,1,0.0314457190122909,0.05600470205864173,0.980546727172609,0.019644346240860547,1.0,True,,False,False,gcd_k_not_2,0.0,False,1.0,True,EXACT-UNCLASSIFIED
7422,False,21,1,0.033145892504299376,0.05104376573647153,1.0567277639888877,0.055163123658979456,1.0,True,,False,False,gcd_k_not_2,0.0,False,1.0,True,EXACT-UNCLASSIFIED
7423,False,1,1,0.08601037961106518,0.14007326814276924,0.9962143651762164,0.003792813928026559,1.0,True,,False,False,gcd_k_not_2,0.0,False,1.0,True,EXACT-UNCLASSIFIED
7424,False,17,1,0.05629409288032811,0.09131620526144617,1.0060475799439974,0.006029348460584657,1.0,True,,False,False,gcd_k_not_2,0.0,False,1.0,True,EXACT-UNCLASSIFIED
7426,False,3,1,0.0386054671757879,0.06526082292085737,0.9953894836882672,0.004621169299951155,1.0,True,,False,False,gcd_k_not_2,0.0,False,1.0,True,EXACT-UNCLASSIFIED
7427,False,19,1,0.03430065564188977,0.0538448522592932,0.9731996848368802,0.027164321349803247,1.0,True,,False,False,gcd_k_not_2,0.5330578512396694,False,1.0,True,EXACT-UNCLASSIFIED
7428,False,9,1,0.05171266202434815,0.08244195045178121,0.9954929465718235,0.0045172331337170885,1.0,True,,False,False,gcd_k_not_2,0.0,False,1.0,True,EXACT-UNCLASSIFIED
7430,False,10,2,3.773642298323712,5.65224345210421,0.31982100794295454,1.0307139952517625,0.5495867768595041,False,1.0,True,True,,0.0,False,0.5,False,EXACT-UNCLASSIFIED
7431,False,15,1,0.03550107274622176,0.05558487459718853,1.004577024227381,0.0045665735684515246,1.0,True,,False,False,gcd_k_not_2,0.4793388429752066,False,1.0,True,EXACT-UNCLASSIFIED
7432,False,19,1,0.051122763226441374,0.07986291613964192,1.0125540803108883,0.012475769405360876,1.0,True,,False,False,gcd_k_not_2,0.0,False,1.0,True,EXACT-UNCLASSIFIED
7433,False,21,1,0.04162303780274151,0.06554831229113457,1.0066022076263537,0.006580484763009997,1.0,True,,False,False,gcd_k_not_2,0.0,False,1.0,True,EXACT-UNCLASSIFIED
7434,False,9,1,0.06338186997909463,0.10581974013602505,0.9888036478645589,0.011259384150328787,1.0,True,,False,False,gcd_k_not_2,0.0,False,1.0,True,EXACT-UNCLASSIFIED
7435,False,19,1,0.0585888009606996,0.09245158723936206,1.0089609115350775,0.008920941650607224,1.0,True,,False,False,gcd_k_not_2,0.0,False,1.0,True,EXACT-UNCLASSIFIED
7438,False,17,1,0.03554785717217141,0.05693547326601957,0.9847553334883778,0.015361758957793892,1.0,True,,False,False,gcd_k_not_2,0.3760330578512397,False,1.0,True,EXACT-UNCLASSIFIED
7444,False,17,1,0.025829071029448317,0.04541318166769343,0.99339953759066,0.0066223175884928,1.0,True,,False,False,gcd_k_not_2,0.0,False,1.0,True,EXACT-UNCLASSIFIED
7445,False,13,1,0.06403206890230613,0.10636063985604284,0.996153141190668,0.003854272229872556,1.0,True,,False,False,gcd_k_not_2,0.0,False,1.0,True,EXACT-UNCLASSIFIED
7446,False,18,2,3.7759754003210015,5.655727955847402,0.31851848721549625,1.0337079371919702,0.48140495867768596,False,1.0,True,True,,0.0,False,0.5,False,EXACT-UNCLASSIFIED
7447,False,15,1,0.06048181844198801,0.09382513796772736,0.987768824020605,0.012306437078186325,1.0,True,,False,False,gcd_k_not_2,0.0,False,1.0,True,EXACT-UNCLASSIFIED
7449,False,17,1,0.042984745645568125,0.06521367851390596,0.9950266178145192,0.004985780280895726,1.0,True,,False,False,gcd_k_not_2,0.0,False,1.0,True,EXACT-UNCLASSIFIED
7450,False,5,1,0.045590369542412634,0.06637155108797595,1.036703839405693,0.03604239231601115,1.0,True,,False,False,gcd_k_not_2,0.0,False,1.0,True,EXACT-UNCLASSIFIED
7451,False,3,1,0.061738672712901364,0.10259473458063555,1.0173730324965304,0.017223420970420178,1.0,True,,False,False,gcd_k_not_2,0.22727272727272727,False,1.0,True,EXACT-UNCLASSIFIED
7454,False,3,1,0.06294699204076491,0.11041833107741277,0.9826330496391501,0.01751907682968444,1.0,True,,False,False,gcd_k_not_2,0.0,False,1.0,True,EXACT-UNCLASSIFIED
7455,False,1,1,0.06478432749888868,0.10704569076333685,0.9903579052150597,0.009688804972891025,1.0,True,,False,False,gcd_k_not_2,0.0,False,1.0,True,EXACT-UNCLASSIFIED
7456,False,15,1,0.06972496676983088,0.11756738638456977,1.0083577173290905,0.008322936951894731,1.0,True,,False,False,gcd_k_not_2,0.23140495867768596,False,1.0,True,EXACT-UNCLASSIFIED
7457,False,5,1,0.045120727200888736,0.0748096117231373,0.9945037430436939,0.005511402999844561,1.0,True,,False,False,gcd_k_not_2,0.0,False,1.0,True,EXACT-UNCLASSIFIED
7458,False,1,1,0.04338835613209741,0.07240310168623461,1.0281081974758335,0.027718637014353377,1.0,True,,False,False,gcd_k_not_2,0.0,False,1.0,True,EXACT-UNCLASSIFIED
7459,False,9,1,0.054577177173123256,0.08924726041739525,0.9906808192991609,0.009362807548545132,1.0,True,,False,False,gcd_k_not_2,0.0,False,1.0,True,EXACT-UNCLASSIFIED
7464,False,19,1,0.03471780924831902,0.06049924965053678,1.0208360016595215,0.020621170290326184,1.0,True,,False,False,gcd_k_not_2,0.0,False,1.0,True,EXACT-UNCLASSIFIED
7465,False,19,1,0.05161254523767282,0.080377084514333,1.0079497868181813,0.007918312370528586,1.0,True,,False,False,gcd_k_not_2,0.19834710743801653,False,1.0,True,EXACT-UNCLASSIFIED
7466,False,1,1,0.05873913047091267,0.09401921361058661,1.0306328201864141,0.030170713170687424,1.0,True,,False,False,gcd_k_not_2,0.0,False,1.0,True,EXACT-UNCLASSIFIED
7467,False,17,1,0.07032390329478959,0.11416517424543841,0.9910259240576045,0.009014524455921581,1.0,True,,False,False,gcd_k_not_2,0.0,False,1.0,True,EXACT-UNCLASSIFIED
7469,False,8,2,3.7347623962915875,5.594175807826412,0.3111846392521508,1.0506763732996793,0.4855371900826446,False,1.0,True,True,,0.0,False,0.5,False,EXACT-UNCLASSIFIED
7470,False,7,1,0.04630092186757387,0.07346133561868012,0.9849393572007146,0.015174914784827347,1.0,True,,False,False,gcd_k_not_2,0.2727272727272727,False,1.0,True,EXACT-UNCLASSIFIED
7471,False,19,1,0.05948256865443149,0.0954068028551151,1.0087083390413973,0.008670585840802802,1.0,True,,False,False,gcd_k_not_2,0.0,False,1.0,True,EXACT-UNCLASSIFIED
7473,False,21,1,0.05265544095844117,0.0840603170934273,1.0107238075566605,0.010666614197691857,1.0,True,,False,False,gcd_k_not_2,0.0,False,1.0,True,EXACT-UNCLASSIFIED
7478,False,7,1,0.04064801174278968,0.06333094752607735,0.9934532103906308,0.006568290216439365,1.0,True,,False,False,gcd_k_not_2,0.0,False,1.0,True,EXACT-UNCLASSIFIED
7480,False,15,1,0.0771353148617521,0.12972359234100372,0.9842927771734297,0.015831557729041178,1.0,True,,False,False,gcd_k_not_2,0.0,False,1.0,True,EXACT-UNCLASSIFIED
7481,False,1,1,0.05137199915892455,0.08201363843968011,1.0495597786729487,0.04836138881007668,1.0,True,,False,False,gcd_k_not_2,0.0,False,1.0,True,EXACT-UNCLASSIFIED
7483,False,1,1,0.05040400233128764,0.08089190138980638,0.9720492324746849,0.028346926704502503,1.0,True,,False,False,gcd_k_not_2,0.0,False,1.0,True,EXACT-UNCLASSIFIED
7485,False,20,2,3.737255177684374,5.597899267403458,0.31189429614946984,1.049026138569523,0.493801652892562,False,1.0,True,True,,0.3181818181818182,False,0.5,False,EXACT-UNCLASSIFIED
7487,False,16,2,3.7728771845671245,5.651100922577567,0.31414238583627013,1.043810201323468,0.5082644628099173,False,1.0,True,True,,0.0,False,0.5,False,EXACT-UNCLASSIFIED
7488,False,1,1,0.056245868293885885,0.0887547626655426,1.006601999046233,0.006580277553168036,1.0,True,,False,False,gcd_k_not_2,0.0,False,1.0,True,EXACT-UNCLASSIFIED
7489,False,5,1,0.06698287871149884,0.10341120602201878,0.9957447901535568,0.004264282555001298,1.0,True,,False,False,gcd_k_not_2,0.0,False,1.0,True,EXACT-UNCLASSIFIED
7491,False,21,1,0.05641688509417581,0.09126808334682103,1.005769176104414,0.005752582274316199,1.0,True,,False,False,gcd_k_not_2,0.0,False,1.0,True,EXACT-UNCLASSIFIED
7494,False,17,1,0.047039142272320734,0.09120207064606414,0.9845067266728867,0.015614231102243093,1.0,True,,False,False,gcd_k_not_2,0.5619834710743802,False,1.0,True,EXACT-UNCLASSIFIED
7495,False,1,1,0.07225652389855508,0.11760115458001966,0.9979030493550904,0.0020991515535115106,1.0,True,,False,False,gcd_k_not_2,0.0,False,1.0,True,EXACT-UNCLASSIFIED
7496,False,21,1,0.053631606800157224,0.0848019739671944,0.9852209033809673,0.014889120494210848,1.0,True,,False,False,gcd_k_not_2,0.5454545454545454,False,1.0,True,EXACT-UNCLASSIFIED
7497,False,21,1,0.07058956633858467,0.11051598889301377,0.9976148648839045,0.002387982947087368,1.0,True,,False,False,gcd_k_not_2,0.0,False,1.0,True,EXACT-UNCLASSIFIED
7498,False,1,1,0.03822540518008116,0.063964847258735,0.9571698557721003,0.043767426829699654,1.0,True,,False,False,gcd_k_not_2,0.0,False,1.0,True,EXACT-UNCLASSIFIED
7500,False,19,1,0.04130255777475449,0.06716637881580033,0.977549220416761,0.02270565946116645,1.0,True,,False,False,gcd_k_not_2,0.0,False,1.0,True,EXACT-UNCLASSIFIED
7501,False,18,2,3.734948427357626,5.594453818521254,0.3151031907019092,1.0415864156371506,0.53099173553719,False,1.0,True,True,,0.0,False,0.5,False,EXACT-UNCLASSIFIED
7502,False,19,1,0.06313412919850502,0.09786317381009188,1.005118711021839,0.005105643864078574,1.0,True,,False,False,gcd_k_not_2,0.0,False,1.0,True,EXACT-UNCLASSIFIED
7503,False,7,1,0.041502264886545376,0.0673337906198554,1.0059226228560487,0.00590513590959563,1.0,True,,False,False,gcd_k_not_2,0.0,False,1.0,True,EXACT-UNCLASSIFIED
7507,False,3,1,0.0645433793179934,0.10612079986778893,1.0094131445268395,0.009369048423395365,1.0,True,,False,False,gcd_k_not_2,0.0,False,1.0,True,EXACT-UNCLASSIFIED
7508,False,4,2,3.782176658634508,5.664989108086552,0.30943050336595557,1.0547631124506442,0.45867768595041325,False,1.0,True,True,,0.049586776859504134,False,0.5,False,EXACT-UNCLASSIFIED
7509,False,3,1,0.0561422159558742,0.09823674268869247,1.0140683658187615,0.013970097597002209,1.0,True,,False,False,gcd_k_not_2,0.0,False,1.0,True,EXACT-UNCLASSIFIED
7511,False,19,1,0.05128960028065688,0.0860300988762792,1.016523276245754,0.016387885466431176,1.0,True,,False,False,gcd_k_not_2,0.0,False,1.0,True,EXACT-UNCLASSIFIED
7512,False,7,1,0.046803120435005056,0.07764158489628298,0.9852454548928897,0.014864202379353979,1.0,True,,False,False,gcd_k_not_2,0.0,False,1.0,True,EXACT-UNCLASSIFIED
7514,False,19,1,0.0428370515751356,0.07492963949620095,0.9890814370452484,0.010978497663696463,1.0,True,,False,False,gcd_k_not_2,0.0,False,1.0,True,EXACT-UNCLASSIFIED
7515,False,7,1,0.06086242434271202,0.10677165300848554,1.0256425241717027,0.025317916528423974,1.0,True,,False,False,gcd_k_not_2,0.0,False,1.0,True,EXACT-UNCLASSIFIED
7516,False,19,1,0.04889022159496287,0.07899641475464816,0.9781290420365252,0.022112771713778755,1.0,True,,False,False,gcd_k_not_2,0.0,False,1.0,True,EXACT-UNCLASSIFIED
7517,False,15,1,0.03575958332293493,0.05926744593129831,1.0219420362476372,0.021703922124649798,1.0,True,,False,False,gcd_k_not_2,0.0,False,1.0,True,EXACT-UNCLASSIFIED
7521,False,5,1,0.04036848674326097,0.07028704119223424,1.0204589130382726,0.02025174865596002,1.0,True,,False,False,gcd_k_not_2,0.0,False,1.0,True,EXACT-UNCLASSIFIED
7523,False,21,1,0.06132762130902421,0.10184838036903172,1.0164645977237414,0.01633016294194034,1.0,True,,False,False,gcd_k_not_2,0.36363636363636365,False,1.0,True,EXACT-UNCLASSIFIED
7527,False,4,2,3.7627319290101457,5.635949256716118,0.31774394643461346,1.0354910836985434,0.5289256198347108,False,1.0,True,True,,0.0,False,0.5,False,EXACT-UNCLASSIFIED
7529,False,21,1,0.060142455127389506,0.10442445614295666,1.003637596071823,0.003630992030649238,1.0,True,,False,False,gcd_k_not_2,0.0,False,1.0,True,EXACT-UNCLASSIFIED
7530,False,9,1,0.03150378656695051,0.05617982729462585,0.9902589140697412,0.009788762518681464,1.0,True,,False,False,gcd_k_not_2,0.0,False,1.0,True,EXACT-UNCLASSIFIED
7532,False,7,1,0.04393746586714578,0.07166553494899208,0.984323377250488,0.015800471767090495,1.0,True,,False,False,gcd_k_not_2,0.0,False,1.0,True,EXACT-UNCLASSIFIED
7533,False,6,2,3.7721419898947146,5.650003132212188,0.3141690537788318,1.0437484344180732,0.5247933884297521,False,1.0,True,True,,0.0,False,0.5,False,EXACT-UNCLASSIFIED
7534,False,5,1,0.051131380627223326,0.08100958206121191,0.9564327729306562,0.044537412858896085,1.0,True,,False,False,gcd_k_not_2,0.0,False,1.0,True,EXACT-UNCLASSIFIED
7535,False,1,1,0.06456531418010199,0.10227364484456726,0.9814179364051068,0.018756329246324154,1.0,True,,False,False,gcd_k_not_2,0.0,False,1.0,True,EXACT-UNCLASSIFIED
7536,False,20,2,3.775475766883648,5.6549816043763075,0.31875944946856166,1.0331536214674588,0.45454545454545453,False,1.0,True,True,,0.0,False,0.5,False,EXACT-UNCLASSIFIED
7537,False,5,1,0.07410157763448559,0.11542018989421504,1.0082133356172944,0.008179744125411722,1.0,True,,False,False,gcd_k_not_2,0.0,False,1.0,True,EXACT-UNCLASSIFIED
7539,False,21,1,0.0470099701905854,0.07868030099698052,1.024155541187993,0.023867277683429285,1.0,True,,False,False,gcd_k_not_2,0.0,False,1.0,True,EXACT-UNCLASSIFIED
7540,False,21,1,0.03209120307659279,0.05616455052618962,1.0013318078699178,0.0013309216039846348,1.0,True,,False,False,gcd_k_not_2,0.0,False,1.0,True,EXACT-UNCLASSIFIED
7541,False,21,1,0.07666746706491195,0.12034456355625942,1.0328910275614194,0.032358869329925904,1.0,True,,False,False,gcd_k_not_2,0.0,False,1.0,True,EXACT-UNCLASSIFIED
7543,False,5,1,0.05136020252350043,0.08092557729482477,0.992789727059911,0.007236361009073275,1.0,True,,False,False,gcd_k_not_2,0.0,False,1.0,True,EXACT-UNCLASSIFIED
7544,False,5,1,0.06566144725182661,0.1081656464097357,0.9998932500394145,0.00010675565866665952,1.0,True,,False,False,gcd_k_not_2,0.6570247933884298,False,1.0,True,EXACT-UNCLASSIFIED
7549,False,1,1,0.03729635381564443,0.06103932321441273,0.9895659445557986,0.010488775677682763,1.0,True,,False,False,gcd_k_not_2,0.0,False,1.0,True,EXACT-UNCLASSIFIED
7552,False,7,1,0.041025377729667654,0.06900298885948587,1.027301363220743,0.026933699859373515,1.0,True,,False,False,gcd_k_not_2,0.0,False,1.0,True,EXACT-UNCLASSIFIED
7555,False,15,1,0.060805644481226544,0.09631556273320378,1.0124106848859593,0.012334147278354942,1.0,True,,False,False,gcd_k_not_2,0.0,False,1.0,True,EXACT-UNCLASSIFIED
7556,False,13,1,0.05891379985270982,0.09893192565525963,1.0055102860950134,0.005495146181217254,1.0,True,,False,False,gcd_k_not_2,0.0,False,1.0,True,EXACT-UNCLASSIFIED
7557,False,7,1,0.0406196258015069,0.06544086252503208,0.9830282752707269,0.017116977040537783,1.0,True,,False,False,gcd_k_not_2,0.5,False,1.0,True,EXACT-UNCLASSIFIED
7558,False,7,1,0.04551049617209882,0.07399536031566452,1.0242230301257689,0.023933163258461492,1.0,True,,False,False,gcd_k_not_2,0.0,False,1.0,True,EXACT-UNCLASSIFIED
7559,False,9,1,0.06375439465444481,0.10002493946617971,1.0016668395882093,0.001665451567906628,1.0,True,,False,False,gcd_k_not_2,0.0,False,1.0,True,EXACT-UNCLASSIFIED
7561,False,21,1,0.05425264401646904,0.07971488856943275,0.9906707242557722,0.009372997382794838,1.0,True,,False,False,gcd_k_not_2,0.0,False,1.0,True,EXACT-UNCLASSIFIED
7562,False,13,1,0.046765794554458236,0.07540493382165338,0.9914617131628697,0.00857489429065621,1.0,True,,False,False,gcd_k_not_2,0.0,False,1.0,True,EXACT-UNCLASSIFIED
7564,False,13,1,0.04498322695539931,0.07537398069632321,0.9811019597370569,0.019078311613453084,1.0,True,,False,False,gcd_k_not_2,0.0,False,1.0,True,EXACT-UNCLASSIFIED
7567,False,1,1,0.05792992793233005,0.0945593118199409,1.0256935381202419,0.025367645832631232,1.0,True,,False,False,gcd_k_not_2,0.0,False,1.0,True,EXACT-UNCLASSIFIED
7569,False,3,1,0.044122610593324195,0.06608934819616313,1.0107075112775665,0.010650491150513636,1.0,True,,False,False,gcd_k_not_2,0.5950413223140496,False,1.0,True,EXACT-UNCLASSIFIED
7570,False,15,1,0.04095786039204644,0.06628646218573764,0.9990069995620573,0.0009934937077861615,1.0,True,,False,False,gcd_k_not_2,0.0,False,1.0,True,EXACT-UNCLASSIFIED
7571,False,13,1,0.0432305669718848,0.07501897685072186,1.0334008966035173,0.032852249312281014,1.0,True,,False,False,gcd_k_not_2,0.0,False,1.0,True,EXACT-UNCLASSIFIED
7574,False,21,1,0.037038872118182437,0.06181577501648423,1.0134614838446072,0.013371483837776945,1.0,True,,False,False,gcd_k_not_2,0.0,False,1.0,True,EXACT-UNCLASSIFIED
7576,False,17,1,0.07050759482683551,0.11612806748566903,1.0017831284386245,0.0017815400812328471,1.0,True,,False,False,gcd_k_not_2,0.0,False,1.0,True,EXACT-UNCLASSIFIED
7577,False,18,2,3.773635679157606,5.652233742311469,0.31683217581412737,1.0375928485549137,0.48140495867768596,False,1.0,True,True,,0.0,False,0.5,False,EXACT-UNCLASSIFIED
7578,False,3,1,0.05343967807449733,0.09160471377052003,0.9768265755257709,0.023445075821146036,1.0,True,,False,False,gcd_k_not_2,0.0,False,1.0,True,EXACT-UNCLASSIFIED
7580,False,21,1,0.04156722788279606,0.06469705068959161,1.0197636429108816,0.01957025316328417,1.0,True,,False,False,gcd_k_not_2,0.0,False,1.0,True,EXACT-UNCLASSIFIED
7583,False,3,1,0.03212550812889135,0.05831033994741268,1.0148304117242724,0.014721250620374117,1.0,True,,False,False,gcd_k_not_2,0.0,False,1.0,True,EXACT-UNCLASSIFIED
7586,False,16,2,3.772416020503846,5.650412207783704,0.3217649327663424,1.0262567124006974,0.49173553719008267,False,1.0,True,True,,0.0,False,0.5,False,EXACT-UNCLASSIFIED
7587,False,3,1,0.03986273325758751,0.06920460131944854,0.9763394146395754,0.02394384809123446,1.0,True,,False,False,gcd_k_not_2,0.0,False,1.0,True,EXACT-UNCLASSIFIED
7592,False,3,1,0.08402116366783595,0.13239301407409546,0.9962675030004196,0.003739475790664761,1.0,True,,False,False,gcd_k_not_2,0.0,False,1.0,True,EXACT-UNCLASSIFIED
7593,False,1,1,0.041789309319134986,0.05550189721849732,0.991469375634648,0.008567166002875135,1.0,True,,False,False,gcd_k_not_2,0.0,False,1.0,True,EXACT-UNCLASSIFIED
7597,False,6,2,3.778482984089034,5.659472990706462,0.3133277724431213,1.0456981752232268,0.493801652892562,False,1.0,True,True,,0.0,False,0.5,False,EXACT-UNCLASSIFIED
7598,False,13,1,0.07912935224191275,0.1387826078688254,1.007608552831031,0.007579717490545494,1.0,True,,False,False,gcd_k_not_2,0.36363636363636365,False,1.0,True,EXACT-UNCLASSIFIED
7599,False,17,1,0.04384258254827782,0.06424471276686151,0.9784641760955546,0.02177024397474381,1.0,True,,False,False,gcd_k_not_2,0.0,False,1.0,True,EXACT-UNCLASSIFIED
7600,False,13,1,0.04283319017399507,0.07544310231188606,0.9860801027362074,0.0140174580517828,1.0,True,,False,False,gcd_k_not_2,0.045454545454545456,False,1.0,True,EXACT-UNCLASSIFIED
7601,False,17,1,0.04501030385379897,0.07625659705474287,1.0611394061216475,0.05932583302231912,1.0,True,,False,False,gcd_k_not_2,0.0,False,1.0,True,EXACT-UNCLASSIFIED
7602,False,5,1,0.03803093502858471,0.06187779261228316,1.0027694624106798,0.002765632752704697,1.0,True,,False,False,gcd_k_not_2,0.0,False,1.0,True,EXACT-UNCLASSIFIED
7606,False,16,2,3.7763179352292395,5.656239382979245,0.3192986215276974,1.0319140297199376,0.4607438016528926,False,1.0,True,True,,0.0,False,0.5,False,EXACT-UNCLASSIFIED
7607,False,9,1,0.0508758041585234,0.08392351278390106,0.9951746522015935,0.004837017945353265,1.0,True,,False,False,gcd_k_not_2,0.0,False,1.0,True,EXACT-UNCLASSIFIED
7608,False,5,1,0.0559504155238741,0.08564544241128122,1.00845357364843,0.008417992588271396,1.0,True,,False,False,gcd_k_not_2,0.0,False,1.0,True,EXACT-UNCLASSIFIED
7610,False,9,1,0.06613449664368456,0.11141143500953088,0.9998604547940454,0.00013955494306621877,1.0,True,,False,False,gcd_k_not_2,0.0,False,1.0,True,EXACT-UNCLASSIFIED
7613,False,1,1,0.07147624353991933,0.11341551567184016,0.9865346407177107,0.013556631740813173,1.0,True,,False,False,gcd_k_not_2,0.0,False,1.0,True,EXACT-UNCLASSIFIED
7617,False,5,1,0.06837518929924148,0.11218206719789182,1.008069196090118,0.00803677094975557,1.0,True,,False,False,gcd_k_not_2,0.0,False,1.0,True,EXACT-UNCLASSIFIED
7618,False,20,2,3.7554508656856234,5.625075010124241,0.3200904312286987,1.0300954429894063,0.5041322314049587,False,1.0,True,True,,0.42768595041322316,False,0.5,False,EXACT-UNCLASSIFIED
7620,False,15,1,0.0469692008520601,0.07850573438793955,0.9991920015173165,0.0008083250453886138,1.0,True,,False,False,gcd_k_not_2,0.0,False,1.0,True,EXACT-UNCLASSIFIED
7621,False,19,1,0.04393038559444504,0.0747530336239727,1.0089159046090044,0.008876334333905058,1.0,True,,False,False,gcd_k_not_2,0.0,False,1.0,True,EXACT-UNCLASSIFIED
7623,False,9,1,0.05431540617800956,0.08803671850581256,0.9930034959269438,0.00702106552984455,1.0,True,,False,False,gcd_k_not_2,0.0,False,1.0,True,EXACT-UNCLASSIFIED
7627,False,21,1,0.04635187300119824,0.07404381008629209,1.0135220713719912,0.01343126212942629,1.0,True,,False,False,gcd_k_not_2,0.0,False,1.0,True,EXACT-UNCLASSIFIED
7630,False,4,2,3.7606295032255903,5.632809353898595,0.31741920352046493,1.036239330131993,0.5206611570247934,False,1.0,True,True,,0.0,False,0.5,False,EXACT-UNCLASSIFIED
7631,False,10,2,3.7774679330376175,5.657956870139981,0.3204990716947723,1.0291577523536364,0.5144628099173554,False,1.0,True,True,,0.09710743801652892,False,0.5,False,EXACT-UNCLASSIFIED
7634,False,15,1,0.04153139841072982,0.0629869803520605,0.9941337721941113,0.005883484736767924,1.0,True,,False,False,gcd_k_not_2,0.0,False,1.0,True,EXACT-UNCLASSIFIED
7635,False,9,1,0.03442674430308756,0.05083959056375093,0.9997519126949223,0.00024811808255101287,1.0,True,,False,False,gcd_k_not_2,0.0,False,1.0,True,EXACT-UNCLASSIFIED
7638,False,5,1,0.04205734653559652,0.06004054923919529,1.0152114266052163,0.015096606147019815,1.0,True,,False,False,gcd_k_not_2,0.45454545454545453,False,1.0,True,EXACT-UNCLASSIFIED
7639,False,21,1,0.05225115357475901,0.08614529620902882,1.0266504830209382,0.026300028785637218,1.0,True,,False,False,gcd_k_not_2,0.0,False,1.0,True,EXACT-UNCLASSIFIED
7640,False,1,1,0.03739831860509284,0.07369894206811511,1.0470577619554513,0.045975998166753636,1.0,True,,False,False,gcd_k_not_2,0.0,False,1.0,True,EXACT-UNCLASSIFIED
7641,False,5,1,0.057172204367163325,0.09100674510525385,1.0048188964117346,0.004807313438994065,1.0,True,,False,False,gcd_k_not_2,0.0,False,1.0,True,EXACT-UNCLASSIFIED
7642,False,5,1,0.04479225891696501,0.07616069634753243,1.0068104205124606,0.006787308300623092,1.0,True,,False,False,gcd_k_not_2,0.0,False,1.0,True,EXACT-UNCLASSIFIED
7647,False,19,1,0.039532660728384884,0.05921529711835491,1.042841615462393,0.041943159115344165,1.0,True,,False,False,gcd_k_not_2,0.6363636363636364,False,1.0,True,EXACT-UNCLASSIFIED
7648,False,19,1,0.03955307599753531,0.06373235482105334,1.0279011912832892,0.027517308440095065,1.0,True,,False,False,gcd_k_not_2,0.0,False,1.0,True,EXACT-UNCLASSIFIED
7651,False,3,1,0.039354098848100635,0.06074894653292947,1.0121131377738803,0.012040215380017595,1.0,True,,False,False,gcd_k_not_2,0.0,False,1.0,True,EXACT-UNCLASSIFIED
7653,False,7,1,0.04076423290860011,0.06843350397976364,1.003985132846871,0.0039772079957597,1.0,True,,False,False,gcd_k_not_2,0.45454545454545453,False,1.0,True,EXACT-UNCLASSIFIED
7654,False,15,1,0.06337883125121241,0.09823613551357614,1.0046490431471453,0.004638261408437548,1.0,True,,False,False,gcd_k_not_2,0.3181818181818182,False,1.0,True,EXACT-UNCLASSIFIED
7656,False,13,1,0.027800521468819388,0.048928874455020185,1.0045803794223804,0.0045699134536079196,1.0,True,,False,False,gcd_k_not_2,0.0,False,1.0,True,EXACT-UNCLASSIFIED
7659,False,17,1,0.04615887221371734,0.07111738347652527,1.0239382139678255,0.02365508373983006,1.0,True,,False,False,gcd_k_not_2,0.0,False,1.0,True,EXACT-UNCLASSIFIED
7660,False,3,1,0.042952058744475545,0.07151532487646103,0.9677606848091449,0.0327675163344185,1.0,True,,False,False,gcd_k_not_2,0.3181818181818182,False,1.0,True,EXACT-UNCLASSIFIED
7662,False,13,1,0.04240888682066017,0.07029866992382815,0.9902270217799868,0.009820968274536495,1.0,True,,False,False,gcd_k_not_2,0.5909090909090909,False,1.0,True,EXACT-UNCLASSIFIED
7663,False,9,1,0.06758201975233026,0.11442998907369138,1.0139203372241994,0.013824119024872591,1.0,True,,False,False,gcd_k_not_2,0.0,False,1.0,True,EXACT-UNCLASSIFIED
7665,False,21,1,0.06797631770716053,0.11229193685036018,0.9827707658169178,0.01737894715830512,1.0,True,,False,False,gcd_k_not_2,0.0,False,1.0,True,EXACT-UNCLASSIFIED
7666,False,9,1,0.05304747795801798,0.08124673278664706,1.0054132236956552,0.005398611749133235,1.0,True,,False,False,gcd_k_not_2,0.0,False,1.0,True,EXACT-UNCLASSIFIED
7669,False,17,1,0.06974779332701897,0.110140411481158,0.9888241754541163,0.011238624996432328,1.0,True,,False,False,gcd_k_not_2,0.0,False,1.0,True,EXACT-UNCLASSIFIED
7671,False,21,1,0.0522689882666831,0.08485677119583812,1.011027161616646,0.010966695852860813,1.0,True,,False,False,gcd_k_not_2,0.0,False,1.0,True,EXACT-UNCLASSIFIED
7673,False,19,1,0.048526381010845436,0.07470669153089751,1.0159907092271092,0.015863871945362026,1.0,True,,False,False,gcd_k_not_2,0.0,False,1.0,True,EXACT-UNCLASSIFIED
7675,False,17,1,0.04122160157557215,0.07251795991500021,1.0138645840172131,0.013769132370912712,1.0,True,,False,False,gcd_k_not_2,0.0,False,1.0,True,EXACT-UNCLASSIFIED
7676,False,13,1,0.04814636702085447,0.08348825832034341,0.9913243014198625,0.008713496414372595,1.0,True,,False,False,gcd_k_not_2,0.0,False,1.0,True,EXACT-UNCLASSIFIED
7678,False,5,1,0.05156714533722816,0.08651878184541904,0.9795094487233161,0.020702655690680586,1.0,True,,False,False,gcd_k_not_2,0.0,False,1.0,True,EXACT-UNCLASSIFIED
7681,False,2,2,3.7627736730843964,5.636011633605038,0.3161422720415152,1.0391851131682426,0.5,False,1.0,True,True,,0.0,False,0.5,False,EXACT-UNCLASSIFIED
7683,False,17,1,0.07355800558909058,0.12365484963217663,0.9953678353962683,0.0046429179839032044,1.0,True,,False,False,gcd_k_not_2,0.0,False,1.0,True,EXACT-UNCLASSIFIED
7686,False,21,1,0.04751467108760329,0.08066197784976409,1.0449573651969453,0.04396900000173399,1.0,True,,False,False,gcd_k_not_2,0.0,False,1.0,True,EXACT-UNCLASSIFIED
7687,False,10,2,3.7748739760185965,5.654082894882275,0.3157164217294061,1.0401687886074367,0.45454545454545453,False,1.0,True,True,,0.0,False,0.5,False,EXACT-UNCLASSIFIED
7688,False,13,1,0.0478082688853205,0.06610804803200764,0.9491982092216943,0.05212583362529414,1.0,True,,False,False,gcd_k_not_2,0.6157024793388429,False,1.0,True,EXACT-UNCLASSIFIED
7691,False,17,1,0.037838534671589034,0.060453297613191515,0.9913249410356367,0.00871285121337519,1.0,True,,False,False,gcd_k_not_2,0.0,False,1.0,True,EXACT-UNCLASSIFIED
7692,False,9,1,0.057895947473371366,0.09785150545220894,0.9942972587439343,0.005719048382644298,1.0,True,,False,False,gcd_k_not_2,0.0,False,1.0,True,EXACT-UNCLASSIFIED
7694,False,13,1,0.06371172737354225,0.10025406583661663,0.9954813416515974,0.0045288906030688325,1.0,True,,False,False,gcd_k_not_2,0.0,False,1.0,True,EXACT-UNCLASSIFIED
7697,False,14,2,3.7778645271433944,5.658549856335519,0.31467612567137465,1.0425744576119786,0.518595041322314,False,1.0,True,True,,0.0,False,0.5,False,EXACT-UNCLASSIFIED
7701,False,12,2,3.7757696022811875,5.655420403389731,0.3169576315697945,1.0373034819898175,0.5082644628099173,False,1.0,True,True,,0.0,False,0.5,False,EXACT-UNCLASSIFIED
7704,False,13,1,0.052405982015095505,0.07908750089865742,0.9949083782390217,0.005104617150861743,1.0,True,,False,False,gcd_k_not_2,0.5,False,1.0,True,EXACT-UNCLASSIFIED
7705,False,3,1,0.058484365630730624,0.09450072751064575,1.0144741170650038,0.01437011966784844,1.0,True,,False,False,gcd_k_not_2,0.0,False,1.0,True,EXACT-UNCLASSIFIED
7707,False,3,1,0.06423787869667115,0.10208833690113137,1.0059035033594736,0.005886128968404093,1.0,True,,False,False,gcd_k_not_2,0.0,False,1.0,True,EXACT-UNCLASSIFIED
7710,False,5,1,0.03672732725050089,0.061307564671034834,1.0088560057997862,0.008816964256490287,1.0,True,,False,False,gcd_k_not_2,0.0,False,1.0,True,EXACT-UNCLASSIFIED
7711,False,3,1,0.03279601096445796,0.05570944939507004,0.9900510468362917,0.009998691420026339,1.0,True,,False,False,gcd_k_not_2,0.0,False,1.0,True,EXACT-UNCLASSIFIED
7712,False,21,1,0.04843013743388751,0.07083417416626962,1.0096632962267666,0.009616831083007624,1.0,True,,False,False,gcd_k_not_2,0.0,False,1.0,True,EXACT-UNCLASSIFIED
7713,False,6,2,3.7674596005680248,5.643009686311184,0.31711978211458763,1.0369295597232213,0.48140495867768596,False,1.0,True,True,,0.0,False,0.5,False,EXACT-UNCLASSIFIED
7715,False,15,1,0.043842881659665774,0.0765343616402812,1.031981985129667,0.03147861089686397,1.0,True,,False,False,gcd_k_not_2,0.0,False,1.0,True,EXACT-UNCLASSIFIED
7716,False,13,1,0.04508022096811095,0.06730466953187976,1.031099340352318,0.03062316030974976,1.0,True,,False,False,gcd_k_not_2,0.0,False,1.0,True,EXACT-UNCLASSIFIED
7717,False,1,1,0.04278563007419562,0.07325575784619567,0.9878038146669508,0.012271015120365528,1.0,True,,False,False,gcd_k_not_2,0.0,False,1.0,True,EXACT-UNCLASSIFIED
7720,False,7,1,0.04793675706565741,0.0841852964407101,0.9897233776991569,0.010329699511021084,1.0,True,,False,False,gcd_k_not_2,0.0,False,1.0,True,EXACT-UNCLASSIFIED
7721,False,21,1,0.047344703719225736,0.07845696719107328,1.0098843405039244,0.009835730648506935,1.0,True,,False,False,gcd_k_not_2,0.0,False,1.0,True,EXACT-UNCLASSIFIED
7723,False,9,1,0.06970448984339885,0.11850793471432984,1.00553545069032,0.005520172369343822,1.0,True,,False,False,gcd_k_not_2,0.0,False,1.0,True,EXACT-UNCLASSIFIED
7724,False,4,2,3.7703746368257165,5.6473635921491,0.3169018772867134,1.0374320737103238,0.49173553719008267,False,1.0,True,True,,0.0,False,0.5,False,EXACT-UNCLASSIFIED
7726,False,16,2,3.787168409549959,5.672443647373632,0.31702421028831446,1.0371499390465615,0.47520661157024796,False,1.0,True,True,,0.0,False,0.5,False,EXACT-UNCLASSIFIED
7728,False,1,1,0.07231642297676787,0.11812793296154894,1.0090661641226992,0.009025251915143464,1.0,True,,False,False,gcd_k_not_2,0.0,False,1.0,True,EXACT-UNCLASSIFIED
7730,False,7,1,0.07326794639417614,0.11706729661698206,0.999699162165931,0.0003008830925779334,1.0,True,,False,False,gcd_k_not_2,0.0,False,1.0,True,EXACT-UNCLASSIFIED
7732,False,14,2,3.770746456099388,5.647918565648182,0.3182815341889527,1.0342532276012824,0.53099173553719,False,1.0,True,True,,0.2727272727272727,False,0.5,False,EXACT-UNCLASSIFIED
7738,False,15,1,0.041156105044185584,0.06614523564983477,0.9960627024554384,0.003945063989941963,1.0,True,,False,False,gcd_k_not_2,0.0,False,1.0,True,EXACT-UNCLASSIFIED
7740,False,1,1,0.04313053331216051,0.07355006513028801,0.987608089559857,0.01246916885198135,1.0,True,,False,False,gcd_k_not_2,0.0,False,1.0,True,EXACT-UNCLASSIFIED
7741,False,4,2,3.770753324240211,5.647929116442828,0.3157902919509503,1.0399981094777002,0.4855371900826446,False,1.0,True,True,,0.0,False,0.5,False,EXACT-UNCLASSIFIED
7742,False,13,1,0.04387317381877169,0.06574728169944365,0.9990703690102182,0.0009300632976137906,1.0,True,,False,False,gcd_k_not_2,0.0,False,1.0,True,EXACT-UNCLASSIFIED
7743,False,17,1,0.04722808005532967,0.07904899855750927,1.0125849298566112,0.012506234812667416,1.0,True,,False,False,gcd_k_not_2,0.22727272727272727,False,1.0,True,EXACT-UNCLASSIFIED
7745,False,17,1,0.031543643941326485,0.05527336517555003,1.0176871298695398,0.0175320837484685,1.0,True,,False,False,gcd_k_not_2,0.0,False,1.0,True,EXACT-UNCLASSIFIED
7747,False,17,1,0.04811233499388366,0.08234569845803803,0.9798107555009101,0.020395125587629036,1.0,True,,False,False,gcd_k_not_2,0.0,False,1.0,True,EXACT-UNCLASSIFIED
7748,False,13,1,0.03727180269894148,0.06483069526999287,0.9617760350569166,0.0389687347179511,1.0,True,,False,False,gcd_k_not_2,0.0,False,1.0,True,EXACT-UNCLASSIFIED
7752,False,21,1,0.030626556893709515,0.04495417384448965,1.012202495361032,0.012128496400500387,1.0,True,,False,False,gcd_k_not_2,0.0,False,1.0,True,EXACT-UNCLASSIFIED
7754,False,4,2,3.7637089216338366,5.637408360208248,0.31820144826979563,1.0344375704109543,0.4834710743801653,False,1.0,True,True,,0.0,False,0.5,False,EXACT-UNCLASSIFIED
7756,False,7,1,0.07421935396958614,0.12114156318056253,0.9942352059509948,0.005781458507805391,1.0,True,,False,False,gcd_k_not_2,0.3181818181818182,False,1.0,True,EXACT-UNCLASSIFIED
7757,False,19,1,0.06499933072891692,0.10390060687308014,1.0009993027482602,0.0009988036946216286,1.0,True,,False,False,gcd_k_not_2,0.0,False,1.0,True,EXACT-UNCLASSIFIED
7759,False,9,1,0.03330057020454818,0.06269560325649762,1.0498927726733391,0.04867842195303929,1.0,True,,False,False,gcd_k_not_2,0.0,False,1.0,True,EXACT-UNCLASSIFIED
7760,False,3,1,0.04202959693091918,0.06782973978017363,1.0092984836137942,0.009255452775807011,1.0,True,,False,False,gcd_k_not_2,0.0,False,1.0,True,EXACT-UNCLASSIFIED
7762,False,3,1,0.030828417778700164,0.05279615485195446,0.9822730890267836,0.017885437754612914,1.0,True,,False,False,gcd_k_not_2,0.0,False,1.0,True,EXACT-UNCLASSIFIED
7763,False,19,1,0.03834938063346102,0.058868612959331906,1.0075028547035687,0.007474813483816069,1.0,True,,False,False,gcd_k_not_2,0.0,False,1.0,True,EXACT-UNCLASSIFIED
7765,False,3,1,0.03347967727416498,0.0617078088166877,0.9916936677735027,0.00834097367571882,1.0,True,,False,False,gcd_k_not_2,0.0,False,1.0,True,EXACT-UNCLASSIFIED
7767,False,5,1,0.03522847226255083,0.06030832767607416,0.9806451522729711,0.019543983135815603,1.0,True,,False,False,gcd_k_not_2,0.0,False,1.0,True,EXACT-UNCLASSIFIED
7769,False,5,1,0.053201811403132654,0.08506983486561287,1.009954978070592,0.009905672693373519,1.0,True,,False,False,gcd_k_not_2,0.0,False,1.0,True,EXACT-UNCLASSIFIED
7770,False,3,1,0.03904415684756779,0.05931282149392279,0.9744084370539013,0.025923271462803207,1.0,True,,False,False,gcd_k_not_2,0.0,False,1.0,True,EXACT-UNCLASSIFIED
7772,False,3,1,0.06401821198123522,0.10350702752367001,0.9873171875396122,0.012763752600650269,1.0,True,,False,False,gcd_k_not_2,0.0,False,1.0,True,EXACT-UNCLASSIFIED
7773,False,17,1,0.0856967451345803,0.14824819048369356,1.0069534919647452,0.00692940020043807,1.0,True,,False,False,gcd_k_not_2,0.0,False,1.0,True,EXACT-UNCLASSIFIED
7776,False,4,2,3.7824840864123574,5.665447962795226,0.3147048639615012,1.042507949614715,0.5268595041322314,False,1.0,True,True,,0.5,False,0.5,False,EXACT-UNCLASSIFIED
7777,False,1,1,0.04839551027035396,0.07705399139661936,1.0067502294550879,0.006727523292144565,1.0,True,,False,False,gcd_k_not_2,0.0,False,1.0,True,EXACT-UNCLASSIFIED
7778,False,7,1,0.04457551659976983,0.06869756163496764,1.0054496517299394,0.005434842729896851,1.0,True,,False,False,gcd_k_not_2,0.0,False,1.0,True,EXACT-UNCLASSIFIED
7782,False,17,1,0.037066879852225065,0.059413728810295885,0.9861986883126512,0.013897211561521615,1.0,True,,False,False,gcd_k_not_2,0.0,False,1.0,True,EXACT-UNCLASSIFIED
7783,False,7,1,0.044052866774811225,0.07716255069382873,1.0049720359637448,0.004959706045331261,1.0,True,,False,False,gcd_k_not_2,0.0,False,1.0,True,EXACT-UNCLASSIFIED
7786,False,19,1,0.03232031214999367,0.05549354194149139,1.0041919281300018,0.004183160376175108,1.0,True,,False,False,gcd_k_not_2,0.0,False,1.0,True,EXACT-UNCLASSIFIED
7787,False,17,1,0.032575469887731884,0.06453348568133792,1.0031356829414544,0.003130774383540283,1.0,True,,False,False,gcd_k_not_2,0.29338842975206614,False,1.0,True,EXACT-UNCLASSIFIED
7788,False,13,1,0.05307576105674337,0.08679201320143354,0.993324721204747,0.006697633079289257,1.0,True,,False,False,gcd_k_not_2,0.0,False,1.0,True,EXACT-UNCLASSIFIED
7789,False,4,2,3.763287130627169,5.636778516392635,0.3177297037695208,1.0355238927661186,0.506198347107438,False,1.0,True,True,,0.0,False,0.5,False,EXACT-UNCLASSIFIED
7790,False,20,2,3.7852765696403883,5.669618372847273,0.31716185786647105,1.0368325472764375,0.518595041322314,False,1.0,True,True,,0.0,False,0.5,False,EXACT-UNCLASSIFIED
7791,False,13,1,0.072325699693863,0.12347896837794621,1.0082234266656145,0.008189752750039709,1.0,True,,False,False,gcd_k_not_2,0.0,False,1.0,True,EXACT-UNCLASSIFIED
7792,False,21,1,0.03610332827626188,0.053001424550886043,1.0084700569873604,0.008434337328449087,1.0,True,,False,False,gcd_k_not_2,0.0,False,1.0,True,EXACT-UNCLASSIFIED
7794,False,1,1,0.04550172659333911,0.07168661714294924,1.0295456178780873,0.029115500157101726,1.0,True,,False,False,gcd_k_not_2,0.0,False,1.0,True,EXACT-UNCLASSIFIED
7795,False,21,1,0.06822271065324245,0.10937126522908162,0.9996275081761247,0.00037256121187801235,1.0,True,,False,False,gcd_k_not_2,0.0,False,1.0,True,EXACT-UNCLASSIFIED
7799,False,1,1,0.037053822532642895,0.05828676939204726,1.0076203757344775,0.007591450880438143,1.0,True,,False,False,gcd_k_not_2,0.22727272727272727,False,1.0,True,EXACT-UNCLASSIFIED
7801,False,3,1,0.06842053222313273,0.10444963291972115,1.0011237089539573,0.0011230779475843594,1.0,True,,False,False,gcd_k_not_2,0.0,False,1.0,True,EXACT-UNCLASSIFIED
7802,False,21,1,0.033455101387954794,0.04877388559409598,0.9853476421303521,0.014760495903805907,1.0,True,,False,False,gcd_k_not_2,0.5,False,1.0,True,EXACT-UNCLASSIFIED
7803,False,13,1,0.04560485019183341,0.07771078917889165,0.9619390767175005,0.03879929171519323,1.0,True,,False,False,gcd_k_not_2,0.13636363636363635,False,1.0,True,EXACT-UNCLASSIFIED
7804,False,3,1,0.06814364334713466,0.10837502840177049,0.9811094977384781,0.019070629142999146,1.0,True,,False,False,gcd_k_not_2,0.3677685950413223,False,1.0,True,EXACT-UNCLASSIFIED
7805,False,7,1,0.05570154087189148,0.08296230708856082,1.0176501535310352,0.01749575217502004,1.0,True,,False,False,gcd_k_not_2,0.0,False,1.0,True,EXACT-UNCLASSIFIED
7806,False,5,1,0.04912023560156621,0.07842119039209437,1.0023265466166904,0.0023238433517465385,1.0,True,,False,False,gcd_k_not_2,0.0,False,1.0,True,EXACT-UNCLASSIFIED
7807,False,21,1,0.05469690215380438,0.0860300795412479,0.9790807430155835,0.021140377479032264,1.0,True,,False,False,gcd_k_not_2,0.5,False,1.0,True,EXACT-UNCLASSIFIED
7808,False,19,1,0.04850239707227585,0.08268353242751332,0.9794380607730414,0.020775531838494034,1.0,True,,False,False,gcd_k_not_2,0.0,False,1.0,True,EXACT-UNCLASSIFIED
7810,False,7,1,0.045037952615393936,0.0694054794696199,1.0325779889712579,0.03205583170537673,1.0,True,,False,False,gcd_k_not_2,0.3181818181818182,False,1.0,True,EXACT-UNCLASSIFIED
7811,False,5,1,0.04542368962232208,0.07030310244858902,1.0157915802036914,0.015667869990900283,1.0,True,,False,False,gcd_k_not_2,0.0,False,1.0,True,EXACT-UNCLASSIFIED
7812,False,9,1,0.07809600737680736,0.13785393727343068,0.9797842380380811,0.020422186997460123,1.0,True,,False,False,gcd_k_not_2,0.0,False,1.0,True,EXACT-UNCLASSIFIED
7813,False,3,1,0.08104373743905607,0.12177808740144663,1.0140523879538081,0.013954342039816362,1.0,True,,False,False,gcd_k_not_2,0.0,False,1.0,True,EXACT-UNCLASSIFIED
7814,False,13,1,0.061921326954217426,0.09532686096658505,0.9984192708058262,0.0015819795347914933,1.0,True,,False,False,gcd_k_not_2,0.0,False,1.0,True,EXACT-UNCLASSIFIED
7815,False,7,1,0.03198598367675389,0.048733323166905276,1.0132560359131204,0.01316875318057415,1.0,True,,False,False,gcd_k_not_2,0.0,False,1.0,True,EXACT-UNCLASSIFIED
7817,False,7,1,0.05105252389312284,0.08280482858454488,1.0137919468947407,0.01369748937173749,1.0,True,,False,False,gcd_k_not_2,0.0,False,1.0,True,EXACT-UNCLASSIFIED
7818,False,13,1,0.07288969431961578,0.11172624034269432,1.0158537637843221,0.015729081215256676,1.0,True,,False,False,gcd_k_not_2,0.0,False,1.0,True,EXACT-UNCLASSIFIED
7819,False,3,1,0.05114531037219449,0.0821389874322114,1.0000320811253376,3.2080610746580254e-05,1.0,True,,False,False,gcd_k_not_2,0.0,False,1.0,True,EXACT-UNCLASSIFIED
7823,False,1,1,0.04813833575610353,0.07712685225970432,0.9974649873486526,0.0025382298737684173,1.0,True,,False,False,gcd_k_not_2,0.0,False,1.0,True,EXACT-UNCLASSIFIED
7824,False,15,1,0.048509151211336,0.06693381809639336,1.0139812032239062,0.013884144699588572,1.0,True,,False,False,gcd_k_not_2,0.0,False,1.0,True,EXACT-UNCLASSIFIED
7826,False,21,1,0.04549496020188286,0.06652751424979053,1.0166131651145618,0.016476303340624054,1.0,True,,False,False,gcd_k_not_2,0.0,False,1.0,True,EXACT-UNCLASSIFIED
7827,False,1,1,0.06406895145324112,0.09674885190876407,1.0172068868551647,0.01706011115398322,1.0,True,,False,False,gcd_k_not_2,0.004132231404958678,False,1.0,True,EXACT-UNCLASSIFIED
7828,False,9,1,0.05454892747316714,0.08483211943517678,1.0172237927114438,0.017076729685299413,1.0,True,,False,False,gcd_k_not_2,0.0,False,1.0,True,EXACT-UNCLASSIFIED
7829,False,13,1,0.04748538300126741,0.08264798195699379,0.9936087842474883,0.006411705047662182,1.0,True,,False,False,gcd_k_not_2,0.0,False,1.0,True,EXACT-UNCLASSIFIED
7830,False,1,1,0.07708412171864934,0.12729140602803107,1.002569965073808,0.002566666951597111,1.0,True,,False,False,gcd_k_not_2,0.0,False,1.0,True,EXACT-UNCLASSIFIED
7831,False,3,1,0.04615761929165325,0.07756393977942204,0.9862946105489102,0.013799956339107564,1.0,True,,False,False,gcd_k_not_2,0.09917355371900827,False,1.0,True,EXACT-UNCLASSIFIED
7832,False,1,1,0.04866425558392552,0.07447929117379792,0.9813459334969441,0.018829691663315717,1.0,True,,False,False,gcd_k_not_2,0.0,False,1.0,True,EXACT-UNCLASSIFIED
7834,False,17,1,0.049642993966484444,0.07927390225884211,0.9993258359403573,0.0006743913848596572,1.0,True,,False,False,gcd_k_not_2,0.0,False,1.0,True,EXACT-UNCLASSIFIED
7837,False,1,1,0.0581346082104649,0.08925463586355167,0.9807097401200162,0.019478128964837547,1.0,True,,False,False,gcd_k_not_2,0.0,False,1.0,True,EXACT-UNCLASSIFIED
7838,False,1,1,0.07652685536112651,0.12002001849605957,0.9769789091912668,0.02328916176263154,1.0,True,,False,False,gcd_k_not_2,0.0,False,1.0,True,EXACT-UNCLASSIFIED
7842,False,13,1,0.063954924324267,0.11023266180772891,1.018431522453655,0.01826321304301588,1.0,True,,False,False,gcd_k_not_2,0.0,False,1.0,True,EXACT-UNCLASSIFIED
7846,False,3,1,0.06709280466299057,0.104404383874763,1.0099791892142749,0.009929644314552299,1.0,True,,False,False,gcd_k_not_2,0.18181818181818182,False,1.0,True,EXACT-UNCLASSIFIED
7847,False,1,1,0.06348950937979582,0.10280893714257386,0.9935087469109105,0.006512389874534744,1.0,True,,False,False,gcd_k_not_2,0.0,False,1.0,True,EXACT-UNCLASSIFIED
7848,False,17,1,0.07109379086226982,0.11894772459170062,1.009491720565384,0.009446886959766436,1.0,True,,False,False,gcd_k_not_2,0.0,False,1.0,True,EXACT-UNCLASSIFIED
7849,False,21,1,0.04266229366817201,0.06720115196157389,1.0103528206210193,0.010299506151185233,1.0,True,,False,False,gcd_k_not_2,0.0,False,1.0,True,EXACT-UNCLASSIFIED
7850,False,7,1,0.07552820717674082,0.12271190498895651,0.9724638546067821,0.027920557660821924,1.0,True,,False,False,gcd_k_not_2,0.0,False,1.0,True,EXACT-UNCLASSIFIED
7852,False,5,1,0.031869827101217524,0.05340917903526874,0.9825717251638817,0.017581482288795997,1.0,True,,False,False,gcd_k_not_2,0.0,False,1.0,True,EXACT-UNCLASSIFIED
7853,False,7,1,0.05889331372816751,0.09997759378958518,0.9857750880569472,0.014326810753751234,1.0,True,,False,False,gcd_k_not_2,0.0,False,1.0,True,EXACT-UNCLASSIFIED
7854,False,9,1,0.09779845982843444,0.1623081856680691,1.001891620805116,0.0018898333810451827,1.0,True,,False,False,gcd_k_not_2,0.0,False,1.0,True,EXACT-UNCLASSIFIED
7855,False,7,1,0.09062655256222465,0.1428250431586784,1.0052160518088045,0.005202483596816745,1.0,True,,False,False,gcd_k_not_2,0.0,False,1.0,True,EXACT-UNCLASSIFIED
7858,False,15,1,0.06417263044065899,0.10304488486839042,0.9979249167920109,0.002077238429280898,1.0,True,,False,False,gcd_k_not_2,0.0,False,1.0,True,EXACT-UNCLASSIFIED
7859,False,20,2,3.7828256548799017,5.6659581369166,0.3223980650704814,1.024807813664494,0.5020661157024794,False,1.0,True,True,,0.0,False,0.5,False,EXACT-UNCLASSIFIED
7861,False,1,1,0.04083658555757061,0.07367724539453506,0.9949807367113068,0.005031891482789333,1.0,True,,False,False,gcd_k_not_2,0.0,False,1.0,True,EXACT-UNCLASSIFIED
7862,False,15,1,0.046520768080758924,0.07809289022588956,0.9760508594597755,0.024239396901729302,1.0,True,,False,False,gcd_k_not_2,0.045454545454545456,False,1.0,True,EXACT-UNCLASSIFIED
7863,False,18,2,3.779786117614622,5.6614191357196635,0.31921153773891475,1.0321141724214058,0.5743801652892562,False,1.0,True,True,,0.0,False,0.5,False,EXACT-UNCLASSIFIED
7864,False,5,1,0.06266012542749846,0.10236193611969462,1.0320019340978226,0.0314979366513556,1.0,True,,False,False,gcd_k_not_2,0.0,False,1.0,True,EXACT-UNCLASSIFIED
7866,False,15,1,0.03603799556357003,0.05828589557288461,0.9586297728716402,0.04224405010213329,1.0,True,,False,False,gcd_k_not_2,0.45454545454545453,False,1.0,True,EXACT-UNCLASSIFIED
7867,False,1,1,0.05315757677392559,0.08604677465037472,0.9959813063618814,0.004026784845438768,1.0,True,,False,False,gcd_k_not_2,0.0,False,1.0,True,EXACT-UNCLASSIFIED
7868,False,15,1,0.06387234131548852,0.1029554887646871,1.0064002158898187,0.006379799841658453,1.0,True,,False,False,gcd_k_not_2,0.0,False,1.0,True,EXACT-UNCLASSIFIED
7869,False,10,2,3.782815161523375,5.66594286574275,0.31639665464972444,1.0385978161455802,0.5,False,1.0,True,True,,0.0,False,0.5,False,EXACT-UNCLASSIFIED
7871,False,5,1,0.07419357060516682,0.11803768239985118,1.001988731908487,0.001986756345617587,1.0,True,,False,False,gcd_k_not_2,0.0,False,1.0,True,EXACT-UNCLASSIFIED
7872,False,5,1,0.05705677125403776,0.09951405263564889,0.9930772719026835,0.0069467734090488354,1.0,True,,False,False,gcd_k_not_2,0.0,False,1.0,True,EXACT-UNCLASSIFIED
7873,False,12,2,3.7265674149519166,5.581936001753171,0.31195753191567654,1.048879176873457,0.5103305785123967,False,1.0,True,True,,0.0,False,0.5,False,EXACT-UNCLASSIFIED
7874,False,9,1,0.04446739725169596,0.07259381460057791,1.006242833289133,0.006223407441559114,1.0,True,,False,False,gcd_k_not_2,0.0,False,1.0,True,EXACT-UNCLASSIFIED
7875,False,12,2,3.787972274983378,5.673644006667316,0.31921571632397605,1.0321045682703727,0.47107438016528924,False,1.0,True,True,,0.0,False,0.5,False,EXACT-UNCLASSIFIED
7879,False,1,1,0.04184493629885149,0.06518804657271686,0.9771039663337879,0.023161183282302523,1.0,True,,False,False,gcd_k_not_2,0.45454545454545453,False,1.0,True,EXACT-UNCLASSIFIED
7880,False,1,1,0.06077420820858903,0.10288228006375,0.9987218885172497,0.0012789287895360445,1.0,True,,False,False,gcd_k_not_2,0.0,False,1.0,True,EXACT-UNCLASSIFIED
7881,False,19,1,0.05685333253474128,0.0934865586241997,0.9935729815289424,0.006447738337754279,1.0,True,,False,False,gcd_k_not_2,0.0,False,1.0,True,EXACT-UNCLASSIFIED
7884,False,21,1,0.07009190390582301,0.11049218969237906,0.9676024935665406,0.03293094671244759,1.0,True,,False,False,gcd_k_not_2,0.0,False,1.0,True,EXACT-UNCLASSIFIED
7885,False,3,1,0.04497220468120722,0.06595417831467211,1.0001515283267959,0.00015151684724878676,1.0,True,,False,False,gcd_k_not_2,0.0,False,1.0,True,EXACT-UNCLASSIFIED
7888,False,13,1,0.04552799843621481,0.07323743857919411,1.0169386320998752,0.016796378263864348,1.0,True,,False,False,gcd_k_not_2,0.0,False,1.0,True,EXACT-UNCLASSIFIED
7891,False,17,1,0.04362376653149086,0.07240434763248729,0.9954649151338104,0.0045453917348233595,1.0,True,,False,False,gcd_k_not_2,0.0,False,1.0,True,EXACT-UNCLASSIFIED
7892,False,19,1,0.0751070806981062,0.127162527976354,0.9887718607684497,0.011291530670804871,1.0,True,,False,False,gcd_k_not_2,0.0,False,1.0,True,EXACT-UNCLASSIFIED
7894,False,15,1,0.06742667488779805,0.11268224208898453,0.9953247381192483,0.004686216525495065,1.0,True,,False,False,gcd_k_not_2,0.0,False,1.0,True,EXACT-UNCLASSIFIED
7895,False,3,1,0.049573769240576535,0.07816897052624222,0.9623363600697679,0.038386528116813805,1.0,True,,False,False,gcd_k_not_2,0.0,False,1.0,True,EXACT-UNCLASSIFIED
7896,False,7,1,0.07488426970062087,0.12409405727937334,0.9978666883955588,0.0021355895434188874,1.0,True,,False,False,gcd_k_not_2,0.0743801652892562,False,1.0,True,EXACT-UNCLASSIFIED
7898,False,12,2,3.770643343037046,5.64776456444838,0.3141709503310054,1.0437440418177744,0.49586776859504134,False,1.0,True,True,,0.0,False,0.5,False,EXACT-UNCLASSIFIED
7899,False,17,1,0.040235566225977674,0.0670698517755209,1.0086542816025967,0.008616994653447315,1.0,True,,False,False,gcd_k_not_2,0.13636363636363635,False,1.0,True,EXACT-UNCLASSIFIED
7900,False,5,1,0.048511958205125515,0.07840469209480273,1.0047630494507491,0.004751733080928586,1.0,True,,False,False,gcd_k_not_2,0.0,False,1.0,True,EXACT-UNCLASSIFIED
7903,False,1,1,0.07627285177277736,0.114981610695135,1.0179425432447597,0.01778300705817803,1.0,True,,False,False,gcd_k_not_2,0.0,False,1.0,True,EXACT-UNCLASSIFIED
7904,False,5,1,0.05964514252871006,0.08809908452502789,1.0098036644696577,0.009755842964138159,1.0,True,,False,False,gcd_k_not_2,0.0,False,1.0,True,EXACT-UNCLASSIFIED
7906,False,3,1,0.06195236184255163,0.09798134657401977,1.0207263005438503,0.020513713844643004,1.0,True,,False,False,gcd_k_not_2,0.004132231404958678,False,1.0,True,EXACT-UNCLASSIFIED
7909,False,19,1,0.056427655762073245,0.09505746281684625,1.0037155021782012,0.003708612499291553,1.0,True,,False,False,gcd_k_not_2,0.0,False,1.0,True,EXACT-UNCLASSIFIED
7910,False,5,1,0.06235341400135736,0.09459514201769419,1.0075916373822837,0.0075629298717168475,1.0,True,,False,False,gcd_k_not_2,0.2727272727272727,False,1.0,True,EXACT-UNCLASSIFIED
7911,False,9,1,0.042886297523380246,0.0702067065451304,0.9916264988912215,0.008408706264392676,1.0,True,,False,False,gcd_k_not_2,0.0,False,1.0,True,EXACT-UNCLASSIFIED
7912,False,21,1,0.04840175511292317,0.07848931154920444,0.9967897446987222,0.003215416455138258,1.0,True,,False,False,gcd_k_not_2,0.0,False,1.0,True,EXACT-UNCLASSIFIED
7924,False,19,1,0.05137313248434407,0.08311152918713662,1.0230307146066993,0.022768526884355003,1.0,True,,False,False,gcd_k_not_2,0.0,False,1.0,True,EXACT-UNCLASSIFIED
7926,False,15,1,0.06224976589178336,0.10263555408052379,1.031266195323943,0.030784931483543613,1.0,True,,False,False,gcd_k_not_2,0.0,False,1.0,True,EXACT-UNCLASSIFIED
7927,False,15,1,0.03485890369866923,0.05326897474628557,1.025018901865745,0.024709795886540948,1.0,True,,False,False,gcd_k_not_2,0.0,False,1.0,True,EXACT-UNCLASSIFIED
7928,False,5,1,0.058479988092979614,0.08993036820387121,0.9841398529709066,0.015986924515775092,1.0,True,,False,False,gcd_k_not_2,0.0,False,1.0,True,EXACT-UNCLASSIFIED
7931,False,1,1,0.0373372719582466,0.06375586352167328,1.0301105247378344,0.029663926540869346,1.0,True,,False,False,gcd_k_not_2,0.0,False,1.0,True,EXACT-UNCLASSIFIED
7932,False,9,1,0.057140751487192575,0.09535978470439413,1.0182488583137963,0.01808385347389015,1.0,True,,False,False,gcd_k_not_2,0.0,False,1.0,True,EXACT-UNCLASSIFIED
7933,False,13,1,0.08475633772052482,0.13463419010623126,0.9989347679139615,0.001065799748082919,1.0,True,,False,False,gcd_k_not_2,0.0,False,1.0,True,EXACT-UNCLASSIFIED
7934,False,16,2,3.7691306570701912,5.645505588075698,0.3209889459960292,1.0280344223349946,0.53099173553719,False,1.0,True,True,,0.0,False,0.5,False,EXACT-UNCLASSIFIED
7935,False,1,1,0.06231793728274798,0.09879524748340811,0.9839832897556916,0.01614601325223939,1.0,True,,False,False,gcd_k_not_2,0.0,False,1.0,True,EXACT-UNCLASSIFIED
7936,False,9,1,0.04066293069576977,0.06339572035609042,0.9773066924073572,0.02295375591432793,1.0,True,,False,False,gcd_k_not_2,0.0,False,1.0,True,EXACT-UNCLASSIFIED
7938,False,12,2,3.7666779585485655,5.641842409195286,0.30670929436036665,1.0611246260079579,0.5247933884297521,False,1.0,True,True,,0.0,False,0.5,False,EXACT-UNCLASSIFIED
7939,False,1,1,0.04100053154784088,0.06675704881023933,1.0163159352746334,0.01618390748115671,1.0,True,,False,False,gcd_k_not_2,0.0,False,1.0,True,EXACT-UNCLASSIFIED
7941,False,9,1,0.06583148982153053,0.1029421072877945,1.008260946648499,0.008226965387426765,1.0,True,,False,False,gcd_k_not_2,0.0,False,1.0,True,EXACT-UNCLASSIFIED
7942,False,5,1,0.05376572020461972,0.09034866127599064,0.9958687567443937,0.004139794504669875,1.0,True,,False,False,gcd_k_not_2,0.0,False,1.0,True,EXACT-UNCLASSIFIED
7944,False,17,1,0.0702058847042768,0.10996705402912581,1.0096636454715506,0.00961717697717832,1.0,True,,False,False,gcd_k_not_2,0.3181818181818182,False,1.0,True,EXACT-UNCLASSIFIED
7945,False,18,2,3.772052660512636,5.649869594066181,0.3187366403314446,1.0332060835093353,0.4669421487603306,False,1.0,True,True,,0.25,False,0.5,False,EXACT-UNCLASSIFIED
7946,False,3,1,0.04633987148576508,0.0762054841659797,1.0007853259680954,0.0007850177206946634,1.0,True,,False,False,gcd_k_not_2,0.0,False,1.0,True,EXACT-UNCLASSIFIED
7947,False,3,1,0.05377804540962365,0.08861485760522517,1.0000897061053151,8.970208190282118e-05,1.0,True,,False,False,gcd_k_not_2,0.0,False,1.0,True,EXACT-UNCLASSIFIED
7948,False,21,1,0.05151233342796701,0.08671478045754794,1.027628276250406,0.02725181590138172,1.0,True,,False,False,gcd_k_not_2,0.0,False,1.0,True,EXACT-UNCLASSIFIED
7949,False,9,1,0.034924482377244666,0.055471923232301296,0.9856438629347922,0.014459931444090158,1.0,True,,False,False,gcd_k_not_2,0.0,False,1.0,True,EXACT-UNCLASSIFIED
7950,False,3,1,0.03464220582370982,0.06304023596418183,0.9946628330641942,0.005351447720722675,1.0,True,,False,False,gcd_k_not_2,0.0,False,1.0,True,EXACT-UNCLASSIFIED
7951,False,5,1,0.08057087958762316,0.13195828700096043,0.9923091535795389,0.007720535145505048,1.0,True,,False,False,gcd_k_not_2,0.0,False,1.0,True,EXACT-UNCLASSIFIED
7953,False,19,1,0.04543628038025157,0.07424932618915515,0.9897328021053509,0.010320177547241833,1.0,True,,False,False,gcd_k_not_2,0.18181818181818182,False,1.0,True,EXACT-UNCLASSIFIED
7955,False,9,1,0.05298709308823275,0.08363113626057703,1.002696261216274,0.0026926311977399343,1.0,True,,False,False,gcd_k_not_2,0.0,False,1.0,True,EXACT-UNCLASSIFIED
7956,False,7,1,0.03800778851596962,0.06595830763732159,1.00877723154048,0.008738879954099114,1.0,True,,False,False,gcd_k_not_2,0.0,False,1.0,True,EXACT-UNCLASSIFIED
7962,False,3,1,0.06439090648309936,0.10233441524696611,0.9878703954105622,0.012203617114517819,1.0,True,,False,False,gcd_k_not_2,0.0,False,1.0,True,EXACT-UNCLASSIFIED
7964,False,15,1,0.055076921762557796,0.08716544783526388,0.987321795293702,0.01275908585748115,1.0,True,,False,False,gcd_k_not_2,0.0,False,1.0,True,EXACT-UNCLASSIFIED
7966,False,5,1,0.061306041998562974,0.09205732300158054,0.9890425191932919,0.011017844717720948,1.0,True,,False,False,gcd_k_not_2,0.0,False,1.0,True,EXACT-UNCLASSIFIED
7967,False,3,1,0.06466587333771377,0.1048297494885597,0.9984716832896473,0.0015294854794609663,1.0,True,,False,False,gcd_k_not_2,0.0,False,1.0,True,EXACT-UNCLASSIFIED
7969,False,9,1,0.06260667768617059,0.10131378014495457,1.0214722024598524,0.0212441234004837,1.0,True,,False,False,gcd_k_not_2,0.01652892561983471,False,1.0,True,EXACT-UNCLASSIFIED
7970,False,13,1,0.04724292028410427,0.0775228703268704,1.0028788897041194,0.0028747516576448917,1.0,True,,False,False,gcd_k_not_2,0.0,False,1.0,True,EXACT-UNCLASSIFIED
7972,False,1,1,0.05838580637125213,0.09597460183556511,1.0008299339808198,0.0008295897284667775,1.0,True,,False,False,gcd_k_not_2,0.0,False,1.0,True,EXACT-UNCLASSIFIED
7976,False,19,1,0.043420864642998616,0.07073220857366554,0.9944364894216907,0.00557903007472804,1.0,True,,False,False,gcd_k_not_2,0.0,False,1.0,True,EXACT-UNCLASSIFIED
7977,False,3,1,0.057240235489228894,0.08918367226906761,1.0040682053317895,0.004059946982808371,1.0,True,,False,False,gcd_k_not_2,0.0,False,1.0,True,EXACT-UNCLASSIFIED
7979,False,17,1,0.07114288192419757,0.11376020884747638,0.9951413232736818,0.004870508840292026,1.0,True,,False,False,gcd_k_not_2,0.0,False,1.0,True,EXACT-UNCLASSIFIED
7981,False,17,1,0.05647068603157528,0.09470309463961579,1.0151469980738184,0.015033144567911548,1.0,True,,False,False,gcd_k_not_2,0.0,False,1.0,True,EXACT-UNCLASSIFIED
7984,False,13,1,0.06846265114421049,0.10514568511662688,1.0096443382174283,0.009598054774192465,1.0,True,,False,False,gcd_k_not_2,0.0,False,1.0,True,EXACT-UNCLASSIFIED
7985,False,4,2,3.7807807527334383,5.66290435617487,0.3142118635427482,1.043649285905179,0.5,False,1.0,True,True,,0.0,False,0.5,False,EXACT-UNCLASSIFIED
7986,False,1,1,0.03341990613546619,0.05258991554182676,1.0046698345879863,0.00465895631032535,1.0,True,,False,False,gcd_k_not_2,0.0,False,1.0,True,EXACT-UNCLASSIFIED
7988,False,17,1,0.07060901799569141,0.11430739786471218,1.0004440955368838,0.0004439969483522547,1.0,True,,False,False,gcd_k_not_2,0.0,False,1.0,True,EXACT-UNCLASSIFIED
7991,False,10,2,3.7623192377704333,5.635332792160204,0.3181414750047416,1.034575632320204,0.5413223140495868,False,1.0,True,True,,0.5,False,0.5,False,EXACT-UNCLASSIFIED
7994,False,13,1,0.05295660954546834,0.08251753186996218,1.0030061890737985,0.003001677269093769,1.0,True,,False,False,gcd_k_not_2,0.5454545454545454,False,1.0,True,EXACT-UNCLASSIFIED
7996,False,3,1,0.04283417487417016,0.07055861041247644,0.9872412223165989,0.01284069345997934,1.0,True,,False,False,gcd_k_not_2,0.0,False,1.0,True,EXACT-UNCLASSIFIED
7999,False,6,2,3.7639120547677356,5.637712928360584,0.31517437700035955,1.0414217840246947,0.49173553719008267,False,1.0,True,True,,0.0,False,0.5,False,EXACT-UNCLASSIFIED
8000,False,10,2,3.77883513798647,5.659998538413919,0.32105034968162677,1.0278936763946962,0.518595041322314,False,1.0,True,True,,0.0,False,0.5,False,EXACT-UNCLASSIFIED
8001,False,17,1,0.056302717963255505,0.08946731665921281,0.9836565006657908,0.016478154689306034,1.0,True,,False,False,gcd_k_not_2,0.36363636363636365,False,1.0,True,EXACT-UNCLASSIFIED
8002,False,16,2,3.770788756507964,5.647981987586887,0.3176373606675784,1.0357366293662225,0.48760330578512395,False,1.0,True,True,,0.0,False,0.5,False,EXACT-UNCLASSIFIED
8004,False,13,1,0.03845407816841079,0.06390834414194846,0.9978187192705148,0.002183662319754108,1.0,True,,False,False,gcd_k_not_2,0.0,False,1.0,True,EXACT-UNCLASSIFIED
8005,False,13,1,0.05295410314486273,0.08764332762021007,0.9961945393515239,0.003812715217337805,1.0,True,,False,False,gcd_k_not_2,0.0,False,1.0,True,EXACT-UNCLASSIFIED
8009,False,13,1,0.05890551663309431,0.09357575498270464,1.0059367023960484,0.005919132332498038,1.0,True,,False,False,gcd_k_not_2,0.3181818181818182,False,1.0,True,EXACT-UNCLASSIFIED
8010,False,8,2,3.7699805539819087,5.64677467769763,0.3152953556518786,1.0411420391715323,0.5413223140495868,False,1.0,True,True,,0.0,False,0.5,False,EXACT-UNCLASSIFIED
8011,False,5,1,0.058993176483072805,0.09219362642177503,0.9836203214406829,0.01651493320800493,1.0,True,,False,False,gcd_k_not_2,0.0,False,1.0,True,EXACT-UNCLASSIFIED
8012,False,7,1,0.04943387434478638,0.07722158227667858,0.9818261534036068,0.018340505361866682,1.0,True,,False,False,gcd_k_not_2,0.0,False,1.0,True,EXACT-UNCLASSIFIED
8013,False,21,1,0.04283832509918621,0.07083811490324324,0.9891337522593379,0.01092560792186033,1.0,True,,False,False,gcd_k_not_2,0.0,False,1.0,True,EXACT-UNCLASSIFIED
8014,False,7,1,0.08773513796976667,0.14217607348942746,0.9978416804723852,0.0021606512154701855,1.0,True,,False,False,gcd_k_not_2,0.0,False,1.0,True,EXACT-UNCLASSIFIED
8016,False,7,1,0.0497273570720366,0.08021956126053573,1.0068685810846514,0.006845073114791702,1.0,True,,False,False,gcd_k_not_2,0.0,False,1.0,True,EXACT-UNCLASSIFIED
8018,False,1,1,0.04384240972757463,0.07031153646283571,1.0119553479639931,0.011884307448563811,1.0,True,,False,False,gcd_k_not_2,0.0,False,1.0,True,EXACT-UNCLASSIFIED
8019,False,3,1,0.08196722201699654,0.13553703403369308,1.010103845526758,0.010053058252928413,1.0,True,,False,False,gcd_k_not_2,0.0,False,1.0,True,EXACT-UNCLASSIFIED
8020,False,17,1,0.07647998980903548,0.12080628348546069,1.0128785453823674,0.012796147499223311,1.0,True,,False,False,gcd_k_not_2,0.09090909090909091,False,1.0,True,EXACT-UNCLASSIFIED
8021,False,5,1,0.037050870492624004,0.060399589136879435,0.9871600109437333,0.012922954352497011,1.0,True,,False,False,gcd_k_not_2,0.0,False,1.0,True,EXACT-UNCLASSIFIED
8022,False,15,1,0.07544106211589917,0.11528930222729422,1.0014783760563521,0.0014772840656565034,1.0,True,,False,False,gcd_k_not_2,0.0,False,1.0,True,EXACT-UNCLASSIFIED
8024,False,6,2,3.7622510250091885,5.63523104676292,0.31429889658220717,1.043447735063823,0.49793388429752067,False,1.0,True,True,,0.0,False,0.5,False,EXACT-UNCLASSIFIED
8025,False,5,1,0.057720362056449336,0.09248215422504785,1.000939731146168,0.0009392898062250028,1.0,True,,False,False,gcd_k_not_2,0.0,False,1.0,True,EXACT-UNCLASSIFIED
8026,False,17,1,0.039687859649701646,0.06606720820441825,1.0094696839371646,0.009425057778040778,1.0,True,,False,False,gcd_k_not_2,0.0,False,1.0,True,EXACT-UNCLASSIFIED
8028,False,6,2,3.7799486341324138,5.661661500509138,0.3157376157621441,1.0401198172653827,0.48760330578512395,False,1.0,True,True,,0.0,False,0.5,False,EXACT-UNCLASSIFIED
8033,False,9,1,0.046447999297043616,0.07253159661329292,0.9996795847214026,0.0003204666197980311,1.0,True,,False,False,gcd_k_not_2,0.0,False,1.0,True,EXACT-UNCLASSIFIED
8034,False,7,1,0.045298289571033726,0.07115877001851169,1.0027543957770013,0.002750607645959242,1.0,True,,False,False,gcd_k_not_2,0.0,False,1.0,True,EXACT-UNCLASSIFIED
8041,False,6,2,3.778842038280725,5.6600090572844355,0.3206210606221128,1.0288779418039087,0.4896694214876033,False,1.0,True,True,,0.5,False,0.5,False,EXACT-UNCLASSIFIED
8043,False,7,1,0.04403363014318899,0.07066697578425093,1.0122196004158532,0.012145394482121064,1.0,True,,False,False,gcd_k_not_2,0.0,False,1.0,True,EXACT-UNCLASSIFIED
8044,False,14,2,3.763297757007129,5.6367941751065365,0.31702907063521907,1.0371387307880393,0.5371900826446281,False,1.0,True,True,,0.0,False,0.5,False,EXACT-UNCLASSIFIED
8045,False,1,1,0.04334835176905911,0.06279949326332727,0.9797300856068153,0.020477452497744575,1.0,True,,False,False,gcd_k_not_2,0.0,False,1.0,True,EXACT-UNCLASSIFIED
8047,False,15,1,0.0825008859474435,0.14567409896393935,0.9957564896120519,0.004252533222400349,1.0,True,,False,False,gcd_k_not_2,0.32231404958677684,False,1.0,True,EXACT-UNCLASSIFIED
8050,False,7,1,0.03576003257212126,0.05617003904194007,0.992428574791892,0.0076001973710890566,1.0,True,,False,False,gcd_k_not_2,0.0,False,1.0,True,EXACT-UNCLASSIFIED
8053,False,21,1,0.05468666677449326,0.09050444612677949,0.9952856710795459,0.004725467624797212,1.0,True,,False,False,gcd_k_not_2,0.0,False,1.0,True,EXACT-UNCLASSIFIED
8054,False,15,1,0.06378395583285792,0.10327598990796306,1.0045405530278713,0.004530268066677695,1.0,True,,False,False,gcd_k_not_2,0.0,False,1.0,True,EXACT-UNCLASSIFIED
8055,False,12,2,3.765326062545521,5.6398238547629855,0.320526460807354,1.0290949244246481,0.4855371900826446,False,1.0,True,True,,0.0,False,0.5,False,EXACT-UNCLASSIFIED
8056,False,3,1,0.04746474422749153,0.07568177105530005,0.9934027909773294,0.006619042626539193,1.0,True,,False,False,gcd_k_not_2,0.0,False,1.0,True,EXACT-UNCLASSIFIED
8058,False,21,1,0.051579391531389254,0.08353358067889145,0.9974549250899023,0.002548317739869104,1.0,True,,False,False,gcd_k_not_2,0.0,False,1.0,True,EXACT-UNCLASSIFIED
8059,False,3,1,0.05030696354216283,0.08108754237138673,0.9968625311647201,0.0031423984238413017,1.0,True,,False,False,gcd_k_not_2,0.0,False,1.0,True,EXACT-UNCLASSIFIED
8060,False,13,1,0.05786713161399762,0.09227063836748552,0.9845471158539388,0.015573209648299875,1.0,True,,False,False,gcd_k_not_2,0.0,False,1.0,True,EXACT-UNCLASSIFIED
8064,False,7,1,0.03698896849433208,0.061982254506017825,1.0068607379222845,0.006837283517128879,1.0,True,,False,False,gcd_k_not_2,0.0,False,1.0,True,EXACT-UNCLASSIFIED
8065,False,13,1,0.04203146598575836,0.06568775224612135,0.9691386987171532,0.03134497463581638,1.0,True,,False,False,gcd_k_not_2,0.0,False,1.0,True,EXACT-UNCLASSIFIED
8069,False,21,1,0.0517536826762931,0.08097470075742529,1.030848886962789,0.03038028792868452,1.0,True,,False,False,gcd_k_not_2,0.0,False,1.0,True,EXACT-UNCLASSIFIED
8071,False,9,1,0.06689671414544111,0.10741665325855136,1.0191467007771082,0.018965140838691164,1.0,True,,False,False,gcd_k_not_2,0.45454545454545453,False,1.0,True,EXACT-UNCLASSIFIED
8074,False,3,1,0.051602969242757375,0.08248829368714397,0.9946838416113609,0.005330326819456844,1.0,True,,False,False,gcd_k_not_2,0.0,False,1.0,True,EXACT-UNCLASSIFIED
8076,False,5,1,0.08488102435668608,0.13660729445000155,0.9959945227051518,0.0040135153170857505,1.0,True,,False,False,gcd_k_not_2,0.0,False,1.0,True,EXACT-UNCLASSIFIED
8079,False,19,1,0.05474405063067776,0.08715499444861594,0.9757593218069981,0.02453808814206356,1.0,True,,False,False,gcd_k_not_2,0.13636363636363635,False,1.0,True,EXACT-UNCLASSIFIED
8081,False,7,1,0.04647673320667894,0.07501054310473136,0.9773929020321057,0.022865559944775397,1.0,True,,False,False,gcd_k_not_2,0.0,False,1.0,True,EXACT-UNCLASSIFIED
8082,False,8,2,3.7628460363517595,5.636119859327978,0.32000950888920116,1.0302812010544022,0.512396694214876,False,1.0,True,True,,0.0,False,0.5,False,EXACT-UNCLASSIFIED
8085,False,7,1,0.03982723218979414,0.06460820670356227,1.008567927853546,0.008531379730534737,1.0,True,,False,False,gcd_k_not_2,0.0,False,1.0,True,EXACT-UNCLASSIFIED
8086,False,13,1,0.037657976602021574,0.05934613469280276,0.9950350648529653,0.004977291110821232,1.0,True,,False,False,gcd_k_not_2,0.0,False,1.0,True,EXACT-UNCLASSIFIED
8089,False,14,2,3.7721613888935415,5.650031893553945,0.3162759138452802,1.0388765439873986,0.49586776859504134,False,1.0,True,True,,0.0,False,0.5,False,EXACT-UNCLASSIFIED
8091,False,19,1,0.03481138109323633,0.055107955119308986,0.9721033607287494,0.028291254735190015,1.0,True,,False,False,gcd_k_not_2,0.0,False,1.0,True,EXACT-UNCLASSIFIED
8092,False,1,1,0.053028017828821244,0.08747003178723975,0.9860867547881736,0.01401071245078641,1.0,True,,False,False,gcd_k_not_2,0.0,False,1.0,True,EXACT-UNCLASSIFIED
8095,False,21,1,0.04924362822836113,0.07988917974790556,1.0166987505581413,0.016560480888402136,1.0,True,,False,False,gcd_k_not_2,0.0,False,1.0,True,EXACT-UNCLASSIFIED
8097,False,9,1,0.06348730350273989,0.09553084457564641,0.9984707571342942,0.0015304130523267026,1.0,True,,False,False,gcd_k_not_2,0.0,False,1.0,True,EXACT-UNCLASSIFIED
8098,False,21,1,0.05760139094036035,0.09054978678266735,0.9994998672969139,0.0005002578007292356,1.0,True,,False,False,gcd_k_not_2,0.0,False,1.0,True,EXACT-UNCLASSIFIED
8099,False,9,1,0.04819601751760391,0.07827664801768094,1.0544223362095622,0.05298067028415607,1.0,True,,False,False,gcd_k_not_2,0.0,False,1.0,True,EXACT-UNCLASSIFIED
8100,False,5,1,0.04724783246767178,0.08042381806028648,0.9728191601519509,0.027555328331214702,1.0,True,,False,False,gcd_k_not_2,0.0,False,1.0,True,EXACT-UNCLASSIFIED
8102,False,3,1,0.04597658852283009,0.07539109140032896,1.0207586439130636,0.02054539662674987,1.0,True,,False,False,gcd_k_not_2,0.0,False,1.0,True,EXACT-UNCLASSIFIED
8103,False,7,1,0.057712435585036394,0.09517247581200641,0.9896726636981898,0.010380940031225881,1.0,True,,False,False,gcd_k_not_2,0.0,False,1.0,True,EXACT-UNCLASSIFIED
8104,False,5,1,0.03972285155059784,0.0580335804749894,1.0006966832184834,0.0006964406192372587,1.0,True,,False,False,gcd_k_not_2,0.6363636363636364,False,1.0,True,EXACT-UNCLASSIFIED
8105,False,7,1,0.03455587484639317,0.05244870900224659,1.0314267275591784,0.030940547481068805,1.0,True,,False,False,gcd_k_not_2,0.0,False,1.0,True,EXACT-UNCLASSIFIED
8106,False,15,1,0.046629249771171846,0.08232356978652881,0.9871994710683034,0.01288298343277551,1.0,True,,False,False,gcd_k_not_2,0.0,False,1.0,True,EXACT-UNCLASSIFIED
8108,False,14,2,3.7670295055808216,5.642367943471964,0.3217463657777519,1.0262992231843893,0.5144628099173554,False,1.0,True,True,,0.0,False,0.5,False,EXACT-UNCLASSIFIED
8109,False,17,1,0.050963398715681646,0.08078880595969515,1.0098540993108462,0.009805785717704697,1.0,True,,False,False,gcd_k_not_2,0.0,False,1.0,True,EXACT-UNCLASSIFIED
8111,False,7,1,0.04888134251891357,0.077842058299808,1.0075250138250134,0.007496807036716061,1.0,True,,False,False,gcd_k_not_2,0.0,False,1.0,True,EXACT-UNCLASSIFIED
8112,False,12,2,3.7776867358283726,5.658283544697227,0.3231392800789051,1.0231133337387284,0.5289256198347108,False,1.0,True,True,,0.0,False,0.5,False,EXACT-UNCLASSIFIED
8113,False,10,2,3.7687877108069108,5.644993971494496,0.31725938842599405,1.0366076986398547,0.5371900826446281,False,1.0,True,True,,0.22727272727272727,False,0.5,False,EXACT-UNCLASSIFIED
8118,False,1,1,0.04947068838222938,0.08194410967227131,0.9857740239063955,0.014327890205371252,1.0,True,,False,False,gcd_k_not_2,0.0,False,1.0,True,EXACT-UNCLASSIFIED
8119,False,15,1,0.0404215511123839,0.07026031594809766,0.9741054448827932,0.026234216803696905,1.0,True,,False,False,gcd_k_not_2,0.0,False,1.0,True,EXACT-UNCLASSIFIED
8122,False,17,1,0.07775854647230986,0.130784750082747,0.9872732205035049,0.01280828359702918,1.0,True,,False,False,gcd_k_not_2,0.0,False,1.0,True,EXACT-UNCLASSIFIED
8124,False,13,1,0.06092872418112238,0.09992494055683303,1.0078931131212048,0.007862084958232912,1.0,True,,False,False,gcd_k_not_2,0.0,False,1.0,True,EXACT-UNCLASSIFIED
8125,False,7,1,0.07731813936229343,0.11618813479553314,0.9962261765925564,0.003780957740856094,1.0,True,,False,False,gcd_k_not_2,0.0,False,1.0,True,EXACT-UNCLASSIFIED
8128,False,9,1,0.04933937036696555,0.08124672215864749,1.013492744661746,0.013402327569859585,1.0,True,,False,False,gcd_k_not_2,0.0,False,1.0,True,EXACT-UNCLASSIFIED
8130,False,17,1,0.06064593128902934,0.09999010525046917,0.9995296344095197,0.00047047623839710663,1.0,True,,False,False,gcd_k_not_2,0.0,False,1.0,True,EXACT-UNCLASSIFIED
8133,False,8,2,3.7722142264661027,5.650111195308181,0.3201322059644898,1.0299995575652185,0.5351239669421488,False,1.0,True,True,,0.0,False,0.5,False,EXACT-UNCLASSIFIED
8134,False,21,1,0.04121546208314543,0.06631317416903301,0.9929807753830506,0.007043946137012088,1.0,True,,False,False,gcd_k_not_2,0.0,False,1.0,True,EXACT-UNCLASSIFIED
8135,False,15,1,0.05372950513657654,0.08369168091070966,0.9677055455692912,0.03282447874726644,1.0,True,,False,False,gcd_k_not_2,0.09504132231404959,False,1.0,True,EXACT-UNCLASSIFIED
8138,False,7,1,0.04465300879659558,0.07314299004086239,0.9992613708533157,0.0007389020339737508,1.0,True,,False,False,gcd_k_not_2,0.0,False,1.0,True,EXACT-UNCLASSIFIED
8140,False,7,1,0.04467440284656902,0.06564494621913011,0.977457921319992,0.02279904764290587,1.0,True,,False,False,gcd_k_not_2,0.0,False,1.0,True,EXACT-UNCLASSIFIED
8142,False,19,1,0.05180099972932126,0.0804684249023841,0.9995737689101698,0.00042632194566400756,1.0,True,,False,False,gcd_k_not_2,0.0,False,1.0,True,EXACT-UNCLASSIFIED
8145,False,1,1,0.05226762846669823,0.08630126736107534,1.0120303407077929,0.011958408841450056,1.0,True,,False,False,gcd_k_not_2,0.2727272727272727,False,1.0,True,EXACT-UNCLASSIFIED
8147,False,9,1,0.02988608144364464,0.04321279525545539,0.9826759795132485,0.017475392515729785,1.0,True,,False,False,gcd_k_not_2,0.0,False,1.0,True,EXACT-UNCLASSIFIED
8148,False,1,1,0.04883609749445222,0.08116694953239946,0.9822841962272356,0.01787413107210548,1.0,True,,False,False,gcd_k_not_2,0.0,False,1.0,True,EXACT-UNCLASSIFIED
8149,False,13,1,0.04029801543032918,0.06492944406275711,0.976700470084673,0.023574163377751402,1.0,True,,False,False,gcd_k_not_2,0.5454545454545454,False,1.0,True,EXACT-UNCLASSIFIED
8150,False,15,1,0.043676034630018616,0.06933592931381112,1.00112538222254,0.0011247493360862202,1.0,True,,False,False,gcd_k_not_2,0.0,False,1.0,True,EXACT-UNCLASSIFIED
8152,False,14,2,3.770056474417599,5.6468885560428275,0.3196759282148705,1.031047179447163,0.5103305785123967,False,1.0,True,True,,0.0,False,0.5,False,EXACT-UNCLASSIFIED
8153,False,3,1,0.0530472319282698,0.07793900138806523,0.981645914590149,0.018524081698669134,1.0,True,,False,False,gcd_k_not_2,0.0,False,1.0,True,EXACT-UNCLASSIFIED
8155,False,1,1,0.06883421213266365,0.10479472962949868,1.0114359116122573,0.011370893346625058,1.0,True,,False,False,gcd_k_not_2,0.0,False,1.0,True,EXACT-UNCLASSIFIED
8157,False,5,1,0.04185673471492474,0.06506598266955999,1.0012196806185998,0.001218937261523189,1.0,True,,False,False,gcd_k_not_2,0.0,False,1.0,True,EXACT-UNCLASSIFIED
8165,False,15,1,0.03420282497778915,0.05682677628461575,0.9933966365121926,0.006625237914879993,1.0,True,,False,False,gcd_k_not_2,0.0,False,1.0,True,EXACT-UNCLASSIFIED
8166,False,1,1,0.06952474420400359,0.11806350352029171,0.9811787177736006,0.019000085209425588,1.0,True,,False,False,gcd_k_not_2,0.0,False,1.0,True,EXACT-UNCLASSIFIED
8168,False,3,1,0.05559365200557856,0.0867423166516565,1.0079369858186271,0.007905612451668867,1.0,True,,False,False,gcd_k_not_2,0.45454545454545453,False,1.0,True,EXACT-UNCLASSIFIED
8169,False,1,1,0.041859446746289664,0.06736149385415853,1.0366303992245598,0.035971572690368075,1.0,True,,False,False,gcd_k_not_2,0.18181818181818182,False,1.0,True,EXACT-UNCLASSIFIED
8171,False,18,2,3.7878226727849773,5.673420554383289,0.3176241707246066,1.0357670182995073,0.48760330578512395,False,1.0,True,True,,0.0,False,0.5,False,EXACT-UNCLASSIFIED
8173,False,1,1,0.04903467444098577,0.08282068190784284,0.9900064652210282,0.010043720916114562,1.0,True,,False,False,gcd_k_not_2,0.0,False,1.0,True,EXACT-UNCLASSIFIED
8175,False,21,1,0.035553678009459515,0.06300170033443797,0.9762165997887842,0.02406962902118901,1.0,True,,False,False,gcd_k_not_2,0.0,False,1.0,True,EXACT-UNCLASSIFIED
8176,False,13,1,0.04411705873899703,0.0672510702339844,0.9961829250099458,0.0038243739511350165,1.0,True,,False,False,gcd_k_not_2,0.0,False,1.0,True,EXACT-UNCLASSIFIED
8177,False,5,1,0.045172861668357725,0.07415981154470691,0.9978777762539148,0.0021244780549733383,1.0,True,,False,False,gcd_k_not_2,0.0,False,1.0,True,EXACT-UNCLASSIFIED
8183,False,9,1,0.05991275702576154,0.09363484721459833,0.9844732704439436,0.01564821233654906,1.0,True,,False,False,gcd_k_not_2,0.0,False,1.0,True,EXACT-UNCLASSIFIED
8184,False,4,2,3.7519400921490424,5.619831899805484,0.3163079370580501,1.0388026140296662,0.5371900826446281,False,1.0,True,True,,0.0,False,0.5,False,EXACT-UNCLASSIFIED
8185,False,1,1,0.03821261438466804,0.06265193278201255,1.0352949143877945,0.03468285027225263,1.0,True,,False,False,gcd_k_not_2,0.0,False,1.0,True,EXACT-UNCLASSIFIED
8187,False,1,1,0.06220116991650405,0.09796480858028139,0.9988729070812047,0.0011277284461683173,1.0,True,,False,False,gcd_k_not_2,0.0,False,1.0,True,EXACT-UNCLASSIFIED
8189,False,13,1,0.040000605915759394,0.061368998018109314,0.9855413786978956,0.014563908319640545,1.0,True,,False,False,gcd_k_not_2,0.045454545454545456,False,1.0,True,EXACT-UNCLASSIFIED
8191,False,7,1,0.07374617373017343,0.11960979850900298,1.025936449270635,0.025604405587324828,1.0,True,,False,False,gcd_k_not_2,0.0,False,1.0,True,EXACT-UNCLASSIFIED
