net,local_idx,best_k,gcd_k_n,phase_mae_deg,radius_cv,mean_radius,phi,mean_abs_deg,max_abs_deg,gauge_deg
0,0,3,1,0.04746563823683575,0.049976024947283995,6.32430740502593,-2.4877418528821305,0.07512672653528353,0.19622434043267356,142.53710868605194
2,1,16,2,3.747943450192243,0.5344914921639365,8.980770671392758,-0.8912408848221457,5.613862584996514,11.347819324913495,51.04823498766725
4,2,16,2,3.7765292387576728,0.5211138602514206,9.010087555172824,-1.172010045440137,5.656554902008035,11.428365874034313,67.13475048577317
5,3,21,1,0.03910685194976059,0.06703405050730872,6.193044594601296,1.4375497718290662,0.0621840920036627,0.2220642340708787,-82.36553475451306
6,4,21,1,0.05161102024886879,0.05439252784063388,6.305780776526671,-2.732096420148643,0.08262872464568291,0.2657639450378034,156.53759406456086
8,5,12,2,3.7731752300337877,0.5328591425861071,9.448714870126757,0.9701534671370741,5.651545829593906,11.411280707264213,-55.60213381970056
10,6,17,1,0.05359655437281643,0.055796783299095355,6.144711799190077,1.039334888243504,0.08787939927178914,0.2766483210762934,-59.54950255795879
13,7,3,1,0.03942876079718951,0.04986507331541699,6.341996049463626,2.925705022593174,0.06467121307389252,0.24783915581490504,-167.63054988637538
16,8,7,1,0.05500465556954721,0.062082295860017844,6.126694507098055,-0.2339126495605786,0.08765356973989763,0.28734350256242763,13.402207604002571
18,9,14,2,3.770847295902066,0.5307060665929009,9.374925309570282,1.4527264960186193,5.648069356194551,11.414646324586549,-83.21869283326086
21,10,13,1,0.05669961806951902,0.057014662776774694,6.230296265502863,1.8540740463833965,0.09194292669889513,0.313002998092886,-106.230617809315
27,11,17,1,0.04874749972243957,0.047609767115899614,6.23184875977037,0.6079783573440176,0.08178539961008062,0.23551930819602415,-34.83459392239686
29,12,5,1,0.05953393704346322,0.07124678224742481,6.286645467800323,-2.18600818615839,0.10202706471820625,0.31685661572616713,125.24904304132625
30,13,6,2,3.7864149739970596,0.5350205034777392,9.39497285444866,-2.6918828688115166,5.67131849705897,11.45536706883382,154.21691853717954
31,14,15,1,0.04252814297859929,0.06211933061607241,6.215231418494133,1.6619035904820414,0.06364458593075618,0.24737985032621992,-95.22006169753749
34,15,12,2,3.772665419836401,0.5361117136929029,9.368627455972046,-1.9463186654738813,5.650784699500698,11.419576053739256,111.53227310889922
35,16,9,1,0.09136362280737291,0.07399135603922528,6.202414893509962,-0.162497078709025,0.15198224138911265,0.3834344049521553,9.310396901645781
36,17,5,1,0.07753584604505519,0.06350144040473346,6.2379965226114455,-0.5708833166540334,0.11932454675554108,0.3795142344202205,32.709204745468945
38,18,13,1,0.07106299215128517,0.07101133596988127,6.266025389797561,0.8443155115027685,0.10957258092368657,0.41619364556690663,-48.3757153187567
39,19,5,1,0.051698715882286216,0.06636968927636148,6.342380195337793,1.260752370115226,0.08703440557239722,0.31712340240997755,-72.23578978595818
41,20,5,1,0.04725301828531028,0.06790948456106577,6.311818554320974,-0.04129197511602486,0.07472252158142972,0.2436970559019009,2.365855914473951
42,21,7,1,0.04161611405973359,0.06934216242170116,6.203967204159254,-0.801865486457466,0.06786794875616729,0.18867575730003458,45.94350810765098
44,22,5,1,0.04200157164184118,0.06091694892935871,6.227168854435089,0.36149212077149934,0.0675958454559433,0.22748998058517897,-20.711972864866347
47,23,10,2,3.77854299262876,0.5361729236415851,9.451444536578833,-2.3461717703966416,5.65956223661709,11.417059762933546,134.40923533850784
49,24,6,2,3.7562049640109723,0.5332155085722164,9.126499752503136,-1.51262950032293,5.626201626174901,11.353314231058064,86.68349960756285
51,25,2,2,3.767007809973121,0.5264850233686033,9.012742155572072,0.08775694550666466,5.6423353187199075,11.397295110279632,-5.044456572863244
52,26,16,2,3.776442816580377,0.5327215922994039,9.112740150947916,1.6375743433484882,5.656426203233974,11.438574117540425,-93.80962100003397
53,27,7,1,0.04559358219032277,0.06502095191626224,6.221989969771141,2.897389662569896,0.07644504122318754,0.22495746515733764,-166.00819924890592
56,28,17,1,0.038349750551928796,0.06776909957649205,6.285312319074553,0.19839679940062002,0.0654531920483638,0.23737765224898152,-11.367299280377717
60,29,13,1,0.03922001998619292,0.05091353538555533,6.206816134355777,-1.0223860799805384,0.06207542318851032,0.18295439066646552,58.57840741496886
62,30,9,1,0.03528741203199127,0.07070821442603044,6.094601151833876,-2.9718740957354024,0.05667420849781287,0.23476874700228242,170.27584293030282
65,31,8,2,3.78336622960288,0.5310210999548638,9.437876763042473,-0.7190984929075112,5.666765409256168,11.419139386305096,41.21787728467895
66,32,3,1,0.05203673882721052,0.060735611174700166,6.320417157841197,-1.0776549374465214,0.08347111213198835,0.2862226836663532,61.74507966629009
67,33,15,1,0.049652198143861785,0.05723890056552161,6.255527695237407,0.30912349888077084,0.0775282245983867,0.24107159415776536,-17.711471856406934
68,34,9,1,0.08155648427670169,0.07015166920983337,6.157145174806115,-2.0005716835632956,0.135898878155309,0.42473078949316045,114.62431422209549
72,35,1,1,0.057270709939684354,0.06501692883582603,6.157999390719513,2.4250115079440175,0.08853914690244429,0.3040051187914435,-138.9429246999929
73,36,21,1,0.04640934461691745,0.049364562465170805,6.155804054998857,-2.282624245832708,0.07396499788477687,0.18244000667961593,130.7847354982645
74,37,15,1,0.0674415724969993,0.057562148511207875,6.190921017573043,-2.029778838589669,0.10793154127424462,0.36269428314694063,116.29776086269943
75,38,10,2,3.749449612191197,0.5322476204207617,9.094722784831886,0.9678032033221061,5.6161119871017515,11.360844486811937,-55.46716466579216
76,39,3,1,0.06554717883729132,0.06941978990710862,6.172382788840037,2.7018697524040367,0.11168086502216158,0.3265869921608187,-154.805733536977
78,40,9,1,0.05233101744927057,0.0704868971852253,6.251166455871583,-1.813708884061448,0.0855911779590452,0.3111841352851283,103.9178643257254
79,41,5,1,0.07138043342924334,0.06274613082513252,6.277791110733994,-0.19539278574965335,0.11205164507821819,0.38616289129805004,11.19518203297978
82,42,21,1,0.06775307680263104,0.06435237564312259,6.241290039628614,1.7761620932078097,0.10477900283656418,0.3281486831293153,-101.7665917271599
85,43,19,1,0.06831366385507874,0.05119600459826401,6.181912905402291,-0.27020722059469754,0.10826493848365798,0.32628553437919994,15.481733410770875
86,44,3,1,0.03402384347845006,0.07347235893098267,6.442103839589237,1.7736171279395612,0.0569339769117917,0.22079121181752173,-101.62077591018628
87,45,3,1,0.046031610357469055,0.0571445589886412,6.220264944031018,-3.1003411272925288,0.06358288442890135,0.23277568557852732,177.63646163696785
88,46,3,1,0.055658791592622554,0.05492816580134974,6.245901527670939,-2.3088337214160326,0.08518098693235479,0.3024971438466487,132.286427823109
89,47,9,1,0.04988430985465034,0.05857905579945679,6.337223530342243,0.9165919477951469,0.08404799296281576,0.29263694377516764,-52.51685013431781
90,48,1,1,0.07081508011953766,0.07167703377349742,6.202888054875765,-0.9793391261742468,0.10791224007190875,0.43568760694199793,56.11199860858325
93,49,19,1,0.0492745765578366,0.06362603412973726,6.281418808483573,-0.8642359831783096,0.08429328375774181,0.22422250190217216,49.51707433317888
96,50,19,1,0.04542517334565649,0.0600382687324871,6.302380328805284,2.453026486536206,0.07069258206070965,0.1919483786654222,-140.54806471004218
98,51,3,1,0.06286761647231559,0.06008946990102088,6.187828181649701,-2.9162925753778,0.09714626850229102,0.27294894332130964,167.0912563434861
99,52,3,1,0.044892940328070556,0.046720649139924526,6.214923616516165,-1.2504091565672695,0.07217680595982127,0.20550259019499878,71.64316731663128
100,53,17,1,0.026881281089550377,0.06491301540900994,6.245055986019874,-0.7927540722789105,0.04822886079539886,0.18175193623463845,45.42146253315664
103,54,13,1,0.05378888396544485,0.0631041315065596,6.193545878357107,2.4398562467435707,0.08489931204301707,0.29779284318072363,-139.7934655660434
104,55,15,1,0.05335403318544622,0.05935555210587133,6.345245139425293,1.3906140226646377,0.07672372257560292,0.3152823974992244,-79.67631442542766
105,56,5,1,0.04009448200295789,0.04718003287922805,6.202084385673005,1.1201427657730894,0.07272966545411289,0.27831017370915395,-64.179452920439
107,57,10,2,3.7657602064745554,0.5297193237013895,9.263264580536118,-0.2017786906299018,5.640471864125815,11.386787181042953,11.544729684521274
109,58,9,1,0.06646474262112302,0.06576129615552873,6.1540474169919435,-2.6010291660091327,0.10533500595214586,0.33796539555876487,149.02799353358773
110,59,15,1,0.043594175938807656,0.0729599572508454,6.349595313098774,-0.17228041826044707,0.07039964319224755,0.2663190357151548,9.870940858650787
111,60,21,1,0.030969239292895964,0.06230694763984196,6.348463604244954,3.0711219981256894,0.05218644866147561,0.21690091579145318,-175.96232885903058
112,61,3,1,0.06299137907560051,0.05486647847162651,6.133852874761391,0.26647344726192956,0.0963844680382179,0.3072470033534288,-15.26780392024641
114,62,5,1,0.04415451192784019,0.055645239060181005,6.085590413425871,-1.9583358851170845,0.06987820287830411,0.22466383401548284,112.20438110568415
118,63,13,1,0.04077105760220829,0.05783951993549167,6.305969380349566,0.824825466837481,0.06812905004543124,0.1882803423171337,-47.25901808397471
119,64,13,1,0.06442463240321862,0.07229826837275379,6.119468222854025,-1.5825461096367535,0.09811701221306211,0.3124627080366317,90.67321292689513
120,65,19,1,0.05600285797514197,0.06375205796699879,6.330324782242181,3.006073378275354,0.08842987080946066,0.2976875655335331,-172.23531745418484
121,66,3,1,0.040480495169811906,0.05469096329278077,6.2507894235692225,-0.06792873064028192,0.06984370243114504,0.251610294447279,3.8920295906647464
122,67,3,1,0.053890828796636515,0.05563974858065926,6.292244986096429,0.7276336468196932,0.08872401319526822,0.2674517715351884,-41.69033701557531
123,68,3,1,0.04208006622440903,0.0741931109836949,6.169215232676337,1.1677183285576795,0.07697855928495982,0.32625647492193605,-66.90533186814513
125,69,1,1,0.04521680813458904,0.05469960054999757,6.261969207472514,2.172359281374032,0.07430031257806231,0.21679770168872525,-124.46701843444956
126,70,1,1,0.057911045703478645,0.0738541155267479,6.23939052009255,1.0482527699670907,0.09599130736182315,0.3352556640198661,-60.06045954924184
127,71,5,1,0.04119995807643526,0.054335637904377516,6.293538360234877,-2.1193037687429817,0.07010241651058452,0.2105460250269536,121.42716146694833
129,72,21,1,0.05453258066584323,0.05810062421038335,6.262827087966925,-2.187244003278594,0.08704764951790059,0.2818914034019934,125.31985018011767
132,73,15,1,0.05248362423590606,0.05130548094967661,6.178050631108412,1.041576846584756,0.08117196752651692,0.2462760433774273,-59.67795733860239
133,74,21,1,0.05755908196861463,0.053445945463932124,6.170227712259062,0.3466919937390044,0.09470252334149548,0.3484914161059966,-19.863988078382643
134,75,21,1,0.0333521715878865,0.0445651817174493,6.275713571668086,1.2519189263352244,0.0537813984530445,0.20198048226546308,-71.72967076582178
137,76,19,1,0.04141158228595589,0.042258800912356856,6.189920692808522,-0.7633805848558677,0.07099873443792311,0.2001831179882215,43.73848566306464
138,77,13,1,0.06875118889106087,0.08014797864480408,6.2300290436641355,-2.903046966896718,0.11158361661659495,0.3283653507276555,166.33233891674374
139,78,1,1,0.06271287859536245,0.07378264805343364,6.246763583044332,0.07575338919219139,0.10261057693315616,0.265011573346298,-4.340349476154566
140,79,17,1,0.051084708446791825,0.05356831746688702,6.119348785089343,1.261255056123846,0.07948809799483729,0.21812294039610708,-72.2645915865814
141,80,6,2,3.7848583108359066,0.540617300675981,9.33027787500202,-1.4097170591501247,5.668993932258111,11.463553124142141,80.75424955397166
142,81,3,1,0.06873123413953995,0.07124222884606803,6.1148929291550465,0.6085174906584446,0.10188385910206765,0.36195376603524293,-34.865483971065395
143,82,13,1,0.04998383071136762,0.048206091872811586,6.124084945465355,2.9997734574738915,0.08129742007769342,0.3254733708045021,-171.87435857393046
147,83,9,1,0.05950357052375233,0.06126443072291215,6.256658910832672,0.18723276649314904,0.0927522498656378,0.26270074769211776,-10.727647323105067
148,84,13,1,0.04185229906522307,0.05626880020218441,6.3066836613964306,0.4089190929064862,0.07408368624002237,0.2021499208176483,-23.429338195715033
150,85,6,2,3.767355656352207,0.5321390004366626,9.370589188352884,-0.4537099733770407,5.642854437991489,11.38470464376222,26.012025122304273
151,86,21,1,0.04271500527117145,0.03729486950270313,6.2398194394465865,1.2965367636647727,0.06976467523088536,0.2399925874154144,-74.28608452334213
152,87,9,1,0.07176592772542771,0.05988278475769842,6.272766047654429,1.8085859127081467,0.11742491307076214,0.3321501544700831,-103.62433972541521
153,88,21,1,0.04397184210613256,0.06743796212444182,6.185215337757856,-3.000171884812248,0.06566913874419214,0.1951569219498222,171.89718681994253
156,89,13,1,0.041808471633589105,0.0690764710975592,6.5313518716854695,-1.892792411853934,0.07180351396415531,0.28112969931819515,108.44901670591805
157,90,9,1,0.058013330594116674,0.07921845968994397,6.143753315580372,-0.24971558122090945,0.09841298923970497,0.2558189229651628,14.30764889775452
160,91,10,2,3.75395806013966,0.5307577814746698,9.01700000807572,-0.9198154583476474,5.622845656177162,11.376435997177904,52.68535955989926
162,92,9,1,0.05225539640331947,0.08363850450032506,6.395018311018953,-2.1715311931927834,0.08287377730793159,0.29893920684852865,124.41957246595872
165,93,19,1,0.04375427770456202,0.056527556947322685,6.384026961785813,-2.0435008562434276,0.0730779852490119,0.2536648568450892,117.08397450383471
166,94,8,2,3.773957565664423,0.5294203717046154,9.207508760470784,-1.7325960834875065,5.65271431845953,11.42982372291362,99.25399826653982
168,95,21,1,0.047938181913886053,0.06544824466862058,6.229185869370192,-2.2308475036599464,0.08397684930407753,0.3187980562694175,127.81814672082456
171,96,17,1,0.033409466684460605,0.04598283112647945,6.253332650968963,2.3406048460317006,0.06212753619700267,0.2587151055735174,-134.10677918275198
172,97,1,1,0.03736463717884411,0.058452411056407264,6.29816454147362,0.6977800162884679,0.06717126845199047,0.15825721742799778,-39.979849970869786
174,98,7,1,0.055470199612831866,0.053139371495970096,6.279250134627248,0.2233938876022887,0.09185925447734614,0.3311371068026081,-12.79952697580749
175,99,3,1,0.062230872764489506,0.05953128656911759,6.135459642287472,2.7381068834955333,0.09992593094921301,0.35795019804676764,-156.88196822740264
176,100,9,1,0.033168228265178075,0.05629939959593064,6.339401825328937,0.5779256057166539,0.05773105111468101,0.25468762687886076,-33.11269808092536
179,101,9,1,0.056955314026123346,0.06475444132815192,6.370027004004466,1.5103460992792201,0.09265222319472388,0.2638488355433896,-86.53645707929071
180,102,19,1,0.06815258933603728,0.0743403393530901,6.191576448589447,1.1170698465978592,0.11984268513209378,0.3426060095069867,-64.0033875565414
183,103,15,1,0.03853811735329109,0.06748246607116959,6.364426946041035,0.20717606540296957,0.06619184342473367,0.23566211506828083,-11.870314169332397
185,104,7,1,0.042326162093394175,0.09284144426421662,6.377136935789284,-0.20160983879144426,0.07678883852318892,0.34483527888345655,11.551392880240892
187,105,15,1,0.04750188298237629,0.05308092949621016,6.278983940619099,-0.6308339333056937,0.07972939361214713,0.19568107892862205,36.14412195767442
188,106,6,2,3.7650783493611946,0.5289141537438045,9.028724950425769,2.0216520045881325,5.639453497257981,11.40301121786259,-115.84845630218261
189,107,15,1,0.054335960622476864,0.05383641803524214,6.176287620167249,-1.2748417065225721,0.08567256553235368,0.2741592548000022,73.04304929169118
190,108,17,1,0.06961118562339341,0.05797972202237326,6.3212362059251,1.5704233400504115,0.10703520060830612,0.3649113771661095,-89.97862945949885
191,109,19,1,0.03849518763417866,0.05329872758221272,6.198719961484307,-0.48791795470367894,0.06711593311554476,0.20954252078003996,27.9556395666566
192,110,6,2,3.767662892415231,0.5301690082206288,9.324002294104094,-2.549853156017187,5.643313455352096,11.389805519745455,146.07946167521303
193,111,21,1,0.06175406626281461,0.07237832091574545,6.344821826615128,1.473849514661164,0.0934598712238167,0.35325793192676447,-84.44535683190922
195,112,15,1,0.051742496834320084,0.07731492113304726,6.475570509665824,-0.7960260814174961,0.08418476351507873,0.2639213629449055,45.60893484781225
197,113,7,1,0.04934207478051214,0.04707001085581957,6.240355019997392,-2.9407690087552725,0.07464866262130891,0.23509256188678263,168.49365270607373
201,114,21,1,0.06811543333091911,0.05290413685770466,6.263876465172996,0.8398325024757541,0.1089134732098107,0.3220962843862736,-48.11885788911091
202,115,3,1,0.05148619071861104,0.06173823456150645,6.252822419183713,2.1337890258018763,0.08284665805613946,0.2729289142580853,-122.2571055701786
203,116,17,1,0.05636103941598869,0.06545661954682964,6.273809866693013,-2.949469407926096,0.09930409335815057,0.3172119654534504,168.99214883083056
204,117,3,1,0.03875016581792647,0.04823006080190133,6.16949743241569,1.5854864688938821,0.06434217150439597,0.2565040444503278,-90.84168313166559
205,118,10,2,3.771599938896093,0.5301357325020027,9.164563668815662,2.8939817853781755,5.6491939585045134,11.428019611879083,-165.8293563088301
207,119,7,1,0.0422121201340739,0.05413541501006447,6.200694707356732,1.952177272125996,0.07097642554483213,0.21817597622462903,-111.85151856214334
208,120,19,1,0.07131811195537692,0.07494942549494259,6.312794371478481,1.0994238321660557,0.11149406579269643,0.45191750813976134,-62.99234540346741
209,121,4,2,3.7580948298177885,0.5333709931739196,9.212448616317166,0.09479891828680968,5.629023986383895,11.375337991778183,-5.44781575022797
210,122,3,1,0.06500440763446948,0.05242348700230502,6.254651030979522,-2.2551201514152135,0.10149293762971776,0.3066189436501087,129.20886698620515
212,123,4,2,3.7690572003063534,0.5272907655137009,9.359917891961608,2.598347239078655,5.645396042253471,11.413634453329264,-148.85794973415594
215,124,7,1,0.032705835002040856,0.06064757330082723,6.296906685445123,0.847047117417716,0.061295374569013676,0.16775528403627987,-48.53222487122318
216,125,21,1,0.03461960936950465,0.04404475512199722,6.165495592946212,0.8116838236174972,0.05974431355591806,0.1750796295703698,-46.50605739820404
217,126,18,2,3.7681177846808627,0.5341375180110847,9.306860608122806,-1.3857754139588494,5.6439930372452425,11.390259006078496,79.38271409589927
219,127,19,1,0.06585283980731721,0.06970594252334501,6.306808406218564,-0.8405239476134383,0.10043229031751869,0.3351072037625489,48.15847478021297
220,128,7,1,0.07010110756032793,0.06004372060722895,6.179431068146508,1.6492051645375656,0.11682758796856327,0.3140512705411174,-94.49249554634602
224,129,3,1,0.054331795836878055,0.05972367587066162,6.32015204087179,1.5134622970879423,0.08090639808396653,0.26979357638932194,-86.71500206883756
228,130,3,1,0.07566410793975392,0.06411496640146744,6.221810128926495,0.39997242437539154,0.1180799149055292,0.3967242406270861,-22.916731932464863
229,131,17,1,0.07290081511009332,0.05941236162004273,6.105139005710668,0.6474302484927783,0.10871939618171785,0.4151117707732739,-37.09502077495262
231,132,21,1,0.05605422559121222,0.07711046672780227,6.257684435339292,1.6188323774715925,0.09786270872376908,0.27206264495695626,-92.75226296599935
235,133,9,1,0.05249262450673873,0.061816409447888014,6.345627246765702,-2.143653523689649,0.08389985053758955,0.26708688514553114,122.82229967261124
238,134,17,1,0.04417290459905045,0.07065230404884464,6.2555847971896235,3.041533720635512,0.07112399854989264,0.2271540610552553,-174.2670454368803
239,135,4,2,3.7792419962946937,0.5290588419626475,9.317598755566328,2.248814974818149,5.6606061035410296,11.427754484887675,-128.83109265671743
242,136,1,1,0.03877913330466512,0.04375445716200884,6.248327605650417,-2.7406737979633564,0.06807032141000974,0.21278411262914373,157.02904162969455
243,137,3,1,0.04676512238989343,0.05407042344975783,6.2379994674190185,-0.3384595496409358,0.07601817298847484,0.2204327939113317,19.392303757044033
245,138,19,1,0.0482715210727666,0.04365895083341938,6.249148313527774,-2.128052222380401,0.07833147977650963,0.2303635224286972,121.92841095173017
247,139,7,1,0.08814023638029263,0.06358654084079389,6.21879747325172,-2.774413597435499,0.14067064401568985,0.41027785229407876,158.96218957607604
248,140,5,1,0.06162313414769777,0.05799177093187866,6.302955381721802,-2.6766195989057002,0.09589465956907331,0.2653880027449369,153.35900632828125
254,141,1,1,0.05585070556287233,0.051103245546641154,6.272381020636101,-2.4028856486252215,0.08597234614698505,0.28697808341482195,137.6752063168367
256,142,3,1,0.04973673176620504,0.05416794304009569,6.139504457394457,3.0151331267749084,0.07242622096105317,0.21042813658762305,-172.75440283340546
257,143,13,1,0.07378898643721953,0.06448319116547988,6.200171776709801,1.3009487110766649,0.11477834840516833,0.3640159699841054,-74.53887040990395
258,144,13,1,0.06115323360268255,0.05457768068866429,6.171907009297876,-2.8516248494445753,0.09645260954674177,0.29398022271922636,163.3860685936512
264,145,21,1,0.059963981520504875,0.06543023882847056,6.21361645339106,-2.1698533982976977,0.09818566450339125,0.32420871907054327,124.32344191821002
270,146,17,1,0.07121154135750597,0.07166831143447447,6.118956141009846,-0.7742509433975611,0.1111110127497602,0.3593917902108457,44.36131139972701
272,147,13,1,0.05466089387796957,0.06361417476583776,6.341864534926928,-1.7383569268801722,0.0949905417228262,0.3806686466479199,99.60051524080248
273,148,13,1,0.03744345079759199,0.06896545301964366,6.348182516673174,-0.7491263339265735,0.06633402664025757,0.2592405766935188,42.921777252462526
274,149,7,1,0.0740182297991515,0.058821756706296004,6.359015246711846,0.34370638696925365,0.12386060366835323,0.41795969058405286,-19.692925476214416
278,150,5,1,0.08399327366972985,0.07334425114387874,6.236710215924057,0.8423916317363176,0.12250627726287498,0.4664630619280385,-48.265485247093636
279,151,9,1,0.05414438391041446,0.0663852709289268,6.329460887616775,1.8385882970675025,0.08983787246938782,0.31517783506536245,-105.34334971334867
282,152,6,2,3.7717487664351923,0.535406755389809,9.462535059991666,-2.099528781288884,5.649415604674125,11.423136277863929,120.31055412317372
284,153,7,1,0.041294499517612916,0.04995937269509582,6.231692642198496,3.093629105979622,0.06508627949727856,0.21046062140949579,-177.25189114166773
286,154,5,1,0.08070510506394808,0.08847382638296969,6.334522276919455,0.8335500481571149,0.1252575033257889,0.4157743876210566,-47.75889970453705
290,155,17,1,0.05435586570374234,0.05494823035741886,6.306300489915397,-0.7468080393840864,0.08726669571803171,0.24230473340479608,42.78894878345498
291,156,3,1,0.05568468629782607,0.0601899424197254,6.243189231523377,2.5459047297431177,0.08867360535941297,0.32674359072943515,-145.86959606190823
292,157,5,1,0.06013796502258906,0.04956989876703087,6.308473307823954,0.637642010455227,0.09577356592390049,0.3163881623414184,-36.534196073490875
294,158,19,1,0.0781241433697686,0.05679868506667712,6.209928909578237,-1.2013168836498347,0.1255936813692752,0.4249218719092756,68.83038718431212
295,159,3,1,0.05232310780518771,0.05056387200000001,6.16822056997652,-2.2738916352555125,0.080769623877908,0.2633373839977029,130.28439376255642
296,160,17,1,0.030330403527194263,0.04141662164883802,6.1933009984655545,-3.115170116339824,0.048240032020724376,0.15902625545577187,178.48610012594636
297,161,5,1,0.045903123551829246,0.04997685701596359,6.204968813633619,-0.7553529047348662,0.07144598253176833,0.24353906848395437,43.278533485208385
299,162,3,1,0.02838916532339392,0.03780662698538489,6.219435717483218,-2.336411405303266,0.050972271010317725,0.1603916001833491,133.86651273259548
301,163,19,1,0.05100151419479966,0.07668791139920526,6.308661688707716,-1.9163139511125866,0.08036107517640179,0.2795486345725421,109.79670164675802
303,164,7,1,0.038535148210518934,0.04813833449925734,6.2205090330710355,0.8409333494727377,0.06266493420457125,0.20592221143655853,-48.181931768265514
306,165,9,1,0.06673799615338041,0.08472386988916232,6.37235509208712,-1.197820352042888,0.10333658671027987,0.33252694150055095,68.63005073704787
308,166,19,1,0.05370626634251977,0.07286225019010374,6.246089551290104,1.519432178340434,0.09310852314248638,0.27622908119984885,-87.05705108744316
310,167,21,1,0.05018887303006911,0.035275232982698766,6.138241094174767,-3.131270080580093,0.072349156740729,0.25806555442888945,179.40856013835088
311,168,13,1,0.04814790080616924,0.06305571385454223,6.340187172650574,1.3373106422531915,0.0776208199057277,0.25838286068172023,-76.62225567990235
313,169,17,1,0.0786768590152866,0.07481679338083401,6.255088217549752,-1.2521821611635942,0.1294872524023917,0.43829675135523416,71.74475293235172
315,170,21,1,0.059224265919470144,0.06291548588793361,6.285963744594784,-0.8344222259898966,0.09253490797142816,0.3560931998234617,47.80887186294011
316,171,5,1,0.02701223639785533,0.056140549871671434,6.304693569992465,-2.155698490143924,0.04710835985866895,0.15438850237989699,123.51242538862611
319,172,7,1,0.0330260138705831,0.05700254138394202,6.223550715134496,-1.5927079794612422,0.049789194012684765,0.17360261319442474,91.25544522489027
321,173,7,1,0.05062265721403295,0.03457856552348461,6.384395617045779,-2.1915995100012013,0.08576355411274264,0.19919680296361275,125.56940231913315
323,174,4,2,3.7554304965315692,0.5283679827071448,8.88229125865923,1.7754214787644436,5.6250444969473445,11.357043934895122,-101.7079543669101
324,175,19,1,0.05144498159113375,0.055306707478462294,6.15810261604093,-1.4921653419952228,0.08091156103843905,0.2606247849513113,85.4947763993891
325,176,17,1,0.06796053789817053,0.0848124955524086,6.255256392042887,0.41840112716101147,0.1144993885478306,0.35930611238000215,-23.972618820268636
327,177,1,1,0.04177096153079072,0.060999009922564205,6.21027896910391,1.7758891516630553,0.06653781275534197,0.23935295950894028,-101.75095328528492
328,178,16,2,3.7666408132964513,0.5367461824488671,9.53604912314635,2.197695600511602,5.641786939001447,11.402899250900923,-125.90233337348073
329,179,15,1,0.06437427005607821,0.055962812808752725,6.252339928254741,-0.14976543017171534,0.09450220860740159,0.35024133870377305,8.580927086554599
330,180,5,1,0.05942222549513694,0.050222985610965505,6.264246163471518,1.1645263679783484,0.09614744248255945,0.30273070922621437,-66.72244596607779
331,181,1,1,0.04359908499600052,0.058250043164048484,6.359032744818946,-2.9884361324433284,0.06732161656041533,0.24316279721872208,171.22477772551088
332,182,9,1,0.04478981395059016,0.05527006240244314,6.324487765491259,2.2188633014378363,0.07483972042290558,0.19167212353972476,-127.1315024990735
333,183,19,1,0.06690260130727083,0.08360131308587869,6.30089845771769,-1.3278021849504795,0.10961288695084828,0.47223778319893106,76.07746119737972
334,184,15,1,0.05187824847247534,0.058432752830675116,6.303677525563594,1.8746201249507357,0.08679357093549965,0.2867337676149035,-107.4078213842313
335,185,1,1,0.07135592318831475,0.07651302872569336,6.220018267829539,-0.6384715258086333,0.11211592951423338,0.325467451497746,36.581723848176345
338,186,13,1,0.07187433053002681,0.0742608191342302,6.090314816580192,0.3820931299064695,0.11573338738867582,0.34337434885004336,-21.892323795344574
339,187,13,1,0.0615778219524713,0.05479531678782497,6.084246231650893,-1.4278599988235356,0.0984951923161982,0.28911041865500026,81.81035161126852
342,188,7,1,0.05041754272825831,0.08177923826196291,6.330956423216302,1.2414298534731807,0.08312746463703931,0.2782367745587563,-71.1286911443385
343,189,21,1,0.051067735352632045,0.05308981566383271,6.104727524858765,-2.984681805834664,0.08238946692216079,0.3115299506790877,171.0096706309677
347,190,9,1,0.054462684464580205,0.0743236467629208,6.340278392933047,2.7458903847075,0.09472691760614331,0.3255557617733401,-157.32793001576482
348,191,19,1,0.0812806234365373,0.08090606391020236,6.307090822903598,-1.8733959240083429,0.13554173145307147,0.4885522220511957,107.33767995750101
349,192,13,1,0.053951714109591604,0.05152538901295214,6.275911577612822,-2.8238160623613746,0.08849212428500532,0.2580485179325425,161.79274245458683
350,193,13,1,0.032450688827229006,0.04570954436788463,6.445410037198888,-1.6761960606274713,0.04712326494124699,0.19385232985254308,96.03895991248405
351,194,1,1,0.08242880552672453,0.06872299420629041,6.312727204557598,-2.4799764548885537,0.12708218250432599,0.43435116280239305,142.09218406045323
353,195,10,2,3.757582463724633,0.5249112608143156,9.091784471708703,-2.5824829511895726,5.628258550676893,11.381778688376162,147.98160494505694
356,196,14,2,3.7693641868516035,0.5348961160367214,9.366233228684845,1.6374928051794746,5.645854242802871,11.402572990081605,-93.83781149684505
357,197,3,1,0.06847758320024865,0.06643216125544087,6.176405553183122,-0.06932471570636127,0.11592129174276435,0.36823507109569353,3.9720137049450717
359,198,21,1,0.06403430931015439,0.05672368924160629,6.194986458369124,-0.4281338570338437,0.10045037338085738,0.31293458054484397,24.5302631351429
363,199,4,2,3.7744291269006824,0.5286925062399835,9.115676460336164,0.9756139256198075,5.653418978596625,11.443762974344203,-55.88210924924201
366,200,21,1,0.04428559804523876,0.04861597893030368,6.2369116075916935,0.9412145176402583,0.07564526569096533,0.24899453402332564,-53.92761946286573
367,201,21,1,0.0440882491211096,0.04536116800342523,6.264054274046009,0.13996790786344412,0.07121775959583607,0.24967267121324518,-8.019570406038994
369,202,13,1,0.047170102185278145,0.05104411946729419,6.2977775722240885,-3.125645505140011,0.07399772560821516,0.24215038850003487,179.0862957073194
371,203,13,1,0.08208799970200101,0.08927593209736458,6.255429050782461,1.3181248956848843,0.1421900795298369,0.49624039760884997,-75.52299323965096
372,204,21,1,0.042754176809177695,0.05052740551699654,6.410869501056192,-0.4879831770592704,0.07018685934845371,0.20600924742252516,27.95937653398816
374,205,9,1,0.05785987234118979,0.05414972791377483,6.3158464207380485,2.3429938685497858,0.09260834031344553,0.28804544264879944,-134.24366008186865
376,206,20,2,3.7697093995232205,0.5258234896480903,8.983591720194845,2.642707032656142,5.646369658695355,11.399028022931649,-151.39957016637473
378,207,13,1,0.039352055488056405,0.062445399793199054,6.327960038328379,-0.7534207307456176,0.07012477732619136,0.19063909978412943,43.16782806501656
379,208,13,1,0.062255988845321686,0.06465043533243023,6.372765759791301,1.0642748827293593,0.09991826964997517,0.29826731872735307,-60.978458977724586
380,209,1,1,0.0589798875553553,0.060270112967492476,6.304169971018018,-1.1073671316664984,0.0941254536936942,0.28883586101442715,63.44746297002662
381,210,17,1,0.052007602035344117,0.0631991427406714,6.3018957178713295,0.4639931191615979,0.08237404408390467,0.25991519187224804,-26.584847473090587
384,211,15,1,0.04971767815520587,0.05854082198328917,6.246264045401959,1.471898837547996,0.07640740613361433,0.25426377262804906,-84.33359123571498
386,212,20,2,3.758024695646572,0.535559905921142,9.202658196852626,-1.1479128006308144,5.628918930852895,11.36052872395963,65.75432179632936
388,213,19,1,0.04538223675470858,0.05373383398667653,6.178944244006078,-2.5718712668206813,0.07882940476540963,0.21096036227835,147.35736902819934
389,214,8,2,3.7731537326038316,0.530623527571042,9.281740581975496,-2.835067575402612,5.651514184349517,11.427511618995208,162.42097231447391
391,215,17,1,0.05052824398584358,0.07304029217812366,6.250413044027996,-2.395561488496933,0.0814051883889552,0.3367383487904724,137.25556285675805
392,216,3,1,0.06089619909933915,0.056693341296917776,6.340292228898315,-1.5143909803712141,0.09283534346141385,0.2917923289946619,86.76821170485351
396,217,16,2,3.742112468147881,0.5328549335949281,9.078843348671608,2.537853794481591,5.605153967325548,11.337833821099972,-145.4243424105732
397,218,9,1,0.061852470171395765,0.07405174461213294,6.232528956019669,1.934673254571991,0.11310982531256022,0.36841949471236574,-110.84861226300247
398,219,15,1,0.035159358126657735,0.04670246967079485,6.201441190438024,1.2004093831358773,0.05712730317974254,0.23195898605700455,-68.77839133484332
401,220,9,1,0.03956713890110705,0.07394874744314486,6.4126546013907815,-1.3064889613028468,0.06760968578396556,0.25442948936010884,74.85630345409785
402,221,6,2,3.7697015515588412,0.528719028756119,9.202163656108251,2.1675892583045377,5.646358118002259,11.399136626646188,-124.21010541346936
407,222,19,1,0.04820919621597807,0.07835896604692517,6.404104297988076,-2.6870494822308433,0.07985750230420917,0.3245104392142984,153.95659465542727
409,223,5,1,0.05062286857206721,0.046178665940441906,6.297839315586481,-1.3015451025528466,0.07731131855554103,0.28975234416300677,74.57304119913266
410,224,7,1,0.03816874475696107,0.0505537217208374,6.273796101835353,-2.0842084266269447,0.06372894273226479,0.19713947331001908,119.41634648046292
412,225,21,1,0.05823616425136964,0.048394835133307244,6.08568385297858,0.17793845213716544,0.09252181194920459,0.335581032953071,-10.195122372482194
413,226,19,1,0.07930945462566116,0.06572822460067637,6.2490464794311,0.14287833639822406,0.1330351680200188,0.45813053391710556,-8.186325795963592
417,227,13,1,0.06524325567019615,0.05760738795600104,6.191772125472104,3.0705556076075537,0.09426804653289027,0.3356844585629207,-175.9298770582392
418,228,19,1,0.03813454124806038,0.04722799262655167,6.240666456228732,-1.5742197455563736,0.05411310351033027,0.21270362868200088,90.19614744602109
420,229,19,1,0.04907712805518669,0.0801068104833909,6.058263142931792,2.3398748223088144,0.08484896383643852,0.31217812667105305,-134.06495192907582
423,230,13,1,0.06139076342561418,0.049548510655581905,6.2092486405430085,0.6074077312556075,0.09900307999258792,0.30018140172279334,-34.80189947902085
425,231,21,1,0.0431939180875555,0.07206081885824879,6.283484355289372,-1.3530141431593197,0.06707488708460446,0.2634335232111644,77.52200002041754
428,232,3,1,0.07025495210428613,0.05771370303738653,6.258868085044752,-2.6465424304090663,0.11379877701906778,0.3440917182552468,151.6357114800315
430,233,19,1,0.041419603473676105,0.06932393045631136,6.386595348459215,1.4038215150821876,0.07143971830129828,0.2955568759853725,-80.43304798764699
433,234,1,1,0.06276270827566426,0.04540259807016892,6.220077632941189,3.029905715275118,0.09969011480521618,0.33083866265343903,-173.60080974441058
434,235,18,2,3.7558522068543883,0.5308396299776077,9.35006759339281,-2.9835077660085654,5.625674276951217,11.367836936051336,170.9586118371594
435,236,3,1,0.04411002095528667,0.056472312645865386,6.315729772656394,-2.5716557903078687,0.0768427745248739,0.22230561300539362,147.34502313747782
437,237,13,1,0.03888459775041566,0.07542775912491119,6.180843113460711,-1.482519533035875,0.057706529146018815,0.23571619399642368,84.94211228230876
442,238,3,1,0.043528460499851956,0.08483296993685495,6.387579632682375,0.24826669639139884,0.0752571961902627,0.26430201703061423,-14.224633911824686
443,239,19,1,0.06115695317568289,0.06263576186198648,6.334370932285925,-3.1129716556930482,0.09181209805369125,0.2854146112263436,178.3601376087908
444,240,13,1,0.07133842375732294,0.06693295415775802,6.14528008811761,-2.8567422661749937,0.1144144280887875,0.39120073668672967,163.67927493375225
445,241,15,1,0.05144003696568554,0.06682607274565829,6.150419508630105,-2.46528901396618,0.08617587373047048,0.3141260465772237,141.25065580367993
446,242,14,2,3.7740979288189336,0.5321939345939983,9.209387462339155,0.1858842768270015,5.6529242882371875,11.426890475393666,-10.666831300342865
447,243,17,1,0.023049903381487193,0.05355194683650963,6.379365154716464,2.3102199099371696,0.041799179517740426,0.1660358463868572,-132.36585058626514
448,244,13,1,0.04126258100333018,0.04903154692345105,6.264933760563329,2.7019955195064176,0.06364488078691453,0.284687965819134,-154.81293952122755
449,245,9,1,0.06932505535626181,0.05521237483135962,6.338793535423667,0.8128327447330078,0.10898195953475531,0.3096727235426485,-46.571885730354296
450,246,13,1,0.0511019639665536,0.049667076674816374,6.254809800585755,-0.08395371791948054,0.07164491000517072,0.2535226797469024,4.81019372107314
452,247,17,1,0.07183535390451624,0.071620660610084,6.2310779472591244,1.270149247443904,0.12021827221062152,0.3375414930393592,-72.77419115593428
454,248,1,1,0.03947865145763865,0.06439408667660614,6.286743786324692,2.552173458785462,0.06628995740931565,0.21503457420158595,-146.22876777500437
455,249,19,1,0.035567703950266205,0.04775593808724062,6.258768354289969,0.06734739076835249,0.05441992636262718,0.2073954596163685,-3.858721254126462
456,250,3,1,0.05178868526575084,0.06910248890466437,6.372839190682217,-2.011947755724432,0.08316833008085223,0.26414587954953533,115.2761150299171
461,251,9,1,0.06563349926495132,0.06118576175835717,6.07780978735387,2.1332633719071405,0.10678552466006727,0.3242471341481425,-122.22698787203525
463,252,3,1,0.04897105257281325,0.051291900283705984,6.240873530009259,-0.3041594593011237,0.0792144915667788,0.24562927684634478,17.427053346636942
465,253,19,1,0.04448769294426114,0.0805299509902277,6.29124469043481,-2.985489297769496,0.07836715870170138,0.24962665713919316,171.0559365323647
466,254,5,1,0.0766363080563639,0.07444186129721184,6.19602105377632,1.2414181228760635,0.13142972496400887,0.3186104896900358,-71.12801899993653
467,255,19,1,0.06123529665957729,0.0522297183503017,6.292685389958669,-2.878535557983155,0.09780305591407198,0.32912090963088964,164.9279385975468
468,256,9,1,0.0796519518679377,0.05525415424302588,6.073594326506126,1.5418351404889916,0.1271880427983684,0.4151002444578405,-88.3406463357213
469,257,1,1,0.06151086411841827,0.06261771940710065,6.282684229455378,-0.39725823183658054,0.09651632550149705,0.3547988943343057,22.76122011571662
472,258,5,1,0.06876006178130564,0.04795434298020492,6.248902354990919,-2.0842551760215104,0.10930803259385029,0.35378760775104046,119.41902504966465
473,259,5,1,0.05992691619025806,0.057637903345967016,6.269931225601995,-0.847186605874521,0.10257707626543681,0.254725543249309,48.54021697481083
474,260,19,1,0.03840764681211708,0.05261126900548664,6.273299787095994,-0.0220973974287477,0.05842465831288554,0.2060354219825428,1.266087604675685
475,261,19,1,0.06211110467484156,0.06965995274259969,6.320711357615556,2.316409087730891,0.09857796483676756,0.3436857696605905,-132.72046438857694
476,262,5,1,0.05064581920247338,0.06132488680793729,6.279786895686351,2.517906980867588,0.08346969587252548,0.3630276323682506,-144.26544317831878
478,263,19,1,0.07249582696502276,0.05161773153767571,6.235747644075278,-3.0029378503902024,0.11885041774852936,0.34826103330679176,172.0556648688821
479,264,5,1,0.03873527049320306,0.03822344897997502,6.310577559635768,2.537574924498447,0.06527208438113231,0.20021908797504687,-145.39233336489886
480,265,21,1,0.06068461301706215,0.07589598365001216,6.1120236143522355,0.9479802159412739,0.09802215625737164,0.37136567842593177,-54.31526545148283
482,266,4,2,3.7793266749561822,0.5342808666791917,9.126842790496916,3.101451160952149,5.66073301422306,11.45145040515578,-177.71657729000114
483,267,15,1,0.062444710467647914,0.06642899070834017,6.333386608043995,2.4271572858779713,0.09906415405487967,0.29837942547952606,-139.06586865495612
486,268,3,1,0.05812284644575047,0.05369526803829923,6.130818758656631,2.4536068572486234,0.09034047055904883,0.35255251628063083,-140.58131746143215
488,269,13,1,0.056621208896942804,0.04614371294445899,6.251904098897314,-3.1050766823561147,0.08135044747566689,0.29715382099120735,177.9077889650981
489,270,19,1,0.03768871620433332,0.060823169282470335,6.2885316443692005,1.4901795215925986,0.05902159588915239,0.22809154632079337,-85.38099731114559
490,271,19,1,0.034136853215533745,0.049069469705610415,6.236560283985295,0.3114755428517685,0.0583972571331202,0.2226864331534251,-17.84623403389932
491,272,17,1,0.07094227930750571,0.06466034183849521,6.395026742567637,0.23449559480808224,0.1119349612823523,0.3567337657575649,-13.435607955933119
492,273,13,1,0.05982226271319718,0.05733043577214636,6.18603988879556,0.5694548333228988,0.09909422658247612,0.26853024837698697,-32.627358606869656
493,274,17,1,0.05023501152000426,0.05545901758708422,6.3185987877211724,2.707535173731751,0.0840449084276267,0.2908695573083769,-155.13033830330292
494,275,9,1,0.05041214265733398,0.04577319312598033,6.3192924917251725,-1.5573261187375365,0.07330228172928761,0.25881688809119197,89.22821391300553
495,276,16,2,3.769461940038453,0.5285362996088049,9.1090034252117,2.2191008188803565,5.646000194841164,11.400798566214714,-127.16149729730982
498,277,7,1,0.048614066398642415,0.050918955152905745,6.279901162851744,1.0912275908192148,0.08013388322620572,0.22951129671529347,-62.522735419237954
507,278,9,1,0.07236347291988626,0.060714421138974795,6.2588347561577145,-2.521718079911565,0.11286809744253457,0.36869659736586335,144.4838030079675
510,279,21,1,0.06801199032875127,0.07033125047349084,6.262792963484588,1.178148040798016,0.10597665568563722,0.37116693700819714,-67.50291032323321
511,280,17,1,0.044171884213136794,0.07446393934825496,6.330514135728527,-2.2037668049162233,0.07423634047882409,0.23294853044976865,126.26653696962094
513,281,1,1,0.05163813707829171,0.05994221159441637,6.279282982078606,-2.464442042407768,0.0858778919779832,0.19962954554591034,141.2021278787492
515,282,7,1,0.03423244497706089,0.08482972639995673,6.333862877563377,2.918744263449628,0.06037623626125543,0.2942002485246488,-167.23172776838823
518,283,7,1,0.0626350360338051,0.06864186092910912,6.179007328365193,-0.7176960828725536,0.10061799649713528,0.3745740157700714,41.1209565723626
520,284,9,1,0.06102408778523805,0.050832677140395216,6.228768105637255,-2.1359185433639274,0.10296188670202652,0.34694463158221445,122.37911798815426
521,285,1,1,0.0626937302679878,0.06629965191776829,6.091871318355067,1.754647603915158,0.09912873598136489,0.30154373904461534,-100.53390222767152
523,286,13,1,0.07368659281982266,0.07633084999356865,6.265501832300438,-2.5874008510577036,0.12989444872457698,0.48039799834447483,148.2471485468026
525,287,12,2,3.790583724508066,0.5392414692363507,9.00488143220167,-2.2294283664763217,5.67754458924649,11.488513335662507,127.75350000718983
529,288,19,1,0.06129819387805052,0.07167715710701619,6.149239535760834,2.866048300191041,0.09851440840595467,0.3302753039567544,-164.21247143925757
530,289,19,1,0.03829204354722466,0.06785506886192134,6.322131582762402,-0.7577141317878361,0.06366389757861281,0.25098654745500654,43.41382183161801
531,290,2,2,3.7712864818287466,0.5287282196334522,9.28176686922194,2.894647036523073,5.648725244497194,11.420360500564934,-165.8346484449046
533,291,7,1,0.05979648564834856,0.055233860326480276,6.306975903927654,2.5996335603021903,0.09416187041657303,0.29787831425878947,-148.94803124494572
534,292,9,1,0.05395368558547564,0.062303534035323224,6.261856401662964,0.0069591513820680935,0.08434497218883157,0.31086218333795607,-0.39872999249534846
535,293,2,2,3.7783251727103395,0.532021995681471,9.339737379543154,1.692131662070227,5.659237064391063,11.429514827439467,-96.93550036802539
537,294,5,1,0.0583121378681866,0.06118183562529069,6.221908579751783,-2.820403761586745,0.09457231360404092,0.3308364599562487,161.59723201433306
538,295,5,1,0.05825435228431673,0.0748907972998448,6.3313795170117935,2.806360891104123,0.09755942889550734,0.36213157050164707,-160.7926348075054
539,296,5,1,0.04517835965808232,0.06972610556462726,6.280516683921718,1.5967975246454607,0.07365878851923476,0.2557695351547079,-91.48975888665372
540,297,15,1,0.06441988728949254,0.043964508866736716,6.2150196282933425,2.4707405077386317,0.10192755884902431,0.29486208939579533,-141.56300333825192
541,298,2,2,3.7769482839616995,0.5292966511155709,9.175638253368117,-1.294807535869377,5.657180929329436,11.441841018964736,74.17052292398138
542,299,17,1,0.0797896273451056,0.049482306549847664,6.225149203718376,2.1835933835146615,0.12372079777628703,0.3442186994153643,-125.11068509717975
543,300,13,1,0.039267416491621174,0.06399712931929248,6.210895137677276,2.0943533263425818,0.06542646095413264,0.2204984005556432,-119.9976064227684
544,301,13,1,0.06787296188946945,0.040603620609045814,6.115274515465751,2.7944938399351567,0.1079667215231393,0.30891566753157584,-160.1127028222752
545,302,13,1,0.03852898033206735,0.050848636465429246,6.271128726054041,1.7430224810219688,0.06258959527730032,0.21291852521634116,-99.86783177289911
546,303,20,2,3.7805480715187065,0.534438864922188,9.147263551682704,0.2425630316636582,5.6625571895279,11.452060180167722,-13.914369448996561
547,304,17,1,0.06974732642608236,0.0533217253933186,6.306518353951003,2.7093008944324084,0.10844698434751168,0.3354107592393144,-155.231506600652
548,305,1,1,0.0382643459466352,0.04662856434598077,6.212294449396507,0.5138706738997697,0.06489136128926785,0.16819903080828297,-29.442620832622374
549,306,3,1,0.06579318399749724,0.05485327826666682,6.259629511510422,-1.8172651236336783,0.10389676096485387,0.2980044167291262,104.12162189232312
550,307,15,1,0.07439371155034427,0.08289309958536227,6.197830244597128,2.2084254461423787,0.1137377168294805,0.4752453658034285,-126.53345744309027
551,308,13,1,0.03591623448311169,0.057414650083011096,6.349291284898175,0.018337326082505982,0.0571877477756225,0.24094415194119406,-1.0506513935680089
552,309,3,1,0.04044372463149201,0.06740776826948945,6.141376724987411,3.096233841963035,0.06556706451978665,0.27468573965303844,-177.4011315380249
557,310,1,1,0.08840197783286677,0.07316524594947454,6.158784487966725,-1.5446629809780277,0.1389861805271925,0.42651585509961665,88.50266949451866
558,311,21,1,0.03542704641285218,0.05105383100204747,6.215439688457548,2.7991202665112414,0.06123894051169508,0.23770564228861102,-160.37777761060102
559,312,5,1,0.06011934293376621,0.05379482139944539,6.139021180440483,-2.105883197727902,0.0957972839683243,0.27212066531877865,120.65821939508159
560,313,17,1,0.061757915432179886,0.07156981502641499,6.244717445745862,-2.033746784630137,0.09164878587734737,0.35921823569647016,116.52510738169283
563,314,3,1,0.0730331096674848,0.05989371016386572,6.231790013502769,-1.312095081479865,0.11862666760224232,0.3853547158698095,75.17751038510684
566,315,17,1,0.07880347908253109,0.07140216976883851,6.261353355126494,0.588797289941402,0.1299840918426538,0.43420690573248655,-33.735599840588584
570,316,20,2,3.7281080315373214,0.5420181729939966,9.363105545662227,-3.0853444677737625,5.584236887747165,11.29509259941879,176.76136520311772
571,317,17,1,0.04111464078012245,0.04940263015433975,6.241260904118307,0.5521275464911164,0.06770176121018515,0.1899072130944305,-31.63457817766257
573,318,5,1,0.04768168077820991,0.062178737909226955,6.3406566693531525,-1.4255186759564844,0.07746036016406187,0.2932879885219313,81.67620373992486
576,319,3,1,0.054469998881454165,0.061950522041795804,6.28394782750519,0.5077357079470065,0.08997411060962078,0.2956282828779003,-29.091113214603602
584,320,9,1,0.055233036568922325,0.04804393931007789,6.194353066097059,-0.3170829275845468,0.08621825278591845,0.2576408644350691,18.167513542628228
590,321,5,1,0.046271112614667126,0.05293410596990134,6.338448983250967,-1.1978650872849883,0.07325255596565973,0.25427922322089047,68.63261390822075
591,322,9,1,0.06767774511802852,0.056829746396327846,6.114828923232205,-2.293239804374466,0.10787753255736594,0.3184602271153924,131.39296226596016
592,323,7,1,0.04232647520078014,0.05158419530300349,6.1068762839855575,-2.6746435417023706,0.06832293570392343,0.264065730618372,153.2457866265408
593,324,17,1,0.035742171032226724,0.058239543903296345,6.406804608139126,-0.671649730354048,0.06462174688116877,0.18719470651092363,38.48269485807212
594,325,15,1,0.032775524915037935,0.043417021893894334,6.196834360733141,1.8630197777849535,0.05432704318257089,0.20382581533005045,-106.74317042226109
595,326,3,1,0.06381335727519413,0.058286299109914994,6.204997253562613,2.547701904008508,0.10108057699465219,0.34208046142195747,-145.9725664951213
596,327,17,1,0.04325541577835523,0.06285557574953106,6.287205940237879,-2.4846058337349852,0.07283334814035507,0.24682421244881003,142.35742801477156
599,328,7,1,0.05619973277357496,0.07145886242326539,6.485728539793527,0.3718339597909158,0.09110833324335031,0.2786632578792635,-21.304516611830994
600,329,5,1,0.04655686888702272,0.060299733902429695,6.234711707302088,1.4750128277264394,0.07259827495939812,0.2581207040521571,-84.51200974426116
604,330,13,1,0.09643731794013538,0.0950114662822047,6.178056022025017,1.537246427544265,0.16937603764417383,0.4355018291929658,-88.07773257257894
605,331,21,1,0.04060506555349612,0.060921393067555306,6.178112364258231,-2.8027946312121603,0.06195456955845408,0.22438560151693054,160.58830319542378
606,332,2,2,3.7615407862019463,0.5302452994351771,9.045462843147488,0.08388862483932683,5.634170623889753,11.391434950096391,-4.822746817039612
607,333,5,1,0.05527370283664822,0.06916052556530033,6.352146549808481,0.7596055493840959,0.08375027820628637,0.3498807682639692,-43.52219206009143
609,334,15,1,0.06140786942476349,0.06649333174711708,6.308453524877845,-1.2293641098306334,0.09616846547360583,0.30772886992948184,70.43737492241515
612,335,2,2,3.7696829954888122,0.5284478421253773,9.041976421636514,-2.8279281423321914,5.646330438750021,11.40233594709575,162.0119583735677
613,336,15,1,0.035427166837039926,0.05506754202605656,6.329915540059503,-1.8712947388589274,0.055743065469250105,0.19165527698883866,107.21729076639193
614,337,21,1,0.035936004720046315,0.07631941910738207,6.3193042978067755,2.3954353360703506,0.06739705210963079,0.2223847314476031,-137.24833485007184
615,338,15,1,0.06754425819770109,0.07268047266154928,6.230386233320578,-2.5391259516181264,0.11371439257766588,0.3893323095600346,145.48120059045155
616,339,15,1,0.0540782196283355,0.048140948968261967,6.275884577501637,2.888264230142568,0.08480114602529072,0.2699745602017903,-165.4853504741528
617,340,15,1,0.05319768427368585,0.07189588490978059,6.439665641092065,-1.2933100980188876,0.08292783481781274,0.2548738915882186,74.1012101868927
618,341,21,1,0.04792627100846292,0.0529781035003157,6.232872660879528,1.2655069004899229,0.0778278783076007,0.2616937969143092,-72.50820431525578
619,342,13,1,0.04257225372516623,0.06114599037303979,6.366360939712052,0.011532272667969128,0.06549709989911137,0.21870219597594515,-0.6607505558406365
620,343,7,1,0.04815013727138912,0.052234447953590904,6.205288501994594,-2.95710906034249,0.07761458732792623,0.2759743580152876,169.42986869945724
621,344,17,1,0.043165891856433394,0.06978202953680392,6.282904458152777,-1.143674528966276,0.07601787416266878,0.2498416331516892,65.52772363805529
622,345,13,1,0.06455177520630655,0.05224830385101526,6.30544904637118,-1.4352720476539393,0.10795202546882073,0.3413892415005606,82.23503072142562
623,346,3,1,0.05063996767145238,0.05492237741042629,6.275979099389696,1.798361482403971,0.07465728610571105,0.24314733660831658,-103.03852299535508
624,347,17,1,0.046788128000379764,0.056507621131364844,6.1738990546699375,1.2342769362337773,0.07968835787166488,0.25528828385790586,-70.71885916947242
627,348,17,1,0.04255641644575716,0.05113878004635547,6.066331224245718,-2.383931296159386,0.06901681895761858,0.21518890797487011,136.5892019027555
628,349,8,2,3.771185131166649,0.5298098034931916,9.28614746631459,-1.8889005391806053,5.648573882997071,11.416328119646906,108.20962021466059
633,350,1,1,0.03777713007318047,0.06214334527825404,6.296541829065992,0.91554566775944,0.06464551321743899,0.2644186204257614,-52.45690270821455
634,351,18,2,3.759700393823915,0.5333465203725496,9.474079710842016,1.4828508701170038,5.631421453621694,11.352514487652744,-84.9448377863492
635,352,9,1,0.038284896852860684,0.056849451085638145,6.197667338465374,-1.7412375378296079,0.05993078897507422,0.21431910500525325,99.76556204884301
637,353,1,1,0.050200755256835435,0.06836476418666547,6.3565901933653945,-1.5642027018541376,0.0802003459196359,0.31950407066527486,89.62221313295231
638,354,7,1,0.06746252231363797,0.0654182450214913,6.317784983473166,1.6493102880989172,0.11230137739964616,0.3039764340309883,-94.49851865604393
642,355,7,1,0.027814873872361454,0.05089805895230719,6.195451451404315,-0.8476406886895995,0.04931694805902383,0.1453649393388547,48.56623400346268
644,356,7,1,0.04319073407020716,0.054049002260135794,6.328524988085812,1.4092899077321412,0.06646948647709433,0.2838627464759283,-80.7463638208052
645,357,16,2,3.7638253287639842,0.5286868138998928,9.311061631471233,-0.9136464912872205,5.63758222486262,11.396473509758149,52.36440037023195
647,358,7,1,0.03930132111781488,0.062008959042980046,6.235705680885943,0.3513813232426788,0.066616067155766,0.2641522970410078,-20.132666829513287
648,359,3,1,0.05153990872285752,0.05980601753408374,6.325394512463115,-1.7647181260373768,0.08483384659639044,0.24746208718050478,101.1109006671072
651,360,21,1,0.07024292910804225,0.061309390787885436,6.309119415667643,-0.22647171670724975,0.10626758357386547,0.37778557354239484,12.975873569113258
652,361,19,1,0.05165843623770619,0.052224780387855115,6.279163893342857,-3.1290397010421,0.07444957617619889,0.2358398353485608,179.2807688084673
653,362,7,1,0.03867867352639052,0.057174216195085725,6.280489069421187,1.817556423941575,0.06058290858401539,0.20526226864026414,-104.13831212675959
655,363,8,2,3.7736218736547125,0.5295430520318728,9.106658580066386,-1.5786600298721691,5.652213413968236,11.445796981910364,90.43411649339258
656,364,17,1,0.0858328426454404,0.09437584895029309,6.256430912921567,-2.2468102173464377,0.14175288535206784,0.4549521990766789,128.73274277983523
660,365,19,1,0.05349041200076671,0.06416693980195233,6.237970044158141,-0.5216965643611188,0.08847990786250456,0.35377893283890843,29.89101133883925
661,366,13,1,0.05126700728548046,0.05476060669772598,6.3391179856767375,1.4947023857690798,0.08327343702258959,0.22491065159093673,-85.64013833002639
662,367,18,2,3.7700091948724666,0.5312760429712141,9.385239847224488,0.006245666893640801,5.646817656185494,11.406987787037199,-0.37424356424434474
664,368,15,1,0.06443770969663609,0.054536893010770686,6.108350696312371,0.19487778358040378,0.10275659849526687,0.30426855292435884,-11.165674543632019
667,369,15,1,0.04578097124355998,0.06737395096161737,6.360555332647794,-2.8414446033268863,0.07357642466104151,0.26831020046618154,162.80278347819535
670,370,7,1,0.06759720182802985,0.05988083936004133,6.199354798427202,-2.886840815914459,0.1075196538845272,0.3214494113135905,165.40379487457747
671,371,5,1,0.033067159001465195,0.04135502209486346,6.301905854614967,2.909463340013951,0.049779730916119244,0.17470709424360203,-166.69997002825025
673,372,19,1,0.06442308311734571,0.0548524119265584,6.194210900836198,-1.9650171203604072,0.10747635494409868,0.3585273348423395,112.58718774476783
675,373,1,1,0.030844506757282165,0.06523327689184139,6.335161093794626,-2.9509118292169827,0.054972984766628964,0.28550705521710323,169.0747935262674
680,374,17,1,0.05382294505412467,0.0719865183637615,6.3404795706691965,1.8993993428815679,0.08498585374467048,0.2880194113725977,-108.82756597299984
681,375,1,1,0.060810494208965254,0.07371151783637306,6.164311159517456,-0.9765227966417732,0.09569546432055309,0.36645758856273214,55.95063482783987
683,376,9,1,0.044025583989503084,0.051145887044932364,6.225707729204536,-2.0337091167855452,0.07058069816578033,0.21805152473662842,116.52294915899928
684,377,5,1,0.07874059180083567,0.07272509694574383,6.234971100000468,-1.0141836773154602,0.1334854238831476,0.4146998072915879,58.10844422921132
685,378,21,1,0.05541553326211905,0.04876384678261812,6.233316428998145,0.9381183573233655,0.08991995720697785,0.28449594528605604,-53.75022251291375
686,379,7,1,0.050843290184074054,0.05458410909161204,6.227403714578987,-0.13041470258978055,0.07699186175511642,0.2775430837923795,7.472212068566975
687,380,1,1,0.07984240646738691,0.06659596414032046,6.161281694019007,1.955778325224511,0.1259540521514112,0.384161704714653,-112.05784382480127
688,381,18,2,3.770703299493494,0.5401907402948891,9.428740897161004,2.417553296432131,5.647854271155174,11.433240335970199,-138.4991983303503
690,382,7,1,0.04936877200894798,0.06049717537505126,6.1946797088320205,-2.3722078165322547,0.08018840454518794,0.25975720467178787,135.9174960013233
691,383,1,1,0.06704590431072294,0.09062414994277972,6.292247358010539,2.6091757865104466,0.11838250168488312,0.4599730794123357,-149.49476048042263
693,384,17,1,0.039403590438755846,0.05678188632951466,6.481988174406262,0.013482394048165187,0.06313135533888974,0.2983894410844241,-0.7724842749880357
696,385,1,1,0.06219474932828792,0.05447449476938903,6.2310655584589485,0.6208234734800324,0.09216797842903121,0.33562030409742016,-35.57056485090953
697,386,1,1,0.0487976953906489,0.07635874809961969,6.369150820235934,-2.786648439116387,0.08115559857783061,0.2990681477276415,159.66319451842782
699,387,9,1,0.06342076514478318,0.05490270394739361,6.252546283390251,-0.6646256892812968,0.10399356757315857,0.337761186075177,38.080246999491756
701,388,17,1,0.05581517624215979,0.045875359747758894,6.23919639836264,0.6185055981462848,0.08406434092950021,0.28480779227124287,-35.437760390020095
702,389,8,2,3.792461688702315,0.5419981422069087,9.29116046012725,-2.9538843673659114,5.680348842443162,11.48272277375749,169.22841871182385
703,390,19,1,0.040119636737856526,0.04285622698802119,6.242903555357949,-2.5013623706593626,0.06887142888046253,0.17589853418375434,143.3175068631472
704,391,1,1,0.05680542546053119,0.047212428323798857,6.229025092642008,-0.444008006969585,0.09610980771447096,0.3214938955653454,25.43978491653179
706,392,1,1,0.04731682749909085,0.058026204488797715,6.121376939127617,-1.7838669178139943,0.07144565602996336,0.2584789067492538,102.20804561374389
707,393,1,1,0.04067836701698278,0.05738555400525258,6.252411488823454,-2.810850214476524,0.06760842742510079,0.21345817681234885,161.04985412129315
712,394,5,1,0.038928649285695366,0.046397956547816,6.182294467720575,2.6821478288114604,0.06612998096172981,0.17296875881159116,-153.67575061352207
713,395,3,1,0.04648962916125568,0.055611413033196076,6.205635390599621,1.884493879840444,0.07399129814022283,0.27764105207800116,-107.97354585870174
714,396,1,1,0.03570613447148069,0.06345695750215563,6.388535008179582,-2.9664324706294813,0.060901516308879196,0.22593186254167535,169.9640607755052
715,397,1,1,0.04615076793338901,0.040928072502593074,6.199052207515316,1.2532366186140493,0.06961449988105686,0.21796652397580898,-71.80516897218023
716,398,19,1,0.030916311125821966,0.04284619666188388,6.296530535604803,0.6262101395850823,0.056044999053218636,0.19359027122291145,-35.87919808904622
722,399,21,1,0.04785672060779727,0.07404247443746194,6.383885691441294,0.7874246579736737,0.07808746949728645,0.2906108795772977,-45.116109603822565
723,400,17,1,0.03785054240940799,0.055640448766848455,6.2668583985563595,-3.045537994503673,0.05389695980241217,0.20674637710576907,174.49647343192106
724,401,21,1,0.05944530054775585,0.07141965844277162,6.22155094438211,0.2874361584493396,0.09543124807366496,0.3193301391496229,-16.46887881243671
725,402,7,1,0.038452414329307884,0.06005728605536678,6.193748299684489,-0.08654911298580292,0.061910467098728404,0.29478739843566637,4.958898905440432
727,403,14,2,3.773704817386474,0.5265660861706839,9.08216741488114,-2.022778263385476,5.652336835759911,11.426500537851979,115.88021577262295
728,404,5,1,0.06812383568931399,0.062503844532638,6.280879170745232,-0.16851999305805046,0.10559242817870927,0.3221493299427685,9.655484394573115
730,405,3,1,0.053537522883828355,0.05016898961603003,6.169604564627644,-1.2153724608666638,0.08492243479481583,0.24365249099676572,69.6357125123984
732,406,7,1,0.08965553301390797,0.0773632788189661,6.284968181212247,-3.083876384062333,0.15028689234356796,0.3754852989287433,176.69310141453212
733,407,1,1,0.061748701947112135,0.052039056060425894,6.187876736704552,-2.8641735653785436,0.09974055985415627,0.3083442437682423,164.10505702790545
734,408,15,1,0.05181932650035833,0.06984676276913253,6.25966354871095,1.92166671458258,0.08246961797409459,0.3591842023375842,-110.103392403694
735,409,7,1,0.053443130446136376,0.0411795912958879,6.306156738783653,2.660608424029258,0.08797783449079234,0.2460029273690127,-152.4416335937712
738,410,9,1,0.06469038970411346,0.05706523971286357,6.320295903641783,-2.731314237999165,0.10291024048819519,0.32330514581611214,156.49277829268942
741,411,15,1,0.07678354224173078,0.05947091227698648,6.2575630637479716,2.1891841383452215,0.12222362304085899,0.37506175596422525,-125.43101180227285
742,412,5,1,0.08719091995273417,0.06541415246211804,6.251646677110075,-2.5536689980739267,0.13363695506103956,0.4395938334881112,146.3144557625306
743,413,1,1,0.04022146704099299,0.05063967280070485,6.23181162961099,0.9989036352960761,0.07431111663305758,0.20171222608312797,-57.23296243159051
752,414,19,1,0.06157651521476698,0.056357621565665865,6.24975302770026,0.05949920358121132,0.09034579046298194,0.28633030170127777,-3.4090532410659122
754,415,10,2,3.7681968325897204,0.5306432338554664,9.213177219044894,1.5222218543949377,5.644110987287567,11.408277823547547,-87.2005182326431
755,416,15,1,0.05242996809320919,0.04775039572082771,6.320039295682057,1.159150719117765,0.08298970052533987,0.26190124231570516,-66.4144439909987
756,417,9,1,0.05004812772900994,0.057537286707703535,6.275526204011499,-2.9519756815093303,0.07825780788410573,0.2794751230330337,169.13574775131684
757,418,1,1,0.04185638038011767,0.06591909435394587,6.331669650926571,-2.366800548439377,0.07195255184455396,0.1969154782881009,135.6076823705524
759,419,19,1,0.07245537240128244,0.06399019438248922,6.319507278093897,2.514711380412431,0.10846023728558728,0.34040455279365883,-144.0823487649648
761,420,5,1,0.035886390435068416,0.054364326805729016,6.268189810854595,-3.0033673962490215,0.05810218901513941,0.2587050729590523,172.08027612379948
762,421,17,1,0.06228001213878165,0.05661779724214045,6.325438342624329,1.0136479397375089,0.10203876749115678,0.3395914591702066,-58.07774882117733
764,422,5,1,0.049451971345367184,0.0625376721472935,6.240990215434337,1.1564140414339574,0.08018480068357901,0.24039318489295852,-66.25764391520381
765,423,21,1,0.037138400395345494,0.06738404096397316,6.309165604594068,-0.302057478255928,0.067563518600809,0.22306741841337868,17.306618684806736
769,424,17,1,0.04963710047195407,0.06321528513676929,6.355177443411676,-1.3526940620673633,0.07766948461186467,0.2672116883731476,77.50366071767054
772,425,3,1,0.06092730007359564,0.07399951768900072,6.254318519306219,-1.280729611866966,0.09681387781790729,0.2930583350705705,73.38040140749183
773,426,10,2,3.769807461544483,0.5318041708618366,9.434590944012184,1.7689130265411122,5.646516180508028,11.387106779481739,-101.33486017070766
774,427,15,1,0.055843055839537616,0.07416171070389768,6.196909957857801,1.2499786005619804,0.09466221316005313,0.24644451578008983,-71.61849826576311
775,428,21,1,0.06182396940818115,0.058462159913109706,6.273184303779368,-1.3988248101191698,0.09967856994364492,0.3233877872088364,80.14675786824087
777,429,7,1,0.08239341897201546,0.07460930897448112,6.226985784835055,-1.274754786491092,0.14129563408168108,0.462783037425265,73.03806902723274
778,430,9,1,0.057982690662398986,0.08165972823491197,6.2219974362078085,2.8689046537615814,0.0988443200725425,0.3258284775957772,-164.37612846099455
779,431,5,1,0.039608251778516027,0.047979610471847435,6.273803788379795,-0.7874530366891507,0.06942946930910512,0.197234743026845,45.11773556119502
782,432,7,1,0.06035146876671919,0.048789431881468885,6.363603196019324,2.829043775991465,0.09469510589889905,0.29587636326726685,-162.09226837080092
783,433,7,1,0.06654385970802458,0.08972286928673236,6.231064417128638,3.0814590899615584,0.11435170649433549,0.37548422393265934,-176.5546005114301
787,434,15,1,0.08107023579235378,0.08661234515331351,6.259966112263346,1.6782222131476057,0.14182453325845254,0.41470868821121093,-96.15505004278266
789,435,15,1,0.06460036331590117,0.06233574986003987,6.145762983518185,-0.028058286432405436,0.1030916442963071,0.3028800730961899,1.6076214436861536
790,436,17,1,0.06560437479802247,0.06499320441966819,6.138816842953642,3.0469418354899047,0.10908982281064679,0.37151716144515495,-174.57690752915772
791,437,9,1,0.08998045009059745,0.0865361779298337,6.129093850448189,2.625864643699392,0.130750961791237,0.4921391664301621,-150.45096162326394
792,438,19,1,0.038953018514944766,0.06293341125536295,6.224667125982402,1.0532284004649883,0.06488541906684521,0.1982642842931866,-60.34554219812214
793,439,17,1,0.06512070625985825,0.0802309484388783,6.294870667123245,2.234811786451111,0.10808622348534308,0.4002556969204866,-128.04528341859475
795,440,9,1,0.05237745627453882,0.07810926402761376,6.4096074920101325,2.0304523779604664,0.08919111675341786,0.32312546696633704,-116.33635180027527
796,441,15,1,0.036682556916936546,0.0641400312921752,6.1920977512674655,-1.7015089642192602,0.0560461338279293,0.21721876197855447,97.48928244894195
800,442,5,1,0.04286779809381014,0.04839615438822854,6.263131691406574,-0.006869244162887323,0.06008140386770139,0.25741412015903675,0.3935786998920983
803,443,18,2,3.7779105402980586,0.5376544816860115,9.345769014896002,-0.7393149384370659,5.658617834103593,11.426005924883157,42.3761225110812
805,444,17,1,0.07217325981391579,0.0640314715463328,6.294110172360825,-1.100427841003428,0.11610679773885411,0.39351882282733863,63.04987085070054
808,445,15,1,0.0752027774521467,0.04961745659187768,6.10832668712304,-0.5878368959738911,0.12003408597614054,0.3384638173468826,33.68057326321286
812,446,17,1,0.04594254447750769,0.05452143228369453,6.277976434237662,-2.2095017137524557,0.07255831036963686,0.2139009174124371,126.59512303068216
815,447,4,2,3.7703214537556606,0.5333796712859649,9.234430432717954,-0.8165289024684212,5.647284252735011,11.422889206231943,46.76726264546393
820,448,14,2,3.7641449184447526,0.5415518349694838,9.370615094608521,1.0865466162767388,5.63805977865991,11.394813054397462,-62.23821874093276
821,449,21,1,0.06180717142116664,0.08551115951036452,6.409830907098425,0.3605568255742922,0.10196565579580964,0.3215369044369794,-20.658384437872026
823,450,17,1,0.03422369222322055,0.04877779598344309,6.185057558222382,1.0015248691720804,0.06365219671527071,0.1826618522317661,-57.38314808423212
825,451,5,1,0.03389418599415243,0.06753947689124813,6.274553429890023,0.3001098911452622,0.0600809217266152,0.2727321852892372,-17.195030160252298
827,452,19,1,0.07247099622921152,0.07455163698102309,6.143665636985265,-0.9589784423940566,0.1064877012440063,0.396806835838872,54.94541738602813
828,453,1,1,0.05784213062289145,0.06247896691023697,6.134498873343367,2.4595765089924266,0.0912606986536038,0.3187551774419688,-140.9233533765428
830,454,5,1,0.04666934416668088,0.05606377985150278,6.272013762374743,-1.8460703678734984,0.07925906509774516,0.2543368173898104,105.77204078258777
831,455,9,1,0.04553424071167134,0.04417437945591848,6.172137465469769,-1.8500880792347407,0.07083578904918611,0.22158456417124503,106.00223869078447
833,456,17,1,0.03707690325338911,0.041940594878760624,6.312614958603491,-1.393138156008833,0.05337299119191078,0.19779408711810775,79.82093661555373
834,457,21,1,0.035064211939395525,0.04737811406475527,6.3374506604444,0.8401290185747876,0.06239020605804,0.2452671628946688,-48.135847008879374
836,458,21,1,0.04441379451120119,0.03520627677701204,6.246647523783994,-0.9847276497049405,0.07031530657371537,0.2217521688237145,56.42073828958752
837,459,2,2,3.76973758891081,0.5361829005894413,9.484617822706959,-0.7381903592358376,5.6464120036785275,11.389621638571665,42.27880239716801
838,460,9,1,0.04848911896074123,0.051815389315446124,6.293381219892226,-2.475897424980704,0.0772619305250293,0.20934225533089015,141.8584729563267
839,461,20,2,3.7591811387945775,0.5288822806491322,9.138495368327762,-0.19818156039870846,5.630646166861429,11.367343612381045,11.33871502962909
841,462,5,1,0.04725952668469493,0.06909947410459408,6.337031399794449,-0.13060484969651653,0.07719891658546017,0.2990715585087821,7.483106694722512
842,463,3,1,0.04785075271598906,0.05518983940950542,6.285501655495337,-2.1751934560249797,0.07882101161907072,0.25177160223043626,124.62940466487
843,464,19,1,0.050163733762702056,0.06356660239473903,6.237795257028677,-0.7627653698238662,0.08005182687801143,0.3138208437135292,43.703236451628854
844,465,17,1,0.06101259346784777,0.06892598258177723,6.379586815102115,-2.9456953308131952,0.09502961927743989,0.322780049366718,168.77591014947777
845,466,3,1,0.055323453400909994,0.06687108092921337,6.207824789868412,-0.19095939055450628,0.08626894975316082,0.2691569238872216,10.941167167463037
846,467,5,1,0.0670630120802969,0.0647941332510644,6.375549861544346,-2.0678150818937646,0.12077273595930964,0.3819712551083563,118.47707709008147
847,468,3,1,0.05462713505552625,0.06617193951604015,6.228132860563121,-2.521375977943402,0.09198981389118009,0.2410745431968914,144.46420207943348
849,469,15,1,0.06384094712270365,0.05814988710908315,6.164177469320103,0.6865515581763659,0.09869341885976615,0.3422077094260964,-39.33650667982809
852,470,21,1,0.04196698008154947,0.05055600594632608,6.332367902942713,2.4174524985649666,0.06581526532855533,0.19376723646568916,-138.5098253387744
854,471,7,1,0.03799014898482677,0.03495663018816511,6.224209095060011,-1.3416090475693951,0.05729843580419809,0.22189593438119004,76.86853617517768
856,472,5,1,0.061154243233558135,0.05707938444483863,6.2573545564959865,0.16651055481885285,0.10425742663486239,0.3649798204352207,-9.54035209880511
858,473,5,1,0.03524089622059287,0.06520354863613716,6.318812636703711,-1.5544795318938072,0.0541439834529455,0.23520885224319507,89.06511651091868
860,474,9,1,0.07898026170597863,0.07508953679530324,6.1923463712072495,0.237775770266122,0.13780223740390624,0.46127609794720686,-13.623548254571636
861,475,9,1,0.0361983566190685,0.04090296420448424,6.318690558890552,-1.2039511778172005,0.05843731930357895,0.2690367863189423,68.98132122245595
863,476,17,1,0.04785899533377826,0.042979729742632145,6.1807713355399985,2.949595383235361,0.0696511873731556,0.25336055280575964,-168.99936671457758
864,477,20,2,3.779872691959437,0.5341653500045429,9.026722398258295,-1.9996952000397066,5.661548571421577,11.460637102571477,114.59061786947814
865,478,19,1,0.06329137030145907,0.055373146027772664,6.244206269605294,0.6310313704354339,0.10028391414827174,0.2874767669910176,-36.155434302243854
866,479,13,1,0.057279770275272056,0.05238032289105704,6.203307036994312,-2.777559594869684,0.0902972466325384,0.32626895922677507,159.1424420843466
868,480,17,1,0.058807010552962995,0.07718343956160913,6.263993255817798,1.3650116340255007,0.09842669980918305,0.2990972247005127,-78.20940556730683
869,481,18,2,3.7681273227201526,0.5259827540000969,9.178957109690915,-3.107187028356513,5.644006966321849,11.385734585312282,178.01233427790797
873,482,7,1,0.03657695836135665,0.06130292749327577,6.237787558927625,2.6203728426130035,0.05816779683728615,0.19157659724319534,-150.13630462281182
876,483,19,1,0.047951701376099255,0.06058632036947485,6.114786277471015,-0.7692439720893609,0.07666226517797552,0.2327390035099093,44.0744330278711
880,484,21,1,0.05178733740804623,0.05946803768535588,6.251538403143167,-3.091369033457566,0.08227061098943747,0.267812732347812,177.12239853600192
884,485,19,1,0.028099252493434236,0.07526057168771791,6.180134745907055,0.3233113021283589,0.04625756431366132,0.1791509607327161,-18.524373084293703
885,486,13,1,0.05902090013407008,0.07188538749254511,6.344857604113501,2.007276882033134,0.09732754580202163,0.3192180588134609,-115.00849369786401
887,487,1,1,0.0648242479051759,0.08395369362934958,6.169027916980571,1.1687581409368952,0.12113999814880454,0.31785983109125365,-66.96490869059849
888,488,17,1,0.04237394048069448,0.053888012331730295,6.263937106231712,-0.9748112107887359,0.07367676835796014,0.229168656401454,55.85256818803763
889,489,17,1,0.06429060974317821,0.05898060453563103,6.257445695193297,-1.5025865672962424,0.09556527801679454,0.26646571635690364,86.09186864043465
890,490,1,1,0.06723957649657929,0.06484477448570497,6.234363241506668,-2.786269556659298,0.11027651125777613,0.3727642470018668,159.64148611261965
893,491,3,1,0.04780732614873443,0.05083709601847944,6.233019387389645,3.0676109549899127,0.06916337680366186,0.24651944414152183,-175.76116091462808
898,492,7,1,0.06640646294355892,0.07399652807645088,6.168196530759915,0.27818713429798436,0.10597931947733236,0.3700414274043685,-15.938948776573902
899,493,1,1,0.04956371399850572,0.061337906295498776,6.141148384094609,0.1325510364400816,0.07797078956520466,0.26600743992461395,-7.594614954781025
900,494,8,2,3.773275618111064,0.5284422064470938,9.158891155410076,1.4629780965778587,5.651695726880727,11.414944494298588,-83.80603447023496
901,495,1,1,0.05105650672885241,0.04987422417777941,6.204869428123588,2.232578642809418,0.08198918610788364,0.26214849568418414,-127.91733368027936
903,496,15,1,0.035130714146308945,0.07427070035883075,6.372010232974983,0.16763383109462707,0.06308351672341551,0.30820996360595004,-9.604711028877395
904,497,12,2,3.7804411388165264,0.5333436272527181,9.401776652631783,0.814403662899281,5.662397360228469,11.44877415664578,-46.645362618628006
906,498,17,1,0.04435472891396637,0.05613266252632193,6.293279717733487,1.810873050974146,0.07071709013530444,0.2842335928702678,-103.75538307421891
908,499,7,1,0.06582417577236023,0.06673754097248175,6.182639755541692,0.7569311354074318,0.10021403449187158,0.3225292337928604,-43.368959455420644
909,500,7,1,0.06545441861755083,0.06748951424517162,6.1395529860538565,0.08959659659454125,0.10907443438599308,0.31501530895625585,-5.133506925051839
911,501,1,1,0.02848065461845788,0.0607312690233972,6.1995271886481484,0.2532889763384527,0.049230057389411025,0.19273593273831063,-14.512389344100022
913,502,8,2,3.7755566835788477,0.5307956131027565,9.259963896309587,0.3965294789305112,5.6551025657793295,11.425275191932519,-22.735931494628087
916,503,16,2,3.762192904501727,0.5312941437666137,9.093950256721135,-0.4858253119398698,5.635144045466506,11.368175051753795,27.852031127144038
919,504,1,1,0.08383524346557614,0.06903760518430391,6.254547253005928,-0.3745907049896037,0.13274523042972297,0.4609015062770051,21.46246658507411
921,505,13,1,0.08141472667914308,0.08315083332341783,6.183381512313181,1.0623521545378831,0.13807375661447108,0.39727376441033296,-60.86829466452973
922,506,19,1,0.043443849866866835,0.05702662875203736,6.262292686840522,-0.1680379156637092,0.0660699345505435,0.2562608527106951,9.627863376043402
923,507,3,1,0.05301153349782676,0.043185829567164255,6.174784799977851,-1.2705401430208785,0.08240199354313389,0.24483029050194086,72.79658786244212
925,508,1,1,0.07176136713408296,0.06440329678165949,6.268555586922076,0.4248960085795902,0.12380679841831474,0.3631118069929173,-24.344748127750762
927,509,16,2,3.7725561086899604,0.5400651144144551,9.67783362320342,0.07407946901744863,5.650621134842493,11.405012050361286,-4.260867478767963
930,510,13,1,0.05711786696339977,0.0492646125106601,6.186166869713884,0.7317065957546858,0.09001819483708942,0.24119216739850613,-41.923699790181225
931,511,20,2,3.7722158353356927,0.5315477743552962,9.150818205294536,-0.6200625900254227,5.650113316189624,11.408363421908643,35.54339154906329
933,512,3,1,0.0533705179155908,0.0476930903160759,6.384899088692031,3.0378996395521005,0.08833759777004303,0.24897610682725596,-174.05882790336733
934,513,7,1,0.04402709239979954,0.045698925222137005,6.325589093745686,2.1124498510384466,0.07589967698981191,0.1993312822400701,-121.0344609100646
936,514,3,1,0.06730937714921607,0.05795358294093013,6.168041563394393,1.5127212443410487,0.10638865329111238,0.31953722684759894,-86.67254290994227
938,515,7,1,0.05854236538893094,0.07200034750963971,6.249762070330172,0.4398910351788716,0.09083457272526171,0.28857789742878937,-25.20389980465505
944,516,8,2,3.765380636548762,0.5280395779298795,9.037995055320804,3.0802922874605123,5.639905576461125,11.401513505615444,-176.47141502396295
946,517,20,2,3.7745379442750076,0.5361573716858843,9.530186586067156,1.5063253773784888,5.6535810759513225,11.43210799609161,-86.32253922743952
949,518,17,1,0.033678619452086674,0.0649495427684295,6.204412683235632,-0.4890529921303959,0.05713934239218593,0.18983919227828044,28.0206724154101
950,519,8,2,3.7706693965443345,0.5271589220730988,9.295746501906223,2.8825716839069875,5.647803388683986,11.397280669963626,-165.1427897783445
952,520,3,1,0.07491309297002054,0.04867824868824483,6.2635424638864015,1.1948079310893078,0.1213593168825873,0.35544915437898206,-68.45745166672927
954,521,15,1,0.07224303281995915,0.06381271768680813,6.230164613658034,1.3665696306508384,0.11561107110061548,0.35719912120298375,-78.29867214970807
955,522,1,1,0.05293186828991317,0.06156084866962984,6.137572682068235,-2.0646664975155247,0.08502313842676944,0.2872177546705348,118.29667644714567
956,523,7,1,0.06915735033517284,0.05197369964643468,6.163572513683821,-0.6111106440490301,0.1032901370250051,0.3050793210758509,35.01406070345688
957,524,15,1,0.08581019041128038,0.06876488214889061,6.274929083911958,2.8323557285307017,0.14221501716529422,0.43754512437305715,-162.28202914186556
958,525,21,1,0.03947228604266711,0.050333857788653534,6.175216973266532,-0.5017776208459338,0.06885547236496195,0.2134762691636673,28.749739942297687
959,526,21,1,0.08016528097975566,0.07087011634700105,6.203563452220018,-1.0509064014644942,0.12373262090016653,0.40547687234031177,60.21250138561394
960,527,3,1,0.04113937368243629,0.04429704945525153,6.279533146623934,-0.4431426529997497,0.068798784877465,0.2192175089560823,25.390203751767178
961,528,5,1,0.03687679239487064,0.055300648233097216,6.152437914012831,2.5132861096432375,0.06474650087194668,0.24663148459307335,-144.00068678137066
963,529,1,1,0.06491010771419309,0.07664609263873584,6.110672288698175,-1.1035056111134447,0.09968496126656565,0.3596792894137142,63.22621416057952
964,530,1,1,0.023588103451236807,0.04009818428703481,6.2578228687954,-1.9040203574759293,0.039771540120488245,0.150199653870748,109.09233059132369
968,531,20,2,3.769727726111853,0.5340984045810202,9.326531428804447,1.3566654877464923,5.646397296980288,11.42268496866185,-77.74759618578852
969,532,19,1,0.03395106690550163,0.06171587777540942,6.222724904070114,2.9899352960230803,0.05189072547976963,0.3008985575044386,-171.31067347719596
970,533,7,1,0.03616087774566612,0.05093138097602098,6.288960940517186,0.35369526428072606,0.06098614434261379,0.21444566928612482,-20.26524588722308
971,534,17,1,0.03235454964495063,0.05220470536771128,6.326551424327965,0.760341313075263,0.05512576213953515,0.19286183800218848,-43.56434822993849
974,535,9,1,0.04064720255097859,0.0393671914620488,6.245970967640602,0.6879737268787517,0.06884663396597122,0.19193479572747563,-39.417990977839935
976,536,19,1,0.055450843529805345,0.05951939331691523,6.251778613826141,-0.5168626786570745,0.08665487678906642,0.29417841112690224,29.6140501088232
977,537,13,1,0.05345978994712523,0.09072327763901296,6.275553524439695,-1.5941083249445405,0.08724760799611729,0.3706525037384365,91.33567908863175
979,538,3,1,0.06352586473734012,0.05168758960556978,6.1925822659026855,-2.476986615061561,0.10006275633720307,0.28952435153562334,141.9208789150442
981,539,17,1,0.03912581046948494,0.06106244237694948,6.458387828040028,-1.4989902797247359,0.06281336363474371,0.2748245894064367,85.8858165565811
983,540,3,1,0.06979772849268105,0.07547468358864011,6.284157559601101,1.7654275071328955,0.10966312335136941,0.3624020200747295,-101.15154524059739
986,541,1,1,0.05768596548079572,0.05827919173652083,6.186038796430636,-2.384508590869326,0.09451175604011255,0.2833467741659726,136.62227844309888
987,542,19,1,0.0393681544029102,0.05355162017432068,6.268107304576838,-0.0833488021955961,0.05981514852468465,0.25508478718341593,4.775534594736443
988,543,5,1,0.05708968682846614,0.08005841707071511,6.43071052900011,-0.8108432075445654,0.09964954660074951,0.3037553618983975,46.45789366762636
989,544,5,1,0.07713043950964305,0.06138093081421787,6.127487888912026,-1.3987056784686396,0.12429518568438169,0.4008776185561778,80.13993218522509
994,545,7,1,0.04819142801053878,0.06688542685305039,6.262443456352526,1.338646795037116,0.07311229576321142,0.3051504582296772,-76.69881160562471
995,546,17,1,0.043436722008137946,0.045931141314668716,6.185032470211093,2.916226593769042,0.06057892606316399,0.21125373561802963,-167.08747591588582
998,547,19,1,0.06293256598707613,0.04695473599820826,6.241785386306216,-0.4366335874042888,0.10124428167800176,0.3443094890430205,25.01726180692061
1001,548,5,1,0.050229481656378146,0.055312682615961596,6.221206434743174,0.7313257146213366,0.08310340478268387,0.22598052216848055,-41.90187688403009
1004,549,9,1,0.02748242259120005,0.06311332609010445,6.185349581282936,2.8867085509759414,0.04359172671366835,0.20765817574370013,-165.39621665348213
1005,550,1,1,0.02454187696622358,0.047723640086005964,6.313939650031113,-0.7590345927550209,0.0415970995501906,0.10767050105831004,43.48947867048438
1007,551,13,1,0.06035845162949536,0.0819212270796331,6.282023866644952,1.9600401024681753,0.10303713631201374,0.3196875512932419,-112.30202560112649
1008,552,13,1,0.03675318084358648,0.053026234064721206,6.265379306080906,-1.1733984875935508,0.06316466487052659,0.25220946290375923,67.2307810218502
1010,553,21,1,0.06797754639587475,0.06575804458582919,6.061726382529111,0.2472180366748221,0.11314793294743988,0.4270592501232949,-14.164550196465276
1011,554,17,1,0.06027205927824496,0.07444877708172377,6.363426282339111,-3.058243627697986,0.09739087550769136,0.3542079699144986,175.224452569799
1012,555,13,1,0.06797404365267337,0.06581148697045044,6.2385420426144345,-2.3432309484976366,0.10435650724139414,0.3864133414155643,134.25724375538144
1014,556,21,1,0.05090450229421371,0.06112023661490749,6.142985742963677,2.744996155431977,0.0831253545638063,0.2654616391034563,-157.27669445421665
1015,557,3,1,0.07117987653678551,0.05837447119323141,6.255928038128328,0.24624805024828658,0.11624126757910505,0.3198650634723751,-14.108974061830862
1021,558,15,1,0.06185831414027861,0.058494611644185075,6.2978734577633535,-0.13137987539695725,0.09561552823981741,0.27571297206283785,7.527512409025272
1022,559,15,1,0.05346322555935332,0.052107080650541295,6.192251272903059,0.6804907546134141,0.08415834796277888,0.22154326977871897,-38.98924824023745
1024,560,3,1,0.05968970361488776,0.06433503952841381,6.210879937055908,-1.9879149620031236,0.0992672076365863,0.29865426221295827,113.89913741001796
1026,561,7,1,0.06380322483974728,0.0432908999352612,6.255849616982479,2.831374761396224,0.09951496252714653,0.30253203149985053,-162.2258239859289
1032,562,7,1,0.06524120001422326,0.054485606916534826,6.076302955034738,-2.425121511500747,0.10206304657150422,0.2955930572904519,138.94922735152716
1033,563,21,1,0.048956406547497194,0.06774973798090664,6.373426004307884,-1.067250994611006,0.08318781838610838,0.2692550495372427,61.14897765680408
1038,564,7,1,0.07014567578464645,0.05884721488170294,6.187429125498326,1.9670777305388865,0.11410608186116176,0.3441632572121845,-112.70525202145934
1040,565,13,1,0.060551545244543786,0.0690045136130435,6.142384844429992,0.7923470961765188,0.09235421633716742,0.3418504400197699,-45.39814450077737
1042,566,7,1,0.0500495740415153,0.05383559118487808,6.182547266581159,-0.3721820048516054,0.07581768097024182,0.2522802913062481,21.324458109378003
1044,567,4,2,3.776776913600441,0.5263852990638427,8.987709216701411,0.09664763671864578,5.6569249036449625,11.424663297887125,-5.52101977810189
1047,568,21,1,0.04437296158581943,0.06075103748247317,6.179986019063861,-0.7413902854973448,0.07237232660816224,0.2134837178500399,42.47853431975658
1048,569,21,1,0.060823035810446575,0.0445132401467153,6.195332348904239,-2.2018574203487042,0.09822739577731873,0.2905895511663566,126.15713729607356
1049,570,15,1,0.06091754016106875,0.05421487672784705,6.282847280180536,-2.0058351491368405,0.09742148168989391,0.2943546056093633,114.92588849369723
1052,571,19,1,0.05273822360502696,0.06725042308342535,6.337645945323934,-1.628743005374489,0.08832650194419096,0.3061585505612722,93.32010015520656
1054,572,15,1,0.06344691878463113,0.07187006364838984,6.22639896300538,0.8007689719676091,0.09577944673913073,0.36393886699437433,-45.88068245526829
1056,573,1,1,0.07678432348700039,0.06680930768288255,6.221661584638024,-1.714792822987187,0.12315193654454834,0.38086658266439033,98.25039157204735
1058,574,9,1,0.04935188662879771,0.08428297155655527,6.302277942987313,-2.6654625687022278,0.08174510755127813,0.3896016951064355,152.71975562287597
1061,575,15,1,0.05688033233669596,0.06382210453892904,6.202734727639387,-3.082671446078816,0.08791830198215342,0.30133091891300773,176.62406345291177
1062,576,9,1,0.05208999209144966,0.06844061456570295,6.252411943897486,-2.9138660858520247,0.08004068263072756,0.29719977851444535,166.95222877838395
1064,577,1,1,0.04905994145282268,0.0570707997724033,6.286560168940732,-1.274478292948708,0.08179369094454081,0.2551899420818169,73.02222723347397
1065,578,13,1,0.03720445225498688,0.04675125559606219,6.302144310239768,2.415090000246526,0.0703646992065767,0.14048328306248942,-138.3744641536857
1066,579,15,1,0.04203537933480215,0.06112945640147556,6.2069042645856145,-0.7495790240578855,0.06703626715853649,0.21432154869309086,42.9477145039825
1068,580,1,1,0.07305060413690741,0.05635736460073288,6.303724818902842,2.186070228166487,0.11096872486610618,0.3410253889728417,-125.25259788351512
1069,581,19,1,0.06539047546414894,0.05923582040433539,6.32298986044382,0.9427483005846296,0.10380909807665192,0.3386904667612552,-54.01549870695408
1070,582,3,1,0.04614755303546433,0.04862911877721384,6.205395679698048,3.135273112297611,0.06564553301756598,0.24777359947525457,-179.6379169549939
1074,583,15,1,0.06906365604641815,0.08040381913445724,6.232575096473662,-2.9054506329560503,0.11049723297013371,0.3515255945812157,166.47005882614087
1080,584,7,1,0.03036862562563899,0.06327527178346874,6.2295717576643455,0.5804324694086105,0.05186714881711379,0.19720848373657,-33.25633078951215
1083,585,9,1,0.04809150815018761,0.04814854715945284,6.230630129089497,-2.5603750864345227,0.08129504216349068,0.22484068976418614,146.6986864088373
1084,586,16,2,3.775514834322939,0.5331311352120051,9.334918363840496,2.414743172961229,5.655040246669499,11.43116062147566,-138.37105778108267
1086,587,5,1,0.04559684461050743,0.06036444594512919,6.257597322238102,1.8358182628753326,0.07386402680979404,0.26040461901946604,-105.18463843017337
1089,588,15,1,0.04157997039037581,0.042609242262658525,6.253794108311106,0.11469086241328691,0.06977508143720076,0.23016153180357893,-6.571302381259703
1091,589,14,2,3.7753837230154583,0.5307766173950206,9.202812611833,0.9672678555923798,5.654844128204881,11.41920845847159,-55.43682941684259
1092,590,3,1,0.07941618149912334,0.07862434435055601,6.230648123851401,3.0977971409234297,0.13585075695647478,0.35886748675181,-177.49070188356086
1094,591,17,1,0.04510401487685459,0.05784730474873356,6.3619136064467705,2.8302762085283635,0.07572966883667726,0.26930008179785037,-162.16288158240678
1095,592,21,1,0.0514553464104091,0.07085748528958907,6.301663304486899,-2.9163941971488403,0.08037015166012118,0.2945337126533182,167.0970788705242
1096,593,5,1,0.06583676086597275,0.05757373770414597,6.2549669004681165,-1.0805996628390768,0.10484607930754462,0.31218845766939546,61.9137999805011
1097,594,7,1,0.0695232433121629,0.06617465023289913,6.155082773985729,-1.180263834959588,0.10420858545549773,0.3721358432001815,67.62413640682865
1098,595,5,1,0.04356555721857124,0.06376025476775277,6.388234634160892,-1.8827800689975283,0.07366183712355424,0.28610219134397746,107.87535172664076
1099,596,17,1,0.03811337412404796,0.05729526103108074,6.253928869180578,-2.999182368005763,0.05815967214819896,0.201434847938177,171.84049167481436
1100,597,1,1,0.05048394541273688,0.055705347115211724,6.238353818842683,-2.3784260664104444,0.0851296485592715,0.20811398739488693,136.27377549245057
1101,598,7,1,0.0522969944519465,0.053129769847793246,6.294290167030155,-2.3926870986416615,0.08203659914688347,0.21929373229227356,137.09087245053917
1103,599,17,1,0.030294463039569525,0.06327285439897185,6.404729828112722,0.8570333033607508,0.053212300196114615,0.14449716285298034,-49.10439118097046
1106,600,9,1,0.03504819350947871,0.04634415914928376,6.195046988617457,-0.018363966195928536,0.05382403565584019,0.2477154631200849,1.0521777541412694
1107,601,5,1,0.04888245388281964,0.0533100447429444,6.099098779339434,-0.38641234817823966,0.07871374925829391,0.23783176091351926,22.139796732027357
1108,602,13,1,0.053262750188045695,0.08674270197915249,6.26430886179756,-3.082060952861913,0.09150317576922185,0.28306818333363665,176.5890847663428
1110,603,15,1,0.07394242450343401,0.06418808589593297,6.18436844121281,-2.8478090420108955,0.11844328688018163,0.4301959239310148,163.1674388594782
1114,604,7,1,0.0488378779060276,0.04443766603917483,6.095747561275036,2.689447577891713,0.08138768430139579,0.23260692907786862,-154.0939954052557
1115,605,13,1,0.060052102192038125,0.05778012914903241,6.275566920004917,0.48223566307833926,0.09855183927713246,0.27231658434944417,-27.630068280168885
1116,606,5,1,0.09060048792602148,0.07088971108678505,6.297336070486249,-3.0285744370456777,0.14986807830323928,0.35131785234017787,173.52453309362488
1117,607,1,1,0.038712026386164944,0.054919011107183065,6.2982972244566175,-1.1267236832726997,0.06157919542683975,0.29387860953208206,64.55651171982971
1119,608,13,1,0.057198546036895906,0.07180451085175445,6.097636502533572,0.9349179419662673,0.08694089234121116,0.2994019357777714,-53.566852256067506
1120,609,3,1,0.045548523616570497,0.0634107282654572,6.3660796711602154,-0.8011806055179579,0.07347549503402415,0.22231345361547689,45.90426732499439
1121,610,14,2,3.7856599803584405,0.5370125948358937,9.401428841916237,-0.4858047113195417,5.670190929321309,11.457299002617667,27.85115845418117
1122,611,4,2,3.75105772353313,0.5345798947712741,9.190775751342564,-1.8107198912877083,5.618513792668611,11.329086138343282,103.76275418370642
1123,612,2,2,3.7710729201120174,0.5323003047231208,9.248780707483975,-1.8589815815382473,5.64840713845328,11.414520827286585,106.49539168603594
1126,613,7,1,0.06643915696609906,0.05269334518743096,6.242057490162785,-0.2833778677695764,0.10721556448306727,0.35527781796363295,16.236355901308393
1127,614,17,1,0.06538296986432471,0.09648129236044431,6.220225404276793,2.0288325837886205,0.11063833666674505,0.37142410840127743,-116.24354443210338
1128,615,1,1,0.051497272198522466,0.05419849642839662,6.1315938898684585,1.159825286055959,0.08110907197892084,0.28579741174443524,-66.4530938400324
1129,616,7,1,0.057385732455499515,0.06664377824144072,6.218327832696361,-2.4998865915985635,0.094625909264773,0.29925530727721705,143.23295091546018
1130,617,6,2,3.7745678427987666,0.5285487241698238,9.117629773152887,-3.0120082559096795,5.653625945138106,11.433071845771911,172.59181383709327
1131,618,5,1,0.06613465633440992,0.07709250940484044,6.349019455215492,-1.2722793264055523,0.11083184012563713,0.31579936022547306,72.89623572978044
1133,619,3,1,0.04056123928240205,0.05644624467948061,6.078423053718257,-0.5833192599346887,0.06638573300464373,0.18823163051808067,33.421731718858325
1134,620,13,1,0.06180282815770567,0.059583817364324415,6.354945991924179,-2.1732139633068503,0.1017674430953934,0.3260363586611567,124.51598813366525
1136,621,19,1,0.044318021265060945,0.042327253955310576,6.315909817676417,-2.278924807180065,0.07783160478994086,0.2957287361707898,130.57277328351515
1141,622,17,1,0.03814801771924008,0.06767905079427666,6.287724223516125,0.7154508804082123,0.06526970178519574,0.2404594235650134,-40.99231589080828
1146,623,5,1,0.04622319653662976,0.06416594752072123,6.362925397278769,-0.37626940351738025,0.08340476928098846,0.2345383446343619,21.558648794271072
1147,624,7,1,0.06761411741065017,0.07392780463546264,6.239423051681237,-0.43774294429806937,0.11096560471070718,0.3089941597892457,25.080823300222125
1148,625,7,1,0.04681691102489185,0.0688584668898659,6.272598824923946,0.17628553799408359,0.08154722222273002,0.3056519387754326,-10.100417341624514
1149,626,2,2,3.7723757820374404,0.5292304249909024,9.192341019386264,0.14540122603638594,5.650352216523528,11.427558111876461,-8.314452404552693
1154,627,17,1,0.05179639550522429,0.052456748344833624,6.112556647843627,1.61221596593276,0.09036151353746957,0.3299846918804158,-92.3731704753939
1156,628,7,1,0.06400570156720876,0.0655218174190409,6.2934825767125515,-1.7008686952041778,0.10989570972908898,0.30501353794575653,97.45259779164681
1159,629,4,2,3.780319184745688,0.5306684870619022,9.167087242826941,0.9289121357934211,5.662215005998223,11.426279782691093,-53.20621644909969
1164,630,13,1,0.06624991235031051,0.049618835261980576,6.191510585091009,-1.6233004463722078,0.09649688466640291,0.30681498215076025,93.00826446797988
1169,631,21,1,0.052457092800614634,0.06335571992081779,6.237620400470641,2.1718706648955575,0.08784200626662655,0.27168659783645527,-124.43902278287197
1170,632,7,1,0.03536787936737747,0.044527256947578905,6.225876014698821,-0.018610904713405724,0.046308269195877994,0.16537660703850818,1.0663262924852475
1171,633,13,1,0.07061517317131875,0.04863100009972068,6.258412709538624,-0.9539051578819132,0.11104864543819529,0.3257123489235172,54.65473957661701
1173,634,2,2,3.775142890775336,0.5300146561524433,9.152471346329925,-2.7927704637569395,5.654484461977805,11.411962535851277,160.03042118961082
1175,635,9,1,0.054439726473236874,0.06540443454649887,6.216297497122688,-2.153900096893913,0.08903030708461372,0.25774714881011956,123.4093850573693
1176,636,21,1,0.054743578981154506,0.09411610806277397,6.1811095404235425,-0.46699247032125596,0.09499321458585912,0.371115399829348,26.756697657509058
1177,637,21,1,0.03254541164529167,0.05426846593513931,6.2535379477498205,1.834017093312851,0.053528488326036176,0.2056364943541951,-105.0814390056716
1178,638,21,1,0.057176895323393824,0.06833148576797893,6.29692510492782,1.5115979374745656,0.08494474990853423,0.28100908641991,-86.60818213693027
1179,639,21,1,0.058512475498158585,0.049736288391931054,6.22161343897341,0.6484637088179765,0.09552515835045135,0.3160883712565822,-37.154233733667795
1180,640,3,1,0.03699565136412382,0.06052003771561307,6.2252501265588425,1.4494603994886042,0.06192825025837098,0.23023395108777114,-83.04796345268615
1181,641,9,1,0.05279466639126904,0.047228789912642906,6.294828811093819,-1.426725630579325,0.0818796287207418,0.29298520285776614,81.74535712298487
1182,642,3,1,0.05486929784418206,0.07488879746163996,6.271966543519645,2.5917172785708464,0.09210662119761275,0.2686576934434786,-148.49446171529678
1183,643,10,2,3.7816452200527917,0.5294344791821313,9.250825313207885,-2.491814100696685,5.664195309306459,11.44039869473176,142.78697722640425
1184,644,19,1,0.03468713124125742,0.05895119343152328,6.250124063975093,-1.0421423698672023,0.061016806854425114,0.18226680035657875,59.710359440176184
1186,645,15,1,0.07061053956601905,0.06993520442562635,6.280243564151115,-0.384729126368417,0.11447078015246806,0.4112981087495532,22.043355284053874
1188,646,20,2,3.7638980010311784,0.5351824743103406,9.198958375366942,-1.100553079839615,5.6376911275090205,11.390079284195867,63.0733600021692
1192,647,4,2,3.7419208472027097,0.5412614879854935,9.371174170650304,-0.5804946850176985,5.6048674661350235,11.317226810523485,33.243866985834224
1193,648,13,1,0.04684069832615997,0.06086767772948173,6.351064877314298,2.587979794419273,0.079421996253381,0.29197484737246304,-148.28031966452497
1195,649,4,2,3.7603829272544322,0.5368341232875941,9.435738605035555,-0.8156775601984911,5.63244082309093,11.371448846821876,46.71861404018281
1197,650,10,2,3.7907018821542575,0.5337001998267868,9.194047126003097,-2.4113640443045914,5.677720762589919,11.462913829493843,138.17764804710632
1198,651,5,1,0.055262644229889524,0.05776210313595049,6.304526418031728,-1.0659851266363454,0.08990213562754007,0.2502007743583247,61.07644875308469
1199,652,3,1,0.03945381053598256,0.07657906415234254,6.32858145543863,-0.12746244286156055,0.064561584085242,0.27696526042166875,7.303060022000183
1200,653,15,1,0.035228127460333124,0.06056767992977726,6.376147611011397,-0.987317339218268,0.0642785416780439,0.17548032496259383,56.56911657336016
1203,654,21,1,0.06640041202803802,0.07518084177246853,6.120683262050672,1.8732057294217148,0.10548456295035108,0.409152429745524,-107.32678251674037
1206,655,9,1,0.04667796694500269,0.06496982835753115,6.19201212757472,-2.1286350623913854,0.07772849064180341,0.24835964480719316,121.96180522369045
1207,656,15,1,0.07149681175213708,0.04586013988959368,6.17235464695492,1.360643681024692,0.1107154744204104,0.33305226374997693,-77.95914026514352
1209,657,13,1,0.05328500559327137,0.06655231509179363,6.3757405305604635,-3.031179612494338,0.08076530561013699,0.271527341216487,173.6737987324133
1211,658,2,2,3.7647399560729853,0.5346174103177909,9.471088910832599,2.4064456458572026,5.638949164524583,11.401130483529773,-137.89550352172813
1213,659,4,2,3.7577660206458923,0.533503228522831,9.177264180305286,1.99887964912768,5.628532713517615,11.37537567174545,-114.51113408590196
1214,660,10,2,3.7673213719444907,0.5274728442072103,9.155651112191943,2.5879027518211237,5.642803541526701,11.39250577799969,-148.25954738635784
1216,661,9,1,0.06022686057783569,0.05664878154214585,6.188236773582134,-1.221028665197834,0.09543487030182156,0.35133686326564917,69.95978912518534
1217,662,15,1,0.027952103495122706,0.047765280703812085,6.239707291779578,-2.645661593977898,0.05442938072444482,0.18904533695496353,151.58524335739452
1218,663,7,1,0.07664234644519098,0.06570222722183564,6.252422051174375,-0.398120421222953,0.12573771648925797,0.3489661700910859,22.81061997773428
1219,664,3,1,0.03461281707280838,0.0702811499897379,6.168367337397882,1.6766097258355273,0.05405188895503979,0.2423931283396123,-96.06266118739887
1220,665,13,1,0.055795004008116614,0.05283001535674355,6.328129976894897,0.11946243272212675,0.09197662140161747,0.31387564996978035,-6.844693249609933
1223,666,21,1,0.05576060331140522,0.06490699584325976,6.253729986833935,-1.039697050394503,0.09107712076075687,0.25639398686591214,59.570252954634945
1224,667,13,1,0.05382675341626431,0.06470058009963085,6.212984714864899,-0.900689598352076,0.08249901414445612,0.30040936646563055,51.60571265552509
1225,668,19,1,0.03947799907826104,0.046702821034277954,6.289190164048296,-1.2102583170876569,0.06752336867122127,0.2779962981882198,69.34269368419162
1226,669,14,2,3.7610968425372944,0.531919642069102,9.183240792057346,-1.59777804454303,5.633507497977142,11.372354080673345,91.52966166607825
1227,670,1,1,0.04374782795013461,0.05744760094875086,6.351306513540604,-2.704453860638148,0.07442940098743067,0.2341679674509956,154.9537920881731
1228,671,5,1,0.043515283969556305,0.0790717848971227,6.280360515766205,0.8349166725283454,0.07218841750394732,0.2639964220720888,-47.83720158448268
1230,672,15,1,0.06500198184423404,0.0534862882849192,6.168835829622716,0.4557107788035317,0.10532742336192398,0.32630112516184945,-26.110304373141606
1231,673,3,1,0.03937593920337238,0.06376015101358033,6.406747541915606,-3.061892934704572,0.05771798710537346,0.2554008541884042,175.43354247487457
1233,674,7,1,0.056272061569770174,0.05305881083220168,6.3279764658061,-0.5097703254317302,0.09230322368621577,0.27777436692893115,29.207688209844374
1235,675,17,1,0.050294175156245936,0.0753296005498292,6.368429104226485,-0.5776408741058308,0.08618889299258574,0.3002549984744697,33.0963841942143
1236,676,3,1,0.04087338582659605,0.06241609483163634,6.319940518690388,0.5397191660012318,0.06928044771781941,0.24506587375482589,-30.92363034405712
1238,677,19,1,0.061992591363244726,0.06404807953004253,6.185465625546403,-2.0773914965616345,0.09669866138578374,0.3420844054876191,119.02576517311907
1240,678,9,1,0.05557519653728146,0.0504129805349425,6.2892970627159706,2.2922620692926663,0.08857413078831781,0.28965117445194993,-131.33694209766247
1241,679,6,2,3.773654524444408,0.5385705907624017,9.469771020604252,-2.812951723748114,5.652261749949178,11.412953240872058,161.18670269655973
1242,680,9,1,0.07957723283563951,0.05735111542416484,6.213046207275332,-0.8034126201759808,0.12049150814047416,0.34966997349344464,46.03215229690069
1243,681,13,1,0.03965524548210006,0.06450320083716295,6.395546738440094,0.03945093058452944,0.061819906520426446,0.23671286804854133,-2.260371827594968
1247,682,19,1,0.04927596744962763,0.045798544542320144,6.296302431704186,0.009671672599601317,0.07101412491930592,0.271321415624268,-0.5541460120550744
1249,683,3,1,0.07480093987671015,0.06207121533432341,6.272438075570398,2.76483110846311,0.12139784661080615,0.3843292390400268,-158.41315349496037
1251,684,21,1,0.04620904810592679,0.05329095664093302,6.24222503524116,2.566485129613581,0.07829229566324487,0.2416218718691529,-147.04876610033187
1252,685,16,2,3.759362466382655,0.5335545681486497,9.513975158438644,-2.1973223949508447,5.630917154468195,11.382717418168397,125.9135537943348
1253,686,13,1,0.06126704886175595,0.047607477080581884,6.248304120611965,-1.5671303010411275,0.08985490596077902,0.2590467816985652,89.78995221364706
1256,687,13,1,0.048597767001273676,0.06685390656061196,6.277370980934359,-0.012836835926356305,0.0723847952508519,0.2606914730880944,0.7354965098906117
1258,688,17,1,0.04157529116893844,0.059874091519495194,6.288959501938674,1.7694230613756126,0.06976903570346833,0.2423832117352177,-101.38047360514972
1260,689,8,2,3.783960906586525,0.5403093232332071,9.426995757027882,1.1626023209255947,5.667653459704742,11.432750249306633,-66.62878266527805
1261,690,21,1,0.05288403285170035,0.05735157888940483,6.257726214780532,0.035691998823106474,0.08847963744238209,0.27850245193345935,-2.045000921294923
1266,691,18,2,3.785126703043798,0.5331354855971812,9.434661842355354,-1.7330388749972958,5.669394347727283,11.425002752781008,99.27922147772456
1268,692,17,1,0.04801551998411491,0.05243661432315882,6.253810014582235,-0.1964782307547454,0.0745440165167308,0.2166038596810896,11.257373410405137
1269,693,21,1,0.05550260101076063,0.09373179332602566,6.363278253771674,-0.0580896643372609,0.09343070890612705,0.2835599114100659,3.3282925843826088
1272,694,21,1,0.032324577008985195,0.062228656402728316,6.241014058852081,2.456062815275941,0.055869636348560237,0.15159483961575917,-140.72203353224063
1273,695,15,1,0.0435736083174293,0.053041695128001304,6.25346882859676,1.9024959291514465,0.06908285842570659,0.24214742937620642,-109.00498729960371
1275,696,15,1,0.04631066279627452,0.06513561070711732,6.2597219772654,1.800253843137804,0.06825982149622954,0.22505773672412746,-103.14694727127832
1276,697,9,1,0.05963477444282232,0.059569873298291144,6.297869243812633,-1.6170329952836466,0.09938684760933679,0.2913572200089585,92.6491659852291
1277,698,17,1,0.0507363474566142,0.05987766184462063,6.288611435391593,-2.796334026386315,0.08326809861006779,0.2757470545729345,160.21813779750838
1278,699,21,1,0.04936731629616841,0.04894428978781071,6.277781833711139,0.49546111343664745,0.08212734186487501,0.24738186410230428,-28.387830734837628
1279,700,19,1,0.04080780418104594,0.050729089408284835,6.300235727058765,-2.0293990589160735,0.06721534942086912,0.19313942243385138,116.27600103653958
1282,701,17,1,0.07199403050657777,0.07128330655549943,6.2109821223931165,0.9069255337855552,0.11012677781099475,0.37594073488132296,-51.96300535941457
1289,702,5,1,0.04698872135762078,0.06225492982072267,6.2718531476249915,0.1785148060612184,0.07687403445201804,0.2747755695374372,-10.228144982557517
1293,703,9,1,0.052321667603038274,0.04996417992770093,6.247204517488231,0.17278066939546374,0.07789517252926219,0.25884481596881576,-9.89960315598268
1294,704,7,1,0.05174648038680639,0.04953718349820889,6.150154977137152,-2.132965125334659,0.08537042552537809,0.22661122791449761,122.20989956087702
1295,705,9,1,0.046411006753886666,0.07734111908311629,6.257872724978355,-3.1028297397797786,0.07563221464343209,0.35131776274962667,177.77904864997714
1298,706,17,1,0.07378007272189986,0.06319760383036542,6.252788175018372,-2.4924505891619604,0.11913596373870845,0.39292622248017495,142.8068993068974
1300,707,8,2,3.7765940194150374,0.5372949894594595,9.314093198589118,-1.9045092502018788,5.656651788660235,11.41947149501183,109.10386256712131
1302,708,19,1,0.037008373540054006,0.052637238638263,6.169440918519439,-0.24512231282877406,0.055115731112210235,0.2678464659955323,14.044473992282489
1303,709,7,1,0.026793387477123225,0.045427403823760884,6.257677725644414,-0.940257014073999,0.05124294230274144,0.17127994860741413,53.87275856159229
1304,710,1,1,0.03500815378250078,0.051247159150701264,6.287913215983512,0.7232665554515265,0.06097289959399363,0.16258178588092015,-41.44012109131334
1306,711,3,1,0.033623138613306285,0.045239840218165885,6.270424096078185,1.7295530838642228,0.05320343507686935,0.1750931298687656,-99.0960921521822
1308,712,21,1,0.05660862900387497,0.08229338278244777,6.242852144567081,-1.1223306608285515,0.09657481572813532,0.26288610442830557,64.30481004675335
1310,713,1,1,0.05436967324414272,0.06895813791325343,6.253676386939123,-1.8087195805752516,0.08462270631700233,0.3188405170193143,103.631998303493
1311,714,1,1,0.08679861406523333,0.07495021403992043,6.265409725735046,0.19880685291234862,0.14725075455093595,0.4758935771270706,-11.390793777710083
1314,715,3,1,0.06580295318068219,0.06759238029511655,6.305316871722916,2.7372580280916465,0.10512978007161383,0.3596657897660535,-156.83333239697754
1318,716,13,1,0.047916075507917315,0.050240385141537655,6.329192844283702,-0.207894210709082,0.07979824434247816,0.24677945208252156,11.911460886461647
1320,717,21,1,0.05658709522768353,0.08551624411839781,6.197936666849119,-2.6634462671001526,0.0940865521983559,0.27284911476774754,152.60423002427763
1321,718,15,1,0.05667032543792928,0.05536587972746531,6.283167419480915,0.2380788967886604,0.09084938537401428,0.3161218961217473,-13.6409160078276
1322,719,8,2,3.761403557203095,0.5314622405293902,9.327019836110491,0.8170768929138694,5.633965084363007,11.378144523726732,-46.8313383907831
1323,720,5,1,0.05349303770873165,0.051042056487713504,6.186954134179907,0.2666012686321774,0.0842940214719321,0.24868148673005788,-15.275127544389592
1324,721,15,1,0.03450882303213074,0.05355854238194961,6.3370403514749425,-0.17394013950490433,0.06224772534122528,0.2808753829813738,9.966035890787607
1326,722,13,1,0.06583728489905118,0.05229450207540088,6.3089663914246445,1.2199269673438944,0.10937292142562009,0.3544002301178103,-69.89666646789101
1327,723,15,1,0.05165422121378761,0.051887160827489294,6.296081053294907,-0.029957863220190752,0.0767673401828848,0.2704745432592605,1.7164591204677335
1328,724,5,1,0.07596964333967807,0.06209158340166941,6.246930647546338,-0.466545880170353,0.12169230519537921,0.3870160164408365,26.731109992946784
1329,725,5,1,0.03458714902183603,0.05811549707879847,6.364400569007608,-0.9270288250109491,0.0610151064709968,0.1712017062584824,53.114839156542345
1330,726,17,1,0.03349419616185903,0.07040739535527307,6.281711335363943,1.5037227335060497,0.057630675858472695,0.2809930902148719,-86.15696618577323
1331,727,13,1,0.05564219599275105,0.07159854431274884,6.260684507360042,0.28936986527835906,0.08746274968880564,0.3245002611892529,-16.579672025489717
1333,728,9,1,0.04931301976274677,0.057446189624852775,6.191541518594696,1.4736725665306052,0.07541752773057786,0.22001782502690512,-84.43521846231522
1337,729,7,1,0.06281393265367068,0.06505306974108815,6.322390909389669,-1.3719890027203396,0.10712371335098507,0.3119374287751502,78.6091793360333
1338,730,21,1,0.042674925153797394,0.06286882070323668,6.215885549345471,-1.105257537493404,0.0749465751553126,0.2498961020190961,63.326592163387325
1340,731,3,1,0.04202299814050827,0.057628940770651955,6.241024268144679,-3.020123663034701,0.07102912035303263,0.2644850760781638,173.04033948102187
1342,732,13,1,0.06545302717685789,0.058150968481540194,6.29272308471241,0.8223216314294526,0.10526550449895566,0.31174868745753437,-47.115558881440606
1344,733,1,1,0.06597936676713374,0.05159095382733415,6.200414637342525,0.5564069542920773,0.10742992370927003,0.33274516427785683,-31.87977024862374
1345,734,1,1,0.0726555089774716,0.0504533113818119,6.272182771666959,-2.49098015781166,0.11299377271052106,0.37831227090269565,142.72264982033488
1346,735,20,2,3.7710529063633578,0.5381667621732443,9.504873994769893,1.4119609538196767,5.6483765411761375,11.419981634366316,-80.88299662357169
1347,736,17,1,0.03930310197677368,0.05145127979484364,6.242290829736638,-0.0167096745526043,0.060660327203055475,0.23540475753071985,0.9573938370986901
1348,737,16,2,3.7755142188502813,0.5323430982606064,9.3614585742329,-2.7736113549626777,5.65503916712213,11.426426988371277,158.93268999003556
1350,738,19,1,0.060184933854633325,0.0611316128809094,6.339795454835956,0.8876067174489991,0.09621765732777544,0.30575802761435295,-50.85611874874364
1351,739,9,1,0.04771085704765217,0.0701049571790476,6.196082743799965,-2.6479536706512627,0.08079450742838337,0.357899694971315,151.71656965885828
1353,740,21,1,0.07480942626870808,0.08245989879325745,6.153501082543698,3.0727123485779986,0.12462928505348335,0.3825063617840366,-176.0534492567681
1354,741,5,1,0.041354275185933834,0.053808023457556704,6.183584231026069,1.8049662644309332,0.06186066299168633,0.21827010600521907,-103.4169491256204
1355,742,20,2,3.7656973257390844,0.5327500686962088,9.337438906621687,1.4163037613351133,5.640378223731572,11.401844248910646,-81.1318911756908
1358,743,9,1,0.04669402072328631,0.05801286915132162,6.325219421295682,-2.418189439402255,0.07463896353841994,0.21960333377462862,138.55204894683052
1362,744,7,1,0.06891480907993881,0.07392191128301671,6.154750221871157,2.7897975181526817,0.1025954155335299,0.37495454217032603,-159.843623422887
1363,745,5,1,0.05847577841496884,0.0715884645474608,6.261904420229244,1.5994286027354447,0.09170988300815802,0.2821656080204237,-91.64050856089409
1365,746,5,1,0.07345331750423205,0.05948917506478792,6.272940390392683,1.1427095110738332,0.11462517397974642,0.3729950157090017,-65.47243209801373
1366,747,15,1,0.04738398857120971,0.07382292376075746,6.351101898106398,2.1882961578006306,0.0791945205733016,0.2759910150699853,-125.38013415717988
1369,748,17,1,0.07913355786418227,0.05795181267671977,6.173789257495202,-2.672781312725579,0.12529207993314942,0.4153650995002616,153.13908868099654
1372,749,3,1,0.06174025266774284,0.05234962535565857,6.170280389626138,2.0497475293185343,0.09934335140451808,0.2805195847756379,-117.44188255732054
1373,750,1,1,0.03235806534054163,0.036386937837318764,6.231168341484669,2.077661911357793,0.06110040801990144,0.2676390254090302,-119.04125877981879
1374,751,16,2,3.776309934136568,0.53425801158762,9.455256527509151,-0.24154823398206332,5.656227835696147,11.423546134961308,13.823218580493418
1384,752,7,1,0.044285017465642305,0.0412336543138003,6.23777351534381,1.9079646672450457,0.0721905103808819,0.23984329781196317,-109.3183229150526
1388,753,5,1,0.05231667491920742,0.06417199260857001,6.206229604060081,-1.321683502733229,0.08606589543093636,0.32494647589964953,75.72688651947324
1390,754,14,2,3.7664124350007917,0.5307425499989101,9.1583895680237,0.4114030934018966,5.64144591728464,11.387187645656894,-23.588007138781798
1391,755,15,1,0.03913342965068872,0.03064744750438431,6.164151128715244,2.3619448479817637,0.07521412854380402,0.1240166544483043,-135.329471228946
1393,756,3,1,0.03312671153704724,0.058328470234933316,6.132577412457164,1.4156159914596633,0.05013269775828677,0.17952278659946067,-81.10882172163538
1394,757,9,1,0.045194514438980926,0.04998238781661324,6.287420397164554,3.026140056513801,0.06543780429249794,0.20947806221084475,-173.38505344667348
1395,758,3,1,0.03711768782055449,0.04556199275819154,6.2498557300019195,-2.237077686214672,0.06742754694155122,0.19885379102609282,128.1751098583554
1396,759,3,1,0.03732734212426406,0.03616113645417504,6.193915966317096,1.2011003801592943,0.05879163685792942,0.20339962126993905,-68.8179825520744
1399,760,7,1,0.03468681305977175,0.058762680665816726,6.348244278335107,1.7312660380108675,0.05302523130237458,0.23906446413867447,-99.19423719499588
1400,761,15,1,0.04540396292418394,0.06051917699666423,6.321428486270153,1.2699173376726796,0.07541850439955743,0.24360624559087504,-72.76090376442446
1402,762,21,1,0.045580880036839286,0.037431915544289825,6.285167763765795,1.6851058317421626,0.07107071184209081,0.24327464879627803,-96.54945220655692
1403,763,16,2,3.740767597612746,0.5338736830139252,8.899545982383167,-0.09498218348319176,5.603145181854364,11.330927307849198,5.426064615835094
1405,764,21,1,0.04170171672425029,0.06549765086398829,6.151856604633809,3.0264113023610424,0.06636558032278055,0.21346315307670322,-173.4005947064085
1406,765,19,1,0.06370595958702414,0.05951042465654718,6.244764574356367,1.041406609316285,0.10232111001837417,0.3068679900340255,-59.66820342353734
1409,766,1,1,0.04339326699573363,0.053075573374127216,6.33579135780737,-0.31798195387423217,0.07149734043164545,0.21638361386864036,18.21902393586425
1414,767,7,1,0.05901923304080909,0.04870273034505462,6.3028723253329995,1.1806736755021363,0.09764895958836421,0.32721620852842576,-67.64761854191308
1416,768,7,1,0.05411550802744502,0.060888814145042505,6.2473957987103885,-1.823963417435317,0.09141928908638185,0.31918277858341515,104.50540585142448
1417,769,21,1,0.06510635078167944,0.07283704010125358,6.254002308525247,0.5073072776339423,0.1028752398046818,0.36630854241070426,-29.066565982278995
1419,770,7,1,0.0540387383938067,0.05299036143067381,6.286027247636297,-0.48679057777844015,0.08892096106049642,0.2922432550225923,27.891045656320756
1423,771,3,1,0.05686037282517731,0.061676548087387595,6.316794806689938,0.9460289099520749,0.09345140167061934,0.2937153724514031,-54.20346380211057
1424,772,1,1,0.06726614088296061,0.0846349915549372,6.254924407134211,2.006176652006621,0.10624496188149875,0.4495052067338782,-114.94545517265496
1428,773,15,1,0.039577756615910654,0.06502006539313224,6.267170515568342,-3.0432782604143287,0.06061030817907547,0.21261768864624853,174.36700020469135
1429,774,17,1,0.03151482722591628,0.06457729952723307,6.191598912058313,-0.4477140004197515,0.055685758044469735,0.1887667728746769,25.652122654620126
1432,775,13,1,0.048209700459849486,0.07873465570556021,6.36425639482805,2.0690190409736524,0.08047837040905445,0.27625853367887815,-118.54605880922973
1437,776,19,1,0.0368798663823431,0.05372332002577231,6.291978492823795,-0.26885267576435695,0.062003505021759046,0.24486412964481302,15.404123642706804
1440,777,16,2,3.765330361053424,0.5314226788324163,9.219892444009444,2.4773185443438326,5.63983005467635,11.393405076498963,-141.95622918583814
1441,778,19,1,0.07619677918134815,0.0703414402938981,6.311916765152507,-0.7162179532858944,0.11395455009316119,0.37240782705953485,41.03626590480382
1442,779,1,1,0.06933953743373743,0.07688950484357884,6.258374220165083,-2.8942750769063212,0.11815860784169785,0.36471362538784907,165.829746560803
1443,780,7,1,0.05857821391353925,0.05512272926592306,6.283364222445371,-0.2247619933295738,0.0952411313489034,0.2852500158666478,12.877913664268368
1444,781,21,1,0.08083061463014138,0.07330514013737531,6.2303815593639085,0.21130722998267934,0.1329619958622256,0.37333444185144266,-12.107012582902469
1445,782,19,1,0.051767224268473015,0.07140758619565725,6.284765387076224,-1.536564182695245,0.08710022956183205,0.30194589670703825,88.03864265148721
1446,783,3,1,0.06878729320923804,0.07802975892494508,6.1839905724143645,-1.8035971735719682,0.11106422381498628,0.39475543995586126,103.33850601867833
1447,784,9,1,0.035520362289852746,0.047884633086824224,6.195710969892554,-1.0248088256546868,0.056297085354044485,0.1845276089273854,58.71722051040143
1449,785,1,1,0.060332743298430254,0.05114569478698584,6.267658180744295,-0.11630461170083965,0.09405195081450483,0.28864606365771833,6.663763413208365
1450,786,1,1,0.046860468681117096,0.06271845848345693,6.226726216968399,-1.8038213842599642,0.07565545309976057,0.23163338796560462,103.35135233443417
1451,787,15,1,0.0909523014738498,0.06424908147127036,6.241360717845615,-2.4144659491809874,0.13734023791326808,0.3722336155109951,138.33870866416464
1452,788,19,1,0.04200770161658852,0.0614519595472464,6.400805265798527,2.08267100843669,0.07270961001509336,0.34951718045266505,-119.32825890213633
1454,789,15,1,0.06496839809550023,0.07044684870554441,6.261630816790134,2.7129111877822463,0.10692133459494543,0.27984355775081976,-155.43836118650356
1455,790,9,1,0.0742330892248638,0.06979589894105605,6.223029950790368,1.0430490098490217,0.1111600106406229,0.3962341790984029,-59.76230605213398
1456,791,17,1,0.04044064548039252,0.0652134379552222,6.246198016961099,0.5692092620127507,0.06607766178395809,0.22401754509925448,-32.61328838684071
1457,792,3,1,0.05873606019662284,0.06562998953475699,6.15622704198286,2.0106375314136904,0.09654531985527463,0.26055357370352483,-115.20104471207023
1458,793,17,1,0.047954714857784436,0.07383899798059236,6.336745567449779,2.9129036454798447,0.08420050175240992,0.31266088559279565,-166.89708498543368
1461,794,4,2,3.7829185610172043,0.5363974394930126,9.495930320244627,-2.2704768996214626,5.666097354715995,11.466049960231544,130.10530653106665
1463,795,13,1,0.05558509358065614,0.05124415769047058,6.2061354820698735,1.7891393197870764,0.08524405901639756,0.2797150651150896,-102.51013200740036
1464,796,7,1,0.048142083668975356,0.05364070776214925,6.275522891462833,1.2228169510712954,0.07584211884535731,0.264708951726982,-70.0622503886956
1465,797,1,1,0.04997789432956669,0.059496633579617014,6.365991516404017,-0.2128406199368693,0.07649536212067012,0.3115032776087389,12.194869252392968
1467,798,5,1,0.08295517500264842,0.06315864138236355,6.2112936121188405,-1.533975595822731,0.1324542051883782,0.39567189482062054,87.89032754979915
1468,799,17,1,0.03320950895513868,0.06134423019023171,6.28817572235701,-2.5728217582315644,0.06368734333659032,0.16244786120352037,147.41182818192559
1470,800,3,1,0.049339696973588316,0.07245201089961964,6.268456664739719,-0.040157555014438705,0.07856619162510041,0.2734538682249092,2.300858403615276
1473,801,19,1,0.0495100788488483,0.07036535316691886,6.1687317437940585,0.9959398916743949,0.08557513461489799,0.2918912901104442,-57.06315241693827
1474,802,17,1,0.04296422637639759,0.06631390276123802,6.248010646585811,3.125833323288585,0.06116893541548847,0.29867094962346774,-179.09705688039207
1475,803,1,1,0.06130439207502114,0.06804921013063221,6.219496096310843,0.5450701479538623,0.09927250764270829,0.3335284525516332,-31.23021904262396
1476,804,13,1,0.035090950133084636,0.043299987231231386,6.167652398937636,-1.1847693431089754,0.05642932031444544,0.1774556304166766,67.88228304809489
1477,805,9,1,0.039335187143631184,0.06039285394035802,6.1985800682894485,-0.6949779653038103,0.07382761729772035,0.2676013394207244,39.81930427276936
1480,806,15,1,0.035625606168426326,0.05840602813379414,6.275981061805561,1.9137021882318117,0.059367059007971866,0.24985354956263767,-109.64705863477087
1482,807,6,2,3.780143086782704,0.5308591760018919,9.226139142829538,-2.807639886701372,5.661951901358373,11.437370296527039,160.88244205350108
1483,808,7,1,0.041073196328736856,0.07345011239978098,6.360324616816749,-3.0920977250185615,0.06610219152393504,0.2935165274006884,177.16414948947258
1485,809,7,1,0.04897245096313365,0.05944636527368432,6.323062079369808,-1.458942747601639,0.08028668857339641,0.24864174156141772,83.59126197151231
1487,810,3,1,0.06106585876214745,0.06999822423509011,6.1969793665601065,0.8338468021356127,0.09133437916074996,0.33076429789948314,-47.775902556368706
1488,811,4,2,3.780550127231447,0.5304592366642658,9.289226168301878,-0.11903119260102207,5.662559748690791,11.442270129899438,6.836516470845336
1489,812,21,1,0.04916349726428344,0.043873095290767966,6.296826657997401,2.9470206851736527,0.07054128115952821,0.2524129922421529,-168.8518473857342
1490,813,13,1,0.047866936622760314,0.05708019384009083,6.310825899979397,-2.490011793001004,0.0764329151293877,0.22433379012361754,142.66716664929544
1491,814,13,1,0.04565961578111938,0.04923949231387161,6.25014540043737,1.249190851967209,0.07531146958454417,0.2269076297639815,-71.57336360712061
1494,815,13,1,0.044274960652544576,0.06317337975041026,6.348127828221936,-0.13018333967826418,0.07343346787537865,0.26129125477013126,7.458955941897251
1495,816,3,1,0.04981496479394348,0.05830918498882404,6.2620226507095245,-0.17984683509681704,0.0777947825225033,0.24438982279079483,10.30446462325942
1497,817,12,2,3.7654908477818365,0.5312367052760305,9.319946279092177,0.9854715183431048,5.640069607934323,11.391934064470046,-56.44702465231148
1498,818,21,1,0.03207629097376092,0.05009246801474219,6.287971211678857,1.3630115928094209,0.05274923333999257,0.20525302909578583,-78.09481169229568
1499,819,15,1,0.05888754850621198,0.06298788690080623,6.3045298228207916,3.1335392878328348,0.09781310751149419,0.2530692680265975,-179.5385761045998
1501,820,1,1,0.0716091408844766,0.06453977583674396,6.1956249436537325,-0.4200098052733246,0.1224265569612559,0.36713654308320504,24.064789289576854
1502,821,7,1,0.04964552754194334,0.0699552101129385,6.138982886586889,-0.0841680188172031,0.08042307220331625,0.28455140481281943,4.8224722413098755
1503,822,15,1,0.045374490738731205,0.04579706918924752,6.261505990759377,-0.27041010027518364,0.0709825856073127,0.24028254682417852,15.493357495919062
1504,823,7,1,0.0468325266955498,0.06313815027250357,6.147270642651481,-0.09784296334249114,0.07850684393299769,0.26490459313819553,5.605988842334241
1506,824,17,1,0.05880368962336219,0.06096458852028673,6.297061969734597,-2.36573586157949,0.09249324408975702,0.32360749640906,135.546680273604
1507,825,15,1,0.03595535014635717,0.06991972030496908,6.110406966859089,2.5158700735596478,0.05909052382083548,0.26449030067078777,-144.14873701644743
1508,826,13,1,0.06190008716246181,0.0699800714912813,6.370133205928482,0.0649193513469285,0.09448260877022757,0.29184859959084886,-3.719604875341884
1509,827,16,2,3.7776305958535583,0.5311745346978096,9.297244305603362,-2.229129974630155,5.6582002988936,11.45512387366326,127.73623267759166
1514,828,21,1,0.052148302069822725,0.053392933402741725,6.276044570946056,-2.049267513810723,0.08276671233285426,0.26056073156186027,117.4143796548134
1520,829,15,1,0.04609546855040082,0.0721558034265671,6.447827355535295,2.225752021012914,0.07531642550343931,0.28076117832206204,-127.5261970502559
1526,830,5,1,0.06521484285533977,0.07457106692117843,6.2890275382049685,-2.155522797032388,0.1015624201166164,0.2970383313126556,123.50235891997717
1529,831,5,1,0.06148424344680758,0.06429131535504991,6.216517367277491,-1.435251486598571,0.09793771386450442,0.3522316232381204,82.23385266645289
1530,832,5,1,0.04484300773286829,0.06057931885926162,6.36546662558477,0.8993915566511219,0.07216128961510375,0.25805610095655024,-51.53134031080025
1531,833,1,1,0.061635657784153135,0.08690151878341129,6.262903233968175,-2.1227955298060417,0.09854458689402112,0.36336398445403084,121.62722463660857
1532,834,19,1,0.046256336602407924,0.06911698759221759,6.277280891982344,-0.7221995465047889,0.07920820500775784,0.28959956793014197,41.37898598907526
1534,835,1,1,0.05703513499091422,0.06706106403994704,6.360855897304905,0.5647396408849235,0.0942622195246419,0.30278885719774273,-32.3571979571476
1536,836,21,1,0.0522764089941138,0.0861625993626959,6.43530628463236,-2.924666560987172,0.0932013151312264,0.43225019901319917,167.571050404423
1537,837,1,1,0.055488336835162036,0.0546726744995912,6.259194221923885,0.6967465217761101,0.08991292694652037,0.24390709369554184,-39.9206350895539
1539,838,19,1,0.06986479649784907,0.07814551904475536,6.1789699802279765,2.891602888175479,0.1241751632411544,0.39296256218767867,-165.67664142253923
1540,839,15,1,0.06152894067285654,0.05175084012155365,6.183227984243612,0.5930325149272142,0.10174285542344043,0.3165481937553464,-33.978260285040406
1542,840,13,1,0.04906187442861837,0.0514004597165884,6.229314735219838,-0.9804457018083499,0.0764544250779451,0.24647561681905575,56.1754007345144
1543,841,19,1,0.04767852246001231,0.04724415577205804,6.201748692903778,0.8390393192812832,0.08266255240011547,0.22511836344043865,-48.07341183199482
1544,842,17,1,0.038598230746557445,0.05916326806029341,6.302436067954176,-1.0721987282153111,0.06389168971554672,0.17968846855356713,61.43246192222118
1546,843,17,1,0.059274847424581244,0.0665931115453707,6.24782172537684,0.05178866395178833,0.09685800050569801,0.29828373759119126,-2.967271868655812
1549,844,9,1,0.066571491799756,0.0503171202844208,6.16845189415896,-0.8380094228184048,0.09706855876102473,0.3354446617387436,48.014403144545874
1550,845,13,1,0.042125634280204986,0.05373825376967046,6.311081033533863,-1.4951261229983497,0.06311623410166968,0.21732507199852863,85.66441668682543
1555,846,17,1,0.0764245784294981,0.07625242753819193,6.258159302206973,-1.4092219502266963,0.12413868328017877,0.3660855543525318,80.74247007423772
1557,847,10,2,3.785523330305732,0.5327522845014273,9.203710885262474,0.07934634861757485,5.6699869181228575,11.448031503356118,-4.529613877423278
1560,848,5,1,0.051987944821837814,0.05628245784333914,6.2250576585539985,-1.9107758229556848,0.08255189290780283,0.30138350598461466,109.47939028087643
1561,849,7,1,0.05774593850850151,0.05955132705321908,6.221553293358718,-2.2430725731910335,0.08716305241156598,0.2626996637534877,128.51859161900754
1562,850,13,1,0.05187942189450747,0.0512072721936083,6.272956819320846,0.03982894055493645,0.07788572551689261,0.27776225863709114,-2.28203018526623
1565,851,15,1,0.08902537554240006,0.07563245329950291,6.339685824332238,-1.302649909519486,0.1453977121640996,0.37824501041754677,74.63634192285413
1567,852,20,2,3.7620605311286908,0.5280774904953861,9.113828814117259,1.3185278773253695,5.634946339753741,11.368236901632944,-75.52979309481309
1571,853,18,2,3.7654782961763065,0.5304961005268879,9.307726511306354,-2.9144476321819566,5.64005082646342,11.383384041496852,167.00188294219654
1572,854,21,1,0.05731852875935879,0.06480295593343369,6.312037685009002,0.18947687735292418,0.09520314853154178,0.31060864572073194,-10.856225426384123
1573,855,5,1,0.0686261450932863,0.09470918910226378,6.257966932372204,-2.266105579860881,0.11263501009242063,0.3916893821005297,129.83828567871393
1576,856,15,1,0.038077455726319015,0.04593273126460197,6.146787567381661,2.8045917773123685,0.0566641891857816,0.28170931280075645,-160.6912720914047
1577,857,9,1,0.08062662287071548,0.07731058971195336,6.196507849525799,-2.849238034186192,0.1317546469834726,0.46492999526092227,163.24931407850372
1578,858,17,1,0.0806580581933007,0.0691314003757482,6.07476117868367,0.2196727651381321,0.13143027514280434,0.5007637315575941,-12.586322456968015
1583,859,5,1,0.0811693731464198,0.06388642025277032,6.237069547477251,-2.807672072192603,0.12758432952906917,0.3618995423497929,160.86775988992693
1584,860,18,2,3.768402472560195,0.5324684705460508,9.409091347760828,-0.06452242600277448,5.644418477085444,11.394228209966018,3.7132348842455736
1587,861,15,1,0.053866124690484726,0.05619036370694855,6.298723864765375,-0.33149327671893974,0.08910713897851838,0.28776047828999884,18.993165723819576
1588,862,7,1,0.06025286232121675,0.07271357492364448,6.355548136212793,-3.0411413570470707,0.09282525765427409,0.2944730872708681,174.24456465256955
1589,863,7,1,0.06816492595094209,0.07981435144561343,6.165420621645751,2.7019341783700446,0.10858141688298877,0.5132277928892096,-154.80942487506707
1594,864,1,1,0.045131533735927265,0.04337147668599673,6.2827825830442725,2.0063614766402567,0.07349221758585923,0.21211490962085316,-114.95604480604673
1596,865,13,1,0.08143368766122416,0.07398267304245508,6.313426798537961,1.291036477057425,0.1402075943608727,0.4002070854509242,-73.97094121050185
1598,866,1,1,0.06212417198731915,0.061736436988999874,6.216719161788668,1.9829313420071042,0.09896885186494368,0.28408002874513666,-113.61359699510757
1600,867,8,2,3.7780855771738686,0.5311835662310975,9.089577750954872,2.504720869788086,5.6588792831894095,11.44082001337918,-143.5264338081719
1601,868,5,1,0.06103817906454229,0.055413384174620904,6.2818635116437065,-0.0024724325966689214,0.09225654738842226,0.30391976732083076,0.14165996891805502
1602,869,7,1,0.036236660647259174,0.04832726219226766,6.233464000234903,2.665142603625633,0.06017919411749868,0.263838473718526,-152.7014229902093
1603,870,5,1,0.04809453643007037,0.05782176963814264,6.279882810266071,-0.2822624480161086,0.07930936997475042,0.2684460521909521,16.1724470109854
1604,871,17,1,0.06034748398299461,0.07511393105432712,6.251876505149164,-0.24039514105385823,0.1065546236555588,0.35439272432500774,13.773627057066768
1605,872,21,1,0.042596048549310705,0.04834894745286211,6.142415885751563,-1.9476846551879106,0.07076245828836535,0.25138210846140935,111.59411057711722
1606,873,19,1,0.04047752063277506,0.05535133979251227,6.211803855824332,2.4943932700275453,0.06922464753302929,0.17526550759891332,-142.91820680871894
1607,874,7,1,0.032388882026390745,0.069962829689313,6.31119120637662,0.7002133541273996,0.05981842816723224,0.18743380995855724,-40.11926994996938
1608,875,19,1,0.08068895574706017,0.05626089653293235,6.198085724448628,-2.672276947990515,0.1299007772202525,0.40792399128261847,153.11019067252295
1612,876,3,1,0.04742701413206507,0.0672527491362583,6.343315614842377,-3.0387540505165043,0.07723105025982628,0.2543925686607578,174.10778206489303
1613,877,15,1,0.048577775672248025,0.05209782811020638,6.2608479345100045,-1.2601528755707558,0.07495289550756985,0.228562618124301,72.20144129083546
1614,878,3,1,0.048672955986610804,0.0789889992098067,6.101255046358648,-1.4920315159547335,0.07796681809770223,0.31243582180646706,85.48710877305786
1615,879,15,1,0.04838467611921147,0.06547671038974591,6.243422345618416,0.03230819363805999,0.08245028593703582,0.2691329413813775,-1.8511231619850557
1616,880,13,1,0.04139667387413882,0.05171167527417025,6.173741159197505,1.2550278394613066,0.06786747620480063,0.2081275801485786,-71.90779836208556
1617,881,3,1,0.041671790524289216,0.05288130445142647,6.203239659654301,-0.5505420971954934,0.06814195232967166,0.18894823203577796,31.543738616547575
1618,882,18,2,3.7688794001053925,0.5292778683208025,9.331007596793249,2.6647928274849715,5.645130212793576,11.396349626725419,-152.66500384997357
1623,883,15,1,0.027979937254787587,0.038015042553971756,6.174257885072984,-1.5814000572918645,0.04393342896046201,0.1760251533876146,90.60754900613037
1625,884,7,1,0.0690430306282741,0.058713628953278224,6.273432502939045,-2.2708248188022093,0.10781788418980862,0.2726813416087213,130.1086781658203
1628,885,6,2,3.772133497208748,0.5285452116857468,9.347686150481758,2.7719415457289935,5.649990227155227,11.40793951870526,-158.8369726474315
1630,886,12,2,3.7735277405584244,0.5317177825483385,9.367186098229752,1.703497243236478,5.652072614080586,11.429037206582025,-97.61964172959786
1632,887,1,1,0.062277188598937536,0.07809253431009944,6.141867168154386,0.8664872263346964,0.10511631259390361,0.363702493687419,-49.64606100659879
1633,888,15,1,0.04822284212387853,0.06153312085810107,6.216288507648812,-2.4761290266452836,0.08049530318385946,0.25736262617179007,141.87174274583518
1635,889,19,1,0.052651096170533554,0.06218765619133641,6.377874500896959,-0.6290540786713963,0.08555693802610152,0.24073560465653876,36.04214380607473
1636,890,7,1,0.06277509134962134,0.05231286778768836,6.133523404483833,-1.7138714361435399,0.09777860938950086,0.3656608520806668,98.19759990926367
1637,891,9,1,0.03988035900195235,0.07748573984579205,6.39964142135755,-0.9341674305790741,0.06564475693791873,0.2392867100157669,53.523851124826955
1645,892,1,1,0.03420190739823206,0.0579009886248071,6.481854143193043,-1.3263678584835004,0.05671357928678455,0.18810526944446984,75.99528036650834
1646,893,5,1,0.06207673053464544,0.07453021788177863,6.256597792218003,1.3289448499941543,0.10236421088066008,0.30591689009937445,-76.14293104777443
1647,894,21,1,0.06372766013539849,0.06591091032099006,6.0915483768596745,2.5662433299660403,0.09653710688920368,0.3303697099630734,-147.03491200955258
1648,895,21,1,0.041554516322932576,0.04573178897429937,6.2366193817179685,0.7172596452109348,0.06993345373913012,0.23313972653453796,-41.09595049483665
1649,896,9,1,0.03598918811640465,0.04411937455495921,6.331568531813371,-0.17929026934685302,0.05916332874574119,0.23476271730644221,10.272575742299969
1651,897,13,1,0.048775021753152376,0.04880211244830084,6.248075828008108,-2.6297948629793124,0.07966639355720573,0.24964276134020724,150.6761466105001
1654,898,2,2,3.749448539615427,0.5327193060763165,9.316401450985166,-2.8864431129320134,5.616111018036693,11.339294902128625,165.364882476111
1656,899,3,1,0.058730865314495374,0.05194458299374024,6.26858134774921,-1.2610083120147995,0.09703223162380538,0.29306379537533606,72.25045416806671
1661,900,21,1,0.051301010650859805,0.056418771685028034,6.250083010227056,-0.05880897682250303,0.07981506709084951,0.3444675974982837,3.3695061604038856
1662,901,7,1,0.06781383581436978,0.05948843917597515,6.326178279066466,-0.5265443397668691,0.10219629147427212,0.3244522747771147,30.16876844559969
1663,902,15,1,0.09185296403783505,0.06791346437804266,6.3027955378457525,-1.3434935476608596,0.14911178907988068,0.4873054151400679,76.97650988383023
1664,903,19,1,0.06653781202065091,0.06600615465589808,6.2055651788295485,-2.978881077868154,0.10761564577770308,0.34106932226233155,170.67731336262884
1665,904,3,1,0.07231651906444549,0.07075242392945218,6.273844237202693,-2.249008924595304,0.10560332998626062,0.38159605544134495,128.8587194651236
1666,905,13,1,0.0422130164927886,0.05198642987130132,6.321724045719546,2.489220903504103,0.0684888986629976,0.20875204134058387,-142.62185204447852
1667,906,19,1,0.07915468065848495,0.07834813344017794,6.231808523016437,2.5115126635330145,0.12323738115408134,0.5527580111593003,-143.89907576154152
1669,907,21,1,0.06625538288601411,0.056050043221585105,6.142324025983731,2.24656816623817,0.09671879631482379,0.31030150531708833,-128.7188743241165
1670,908,15,1,0.027739470215736042,0.05190863087439423,6.301096380288768,2.4759320176610835,0.04674182362927783,0.15847663822264096,-141.86045497199655
1675,909,13,1,0.03467571310486959,0.04509863727370348,6.308521668098882,-0.03169003069786488,0.04951845284843975,0.1908812232654265,1.8157050131889814
1676,910,9,1,0.05388876831210153,0.09112823376123812,6.067625841850083,0.7498651466588748,0.08963383505680989,0.33308026668475366,-42.9641081426864
1677,911,17,1,0.05469516993870146,0.07161203978704372,6.392225278190116,0.15580774230563468,0.08319548959140587,0.28080786725825435,-8.927126070662798
1679,912,15,1,0.03616222784445801,0.05849689131882762,6.2052552511518835,-1.6245940325856558,0.051719343393271035,0.22304495035998,93.0823814901908
1680,913,13,1,0.051183400703596484,0.0511057791927483,6.291940410711745,0.6845946984330213,0.08296648860505705,0.2062883503272054,-39.22438690138674
1681,914,13,1,0.03367045447436499,0.05821961351422795,6.283051976278187,2.6868769879832963,0.058298227924868336,0.20940675373149156,-153.94671147273178
1682,915,19,1,0.037694900619849266,0.046782713396887284,6.363662655651717,-0.22405095344827783,0.0608352426989338,0.26437862240118576,12.837174031424997
1683,916,17,1,0.043604058397511525,0.04884572699580205,6.257400834680936,-2.4817259672603837,0.0805084884333293,0.20879344300831496,142.1924238257204
1684,917,19,1,0.07394778069842228,0.06133547466377724,6.213601226916132,3.0916662712145406,0.11426744690255249,0.28383826906140824,-177.1394290337391
1685,918,7,1,0.07138076830653167,0.056113225716624304,6.2308843803914264,1.9941572744361626,0.1147124961610548,0.3975125014855473,-114.25679560368799
1688,919,13,1,0.05569308557431453,0.060449068730624514,6.203810492967704,0.3056501045689275,0.08597243966429131,0.30653373615681945,-17.512461012537187
1689,920,17,1,0.07989810033692349,0.08295714549143006,6.219350030405284,-0.3170741873273786,0.14057429951338035,0.373209554995212,18.16701283052855
1691,921,1,1,0.043156760432847524,0.05180387232206554,6.280555788443795,1.9521150565340917,0.07420131386947362,0.22452608742636934,-111.84795388007434
1692,922,5,1,0.062092455777967896,0.05499806482466922,6.296451906132032,1.6499740254552349,0.09523658698041657,0.3175067946992998,-94.53654800859526
1693,923,13,1,0.046397504233378045,0.05410526513924085,6.246632583268454,1.5803437711511399,0.062381348922845525,0.24712366799645014,-90.5470282715871
1695,924,7,1,0.04394873024362075,0.040835745081314226,6.24681839897042,1.3461918281528225,0.07401388412865206,0.26554817127664837,-77.13111014736394
1696,925,3,1,0.07206675748231468,0.06451487664106033,6.274596378952096,0.1672366799684528,0.11852519561599748,0.3537713351011347,-9.581956040284856
1697,926,13,1,0.045785503283617114,0.05701690895493855,6.20087457131372,-2.9123931403969388,0.07715884104104304,0.22525155438305855,166.86783521614825
1698,927,21,1,0.05155188690875822,0.055520452938067344,6.221840413371248,-1.0001896290122465,0.08852898400049668,0.2451533297068368,57.306644435160955
1699,928,1,1,0.0706118637061092,0.058927267030868424,6.30531175272451,-1.1674118509803033,0.1150437518218712,0.3460789726703417,66.8877719172391
1703,929,4,2,3.781860854018136,0.5311488872029199,9.292122304215257,-1.4931018009376835,5.664517171064115,11.425771289629537,85.53188282196551
1704,930,2,2,3.7755655932543433,0.5361214484713682,9.196152946507,2.942286782321846,5.655116189606792,11.436506253792071,-168.5641487427984
1705,931,19,1,0.03654418055628864,0.04410662264341167,6.240288913776507,-1.9109903135178976,0.06062162212421631,0.2111009802692275,109.49167966402848
1706,932,3,1,0.06610262835205989,0.07687679447808762,6.171068987733206,-0.11594124595059854,0.10966238328681632,0.3367952994399447,6.6429441404905925
1707,933,5,1,0.03425999613904113,0.05885537521450134,6.301031379858048,2.74625354136758,0.06236644164472936,0.24980671656592288,-157.34873738551505
1708,934,21,1,0.06912328670046168,0.06915101979608644,6.262337797437678,-2.5437502618100294,0.11466922936297624,0.3396103535218223,145.74615406185947
1712,935,19,1,0.05294364424749762,0.04938935731422348,6.248679506315728,-0.37331414570241056,0.084746772029766,0.24818983069102418,21.38932501710606
1714,936,5,1,0.038022875695704776,0.05636739294870075,6.273667581682845,-1.6883462387334103,0.05991898007347497,0.22805709837876736,96.73511384605798
1715,937,1,1,0.036695193441627576,0.062351713749325556,6.2429853811440665,-2.794474861434764,0.06300104657009829,0.2873958829716339,160.11161551037932
1716,938,15,1,0.05366860375796041,0.05861276900150026,6.294441388254205,1.224274767441461,0.09309367097756614,0.3444564723513414,-70.14577709188504
1717,939,19,1,0.042003474718029656,0.047875390592864865,6.257691302991418,-1.562599661395681,0.05557886650244592,0.24590824327044986,89.53036566731406
1718,940,21,1,0.06978088421512871,0.07099339683492711,6.238187788428558,-2.133356024061333,0.11980485880561398,0.3483597242690965,122.23229647641386
1720,941,13,1,0.04756494040776555,0.07376441874937005,6.306513267541515,1.791588917140089,0.08198734899384212,0.24469346621203308,-102.6504835993295
1723,942,21,1,0.05030405884009564,0.05534283579849605,6.333046920255654,2.1096766729741048,0.08569252593303626,0.2611399534239959,-120.87556948905095
1724,943,9,1,0.03961486621348961,0.04875185715077336,6.295164659438234,-1.0351087396717817,0.06537667549903423,0.19940159942072994,59.3073621120882
1726,944,3,1,0.05441649862161591,0.05851458619049173,6.2142859044394125,-1.9407731369278487,0.09694119646978826,0.2438429110286418,111.19810976832095
1729,945,17,1,0.0465486942734857,0.05369559679621778,6.253653362442355,-0.766907843032053,0.07822440807188603,0.2080929412934653,43.940582676652234
1730,946,9,1,0.053277112906754534,0.04970781472161923,6.2680941172061555,1.7835936328382545,0.0869945281159349,0.27280979696561536,-102.19238756142492
1732,947,21,1,0.04356907592195712,0.058967959626505924,6.245069148793362,0.06983894131851519,0.07164084578170819,0.26773592405831464,-4.001476599427336
1733,948,7,1,0.05004528320278508,0.05261724451649123,6.232210753203391,-1.5584083345167985,0.07266639071753689,0.3151564047813949,89.29022033508393
1734,949,7,1,0.0456588899955198,0.049507691147056374,6.116593835037634,-0.3297394165433467,0.07158081277723376,0.3261302260407949,18.892676918506563
1735,950,17,1,0.05076231713977818,0.04467905945552561,6.240639388040023,-3.105748110306019,0.07437177445079023,0.2527562602118312,177.94625894268742
1736,951,19,1,0.05651731752662099,0.06005568940610906,6.366401148031216,-0.5791070017958267,0.08884291129577367,0.3172897064622025,33.180387113903556
1737,952,13,1,0.055948572858798486,0.05167030601947487,6.256707038959405,-0.7647708018209395,0.08709491273780766,0.2641195892321225,43.818139241446126
1738,953,1,1,0.05209110064071707,0.06132079801145205,6.30701275187767,-2.607504442009345,0.08878372829977882,0.29338016300832637,149.39899955492868
1741,954,17,1,0.033597604430154415,0.06401687839077243,6.269873200533374,1.8396093146506889,0.05556077147107341,0.22968913260666557,-105.40184968677306
1742,955,15,1,0.06882890312810036,0.09608241660316756,6.396346839253781,-0.7641070254237053,0.11947295467343104,0.3903427714451395,43.78010764733073
1743,956,4,2,3.778036079593321,0.5294111733572041,9.207198267829368,-2.0578822875563274,5.658805315626645,11.420588436165708,117.9244682667461
1744,957,13,1,0.06743559663708995,0.05843540183774943,6.21510321885317,1.399672975490925,0.10804718400294316,0.30742625857127776,-80.19535414142386
1746,958,5,1,0.04402658224248926,0.06939100572483257,6.302475477663605,1.4292446357532147,0.0666475381676358,0.24764560799644683,-81.88968551101604
1747,959,13,1,0.08809366934117367,0.07395631056507433,6.272673908722746,0.12090187412313724,0.16058229908165264,0.45919865155318834,-6.927167319694395
1748,960,21,1,0.06397040883500071,0.06970852150856291,6.31557814887882,1.5934708533606154,0.09485708777393238,0.35561546492492646,-91.29915468740235
1749,961,21,1,0.04888082049534573,0.056329568607431046,6.294222663220821,-1.839194957812211,0.07962493291943987,0.23754317504999714,105.37810881146882
1751,962,9,1,0.0684544538243658,0.0705374552144942,6.253623495056046,2.812715217721579,0.11008205210499149,0.344299530130738,-161.15671088092034
1752,963,5,1,0.03510104376345651,0.048863681184775985,6.354789486868467,3.0759269309777664,0.05189810736735775,0.1849547814130604,-176.23763123270083
1754,964,1,1,0.04101349306999205,0.06445345948440291,6.309964407466669,1.0272600872503694,0.06967957329370687,0.3172048907418879,-58.85766745341995
1756,965,19,1,0.07075118080369791,0.07667761711583741,6.197078998565174,3.139205241534591,0.12382294806759041,0.3490648183436473,-179.86321130681708
1760,966,10,2,3.7654864097983585,0.5355228422682867,9.347838407629926,-0.043581662577020015,5.640062998070074,11.389074281297528,2.4807112180753563
1761,967,3,1,0.06597708250619312,0.07079036783950961,6.283573459900643,-0.4896634075563719,0.11099554271024807,0.39235855044147716,28.055646708069528
1762,968,5,1,0.048673336581746586,0.04386410800979905,6.278430145237635,1.2006604893546013,0.07777808411095775,0.24175692240158886,-68.79277864255587
1763,969,9,1,0.049521237606062536,0.07212595040226054,6.305289699426634,0.48835364595459285,0.08577279709349753,0.2803504094813192,-27.98060285219831
1765,970,1,1,0.07541694637355481,0.06960463529088631,6.429927760831604,1.4941127846461524,0.11092207683836783,0.3513005631020583,-85.60635665374946
1766,971,1,1,0.0774711457112158,0.06407487184423362,6.219957439318311,2.446545814352817,0.12184649744834562,0.35120124681981596,-140.17674947210458
1768,972,17,1,0.06720223753708363,0.06464004789071595,6.281847802204777,-1.0885146979747513,0.11342950666510561,0.32647420374720465,62.36729806466722
1770,973,16,2,3.777123617085207,0.5311965620422068,9.333463262522795,0.5329135594214454,5.657442469130748,11.427296883595437,-30.55018426989351
1773,974,4,2,3.757399909197754,0.5323217017060858,9.222181789344745,3.044830440887904,5.627985817639951,11.358691875924142,-174.47216239913763
1774,975,17,1,0.04416246072519009,0.07096284812091576,6.364780286490406,-1.1665320106541337,0.07160453034460482,0.26163430435336593,66.83736085514666
1777,976,18,2,3.7553672948769914,0.5344552323582524,9.489063716730199,-2.8009922156345026,5.624950260012288,11.360666677094844,160.5012348047479
1779,977,1,1,0.05908534704447485,0.08224972216177238,6.3244596800398085,-1.5800244842043805,0.09776710302475589,0.31023042910431814,90.52873450777301
1781,978,9,1,0.04624476940188861,0.060500750346685464,6.3227634538859885,0.1832902198407292,0.0730673452742802,0.25071485492027673,-10.5017560324046
1782,979,1,1,0.03997841955582378,0.051602800808263884,6.250510578534678,-0.9313469708756572,0.06554273053220853,0.2192830211377703,53.36225067894741
1783,980,21,1,0.0703054450029473,0.05046475727010407,6.278075713160731,-0.5909051333376149,0.11135463895594881,0.34937603486369917,33.85637031368209
1792,981,4,2,3.7770896731660337,0.5286111227631451,9.318166426790262,-0.2235116873264293,5.657391831838471,11.429110243360213,12.822762375352577
1799,982,15,1,0.06913780700199859,0.062036947012007564,6.230458788594283,-1.590422395882745,0.11305809835131937,0.3533931291937726,91.12449100409563
1803,983,17,1,0.04524565080995589,0.04276104005043011,6.154948306933587,-1.101208875483806,0.06957057922249728,0.2050225157257436,63.09462090853999
1804,984,1,1,0.05479683880529677,0.058353091687753066,6.303919260686325,0.15932688499678666,0.08665485390408348,0.2620095076854099,-9.128758084497898
1805,985,3,1,0.050391166284445,0.05654974795602931,6.1558137633598475,-1.0089088128302106,0.07778578188882047,0.2682387170542726,57.806216883616834
1808,986,7,1,0.08075301319755449,0.06651854776676346,6.188052140656729,0.6653485407309069,0.12733932722145133,0.4188038468508627,-38.121663418247515
1809,987,21,1,0.04697699214302168,0.06415323566084415,6.114055118035146,2.8843925292371946,0.06788490973015143,0.2674230729780022,-165.26351838069675
1810,988,16,2,3.7530281919095745,0.5344728980810248,9.059326287310844,-0.6181594064063691,5.621456519829713,11.346824578039788,35.40175298789828
1811,989,2,2,3.767870255418596,0.5292478093491847,9.051396425981817,2.747706159132106,5.6436231664265994,11.402276333781145,-157.44833150477157
1813,990,6,2,3.779098040808744,0.5313487053331627,9.41498054369451,2.106432220522679,5.660391384579885,11.435123055355497,-120.70618848274975
1814,991,3,1,0.0618174213006459,0.06435542767791319,6.316275692064138,0.7754196378216995,0.09599812988118576,0.29919502371808127,-44.428272583548875
1815,992,17,1,0.04314730011873771,0.07156651584658102,6.305687017597398,-1.0114066606430914,0.07492766048891768,0.20128630958057112,57.949333017591805
1816,993,17,1,0.038091626511142763,0.06875929723808269,6.180196436563116,2.329127385911224,0.06526594513879323,0.18987638993443318,-133.44916915921368
1818,994,3,1,0.03729407160471658,0.07975380350063772,6.207718473342422,-2.8869615605758243,0.06295250582155026,0.23801949731556474,165.41071302644986
1822,995,4,2,3.7952799503718677,0.5388004978619182,9.455277235129957,-2.2359648932412277,5.684557130674324,11.465746616219898,128.12807758507083
1825,996,9,1,0.07883881439866226,0.08043194548349661,6.286192314483514,-0.6400000956153196,0.12053068250255586,0.46339905919032803,36.66930444647493
1827,997,13,1,0.06297134741799999,0.054447602271012314,6.241813409539165,2.2894177884000726,0.09649578531242317,0.29469475798148986,-131.17397683579782
1828,998,9,1,0.052729096165517374,0.06502476221102889,6.296313446854646,-2.4937018246464584,0.08510592346176882,0.24953487457139442,142.8785898854016
1829,999,15,1,0.03121965177776415,0.04569944268830334,6.327091319479941,0.49085957197456787,0.055259831291103366,0.2110296894035412,-28.12418181172217
1830,1000,19,1,0.048831473465740224,0.05502920228945452,6.339224119193233,-0.07941600181834638,0.07220529719654409,0.24054715935370538,4.550201747920723
1834,1001,21,1,0.03505575776313276,0.05263862645283383,6.292960782427142,-0.2223715151366437,0.05770130255278868,0.2203170261631594,12.74094930757719
1836,1002,7,1,0.033863725895017155,0.03620384070867154,6.195412051571108,3.0369638707367703,0.04942708272604648,0.1879683428729742,-174.00521232267175
1837,1003,9,1,0.04985597658410438,0.05513521554837461,6.176722236360964,-2.5535482737111574,0.08229954266607645,0.2529631332922843,146.30753884928117
1838,1004,1,1,0.05637789402087089,0.04547691619653276,6.233310916962199,-0.9184456370178927,0.08669618760689697,0.255987521188005,52.623058687024894
1839,1005,9,1,0.05868789916279952,0.06588921920992051,6.281667286846443,-3.042069356532245,0.08608496055250449,0.3185665962209634,174.29773510593307
1842,1006,13,1,0.05558902015931742,0.054587469115079425,6.177670987316413,-0.2534595971947761,0.09283155843368995,0.29905142173377386,14.522165236283584
1843,1007,21,1,0.05554190678297187,0.04673796909160846,6.194885742123262,0.43123775041075724,0.0870576050502176,0.2552192275985187,-24.70810309667532
1844,1008,19,1,0.068560037059829,0.058720455891881095,6.355764154381458,-1.2992828975591915,0.10841558314885122,0.32320373802803143,74.44342635897472
1845,1009,7,1,0.07084407873579272,0.050447606965407225,6.185177470391763,-2.6112022049666073,0.11337915260760706,0.3209348910632672,149.61086571396214
1847,1010,20,2,3.778363626181215,0.5269084564476167,9.06497365741579,-1.6944333188951561,5.659294525737807,11.415600348062558,97.10038059130166
1848,1011,15,1,0.06762649105655612,0.08002377721483143,6.228078662998945,-2.6504127416398227,0.10015261761617768,0.4370918823194267,151.85746403509887
1849,1012,7,1,0.05109595865277024,0.06172465145784727,6.360393565614981,-1.5476374600180158,0.08042678391018371,0.27218540261930246,88.67309466904284
1851,1013,17,1,0.035445384214462944,0.05333142832482352,6.248412966758821,2.6080785436121996,0.06210075279255116,0.19118180252236774,-149.4318931785315
1853,1014,9,1,0.06638392806003933,0.04487384295426969,6.179848850913157,-2.4316963760733645,0.10269748297921247,0.2930822301967474,139.3259393617725
1854,1015,21,1,0.05421515462483377,0.06593472288186757,6.288581310526334,1.893507002646198,0.0905339673865105,0.310226989021947,-108.48995977364982
1855,1016,15,1,0.05242789229193721,0.049956706982690585,6.281752584083879,2.212307166956436,0.08062006320395629,0.2573175936369295,-126.75586364902725
1857,1017,9,1,0.029412026051122187,0.052723923525050946,6.2081065449807005,-1.819217162713751,0.05053954294597256,0.21264270256073978,104.23346544607641
1859,1018,9,1,0.04209174532981911,0.06044146417363609,6.217881422433091,-3.024395920809246,0.06610627596718478,0.26271804814491456,173.28512182355576
1864,1019,21,1,0.07797113720391084,0.05870696034204418,6.3461402985460476,1.2043103321077822,0.12072578246538856,0.36332846476074826,-69.00189914841478
1865,1020,18,2,3.781813170414986,0.5331058109714889,9.30874941343046,1.3526954208465538,5.664446135866123,11.439452470110622,-77.48719045529342
1867,1021,21,1,0.06751843054952708,0.08055485310125918,6.280451197789405,1.8659488008646457,0.11346513433502085,0.35521129932867823,-106.91099116096782
1870,1022,21,1,0.07758442833269023,0.07174383568598348,6.25262550513593,1.5479771446419772,0.12669363928148564,0.34645243050189994,-88.69255710223653
1872,1023,3,1,0.07169801658425451,0.06307500979962312,6.261495487338528,2.894970898430405,0.11485611743318144,0.37368805957726486,-165.869614215191
1874,1024,3,1,0.05231519397269517,0.0687213274054608,6.247240611587508,-2.8405825140360443,0.08901971479431382,0.25501127867213746,162.75338938219122
1876,1025,15,1,0.057576135417249666,0.04507004428331424,6.253340132259987,-1.8200362574454456,0.08710716768645864,0.2553007419394913,104.28039614762666
1878,1026,19,1,0.06686822407746823,0.06760101446782757,6.2690191595780895,-1.2493705230913583,0.10541547369791542,0.3318832912819484,71.58365794959124
1879,1027,3,1,0.042308235101546514,0.06618674014078546,6.349122945772175,1.3737907343403952,0.0720464638950451,0.25527928882812306,-78.71241100351422
1880,1028,13,1,0.057550958557920535,0.06854948409170984,6.243330395939816,-1.3468429872637055,0.09666120618289485,0.28387981271042334,77.16841882003784
1881,1029,1,1,0.05601940341008132,0.04066952764294828,6.255350742488075,1.5553913261497616,0.07713941631034901,0.26455048833400535,-89.11735848971513
1882,1030,7,1,0.06744260348610281,0.06437881836415138,6.2993475431816135,2.030344381921797,0.10914962201257215,0.31102358843880357,-116.33016410894135
1884,1031,20,2,3.7342139374256895,0.5369524556541301,9.20570521131844,-1.2804321442644429,5.59335676852076,11.294760004176212,73.34742843480012
1885,1032,14,2,3.763375399561115,0.5280085942690607,9.091842830704882,-0.41261389066759685,5.636910472425872,11.394407916290268,23.657341089321843
1886,1033,9,1,0.07773319605569502,0.05870044680968495,6.29812264231091,-0.8300478057716386,0.11765549642977052,0.38132796167888816,47.558236022667586
1887,1034,13,1,0.049035441645734604,0.061026825328883046,6.232377137854294,2.0989667255587494,0.08282503640386595,0.2721838940419258,-120.26193472871662
1888,1035,13,1,0.06105786111189733,0.05529309831610021,6.200921126071779,2.8695221525532486,0.09617666998878063,0.3929842127481615,-164.4115085027829
1889,1036,21,1,0.04933094737425579,0.05112239816624187,6.128088990971869,-0.872221917202775,0.07589704773192829,0.23574327805705128,49.974634634702475
1890,1037,13,1,0.04419212476718095,0.04863061694155031,6.210221139458809,2.018198592750049,0.07661908300680907,0.22406740110408824,-115.63426159684175
1891,1038,17,1,0.033607228024562535,0.05981316601012479,6.182946288203459,-1.9814600181700528,0.05656999062212001,0.3311201305365349,113.52929631960032
1892,1039,17,1,0.03357980746090505,0.053533538457069194,6.222293872365535,2.5195637369187143,0.06078046686670857,0.17475429735729214,-144.36036833707072
1894,1040,7,1,0.06102516861941421,0.0672033371213226,6.188770452622584,-2.64498646319901,0.10156528856943904,0.29370823910833793,151.54656115170127
1897,1041,21,1,0.03747585672075631,0.05641275508168818,6.303496858974967,-3.0213227242300755,0.05980264081387177,0.21186558729166877,173.1090406428809
1898,1042,19,1,0.04579847487958438,0.06281032238399478,6.382277710260317,-0.833988607013222,0.0755791914824536,0.23416428643945728,47.784027345480375
1899,1043,7,1,0.05893864737717932,0.04200700976325962,6.227348607444259,0.6667363037410563,0.09494791651725536,0.24812692072742462,-38.20117626641083
1900,1044,8,2,3.779135751799517,0.5331853477875986,9.24820761647095,-0.26191720391126716,5.660447807999306,11.437240183967866,15.023263269466408
1901,1045,5,1,0.08476902941828178,0.07299385379747025,6.172422811419073,2.2352470596956437,0.1342813659706599,0.4316656210806701,-128.07022283244729
1903,1046,19,1,0.07401366930498471,0.05876047696762899,6.186552678253131,-0.39813456751617965,0.11998069867237927,0.3676945232483014,22.81143051005936
1904,1047,3,1,0.0376492008188034,0.04347224747723162,6.306240210003955,2.209067100430654,0.07070677687743844,0.16586463692103273,-126.57022152050574
1907,1048,21,1,0.05892665961854242,0.06160135922097595,6.314971815420802,-2.746300211800441,0.09474476413443597,0.287930992521467,157.35141136473968
1909,1049,18,2,3.78662785551874,0.5425066670880031,9.441581208740784,-1.97310943775043,5.671636508255553,11.462093676983068,113.06745489526101
1910,1050,9,1,0.036182681073991266,0.06197115015647037,6.268510927130805,-0.4881356577506565,0.06123752883897601,0.24165464528476133,27.96811302420144
1912,1051,21,1,0.041199101343460956,0.07461689030731791,6.394835127520165,2.253576429274926,0.07781620571864713,0.2050063049733234,-129.12041820935602
1913,1052,1,1,0.0648273390454949,0.08204704229018782,6.302987630359099,2.6599733610597505,0.11077493467286287,0.4070969113613475,-152.4052471342894
1916,1053,13,1,0.04699881300292536,0.06037339070964482,6.318271530560534,1.015773413558599,0.07542195551114449,0.27017508211468383,-58.19952952298114
1917,1054,13,1,0.052806614484701656,0.06535637149881549,6.21627811166453,-1.9026624550627205,0.08867157101260642,0.29379233919979714,109.01452854300592
1921,1055,17,1,0.05936177178006989,0.058631975541298516,6.322821222192615,1.3990203982600427,0.08850540192318011,0.2672427666603464,-80.15796426404422
1922,1056,2,2,3.7820557026252817,0.5310107171483056,9.18794925914362,-0.9889209106338714,5.664808413998811,11.44194975143496,56.67754578084774
1924,1057,7,1,0.043529249694867274,0.049978260282524424,6.199044653845453,2.93334486065964,0.06584303567009094,0.26772593497498354,-168.068280363295
1925,1058,19,1,0.07578700718955698,0.054227973682412736,6.3150566759579085,1.848067947100849,0.11967828547012507,0.3701317848988988,-105.88649372678306
1927,1059,5,1,0.04513195835146174,0.06164692595006285,6.282670113397583,1.0388551371009833,0.07807399312487477,0.2568777764786247,-59.522014859476826
1928,1060,13,1,0.04228632260074233,0.05551568954499046,6.262357300297393,3.097723593635929,0.06500434069489977,0.2581728655409174,-177.48648800377126
1930,1061,17,1,0.05690105454407239,0.05300494208625442,6.053640195694411,1.0739594908606502,0.08830850068494513,0.2649445945589015,-61.533346182841115
1932,1062,15,1,0.03960657333041023,0.06024631377342165,6.413650812953392,2.7927785362701907,0.06378832209974859,0.22490976322046344,-160.01442323403597
1937,1063,1,1,0.051724874030550184,0.0553075150208135,6.300541567251454,-1.6622226157354463,0.08091626159436942,0.2891939313729564,95.23834050445585
1939,1064,10,2,3.7828441950963936,0.5385105454505591,9.319699863541164,2.6684945748687467,5.665986066009748,11.443151108952284,-152.91003850455803
1940,1065,13,1,0.05443997693294096,0.05290171240060264,6.281736830802774,-1.0769883950587393,0.09126983271257912,0.3020922485453453,61.70688957534717
1941,1066,17,1,0.030254901468309607,0.049954352928613124,6.340910203300399,1.3967148488970682,0.049486818331310536,0.16398486280809357,-80.02586602239138
1942,1067,6,2,3.780369490820351,0.531908283496145,9.347983679063496,-2.219125490465346,5.662289929031707,11.430332905776597,127.12999568024685
1943,1068,19,1,0.05157787688485566,0.059647031813678024,6.262827118188213,-1.032079583160182,0.08364157887596478,0.24499650706620926,59.13380421745198
1944,1069,19,1,0.027791798959571023,0.047827561522664944,6.30074889758157,-1.3924472293314434,0.045852164856757305,0.19594243704590683,79.78134943174649
1945,1070,17,1,0.038186048856290934,0.04872084089648791,6.2855604180876385,1.0579284735971277,0.06747844232495757,0.21577328532082016,-60.61483655699139
1947,1071,15,1,0.04853309803125222,0.05719887955542624,6.266315447159156,3.1284390105727247,0.0718607910687475,0.26820355313354927,-179.24635178191053
1948,1072,17,1,0.03435021187120732,0.05092776867113997,6.246818868650816,3.1353674372630014,0.05526371725646047,0.19313043957738718,-179.64332138588227
1950,1073,4,2,3.7752355795574504,0.5291344693318726,9.197712482439695,-2.2325569386386417,5.654623038087611,11.41753148778153,127.8996284147838
1955,1074,3,1,0.07696190330330799,0.06408624210161191,6.120428552885983,0.09024872546338715,0.12442320254998666,0.31827100833791483,-5.17087103494191
1957,1075,19,1,0.07222452112978987,0.07393678058545942,6.161641876802574,1.955047389560473,0.11033053201740466,0.3804683162289722,-112.01596423872232
1958,1076,21,1,0.053752865340697994,0.053831167392634244,6.315663009366387,2.93432612141981,0.07965929928703068,0.3115892539527923,-168.12450244869174
1959,1077,12,2,3.7717385961066165,0.5242653244788327,9.050345910369021,-1.4814598365282712,5.649400470697218,11.417994551643861,84.8978119945257
1960,1078,9,1,0.049853256198961,0.038477223596147865,6.290419468029853,0.8279895775192171,0.07923424352659778,0.2049288237820858,-47.440308269503085
1963,1079,7,1,0.05185585950844505,0.06657697285761698,6.314994503651186,-0.7037888293547295,0.08898939432556542,0.22328563014282118,40.32412960483302
1964,1080,4,2,3.7790878947383972,0.537884846318927,9.430476200013947,-1.3384673056774172,5.660375888345526,11.415171206539677,76.7050399081933
1965,1081,14,2,3.769739920404677,0.529299655124059,9.146988700805384,-0.1357836521826066,5.646415793630275,11.419960107681916,7.763440519552423
1967,1082,17,1,0.05866059698697237,0.04776582119981449,6.2300815608377995,1.5375951080821153,0.09755968298986807,0.31180943700497815,-88.09771032954286
1968,1083,16,2,3.758496869892648,0.5333701624681205,9.348094578767276,1.5357891184094277,5.629623981935168,11.350106218986362,-88.0104777709326
1970,1084,15,1,0.08486125990812306,0.06865212799741661,6.312401474273124,-0.5435783481977754,0.1322519027820062,0.4225634050630339,31.1447452891336
1975,1085,13,1,0.04424985415693008,0.039556886354989926,6.234621738682227,0.14730859361902532,0.06654340111852403,0.20097016910553778,-8.440160709777926
1976,1086,3,1,0.06111556302125355,0.06585826096498573,6.191154518939322,1.7108943037310427,0.10311758328559995,0.337348737584054,-98.02702286347909
1977,1087,21,1,0.055796797644282595,0.05063879718992556,6.232500782415148,0.46993390399685453,0.08893466672434636,0.25513216022163515,-26.925229390515828
1981,1088,13,1,0.0641518656820012,0.057247430334193695,6.203312489072702,0.5374504871909497,0.10516325192756146,0.36249145787661397,-30.793644684380283
1984,1089,17,1,0.03763599259970315,0.04784879617661823,6.334597244808363,-0.055583154737128916,0.05608509059797939,0.18585888974255355,3.184680181243608
1986,1090,13,1,0.06293778869098735,0.06106862967918163,6.139044730915322,-1.0713734876248266,0.10397488884948797,0.3568352228484208,61.38517905429398
1987,1091,5,1,0.03542741896460373,0.06223134572523346,6.260458936566738,-1.1623604155288456,0.059193545841832826,0.17803678312198415,66.5983460744798
1988,1092,9,1,0.039003021825717334,0.060392218996856054,6.327272585756989,-1.08067659610542,0.06470351233912112,0.21028688959129563,61.918207960979615
1989,1093,13,1,0.05854798243359118,0.05670412201223182,6.253282853187306,0.6468436511130161,0.09098397797162922,0.30606143692797755,-37.06141121545772
1992,1094,13,1,0.06041184052647468,0.061584608975116806,6.252992159335142,-1.4492119965162837,0.09029821034493765,0.33772683920517393,83.03373100242108
1996,1095,1,1,0.0707095868921095,0.062187769106000906,6.164420510525102,-2.9497833741014428,0.11326166276377696,0.4358303191772349,169.01013771753563
1998,1096,19,1,0.06040834500154588,0.04756164841701993,6.261925409772579,-1.8903089417293069,0.0978667843225524,0.3008136651841476,108.30672438342138
2000,1097,7,1,0.0404710172483002,0.09204939271248273,6.370259772768134,-2.9443675764749395,0.07329552591606185,0.3565034442438656,168.69983545738586
2001,1098,3,1,0.03434299994763988,0.04616287071347484,6.299643003057105,0.0979622430281368,0.052229947764474746,0.17613385152360372,-5.612823080409376
2002,1099,21,1,0.04909578616817503,0.05080296442013384,6.219225471681832,-2.7126309869296232,0.08126768595810123,0.3363196088351393,155.42230689958475
2004,1100,8,2,3.76729541103201,0.5386257823976527,9.566748097918499,1.1629400065457784,5.642764722984548,11.41413709805271,-66.61519646228066
2007,1101,19,1,0.06071867170236348,0.0660509867944242,6.277556239338361,-0.8881611607746555,0.08995583952076543,0.3189757861470053,50.887886051955775
2009,1102,12,2,3.796667525589732,0.5417770148725157,9.255723505819288,-2.2196398632289194,5.686629687548945,11.49872375800283,127.19274067469526
2010,1103,7,1,0.03472748297021332,0.07586929291258689,6.45081009194407,0.3427680722140175,0.0627760510077462,0.22089860571663364,-19.63916389837013
2012,1104,13,1,0.057492707225930015,0.07020177340354843,6.319016429539738,0.9894426522514919,0.09500443365257343,0.2806313015879903,-56.69088800312904
2013,1105,10,2,3.7597913652384083,0.5306096288912333,9.165426202605865,3.1124769717510055,5.631557504532556,11.369840732624484,-178.31553441307
2014,1106,15,1,0.0590877457614272,0.06667640073408952,6.330321691800441,0.33552005199289425,0.09139685413364179,0.2624146217998268,-19.223882954177682
2015,1107,3,1,0.04499876454193747,0.04777688738815136,6.249084819366633,-2.819961320587987,0.07451821291320283,0.24265141949494362,161.57188203302954
2017,1108,12,2,3.774221803838014,0.5363558529156784,9.104938748227834,-2.74922038432019,5.653108915370623,11.419818848331103,157.50227658401718
2022,1109,15,1,0.06242929625903704,0.07590164994849379,6.321272565022079,-1.547438190072657,0.107383218905911,0.38170851611509626,88.66167739215915
2023,1110,17,1,0.07923616458834958,0.057772566049484914,6.270909332610654,0.15799333334445717,0.11669900648838118,0.3505470291009992,-9.052351234069238
2024,1111,19,1,0.0559943923026945,0.058469978346727035,6.1785979028415,-2.2394351313738716,0.09144370713328759,0.23649196562253655,128.31018153572973
2025,1112,15,1,0.04254975801812446,0.06675942691749762,6.3527248231618065,2.3320951310456057,0.06775822885301777,0.22931274577342173,-133.61920843320652
2029,1113,5,1,0.04440310491150786,0.06387450829763573,6.320007008796327,2.6896597135493,0.07582551788328973,0.30848708718040646,-154.10614990727476
2030,1114,17,1,0.0728021522478708,0.05607189354143703,6.254106213519791,2.254895756219669,0.11059864045066005,0.3579861017114708,-129.1960101131733
2031,1115,9,1,0.053602909005668185,0.07013319169947141,6.1298412194639464,-0.5376780214724222,0.0887704927974594,0.2475386406319879,30.806681404103426
2032,1116,17,1,0.046064355856530716,0.04582871064034781,6.19967118004348,-1.381631829760952,0.06773277848249004,0.23401136187361982,79.16167266861368
2033,1117,17,1,0.03657291027629574,0.0637030815177697,6.368801134005017,0.8692769438059146,0.06533921719758805,0.3229091429767283,-49.80590010566336
2034,1118,7,1,0.07327302307072378,0.07990994579772098,6.137312810624579,-0.3926729586197169,0.1219068499395189,0.44256584840783464,22.498503340041616
2040,1119,12,2,3.7876305429250854,0.5422194496594601,9.490856216677223,-1.4657002425739583,5.67313356521776,11.43977436814476,83.96181309491784
2042,1120,14,2,3.7550848662689194,0.5331627131862617,9.180748805969023,2.524484955001155,5.624528725983257,11.373055930450915,-144.65853211424798
2044,1121,5,1,0.039539978094041056,0.06097555138557344,6.26194001557844,-1.7358526870101567,0.05932937162116101,0.1959425449623053,99.45703282610914
2045,1122,13,1,0.06742190919765599,0.057277682187867024,6.320180076765481,-3.0938175689466703,0.10135516507877407,0.31470095325006403,177.2626892828422
2046,1123,7,1,0.08006552662644392,0.08125798906572358,6.197154855471979,-2.1401175463400652,0.13366514301889545,0.4116402325866066,122.61970320056417
2047,1124,3,1,0.0528245272022836,0.056645001201333756,6.22628674932927,1.7682943844979473,0.08676990556011056,0.3098312689576521,-101.31580519608112
2048,1125,19,1,0.05886683423548834,0.05035460973501495,6.338650541354605,-1.4626516285104656,0.09140489266795673,0.2728172036345579,83.80376517371009
2049,1126,12,2,3.766768235896973,0.5329159447227648,9.404947177024503,2.1040844767839473,5.64197740735796,11.396686085087703,-120.57151111338005
2050,1127,13,1,0.04347874362305623,0.04600406717905264,6.247897450298333,-1.8762345089332793,0.0649128418178728,0.2337881575083089,107.50031875119892
2051,1128,17,1,0.05073748302936154,0.05484991939509859,6.243782341727168,2.4305056059945866,0.08247654543769967,0.26554731946191845,-139.25771330573974
2052,1129,1,1,0.06382105263250067,0.047292807065294165,6.247900449454426,-0.836322670578501,0.09930184426291087,0.3268441154298484,47.917759320708235
2053,1130,21,1,0.05650134327590041,0.05180096420728324,6.1319737427607235,-0.155768866443618,0.0941046748929223,0.3257635058152827,8.924898679143833
2054,1131,15,1,0.03061611804830611,0.04247743672181426,6.358289288528254,2.2472821267897998,0.053362250523373254,0.22056868145556316,-128.7597812411644
2056,1132,1,1,0.036711238623314296,0.06064764306088161,6.270123009586411,2.7718090250702763,0.06417880723264882,0.18010022012303692,-158.81295874631928
2057,1133,9,1,0.03525266063723734,0.0454995009530124,6.26955391207745,2.3022826987273675,0.06252961846023992,0.17399755168511497,-131.9110818804216
2058,1134,21,1,0.0769155297179804,0.06080461139746065,6.2949163869054985,-1.1509911464224718,0.1209052398108819,0.39053979280137757,65.94693483014427
2060,1135,15,1,0.08373655198328576,0.06140280530434506,6.292617147112187,2.3243331960555476,0.1251614362167413,0.4054389585255982,-133.17448224918402
2061,1136,15,1,0.065563398332322,0.07767303607635881,6.277862670401547,2.679236852267952,0.10618052649873325,0.3599399082490327,-153.5089638939544
2063,1137,21,1,0.041820719184951664,0.05733321135964271,6.355932516810361,0.7341370840465489,0.06920163732713533,0.2305260121752505,-42.062956501127644
2065,1138,5,1,0.06821944582935555,0.07170272397832314,6.05594719054779,1.2309367075480981,0.10294349897195061,0.3770635925020246,-70.52747814399501
2066,1139,17,1,0.03822749251239542,0.06251657524906673,6.217209587713636,0.06049007788395101,0.05775356738863458,0.2300553890093092,-3.4658261679061826
2069,1140,4,2,3.770258661112751,0.5350014126578172,9.475226526080275,-0.43157885152508796,5.647190417017509,11.415805552430236,24.744043203275293
2071,1141,7,1,0.04415589211011771,0.07098693590407221,6.256716943042573,-1.0762881240878246,0.07038177660009518,0.22998416437899064,61.6667670300169
2072,1142,3,1,0.0522207555471712,0.06293597079155201,6.3561787266793885,-0.29707793903301594,0.08820047490538749,0.2521404237734339,17.021312133141006
2075,1143,14,2,3.7422538395056533,0.5403564438887881,9.338107825401405,-1.777620719677644,5.605364699298942,11.308452041862697,101.86619759613104
2076,1144,9,1,0.044925686408946015,0.06132144613563935,6.2623462454967616,0.47599276756547415,0.07714589338710079,0.24827317470560453,-27.27237668060985
2077,1145,15,1,0.06560923863884173,0.07562923897117564,6.292267054559292,-1.317979584190879,0.11287807075514086,0.4155937618754915,75.51466759651629
2078,1146,9,1,0.04444732796414555,0.049173458179933134,6.228999272578769,-0.5705757502817824,0.07448086753856632,0.21094975628404009,32.6915823970873
2080,1147,20,2,3.768279182169889,0.5353003275880096,9.361789595469544,-1.4061384992836152,5.644233748795152,11.389633506751037,80.549430830007
2081,1148,15,1,0.08596564078319693,0.055886505992526286,6.193161998474039,1.06666618313285,0.13460125725570965,0.43247461433227646,-61.115470321870674
2082,1149,3,1,0.05458979387799736,0.05638490201411806,6.113402759118563,-0.8060292511070902,0.08451171524140602,0.25842396977866733,46.18207427668121
2083,1150,17,1,0.053081293443160586,0.054980990865898735,6.250806392059463,-2.9719820491108107,0.08690374016995349,0.2840987526454709,170.28202818722013
2084,1151,7,1,0.05251320277601745,0.06428152429754751,6.227497663686106,-2.385463239490689,0.08794966292594834,0.22089979442818952,136.67697580261012
2086,1152,13,1,0.04207574406537234,0.05822905212420494,6.377418715062638,-0.00019686882745704177,0.06207670225192625,0.2322666643010639,0.011279752508843504
2088,1153,15,1,0.0615527116620787,0.07030995034981016,6.383410742459062,1.2553237787590759,0.10115505813131107,0.3313941052222859,-71.92475438769874
2089,1154,10,2,3.77198508375662,0.5280417191846813,9.288427293335424,-0.46575208594130424,5.64976847551961,11.409173267106066,26.702047904476135
2090,1155,21,1,0.06727432811368843,0.06667924238030472,6.337993999631896,1.9161266921455475,0.10700591618720054,0.34296746236096765,-109.7859725463814
2092,1156,8,2,3.7569467300499286,0.5302477098731652,9.095947979838247,2.2723038074536164,5.627308976430195,11.367194234274395,-130.17719501812724
2094,1157,19,1,0.06967886643704259,0.061804236351989915,6.249499258086687,-0.7427988378549274,0.10884184521738766,0.3120707043252764,42.559238427275574
2095,1158,18,2,3.782945893717466,0.5344262037186693,9.46394918324471,-2.9771570615107796,5.666137669434499,11.43493695328902,170.56197152797904
2097,1159,17,1,0.03474890790772867,0.06030420831152199,6.2569488111698215,0.9587259680037841,0.05881640569246614,0.21227398709964124,-54.93095167065874
2099,1160,20,2,3.765677608219153,0.5269727580726828,9.200859424201793,2.549712525543959,5.64034887214956,11.410986858968975,-146.10410330314062
2100,1161,21,1,0.055849138837355296,0.04403213467193237,6.283700842811094,0.686122660393399,0.08733731411513272,0.2633438512949601,-39.31193267381064
2103,1162,7,1,0.07597911328825525,0.07728419509819447,6.236586061774346,1.0892294987721234,0.12530373681851859,0.36163047237241697,-62.408253082080854
2107,1163,15,1,0.04794993437336882,0.06223098147364185,6.21671694950933,-0.8180672873361182,0.07907203838760697,0.26931030457366595,46.87180291535163
2117,1164,21,1,0.06461248870709563,0.06261806747645901,6.290285163011748,2.839133808547974,0.10831422856978211,0.30221259336766565,-162.67038463358318
2119,1165,14,2,3.7636522366889533,0.5330050770629502,9.254705151856307,2.7538175063165924,5.637323876043238,11.39517715891348,-157.76581047479317
2120,1166,7,1,0.04363329071722807,0.05279594934890212,6.192792857443615,0.6365791230667104,0.0751912031433392,0.20797894126458674,-36.47329707344637
2121,1167,21,1,0.06932219012201658,0.07472300026406314,6.2068134557285335,2.1561988154146885,0.11246541078328913,0.32047268975563625,-123.54109199946762
2123,1168,13,1,0.04000213595610486,0.07220733362774523,6.278971846973348,-3.0107925665185737,0.06315608663568267,0.26480204848558625,172.50570705247964
2124,1169,15,1,0.07038328032653816,0.05141035732719287,6.178267543854518,2.5815059888740537,0.11386483533400368,0.32223173854822906,-147.90939790822665
2125,1170,3,1,0.044554578576001,0.047460373645943216,6.267897815800311,2.7241353956825036,0.07090475355567474,0.21639453312602855,-156.08146097557918
2126,1171,1,1,0.09094502900626948,0.0690517152623417,6.278381788533252,0.5626587493646001,0.13804755712515432,0.44101044686270074,-32.23797175451213
2127,1172,13,1,0.03916710614652571,0.052483241458292106,6.288019378347896,0.6459061230011938,0.06493262549198281,0.18636392477765565,-37.00769481427185
2128,1173,21,1,0.041184279038912024,0.08397072990066232,6.324232551246476,-2.8851381949564296,0.0663322656627309,0.3064377294467449,165.30624187040613
2131,1174,9,1,0.09757680668697125,0.0719796686460516,6.06844910229839,-1.1439104068320882,0.14170000407549702,0.522376498379241,65.54123834629456
2132,1175,5,1,0.08529511878090215,0.08013068386435569,6.206775466229283,0.487308683610631,0.12428350354262539,0.43464497134957675,-27.920730945171552
2134,1176,21,1,0.049310992198818515,0.04889058581712233,6.234779445044598,-2.8024350457392657,0.07869570358248043,0.23171191162214275,160.56770045218872
2135,1177,15,1,0.04052231298890351,0.041862641293368176,6.2775453391764415,-2.502118391930093,0.06918453795376932,0.19247638852514296,143.3608236877352
2136,1178,19,1,0.04864241046445398,0.059756757263075506,6.190956186918524,2.4357146230651194,0.07831871124179947,0.29044814695869725,-139.55616799236307
2137,1179,5,1,0.03569199183957006,0.048591343340627396,6.258929440467218,1.7393552452853578,0.054944207087947554,0.17193697304712952,-99.6577146314706
2138,1180,5,1,0.03573250691919719,0.05164049665681518,6.282573642604905,-1.905570861667835,0.059561150146856784,0.24616276480719546,109.18116794292821
2139,1181,15,1,0.08985857740518173,0.06739482141624903,6.348836072510565,2.9518256364965207,0.1373998478096579,0.43181877556870374,-169.1271506859368
2143,1182,1,1,0.046972303074540166,0.06295305733689475,6.38664443169364,-2.9018387736060913,0.07779423707076184,0.24796026691208214,166.26311454300003
2145,1183,15,1,0.05344370238669275,0.06509118851497155,6.193295226337775,-1.8336274285333465,0.08772628383071125,0.279898791276929,105.05911289154845
2146,1184,13,1,0.03620777003292788,0.056117381595480464,6.3539654451958825,-1.5827018496562215,0.05409214498675018,0.22239926146919595,90.68213621788497
2147,1185,5,1,0.05770772345935217,0.06212578610412176,6.2485519362902755,-1.300209186944601,0.0946458285900906,0.30693524477958356,74.49649886199937
2151,1186,21,1,0.05131258200298917,0.06656531314516051,6.329800830905234,0.44032033527928677,0.08420438026440147,0.27446588995730775,-25.2284968687684
2153,1187,9,1,0.036241609321485756,0.057883772134705365,6.27513167558127,-0.36451504133723317,0.056703980866934296,0.1900196814430988,20.885173441587124
2155,1188,1,1,0.061685253788205344,0.06619551425854929,6.231804311500355,-0.024119072137138587,0.10133765075826201,0.3627466958317531,1.3819210713156145
2156,1189,3,1,0.05017320176398078,0.0656638658480414,6.263238267217096,2.914101391075478,0.08235776540864834,0.30063428876087483,-166.9657107498066
2158,1190,7,1,0.045404377406626166,0.055451051714202455,6.353588155923834,-3.138332331067543,0.07207987335999715,0.23462152843927592,179.81319728453252
2160,1191,9,1,0.048974446221943004,0.06330895722427468,6.305800307099603,-0.5666306688394664,0.07604808562023063,0.3049885809798793,32.46554587525182
2161,1192,9,1,0.055973203625270425,0.05968821200550622,6.263323152171403,0.5422106579618144,0.08728091489828702,0.27221506557978814,-31.066382327106474
2163,1193,13,1,0.06259182104187226,0.05020516216143055,6.314711695324652,1.0130913092945595,0.10434024652813437,0.31405204827665767,-58.04585621600198
2164,1194,5,1,0.08850103938983425,0.06838136446302227,6.211070182651213,-2.172034238922134,0.14138423616152992,0.4750297640405386,124.44839500833969
2165,1195,5,1,0.06979031458385172,0.06795103131281649,6.266125726625703,1.3372774497542552,0.10803450842456523,0.3474229873419696,-76.62035383756921
2166,1196,19,1,0.06127475541679428,0.05648874184039861,6.26067893440979,-1.709186400851135,0.09254093336224192,0.3125388479230831,97.9291671700492
2167,1197,4,2,3.777861937219546,0.5283883620862407,9.096216731365072,1.6190553145461128,5.658545528484632,11.452260777711437,-92.78153247163166
2168,1198,9,1,0.05828770968099632,0.07317729264744656,6.317742146023195,-2.484157635685183,0.1010912294528653,0.3120423296939717,142.33174817508694
2169,1199,21,1,0.04579543566007694,0.0591645005851398,6.232572116261742,1.844782323946679,0.07115296638008548,0.259827159086841,-105.69824129876582
2172,1200,12,2,3.780324389575449,0.5328155787614213,9.25352026861405,0.36043129289438824,5.66222288847517,11.457709437517341,-20.66772042391129
2173,1201,9,1,0.052947069571432206,0.059065780794378936,6.140791103386061,2.5083534864588337,0.08937213269251122,0.2450699183689339,-143.71806826124097
2178,1202,13,1,0.07522996651533813,0.053642980572771934,6.1389998908619825,0.9367268879902346,0.12010670870563335,0.3740453713045227,-53.67049712963868
2180,1203,13,1,0.03685083401720867,0.04792595302701289,6.230278893664852,2.260793791399597,0.06337922348915703,0.20240674474187556,-129.5339426040565
2184,1204,7,1,0.06583719379726463,0.07914127944000143,6.2950865762018715,1.4005405696549393,0.11201781249645722,0.36643587789109533,-80.24506359845105
2185,1205,17,1,0.039065083195899936,0.054653717604031773,6.268312279717299,-2.791773148574869,0.06760925276658453,0.21485725356476673,159.95681875871162
2187,1206,2,2,3.7781938923562075,0.5313011167092437,9.139669835166474,0.37711994423843753,5.65904199791136,11.450939614148659,-21.623881704394222
2189,1207,7,1,0.041801304240544644,0.07433143434018818,6.3555104050226285,3.1038282910744397,0.07525471296281706,0.2554755345042543,-177.83626139876569
2190,1208,7,1,0.06157533790592069,0.06847116356896278,6.1770907670504975,2.1721578224209304,0.10841672499126057,0.35011262367111395,-124.45547572810797
2191,1209,13,1,0.04266386911557186,0.0594354145011756,6.223882949915409,-2.026415260885473,0.07109267634318306,0.2598559331128584,116.10504200998929
2193,1210,9,1,0.034251505559351844,0.057734462706636604,6.254747082633734,1.739882346041931,0.05477542539304127,0.24143255908377811,-99.68791527860384
2194,1211,9,1,0.043359959296696136,0.06016995576093645,6.19219431823125,-2.063185020956849,0.07415520526963726,0.22767119088049348,118.21179407928236
2195,1212,17,1,0.0636191979373771,0.06660636162993194,6.1851307722045155,0.9438661493060279,0.0985310738928343,0.27478833240932754,-54.07954677609547
2196,1213,1,1,0.06402040101404746,0.07541605299881979,6.299559358520949,-0.30534997791347773,0.10355773450360381,0.33316280550064226,17.4952650448668
2197,1214,9,1,0.0339399084070502,0.03778587594689986,6.313743558527963,-3.1112489332811486,0.05269358558321384,0.1886347637509788,178.26143288957724
2204,1215,13,1,0.060642930404111665,0.05869021795757822,6.116684274557511,0.866438525965568,0.10139180041662309,0.3257602495301773,-49.643270684833084
2205,1216,21,1,0.07853321014020735,0.07544412477545197,6.139243377588453,1.6460878517708553,0.13295154056574734,0.4767750015707912,-94.3138867532704
2206,1217,3,1,0.04859187232053978,0.059672255510359935,6.293112045659112,-1.083635187479512,0.08561812732166504,0.3192375473804489,62.08772275833751
2209,1218,3,1,0.06381300164640391,0.06310222251570967,6.115929880672229,2.3522387354343994,0.10029586887436717,0.3244149093440468,-134.77335190570108
2212,1219,13,1,0.06322297764322359,0.05617404472007173,6.353810824082001,0.48495414444032053,0.10624739038582594,0.3406955757771096,-27.785825806093126
2216,1220,13,1,0.06087275846425547,0.04416511134872427,6.22520847571299,1.574418995490284,0.08321644404598881,0.29588272504488977,-90.20756362210007
2218,1221,21,1,0.0405542185668376,0.05150528671636174,6.314314907920842,0.9194271515980569,0.06756447722808022,0.19810557689070102,-52.679295353794586
2221,1222,3,1,0.06577222619366951,0.06783607548759624,6.154950950351084,-1.8864119763971456,0.1068909241830708,0.3090579702450295,108.08344471471507
2223,1223,9,1,0.032015525815708136,0.04376698922681354,6.292510197560109,-2.040060747979656,0.05822896597547185,0.21113066960513083,116.88687081094213
2224,1224,9,1,0.033643518392436116,0.04155487231608869,6.2094658540263055,-0.19868347353790083,0.050415913069566366,0.17146499143520336,11.38372449707431
2225,1225,1,1,0.07281039231829095,0.07175513665110365,6.231147394378047,3.0426763743818195,0.12003816514321534,0.3739485615966622,-174.33251459580552
2227,1226,7,1,0.036977419864610464,0.07283606967814811,6.283057839345955,2.867425251923887,0.06102279544646937,0.23266141741370513,-164.29136499802192
2228,1227,19,1,0.042146418563811454,0.04842295679144506,6.267298450000391,-0.5895650475559168,0.06925948985348515,0.20943709861956714,33.779588991563024
2229,1228,7,1,0.06553790551296015,0.05675569573881635,6.158411905336047,0.8679427220144476,0.10439825782355677,0.3479009998874584,-49.729454764415706
2233,1229,21,1,0.05488257300604664,0.04916788085765728,6.189881259070333,-2.796438090435456,0.08677418456180008,0.2654407395161817,160.2241002182496
2236,1230,15,1,0.05050507896164483,0.05735634484709475,6.227006323130294,-0.6759227572118772,0.07927460286613859,0.2935104057543905,38.72752127041822
2237,1231,19,1,0.061461582425211915,0.05339059643574646,6.199632069475177,0.07688249959587012,0.09376798491818394,0.3170420961572522,-4.405042729954558
2239,1232,20,2,3.7735144164593994,0.5359272785619474,9.626431612704982,-0.7074940822426172,5.652052550974787,11.423024589801978,40.55286406758392
2241,1233,21,1,0.07520305644914416,0.06226396462715039,6.231511721777591,1.8639892734845798,0.12366410156199772,0.35859918298609955,-106.79871851563009
2242,1234,15,1,0.045660810164871134,0.05961478794262573,6.404678124564617,-2.7233837118566337,0.07794490382648764,0.27003767758908653,156.03839266967685
2245,1235,7,1,0.033830423160359606,0.0768816376100836,6.188143681067771,-1.2430723350752075,0.06057701972309785,0.16449331112888949,71.22279842295947
2246,1236,19,1,0.03320073089984718,0.06119958542899979,6.331479345083317,-0.25632402379040264,0.0536917410469051,0.2210517295579428,14.686284752021077
2247,1237,13,1,0.06389024979415435,0.0593419258139751,6.249479405008736,0.09529583592797893,0.10563206886337237,0.3685210059589055,-5.4600492802218765
2249,1238,17,1,0.07963917962588209,0.07282475359288335,6.251572218740775,2.141859373800151,0.128041799924779,0.48650366234996223,-122.71950254004172
2253,1239,3,1,0.05035906652650356,0.04782475926349382,6.183843004047856,-1.6366178965796125,0.08174201408745778,0.2920094135415588,93.77129817707075
2255,1240,15,1,0.07180438713857666,0.09209547135224558,6.235303823593667,-2.8404391325960923,0.12700308479802622,0.40857558493462975,162.74517416868852
2256,1241,5,1,0.06615999923886583,0.06300482348340357,6.086509438954743,-1.165177226612733,0.10811784895582734,0.31460926606148965,66.75973741035307
2257,1242,5,1,0.03808784097021761,0.06532881037971497,6.296053942107935,-2.0356441690177327,0.063349740551519,0.1981749542589905,116.63381948472627
2259,1243,7,1,0.03827868386850305,0.04649672780081546,6.2328399736672955,-0.14432638175220494,0.06268685935521985,0.2568888507235313,8.269292559989777
2262,1244,21,1,0.03318541904796915,0.057969379735084536,6.222559409272063,-1.849321549834912,0.05507699082614782,0.25031885530566356,105.95831977424415
2263,1245,7,1,0.07039166008101416,0.05539021051946984,6.197592434075574,-1.4283355273374578,0.1068798137120047,0.3089300594424797,81.83759741651865
2264,1246,12,2,3.7675584755178995,0.531324764824117,9.255525452299059,2.779342050440449,5.643157493039258,11.402435471374375,-159.2609304858751
2268,1247,1,1,0.05152233205324971,0.05865874364254159,6.346216490041505,-1.1401507250013918,0.0865288053471562,0.2464349680186549,65.32582453462368
2270,1248,3,1,0.042963994135113856,0.04152824627586549,6.143089213178084,1.4096274039363461,0.06628693387437572,0.24962072576995442,-80.76570091247483
2272,1249,17,1,0.04746742561612688,0.08638536836562156,6.344875458995002,0.4222580778111425,0.08175135601754681,0.3360156039240037,-24.193605738135492
2275,1250,17,1,0.04512987315899479,0.04400953198299245,6.301917325641461,-0.4229704139281053,0.07108513374578775,0.22514711420770847,24.23441959129653
2278,1251,7,1,0.04566397428336878,0.06479473579760128,6.3093877919427115,-1.1876446951123611,0.07814587503625325,0.3016631842433928,68.0470285781391
2279,1252,3,1,0.04730648158042178,0.05977590110594308,6.310973666010048,1.331678217435128,0.07646646340095857,0.2681421236692688,-76.29954150698026
2280,1253,17,1,0.03726146141857438,0.05488513987310513,6.3343552886091405,-1.8018340874360204,0.05948140363222868,0.18131601139132358,103.2374886023025
2282,1254,21,1,0.042620095123910136,0.043351979503364245,6.252614892779483,-2.8250827721730696,0.07043063345410687,0.2467719751468344,161.86531960682052
2283,1255,15,1,0.07041727113262135,0.07407537648125197,6.191802054618901,-0.02777450769580936,0.11334919968449833,0.3268220389642273,1.591362120704824
2284,1256,17,1,0.06668280013201006,0.06581285583727414,6.215283725198661,2.8362105054877427,0.10336732662237619,0.3538339574318617,-162.502891707698
2290,1257,13,1,0.0637896104581172,0.05499653047904434,6.302898192841742,1.8868014512582825,0.10115834383865312,0.3169126534857302,-108.10576000008038
2291,1258,9,1,0.06445484525509218,0.0591173687903434,6.155850283714022,-1.479168305075725,0.0966469637801014,0.3209617001164709,84.75010108535912
2297,1259,16,2,3.7768591974144132,0.5325237964554534,9.146751795868369,0.9055282411388177,5.657048157669327,11.43086332746489,-51.89942945516424
2298,1260,12,2,3.774178269169255,0.5287131361200468,9.15736210578566,3.0852679856110203,5.653043850150993,11.408792118174373,-176.75638642816986
2300,1261,21,1,0.049466504818696085,0.06782037655921815,6.298040427352486,-2.3849120806509525,0.07940496110189237,0.2308729030138474,136.64539675047362
2303,1262,7,1,0.029950503166092213,0.06332443868965651,6.355543580314016,2.5964896875095675,0.056469384523085864,0.16468882799451554,-148.76790063759535
2305,1263,3,1,0.03394467741962974,0.06868035582698807,6.280047626072572,0.5234855043516212,0.06206305334567347,0.26268931370519394,-29.993510038723276
2307,1264,3,1,0.041258101067370545,0.065556725276816,6.374961046044567,0.7026205440184472,0.07089764851189616,0.22475164490909494,-40.257191768524024
2310,1265,15,1,0.04791118186170133,0.05430918233597305,6.322906593671845,-2.150624856512102,0.07754436981482,0.27904929958495744,123.2217276146624
2311,1266,15,1,0.0674459168375129,0.06403114576516375,6.18396951546413,1.8099151271694223,0.10803448466609564,0.3466021814976558,-103.70049810644916
2314,1267,21,1,0.03411379585537127,0.06146818483031206,6.336595359558635,-1.829864620553039,0.059533534930691,0.22514485531287765,104.84351984450392
2316,1268,17,1,0.044807619825426165,0.06959081250127043,6.191654089066984,-1.9874117036190413,0.07249519752001726,0.25325492447873943,113.87030279054603
2317,1269,7,1,0.040013998341579926,0.04732000788467194,6.234183350581373,-1.642017243150181,0.05744730620886221,0.24985690960795323,94.08065791832095
2318,1270,5,1,0.06028704789120363,0.06006941631480824,6.180585243027463,-2.1223501455262728,0.09739978667755057,0.2981485778865184,121.60170604827911
2319,1271,15,1,0.08265162097378845,0.0752834919905201,6.151970766932775,-1.2574860142058106,0.13307024102681,0.41860031926809704,72.04864126767464
2321,1272,5,1,0.0714426430887593,0.05916969025289798,6.205977450611602,-0.5768958296405552,0.12001212723235383,0.34922175228486485,33.053696362578094
2322,1273,15,1,0.03883363276569037,0.05772442934998731,6.303333216822124,0.23626472997481265,0.062179539002175585,0.20060369192292254,-13.536971884278344
2324,1274,7,1,0.07290676091149174,0.0548046538262142,6.25443657115046,1.4972065572394069,0.11145207954843989,0.350955251901675,-85.78361672191026
2326,1275,13,1,0.04681986410629813,0.044689881054440855,6.290192849145942,2.791132053896032,0.08017959332292414,0.24716029389709587,-159.92008672774776
2327,1276,3,1,0.04806652188058363,0.05638115982868309,6.30842347133952,1.6097474878014357,0.06927794256091477,0.22071782428801848,-92.2317371262881
2329,1277,5,1,0.03129184094070568,0.06108577733822449,6.3330814498737205,-2.5320938066478313,0.055656514107277365,0.21948461713738257,145.0782884524289
2330,1278,3,1,0.0634186058466156,0.05756233401232536,6.315331507544281,-1.2548270934957741,0.1006181283313756,0.286244469101934,71.89629642413465
2331,1279,19,1,0.056582195590882296,0.07110473964582463,6.415186909627238,-2.1011114303659477,0.09638778362443237,0.30657618072789944,120.38481728070683
2332,1280,13,1,0.03666499027694142,0.055574355777157636,6.249375507038596,1.37362531344305,0.05570820143236041,0.2090002814807709,-78.70293308458805
2335,1281,5,1,0.08621608249316022,0.08129940590160559,6.238794014888046,2.5397434526359355,0.12617391429374994,0.5095494657401399,-145.51658090298457
2338,1282,1,1,0.06663230159156805,0.0641519021580307,6.291518900848032,-2.011619968142735,0.10045707002565013,0.3122655990616781,115.25733420067378
2339,1283,7,1,0.07495860965041257,0.06763580442267618,6.252151412086575,-1.6663832274037342,0.12164113590110105,0.36521313102093256,95.47672597058971
2340,1284,9,1,0.07445806869042662,0.07639694608197509,6.29212411038599,1.0788405557854504,0.11304828038381975,0.4174279115488072,-61.81301056981434
2341,1285,19,1,0.03993829789970546,0.0477301811563971,6.240044039310755,0.8106889040815243,0.07203192480747911,0.1745603593704332,-46.4490526963025
2342,1286,17,1,0.03879151886928985,0.06255726827851668,6.244343412416812,-0.3143255424771716,0.06694775853232401,0.2575533228701786,18.009526985986305
2344,1287,9,1,0.04529933539418844,0.05793693298528996,6.2980786790081,-3.0765831740357985,0.0664500418291571,0.2485380451977735,176.27523119499173
2345,1288,9,1,0.05627013452208228,0.042971546922995776,6.253793257843015,0.33085584199084017,0.09181676279431146,0.2719665451873408,-18.95664342257967
2352,1289,15,1,0.06873599668860146,0.06309675703099053,6.297414688428305,-0.9025751814939563,0.10718258795106868,0.37863054288210213,51.71374861441214
2354,1290,15,1,0.04919762706645089,0.04796702363649495,6.196887173982336,2.2429157674642437,0.08664714356946929,0.1901934791813894,-128.5096072773614
2357,1291,19,1,0.08364530175832384,0.06385728381415329,6.256753245348483,2.1861446550169625,0.11938346269682418,0.4331713389697198,-125.25686214381504
2358,1292,9,1,0.05914209642513979,0.06030001858750822,6.3124008715645,1.2101032463658983,0.09758005193843083,0.34239225108617644,-69.33380875033261
2359,1293,9,1,0.046321332304381825,0.05139049105840608,6.221046161657241,-2.382280528651509,0.07532695677830852,0.24626039910732936,136.49461989212298
2362,1294,5,1,0.039019467737719526,0.06770464120621289,6.293522924221699,-2.2771502749658192,0.0672390621911518,0.24287133946585696,130.47110006828964
2363,1295,1,1,0.035211324459045984,0.061739016752101444,6.135595045385682,-0.25195734934793684,0.05661854911823325,0.25610196435953436,14.43609273477347
2366,1296,1,1,0.057657653379748916,0.0559997129413037,6.251592609810356,1.2127022249913781,0.0945306858501707,0.3320390656523876,-69.48271924474513
2368,1297,19,1,0.06914747104294842,0.059632214492412114,6.222280904650059,2.890420079250451,0.11438652674945747,0.3413796533654063,-165.60887147108457
2369,1298,21,1,0.05803268679951618,0.05339302601930412,6.244870370539124,-1.4007463042502024,0.08916705079290703,0.2571049359753958,80.25685139625968
2370,1299,7,1,0.04841831674710068,0.06349570617127824,6.213700093412658,-0.5602180569317359,0.07709552252557401,0.25140836409180106,32.09813029697201
2372,1300,5,1,0.06126551624923645,0.04446965971195607,6.227530801785232,-3.1273708530107767,0.09385091491224457,0.2747868740736783,179.18515086761198
2374,1301,13,1,0.04885678180189142,0.03725554803094434,6.2522560455142715,1.9561535499420255,0.07889778954650037,0.2417147628529047,-112.07934251517779
2375,1302,6,2,3.7816317472039955,0.5297472769412267,9.226094879277086,2.4025437285552678,5.664175014543997,11.436964369496343,-137.63906999708166
2378,1303,15,1,0.055914564865286384,0.058211401420882755,6.269711809428359,-1.4876884740387573,0.08324303323573723,0.28486332843552675,85.23827079001221
2379,1304,17,1,0.046378309440543275,0.04755299624808974,6.189524807632259,-1.6240649840441335,0.06711205515061665,0.25157897739838714,93.05206923591082
2380,1305,3,1,0.0418946025581442,0.06429401671669656,6.288345703327978,-2.8065170995691298,0.06539522058063704,0.228450549755558,160.8015849257809
2381,1306,17,1,0.05964320175970487,0.053984257681523505,6.248776181619669,-1.798386477670533,0.09620793145421187,0.31173575259438413,103.03995514056062
2383,1307,19,1,0.035907492979957045,0.05054305671822746,6.212838952549162,-0.019527162699299244,0.05359527127905755,0.21402321722591572,1.1188240067452
2384,1308,9,1,0.04743138583195554,0.04919217773587275,6.222854509507513,2.498969774666179,0.07098988716784387,0.2501739400835768,-143.18042121397036
2385,1309,17,1,0.06148990853648654,0.0782484147247529,6.322043448890076,1.5016822182239666,0.10289723242294375,0.36263300098524115,-86.04005325299656
2388,1310,6,2,3.7819988196669945,0.5291235803133244,9.115285878718899,0.8020368803542665,5.664723322042107,11.44037751316355,-45.936777679612526
2389,1311,21,1,0.07575498838049204,0.06129541885302583,6.26688085296683,3.043972302062117,0.1125189450418706,0.33473480070802125,-174.4067658390369
2392,1312,17,1,0.04143608978285846,0.045013258503586916,6.22871820827309,1.629421077744172,0.05811353526639741,0.24641021236676866,-93.35895080461769
2399,1313,17,1,0.04948794584075902,0.0607480659970329,6.275023420850596,2.5925318478362116,0.08061613503936177,0.2519145455342558,-148.54113311737981
2403,1314,7,1,0.051321208030776014,0.06714572992055141,6.266334727667893,-0.3607133424559178,0.0852228101269261,0.27978649137104417,20.667352165940947
2404,1315,15,1,0.05124753366261449,0.07123171090284203,6.2772581459842804,0.044005222629774916,0.08224111588622746,0.3631652519958289,-2.521313560925128
2405,1316,16,2,3.7431092746327055,0.5362261125207269,9.343651139299327,1.7931350398101318,5.606642477258758,11.329374977942592,-102.75511369432816
2406,1317,13,1,0.04078828705789069,0.05503499968900771,6.2451426470261,1.5913333372614273,0.05466750276257958,0.2259365679172206,-91.17668402612935
2415,1318,19,1,0.03462489840962576,0.040252024978636086,6.259907804260223,-0.7919009226190789,0.06138681184933884,0.1835849439203685,45.37258065385358
2416,1319,1,1,0.039887087384445886,0.04104446641893494,6.2278822114908765,2.4372092100547116,0.06814571664926049,0.15957617178607678,-139.64180151726615
2418,1320,13,1,0.04002117238819748,0.05804520170334605,6.261776806185884,-1.0616017459379128,0.06506006379334318,0.23759178313553844,60.8252995540365
2419,1321,15,1,0.05529804988774003,0.052784545676234196,6.339105234820438,-0.15866288505600645,0.07556794682229266,0.2899206019760558,9.090713696192806
2422,1322,3,1,0.026783639073138764,0.05163828252130768,6.278291441094103,1.4948153661752932,0.046295372597264746,0.20590427701548555,-85.64661163116095
2423,1323,21,1,0.03267974302887335,0.051363876775533564,6.337126812758158,2.823399625162154,0.052333395172638325,0.217937123717391,-161.7688823973852
2424,1324,7,1,0.049191032839342876,0.04786102969392611,6.057061890512114,-1.717466547635178,0.07140103355214754,0.23202347760108066,98.40358463202189
2425,1325,13,1,0.056821584690683026,0.05172070077485777,6.192961980819424,2.450417796844752,0.08835198314587518,0.28359229794915924,-140.39859779284959
2426,1326,15,1,0.029411555005650573,0.06496735934212412,6.279978549136266,2.008726107596943,0.0516091691672436,0.20742627734422814,-115.09152816539036
2429,1327,17,1,0.03971265984660993,0.06190291418397061,6.1618612887452135,-2.635522338869973,0.06642736551072362,0.2355821584284633,151.0043068160821
2430,1328,13,1,0.038473346896893294,0.06187490166177379,6.413367027679496,-0.09165036697726436,0.06365728637743193,0.2701284300054742,5.2511792193243005
2434,1329,9,1,0.03714983180492251,0.03910989254378479,6.249038493657176,2.1433284877396823,0.06453399475022781,0.18132305200278534,-122.80367646205102
2437,1330,21,1,0.05524468883942558,0.06234885383900987,6.386245598895897,-1.7394151655309078,0.08835563486869062,0.27883058747964456,99.66114783077349
2438,1331,1,1,0.0364822960837044,0.05343001360652,6.21340350202272,-1.7872247040610956,0.060660920734662636,0.18322103517282792,102.40043258987839
2440,1332,1,1,0.0495119999114296,0.05304988696493869,6.265044442060941,1.0984688402166551,0.07717464797684462,0.24255806544608083,-62.937628459281854
2442,1333,1,1,0.06181267038101349,0.0652311501697743,6.196497502950269,1.1951806904063922,0.10405502978453862,0.32618349531732327,-68.47880925983286
2445,1334,17,1,0.027042118274527252,0.029570887956825862,6.319575601870096,-2.6153481172708792,0.04966515720125002,0.21665982219061813,149.8484090767252
2449,1335,9,1,0.04142282572790426,0.046359115587942146,6.282800807265855,0.029732542275979507,0.06342863983528327,0.2412949047737172,-1.7035491864544763
2450,1336,9,1,0.055952385358968466,0.0418316086093937,6.209154216001405,-0.7619366168910536,0.09251960165894649,0.23173731913111553,43.65575242491235
2451,1337,8,2,3.7846653209433576,0.5367287817789148,9.274200627380326,1.467364409137813,5.668705681904031,11.452558286297922,-84.09037335235146
2452,1338,15,1,0.05139031132092803,0.05479912483980351,6.168331261158986,-2.48655502255261,0.0784960608816654,0.2470941601671055,142.46910831651093
2453,1339,4,2,3.7656521957282587,0.5304194555043966,9.011883360795622,2.8339656353704177,5.6403106073593925,11.389616806720609,-162.3579339099726
2455,1340,5,1,0.06070826933894847,0.04533358153931519,6.1493457044065885,-2.979293902645032,0.09308428840041566,0.2806478465716964,170.70096655311758
2456,1341,7,1,0.056805450556343104,0.05662621086040611,6.254940885733475,-0.01806321943638085,0.09261539392227332,0.27297800714052844,1.0349462528473656
2457,1342,9,1,0.08681272765207691,0.0814540521290213,6.317832395818689,-2.2771192656093837,0.13097634550131582,0.43304136277883815,130.46932345107382
2458,1343,19,1,0.04426241511273703,0.05503899329340388,6.214457736238601,-2.98805430915261,0.07029727953506586,0.2778183685902389,171.2029008603958
2460,1344,10,2,3.76778709031786,0.5305124036571501,9.227147878295948,-1.2770261321388354,5.6434989289199695,11.386200181872658,73.18457185885252
2461,1345,7,1,0.07296759136738652,0.06843443956190741,6.227126367970717,2.326369687621811,0.10975128737598083,0.37244256661397374,-133.29116466116417
2466,1346,1,1,0.03963590931237968,0.08362522455121076,6.336063853760418,2.684756790166904,0.06981137034851295,0.32213290980080966,-153.82523308662286
2468,1347,21,1,0.03934401051998469,0.052002787861025655,6.392291709069815,2.3741577109812364,0.07301177622767119,0.1922202085178651,-136.02921674077524
2469,1348,3,1,0.037135833032247,0.058406701308885374,6.363904295972438,-2.5127296300951403,0.06356952338696022,0.2065201271038885,143.96880285563617
2472,1349,12,2,3.7656251543230397,0.5278032367177261,9.253893816702163,1.48720435738634,5.640270107482174,11.387009410103186,-85.22686887472122
2473,1350,3,1,0.032228609686060235,0.0626573530872799,6.2423468672061935,0.2736579920729941,0.057125216825286096,0.25713863983939855,-15.679447980815816
2476,1351,13,1,0.04428546601056333,0.05791224037160688,6.1367333813860965,-2.4452368452509714,0.0698229710945416,0.2266802296684265,140.10175112881194
2479,1352,15,1,0.028662553308221386,0.05519122325559007,6.258894164578407,-0.5852852695392478,0.05652941974297824,0.16582743614225914,33.53437576074454
2480,1353,3,1,0.046029648789892776,0.06439611552128417,6.233410936154954,1.54658120357422,0.07369805303410579,0.240287693644321,-88.61257562568328
2490,1354,7,1,0.054912566416019104,0.04677963830737477,6.200559657030632,-0.22733450175499273,0.08035963186021115,0.308611359528092,13.025307508199786
2491,1355,21,1,0.05182127620930937,0.07171647116757829,6.1272156439495795,-1.8427288392034884,0.08591134938853186,0.26340618382054326,105.58058528665958
2493,1356,21,1,0.05448795800962267,0.05483737187374823,6.204872357897384,2.1491177668676134,0.08528150007602671,0.27242216549649156,-123.13537772797902
2495,1357,13,1,0.02870681995196413,0.06625964792006431,6.193426779482395,1.759171524796647,0.04616716129634414,0.1907396745854797,-100.7931038110909
2497,1358,9,1,0.07030380543169423,0.05952034723246536,6.219423235544409,1.8937181698996213,0.11582870185382936,0.35062702887459135,-108.50205879420932
2498,1359,5,1,0.06969328663010696,0.07202695982953361,6.21239181980852,-2.8127880499813602,0.11313456004101038,0.36088027607359335,161.16088385616766
2500,1360,7,1,0.0337862096430587,0.04460850259365982,6.208184088892292,-1.027791362914044,0.05838784026226799,0.19148118906419734,58.8881073110108
2501,1361,3,1,0.06543869249785152,0.0782039804464424,6.1939629520987785,1.3939915827130578,0.10933543589017844,0.3527729048610999,-79.86983428732324
2505,1362,16,2,3.7607998876107023,0.5281406256026124,9.114954256822687,1.0838610037519232,5.633063670865864,11.376258743288904,-62.116934120475804
2507,1363,5,1,0.06239533145047888,0.06767451240346217,6.163583851274232,0.7244336711555164,0.09256245086089646,0.3861937159965707,-41.50699187248259
2509,1364,3,1,0.06622310189871326,0.06835946261449735,6.227734163866631,2.4777154740353553,0.09929808095057766,0.43963763176119747,-141.96263948824188
2510,1365,15,1,0.06567171801927958,0.05953026885635972,6.096612966264891,-3.1088507248224606,0.10529451243207422,0.319166679688266,178.124025620273
2511,1366,21,1,0.04480424819136158,0.06442185216507447,6.408504934104157,2.071981757398665,0.07156377488151779,0.23900085426228163,-118.71580994151695
2512,1367,19,1,0.03881701871410899,0.05918807250113874,6.287902954990321,-2.874208626082068,0.06557189786396289,0.31059779267974574,164.68002369808514
2514,1368,21,1,0.04384733362601216,0.048913674229627016,6.243639905957195,-0.7363137548746101,0.07002875533869167,0.22993644498765858,42.18767054684829
2515,1369,15,1,0.05695309969993543,0.04322363907242486,6.227094444884446,1.874265102519948,0.0900462066310526,0.3100744954582142,-107.3874801090604
2516,1370,9,1,0.056253814471798065,0.05705907798678595,6.361226317572743,-3.0523139087609676,0.08653494606186427,0.29057408870998264,174.88470469908378
2518,1371,5,1,0.04172417046303999,0.05520240043253584,6.265371809855912,0.004778122042687074,0.05293887940404133,0.20276090769854052,-0.27376622642490667
2519,1372,19,1,0.03222991816674349,0.05189630504887605,6.324464028097631,-2.798443262430261,0.05491373460878579,0.18358471980200403,160.33898814336533
2521,1373,9,1,0.08165469668150781,0.06909188295203919,6.139372325179422,-2.653244637089932,0.13533408753577816,0.37447977575713665,152.01971957800043
2524,1374,21,1,0.04018061099599285,0.05904944360515328,6.278461628813141,-0.21405747740376654,0.06427033135373635,0.254134755684791,12.26459003647731
2525,1375,5,1,0.049449301181351456,0.06632356461566273,6.325964549548346,2.2494647194906388,0.08029839821506979,0.3153952256626857,-128.88483460629305
2526,1376,3,1,0.06344326830306357,0.061971108199981056,6.311594972560538,-0.8053799715289477,0.10092245708910462,0.36526154280246714,46.14487325851042
2528,1377,3,1,0.02985791864478822,0.05854975948543317,6.288752982763609,-1.565626929479331,0.046905128667201486,0.23381787048569502,89.70381535073062
2532,1378,13,1,0.03787097302626533,0.04788170634431269,6.267481305670043,-1.563239381460326,0.05719845209831064,0.2529046568631183,89.56701892548638
2533,1379,3,1,0.06223214676987046,0.08330638022157666,6.23917417085761,-2.144561971098116,0.10705095725140171,0.42969578465850233,122.87434989607485
2534,1380,8,2,3.762151319436353,0.5267754402825403,9.183410496806117,-3.1081522643523147,5.635082299273828,11.37993141565257,178.0677162086495
2538,1381,5,1,0.05009662009898088,0.05101279761581729,6.355023219404429,-0.06590711684404524,0.07549718749588419,0.254896898886041,3.7761996402452906
2541,1382,19,1,0.05187845962623706,0.06228239183771695,6.35980841793232,2.346952436376599,0.08540697590490255,0.3007884878512047,-134.47046933731744
2542,1383,17,1,0.06615695572310576,0.05953630838979542,6.201679937876935,2.9254221918050907,0.11380052244765387,0.3689905135933528,-167.61434480039154
2543,1384,21,1,0.049882457811886126,0.04674307467881235,6.321069717503732,-2.0765713868388684,0.0839368909633126,0.250161204213783,118.97877634216233
2544,1385,12,2,3.768612400696375,0.5346843627173901,9.425503240357056,0.9333271071238227,5.644731626461385,11.39590692053521,-53.492079093171036
2545,1386,7,1,0.03327835392533348,0.034893492892978356,6.124424541833801,1.5786151766500338,0.054257797329583635,0.23523751199917262,-90.44798709916276
2547,1387,20,2,3.761685688218823,0.5302892314403744,9.16735144289766,2.1108690176750287,5.634386611692781,11.388199960543067,-120.92760125219208
2552,1388,1,1,0.03241515584258177,0.07763889506480735,6.331265739274612,0.5138685024485388,0.05833818991212431,0.19554183067851516,-29.442496420296465
2553,1389,7,1,0.05427848284260617,0.05892256742524536,6.2153872542144395,2.9920477200279403,0.08318412675982553,0.24089927354493143,-171.4317064573926
2556,1390,21,1,0.08475359095374713,0.08478474325942295,6.219867484377551,-0.8361186728694524,0.1329288767726966,0.35444810057108816,47.90607114855723
2558,1391,12,2,3.7754989389492004,0.531428069644516,9.298361573472274,-1.1238630872115714,5.655016656112284,11.434754655555201,64.40907678815088
2559,1392,3,1,0.06315522626970643,0.05907174540111514,6.268165901546644,-2.92966794095742,0.099354588967285,0.29350456854457624,167.85760837300418
2560,1393,20,2,3.7606624566101203,0.5410802230304534,9.176002035843053,2.916764903608845,5.632858308351341,11.357370066296259,-167.10204757007693
2563,1394,20,2,3.78486213013386,0.5389612112523423,9.223175436256888,0.0679098289697783,5.668999576636302,11.459279796439283,-3.8743582919340445
2564,1395,3,1,0.04299261042044997,0.05875708337726476,6.2949344519227175,1.6083760496253603,0.06142065756174975,0.24626803486158774,-92.15315951608736
2565,1396,15,1,0.07555113349356708,0.0612656707182582,6.187404604376048,0.7060845087931293,0.12305030983497912,0.3601017249328064,-40.45566242469499
2566,1397,1,1,0.04526446479646091,0.05860524788999915,6.233812009131228,0.6282042858370815,0.07657177318262146,0.27152803461093056,-35.993454260057995
2568,1398,17,1,0.07603003306048539,0.062260440867307365,6.258923757410537,2.5038383364288754,0.11679332439847705,0.4615429354218308,-143.4593692286754
2569,1399,1,1,0.030526219389372784,0.04434593307436274,6.2766095948806795,1.6239536593933308,0.052649683374288485,0.25192088321058953,-93.04569081062012
2572,1400,1,1,0.06755752487264353,0.07753961070629968,6.329439577521813,2.6292109997048887,0.11779807955149,0.38307897289171366,-150.6426936563802
2573,1401,7,1,0.04205951389915545,0.07063477403864936,6.486004149115894,2.7489232593240662,0.06711887038275562,0.23468421687310087,-157.50170095415717
2574,1402,9,1,0.03569432096495232,0.05768065502079849,6.488225353284057,-0.1808514781907217,0.0629033987770337,0.23243114492682973,10.362026423485986
2577,1403,17,1,0.03579419886149827,0.06264789621050203,6.236364826493764,-2.0278346814495447,0.06187285133078094,0.18269259383418646,116.18636880237302
2578,1404,3,1,0.054482628957841325,0.06603959748752163,6.182610322631647,-1.5269136742657243,0.08565159168908078,0.25359469261916145,87.48570918517505
2579,1405,13,1,0.04282129448566683,0.062245072248600423,6.228703628649918,-2.695572943029746,0.07316875400128886,0.2335814067577011,154.44495298217086
2580,1406,15,1,0.061849728719229544,0.07138093872209572,6.1961417166723995,1.1703991422733444,0.09942451618074334,0.34717069708726783,-67.05893115716282
2581,1407,15,1,0.05913199918275178,0.055127098761377606,6.283337668255532,0.5388708263258621,0.0899600852430225,0.2950786859490806,-30.8750240925377
2582,1408,15,1,0.039254067160429035,0.03748248834746583,6.1839482918171536,-0.019458863333044286,0.055412758582508645,0.2126868814812295,1.1149107463891639
2583,1409,5,1,0.04728818304782161,0.05839221194043885,6.219173414402603,1.0638365935014318,0.07799277115188007,0.2653125067719458,-60.95334687462011
2588,1410,7,1,0.05426835282817289,0.061285953949644964,6.096768519031328,2.70571989923195,0.08443568221638498,0.27811418247054,-155.02633075281926
2589,1411,1,1,0.04982679795498729,0.039021464972526315,6.226987261757347,-0.6436181033744315,0.08164955346271062,0.20691429371097922,36.876600952128925
2590,1412,2,2,3.7653196304652394,0.5340372269505336,9.369517774172222,1.1503803213442818,5.639814102096685,11.392183414820904,-65.89560530783345
2592,1413,17,1,0.03194995199782329,0.057231719300373476,6.387145783766514,-2.0417650976505484,0.05592421437073767,0.2258600120810467,116.98452285884146
2593,1414,7,1,0.05232685580599881,0.06433287158537579,6.281815726205679,2.0891243008087304,0.09001528678378705,0.36708572492680913,-119.69800535320144
2594,1415,15,1,0.05306179389395915,0.06293582953364979,6.364511594281034,-3.1232658811835003,0.07999872552765926,0.26836248321579,178.94995327436735
2595,1416,17,1,0.04563789440919321,0.04717430779321323,6.230095103604162,0.3273052424184078,0.07219681686309018,0.2517154162949627,-18.753209019648306
2596,1417,21,1,0.04907715604690768,0.06452967730765444,6.22564589610233,-0.6059098243349994,0.0826734839583521,0.23739536278139758,34.7160757135352
2597,1418,5,1,0.052024509303803264,0.05749693251876647,6.28157671069069,-1.9904163872363123,0.08362073718497338,0.2931266247069446,114.04245849050722
2598,1419,19,1,0.0734775467634419,0.07806448498579104,6.161315879973959,-0.20783121977603514,0.12320765881715412,0.40695987437788533,11.907851858331872
2604,1420,3,1,0.05827651807584814,0.06317504071224711,6.154687272357668,-1.694800570747606,0.09577627260166342,0.29095741083199395,97.10491987231256
2606,1421,17,1,0.07364164988243684,0.08580784912230961,6.27325043628432,1.0221849517316732,0.12104314117015634,0.4316179004084205,-58.566883532599114
2607,1422,17,1,0.05911983222460745,0.06306093479029339,6.1865670430900135,-0.4611698675342457,0.0998270568492503,0.3041322819469837,26.4230871087149
2608,1423,13,1,0.04530798595862474,0.04335417287702303,6.261934918469356,1.6152444336701028,0.06733843202006325,0.2848968356188275,-92.54668892768345
2609,1424,21,1,0.06433350890740966,0.053154527045356156,6.2328370562131115,-2.5147204687295903,0.09849635975980078,0.3812037577907402,144.08286947355126
2610,1425,2,2,3.724277308649266,0.5410393168991262,9.130723771108434,-0.6069329094550617,5.578515605220429,11.279612148885139,34.75889196100949
2611,1426,1,1,0.054348174672553005,0.05458965008193091,6.2972743505301745,-1.551717979501458,0.08650856030380885,0.2315000740262788,88.90689122146956
2612,1427,9,1,0.07658819100635787,0.052047521881100796,6.280914851566521,-2.6221546134065967,0.11948856413532542,0.37054045015359866,150.2383924713693
2613,1428,3,1,0.06330319709709868,0.04839997056254882,6.226477871974807,-2.7519913349471423,0.0971491631939495,0.3513184903956545,157.67748870172457
2615,1429,5,1,0.06397064567878884,0.05984179342229441,6.200833421155417,-0.9146708263794526,0.09841342202744184,0.3327688902354509,52.40677794996773
2616,1430,5,1,0.05478646934135623,0.06622777685301257,6.303594522400664,2.5056498184995584,0.09080504081795923,0.2943166057209141,-143.56315949748287
2619,1431,13,1,0.07386338002789619,0.07557551199145286,6.32186976916091,-0.6433662312197966,0.11885972586273376,0.4464280005934742,36.86216982613921
2620,1432,16,2,3.771895418026665,0.5384138606616399,9.46992263402097,0.5604041970721452,5.649634495691281,11.408929514923251,-32.09237740513918
2625,1433,1,1,0.08153638729633995,0.08231306827020983,5.996673353670198,-0.42914859123839266,0.135040175554291,0.3624935754126621,24.588403164779177
2626,1434,3,1,0.041605898073274986,0.058107872009550365,6.199520336321953,-1.8715141195038572,0.06813959667731109,0.21710857725104563,107.22986035902696
2628,1435,19,1,0.047547783109579904,0.07915798280655817,6.29393778779496,-1.2936587049483042,0.08202392086703983,0.289708388655027,74.12118391049451
2631,1436,9,1,0.05943216912595586,0.06341793244257374,6.248004341277696,-2.737562292417999,0.09724821637426116,0.3268917435006619,156.85076545338586
2634,1437,19,1,0.04210967763461799,0.07004468512093065,6.227473716679728,-1.304448341315452,0.06961500285386894,0.23716013251355098,74.73938454176727
2635,1438,21,1,0.056938308793214994,0.07504796121865032,6.171778841000912,-3.0238759700134885,0.08954599396022728,0.2531481118693847,173.25533087119223
2637,1439,7,1,0.04298924560275858,0.06682315864694223,6.200435531989046,-2.472787243166989,0.07208422059369265,0.26944051820070875,141.68027265934975
2639,1440,3,1,0.0674640685419922,0.07997206887884296,6.17960154791454,3.084177705162934,0.11550615813476092,0.396704532306202,-176.71036569617806
2640,1441,21,1,0.04156579593130389,0.08896564868212835,6.325143979566732,-2.390301791050718,0.07672807158791758,0.30890466366781993,136.95420438100444
2641,1442,21,1,0.03234993764560083,0.0657939849842168,6.369443066655514,0.08673328849336018,0.04842663067441121,0.19221225894470417,-4.969451373795489
2642,1443,19,1,0.04580315435765605,0.05114335595552239,6.225787575252096,3.0890453861133014,0.07159892267395866,0.26764892026664927,-176.98926334603667
2644,1444,13,1,0.05414317179897779,0.062370415396035446,6.25612722564527,-1.7797814959134652,0.08188886370524914,0.2890857319039535,101.97396816604436
2645,1445,15,1,0.04764460531701356,0.046291226844524365,6.2295440211137825,2.607232267735186,0.07787982550883583,0.25341377005497806,-149.38340513061405
2646,1446,15,1,0.0625832340461643,0.08488015159007214,6.026814553874147,-2.1435181075775227,0.09258998012171607,0.3601066003124344,122.81454087390509
2647,1447,3,1,0.04770435733266128,0.06092351076319702,6.208531547376333,-0.2678598419092003,0.07555918909814169,0.23048554393305928,15.347238464928965
2648,1448,1,1,0.06773855431238288,0.06842869308385406,6.18737463409311,0.4689535412930516,0.10867398450085286,0.3408764925595726,-26.869058772568522
2649,1449,17,1,0.04105860026269463,0.054283141829978426,6.2998322270757106,-0.10995487568717194,0.06485155502282676,0.22643652539680442,6.299950324015848
2650,1450,9,1,0.054760634169378555,0.07425482528711953,6.374280745113743,-0.7949424037172163,0.08544007392317661,0.32785041597334985,45.54684467374401
2652,1451,19,1,0.05645533118847992,0.06411521502232113,6.217880893353945,0.6074416273089535,0.08782775560884366,0.29889158254128456,-34.80384155656176
2654,1452,1,1,0.07634253996603438,0.07778547691632477,6.306624979711622,-1.4680151431957293,0.125585409486749,0.4724640792770875,84.11107185743549
2655,1453,13,1,0.06079054615980792,0.04741540571364908,6.222016226513424,2.079614474932498,0.09919057169731903,0.28404668511471054,-119.15313247963267
2656,1454,3,1,0.044320311281461286,0.04886216487764661,6.349212329671533,-0.7304799495218711,0.06814212333402146,0.23746133763820335,41.85341813222558
2658,1455,19,1,0.057285732575531656,0.06086689769833351,6.314737752309688,0.452703674895973,0.09688523200046806,0.3208268290218274,-25.938009988424042
2663,1456,1,1,0.04299581783390666,0.07872961869734461,6.347017714831893,-0.15606658809894447,0.0761861787805156,0.24102779558362855,8.941956834200374
2664,1457,15,1,0.07594164235343871,0.06947704674711071,6.280947127449204,-1.8181858190651898,0.1254558381695415,0.36532317636741335,104.17437390164835
2665,1458,12,2,3.7838468168432664,0.5319234332443438,9.199307517485385,0.44323505629399823,5.667483010917886,11.457085536572137,-25.41207297676301
2666,1459,21,1,0.04437718081102952,0.054251632423836904,6.204318522488321,-1.731962322999012,0.0754536460286678,0.2638010052968584,99.23413140775816
2668,1460,1,1,0.029614790818526297,0.0762835750675865,6.219890236580508,1.9310163321160485,0.047623813984284925,0.20542284044644982,-110.63908600458892
2669,1461,19,1,0.06628112535381935,0.07159001061203468,6.281020525037888,-2.109762550226103,0.10714400347970804,0.3628985535519162,120.88048996986107
2671,1462,9,1,0.054568375665454645,0.05965339525604788,6.420159261181042,-1.4466698333753474,0.08623519663596374,0.30106368755261587,82.88807578747299
2673,1463,1,1,0.04752004168209419,0.05473241592250535,6.283227677670603,-1.508635776729239,0.07654076385108266,0.27056179074777514,86.43846283230566
2675,1464,3,1,0.04456257488630243,0.06306580518990297,6.273166641467617,-0.4912103628334757,0.07644682962088954,0.2409491568960407,28.144280657510333
2677,1465,7,1,0.07527957217073024,0.06122708171470251,6.362525162947502,-1.1914507257340974,0.1224798207294132,0.37652465660276435,68.26509796581446
2678,1466,7,1,0.06699042416844476,0.05759257821779735,6.374067867471126,-1.8575203666690856,0.10915377530407938,0.3899616780625794,106.42807745214859
2679,1467,7,1,0.030066759167052936,0.05322059644345518,6.261481569148557,-0.007405859382419565,0.04865623409959427,0.1976579412755647,0.42432448706461884
2680,1468,6,2,3.772332178309456,0.5283132997786983,9.15140890907734,0.5842806179983191,5.650286828458904,11.40928873732797,-33.46038983512123
2682,1469,7,1,0.06778094782298141,0.06733241071638757,6.189958164905736,-2.811356243133237,0.1076116139426228,0.38928785863188625,161.0788473631418
2683,1470,17,1,0.06639396504500812,0.06619847709716177,6.324694587464796,1.6477100304091175,0.10865258857351054,0.28268640127349093,-94.40683062793039
2685,1471,5,1,0.06983257674248018,0.06744718402177997,6.254401432192584,-2.404790191904994,0.10259762400020203,0.36257033136101313,137.78432861365383
2687,1472,7,1,0.03217097313837993,0.03984518469452184,6.2558509015874,2.150694723349273,0.05726005838529672,0.1314187972153445,-123.2257306731713
2688,1473,6,2,3.786548121133341,0.5396981607759702,9.420345719371351,2.97989654069211,5.671517428341384,11.464327155459252,-170.71888462903777
2689,1474,1,1,0.07085687626091024,0.07455904223660681,6.364715278825288,2.652696718739752,0.11371962713035283,0.3814146092259062,-151.98832627562808
2690,1475,20,2,3.7646134051368296,0.5324065011814784,9.187718907168295,-1.7287106909658772,5.638759315995314,11.393311898981493,99.0315038727458
2691,1476,9,1,0.04066154868939556,0.05384160784043446,6.276203794773017,2.0920198799832286,0.06855091386879908,0.19384910402855612,-119.86390978851576
2695,1477,13,1,0.030296038325281695,0.05740353467562918,6.238052187187739,-2.9321150399425826,0.05232683462595598,0.21866141722033847,167.99781683483337
2696,1478,21,1,0.059988487223751205,0.06261589000344803,6.176667951839989,0.2729892569161436,0.0996768886446813,0.31530954350668217,-15.641132333928839
2697,1479,2,2,3.7766278839357366,0.5314659758252962,9.3121742847005,1.411257947096811,5.656702245594864,11.427071012109819,-80.87560412598624
2698,1480,13,1,0.06999638204200478,0.05120770130163253,6.262874437165209,2.099704398590559,0.11213813439828432,0.31953685654246194,-120.30420030359483
2699,1481,1,1,0.06755179707502759,0.04940193035655912,6.275269361217454,-3.124547776895071,0.10058085190615595,0.30210727145982524,179.02340048201168
2700,1482,1,1,0.037500665263919916,0.060697061917971376,6.137100775476708,0.8110813234715925,0.07363741244575593,0.21261669186001697,-46.47153668807117
2702,1483,1,1,0.03789069686331701,0.05834168540875806,6.17569163765875,-1.605287688000669,0.06608824594699676,0.32251874100925576,91.97620941465945
2704,1484,1,1,0.05318846693257765,0.08237319819092583,6.274217406724626,1.9107946276736887,0.08972030258602472,0.4282258871350089,-109.48046771958732
2705,1485,13,1,0.054339307872661155,0.059328992611090356,6.172350818689099,1.8104438808736891,0.09249307884962922,0.3115246335176664,-103.73079346596087
2707,1486,4,2,3.7656982068790334,0.5307821667873618,9.215208981270257,-1.1352582954821828,5.640379398609642,11.400292613632576,65.06184586713017
2710,1487,21,1,0.05969321146703482,0.07252508306214843,6.391307268629967,0.8835308271824435,0.09415755794448276,0.246096895553787,-50.62258744567667
2711,1488,1,1,0.058753703894977714,0.04101944377528909,6.248256316805911,0.0691602008864766,0.08905848241228369,0.25205113870048745,-3.962587617917733
2712,1489,5,1,0.0576450553191427,0.05995733406331261,6.184318891583206,2.467746512314397,0.08890634725611755,0.343854098545672,-141.3914600809857
2718,1490,19,1,0.055817095345917465,0.05653053795027305,6.330593051097162,-1.7490404696174193,0.08993569780493382,0.2649532694895953,100.21263713273717
2720,1491,9,1,0.08513938920869098,0.06275458903977367,6.22147210852659,-1.4343938044449493,0.13682310542000112,0.44230946334812277,82.18471099230418
2722,1492,3,1,0.046376949023136084,0.04607882123359536,6.282755131555265,1.5214026187630836,0.06412437155363859,0.23175596681103444,-87.1699489951127
2725,1493,15,1,0.04298673924319752,0.053598829562425176,6.300262381237285,-1.7105138498937247,0.06500886694540164,0.25606055221983975,98.00522440795844
2726,1494,21,1,0.05320227223835763,0.065940012521883,6.2232358158566745,-3.004935382033974,0.0808343771414667,0.25901267154386326,172.17011510464613
2727,1495,15,1,0.06849220060026529,0.05930113257851233,6.247087939486774,-2.969246135248479,0.11243002594223647,0.3407187214573998,170.1252718397053
2732,1496,7,1,0.041125692508975166,0.07673495157586152,6.305918720193329,-0.20094481899027183,0.06654593945060236,0.22197984115126498,11.513290051030204
2733,1497,20,2,3.777956400632063,0.5338811063827469,9.365981452070455,-3.001860878514144,5.658686270071143,11.421226213184518,171.97746162066022
2734,1498,5,1,0.046753285077675684,0.06105982800391624,6.223052240888071,1.5514060084995152,0.08126806657472554,0.30994899730457703,-88.88901658103683
2737,1499,7,1,0.046513497319132416,0.054831212147823744,6.238071074114732,-3.0196030760705495,0.07043674662731901,0.24713008898567074,173.01051206327338
2740,1500,17,1,0.0584789365555129,0.0730917604022636,6.185731331579915,0.49602453474045155,0.0983921073939853,0.3602325978462566,-28.42011242222799
2741,1501,9,1,0.05535411969513879,0.05866842035864143,6.091663594527987,2.592097452150849,0.08923251343791062,0.2690553840370798,-148.51624405339194
2744,1502,9,1,0.05994531013772929,0.061802358747601364,6.082359725967485,-0.26084687121403644,0.1006854706076015,0.3585706134203478,14.945424884623813
2749,1503,7,1,0.0341200242703295,0.05901863470322227,6.2567461130514825,-2.5612525823067664,0.057766499951801144,0.19561407411939025,146.74896322944466
2750,1504,19,1,0.07261404936848843,0.07436185984276547,6.305403947904117,-1.3576192802807137,0.11845762142030378,0.31819149540028646,77.78585487204111
2751,1505,3,1,0.050186322030487326,0.07553034120932645,6.234448994400642,-1.0363159338049588,0.07590063267164869,0.2567617791329623,59.37652924573496
2752,1506,18,2,3.761113563214846,0.5314533025552489,9.094191847251041,2.327640598880736,5.633532393728442,11.411337797021988,-133.34770541515354
2757,1507,21,1,0.062201566415958434,0.06144471865583512,6.289256279838668,2.8738474168911687,0.10265992664834846,0.36080453964909076,-164.65932789176117
2758,1508,19,1,0.05796430219006196,0.06630827352489473,6.353923139109363,1.0971151603232812,0.09536359530788538,0.3069343433685307,-62.86006829225591
2763,1509,9,1,0.054332130698186015,0.07544849993900551,6.2140512730381205,-0.5381697675849817,0.08587788507074853,0.3550681124947229,30.83485634770562
2764,1510,13,1,0.043412762899192665,0.05568924517483415,6.231802486395657,-2.1587974648129613,0.0704772118418928,0.2191858173286323,123.68998357683894
2765,1511,6,2,3.7764734620441636,0.5303054813714553,9.30968488071722,-2.701655641162043,5.65647151614384,11.419402066784578,154.776988003349
2767,1512,20,2,3.775125684950238,0.5303392278288456,9.195165017853158,-1.2114169147111844,5.654458832139182,11.421657544200235,69.42553668773957
2769,1513,21,1,0.05320386518856614,0.055561559069318506,6.370699426409209,0.9531509744397746,0.08718980274651392,0.2612003883558813,-54.6115280462593
2770,1514,6,2,3.734683348950634,0.5359893157260902,9.16364743734472,-2.873665967281273,5.5940577512736445,11.306467116039544,164.6648670557071
2773,1515,15,1,0.058803256536703666,0.04658824848383186,6.189039629122808,1.3934430520203636,0.09261958565525752,0.2559314923731095,-79.83840583666695
2775,1516,13,1,0.05413592948062503,0.0609188918238325,6.299566435817511,1.6299660329669723,0.08493420930410009,0.29091797011579945,-93.3901744440673
2779,1517,13,1,0.05235748761740503,0.05227589316060202,6.328752284752429,-0.12224225809354979,0.08412986878863257,0.25622696312790955,7.00396548584934
2780,1518,21,1,0.0557583123471219,0.05676766307776823,6.2733537535744714,0.28271611290387516,0.09035822095579543,0.30590701895613004,-16.1984401118108
2781,1519,7,1,0.05496102451809699,0.053405094540294316,6.254657949147624,-1.1335782969149968,0.08373046926835029,0.26012256570839976,64.94925212400463
2784,1520,19,1,0.06714534542429398,0.05515603375432003,6.358206700103509,-2.376423400002828,0.1050139369604686,0.28853257386005565,136.1590311581711
2786,1521,20,2,3.766615464461014,0.5307581780372037,9.220224600848265,1.665089166313897,5.641749238687971,11.396264880102038,-95.41893059574994
2787,1522,21,1,0.07620154666753068,0.0910194372283477,6.178138508420575,1.4650214673545474,0.12379190752891782,0.4871710468309116,-83.93954703197663
2788,1523,9,1,0.06939458848523387,0.0564817007460655,6.334430318559452,0.6308445378859112,0.10913894496844649,0.29389018227797775,-36.14472961261641
2789,1524,9,1,0.046268707851576024,0.04334567685172466,6.24887108901751,0.7043983622742501,0.08062613665568644,0.20439268600950777,-40.35905325988351
2792,1525,17,1,0.040115820884915936,0.048696189699205285,6.311297049051791,2.610028976173587,0.06624216410226054,0.21068441615621122,-149.54364472633054
2793,1526,1,1,0.04533532420489146,0.0595934494317982,6.321648281589933,0.12164863219676295,0.06596189762654475,0.2595420280937458,-6.969953206117858
2795,1527,8,2,3.7586224972960123,0.5360114128083627,9.41767810181405,1.0400726288542421,5.629812833708366,11.390065834784876,-59.5755273012857
2796,1528,17,1,0.08147507214254986,0.09101603207847485,6.274880562944791,2.425487786657,0.13423896469844251,0.488582039187702,-138.9702133604052
2797,1529,9,1,0.061835548518647664,0.07624286018879432,6.157252324946035,-0.16498052364041765,0.10535570404237833,0.2966166157549433,9.452687685816638
2800,1530,13,1,0.036481042094161656,0.03428374600092415,6.386010200249138,1.2319447325123571,0.05989220864837088,0.19918929001268249,-70.58523375825023
2801,1531,17,1,0.049673210630240154,0.05320675291712148,6.234332807459103,0.6085951868109527,0.08437598539906335,0.23592277033054615,-34.86993564391622
2802,1532,2,2,3.764230875775308,0.5313020670375539,9.206448125312592,0.67609239192886,5.6381876301383995,11.380055990440217,-38.72092288123132
2805,1533,13,1,0.042971361069596745,0.06388374060741146,6.260608370501813,0.9761956468858677,0.07035664170012532,0.2068105982993514,-55.93189054589445
2806,1534,4,2,3.7594569782402334,0.5308233132745445,9.18307232637864,0.5859520841226047,5.631058340658918,11.388588050247801,-33.55632586208581
2807,1535,15,1,0.0579646269873065,0.04954381315092247,6.204686115653074,0.2023433627853463,0.08928655910748495,0.29432860549031725,-11.59342072705821
2808,1536,5,1,0.058783538927188295,0.06163010543512317,6.1953670080903995,-0.5602935835149437,0.09175824689482248,0.2724405936104629,32.10245764672569
2809,1537,2,2,3.7720775455593785,0.5291713436497935,9.270535851150578,2.9443796463808787,5.649906610336882,11.418080779004242,-168.71694730577113
2811,1538,7,1,0.051766463992886085,0.06052661009001551,6.306123758658166,0.1934356007727013,0.08099171415027556,0.2521029551728823,-11.0830435525073
2815,1539,13,1,0.046654238143482636,0.06577584006915427,6.14960613307741,1.6036006084084087,0.07899732199005835,0.27653505793857086,-91.87954686999333
2817,1540,21,1,0.06486704287100455,0.08343414118619515,6.324165589224676,3.007203256153651,0.11382624645772274,0.3615612864932896,-172.30005463697202
2818,1541,13,1,0.04515007098185263,0.060846863460187556,6.322685150869938,1.9728452155568463,0.07374574757187517,0.2905282445934547,-113.03570450654875
2819,1542,5,1,0.06313044585642826,0.06074454739782984,6.301462303426202,2.1388105073646893,0.10177983446475253,0.2755238458615356,-122.54481530912852
2821,1543,19,1,0.038501083745928776,0.050514595374459736,6.229622734320173,-1.7211433161100085,0.05721932866486306,0.22299003149781163,98.61424795282234
2825,1544,14,2,3.7741127237735768,0.5278947651053472,9.31449456556843,0.04415062829417061,5.652946167384474,11.42119728622422,-2.5460916148468193
2828,1545,7,1,0.052586104145585136,0.055862110029149654,6.1784595998964855,2.6424661211351084,0.07949821252820805,0.28175242316319693,-151.4021562375623
2831,1546,1,1,0.0451730805908382,0.06099402674337814,6.199871578931606,-1.4523676755185395,0.06654075470013052,0.24105547787478776,83.21453810325546
2832,1547,7,1,0.06580110251814719,0.05367706416490493,6.303869841616905,-0.8770563912127618,0.1010273946628539,0.3050659210037367,50.25162958153907
2835,1548,5,1,0.057808098213764134,0.06121581107142715,6.233252025293651,-0.6558342323500147,0.09191436219036439,0.33627368439567484,37.57653361463846
2836,1549,9,1,0.04058108950058152,0.0476302614521612,6.405526875858152,0.45147664246493713,0.06711588981213827,0.21185048620084673,-25.867706171412877
2837,1550,1,1,0.03937757619057679,0.052944143013349265,6.197621917529932,2.8027236717331623,0.06206013979459373,0.2097955538072045,-160.58423751876495
2839,1551,15,1,0.042335881953006256,0.059076619990407864,6.31238785019177,-0.5130601390515817,0.07191351744272147,0.21934005015988925,29.396180617233657
2840,1552,17,1,0.04648507710480106,0.0742576837774199,6.158872442483073,-1.3645569082248612,0.07499858691687734,0.2064209674817626,78.18335174839355
2845,1553,21,1,0.04961998441359008,0.05009834525125888,6.178018284989609,1.978817391339817,0.08132121841726254,0.2742084460768462,-113.37788496511273
2847,1554,19,1,0.04416981743553346,0.08908051344791151,6.269082241024458,-1.454535557722762,0.0765703203062377,0.3240811930705058,83.3387486028194
2849,1555,1,1,0.056736078732466035,0.07339732343252815,6.242910024774315,2.730589311999383,0.08791294383568231,0.3610414530305981,-156.4512431339042
2851,1556,18,2,3.7699003972376097,0.5327549287169705,9.343535970791276,-2.6137136943228754,5.6466550553754296,11.396436615278233,149.77115533425575
2852,1557,8,2,3.7757772795615216,0.5301297871902435,9.261688346002892,-3.016458097434119,5.655432252301054,11.423332089275432,172.81384927612675
2853,1558,5,1,0.042015393931614235,0.08636590301670953,6.277319916569334,0.023834843674311358,0.0764301129409411,0.25902856576852523,-1.3656359315981523
2855,1559,1,1,0.046838884038949015,0.06216364619137096,6.280678881458544,-0.7360838373406092,0.0709543511571304,0.22110199577760273,42.174497246508764
2857,1560,19,1,0.06563547166998775,0.04621760289908433,6.262896539720089,-1.2839721667485924,0.10326459999081347,0.3003362984231249,73.56618611402185
2858,1561,19,1,0.04177046496656778,0.041235644489704286,6.287644892116382,-0.732937353133051,0.07320343245506208,0.16009050075555148,41.99421698352069
2860,1562,21,1,0.06656858569066176,0.05977941958235853,6.142955440410333,-1.4076626787512292,0.10707259070584954,0.2962377671861621,80.6531304499103
2861,1563,13,1,0.0394722934705354,0.061023703863948016,6.294996228910218,0.007620617858729637,0.06389101329310416,0.26426264851398346,-0.4366292492672596
2863,1564,14,2,3.7736719129945246,0.5385577955984107,9.705669596036724,1.5996831572100945,5.652287738180355,11.400725445410227,-91.6386522894497
2866,1565,1,1,0.07161624580719717,0.06736176239981494,6.204291430033039,-1.6042857269486201,0.12252294594981314,0.40956599907225905,91.91880139280059
2867,1566,13,1,0.05478931565359643,0.06825628122268128,6.165272717668617,-2.513999116880481,0.08343756295481529,0.3406156535467813,144.0415390903858
2869,1567,7,1,0.03116900639407268,0.06838134605735309,6.375910254792431,-2.356841824827723,0.060778854960023866,0.20406572843773663,135.03708954431534
2873,1568,13,1,0.038963797594054946,0.059387489587380764,6.261512959397038,1.11871142234599,0.06896170946610318,0.2462057220169716,-64.09744298013375
2874,1569,1,1,0.08037855362703905,0.0874742765256968,6.266846934479468,-0.0963364267498483,0.12678076992894757,0.417145792795846,5.519670744513256
2875,1570,9,1,0.0523201436799126,0.07788024071374428,6.318244598160473,0.8893605003609636,0.08439482420256064,0.33562135388244296,-50.9566031218061
2876,1571,5,1,0.03812916806782063,0.04689043610450474,6.211435281309241,-0.6198940271277499,0.06320418993916739,0.27759926009587554,35.517311510424825
2879,1572,3,1,0.0578917015351735,0.0806357457755053,6.265547367450094,0.18840397827428498,0.09799828739448765,0.33272148026064075,-10.79475280796473
2880,1573,1,1,0.06980992445457924,0.0555412631921863,6.270431114115261,0.7482059821103451,0.10739724777196276,0.33818209261960736,-42.86904495954872
2886,1574,17,1,0.04496713676550512,0.057174866503110225,6.299375970860222,3.0444770326657267,0.07029937491330925,0.23380385494331216,-174.43568479633586
2888,1575,19,1,0.06170805761616857,0.05959059656281595,6.1738609733309,-0.07580221005651881,0.09686841060192618,0.3000868470003046,4.343146703486687
2889,1576,17,1,0.05152783065854352,0.044320208213834145,6.225340150004661,2.1254996608251493,0.08105077916113328,0.24964709486766484,-121.78215994498538
2890,1577,1,1,0.04523154909796773,0.05276300364010536,6.2843570005514895,-1.752254458052402,0.06889801930771174,0.27142441457865224,100.3967850921866
2891,1578,13,1,0.03994353118718422,0.04175684296566359,6.2615226020888235,-1.686465989658344,0.05633025136885166,0.19188900498820588,96.62738350061117
2896,1579,13,1,0.04510111535735696,0.052093367001685494,6.331605944002627,-1.170807277533479,0.07427585205212817,0.253961696092188,67.08231560382691
2897,1580,13,1,0.04020112769955496,0.04778172191431819,6.1321436081293,2.2694263898511613,0.06449122192730308,0.18384861191965088,-130.02855405278174
2899,1581,18,2,3.7724223372646666,0.5292659200877345,9.188518165249361,2.6777298172697837,5.650421520695178,11.408287524582953,-153.40619239487745
2900,1582,19,1,0.05148583804387009,0.0639060668537246,6.251277806322566,-1.6054176905589277,0.08558314954627888,0.3171000244799677,91.9836580150455
2901,1583,13,1,0.047639526643970406,0.057943407937681955,6.297332804395318,-1.7729929733556284,0.07074835054951781,0.259132178683218,101.58501449835389
2903,1584,5,1,0.05206460465891935,0.05053903516697167,6.164837797457869,0.759867567822993,0.08149034881995615,0.2334320660147409,-43.53720464846809
2905,1585,19,1,0.04700856465082247,0.05642875596724773,6.232204350757441,-2.717675901931051,0.0833595159321043,0.27142615571613893,155.71135923963146
2906,1586,21,1,0.06104717120774928,0.05733951306613405,6.213027638152605,1.1145916985472348,0.10553526596062604,0.3211603377525664,-63.86140013639593
2907,1587,21,1,0.049014734986135323,0.038092554228208134,6.243997025952893,2.2116922411887985,0.07887731537148898,0.20833120362300697,-126.72063102682284
2908,1588,1,1,0.051140953443625084,0.07662288317346243,6.200845706182263,-0.1899246800605984,0.0846812483498167,0.2787997748703025,10.881882627775033
2911,1589,1,1,0.03937549775768975,0.05885087828464871,6.402559698432822,-2.8077755401716695,0.07241756646165388,0.2372024397067386,160.87368826407626
2913,1590,19,1,0.034149049454549926,0.06210791394170452,6.38987136508396,-1.488813320890194,0.05434367109448777,0.2558785877858,85.3027197700345
2914,1591,1,1,0.02865802680103127,0.054285851746421816,6.2186940615470485,0.3343093269504215,0.04946221458899502,0.17983586992259254,-19.15451348733394
2915,1592,10,2,3.7643927150786243,0.5315081493106476,9.335034484156997,-1.6695528491444125,5.638429436645051,11.379051314682838,95.67465177566396
2916,1593,17,1,0.05462606711378061,0.050172475435729044,6.191041304723879,-0.5263343638151471,0.08425225160994852,0.29004475387863543,30.156737686038877
2918,1594,5,1,0.031474585061231734,0.036826106077834854,6.183825508162079,-0.9391114707432047,0.05440222590348763,0.20150533003151308,53.807123765624226
2920,1595,21,1,0.054025096108550365,0.065630361911362,6.207345673897191,-0.39348066111097924,0.08791914742126332,0.2625690225440917,22.544781224376653
2922,1596,14,2,3.78004228254304,0.5320130619936488,9.205790140434742,2.827423840035598,5.6618016154567625,11.452034868812406,-161.9829281063951
2923,1597,9,1,0.06010625409688346,0.06447930000223644,6.267296701723867,0.28068601682743394,0.09137560243367474,0.2640471742014991,-16.082124165550194
2924,1598,7,1,0.06435887635195985,0.05641854954860341,6.2095418191335146,2.821854544412303,0.10663800571349884,0.3180576285704335,-161.6803557326551
2925,1599,9,1,0.040086628499875744,0.05554134419560532,6.301608023791568,0.6263356950562731,0.06828013558467773,0.21489278736754333,-35.8863918869797
2926,1600,1,1,0.061200309886851656,0.07050696955202662,6.275224767115582,1.1550116084876445,0.10687093100670235,0.3130246607895639,-66.17729039576611
2927,1601,5,1,0.042991838144635516,0.06114058945504139,6.281553104413565,-1.4562046863663034,0.06900516477232636,0.23383879374459135,83.43438263409185
2928,1602,17,1,0.0626434634638347,0.05214566786334571,6.220267673564809,1.3413062344915265,0.09934507427652943,0.2895498444986706,-76.85118621952132
2929,1603,9,1,0.048847951937664745,0.05398136302357009,6.199864255059077,-0.016912328992834715,0.07314022231049418,0.22045391953640067,0.9690050879564029
2930,1604,14,2,3.7740542085470405,0.5282398346897208,9.274636137562688,2.4493396695170713,5.652858382480603,11.401764264700729,-140.32037946371258
2931,1605,5,1,0.04520113677804115,0.06020825499332958,6.254151982091009,-0.37693039335310763,0.07101692930051196,0.26620874748694995,21.59652072580552
2933,1606,19,1,0.04673732624669306,0.06261614798899444,6.328407206499636,0.5255632399695158,0.07777162227684424,0.22766555855538984,-30.112555530464345
2934,1607,2,2,3.7580957931063823,0.535143079957719,9.395917192573133,1.5398102602717796,5.629025160128369,11.364485523420301,-88.20839131350209
2941,1608,13,1,0.06936050660663416,0.06978424663665489,6.249227018750776,2.083272453838183,0.10666611679985484,0.3843638078202816,-119.36271918257168
2942,1609,1,1,0.07267556639943176,0.06697150832146191,6.170520937522474,-2.5677749297606467,0.11163793151891616,0.3607120199508756,147.12266620164334
2943,1610,21,1,0.07176377555864986,0.05898758105141767,6.199578200316785,1.425425829879432,0.11043160864403019,0.3042310086234062,-81.67088404336471
2944,1611,17,1,0.0665315752688267,0.07267053620569072,6.320066988516586,0.9601367215361988,0.10628361790979918,0.3416855259728826,-55.01178183068579
2945,1612,9,1,0.05156365399269619,0.045856516549556706,6.223215669495895,2.8118642746411737,0.07669740129178913,0.23511204060552662,-161.10795547234375
2947,1613,21,1,0.04859618544099366,0.06343378617951483,6.367904666990549,0.9030566237344647,0.07136590084470386,0.2991120014370515,-51.74133319549173
2948,1614,1,1,0.03422861907930219,0.05266070415468366,6.298920983608912,1.643324481003339,0.05289719638964067,0.20726065981716746,-94.15555713308702
2951,1615,5,1,0.051702511448567606,0.05176943948788478,6.178245796346537,-1.2808216613428745,0.07911309898730194,0.2232387621007639,73.38567548091457
2954,1616,20,2,3.7354780322580488,0.5370705375503481,9.299678492626443,-1.6429231693738304,5.595244968785561,11.317421585485375,94.1166180742712
2956,1617,1,1,0.040763125750078524,0.10043871155595,6.279960032857389,1.3549236139772285,0.07196965992410032,0.2689638837996776,-77.63140462780714
2957,1618,7,1,0.05414115389071662,0.058772906236018704,6.23999865678389,1.1504869968327789,0.08481992257782774,0.3845758926923004,-65.91804927814195
2958,1619,7,1,0.03697056331953425,0.07251371381166677,6.383453808609903,0.3916043184461024,0.061103635930354845,0.2075922218745828,-22.437274692601598
2959,1620,7,1,0.07884663586157986,0.07680890884470074,6.301366749716143,3.0438799846496334,0.12195195165017356,0.4391798522701941,-174.40147649145848
2961,1621,18,2,3.779375536113276,0.5315478678469682,9.379419507757218,0.20912046455020264,5.660805606049917,11.439827634555055,-11.998236086380487
2964,1622,17,1,0.03106921813174585,0.050628470777944044,6.238555299795913,1.2944221052338625,0.05176795421632413,0.22306270517013663,-74.16492353238498
2965,1623,15,1,0.04328564625486852,0.055525457776423495,6.3144365629776305,-2.4982279525240427,0.0721520602185859,0.2723089234595484,143.13791793009986
2968,1624,15,1,0.08358108779723455,0.06973534411368473,6.361442142145779,-2.8428292325178504,0.1376404859523793,0.39406963792045213,162.88211674201906
2974,1625,1,1,0.06831865904845812,0.060786663896605336,6.267831705229438,-3.111205492981339,0.1142325436961452,0.2934123579665061,178.25894396074892
2976,1626,18,2,3.755676369917496,0.532631917205944,9.391046245962745,0.006874982247146949,5.625411909625509,11.361343628472047,-0.37770105376827334
2977,1627,3,1,0.034493482738073886,0.041109107132380134,6.296200502844789,2.6783408412630463,0.05856436915969635,0.19796468555268731,-153.45762629760975
2978,1628,15,1,0.052459192257002456,0.07416372346312274,6.272135871607659,-0.8900708350969377,0.08597809863206189,0.38403935239715675,50.99730230785257
2982,1629,13,1,0.07284230912672296,0.053630373856396095,6.1710363488016915,-3.130170322522313,0.11587395849716679,0.38487628104825866,179.34554856946139
2984,1630,20,2,3.773066572834603,0.5358394572237107,9.51998630749499,-2.0304967763174546,5.651383906283069,11.42855873406047,116.3224623461752
2988,1631,21,1,0.05379446099220527,0.051866355142067846,6.23575479608856,-2.6153347806905827,0.08663675501552168,0.2557580611797038,149.84764491797654
2992,1632,9,1,0.04969326218433318,0.06504271195683775,6.262849789926556,-1.8546610231216363,0.07722281890570375,0.2793543197439083,106.26424907379982
2994,1633,13,1,0.047553921425920166,0.06593778473115335,6.235487249540506,-2.689048354284876,0.0831478833217788,0.2495944846952949,154.07112158395216
2999,1634,3,1,0.03694973164057209,0.05540849863114559,6.227612625456198,-0.36684554793710494,0.061326263038727,0.21848916377858033,21.01870164177881
3001,1635,1,1,0.04232204815956505,0.05782207461687344,6.217761705535199,2.099797767599626,0.07334565036603637,0.20226395553114676,-120.30954992053329
3002,1636,3,1,0.05305491454965065,0.06482934994823066,6.187202825317292,2.3818508620409475,0.0846842565121252,0.34305181049729633,-136.47000181169446
3006,1637,8,2,3.7853175438099895,0.5419209484220764,9.150993877797847,1.0463043488452615,5.669679466643888,11.440188818015528,-59.965417587400374
3007,1638,15,1,0.04729026020552832,0.08079048837705363,6.215402002096099,-3.043572297854363,0.07845753299265631,0.2643034215292943,174.3838472822074
3008,1639,5,1,0.05779781091342571,0.06818704217320373,6.141706604696409,2.652168160800517,0.09015446499942245,0.3242802912762491,-151.9580421462861
3009,1640,19,1,0.061405543205741445,0.061876495629782806,6.335545523782827,-2.9598118108501676,0.10019437916467926,0.28037810364913873,169.58472486046054
3010,1641,21,1,0.04692460279208592,0.054769460506105795,6.276007181044505,-1.810276751425725,0.07906985280206201,0.23470811655749607,103.72121762730453
3014,1642,21,1,0.07394687534274381,0.0808859554759052,6.274136914402504,-1.1154858684976352,0.13092276035791006,0.4681294036006872,63.91263225816358
3015,1643,20,2,3.756464196630362,0.5293682737163148,9.296816560480222,0.20917740612118368,5.6265881318283775,11.359538158104236,-12.001199190981488
3017,1644,7,1,0.03038166259344216,0.07054271677084348,6.235915442926688,1.8907182547625738,0.05118176562203999,0.1969722472203671,-108.3301762490239
3019,1645,7,1,0.0616268238582805,0.053407378071660794,6.159258872935869,-0.21220049707745833,0.0914453182452033,0.3048309043252303,12.158192910218839
3020,1646,7,1,0.03525922295082885,0.06737935756409909,6.232606665131349,-1.4593592953024133,0.05776501684880901,0.1974989411647347,83.61512841026291
3021,1647,5,1,0.04444128494540964,0.06289571673524504,6.364180269423218,0.3798731216733411,0.07322497208821577,0.30622720937560116,-21.765126634540607
3023,1648,21,1,0.05312667639613004,0.06352158862554878,6.179883879990293,0.32072942586781006,0.08632778245677651,0.2930237826782191,-18.376442507388074
3024,1649,1,1,0.046139260879058085,0.05634628659167736,6.337213432638387,1.9846846336929536,0.0761438442386164,0.24907538956740682,-113.71405319603464
3025,1650,5,1,0.04590638333557199,0.060435412957447365,6.2151483872487425,-0.2495707279258424,0.0701438385575826,0.2763100331131021,14.299349402067852
3027,1651,19,1,0.07907675193605937,0.053667788910367616,6.308108890454932,2.5029826207234374,0.12445406797669749,0.3871600816365366,-143.41034025031382
3028,1652,4,2,3.753568414580498,0.5311682193335232,9.028147243553896,1.0360154188754975,5.622264061511014,11.377439483095548,-59.3754900918306
3030,1653,13,1,0.02914951605307482,0.050928040623097456,6.381211688103007,0.24249591516501456,0.04895011908678868,0.169532627994507,-13.893992489340528
3031,1654,21,1,0.05064507785163571,0.0672790724514513,6.36846399898641,-2.997666643369805,0.08189087134581735,0.26288607373700884,171.75364703430247
3032,1655,13,1,0.06213142978892515,0.06459782127647465,6.1582460840285895,-1.9081214062207688,0.10804891464636772,0.30864690910232956,109.3273034397481
3035,1656,5,1,0.0389209850006608,0.05424148219081319,6.305526556202045,0.6933460253572037,0.06797914959873357,0.20713568277238387,-39.725801000809085
3036,1657,1,1,0.04493845050186701,0.059977119403881854,6.21853479793464,2.4017072526765744,0.07478325628897896,0.2625672238398375,-137.60768919004585
3037,1658,15,1,0.05752776322862533,0.06615876016093152,6.253917706481135,-2.738812292071086,0.0927626523353179,0.2774707914096649,156.9223851744175
3038,1659,13,1,0.06408813495265189,0.0601258447410713,6.210315149740311,1.6889336103084338,0.10261825907582185,0.31369939092302057,-96.76876777185477
3039,1660,21,1,0.036319917343682,0.061583771645110884,6.231822601988437,-2.3403707085019776,0.058856603088226475,0.18417666576712788,134.0933640967658
3040,1661,17,1,0.07626047447325766,0.07370769402574005,6.2623775054727675,-0.26126671319193906,0.12024729468680828,0.39749061272390995,14.969480100049124
3043,1662,15,1,0.04016480927379779,0.048541389535414425,6.248613937186588,-0.30706653516654886,0.06336261040651812,0.2241406920058881,17.59361650608115
3044,1663,14,2,3.7851137756884623,0.5305285953127374,9.28702289023793,-0.4674443011974533,5.669375408207903,11.460203510734683,26.76599398980695
3045,1664,17,1,0.03524110453493981,0.04831855494100901,6.185810745862764,0.06206186275000715,0.05108025213254104,0.22032566483656427,-3.5558828057342056
3046,1665,13,1,0.02500351860912958,0.046463156473958746,6.28533099613988,0.6524468208423735,0.04586692808961784,0.1577725315789822,-37.382449189759576
3048,1666,21,1,0.029581033817606694,0.053980741605293515,6.263826528164625,-0.5052090519951409,0.049837668853261206,0.16098213735124786,28.946346457375892
3049,1667,9,1,0.05600507077479718,0.06519351539414292,6.202427907094307,-1.533478395142142,0.09611942759967035,0.3219165859920726,87.86184003747681
3050,1668,19,1,0.057544570625073205,0.055172548538310336,6.205544441941745,-3.1367518770435554,0.08782547071191864,0.24455300636515345,179.7226439228793
3051,1669,19,1,0.054625964807231135,0.06288937355291097,6.211979399033572,1.6114861800717648,0.08422075470883793,0.3034942403275519,-92.331356886734
3053,1670,9,1,0.03405677734937214,0.04983017368986503,6.296861698102483,-2.430718126952227,0.061638978921851,0.14733761672740991,139.2698898545751
3054,1671,1,1,0.03547968022623489,0.06035757990378991,6.381743766060288,0.5641419440574174,0.05940416394602407,0.19784875897466558,-32.32295244912167
3055,1672,21,1,0.05695712765645811,0.06959132239970875,6.387450502021834,0.9022619324637077,0.09299840722319119,0.31112917584649286,-51.695800736852014
3057,1673,7,1,0.03430393949467157,0.0573384181595518,6.2493987829518005,-0.9052647535072188,0.06380042083598249,0.18195702865903482,51.86784971190961
3058,1674,7,1,0.07527055070740997,0.0551736956994121,6.130878828027836,-0.967300514106704,0.11074768647635048,0.3421720330916472,55.42223697707058
3059,1675,13,1,0.02768634956482918,0.06447403823689131,6.192910991734157,2.3244398070931513,0.05094366223533702,0.16907734578642297,-133.18059067632382
3065,1676,17,1,0.05042774023162469,0.05202646061751977,6.148064324401531,0.701480378939659,0.08117026145483099,0.22578631217692763,-40.191865138815814
3066,1677,13,1,0.051146102836498744,0.06393082782070042,6.169216441429042,0.2253088157614383,0.08200078668060433,0.22844444774953993,-12.909244262520156
3067,1678,21,1,0.038668785414460095,0.04613190225940049,6.114580546777501,-1.0865028967823673,0.06709993652690789,0.19918924985966818,62.252030404348005
3069,1679,9,1,0.06461907086017789,0.04708406914500398,6.205570418721877,1.7964858597731221,0.10398611313752545,0.33127596709129636,-102.9310577963919
3071,1680,17,1,0.04676070180637649,0.04895200127926545,6.239721339421352,-1.3530662908607598,0.0739747764972334,0.2654797478473282,77.52498784427958
3079,1681,1,1,0.04447988306403403,0.05350303213575183,6.171861260743996,-2.9871588902226445,0.0675445963476766,0.22772314736137292,171.15159713638081
3080,1682,1,1,0.04281550606044117,0.04789720986488205,6.244972261006604,1.0659992014578767,0.07567126183110012,0.23229718454509238,-61.077255186532916
3081,1683,19,1,0.059360834365945615,0.053133384907463735,6.209321943657821,1.4515431701201134,0.09348070467605353,0.30224861702051176,-83.16729740408825
3083,1684,19,1,0.046533459039544325,0.05743991427731256,6.388426605719204,-3.0252885649012433,0.07410739474899596,0.27036469078077585,173.3362665699445
3084,1685,17,1,0.03482252418432588,0.0519951042971023,6.360860077870947,0.09919309694674401,0.05456724389314385,0.26102164243686543,-5.683345814801498
3085,1686,21,1,0.06649893464069842,0.048388253588528315,6.251455638260858,-0.19720216347390518,0.10534015589116878,0.32036636092781784,11.298851749480146
3086,1687,21,1,0.061502305256123505,0.08090956125893765,6.232465147485159,-2.736121421033798,0.10163937615225958,0.368289729923234,156.76820961297372
3087,1688,21,1,0.0661071127247096,0.0731051345357328,6.092777354499021,-0.3353492179301562,0.10495183837768422,0.39421648515959623,19.214094911670593
3088,1689,17,1,0.05415861488473455,0.06741965995482671,6.266622873303306,1.6877848248769305,0.08921786358643312,0.2733083914684943,-96.70294718055268
3090,1690,9,1,0.057169554766846785,0.0597895105645564,6.171534104682021,-1.6699461882390259,0.08490459449453254,0.3151072509136499,95.6808686004959
3093,1691,7,1,0.04816020220285225,0.04445926457463238,6.262568105523116,-0.27683576403894683,0.08013425128966661,0.2733561104092117,15.861520928566806
3096,1692,4,2,3.771765394033946,0.5275473679001774,9.004727536862317,0.5196495144905402,5.649440496630322,11.416418138257768,-29.790140210544642
3097,1693,19,1,0.034755947312896586,0.0483473948312725,6.335392297622473,1.8820870393372175,0.05881992252759566,0.1995672616275103,-107.83564403436758
3099,1694,5,1,0.044124333400463824,0.06620459686477058,6.242637337983817,2.846984775530933,0.07431815884969772,0.26977018928169433,-163.12021195814708
3101,1695,1,1,0.04029632419401623,0.07820055867983969,6.390076149117547,-0.773271622722846,0.0735846630227012,0.26296498953314107,44.305200396558334
3105,1696,3,1,0.03504458763652309,0.034694506640074396,6.281389353628731,2.2956004742670038,0.0650513416424816,0.13110751495047168,-131.5282186212808
3107,1697,17,1,0.06531141311157981,0.059438337424248304,6.305267364654717,-2.791245061890599,0.10397189435583205,0.3398409054297296,159.92656156289965
3110,1698,15,1,0.0471504564098521,0.0494091044915281,6.268571874334143,-0.09517660187217038,0.06958169798354069,0.2156831867409761,5.4532176070263265
3112,1699,1,1,0.0510073703976982,0.07032155561290987,6.389453674532725,1.057334723847068,0.0831161459111915,0.3452012756603635,-60.58081718219888
3114,1700,19,1,0.08772606133808172,0.07520643237286502,6.195288316707723,1.3836209149293925,0.15024779019146528,0.3393844882263123,-79.2756388153496
3117,1701,5,1,0.04519482539488481,0.06255724898819885,6.199682572126722,-1.938936056563158,0.07470573116153335,0.2734202945417495,111.09285279951192
3119,1702,5,1,0.049830192360801655,0.07398764479266855,6.302075218587527,-2.9032947392731967,0.07725693640666716,0.2920788966052909,166.34653522539307
3120,1703,15,1,0.03882985154825275,0.062782599665682,6.249883975849732,0.9745384926935766,0.07002695376647493,0.2782359292903776,-55.836942600474224
3121,1704,21,1,0.04309499980649638,0.061412643375752515,6.058049724263676,3.034529379054574,0.06770766267467344,0.264260391368713,-173.86572621167332
3122,1705,4,2,3.7645245349958105,0.5300859846899683,9.074803249816313,-2.6851460263555653,5.638626314996328,11.379008640849353,153.8312131184242
3123,1706,9,1,0.06152034834470547,0.05546116034119007,6.248229800631944,2.2024960602172032,0.09542231197551264,0.2833626986982924,-126.19372867540645
3124,1707,13,1,0.05260952036424675,0.07159891707541344,6.293249404699372,-2.0562746397483767,0.0839303432623464,0.29064021283179714,117.8158583825497
3126,1708,3,1,0.053444004350113254,0.0928015119524572,6.1740559610660455,2.63578523962049,0.08972957658560335,0.34413641683346863,-151.0193698972708
3127,1709,17,1,0.04482335469374649,0.05614319448644456,6.3607237764770215,0.1909579821927015,0.07332436665537356,0.23551405198529132,-10.941086456723946
3129,1710,3,1,0.0774950286740257,0.06901090152509484,6.192731615300921,-0.10157042595836989,0.1343346581119149,0.34853006458100355,5.8195566535176475
3131,1711,21,1,0.06288413466363622,0.061259108632477945,6.32318164486169,-0.30146370713548537,0.10180551926031779,0.2963207991216861,17.27259814674196
3132,1712,1,1,0.03163195108993591,0.05661091523303356,6.2840790341196255,2.3156643028172685,0.05789605686411291,0.33268842202016485,-132.6777913217154
3134,1713,18,2,3.7680202248864587,0.5332907827996497,9.425334150335248,-0.8128618501034475,5.643847259683206,11.410811839533098,46.58992055350879
3137,1714,5,1,0.02559840742555729,0.04848586375146423,6.33545513838844,-0.19315587132573167,0.04642226286901877,0.17438117226795558,11.067016218530839
3138,1715,12,2,3.7763141464700776,0.5341313877221113,9.167344492906095,1.4629757134904569,5.656233791248733,11.425041333786462,-83.83880974984238
3139,1716,9,1,0.040495354915791905,0.05029733478090994,6.323264298084525,-2.5175784615502304,0.07023180194982713,0.18239753756834617,144.24662043157085
3140,1717,13,1,0.06845086358911498,0.07298272919916787,6.3196918382626714,-2.7934173782890714,0.11426558614835383,0.33093788960493054,160.0510261111949
3141,1718,9,1,0.0370522046266514,0.05042736923327022,6.3713844953787335,3.027218332043272,0.054475561484853025,0.22394083155570926,-173.44683408764325
3144,1719,14,2,3.744992094484945,0.5353833708082264,9.106535345630105,-2.7502142430395047,5.609454421824786,11.327920218597566,157.55960077287384
3145,1720,1,1,0.0422637171388399,0.07375776324823971,6.382626057099074,-2.6698743804120664,0.0693914576452101,0.2452783909026534,152.9725338168989
3146,1721,19,1,0.05344566119705903,0.03972690628367921,6.308971003880377,-0.8544032126595718,0.08543526031262189,0.22247301745416556,48.953698081144836
3147,1722,13,1,0.031454834519613034,0.04188561333760636,6.266658489703096,2.94057869784596,0.04798149990103815,0.22976218464344952,-168.48274870899445
3148,1723,7,1,0.06185897849406856,0.06663844126467414,6.32533820589607,-0.17355253391468536,0.09803418187117706,0.2950484084731478,9.943827772677107
3149,1724,5,1,0.03146778868178084,0.04590854839276272,6.25162833374587,2.749963825796715,0.05126730990380392,0.17662661652821657,-157.5613210276838
3150,1725,7,1,0.03528358254640753,0.04001691495524516,6.300873054022883,3.1068110317620086,0.04980085449709508,0.1900865982454888,-178.00715986466437
3151,1726,1,1,0.035371980627705094,0.04975223367849692,6.312130695271787,-2.880772972876432,0.06305112393698219,0.23241687297027533,165.05613307792933
3152,1727,1,1,0.049375570344922196,0.06434073208710767,6.322933429530571,2.5320542129400594,0.07892263155359763,0.3278164652747646,-145.07601988471515
3153,1728,19,1,0.041297085965492294,0.0574291283562095,6.204983742895724,0.09067523391616032,0.06293744949104055,0.2672224884071995,-5.195308215647387
3154,1729,19,1,0.05250237701709218,0.058548887594435634,6.289816291132795,-2.3141984404158773,0.0838834537663611,0.2976104201168437,132.59380359103093
3155,1730,2,2,3.761982199540044,0.5301376245501453,9.140172820315831,-0.23448678025046285,5.634829490092362,11.385850422053279,13.45139128333304
3157,1731,5,1,0.04023133469921826,0.07233916106605726,6.367070649846713,-2.9224674349156787,0.06193201398742422,0.23655327899463743,167.44504978139736
3159,1732,21,1,0.05554250407881355,0.047206527840097184,6.12095408557652,-0.1721840776977132,0.08088581000350333,0.2651822715902505,9.86542096185968
3162,1733,21,1,0.04149068753704253,0.04054615153967098,6.299296345332417,-0.3616373199562148,0.06673393737716532,0.21313815983758597,20.720292157891336
3163,1734,19,1,0.04786262775783093,0.05190900449875666,6.184750825468343,2.5641201775682765,0.07735452956651417,0.21751562223894194,-146.91326431833485
3164,1735,5,1,0.06872420516253128,0.06551818897344759,6.213128008461023,1.3173748456805117,0.1121148968749073,0.36192939296437243,-75.48001864260286
3165,1736,17,1,0.07451850861022463,0.06060813676062042,6.120168763084998,-0.6554985796540472,0.11268512425810788,0.42951544025703103,37.55730214037335
3171,1737,5,1,0.03645478261943842,0.040943955628283825,6.265952132549149,1.0478857278914695,0.059190308914132794,0.16409758030466362,-60.03942960921771
3174,1738,13,1,0.03430126105081794,0.06276476000558662,6.425316545471919,1.6907149623302478,0.0591595855474582,0.27321875203894613,-96.87083170819557
3175,1739,7,1,0.0625488305315933,0.05954331225151366,6.244874147397866,3.084502600803651,0.10560578269377001,0.29628274826349,-176.72898089460224
3176,1740,2,2,3.7812766280896506,0.5308997158508866,9.25497195338575,-0.6527465723733044,5.663644941559659,11.457570709452279,37.41616476379115
3177,1741,13,1,0.03239311505557706,0.050642489731999786,6.168320899450885,2.305202161450662,0.059774812067306504,0.1372978051231088,-132.07835477974524
3178,1742,3,1,0.03833076450585136,0.05668591635889673,6.2762889508730675,1.4207448308311328,0.05928195900292284,0.2087912098605832,-81.40268257398095
3184,1743,3,1,0.06718982873807551,0.06184161549972566,6.1955768542426,2.425353336149675,0.1021192452403326,0.3948795728268605,-138.96250993684893
3186,1744,15,1,0.07812534192265105,0.05919452621589168,6.257242033345317,1.0640414386876829,0.12266277210026576,0.35735168664750677,-60.96508357228602
3187,1745,21,1,0.04453800944601652,0.07681576232350004,6.445930265448376,0.5719694175495408,0.07608671440261441,0.33819191678693056,-32.77143363532456
3188,1746,3,1,0.04723890935318694,0.08001770719144578,6.26492617032562,-2.661990379587289,0.0810302961068303,0.2698739840020074,152.52081384790986
3192,1747,15,1,0.06054396801660309,0.07863578606889991,6.327869999233658,-2.297496837945123,0.09558579464988796,0.3533963899398683,131.63687228297118
3194,1748,3,1,0.05952359244684467,0.07042369820990864,6.337649381936419,-2.5303549553140976,0.09899449438986065,0.33633682726000286,144.97865957090184
3196,1749,21,1,0.047924573446473766,0.052465706205306495,6.286421297769871,-2.5033460148394875,0.07443324910421889,0.2567675064260065,143.43116129809306
3198,1750,5,1,0.04763040163456299,0.06352996658295354,6.160287559804374,-1.2597537443043396,0.07243066402243702,0.2743776371565377,72.17857276199761
3200,1751,21,1,0.07487526798957447,0.04981703498675983,6.1630135756931566,-2.5472000604664706,0.11953381853374784,0.30663048270267124,145.94381297278412
3201,1752,21,1,0.03339364678485084,0.06403559465924609,6.2380159059217934,-1.6785882638790444,0.054529216806246006,0.22315370983452543,96.17602306559246
3203,1753,13,1,0.04523576705396117,0.09950798849554467,6.274990444686299,-2.2525293414585117,0.07306872237550109,0.2700941138371142,129.060424503039
3206,1754,19,1,0.06039559813575358,0.06065690641227951,6.237922679756983,-2.044453029647608,0.09832897800334255,0.33410825551979806,117.13853006886127
3207,1755,15,1,0.04042056836641657,0.06695377347310874,6.22063009960706,-1.3053499613526782,0.07217177469981378,0.24225226538154812,74.791043558653
3209,1756,5,1,0.04177122009401074,0.042564429891305836,6.20581608806389,0.14963957746791237,0.05881097836203517,0.21963841751825494,-8.573716241918156
3210,1757,21,1,0.055466687646514974,0.07612453895890021,6.282305512053989,-1.811578296625093,0.09172008485569391,0.25008262748505905,103.7957906600982
3215,1758,13,1,0.06606827255564657,0.055234054234372686,6.249704298202917,-0.8090805979864233,0.10335315814538167,0.2895837224260694,46.3569035357108
3217,1759,7,1,0.033894237003304975,0.04322019534192842,6.318353345090433,-0.33364905584438714,0.05765481684498116,0.2092686911534785,19.116682744438773
3220,1760,17,1,0.0523591325699055,0.05263910162190034,6.229259863364698,-1.5556113973362864,0.08245352831272248,0.2418548339674295,89.12996762837058
3221,1761,15,1,0.02858134617296464,0.06868739627491627,6.310841392124894,0.684803393769479,0.0545404487116516,0.16675277713838102,-39.23634426110637
3226,1762,10,2,3.7846944284309023,0.5422536719997345,9.466335175024232,-1.2437987970629532,5.668749144865657,11.44874362802849,71.28100773010597
3228,1763,3,1,0.062006166411841916,0.09659120728634771,6.2183838319341325,0.8570688988593343,0.09788391230559776,0.4329944563713464,-49.10643065983739
3229,1764,5,1,0.05780154704193678,0.04926409881533259,6.24023002391632,-2.012182897991474,0.09225824162374734,0.30203892116791975,115.28958771321689
3231,1765,21,1,0.06759555387878843,0.057376949465929535,6.203411356630901,-1.2130555809315988,0.1045936277704592,0.3902199733993351,69.50296503612002
3234,1766,12,2,3.7626195520446144,0.5259979666855721,8.925315644411445,1.8121128717839932,5.635781482538147,11.390941254580754,-103.84271628153759
3235,1767,17,1,0.0614351954781014,0.06343271449427808,6.310580855298313,2.0437329699672544,0.09937488595546119,0.343544718234713,-117.09727367622851
3237,1768,17,1,0.05293104195035609,0.05697039618615819,6.176614051459222,-0.9347635242840736,0.08631887522323113,0.33367251140354526,53.55800475007672
3238,1769,8,2,3.7772363439735686,0.5306991133783059,9.128278901007207,1.1048334851613386,5.657611034918874,11.425602742811934,-63.28580781605846
3240,1770,19,1,0.0394951554322456,0.050503232158855875,6.216651457184425,-2.5179313557137037,0.0675077848913694,0.2586797894872848,144.26683977728263
3242,1771,21,1,0.06943476890259646,0.05207272789673608,6.193561851311795,2.75607377243867,0.10726103976884883,0.33237679881517324,-157.9113951093616
3243,1772,19,1,0.038161148539707083,0.04119963160418148,6.279805796285672,0.6606931087285348,0.06601155684903541,0.23965666148278603,-37.854926689008465
3244,1773,17,1,0.0594698109991033,0.04944222115113022,6.208012630245705,0.6904738585098688,0.09635243275013892,0.25290315857647716,-39.561237965048015
3245,1774,1,1,0.06609195961804386,0.06707453574541708,6.304116737726309,-0.2565394064526971,0.10929509856038913,0.37268074983710603,14.6986253469675
3246,1775,5,1,0.05038073572079347,0.050218286819868535,6.178564552936191,0.7412824503874765,0.07532639412687467,0.22952721556572406,-42.47235582054089
3249,1776,19,1,0.04608252546625075,0.07761422118097104,6.3868227886597335,-0.3919396144540754,0.07950883497037117,0.2711337631280644,22.45648574690385
3250,1777,19,1,0.05418176890405988,0.06631990628978598,6.21140551847964,-3.136051069798903,0.08646877429247107,0.26914311377640926,179.68249061842562
3251,1778,13,1,0.06178811681434735,0.059356173699510045,6.27185845249648,-0.12688026120084478,0.09913433103775014,0.2773326721519736,7.269703501501388
3252,1779,19,1,0.037143837826319116,0.061250075842961216,6.27153294961511,0.4040099608574543,0.06526838167086951,0.22216741081255634,-23.148065649447144
3253,1780,1,1,0.050883960398871386,0.048998390444517245,6.257222703345164,-0.7794696559655582,0.0814797022081595,0.20250777219282182,44.660321537294216
3255,1781,4,2,3.777193415358014,0.5305776930809843,9.092901933962832,0.30239820607296286,5.657547090485103,11.44883689037965,-17.34262831965379
3260,1782,7,1,0.0573433599959169,0.05903954122725296,6.253796966402626,0.7984924617047736,0.08600426004799623,0.2905824108925447,-45.75024803641123
3261,1783,13,1,0.032561582945481775,0.05429542540559784,6.277798515317883,2.677892855598891,0.054040119592947265,0.30421603094673144,-153.43195860951573
3262,1784,3,1,0.06949898385482406,0.07561194817933778,6.249401948111717,-1.4847699910497205,0.12196122901223312,0.36796378736746965,85.07105396136825
3263,1785,21,1,0.07192218971880521,0.06977646043105219,6.346882929531886,1.5353502383921436,0.12254907038246084,0.3329021664474124,-87.96908867699447
3264,1786,3,1,0.05659840486490556,0.08200178705914847,6.13557032236643,-1.3330247775008242,0.09270131390682489,0.28427768584635,76.37669374520028
3265,1787,10,2,3.7944092588008376,0.5330736503307552,9.417826472970704,0.10342551450385525,5.683256934618534,11.470196821881187,-5.942559991002825
3267,1788,1,1,0.0539745293439821,0.05735733494683972,6.262481786814676,1.5788275294952685,0.08521053928033992,0.26476589344908974,-90.4601540323571
3269,1789,7,1,0.07115005096908782,0.07182930091719683,6.138400772234246,1.2673960241804936,0.11061609295742815,0.4790783343309657,-72.61644307933271
3270,1790,3,1,0.028387484596212046,0.061889741291237484,6.352094082413893,0.04483468519521794,0.04807983596762003,0.19582538147582132,-2.568838241260659
3271,1791,13,1,0.03535053342539311,0.06291907182188466,6.408901816168458,0.8997025042650869,0.061806329109064334,0.203740399431784,-51.54915631419098
3273,1792,7,1,0.030045310756407248,0.05122265666732388,6.3288004161941585,-0.9721090947063337,0.0504469595287905,0.17650974928810112,55.69774835099926
3274,1793,8,2,3.7612789842878045,0.5290201271019217,9.193909610992172,-0.2356327360492296,5.6337794569054145,11.39140089739926,13.517040554819188
3275,1794,9,1,0.0430582332106498,0.06167400928202692,6.345517191755343,-2.651016433532873,0.07589041418437406,0.26138595943929566,151.89205303935668
3278,1795,13,1,0.04935273753287044,0.06907611976585379,6.306789286340679,-1.815129890366398,0.08384955780811715,0.21242313626665466,103.99928200447656
3279,1796,15,1,0.05917414745692411,0.07212090192820933,6.325318993080507,-2.914351809043884,0.09436329144185819,0.27867244984902717,166.9800586766288
3280,1797,8,2,3.7681308658030517,0.5331013673782086,9.307355664575256,0.49693411328009407,5.644012334749937,11.39315005177104,-28.48859604264096
3283,1798,15,1,0.061157695458804506,0.06827405963580238,6.145034759011881,0.16806016085311692,0.09876235288640663,0.2980668776405964,-9.629137898337051
3284,1799,19,1,0.04284410597731683,0.04638485723437385,6.182301129129727,-1.929347968127337,0.07209799174521032,0.21773190212397708,110.54349580234567
3286,1800,21,1,0.052283529266041656,0.05467363101673425,6.180038308555032,-3.0227631688981376,0.09006773198252738,0.30406894490031444,173.19157200909876
3287,1801,17,1,0.041329248889537276,0.05103709370096992,6.203546065548915,-1.1591830738738833,0.06679607522895509,0.2079612741143529,66.41629780413281
3288,1802,2,2,3.7861258250998833,0.5345324795937576,9.240825197902673,-0.37931561814200493,5.670886919682037,11.471537331118228,21.749788995663064
3293,1803,19,1,0.05142548258668231,0.0816025058386499,6.38371428734278,-0.8492314974117167,0.08038027188327693,0.28222177091046313,48.65738062710767
3294,1804,21,1,0.07744980633633768,0.07357491707189466,6.239196061632984,1.228195047872575,0.12127558441619435,0.3979917346165907,-70.37039256112631
3295,1805,3,1,0.06547177583687078,0.07216536851248152,6.239875595772632,-1.7460773539469348,0.10888269186909379,0.3043765073822802,100.04286310042379
3297,1806,1,1,0.04696086188173874,0.0752357088326838,6.188263355942214,1.4123696820835252,0.07109532894164657,0.30923187194306717,-80.92282189598004
3298,1807,19,1,0.04750074513965193,0.06438560391212306,6.083880910632871,-1.1743713879700997,0.0744909924428441,0.2732797589739034,67.28652409951292
3301,1808,21,1,0.08003867907579637,0.06846925899541352,6.294022290240213,0.5341246217131594,0.13058329632236076,0.41582260549681815,-30.60308670102394
3302,1809,13,1,0.08700131958063675,0.07439387258144535,6.187077388156501,-2.1223896335735994,0.12335101466296179,0.4957112453884773,121.60396852877471
3303,1810,1,1,0.06790225875501367,0.07852994131210603,6.357691415541072,-0.33621211732696543,0.11064843228439278,0.34079498954122195,19.263535390380166
3304,1811,13,1,0.058695451804812025,0.051693301613894814,6.187765602860353,2.3856790482346413,0.08914576948533072,0.2440205248217024,-136.68934073264404
3305,1812,21,1,0.059786734157833143,0.06522822453964443,6.1713358186436444,0.48448340850612587,0.09633734406630327,0.2950999837513271,-27.758854607106834
3308,1813,7,1,0.04995750479864235,0.062422400253599686,6.2495532553271,0.18415276442051443,0.07278979638634715,0.29788299935908424,-10.551176201213844
3311,1814,7,1,0.06326229858492229,0.06129954311884358,6.171680902862358,-1.3198564714190977,0.10343992641060261,0.33031833407326594,75.62220530621296
3316,1815,7,1,0.08226113817034535,0.07219457270593853,6.252443793315883,-2.473180981665279,0.1294244548053386,0.4676088581525103,141.70283209592228
3321,1816,19,1,0.0323513430657832,0.059539841482381846,6.202817728362732,1.4480499470193342,0.054720468845333645,0.22193775801431934,-82.96715048642011
3322,1817,7,1,0.06328138059701852,0.054703989901585835,6.271493932101638,1.044127303778041,0.10969697667405787,0.3380531115186339,-59.824087698486444
3323,1818,21,1,0.07047747089256987,0.06345320305515668,6.215473583473801,0.5343208395989685,0.11661358542066848,0.3336690502817222,-30.614329100074983
3324,1819,3,1,0.060474650780763695,0.07666045012334737,6.2675177468250975,-2.7219841547737182,0.09954315162475852,0.34027919249710603,155.95820394150135
3326,1820,1,1,0.07288792447216152,0.05977616160646379,6.243019333656935,-1.6429127378535702,0.11823666419200847,0.3477621905756525,94.13196601531214
3327,1821,5,1,0.05043845535220403,0.04513469443369538,6.2937077380703705,0.43034731767462653,0.08078214083185857,0.25837990308406505,-24.657085059384922
3328,1822,15,1,0.08621937045258536,0.06508810946426671,6.146287228640566,-3.135138311355035,0.12811498535343555,0.3565080391762526,179.63019344262884
3329,1823,3,1,0.0738516148928493,0.06352597716649572,6.1603970910474315,-2.6998552260342192,0.12930977463256352,0.3798163619552517,154.69030963895537
3330,1824,1,1,0.0531784893604759,0.06572900643926217,6.374701863540989,-1.1515346471785686,0.08860948954988938,0.31255680060422303,65.97807522507986
3331,1825,21,1,0.047380990045645686,0.06771688413162635,6.126565463684622,-0.44049463364499636,0.07797678149417653,0.2600820224889606,25.23848342455216
3332,1826,7,1,0.04246949628756423,0.05272173501749964,6.203826454669587,0.9214380155430238,0.0748512062856584,0.22289164939637315,-52.79450935882241
3333,1827,7,1,0.07461242881615009,0.04349607766863217,6.1940078101215645,1.0561020920710802,0.1169358270883777,0.3356680882607737,-60.510192505396766
3335,1828,19,1,0.08920675635846476,0.07431523811333038,6.227586327931874,-0.7960212040249947,0.13203939230355005,0.5218964649215846,45.608655483680245
3339,1829,3,1,0.03721747186092445,0.045997212048875184,6.310276435847599,-2.2335689958736293,0.06238047501287433,0.17624702795978175,127.97407672536386
3340,1830,21,1,0.04443704851584849,0.04217068639123033,6.373830555753089,-0.9041025374714506,0.07570682982844056,0.2020291687105591,51.80125963116142
3341,1831,21,1,0.05651588423412057,0.05612635244161926,6.278662538864921,0.22971375989320575,0.08776212667612678,0.26930570116148284,-13.161628949316986
3342,1832,3,1,0.028328357744103853,0.05970892219937926,6.340692576701131,-0.8931512935110015,0.0499686521383622,0.1309344896390162,51.17379958043586
3344,1833,8,2,3.76043282268255,0.5338263338139461,9.237622287660452,-0.6784433662158003,5.632516122456555,11.372142450368372,38.888209776117456
3347,1834,7,1,0.05199496475261502,0.052193556464285695,6.236879961785302,3.0222811059654835,0.08876677104100895,0.30019959509936783,-173.16395183754557
3349,1835,17,1,0.04186246036713159,0.059156848488697865,6.321185319284496,3.130396982971474,0.060491708107167856,0.2759567606066474,-179.35853532012095
3351,1836,9,1,0.044470668025100156,0.08161830000170259,6.343320797987958,-0.7782200473310331,0.07406196364736127,0.24951162390988707,44.588724236961355
3352,1837,21,1,0.03280828643819647,0.06094028660068512,6.324399013427396,2.941701816678784,0.05406557659945696,0.23624166136844044,-168.54709867527475
3355,1838,5,1,0.040536779602885424,0.04856180108804038,6.087127431888754,0.7805289595239137,0.07500511689032952,0.33447032186970554,-44.721015169746714
3357,1839,15,1,0.043238183391808425,0.055219903794981026,6.28139797054194,3.1069525991348477,0.06514256239689536,0.2639077677056866,-178.01527107176733
3360,1840,16,2,3.7534197948176167,0.5290557759822948,8.979839555088823,-0.4538578973733676,5.622041616059597,11.358164745688489,25.987964878817902
3361,1841,9,1,0.05510794758573948,0.07066249869046559,6.215629729173553,-2.9396455653971847,0.08881259390288357,0.2704148871105328,168.42928414067757
3362,1842,17,1,0.0481346816571373,0.05874389389992959,6.225051883932219,-1.3212132355633897,0.0749109666846612,0.2298947632952995,75.69994221728055
3363,1843,4,2,3.762121422083497,0.528923263751359,9.09825613397323,-0.729459294142256,5.63503747682401,11.397322038214948,41.778648636776815
3365,1844,15,1,0.06309820389178393,0.05366946085159153,6.2264104468182495,-2.254123956006282,0.09996194610371753,0.2999989066303674,129.1517892105756
3366,1845,19,1,0.037484000523020304,0.0699264607283978,6.301632766210314,2.3949539214604685,0.06540750042175075,0.252428633160646,-137.22075183044174
3368,1846,7,1,0.07131367553001831,0.06986750910561673,6.049399801038319,2.576352479361779,0.10597316081177505,0.3970463999098412,-147.61412358865542
3371,1847,3,1,0.036716835283890144,0.059674401306270816,6.298122481544438,0.258251480833476,0.0612472677544791,0.25937014060437336,-14.796719905368663
3372,1848,10,2,3.7689883168370293,0.5273858332618959,9.079815142414292,0.13130219404547083,5.64529304408949,11.40482777530891,-7.53944141756668
3373,1849,15,1,0.05385060979001266,0.060242745941780994,6.370498790533853,0.7641272505226054,0.08356906387268989,0.29864848180605036,-43.78126647715281
3374,1850,19,1,0.06138046992433804,0.05235919830060004,6.2206082080474605,2.9038119465091072,0.09252665136803896,0.31154188174458175,-166.37616898926947
3378,1851,6,2,3.776476196650529,0.5290273020887678,9.210001890908535,-0.22380163361307318,5.656475611394218,11.41195907024964,12.80641108978508
3382,1852,19,1,0.04684180731942216,0.05001838591230609,6.264100734497035,0.3409031430166317,0.07474077940725198,0.22453183624669254,-19.532311337891656
3383,1853,9,1,0.037189324925466435,0.053007395229529033,6.303163204798071,-0.020696282117977746,0.06030392046766941,0.2703126017098216,1.185809622888728
3385,1854,3,1,0.07398421839257788,0.06854761619900826,6.2939481282188945,1.409900623747526,0.12280884186065254,0.3648519569101151,-80.78135519514645
3386,1855,15,1,0.03370191823124365,0.047488265889469736,6.254620573581579,-1.6786373602829718,0.051385638218401634,0.19557222316921474,96.17883607911041
3387,1856,19,1,0.03418574249239341,0.056627598625934805,6.174033628864873,-1.4038870672850594,0.05864564336870706,0.2870551484050413,80.43680386531958
3389,1857,4,2,3.7956640868860223,0.5465446835936772,9.3085246546612,1.872654593124187,5.685131097533173,11.491784135733926,-107.3119358182282
3390,1858,10,2,3.779365591277443,0.5373938206803489,9.170026370150774,-1.4420891805151543,5.660791068682653,11.447669504576142,82.60910781049658
3391,1859,13,1,0.07381863074323576,0.0730211592708515,6.374294040679541,-2.661688866354654,0.1207373734172671,0.37154570932153386,152.50353832923741
3393,1860,6,2,3.754139588795846,0.5370463780998183,9.39512697749616,-1.1562562405463415,5.623116610267619,11.352799238000951,66.23241613960478
3394,1861,3,1,0.04947247267022807,0.06009109480976118,6.346074627496342,-1.5141421714881051,0.07940221905573476,0.23052422477099183,86.75395601804067
3395,1862,3,1,0.04791963590528747,0.03770224904667588,6.220827987670054,1.6480064875363405,0.07451805118505278,0.25754247110702644,-94.4238163698774
3396,1863,19,1,0.05587911751389264,0.0677089923537738,6.186530894393968,2.624555169418223,0.08514972872636171,0.36886882852284575,-150.37593428649478
3397,1864,10,2,3.7756273502578717,0.5286492184828223,9.190132316083508,0.3309201758741974,5.655207921916684,11.41020661100754,-18.976796259917446
3398,1865,9,1,0.03649554756577477,0.05367605429510532,6.282238801368498,-0.4295926506225305,0.06508972604756132,0.2485784295526728,24.61384579736022
3399,1866,3,1,0.07241986555308852,0.07912091585617717,6.341560560219569,2.3565759856583735,0.11530348094385776,0.35204390758686616,-135.02185805699037
3402,1867,12,2,3.781090904555818,0.534300740063097,9.195669685899043,-0.07367221834453225,5.663367465228673,11.437794578695145,4.237645796104515
3403,1868,1,1,0.059482901458714856,0.07559389495091161,6.214072995593858,2.5801689732310007,0.09633554992254914,0.34965016577912944,-147.83279255130768
3404,1869,1,1,0.040287118069301006,0.057591216631141987,6.3333998912885106,-2.0937784890321214,0.06166973487083422,0.23690987731041446,119.96467066528774
3405,1870,13,1,0.04415677038478391,0.07358290107388385,6.374598493690362,-3.087879301359999,0.07906775272968591,0.2558683281967625,176.92245159243726
3407,1871,9,1,0.052548671579260534,0.04555536235334248,6.3859507526251145,2.062922803710844,0.08551552857823133,0.25539430603158736,-118.1967701433072
3408,1872,19,1,0.04626489263885494,0.06239210153907835,6.281859926928679,-0.865852855240327,0.0770103217639492,0.28781393116804094,49.6097142863657
3409,1873,3,1,0.031743165391203886,0.046737724144890955,6.265875475436707,2.2296026416767667,0.059230636563685324,0.18131946854614892,-127.7468213622951
3411,1874,21,1,0.058588293954412195,0.05769639274376445,6.266783754502819,-2.6484134191959914,0.09419122665252905,0.28548735545316756,151.7429112854997
3414,1875,8,2,3.775262211475532,0.5336643412098883,9.472398778223827,0.9475146500724032,5.654662725509996,11.417676262766008,-54.2721284359976
3415,1876,21,1,0.07388506372841176,0.05079206426991641,6.173963448204791,-0.7417793123791738,0.11315290906662574,0.3291378410462327,42.50082391240436
3416,1877,21,1,0.057211660473103415,0.06194730378962918,6.221519586866523,2.2840013336131624,0.08970327678629003,0.3009339565926143,-130.86363683627934
3419,1878,1,1,0.03442326432075971,0.05914038320337329,6.36758062717507,-0.20917327284913453,0.054813206080030034,0.23703137226385554,11.984745729371193
3420,1879,17,1,0.04054502655564025,0.05039617908420856,6.258380627035401,0.5463113580162932,0.06816418606262974,0.17929076338241523,-31.301335123076385
3422,1880,9,1,0.07002355237918674,0.07085187105518836,6.3239752387182016,0.9530084834559291,0.1060385103131196,0.417499603393698,-54.60336390908229
3426,1881,1,1,0.07959295351785411,0.08360710813238371,6.283711377097306,0.6102337995615821,0.13145204928582915,0.43854365277493756,-34.9638213510533
3429,1882,15,1,0.06332592893356731,0.08771405486633449,6.199082112132405,2.1658853527714723,0.10492497339528557,0.3994430691598757,-124.09608968530551
3430,1883,5,1,0.03470256290610393,0.05025809685801949,6.29377723783958,3.075257009619148,0.05265454943433061,0.2100130021477779,-176.19924756723148
3431,1884,5,1,0.044457500937140224,0.06030360899355918,6.273869309074908,1.9398394083066868,0.07108838539360737,0.21714317308428432,-111.1446110470519
3432,1885,19,1,0.03907070971294244,0.05712110087134688,6.363013948367583,1.5313740433050496,0.064937808132368,0.2305702021094417,-87.74126953617242
3433,1886,9,1,0.042741563833229926,0.05546797473273873,6.244124293264937,-0.5344359781933394,0.0700054324119358,0.23493848301288311,30.620925986775013
3436,1887,15,1,0.039501846269389185,0.0669967379794186,6.117178461050347,-2.4288775331830297,0.06430333966145418,0.2671803285104379,139.1644315931403
3437,1888,3,1,0.06666406239751099,0.07729040683944167,6.3811836353697196,-0.99058890508213,0.11081960554533485,0.4009386923478512,56.75656342701561
3438,1889,17,1,0.05999230188284017,0.04506617241232506,6.176469380832794,2.696016515675889,0.09808440567530638,0.2475749616582492,-154.470367803138
3440,1890,5,1,0.07885821071428409,0.07490062824674504,6.319695154346354,-0.8372987135080415,0.11662339093737954,0.4469003472364127,47.97368245946554
3446,1891,15,1,0.0570330975081914,0.07102119402556832,6.343122435428925,2.70666300966094,0.09687965275656456,0.34552573939959563,-155.08036696588778
3448,1892,15,1,0.07529491417033746,0.06869333966120736,6.210940545059967,1.684003061628675,0.12249274310912382,0.33490289783182076,-96.48626808062883
3449,1893,9,1,0.06890989572258717,0.05911988534575552,6.2803049167245115,0.39248823046238424,0.10856410889980056,0.36715407016191887,-22.487919191016797
3450,1894,3,1,0.06178432116278994,0.050526998718876254,6.314144739589077,2.4666354583339802,0.09497701124692115,0.27687069839800116,-141.3278013450557
3452,1895,3,1,0.05922936222783838,0.07586114353588597,6.3812332421781575,2.1335330547627485,0.09928144382255727,0.35076213351087054,-122.24243953868134
3453,1896,3,1,0.05841141694783064,0.08147413072135852,6.213337804466391,2.8792102610171635,0.09212705733908619,0.2785079064758777,-164.96659625039683
3454,1897,18,2,3.775915851839911,0.535845280433594,9.357518740864178,-0.4138798452536556,5.655639052932155,11.424527307482151,23.697097745607305
3456,1898,1,1,0.047943961634357185,0.05065157809081657,6.1910556309039695,-0.7827804102214496,0.08292984032134103,0.216895326302289,44.85001378351642
3457,1899,17,1,0.062209004596796603,0.06039452695441264,6.2166806221804025,0.43158425828047686,0.10746983724677754,0.30807125377897654,-24.727956576879592
3458,1900,19,1,0.05189848498397565,0.07639137282430038,6.265314414027625,-2.8176825652729485,0.08389535245431302,0.3054945682594513,161.44131898736046
3462,1901,3,1,0.03593870668891783,0.052758704667004976,6.278686178553138,0.036783089001292193,0.05466745959168789,0.19689760552706997,-2.107515759292217
3464,1902,4,2,3.7750157226469305,0.5299047532839363,9.31120325740284,-1.2669921706162686,5.65429484032398,11.416779982617626,72.60976284766615
3465,1903,19,1,0.052839659705698094,0.0543528223933096,6.129621796093818,-0.9652646471628633,0.090201057760913,0.29035368637373543,55.30559035618816
3466,1904,7,1,0.05991568538300804,0.06879799309755145,6.1485779406433005,-0.6192839812476043,0.09384296790283193,0.30981350015276865,35.48235844934991
3468,1905,3,1,0.049924288050110295,0.05809478188026637,6.234686651583343,-2.0202868598937793,0.08417408029684885,0.3160484050374833,115.7539105025313
3469,1906,1,1,0.04249106845539974,0.06825218228403601,6.361292188178391,2.778612258710584,0.0670653028405893,0.2120745352922581,-159.20275531112614
3471,1907,9,1,0.046175606946928634,0.061071583803871635,6.169289719149399,0.03748179670546483,0.07683060061141554,0.24711791719160592,-2.1475487637965562
3473,1908,15,1,0.04842771806264948,0.04762294404072777,6.248138906267268,-0.6854716448337971,0.08242362004609627,0.20928406993394016,39.274632245736804
3474,1909,5,1,0.04329042044530154,0.04443615684864586,6.2607850297114815,-0.5743803963386811,0.07168329398409772,0.21047934487948833,32.909572553812765
3477,1910,1,1,0.04881435653309822,0.06991597538008748,6.073085525139436,0.503340182852049,0.07538578494056732,0.3074784037619344,-28.83926814918236
3478,1911,15,1,0.046974778906538825,0.0425275797927031,6.220674171791901,-0.7256023818262697,0.07349957346090288,0.2102011631288169,41.57395409883061
3479,1912,13,1,0.054359143145311664,0.051287858485500964,6.227620602339257,0.5939516873457252,0.09371485998406172,0.19958878218220347,-34.03092491788952
3481,1913,17,1,0.0341970428780193,0.04744559727978943,6.216998317181791,3.0307239596280353,0.05305888967597262,0.2258097662543782,-173.6476917569209
3484,1914,3,1,0.05258173412808845,0.06221610166219181,6.265614446396875,-2.2003052433100785,0.07845806390813787,0.2803314299452891,126.06820408292548
3485,1915,14,2,3.771443758912578,0.5281363444773406,9.093572206711862,2.2647171252139486,5.648960229422281,11.422167039879342,-129.7751450671865
3487,1916,5,1,0.04393123423890018,0.04848162598564024,6.215242563768055,0.9534292139872026,0.07028282540752408,0.21126129440153524,-54.62747000389814
3488,1917,15,1,0.07089013935921941,0.07476011400225994,6.332681053333705,1.6479156389324616,0.12738360369567203,0.4049335789939399,-94.41861119714505
3489,1918,3,1,0.036700036781288664,0.042223043800579375,6.220034964638526,3.11299529210354,0.057829908620745635,0.2293998760371739,-178.36149188666937
3492,1919,1,1,0.044799048956208475,0.05655585382186756,6.188502868788444,0.06627639744260111,0.0710156929719934,0.2350503680480057,-3.7973578742955043
3493,1920,17,1,0.03552922979624028,0.06554855135697985,6.252651750592583,-0.20543309297597664,0.05674674654816847,0.23795713648509156,11.770449202004729
3494,1921,12,2,3.7841109215372386,0.5301438955585627,9.155929225537987,0.10053952530809064,5.667877917710852,11.461598024261171,-5.743912086101945
3495,1922,9,1,0.029227716227113964,0.057179141466796556,6.371390762925407,-2.2748699263057564,0.04984112214479335,0.17051154675673824,130.34044572179852
3496,1923,5,1,0.041494341327808625,0.06823983116668364,6.245852395880113,-0.8227641572317369,0.07053506395277594,0.24507673631817173,47.1409137367767
3497,1924,3,1,0.052891938897906436,0.057578650940693754,6.274915637044839,2.1362389302841946,0.09269920207008352,0.24304708207347336,-122.39747475702464
3499,1925,19,1,0.047199506726792795,0.0541186701618761,6.261844788749216,0.12984677071309214,0.07331193155684172,0.2464766186896091,-7.43967195870263
3500,1926,5,1,0.06056917262753017,0.0724369811396526,6.137569771965223,2.8559901526509806,0.0975395547527106,0.3059281444354628,-163.63618205172716
3504,1927,17,1,0.0420140953530648,0.05921419552666268,6.171623483484112,-1.9042640596542606,0.060559939553990035,0.21947569464567074,109.10629370473288
3506,1928,6,2,3.7704679799955554,0.529557098606983,9.257299862592449,1.2029741689894482,5.64750269351075,11.392337115265118,-68.94174196235433
3507,1929,9,1,0.059350575205242076,0.06308149747580072,6.284907007070387,-2.2639092153137113,0.09417536170534635,0.28090353441750016,129.71244327274923
3508,1930,1,1,0.057472844764621236,0.05776642391990549,6.125086395602665,-2.876074992240826,0.09017647094237856,0.2784255701911051,164.78695859265954
3509,1931,17,1,0.03352328492941749,0.06447792552713011,6.305820906150895,0.8256340522355369,0.06131440031301664,0.3294642522782043,-47.305346618560534
3511,1932,13,1,0.0323768275456055,0.05644623285888709,6.2120422345451605,1.1071561284178089,0.054014649537829536,0.1702935266913852,-63.4353734150116
3513,1933,21,1,0.03577596618117143,0.06169590705825137,6.324547188498392,0.06940756248439885,0.053963895492108484,0.21441918925365125,-3.9767603990443363
3514,1934,7,1,0.047127328243395286,0.052889212002336185,6.379084596414175,-2.8346448050880118,0.07603056677546784,0.23167691550950734,162.41318372696574
3515,1935,17,1,0.06630220902753346,0.059503082723661255,6.254580914449334,-0.5792801957891618,0.10853045158963029,0.3077887147562066,33.19031044298829
3516,1936,17,1,0.039282050211395914,0.05076552557444064,6.281997611533476,0.5808023702701494,0.06912608635368445,0.24502942315111295,-33.27752455689303
3517,1937,19,1,0.07732318078599303,0.07572390159134994,6.178495354239433,2.979248976478986,0.13104640068539727,0.4325355612804457,-170.6983923522674
3519,1938,9,1,0.05743079756447185,0.04736025914515553,6.185413572736155,-2.2499934754089277,0.0940848441365366,0.27217747087429234,128.9151300992764
3522,1939,9,1,0.04764208537004774,0.05048413312132344,6.229708157186213,0.43984554607426374,0.07332636738134184,0.23281486754777242,-25.201293444055064
3524,1940,3,1,0.08492948105397981,0.09141455385208548,6.242414888935616,0.11642217195214426,0.14815087637775212,0.4711793502064661,-6.670499280145231
3526,1941,9,1,0.04413138830333161,0.06654038230796058,6.248612674332463,1.4453178145159733,0.0751281659528451,0.3027678775206026,-82.81061080649732
3530,1942,17,1,0.03451164685707167,0.050925543363614184,6.201974932808002,-0.42282579201971565,0.06119399321498475,0.2057053943496611,24.22613335713148
3531,1943,5,1,0.030195685615668887,0.05238558303574091,6.192010020196767,1.1111905541823404,0.05437053419336284,0.15007883518862847,-63.6665289831941
3533,1944,17,1,0.040505735639169795,0.06184415456371561,6.2159931560475945,2.8740061351489135,0.0589097575733725,0.22278864822815528,-164.66842183540825
3534,1945,5,1,0.06679481620867478,0.05288555385723439,6.282624572962489,-2.175494468061009,0.10855267366085056,0.297882391980875,124.64665140012445
3536,1946,5,1,0.05083484512444019,0.05214601738287091,6.125286223265854,-1.6743817012320579,0.07778588069532559,0.30850018630093057,95.93500475722774
3538,1947,5,1,0.041361115416893426,0.06738115051499569,6.362289905190224,1.8222290996551258,0.07141161092434743,0.24728018916011085,-104.4060367312552
3539,1948,16,2,3.7663374885376313,0.5296879964358336,9.12415403811579,-0.3864147254220882,5.641334063269747,11.396986805554258,22.156278135290204
3540,1949,17,1,0.05649823686938392,0.07689530817701107,6.363484342554542,2.502543261129911,0.09752667502678558,0.3088646543445146,-143.3851668956058
3543,1950,5,1,0.08131296353699398,0.07778668476209186,6.24496075441732,0.5831289482894272,0.13290840752583566,0.3899821466074009,-33.4108277709267
3544,1951,3,1,0.04364895801020226,0.05024791788657056,6.27910748047314,-0.8655747193618697,0.07447117732640182,0.17945082943940277,49.593778265178294
3547,1952,1,1,0.04765876016724599,0.0486402593998952,6.193019307716636,-0.9918452993501508,0.0788553709807296,0.2106835251377671,56.82854958141613
3548,1953,19,1,0.08153291571243691,0.07481933092607447,6.289709214760211,-0.3128144914985646,0.13697199511037625,0.39207623786838014,17.922950265601198
3549,1954,13,1,0.031214691170440373,0.06291756606499692,6.327262092728724,-1.6157237754461007,0.051562542636436906,0.25616999931014256,92.57415319100639
3550,1955,13,1,0.04977077366656514,0.06961484089573658,6.336938771294047,-2.883975151495749,0.08289559761069583,0.262950638464694,165.2396043850138
3554,1956,3,1,0.0721903813629883,0.059629156651400755,6.1570341668980015,1.050431764791733,0.11004488840451764,0.3372328598759228,-60.18530674309698
3557,1957,1,1,0.05280778589753142,0.06435677421073638,6.254047322374009,2.650126535810229,0.09681043303268848,0.37094056832726446,-151.84106563157383
3558,1958,12,2,3.776045157106797,0.5301072753025178,9.260969414319655,2.851906577813846,5.655832373722737,11.442213760114502,-163.41868278240324
3559,1959,13,1,0.03861098392595657,0.05839602456547219,6.331694911639349,3.0628786025654433,0.05964473561113113,0.21110329638751676,-175.4900170874147
3560,1960,8,2,3.739428548791689,0.5346487963608466,9.046461432843053,0.8714415636241595,5.601145211774694,11.3169495965185,-49.945920091372614
3561,1961,17,1,0.07990643693621317,0.07303724510635454,6.22343969960848,-0.4567283814833978,0.139633250514315,0.37335009384652595,26.16860877540114
3562,1962,15,1,0.040433681581352965,0.052605908233558756,6.349842814007643,0.35449193578202337,0.061272912637799076,0.2024419597407231,-20.310891801946024
3564,1963,1,1,0.045918436086116184,0.053185242498013756,6.247141486847304,-2.4681424588420584,0.07050683288516889,0.2320832999087277,141.41414612276085
3565,1964,19,1,0.0516584399519372,0.06312728491999912,6.230369723208799,2.252997826632997,0.08577576830342289,0.2250761344887181,-129.08726669852436
3568,1965,3,1,0.0525520104708007,0.0814473495076108,6.345994367329632,-1.093144684818881,0.0982774898090561,0.30362397275502323,62.632576825590526
3569,1966,19,1,0.055398910815365694,0.055911592557205486,6.255251486021572,1.574578862171352,0.08792366529762738,0.2784308055383168,-90.21672329924489
3571,1967,15,1,0.045263537459939045,0.06524100595336586,6.247175554913576,2.958290542836268,0.06988251099384006,0.2055633168480275,-169.49756267281228
3575,1968,5,1,0.031224529517266782,0.06667563416961265,6.397529410953572,-0.8573785467864561,0.05387463556337824,0.23749899755101778,49.124172177211165
3577,1969,3,1,0.05759579789979447,0.07858634004842813,6.2987095304775655,2.7903194071830395,0.0976758207999931,0.34714546648502115,-159.87352547814882
3578,1970,19,1,0.05225790368993075,0.04917732186562278,6.23633081463152,1.5727881201882314,0.07491014211854109,0.27736946521788763,-90.1141213585772
3579,1971,18,2,3.7620569883745443,0.5304751054796792,9.178728389912363,1.466333431999217,5.634940964511648,11.356862633536394,-83.99842761433612
3585,1972,9,1,0.037563250537760905,0.05438385548200813,6.24133430372805,-1.3495071044231803,0.05887833660535262,0.2144467809762681,77.3210614988308
3586,1973,7,1,0.051450612877714776,0.04385524056515026,6.267484907957285,0.26217709236179154,0.07961023374681861,0.2838564853491815,-15.021640902076864
3588,1974,5,1,0.03716323091230856,0.07163954644799524,6.289000160851841,1.0214653463422771,0.06696962636052471,0.21486327580676562,-58.52565325730626
3589,1975,17,1,0.047099320779010995,0.050976160307886105,5.992456947752334,-3.083601115761235,0.07104175545815292,0.2203898885737467,176.6773296143318
3590,1976,16,2,3.761904406877734,0.5354516169127709,9.379191353619824,-1.7706597101568262,5.634713635337644,11.389329865421013,101.43504094621038
3591,1977,14,2,3.7688470128924365,0.5311673923209675,9.177327940985124,2.432698205523412,5.645081916873322,11.412735872834713,-139.3669619900833
3592,1978,13,1,0.04466099878927928,0.06995507146113743,6.297999371076727,2.167871591446865,0.08034598656252818,0.28951627095440685,-124.20989270895151
3593,1979,7,1,0.04658755175435305,0.08803522861951174,6.188597019146072,1.8571619041247927,0.08203460305189497,0.3148181100583353,-106.40753900800712
3594,1980,15,1,0.048714069379894906,0.04177125798781043,6.262589925301401,-1.4562618038237836,0.06934786233918273,0.25834566817618637,83.43765521536017
3595,1981,3,1,0.07072285176370834,0.0656054884470771,6.211176796570709,1.7347873286432378,0.1137148056384412,0.3116586295408872,-99.39599228646999
3599,1982,21,1,0.07233107336993076,0.07366707740055095,6.173768421367114,-1.1250069953886594,0.10942588232064884,0.3927663930137218,64.45815273347226
3601,1983,3,1,0.06693571030384195,0.06661305156330678,6.156942232350395,1.1800374968049026,0.10762250000134888,0.3564210720164969,-67.61116815782731
3602,1984,1,1,0.05698102531797695,0.03565905166333646,6.288462221888255,-1.3429141496359769,0.08760544171130696,0.2645944210297365,76.94331298232989
3603,1985,15,1,0.0644892410481169,0.05989010356307916,6.208017916125889,-3.0557725804739646,0.09757303732489368,0.32650897688512037,175.0828720341395
3604,1986,13,1,0.037470329018735135,0.0551050323070797,6.099547176160294,-2.4037268953116557,0.058953379467444875,0.18548594655131473,137.72340619717238
3605,1987,9,1,0.06405467146394572,0.05553650228919196,6.285232175132439,-1.2551796099743542,0.10247154527729185,0.2926813901537043,71.91649412657833
3606,1988,21,1,0.06222518317583085,0.052301743284071875,6.210351248207007,0.37179203312891285,0.10337179995428693,0.30423557218266506,-21.30211441983465
3607,1989,10,2,3.7856239413253454,0.5349200027229442,9.146100227687358,-1.305143236108522,5.670137358317832,11.467239647716053,74.7626007430204
3608,1990,5,1,0.03403744198250784,0.08332657360294392,6.438149430401538,0.6451742399483511,0.06073467237600726,0.2409709916563632,-36.96576099817378
3611,1991,9,1,0.04912137001004867,0.07508840370078088,6.250329158427496,1.6196648887140843,0.08482732110970931,0.2579095219451023,-92.79996237266123
3612,1992,19,1,0.08486903966005947,0.07216044626766041,6.248990835240309,0.06464848157903456,0.14635050864442237,0.35328624871462316,-3.7040852617232445
3614,1993,15,1,0.04268178126257297,0.04363054277216307,6.317391713451965,0.9107619626601601,0.0805164033760871,0.23397248405004,-52.1828166060551
3617,1994,21,1,0.08333420637504621,0.10425044697613459,6.378655009123278,0.9713857402438326,0.1259596240915032,0.43095065127892085,-55.656303142147074
3618,1995,3,1,0.08821790537221083,0.09495516566796135,6.176045771614784,-0.9354530158992672,0.13855876286694588,0.553369264832001,53.59750982059512
3619,1996,1,1,0.054483503217437834,0.05684423610217207,6.340194526819713,0.343185826566934,0.08453442327738189,0.27610992950451163,-19.663099485679535
3620,1997,19,1,0.05152547660281088,0.06364213704451611,6.185317141198846,0.9824424288130181,0.08156352703604317,0.23123044833761178,-56.28980478255865
3623,1998,5,1,0.038148376648000235,0.04630771206015067,6.415840390440866,-0.30795046708960794,0.05831567952833777,0.2359006797606056,17.644262061922355
3624,1999,14,2,3.7797728329005684,0.5321413708773892,9.317371856442831,-2.2423708221874277,5.661398863651541,11.422011107712272,128.4618629283357
3625,2000,9,1,0.07924530984483298,0.04933955199088482,6.270332211180911,-2.5547389515697168,0.12272106498247796,0.3745014681958302,146.37575958300414
3627,2001,13,1,0.06700469989032524,0.041519081743628825,6.228047662895616,-0.33027345768129224,0.10387415127491843,0.2976945701449675,18.92327528340213
3628,2002,3,1,0.04284996336236446,0.044737010823360825,6.245157392851419,-1.486959039587434,0.062411221851705403,0.22762824379537708,85.1964772771731
3629,2003,7,1,0.0488125843739466,0.06898194081781443,6.177695539822824,0.9877756816490454,0.08191394147459159,0.2377433184768581,-56.59537766501384
3630,2004,15,1,0.04067755274311371,0.05173586740151652,6.3542331481118,-1.770905100082425,0.06355694704992666,0.20838851599938754,101.46538816127689
3631,2005,15,1,0.06589799390242347,0.06894768279838277,6.208301013827219,-3.023980549597509,0.10803019915481915,0.3250319300027897,173.26132276587833
3632,2006,1,1,0.05258229285585317,0.07718017444215093,6.241061030327791,0.35912336708111914,0.08688433204881647,0.3512073332972227,-20.576253281901096
3634,2007,13,1,0.07116759817220059,0.08182160869888723,6.1864729260518345,-2.3122305494019275,0.11231848328354613,0.34621121263367644,132.48105181028407
3635,2008,2,2,3.7734056693417046,0.533961858886438,9.260708669748512,1.3196110662197598,5.651890067225479,11.419898544555828,-75.62458238055326
3638,2009,8,2,3.7655491369373446,0.5272606027379736,9.085766290941992,1.6477014575772682,5.640156676343627,11.396071731480404,-94.42267434628468
3644,2010,3,1,0.03710040822538797,0.05881693332813178,6.260586988829616,0.8776778401234572,0.0673648356159836,0.17856075160936458,-50.28723600496922
3645,2011,1,1,0.055470421583599036,0.04177461351518316,6.131649586812291,1.5154037203488735,0.08416877503043273,0.2591442997287646,-86.82623740186051
3649,2012,21,1,0.043862735154119654,0.050371551024530524,6.346431974502392,-2.544710401338309,0.06869827787080837,0.21728787283753145,145.80116606236814
3654,2013,21,1,0.08431843489087122,0.07212390271461477,6.325199657513051,-0.48481553423757395,0.14004920974626725,0.44748947085785035,27.777884113996727
3656,2014,6,2,3.7728571662916233,0.5274310667939467,9.165645310165742,2.873339482222162,5.651071075067468,11.430800161914338,-164.6137949400324
3657,2015,1,1,0.08924111411057746,0.07770532647150312,6.212539852034851,-0.3321429137822413,0.1508339664969637,0.392976942649543,19.030387284717243
3658,2016,13,1,0.04908181347055953,0.06795429008403474,6.223721869860645,0.39490890879583157,0.08173622623623128,0.30380072667394603,-22.62661379528798
3663,2017,3,1,0.037275949425635564,0.04538069397810127,6.38246039239012,1.3751263973004564,0.05843563563010519,0.25194052212398765,-78.78893886090668
3664,2018,13,1,0.045866389377236326,0.05262375390198184,6.158991081079156,-0.6008826741933195,0.07033520652902421,0.2560760287502063,34.42804121158095
3666,2019,15,1,0.047037693353909234,0.07182295698447462,6.166809378739285,-1.2058931024927706,0.07212067751364132,0.232213460996932,69.09258531389857
3668,2020,5,1,0.044069236412528384,0.041743484134803145,6.2637718120468895,1.6221866262302573,0.060283447979736095,0.2345129195917291,-92.94444726650067
3669,2021,3,1,0.06168733587900536,0.06031316495427346,6.27802349355956,-1.7078132896208225,0.09439570721548658,0.31447051096246736,97.85049373450572
3670,2022,19,1,0.05772468089904064,0.06317931530931847,6.337316208189427,2.448122817270985,0.09362450086910865,0.38292946898785674,-140.26710512128605
3672,2023,7,1,0.04857559429937607,0.04655365038294374,6.227730577307043,-1.3496301990411321,0.07802160570788554,0.24256628555095408,77.32811429182603
3673,2024,13,1,0.06385376240842065,0.07318985384546141,6.114742138933923,3.01754676671193,0.11167696938577841,0.4628575461235496,-172.89269413755466
3674,2025,17,1,0.03297395195453664,0.04665366621030351,6.141848614547954,-1.4062835310281858,0.05204489555107239,0.1885844843045242,80.57411112330024
3675,2026,5,1,0.039521246020457965,0.0539802626951782,6.269201267197127,-2.3211007638190018,0.07175889385652078,0.1903825725403476,132.98927758703022
3676,2027,3,1,0.053410547421704646,0.05291180332867964,6.309539889977063,2.9034849994143306,0.08492034913296258,0.30223662210631114,-166.357436313442
3679,2028,5,1,0.04363854186030754,0.06678916321336582,6.332967573952547,-2.844706416884047,0.07424684123555483,0.2637366885375185,162.98967162356274
3682,2029,21,1,0.04891103031184067,0.07574616774049776,6.225240859012856,-0.5112923580557835,0.08040294752152667,0.29852540995462645,29.294894225409326
3683,2030,3,1,0.060465755072853275,0.06091235620135706,6.28682057987713,-0.8198167856230436,0.09589891504839895,0.2460317005004291,46.972041798993885
3686,2031,5,1,0.037401034378783046,0.06011246811935986,6.322444120308137,-0.12338580244704693,0.06049207851495696,0.26319169665301456,7.06948573393286
3687,2032,13,1,0.029848904493937012,0.07391575647012598,6.167245086625356,-0.0012361969915405864,0.04921675405834457,0.21995469394365796,0.0708288721588785
3688,2033,1,1,0.057282816038094916,0.049839746166137136,6.255148266870327,1.1791047400019423,0.09270434038711449,0.29692510969007724,-67.55772515261066
3691,2034,10,2,3.7724767038102818,0.528141531597096,9.03270005543442,-0.9173104347462739,5.650502670059175,11.423801650683277,52.541590891878045
3692,2035,5,1,0.057002306663653225,0.06448914540709492,6.249273752229453,-0.27993054755132935,0.09307929783846758,0.30040563662860853,16.038838970819313
3693,2036,1,1,0.05410314733797189,0.0802902168396264,6.371701479400747,-1.2302138498966064,0.09759373343212499,0.30047245880425205,70.4860614603112
3694,2037,13,1,0.07202793004398604,0.07000360883911394,6.060447023742142,1.0945196286911665,0.12133764939078996,0.32708391794503644,-62.7113552415299
3695,2038,7,1,0.0454593340213523,0.058839548023694135,6.302038139398354,-0.993798805354128,0.07391788603394753,0.25671704373698917,56.94047721620182
3697,2039,16,2,3.787771599078217,0.5269073653124184,9.082996326000321,1.5364933899846491,5.673344336024242,11.447477495408107,-88.01795980003789
3699,2040,21,1,0.07565959152825215,0.05822316941155174,6.339925698980843,-2.9946471679684463,0.11492139818645927,0.32347825848079587,171.5806437837718
3701,2041,9,1,0.04349075156435563,0.0496679837493811,6.254659968470202,1.5885107356998711,0.0604397706370903,0.22307633943369276,-91.01496087668977
3702,2042,15,1,0.05151705481630338,0.060699223415016976,6.26970946662119,-2.7725229838109153,0.08311253702494334,0.307366460438518,158.85386554254603
3703,2043,13,1,0.04031660614058882,0.0672507793910453,6.201445484608862,0.855610011472168,0.06931182554059284,0.18373531002823718,-49.02284255707335
3705,2044,21,1,0.0532902849535033,0.07040456558639309,6.389635774304929,-0.49087398135668936,0.08579520590447609,0.37683597023209825,28.12500743127356
3706,2045,13,1,0.05779861245553169,0.04944407311269423,6.302420196313241,1.6764078244683498,0.09284269541632394,0.28810843774727946,-96.051093128582
3707,2046,13,1,0.05211765721039953,0.0749744304662099,6.337854661677135,2.960651073659782,0.08644816953094472,0.3513931142082382,-169.63281112060974
3708,2047,19,1,0.0557102651492171,0.07404444507248752,6.218781400469652,-1.2630179611726138,0.09750433398046854,0.25401751266810346,72.36559858480081
3712,2048,3,1,0.042989664166161706,0.04623520569048416,6.213068991928842,2.716740073084741,0.06893667699121497,0.24671268544089264,-155.65774020903737
3717,2049,19,1,0.05989556014234651,0.07004043343966632,6.3116010545495245,-2.0478590307510545,0.10615562893582857,0.377525260261697,117.33367956458082
3720,2050,7,1,0.059336028337807274,0.04763884993763025,6.360311494957253,-2.7728783443058767,0.09262858121123424,0.3079204407635327,158.87422618150305
3722,2051,15,1,0.0520533714863752,0.0593081763326614,6.185630260642598,0.49558445415223684,0.08092181444839432,0.28213861252491423,-28.394897631812167
3723,2052,1,1,0.06315881270717395,0.07012951240512841,6.24428316072719,-2.811745255579804,0.10928488249855861,0.3454693180135621,161.10113615126025
3725,2053,15,1,0.05077373019300238,0.05763706704648164,6.304793252332936,0.03173615855920981,0.07842068140584409,0.3092190601089448,-1.8183479457040983
3726,2054,21,1,0.08408226023553284,0.0688017016122997,6.211592087430335,0.35107489426590693,0.1392200829827614,0.5086061564436607,-20.115109907891238
3727,2055,21,1,0.06749518150660631,0.05228758714236197,6.18835771759733,1.914107965673103,0.10681981890997974,0.32054541470303183,-109.67030803902472
3728,2056,9,1,0.04338169271045839,0.038707273891029265,6.147099826052875,0.2506848787546373,0.06785069883185813,0.21093064067385403,-14.36318555633639
3731,2057,7,1,0.06695717736025807,0.05672938328338835,6.226760319453595,-1.01126098457616,0.10744252420862371,0.3717927190351866,57.940986323347175
3732,2058,9,1,0.03691846846052433,0.04244817148459721,6.285567533856886,-0.8678738860668818,0.06347200422556756,0.1529031749999263,49.725510821173735
3733,2059,3,1,0.033242123391262535,0.040802824510980565,6.228110724664174,2.964238029739078,0.053084088553947195,0.2053399745772497,-169.83832857003065
3734,2060,13,1,0.05255795447697651,0.07931753616483216,6.306931014093174,1.6811596513143068,0.08429889963552402,0.2914764427799826,-96.32335270813633
3736,2061,15,1,0.033712657926607964,0.05724905300550056,6.2088815867924305,-1.847901371145296,0.05678464607524881,0.2591164188884404,105.87694953260504
3738,2062,18,2,3.775385122885677,0.5320277222275867,9.428875714173955,0.9622115363510005,5.654846438689663,11.402467596049988,-55.1141963806662
3739,2063,17,1,0.057743176569529035,0.06352029233422762,6.301647634104719,-2.8228714013918843,0.09379141648770671,0.28120151782798924,161.73861737226267
3741,2064,19,1,0.059291938091717386,0.05607232602442315,6.235726710921457,-0.9633580161742649,0.09258959578427534,0.30834393271369664,55.19634847340696
3742,2065,17,1,0.051905303920707836,0.04721380170188133,6.224251995089983,0.4634516751510019,0.08168018716083375,0.2300427131084239,-26.55382502559687
3743,2066,19,1,0.049409664620690165,0.07429490750391521,6.246660235763444,2.6484959357821016,0.08701230251983309,0.3235715739740461,-151.74763914742223
3745,2067,17,1,0.047943741844043083,0.07188850970382292,6.208959401309352,-3.1277789136413108,0.06886813907891116,0.2671399760247982,179.208531007082
3747,2068,15,1,0.061510926361272936,0.0660101218083302,6.229506224388032,-0.19088573462833075,0.0956146483865669,0.318621753594435,10.936947002660695
3748,2069,19,1,0.06154720081834267,0.0555314822237374,6.149038932506807,-1.6747642824292008,0.10055088413324056,0.32615134342156393,95.9569251260032
3750,2070,7,1,0.07279229444568841,0.06320788869692318,6.142171216135076,-1.6342904796551168,0.12065903462532515,0.4451814862046141,93.63794690169225
3751,2071,5,1,0.042803358150314774,0.05214576648853423,6.136845062926687,-1.3431663582963138,0.07115827816807396,0.22863548006897516,76.95776349384703
3752,2072,3,1,0.06662272094259936,0.05188349353315588,6.279682509231463,-0.5472810512331934,0.11099731209095862,0.3213493624114099,31.35689450739873
3753,2073,7,1,0.06769872092962767,0.05665264809946067,6.134816849392905,0.008380855413778665,0.11607334257343573,0.3026921020611548,-0.48018758493420965
3757,2074,15,1,0.033233298930229686,0.06559615133708514,6.142895142496451,-1.1027780802184095,0.05678811873890699,0.2096130684418943,63.18452972892096
3758,2075,16,2,3.7757504653673264,0.5269269895492896,9.138950388702556,3.0115975808857995,5.655391788562555,11.438762825638822,-172.5353625378917
3762,2076,7,1,0.07436957266145794,0.06715853956321176,6.183471724817949,0.48889893852268007,0.12470035310710641,0.4160698030580443,-28.011845890983707
3763,2077,21,1,0.042069240930445825,0.05105502490392088,6.305723973288668,-0.2969069089708405,0.06716563307845277,0.22594005925212496,17.011512806807676
3764,2078,15,1,0.048082204373071535,0.06710565250375314,6.186691315880665,1.645213661535597,0.07597042409813873,0.3099369553009286,-94.26379918411479
3765,2079,21,1,0.053980224464658354,0.04429260387708558,6.283278492726908,1.8294278434389888,0.08673826075705217,0.2560700557851264,-104.818494388506
3766,2080,2,2,3.7818593657592428,0.5365051097116825,9.422053860997657,-0.25629304314189705,5.664515239076456,11.442660421984108,14.667960957298599
3767,2081,19,1,0.040839357299844864,0.0687858512922581,6.350392851517132,-1.0059792862393149,0.07387225165943385,0.2599209642262936,57.63836736999078
3769,2082,13,1,0.07001924529809735,0.07755835841578369,6.19956320044767,-2.7998391793033988,0.10751101844344882,0.36110490628474856,160.418968240585
3770,2083,17,1,0.039850247388586627,0.07199936065328114,6.299583494236483,-1.887813291228752,0.06623303767428217,0.2698042401388091,108.16373410521832
3771,2084,19,1,0.053790344138516674,0.08395929445154918,6.196157200691914,1.0622591417668714,0.08976955427276281,0.3244482386921667,-60.8629655320148
3776,2085,3,1,0.04116038753584022,0.03918757771887792,6.265448449178582,-2.84755006615722,0.06688644497165176,0.24673055544754655,163.15260072971876
3777,2086,13,1,0.03887406667563064,0.05850725464397068,6.3328035853509475,2.3240686294617534,0.0684803406703182,0.20417667274592516,-133.1593237709799
3778,2087,13,1,0.05202446974646361,0.05545804260575069,6.260289520524695,2.5055453652453656,0.07767470108532344,0.24577197659242458,-143.55717480779177
3779,2088,8,2,3.7813276674348955,0.5363707643141096,9.14495505123525,-0.727178259616399,5.663721183600914,11.456555475486155,41.647703481048524
3780,2089,3,1,0.028082333477983844,0.06227619013863369,6.33166114908949,-2.841776406500952,0.046906718264569915,0.1914476622031483,162.82179440946732
3783,2090,19,1,0.05585944200436553,0.0745621745933935,6.1751906419084435,0.2569956691803209,0.09200554441557787,0.40341877915777574,-14.724767243142056
3787,2091,17,1,0.059814778745373165,0.04806798810208058,6.284351509810165,1.1735560232124447,0.09803042111698398,0.2843331300936977,-67.23980709273897
3790,2092,3,1,0.06820417995911479,0.07664080893598844,6.450494683897889,-1.1548621480649286,0.11502703313764694,0.33381440972723136,66.16872696502598
3791,2093,17,1,0.03770284318847406,0.07783954177629725,6.334878287252405,-1.2643801948579927,0.06280686123720385,0.23691450297103075,72.44364886068797
3793,2094,15,1,0.04491074277091648,0.0556620210940487,6.251748969229908,-1.9288657831722031,0.07870436535691479,0.19428875809201165,110.51586863807651
3803,2095,19,1,0.03671004477851423,0.0834073949947184,6.176551121835105,-0.17790568898070216,0.06749634876165077,0.27136379832777174,10.193245141293866
3804,2096,3,1,0.06496876978352595,0.0734943569561851,6.280349521762617,-1.3074553890268472,0.09596402860201338,0.2938431289652072,74.91167566621725
3806,2097,9,1,0.07717238499318273,0.07815979396339563,6.20793512793087,1.796737088606098,0.1253516479404285,0.4993026907835596,-102.94545220213507
3808,2098,10,2,3.77773445083375,0.5337786350550995,9.211075337146378,-0.34672596734520306,5.658354951993362,11.441180401626045,19.849440086981428
3809,2099,20,2,3.7775526706528675,0.5277630880100123,9.196119051542384,-0.6698109954769093,5.658083346963565,11.433549431187814,38.393835221527944
3810,2100,7,1,0.08389686809489405,0.09378900824179828,6.283526126820347,-0.2504472417070327,0.1444497216889414,0.5080752778004356,14.349570106062465
3811,2101,15,1,0.06284782806638974,0.046326817802409846,6.343397596903741,1.2867604427128534,0.10091062380208882,0.3259110523838315,-73.72594255773446
3812,2102,3,1,0.06065150957612106,0.04606781558072228,6.311143675394074,1.6329666739916586,0.0907067909478098,0.2773658441432662,-93.56209853149265
3813,2103,9,1,0.06108755156974094,0.06708514708243281,6.2354857711864575,-2.9052068166572003,0.09875628628577734,0.34075377391094064,166.45608914706668
3814,2104,21,1,0.05324281176769851,0.0628440397327546,6.1596949371723095,2.7942394780471864,0.08666705989937666,0.2803078940327772,-160.09812901501763
3818,2105,10,2,3.7581287079778005,0.5321196322730869,9.075699999269268,1.248147562075469,5.629074240282572,11.36404973098164,-71.49734923640658
3819,2106,5,1,0.057150001584753606,0.06702387368574186,6.221356273248671,2.520428137836237,0.09354757151027837,0.3380990864000671,-144.4098948147058
3821,2107,1,1,0.05570695267526723,0.06793707396294411,6.19229427070994,2.9910126404077917,0.09092845042316484,0.2612842967734835,-171.3724007292339
3822,2108,17,1,0.031114581038993127,0.06786655796311407,6.327454311169038,-0.6553440743637573,0.05444322003023219,0.1652297932446738,37.54844959166459
3823,2109,7,1,0.0732246932044119,0.08641263467752053,6.154242148977408,2.3155977406191472,0.11822965845442818,0.5076206810685833,-132.67397764648638
3826,2110,13,1,0.07629933172600363,0.0572026355276151,6.166422355274336,-2.3549864597317045,0.11400054292568515,0.340552785401668,134.9307849339157
3829,2111,7,1,0.058669186683055534,0.05328886485294727,6.160548591802387,-1.7575144089763943,0.09548680850203674,0.34548678212560086,100.69815811864036
3831,2112,19,1,0.03491788551666002,0.06269273764810054,6.266516618727104,0.8198329481838673,0.05987163109125242,0.1682193305021636,-46.97296783197409
3834,2113,2,2,3.7797593165657264,0.5353982121923245,9.209130099426561,-0.4658760234655294,5.661379104159644,11.448783135023966,26.70925102793957
3835,2114,7,1,0.05425477999300292,0.05734247890633928,6.343868154592783,1.1142117590612632,0.08605274681553499,0.30571607633795644,-63.83963123907073
3836,2115,21,1,0.08315418293532711,0.0812153033692469,6.2748849707373235,-1.688522744699609,0.14097004660992019,0.41912050114295907,96.74522703667127
3838,2116,17,1,0.030621802903636718,0.0687283322372439,6.2934506300046085,-1.1671796367006924,0.05417672230900231,0.1731055528214352,66.87446711131606
3843,2117,3,1,0.04293563135889093,0.06398964283899575,6.369994394147517,1.1954234307741205,0.0761504484874628,0.2272976320144556,-68.49271729450547
3844,2118,10,2,3.7699136007496414,0.5328466550815879,9.255898272696017,-1.8076305561251391,5.646674970455361,11.42101002334138,103.55320982779398
3845,2119,7,1,0.049062599263190385,0.05817193117825651,6.181256384757606,0.619831803291496,0.07675661377233142,0.2748340509368003,-35.513746358720276
3846,2120,6,2,3.751674675287558,0.5342980346392083,9.210820653363124,1.6817561227835582,5.619435119346872,11.340960107686927,-96.37368252585017
3849,2121,21,1,0.03865818803926692,0.06828091669365395,6.245764278053994,-0.1733657811002841,0.0651343603173133,0.3757562071079312,9.933127567714596
3850,2122,15,1,0.035974838326465405,0.03762987784262596,6.326757865062354,0.877751832417556,0.06491226198630604,0.15653981931823374,-50.29147545592523
3852,2123,1,1,0.04183187962499057,0.04178871155353221,6.3155846825987405,-0.4488856498038217,0.07060956796954648,0.22897268843007643,25.719253231826407
3854,2124,19,1,0.050753165197951054,0.06412914266236917,6.272318540519539,0.485049505642556,0.08173925209382348,0.2599484228879953,-27.791289548042105
3859,2125,5,1,0.06735928314855352,0.05571503757613512,6.224493519003693,0.20873614012938274,0.10602762031166525,0.32116088845592633,-11.959699912325185
3860,2126,19,1,0.034823783610918424,0.04836136436090595,6.357564337664488,1.2360701287729523,0.059695760962324436,0.18349176850731486,-70.82160155216174
3862,2127,3,1,0.05317004430901573,0.04962055430305826,6.359548016834513,0.4597850219309679,0.08402138760149909,0.24177137999638565,-26.343741269117157
3863,2128,3,1,0.03710489368741392,0.06753218260173388,6.428907067652131,-0.5278803440249926,0.0650609212571558,0.2391003201400369,30.24531580676901
3865,2129,18,2,3.7644661996066673,0.5287826873194035,9.30520760481055,1.9563118443278602,5.6385393258717995,11.391860986840822,-112.07209128900048
3866,2130,19,1,0.04918541442214737,0.07473724214733748,6.294469112548285,2.6528215310302063,0.083888296956441,0.30113002499722263,-151.9954774955981
3869,2131,1,1,0.07689111756812214,0.05642404907867242,6.19991843724894,-0.8033856241853919,0.11294045133590816,0.38292875512539876,46.030605628890214
3871,2132,15,1,0.02712543712130133,0.05894744634420341,6.3001285923685195,1.2240133861719171,0.051957195832380086,0.19192958927521517,-70.13080109290557
3872,2133,21,1,0.053756020455302776,0.07496724557479875,6.30337161022959,-0.27429075997530583,0.08680763855447851,0.294224553411914,15.715702937426235
3873,2134,7,1,0.06500941741741743,0.04395613664323522,6.327452313087088,-0.07505471001345347,0.10076773823074961,0.3360212252066254,4.300318147227376
3874,2135,13,1,0.06667146669390606,0.08272507442013055,6.179370071740689,1.1601083234213918,0.11174886412245041,0.3494029250161174,-66.46931063937113
3877,2136,9,1,0.03790385100632283,0.048380823565831885,6.267097075072372,0.7242756659522088,0.06415123237487615,0.16343473991421584,-41.4979388640447
3878,2137,9,1,0.04597321921884765,0.049341558497095164,6.324562655070502,0.8656437758070649,0.07577637985404584,0.22323422152154387,-49.597734905802845
3879,2138,13,1,0.07421398976410296,0.06414217069630197,6.117930647825492,-2.7827853039143076,0.11947561791242788,0.4482571756706109,159.44185309570926
3881,2139,1,1,0.05530384716362966,0.051632399770344624,6.123874784686768,-1.0205089312916549,0.0840148971743798,0.3126678492035629,58.47085470092017
3882,2140,17,1,0.0738333301669035,0.058936105539380085,6.375514171699596,2.6814987953685905,0.11694666192296903,0.40033619147970284,-153.638563655115
3883,2141,21,1,0.05434999864505119,0.05255137843050452,6.291240303950761,-1.795905250205467,0.08700962464612609,0.26819620641376235,102.89779128061635
3884,2142,7,1,0.039159633165779195,0.05268112509661218,6.324535469618552,1.1975424920857523,0.06363576967022659,0.2582103040110598,-68.61413057728325
3885,2143,21,1,0.06561562988555898,0.07139233108462319,6.317474877162406,0.6980655939458476,0.10469649548030262,0.3128210178044301,-39.996212394754195
3886,2144,1,1,0.03671815372564993,0.03939897497358222,6.310959877010683,-0.7584109350159521,0.06891171283437435,0.19331096525400002,43.45374571291554
3887,2145,19,1,0.045749120848830954,0.06091169936239879,6.1413866255577,2.311413663516067,0.07437345565857395,0.2136837817088626,-132.43424762209676
3888,2146,17,1,0.05015710647661825,0.06826622569854299,6.239488754434735,-3.1120208996706054,0.08200195973565255,0.24808415231087705,178.30566328124226
3891,2147,12,2,3.7701263427391694,0.5305440934309777,9.27268572424553,2.0172420820838224,5.646992702446114,11.409487359468297,-115.59585231084604
3892,2148,9,1,0.0316442850588495,0.04490285386259012,6.261183916158762,-0.90553361431418,0.05866705451138642,0.20137455503647356,51.88325430586538
3893,2149,7,1,0.032038548857722095,0.05711483961824815,6.298289947003311,0.78924710833419,0.0536872572255715,0.19030008927539405,-45.22052830140289
3896,2150,17,1,0.07327297889220198,0.08747681061411275,6.315743599112881,-1.1104551850264945,0.12009658323151373,0.35002229835929966,63.624395348792675
3897,2151,21,1,0.03538668297403209,0.04956207328671153,6.1364994262705475,-2.6944995759585377,0.06332070016885792,0.18143697505093687,154.3834535994353
3898,2152,15,1,0.05106811162610867,0.05101202716238341,6.238784044163029,-1.9146161685742806,0.0833945578354842,0.2988067741328044,109.69942587762878
3900,2153,3,1,0.05922247347760383,0.07189074380839482,6.2880795467592066,-3.1015288145830273,0.09604858488621822,0.2863413498769099,177.7045110815878
3901,2154,21,1,0.06330738546393012,0.0488974808212885,6.0147200921343025,-2.572600816114062,0.10334523343285876,0.32509265889244804,147.39916906517257
3902,2155,5,1,0.08732226361756812,0.054672381141487245,6.24721183509036,0.39017838825220147,0.13569031121587896,0.41736488915554476,-22.355575061119705
3906,2156,20,2,3.7633096116553997,0.5317101562908562,9.30775657414569,2.044614073558648,5.636812206372322,11.381055843056274,-117.16406288079132
3908,2157,5,1,0.053095851294494976,0.05382415521006752,6.197121866957909,-1.1058797553348407,0.08554811658249198,0.23443956837608174,63.36224260213008
3909,2158,1,1,0.032048232900433175,0.0483753929265047,6.355651835898376,-0.8694414522239349,0.05228801466655472,0.14537146268024603,49.81532574425334
3910,2159,14,2,3.7822527028530883,0.5294391824234892,9.206024930857133,-0.5022397941840441,5.665102255784476,11.419776266955939,28.79277442875326
3911,2160,19,1,0.05428395268979754,0.046774519288416715,6.230534517787857,-1.032377034632797,0.08687742405117041,0.2544979857659076,59.150846922059664
3913,2161,14,2,3.768798952242772,0.5262356246753235,9.19581802153485,-2.6335423481513116,5.645010191857801,11.400484597114723,150.87448432404645
3915,2162,13,1,0.048190519335842126,0.06685564770197869,6.22761941389773,-1.7061436171427973,0.07553203206110454,0.2565235368424672,97.75482851571455
3920,2163,2,2,3.7756429809123775,0.5307521938110968,9.31707335915474,0.7388894765836885,5.655231586982085,11.437469343945805,-42.318781491724806
3922,2164,17,1,0.045643271191514345,0.06880249253436013,6.299351063372897,1.5882474452691802,0.06872575234476819,0.2898512156069683,-90.99987544677707
3923,2165,13,1,0.05089849952052023,0.07164463786581843,6.278083724682631,1.6127700523003876,0.08561159738103408,0.268312027742249,-92.40491735611933
3924,2166,5,1,0.05621458755980397,0.056755540413820936,6.213023497249662,-2.790244747819907,0.08913540394578473,0.3149453440249435,159.86924781394444
3926,2167,21,1,0.037737486976169625,0.05164782664287157,6.187786823339977,-2.60262701503588,0.0633217789379432,0.1940647199227523,149.11954360660576
3927,2168,15,1,0.05266623003882332,0.06261585669332967,6.301837311947483,-2.4424247295273065,0.08205790708695912,0.3220158212801669,139.9406287556019
3930,2169,13,1,0.061975513133396484,0.05593803333192723,6.18918082141986,1.1365544447493936,0.10531396007924414,0.2892537031694258,-65.11977281337838
3933,2170,19,1,0.07619127897996619,0.0593547501642157,6.226340987985509,-1.022200782418935,0.1214481479104854,0.36386142202352884,58.56779055277516
3936,2171,5,1,0.04919062227120694,0.057302494687587066,6.234315764968523,0.9161221306573246,0.07806833471098965,0.23754072400779472,-52.489931596288436
3938,2172,7,1,0.03828814451983019,0.06472825476999969,6.257336048850522,0.4984737392470838,0.06640500027514945,0.2736266091121824,-28.560441467947136
3942,2173,13,1,0.05552307711778759,0.056590541529626975,6.3117561542087435,-2.620724302634157,0.09496974331595275,0.2861168819436849,150.15644176344165
3943,2174,18,2,3.7859567277380246,0.5314768670316293,9.161678152834439,-2.6323623504423286,5.670633989974092,11.441661254776989,150.83985557362814
3945,2175,12,2,3.762640894838782,0.5295024287337031,9.276543401558602,-3.093281653303171,5.63581379235276,11.407320494594222,177.21568659174054
3946,2176,19,1,0.06670571887100228,0.0721391024461052,6.168632935024834,-3.1108813939699913,0.1171486987339148,0.3231395593165201,178.2403745123677
3947,2177,9,1,0.05653099926021407,0.0560771971442529,6.217510725854353,-0.03911032358840151,0.09916196145214201,0.24399347415680667,2.240856453792425
3948,2178,21,1,0.03549026117976584,0.04563863966729716,6.198781775342592,1.4709387128448703,0.050278180974667123,0.18165790835042656,-84.27858016909981
3952,2179,9,1,0.04450874256530455,0.06253067348750854,6.286205394516265,2.9147672286900033,0.0732563722184515,0.23007447016009996,-167.00386045025522
3953,2180,21,1,0.05542929038988965,0.048909759638466485,6.33204586144052,1.3272072908767583,0.0881803465345089,0.28320617770082207,-76.04337626583298
3954,2181,3,1,0.08501823495122256,0.06673096962496235,6.274321811007804,1.8004431242548566,0.1386284618873237,0.45658812829873274,-103.15779243818415
3955,2182,19,1,0.039542648206234224,0.054471768833138055,6.13186014108885,-2.6015820067448017,0.06187622938864876,0.18534690917886593,149.0596690398191
3956,2183,5,1,0.03975195851745229,0.03824405343622349,6.235022706788146,-2.1529109379267264,0.06302015115855364,0.19325801068749884,123.35271041050825
3957,2184,21,1,0.07576832261768507,0.07003459653272565,6.26891956215864,-2.6886894168661573,0.12095296297309556,0.36315759948167653,154.05055589255727
3959,2185,17,1,0.05984924441661966,0.06599833325245569,6.31140900578606,1.9564446482196558,0.0997649018352539,0.3019187096793115,-112.09602124920858
3960,2186,3,1,0.05778849982393654,0.06647983487368204,6.219418366126073,1.2484026159272117,0.09396442103197956,0.30394070839933457,-71.52820097626612
3963,2187,9,1,0.04511040340560478,0.04997625044613245,6.294878092310371,-0.010710468207683814,0.07103028633604064,0.2378003773933809,0.6136646348933867
3968,2188,19,1,0.053583410897154564,0.06430552281190609,6.242460472546423,1.1752542804995698,0.08773036502509267,0.303440547863898,-67.33711009893737
3970,2189,17,1,0.045646585984165294,0.047452458621120644,6.2312072249277835,2.3054774277623107,0.0797759071731265,0.19702143721689785,-132.09412636931427
3974,2190,1,1,0.060164480586625456,0.05626888170626886,6.285742415818022,2.721671957558176,0.09791495804963174,0.3538216225167601,-155.94031633429663
3975,2191,15,1,0.05283032642756675,0.053581451833750134,6.187886406591267,1.3141243130089868,0.080061202850081,0.25077085635920937,-75.29377686815238
3976,2192,16,2,3.7762146549997198,0.5286804767993175,9.291978612694168,-2.971489053875603,5.656085107974307,11.416681798976908,170.23730712376965
3977,2193,19,1,0.03662184138057573,0.06555526482924402,6.345543537591194,1.7208509352105053,0.05636185362972195,0.2122191716789835,-98.59749576059113
3979,2194,7,1,0.05339107017666823,0.06836685331760213,6.2811450396338735,0.7722458586554581,0.08804094162808712,0.28798965718576325,-44.24642847466526
3980,2195,7,1,0.03682369219757948,0.06493024744834826,6.3334476848723265,0.2962505961074396,0.06312868251100555,0.3232035273049197,-16.973908839742702
3981,2196,5,1,0.07298040495229843,0.07254881367217617,6.286934238134111,-1.4955110964652247,0.11936063875788215,0.40421168982878486,85.6864739599235
3982,2197,10,2,3.768057822917794,0.5288725300922388,9.170765777088825,-2.4280076604263288,5.643903456008294,11.408903240140978,139.13095927822317
3983,2198,1,1,0.06157202565168655,0.055386917646368446,6.250007546518827,-2.769174555637348,0.0957589024983851,0.29831940299482823,158.66201471792442
3984,2199,7,1,0.05203744700994056,0.04787792537465479,6.201354398741741,3.0157557997597784,0.08388991626056565,0.2814970428710005,-172.7900793496059
3985,2200,15,1,0.05168528294854093,0.054826787252798825,6.28479892081402,1.3445753747141078,0.08478837061374128,0.27327957100092076,-77.03849417660993
3986,2201,10,2,3.768623835118754,0.5327550377227733,9.289523185238156,2.3179895204931897,5.644748588785532,11.395065352138909,-132.82739158270147
3991,2202,18,2,3.776210061758311,0.5369494179378687,9.145785463603769,-0.9585370683498994,5.656078477653491,11.430729263179485,54.936603007082184
3992,2203,7,1,0.04665534337073632,0.060694266295350865,6.239007472387109,1.2762642395534807,0.07768780416642149,0.3053223731798061,-73.12455444241652
3993,2204,13,1,0.04372427218152283,0.07179977886564737,6.36956798514704,1.6093194280523977,0.07097438901178205,0.31431135748213695,-92.20721110690282
3996,2205,9,1,0.030259086481204,0.043154326475765205,6.338470801774481,0.451858029397505,0.05311864417370569,0.178175719917457,-25.889558023439992
3999,2206,3,1,0.06309969657952709,0.06437913859465197,6.224488565244058,-0.26062303085757055,0.10403845996801969,0.38915991512817405,14.932599782265427
4000,2207,13,1,0.03202897634566338,0.059069741348323025,6.296981873487221,1.5384879424917601,0.051039360230927956,0.2679215051696824,-88.14886593281625
4001,2208,13,1,0.057070573804803,0.07655292264292211,6.182201947360546,1.3237503496532974,0.09816636498552941,0.2734203039760762,-75.84530813962006
4009,2209,21,1,0.05127498742927406,0.06609617225618145,6.285090468939064,-0.04600150008382794,0.07232839229236564,0.25415818940596047,2.635691803182549
4010,2210,7,1,0.06610701381119215,0.06721367017544137,6.245458378199354,1.8876396800605366,0.10772785557433522,0.35851600281364615,-108.1537869846041
4012,2211,21,1,0.061441878104133985,0.05445154446339076,6.254006734041287,-2.261351719700001,0.09688573437374293,0.3031246892772341,129.565909548022
4013,2212,5,1,0.07531643415877262,0.08770545214669258,6.212405161739404,0.15349861955399915,0.13046480760236223,0.3597317403396121,-8.79482318079934
4014,2213,13,1,0.05915916193477164,0.06722228130300012,6.137084820043819,-0.14388311291959477,0.09356549829340864,0.31403496168791667,8.243895113356277
4015,2214,3,1,0.08722291505324205,0.06783561422087268,6.173548372825286,0.9609047349973842,0.12574730006260934,0.42104567020884537,-55.05578580286798
4017,2215,13,1,0.05914973311975022,0.06060417919507183,6.0948247841618155,-0.5803421572464229,0.09637251688087385,0.2831864876968318,33.25115633369708
4018,2216,5,1,0.07043091011722705,0.04999605118495389,6.237426449119905,1.5343431936516205,0.11380245424009042,0.306405952476667,-87.91138927586209
4019,2217,3,1,0.05106433586934289,0.050221902314043054,6.222976901422041,-1.0921396745075787,0.08467957368297993,0.24282463668201776,62.57499397099159
4022,2218,13,1,0.04988283803651531,0.0697804676758941,6.358277056988444,-0.21440761143206136,0.07930526974803516,0.24253923524013363,12.28465124439556
4023,2219,13,1,0.06608780103972514,0.06452082227357532,6.19731620179082,2.293576541908512,0.09995614803267894,0.36493109076912195,-131.4122558078412
4025,2220,9,1,0.0879238539873539,0.084635608507241,6.300878257458041,-2.790384976964608,0.1550349993506514,0.419611659065827,159.87728224726635
4028,2221,10,2,3.788593799621544,0.5367089333016006,9.291617039341114,0.7740014225277616,5.674572463455168,11.470109553708198,-44.33037727494478
4029,2222,3,1,0.06240859345124839,0.04350346506117296,6.224912230075682,-2.218973588431804,0.10159638909989709,0.246613226629891,127.13782149662634
4030,2223,7,1,0.03480748897250874,0.05661667529903185,6.236104190271721,1.1753397759738056,0.05627995982530963,0.18766508418253156,-67.34200865008351
4031,2224,13,1,0.06433362279367495,0.053882859202286484,6.23484586218732,-0.9400629665886054,0.10263028495238613,0.3249835263674762,53.861640404713924
4032,2225,9,1,0.05580482327338518,0.06814734143609542,6.249025566204134,2.917599375461181,0.0934376934572648,0.34708501237887557,-167.16613047657012
4035,2226,19,1,0.035496966676323766,0.04706905885617898,6.277331851775774,-2.259704847609433,0.06162416553850636,0.14611185616163958,129.4715507190794
4038,2227,5,1,0.033216312201319105,0.07168928761178531,6.299958352787991,2.621372676601373,0.06222955835636366,0.21023475705674033,-150.19359089622276
4039,2228,7,1,0.05696280920324292,0.06561770322451739,6.178375960764702,-1.5729903552109887,0.0888563976689644,0.2916416671749762,90.12570858859235
4040,2229,19,1,0.04242253190808634,0.06356140050227807,6.37515322861882,-3.135889869294819,0.06530191983481658,0.24293722092040748,179.6732545238164
4044,2230,13,1,0.05551649139692478,0.06974516296180579,6.312195615143408,-2.9301153294731446,0.09163117006384955,0.3292782567455948,167.88324183400775
4045,2231,13,1,0.06616897680951699,0.05134376362066258,6.148316363574977,-0.17640215344853089,0.10353434386244798,0.2915089440276995,10.107098955773758
4047,2232,15,1,0.042767998809177143,0.053928268267312764,6.327183263450763,-0.3802817586383711,0.0674215957443067,0.22136324561969703,21.788539811179888
4048,2233,18,2,3.755635572843709,0.5234000185821808,8.820840122837149,1.0651776533721047,5.625351125726185,11.385216157569468,-61.04638986094555
4049,2234,2,2,3.781348779142951,0.5351047682177097,9.439132922070186,0.07695727372832718,5.663752342005858,11.431369642966263,-4.425869002755705
4051,2235,13,1,0.07348283582475094,0.07143050354747683,6.3791893015279735,-0.9019629104577844,0.11738338933312442,0.44939258091598905,51.6786679677878
4053,2236,15,1,0.051776915103102,0.0666235824089237,6.132035219820707,-0.9179865832988807,0.08370661881465023,0.25909261455110144,52.59675684377022
4054,2237,17,1,0.060287686222721765,0.052411679979021984,6.276852342183275,2.388168606656108,0.09124273712168664,0.269389670644722,-136.83198191401402
4060,2238,9,1,0.04804049635968611,0.036929024735678724,6.2636080974934965,-0.8129532066493491,0.07963481970984598,0.17372559718003583,46.57878768242814
4061,2239,19,1,0.042162054748415764,0.04953741990540367,6.160272930533319,-0.8902853671015112,0.0636455276955291,0.2411270088427956,51.00959409585177
4062,2240,3,1,0.05280477879715317,0.07212153561959342,6.245126055153545,-2.746978377568329,0.0838991139492277,0.2390118745658921,157.3902674230684
4063,2241,17,1,0.061208682209931364,0.06184748709151354,6.219283945218118,1.8040080749461875,0.09635004656769054,0.3121342939657908,-103.3620489448041
4064,2242,13,1,0.04625318603475242,0.04424383943621676,6.24112963455899,-0.5710735608546484,0.07451637102700905,0.236590498225558,32.7201048448145
4065,2243,15,1,0.0613606033877031,0.08177101705300435,6.242546927393686,1.3032763922680022,0.09962473052459113,0.4050209789094689,-74.67223676335698
4068,2244,17,1,0.02705911555440224,0.059682968926857316,6.353526322010338,2.419033297618541,0.04802576421246193,0.15645625741315208,-138.60039845436623
4070,2245,6,2,3.783862151751071,0.5363247502294973,9.389197342780571,1.6773839617135056,5.667506250777105,11.463216622902722,-96.09044651683108
4071,2246,17,1,0.035239468905158736,0.042326716837770756,6.263596510386867,-1.0254793866565781,0.06545131582027043,0.25655240218527553,58.75564082954793
4072,2247,9,1,0.06329928821042768,0.047570261853322,6.287323583236944,1.7640742041257218,0.09460797729165328,0.3064584964178533,-101.07400667226516
4073,2248,5,1,0.05531253978931429,0.05329242563153298,6.128953075851111,2.2427735867205016,0.09114914881060973,0.25246924334922743,-128.50146095900107
4079,2249,3,1,0.051135426510493534,0.056756319532831945,6.338235100484112,1.1430539656858143,0.08373606778528256,0.2770425166576775,-65.49216795949998
4083,2250,14,2,3.772140743764749,0.5296344497703528,9.271263219601316,1.1114576013359398,5.650000964189446,11.413621695422512,-63.698250781861915
4084,2251,18,2,3.750329572438164,0.5330803854790733,9.208033398500586,-0.40953064328764166,5.617426413394055,11.352743828716557,23.448240344054287
4085,2252,3,1,0.0493043446103904,0.06397879484797667,6.336938858886348,0.11941131536221497,0.0842865622309177,0.25381055364149313,-6.841764413207554
4089,2253,7,1,0.05430676476316993,0.06903496849430539,6.224935163217972,-1.3256292333228015,0.08725001391376169,0.2722373516545034,75.95296027810967
4090,2254,8,2,3.7883410170086123,0.5373992124747115,9.337510124460884,2.5731171430731603,5.674195115384966,11.47238582448373,-147.44538672519965
4093,2255,1,1,0.04046505143732295,0.0555219387797835,6.215555060932048,-2.6370708032955616,0.0680016811818772,0.2448745904547054,151.09302728853825
4094,2256,9,1,0.06998752222413111,0.07852478615834786,6.2198229624663295,-1.6146874707476684,0.12765670791132136,0.34806542399882723,92.51477725334068
4095,2257,3,1,0.03624724713539452,0.06790150484121278,6.404010863510893,2.5430217572100755,0.06588275089450019,0.241403278347399,-145.7044138932279
4097,2258,9,1,0.06780417452577737,0.06349171948534861,6.274532092718737,-1.5101170888659585,0.10920217183629266,0.3120218888167764,86.52333570184516
4098,2259,9,1,0.04594671041073819,0.06387681735987696,6.296003852225329,-0.6626984377872668,0.07600020486899393,0.25648583686485427,37.96982358749008
4100,2260,5,1,0.03390190280778604,0.05160842184479194,6.260675342727357,1.0016358581981009,0.060450186719960095,0.2593094327148075,-57.38950727703315
4101,2261,9,1,0.04863006726004455,0.04679116741225118,6.222758310544668,-0.5777984515194885,0.07968133338960376,0.25146124099311984,33.10541268688572
4102,2262,17,1,0.053485948873354956,0.05141729155406603,6.217955887458964,1.565332926023862,0.07901656288339902,0.2638720116457807,-89.68697018537695
4103,2263,5,1,0.04902748326802869,0.04757118088545718,6.328109349324995,0.12277661164161874,0.07047363949503475,0.23177602740654196,-7.0345816785698485
4104,2264,1,1,0.05002508938424712,0.05779205916946302,6.2922256582766325,-0.9613585158487177,0.0815671129101647,0.2434141657653369,55.081785541345816
4107,2265,19,1,0.03679728692776081,0.06252049135531972,6.144583472360325,2.397330116042518,0.06082453387934352,0.17469747504778682,-137.35689775330403
4110,2266,17,1,0.03173651317996838,0.0489672279874606,6.436230685670276,-2.6332086018445806,0.058566040387519676,0.1758219342594438,150.87173945789658
4111,2267,7,1,0.03524879617752396,0.05057839601034003,6.4742948962182165,0.33182452609663793,0.05701079808013409,0.19378764417503938,-19.012144891057027
4115,2268,15,1,0.05675113068305452,0.05663500654116303,6.176394719438281,2.068742168935133,0.09031795759891277,0.28824339588677744,-118.53019522000479
4116,2269,4,2,3.765492491667391,0.5281682226339284,9.282923159805945,-3.127792220183858,5.6400722708115705,11.398834948406545,179.22562759291694
4117,2270,3,1,0.02847022445317003,0.03895520331750463,6.387547402591579,1.1464038921945372,0.04893814867250992,0.1824735643522503,-65.68410463711189
4118,2271,7,1,0.041960450122674915,0.05110893554856135,6.339220267506376,-3.082722522272945,0.06659177094856088,0.22298774902168686,176.62698992458726
4119,2272,19,1,0.07242255256766125,0.07228081838276942,6.166820556546588,-1.5970610527951292,0.11889150592642703,0.29635832665374934,91.50485790287145
4120,2273,21,1,0.08342347276676326,0.05851680297748908,6.173671910126634,0.297241717638916,0.13553799956040935,0.4045217725049132,-17.03069604550071
4121,2274,7,1,0.04060768942585361,0.0505317546145869,6.26707089416471,-1.8458825808311592,0.06122660661708281,0.21000251532591938,105.7612813700227
4123,2275,4,2,3.7624724599543815,0.5300488601462171,9.030894528007156,-0.1591902714022763,5.63556163364313,11.367049519488353,9.104635883139895
4126,2276,3,1,0.04853245278882753,0.04481189564913545,6.237513525206646,1.2463494802282484,0.07927808204547948,0.32115258659074913,-71.41056498770148
4127,2277,9,1,0.036870238580793295,0.04888614283152971,6.258223762566937,-0.07707890793745273,0.05471576260099988,0.20658130258723947,4.416296114675881
4128,2278,7,1,0.04086355298385315,0.055494850357834,6.264782042230514,-0.34965768452990764,0.06767447603396023,0.21209545120724732,20.033909608337588
4130,2279,14,2,3.763915596272165,0.5305347293037658,9.010918660527016,2.6079391810043324,5.637716875749801,11.373306725262442,-149.40759467134123
4132,2280,1,1,0.05118885260223209,0.05098101447829176,6.2363151559114804,-1.7201830152039403,0.08049874152003296,0.28168438168502186,98.55922678567265
4133,2281,15,1,0.057944819359442894,0.047507028042257135,6.265806699541013,1.7417826894711639,0.08656450508456215,0.27507339803898023,-99.79679696950457
4135,2282,3,1,0.03973342731858341,0.05610816261221351,6.3101618842308165,-3.0188797422258613,0.05744857191941751,0.24351829707039996,172.96906808307492
4136,2283,15,1,0.032293175833787185,0.07733785783707847,6.202663015584187,1.9692877391027717,0.05464864021368227,0.19344800752297484,-112.83187610234623
4138,2284,15,1,0.022781816645050797,0.06958394937700717,6.19460686474854,-0.11600361219329672,0.03797671220581871,0.16564139858323287,6.6465173869324055
4139,2285,15,1,0.03881629699132783,0.062113750236205474,6.243561216919722,2.8890796405249914,0.05482841117693356,0.20626082281499972,-165.53207007318318
4140,2286,17,1,0.05156468932993863,0.06602507919537381,6.212321297630728,-3.0510653380642387,0.08088108239658125,0.24731806808640414,174.81316689669958
4143,2287,15,1,0.06380689392190508,0.06537403108364762,6.250534202229904,-3.0150722384224267,0.11213468088539327,0.4104871515467814,172.75091411764652
4145,2288,1,1,0.04385275201551683,0.03973514233072626,6.13664401804646,-1.80266348389357,0.06317023486992893,0.2590249447435836,103.28500950580545
4146,2289,3,1,0.0607309415245688,0.06931656540275849,6.316792065306678,0.43512867734354765,0.09791682572639632,0.36445191330025045,-24.93103680490501
4148,2290,13,1,0.04706964223057396,0.04164566219307808,6.072511367244926,2.0422529767777147,0.0756317761259415,0.20935277814605543,-117.01247629248614
4149,2291,15,1,0.058791160685710206,0.04245847046884061,6.1898229888063705,0.7858402873810086,0.09194065602048473,0.26867095633101773,-45.025331846411994
4150,2292,3,1,0.03535463002673957,0.0447857301933744,6.257891539407975,0.6613042604117872,0.05725384933031931,0.17010370695787044,-37.889943099334886
4154,2293,14,2,3.769092350311537,0.5295293464595809,9.160962762549984,-2.461257746971912,5.645448421867282,11.413776670127932,141.0360624272991
4155,2294,9,1,0.030830427499798325,0.04991249864098005,6.166394318036185,-0.8590586683540393,0.056040560528373945,0.2361551551846294,49.220436054798206
4157,2295,3,1,0.06031270783129036,0.05020863180416471,6.260988134297192,2.5516922936238995,0.09458336613458705,0.29517327302726554,-146.201199002807
4158,2296,19,1,0.04322143496477434,0.06598779968617187,6.338626573985689,-2.5285158317251666,0.07334451957008102,0.2611049724352796,144.87328558797867
4159,2297,13,1,0.03665698229953947,0.056656632689987343,6.3262038127592115,-0.5021610829744597,0.06150010185146845,0.15821207864455167,28.771710696548332
4161,2298,5,1,0.05672647962285794,0.06509845908500637,6.300733101655697,0.97614257054614,0.09221659913818321,0.31409916605628196,-55.92884946530915
4162,2299,1,1,0.06833601413008882,0.05537383209227402,6.17685690026127,-1.5357804499116807,0.09981684803057647,0.31019599408553467,87.99373801198732
4164,2300,16,2,3.7730038377340893,0.531220797761802,9.17880820745301,-0.362176649790685,5.651290233418861,11.436337639538586,20.767625896340846
4165,2301,5,1,0.044883402656937355,0.037802522728890335,6.319601047582376,1.04114758163423,0.07803157998637349,0.17944082194035324,-59.653362268043864
4172,2302,15,1,0.04872698835556699,0.04105293293651701,6.244603146247917,-0.4492322878569819,0.07712466980834388,0.23641314212224634,25.739114136395052
4173,2303,13,1,0.039461644750616136,0.05814872103550335,6.415631409727564,1.0918893471051165,0.06262344427761844,0.20414483413322437,-62.56065127661375
4176,2304,13,1,0.0670086422114999,0.06793368439428775,6.374039071858032,1.5139158693158687,0.1107888192093897,0.2941321920332633,-86.74098983451495
4178,2305,3,1,0.052833975354474386,0.05917176896026556,6.2651439131523,2.1333269271274196,0.08311522792452751,0.29206688693740035,-122.23062927520063
4179,2306,17,1,0.06585522636082321,0.06251112492261114,6.341101572915114,-0.6640860095368153,0.10586150731959561,0.37016835688329053,38.04932562913204
4187,2307,3,1,0.043070704133112155,0.05091581833668646,6.215372916490183,1.7651467981391258,0.06466749470749639,0.2372004652211912,-101.13546176051139
4191,2308,13,1,0.06064360747802122,0.08210355609518809,6.131446852135148,1.2291831461407743,0.09790533746545681,0.3548233573237826,-70.42700648118179
4192,2309,15,1,0.06452467427867935,0.06154456104136067,6.352486418925242,-0.8485828576429226,0.09891042925960081,0.3123451475610622,48.62021627334352
4195,2310,5,1,0.07420388887344812,0.07132398385561083,6.252975791949015,-1.1930061258225497,0.1242733283039343,0.42079475605854255,68.3542158424693
4197,2311,21,1,0.03476566882331495,0.05918954997232444,6.31578818005774,1.6870373457120533,0.05160568509057912,0.20602794245429407,-96.66011979306852
4198,2312,9,1,0.030538963844036718,0.05828408781214357,6.381362723967229,-0.1702366330595913,0.04662617054009209,0.1796713171312275,9.753840594208953
4201,2313,21,1,0.04843689197175179,0.043724390042588414,6.181140550580735,0.22675183478463534,0.0707812331829828,0.24445517757463037,-12.99192314430905
4204,2314,2,2,3.7823335365107926,0.5397501454263973,9.554293310477028,0.022161459106223188,5.665223375840338,11.442932371618527,-1.2863130485508392
4205,2315,3,1,0.03796062685983431,0.0798577752702645,6.154861970744637,-2.164312071692008,0.06291379575250941,0.19980021213924246,124.00594726262158
4206,2316,7,1,0.0314185933379637,0.04910964406615757,6.282536936859768,1.7636859832688825,0.045811847039544204,0.17595832558190583,-101.05176322852313
4207,2317,15,1,0.04403035284904628,0.06397766723424951,6.213380184001273,3.1064699248926173,0.07078541810626848,0.3400976723382745,-177.98761589071802
4210,2318,3,1,0.030396862827642743,0.07008604005771682,6.270229196047844,-1.268073149232688,0.05297208335214474,0.1954788329410208,72.65523956037609
4212,2319,19,1,0.05048246842863955,0.05735773610365571,6.257855610299027,2.1454182641950363,0.07683853181648861,0.2868575122197281,-122.92341182236537
4213,2320,3,1,0.08051027854871298,0.06546923572080082,6.239287281700846,1.185070329931108,0.13036041485931057,0.4231167937168528,-67.89952818416715
4214,2321,15,1,0.05410165442166015,0.05795951958621246,6.437346525897642,2.047792758964918,0.08764202458027531,0.33453538658904064,-117.32988244683281
4215,2322,7,1,0.050676024921666334,0.06983226947006449,6.150465107950413,-0.34609420995249573,0.08155502844139866,0.31385385214815353,19.829737571084106
4216,2323,3,1,0.028695482718250422,0.05732854399289305,6.246477395653207,-0.9763308795447988,0.05040323555995002,0.15926337175244412,55.939638803899804
4217,2324,1,1,0.04993191976340163,0.06400720829051354,6.413205376309728,2.4400475371147343,0.07990851588018771,0.2946633161202892,-139.80442568678632
4218,2325,17,1,0.07422385340045363,0.06872315219883177,6.233650580115626,-0.8421099793666614,0.10777231948965038,0.4201469331248447,48.24934770303956
4219,2326,9,1,0.0649759961140049,0.06288819408350374,6.296377291863107,-0.3703783964386778,0.10601272237183114,0.3326720013861473,21.22111900869345
4220,2327,17,1,0.04331689269200645,0.06013536066762204,6.197067765329591,-1.6862563190909836,0.06893272508663882,0.24349779133734364,96.61537025385802
4222,2328,5,1,0.04257145470107361,0.03727258654701253,6.252233501955763,-1.7109467176750204,0.06359324012325246,0.27833620283009736,98.03002588401192
4223,2329,7,1,0.06978193079347489,0.07136326608536091,6.206962698800095,-2.7387440333412574,0.11754210991122784,0.32945915520430336,156.91847418258172
4226,2330,19,1,0.06606965889389652,0.06926609768332681,6.100493204993783,-0.7963129761736598,0.10234113340151141,0.3483983469077413,45.625372737302804
4230,2331,5,1,0.10058797320085093,0.09474311032497207,6.2553529943396775,-0.8243202867874824,0.14479332341050224,0.5471900317407397,47.23007332948903
4233,2332,3,1,0.04184499545061086,0.0487352457963655,6.2890823888421465,-2.243998031799687,0.06840482853729316,0.21913322599921686,128.57161647152603
4235,2333,19,1,0.058198022853951835,0.05537740121205829,6.238374874473018,0.24893309643429734,0.09254464109412992,0.31423094999821305,-14.262815856947283
4237,2334,3,1,0.07174861440641,0.04425110381977378,6.1581335807583,-1.9210052920354599,0.11351243159343877,0.32621408942209285,110.06549574883584
4239,2335,9,1,0.0705401582856659,0.07345532977011793,6.045908742720408,-2.7092799701063393,0.1169361599132481,0.3539238628497221,155.23030770904876
4241,2336,21,1,0.04936844738618191,0.06667128700665097,6.364733806070903,-0.7208069164777566,0.0768678263630354,0.3135332651176166,41.299194156779045
4242,2337,19,1,0.057054571756168806,0.05697714411471273,6.203170452317772,3.00812425721444,0.08742035450830964,0.2508711946718221,-172.3528241826816
4244,2338,17,1,0.07219871933979224,0.047681386576357065,6.204695996274827,1.1289634109961726,0.113290406411568,0.31291103240687784,-64.68483859644158
4247,2339,14,2,3.7858894240064282,0.5395804128616241,9.321449859896168,0.4591511950069229,5.67053403339004,11.476533532059273,-26.32402748214484
4248,2340,19,1,0.06899397125611301,0.06852527268026094,6.218966608080304,0.6753575780058775,0.11335609891352172,0.33725491896664467,-38.695138957414535
4249,2341,16,2,3.7752869922788337,0.5306177297880463,9.203936242949565,-2.3821597656897717,5.654699725145087,11.418020670202498,136.50416306631524
4250,2342,5,1,0.08552962865289138,0.0602816467880712,6.215849836176017,0.3082911361901668,0.13838464268257114,0.4271465254124734,-17.663781135628124
4251,2343,9,1,0.054218204416232575,0.05035412481499701,6.27474576065212,-0.6303045022130574,0.08538136311404934,0.3057243987750838,36.11378781298503
4258,2344,15,1,0.07144525643175521,0.05777400797847548,6.160292116125146,-2.46249830671466,0.10695341652840425,0.3500849724477034,141.0907600678565
4259,2345,20,2,3.7593357295223844,0.527948776329846,9.007245703352892,1.450963261433789,5.630877248830937,11.383755221559696,-83.15032507467161
4262,2346,7,1,0.05604977067035564,0.07105587752400655,6.23088562044721,-2.4067325906265253,0.08834256192004139,0.3517898111168395,137.89561984265512
4269,2347,17,1,0.07559835576270482,0.07174555835334862,6.229481511803266,2.3269426829883644,0.11247117408122155,0.436358422835279,-133.32399494657454
4270,2348,19,1,0.06255995710532262,0.07347624845158017,6.1256616582338435,2.2692577229667847,0.09183391599325996,0.27653354599273233,-130.0188901410241
4272,2349,21,1,0.04404650960051346,0.08187374165062011,6.303186095828054,0.6024372514833322,0.07840624115046538,0.3098626048860582,-34.51711194191176
4275,2350,5,1,0.068869208333575,0.062023558744461395,6.217765895206495,0.4932904958998646,0.11114824194944856,0.2732161835258668,-28.263463513457232
4276,2351,15,1,0.06222340146685666,0.06478601027221804,6.3143209143752985,-0.5962998598486327,0.10068926053829287,0.4027857331139943,34.16546535063774
4278,2352,7,1,0.04394918859930279,0.0517817801302146,6.281273129054951,-2.9767267198798875,0.07253644052446925,0.27422493138739235,170.55387779219046
4280,2353,21,1,0.0659842132931123,0.09685547272478331,6.342768837114914,0.6373828609175725,0.10960001237766112,0.4294031930758945,-36.51934792435016
4281,2354,7,1,0.03996337751376169,0.06988823820128881,6.246333281295112,1.2905458302849413,0.059179176082005146,0.2631805870800404,-73.94282934243809
4282,2355,3,1,0.07657307518777164,0.08101861263259426,6.154358815764007,2.0227179784311153,0.13689050495472235,0.43536036020557517,-115.89320344034468
4283,2356,15,1,0.07442532578390491,0.0682441076150271,6.26609843153102,-1.225932743419543,0.1188070803513452,0.36256034388429315,70.24077206822076
4284,2357,2,2,3.79098412113681,0.5462840688295476,9.311715436485503,-1.5522490997594258,5.678141940845271,11.466640732604647,88.92065301016358
4287,2358,15,1,0.07620550400045321,0.05520377578797334,6.284028565542989,-0.4233088724976562,0.12333017999531976,0.3860540761536103,24.2538119331842
4288,2359,13,1,0.04765232903407597,0.061152953657004495,6.161704638720791,0.8253715222367385,0.08022085513472366,0.21629780575470098,-47.290304754247025
4290,2360,15,1,0.06468359522672233,0.06274181699324015,6.161849155597586,1.3902591448573294,0.10538785528756608,0.3379548935801639,-79.65598135962473
4292,2361,3,1,0.035834420503414614,0.04438729974755997,6.330267670146345,1.5051304802176153,0.05605997391115147,0.263015545826576,-86.23762412978871
4293,2362,9,1,0.0391897807522093,0.056114090305764856,6.122784766729765,-0.9491981900663986,0.06230725730921323,0.2077262180059901,54.385050217074216
4294,2363,17,1,0.043068205333376075,0.04820823934905348,6.226898370951509,-1.396249612690507,0.06300609293517691,0.2700720793044982,79.99920994794188
4295,2364,5,1,0.03414287607109965,0.04749352375327599,6.325130632628799,-2.9727292679585484,0.059033407709625695,0.28631920591117804,170.3248406814903
4299,2365,1,1,0.03481236591275328,0.06744102026491837,6.099751962666792,-3.074210292289189,0.05570137016343924,0.21258601315297637,176.13927508735262
4300,2366,3,1,0.04496960974151331,0.06068554683625341,6.272529570610237,-0.3973142949202378,0.07571118787273245,0.24391542625128582,22.764432259325677
4301,2367,6,2,3.7854275250743967,0.5331875576838524,9.329495443224545,3.093742485902988,5.669844019568193,11.477114188341405,-177.24179159508878
4304,2368,21,1,0.04432780816707977,0.046600310888833124,6.133460208399493,-0.6794667335940975,0.07214621992250216,0.18684877895522503,38.930576158221385
4305,2369,17,1,0.04772360059478548,0.044277324604254896,6.2345550403431735,1.5901914489052382,0.06818456846871135,0.24225060359220882,-91.1112586367051
4306,2370,3,1,0.07138290069872043,0.0745240440245657,6.302620704349334,1.5136481123134427,0.10843240271968509,0.35900186383289795,-86.72564851321259
4307,2371,7,1,0.053149021862929094,0.06026907244805597,6.078937047238262,2.8494249338018025,0.08951713536442364,0.25505129168486085,-163.26002272425535
4309,2372,19,1,0.03822732958071968,0.0591188183385047,6.418809173211696,1.2787373735975638,0.06359013907862894,0.2317541139639434,-73.2662546078369
4310,2373,12,2,3.7672965858513834,0.5343004091118481,9.24806955953449,1.1607979918329403,5.642766363225192,11.390363432396473,-66.52518355086082
4311,2374,13,1,0.06234231710194454,0.06994850938507259,6.321143189081581,2.7154788858729155,0.1010259408161429,0.3156021830969195,-155.5854794770519
4312,2375,19,1,0.043043453382069795,0.0773869263062042,6.189454525841388,2.7399729054789708,0.07613772444736057,0.2558751256679227,-156.98888344515782
4313,2376,17,1,0.04211127505152582,0.04969536987291036,6.227387850796146,-2.285207377368434,0.06956698195923798,0.20988504062106772,130.9327380385628
4315,2377,3,1,0.04470786575471326,0.0658878241635023,6.241643700557758,2.336317344815951,0.07443472423428854,0.2421486509903397,-133.8611234728066
4316,2378,17,1,0.06331126413052032,0.06539381361490744,6.264776128795236,0.4371799209186044,0.10607151362687153,0.3699361336701264,-25.04856442381176
4317,2379,20,2,3.777376436014087,0.5307388109468368,9.298034977022152,2.6423924801143364,5.65782021048912,11.423986226839183,-151.4144267178216
4318,2380,13,1,0.06596488556498376,0.07000300421263017,6.212850313276894,-0.8195510790819713,0.10684114731878198,0.3696294613061547,46.95681785311751
4321,2381,1,1,0.05931371392504377,0.05532897769745711,6.143190336852965,0.01990916796086994,0.09365627725163427,0.265264825725273,-1.1407112659874903
4324,2382,19,1,0.03925649041255538,0.07690001708973028,6.140807344449635,-1.8039723818171396,0.058463843505561185,0.21254294378914526,103.36000384372515
4325,2383,7,1,0.043671381772804024,0.06265545249811226,6.281346160371274,-2.4466457193062916,0.07692917642379293,0.2551784536868139,140.18247368451026
4326,2384,9,1,0.04881070133361747,0.05164070332396704,6.303421368379943,0.705739980063105,0.08045001198597122,0.273492560694603,-40.43592230106252
4327,2385,12,2,3.7805710441049505,0.5334147513630347,9.216537807427787,-2.1766778183705693,5.662591338015222,11.455871683096007,124.73098414443527
4329,2386,1,1,0.05169602502278376,0.06944479964395821,6.309822010759558,-0.7706927153507773,0.0828169487429291,0.2737474893927851,44.15743989854916
4332,2387,6,2,3.7586039491194763,0.5238816691635835,9.086406222615471,-2.1113456944294517,5.6297842920926815,11.385706039141976,120.9874418532031
4333,2388,18,2,3.773486728351467,0.5301394377160387,9.161956208705588,2.253347959860696,5.652011253426007,11.42662179042417,-129.09088911473478
4335,2389,21,1,0.05524938345944923,0.07291138320527878,6.19910807247862,-1.7678603000113493,0.0884417190822753,0.27489414572582377,101.2909339760302
4336,2390,8,2,3.7906877944264186,0.5403877752143822,9.234672912771735,3.0824356617798854,5.67769942267274,11.463731406592474,-176.59388880242022
4337,2391,3,1,0.03728539764506025,0.057144728482233065,6.33149440588241,-2.3413154144072092,0.06553646978068509,0.19782845386029285,134.1474917515017
4341,2392,16,2,3.776935387153998,0.5267757172714231,9.095952142733667,1.4319494576986842,5.6571617987948635,11.440134341661656,-82.06114438812384
4342,2393,15,1,0.0445790300442431,0.08654107063342531,6.3843537314839125,-2.3908057169580883,0.07449874497718242,0.22880976902981146,136.98307721115242
4344,2394,3,1,0.06497267188900745,0.05802166853151345,6.437496593066492,1.2065456960686982,0.10812565006536344,0.3262344675332806,-69.12997611610902
4345,2395,21,1,0.030553406346181408,0.0663518770608172,6.262038383866627,1.0963728727644215,0.05405761081332132,0.20151106926372342,-62.81753837717795
4347,2396,3,1,0.03239757414663011,0.04228692880472802,6.271289495724809,-1.977481959349442,0.05714033564491255,0.18372047240506778,113.30137033975393
4348,2397,17,1,0.038682775824057034,0.05985101931692663,6.355158161281287,1.1258817166838087,0.06568164872669212,0.2155656143496772,-64.5082705884394
4350,2398,5,1,0.07123934378542413,0.09865272981354715,6.197479075747282,2.526606895741814,0.11631224816811855,0.43320778551376005,-144.76391162465072
4351,2399,9,1,0.03862167053865447,0.063479703115103,6.452299199606208,-0.6658123423676946,0.06647167238313287,0.20460835836458624,38.148237167726414
4352,2400,13,1,0.04310133556916237,0.06014762142842569,6.237078265084484,-0.010216272583469292,0.06389086563757276,0.24003746772075296,0.5853492895079184
4353,2401,14,2,3.769270495387718,0.5315856749198326,9.23129782320113,-1.4327000116714528,5.64571464419901,11.423041907065205,82.07128043295323
4354,2402,19,1,0.06386390382949114,0.06408374189302077,6.3183455748306665,-2.0311307416859092,0.10042052034890105,0.3311754820217076,116.37521917459208
4356,2403,15,1,0.047665123865843054,0.06251093662713982,6.307234265931782,0.37381271111890846,0.07744497511795108,0.261917316850668,-21.417890691716593
4357,2404,5,1,0.05651377044532772,0.06819006327879272,6.422978132107151,0.47048474298307935,0.09260053049326235,0.29820948378780704,-26.956790137217045
4359,2405,1,1,0.03139818650210081,0.04739586457123994,6.316830496397802,1.3924843141407584,0.05072042527668897,0.185164930859008,-79.78347423275548
4362,2406,3,1,0.057488889968011284,0.04498221745816099,6.216500374704106,-0.20831479829615118,0.08866868078006084,0.28483168734224823,11.935558792434604
4363,2407,1,1,0.05150377511436961,0.05700295432662318,6.232293373494968,2.198087967805079,0.08294324665079156,0.22552963506803636,-125.94116355758536
4364,2408,5,1,0.04096018021411737,0.07484796629803067,6.413359228442766,2.1054124908241594,0.07116973470281156,0.2314436368593762,-120.63124986400652
4367,2409,16,2,3.7502182165928732,0.5386970043672152,9.588001825505037,0.44134011253791644,5.6172598837051755,11.344393565378258,-25.303061444987563
4368,2410,13,1,0.07654144996563003,0.0665825783316169,6.229725159863915,0.3543800982253566,0.12189364290805235,0.34575040035931026,-20.304484070727575
4369,2411,5,1,0.054686606484379556,0.06333747887800444,6.294818218078722,-1.6976229777463359,0.07978401483248862,0.3044291623846956,97.2666318376065
4373,2412,13,1,0.04826819544416968,0.06433006188545959,6.244447094213741,-0.3929637754241603,0.0766723072768698,0.30049577682806916,22.5151658550015
4374,2413,15,1,0.04118015088485752,0.05575636951188714,6.287631368537484,2.761970194094455,0.06978735357685284,0.223288257264799,-158.24923525403253
4376,2414,7,1,0.06894986828035131,0.0683246581410266,6.248062045153869,1.9155995711292324,0.1101560440854044,0.3126528408273347,-109.75577074003914
4379,2415,9,1,0.058380742146959964,0.07177272197865095,6.363764775937406,-1.7529449449902001,0.0969682944467283,0.27692671988617723,100.43634708572758
4380,2416,21,1,0.044774979311293796,0.06843098866704994,6.202506569737133,0.23764770153624115,0.07319419320026584,0.31525911416612107,-13.616210321823358
4381,2417,13,1,0.0599989002668644,0.046492540563393366,6.2777459257664585,-0.8715339475571429,0.09858129127526621,0.24688488027801425,49.93521686843706
4382,2418,19,1,0.05351989263647832,0.07452217022030783,6.200758104082348,2.0761293524802515,0.08454194372388713,0.29826039310739544,-118.95344963299391
4385,2419,1,1,0.07180553676059111,0.07417518682534385,6.151783661219639,-1.8332521932613404,0.12058005747015527,0.36370041269456704,105.03761356437802
4387,2420,7,1,0.04713045029739733,0.05790459677353727,6.191651883001541,2.6614184769498874,0.0729040897602347,0.2672684119966313,-152.48804623590576
4388,2421,13,1,0.03780794608176875,0.06142637624407675,6.352535947452696,1.901856621973544,0.06100038814087007,0.22110175224181833,-108.9683576844106
4390,2422,5,1,0.0562769989314172,0.05218747103284913,6.152153200521963,2.703774537441299,0.09047479047716595,0.28992722907586194,-154.91486970582577
4391,2423,7,1,0.04895536396138703,0.043902834952170955,6.241709836067068,-0.7663578294554899,0.07967156069566354,0.2154624577331342,43.909069222309235
4394,2424,13,1,0.06473365631191427,0.07536858952930857,6.212541464641911,0.8727501076208839,0.09795179091572176,0.34230949090821416,-50.00489775386859
4395,2425,17,1,0.04578280337521125,0.05244138743515754,6.294202254863976,-0.23251527328211785,0.067601348335428,0.23956687593689074,13.322143843966844
4396,2426,3,1,0.05876453778286554,0.06893427983870037,6.272182623891126,2.699662353341592,0.10033705446241836,0.3277403997877592,-154.67925889907377
4397,2427,1,1,0.04207419547671005,0.05704993704613697,6.308802984785422,-2.793497426774359,0.06497995894009916,0.29040352391961577,160.05561262951605
4398,2428,21,1,0.04360345340980682,0.05510573807586249,6.365704568353677,-2.387934023360252,0.07600241698477049,0.210581339160122,136.81854129874816
4401,2429,2,2,3.7774993487348425,0.5340635367681617,9.33028068705297,2.3827131693023413,5.658003736193098,11.437184853793733,-136.50291698409566
4404,2430,3,1,0.05012723844184844,0.0692052246009654,6.143427894065428,-1.869379546046414,0.08269383733493185,0.29600196538602314,107.10755833279092
4408,2431,7,1,0.047501680521169674,0.057421696568665845,6.275314624178225,2.495788488724802,0.08215206830817325,0.2536024490233344,-142.99814694766874
4410,2432,5,1,0.03680824641765881,0.06482416333743879,6.166567567029134,-0.6698085183287825,0.0636381285215146,0.21527498706890683,38.37720118987541
4413,2433,1,1,0.0522798131460569,0.06550848259988085,6.351113495504069,-0.3425853230185054,0.08469169484757515,0.2699956986433432,19.628693161486936
4415,2434,7,1,0.05756819623190355,0.07173909099056416,6.3037301413722755,-1.9405713891184526,0.09598524093534688,0.32509433952554334,111.18655048058338
4416,2435,21,1,0.06923676594126965,0.0523434281337893,6.2007237768412375,-0.3054249140706371,0.10942358232918739,0.34471922978769665,17.499558615751827
4417,2436,1,1,0.05684105635928948,0.04965119873029588,6.215026211945571,1.2516258391329715,0.09299943971451517,0.29860447020696596,-71.71287806306641
4420,2437,13,1,0.05847884469683059,0.06236539166956914,6.135353137474213,0.23153372443501816,0.08798857478624669,0.25299814375743673,-13.265905236756646
4422,2438,12,2,3.7734525440345648,0.5313759456797514,9.275639060112459,-0.48777655449153845,5.6519605595767635,11.44925057397878,27.96397622845687
4423,2439,9,1,0.04789569727443543,0.045083915169993875,6.188981424065642,0.12373008136570854,0.06771931871478738,0.2764750349165406,-7.089211468465855
4424,2440,13,1,0.045845221922229555,0.05155388361595196,6.270052796360398,1.7009110864313703,0.07221765781709104,0.2617541059720473,-97.45502659653826
4429,2441,15,1,0.07920843123843724,0.07568900935259165,6.2650775403693215,1.8539300574278221,0.13757086024056187,0.39808875380069325,-106.22236794085357
4430,2442,17,1,0.054066127123705704,0.05915733920064907,6.169571666304302,0.1510715008982148,0.08803306815163434,0.2350594041234414,-8.655759401002088
4431,2443,20,2,3.7506255518589424,0.5335358582835749,9.172003831882257,-1.4284045986140246,5.617868299351788,11.345880971519447,81.85769586722508
4432,2444,4,2,3.7586872203052457,0.5179010980126054,9.01099606096014,1.8135716197057274,5.629906834642093,11.523919677775957,-103.92624519680176
4433,2445,15,1,0.03971068027912327,0.055536647789950294,6.267627910527922,-1.5944745462512486,0.057421216951905836,0.24105298129192768,91.35666204011174
4434,2446,9,1,0.08653181576786423,0.06671213721055842,6.2578335865614,2.981423980913525,0.14412150655923403,0.45150723339734866,-170.8230108788827
4435,2447,9,1,0.05021578189035647,0.04460780621276271,6.326135048997269,-2.4009091232607913,0.08188703506159889,0.2263181473337572,137.56195974771364
4436,2448,13,1,0.04711496566679662,0.0639177882395401,6.365668222920001,1.7603917194084104,0.07488920513544456,0.25200029286810055,-100.86301582989064
4440,2449,17,1,0.06158946716362137,0.06190029257341706,6.296255043227496,1.9719179980861639,0.10434513038416757,0.35070064306143867,-112.98257889941812
4441,2450,1,1,0.05526686611078428,0.04471564208940939,6.183384522907695,-1.8210065349506304,0.0852752693559164,0.296305456988078,104.33598895208834
4442,2451,7,1,0.06975171130895626,0.06402046266059992,6.219497891206705,-0.48819550313685806,0.11187408849944457,0.33846646581813017,27.971541992996915
4443,2452,5,1,0.05409157627869317,0.07118723306366939,6.229213283501003,-1.6873885332164735,0.09009918789279595,0.2786493073230012,96.68024138887131
4444,2453,15,1,0.05442757090404547,0.07230116938357076,6.373960980111575,1.0963613729123423,0.08860112399753124,0.3247382145327004,-62.816879455591504
4445,2454,5,1,0.047138257700024264,0.04945970892479889,6.1897414451630075,2.3842873662622734,0.07464492873550037,0.22697655538282294,-136.6096032406141
4446,2455,3,1,0.07816947136505799,0.062034063205242275,6.28274174440326,1.0921610668260386,0.12804216910972355,0.3709155634968574,-62.576219553092045
4447,2456,8,2,3.7783593258418104,0.5352009973884787,9.295705306281915,-0.4626966416468944,5.659288153566282,11.433697775059404,26.494062056242512
4448,2457,19,1,0.06480860365225098,0.07747423745315908,6.2456041481857145,2.2755647085525186,0.10402227207359492,0.2982081929154958,-130.3802538542708
4449,2458,5,1,0.03165713189660445,0.04292199989258377,6.200542649861717,2.630192647184115,0.053806805117698336,0.1502709214751009,-150.69893798642678
4450,2459,5,1,0.06146062880313648,0.07229497866006054,6.215420878855366,0.14826515595777753,0.10039221538949511,0.30461669852443074,-8.494967738947194
4451,2460,17,1,0.032722439439902516,0.062114804811499565,6.19964722670159,0.18496248033916884,0.05419269412511958,0.19626536442182108,-10.597569498875565
4452,2461,18,2,3.776311039897742,0.5409317216633598,9.348090998683718,-1.9793301857629177,5.656229231163075,11.445002372494375,113.4237417048504
4453,2462,1,1,0.04760930081783929,0.05141642166062079,6.092707961077784,-2.5291373731329223,0.07153457811703832,0.25490633168411364,144.90889728409948
4455,2463,9,1,0.0474512965079978,0.06132849219944919,6.1293497925174645,-0.24908115369009956,0.08173630236632994,0.27464117485320033,14.271298885711797
4456,2464,7,1,0.035560470079313934,0.05609917386117668,6.274699101353405,-1.2459870857373345,0.05660001098986928,0.21333331017679977,71.3898013378775
4457,2465,1,1,0.07199460848714889,0.06700358089559783,6.188201126823464,1.4749768969734507,0.12441050014673431,0.3747106410872326,-84.50995097243838
4459,2466,7,1,0.053788448939495,0.049563953804663025,6.275568201313519,1.155413552266372,0.08389748081567804,0.2646944027457083,-66.20032011141643
4462,2467,18,2,3.783874083867575,0.5279490708383278,9.24141199251042,-2.6243787468508604,5.667523748946021,11.439175075073223,150.3824013175568
4466,2468,9,1,0.0605573479428834,0.06559832557690383,6.151985997251586,-0.2062883803180395,0.08601406123797886,0.2843576077719987,11.819453564131631
4468,2469,13,1,0.08467567477309576,0.07070433838145708,6.261268390535991,-3.0706369158604727,0.14061019121922058,0.34225906735687645,175.93453572957375
4470,2470,7,1,0.04361155700565723,0.05444369060463557,6.201112135996774,-0.21004503580873554,0.06474914442449117,0.18226310030933476,12.034694064462213
4472,2471,13,1,0.056093249065507104,0.05760668699250214,6.084293366068113,2.2388848014638745,0.08530433134607612,0.2879101742715859,-128.27864993999341
4473,2472,18,2,3.7853925965112256,0.5270244158007246,9.234995833396232,-0.8221935862308651,5.669791618757101,11.471403460418596,47.124817739068
4474,2473,5,1,0.07296046241384563,0.06637667188303595,6.232925543865023,0.20495704139224416,0.11590160691305444,0.3927068037943366,-11.743173509923858
4475,2474,17,1,0.05134099927170495,0.06838023368729101,6.239383711808557,-1.3556495526886814,0.08252394548504043,0.2566365870994692,77.67299785477651
4476,2475,18,2,3.7806775941797968,0.5313941053133335,9.389385271777586,-0.4303019494278944,5.662750104372344,11.421347318204761,24.671018804081932
4478,2476,3,1,0.07858477738567587,0.06399890501266974,6.273386740990414,-0.3191934574249819,0.12568740519995047,0.42954715675673033,18.288438073328212
4479,2477,3,1,0.05027218977031431,0.05255286166408443,6.2146260099821795,-2.092655059376316,0.08045956551481634,0.25572248756843696,119.9003028736739
4480,2478,3,1,0.0408171041361853,0.06142075096953174,6.275826790146107,1.2551914684986678,0.0691782099702945,0.22140182371154396,-71.91717361809691
4482,2479,13,1,0.045579409074496265,0.05383103098109273,6.254310078984383,2.100617786837287,0.07529388999527478,0.2380301894377115,-120.3565335766842
4485,2480,17,1,0.0688179006195474,0.07209506374752961,6.19050510144262,-2.1879526059247802,0.11160529395329968,0.4279059264725614,125.3604501699867
4488,2481,7,1,0.06557726815395254,0.08766372607922689,6.289819204207592,-0.6705792982652676,0.1044755669476774,0.4225680593107874,38.421363685453414
4489,2482,15,1,0.0341379493603356,0.06851775198173198,6.3358037733511585,-1.479393242790398,0.0495910762803782,0.15994071243358196,84.76298904889306
4490,2483,1,1,0.07182202309499135,0.06091686630913003,6.2937955006979225,2.3691233374194067,0.10611257972759025,0.36707967675898956,-135.74076836298704
4492,2484,19,1,0.07303772403408845,0.06614373135450127,6.2899529320216,0.945418721761323,0.10922000522216695,0.4593253982597059,-54.168502578803796
4494,2485,21,1,0.05648520637334895,0.05092226740039247,6.3647073366320335,-2.8118236187494183,0.09121696486030252,0.28017078592144157,161.105626068896
4495,2486,7,1,0.05514191348114736,0.05243930282835066,6.253594236956082,-0.3323537746351098,0.08646489575989123,0.27980145857331584,19.04246862731906
4497,2487,3,1,0.07784662056402257,0.07068591660891023,6.182653399613071,-0.2344895175704967,0.13474895073954016,0.4261647566209358,13.435259825110391
4498,2488,15,1,0.04805796888125013,0.049257207894258574,6.198909787444055,-2.850430961458373,0.06833523047966529,0.2960643513670107,163.31766387557698
4499,2489,5,1,0.041640035520153204,0.058088242419169704,6.340463633071371,-2.0078181254634324,0.07012781643311893,0.2616192722562938,115.0395046321245
4503,2490,8,2,3.7456083654581147,0.5390190907717128,9.251817442569214,-1.6226800218304391,5.61037499270474,11.330171685765626,92.98879280873149
4505,2491,21,1,0.07378497884498686,0.06225275053128131,6.222530670095528,0.038127192825417724,0.11894501631376206,0.3445060129431333,-2.184527207729604
4506,2492,20,2,3.77748239859348,0.5318157895348536,9.232992513566916,3.038656334512775,5.6579788227578325,11.445639556173251,-174.11867452334047
4507,2493,3,1,0.051432933789156914,0.06419696956712576,6.402600629424364,-0.2875707119994927,0.08132011070239711,0.2607547360795175,16.476588136699018
4511,2494,15,1,0.029809836937307287,0.05188834240764238,6.337083472789544,-1.519703312252996,0.04684274467929084,0.17591212505300557,87.07258590543498
4512,2495,17,1,0.049749612391232094,0.04553319808604541,6.158871898443374,-0.22464117702386957,0.08201088448333889,0.2945232877835808,12.870991384627713
4514,2496,5,1,0.054522955681367787,0.03759443567902185,6.13519655920291,-0.8084862080690234,0.08424545681573523,0.2347191340345603,46.322847488403994
4516,2497,19,1,0.06588018883704785,0.06773704866805544,6.239818182963313,2.6275310088915003,0.1003972081037418,0.31837093092097507,-150.54643729158485
4517,2498,9,1,0.07132795185765015,0.06410490651831155,6.233590213930125,-0.0734713665136928,0.11249335604075619,0.3400953082880887,4.209599199834187
4518,2499,17,1,0.06676239708665622,0.06711069177218555,6.357070089426387,1.477964611590892,0.10679764071876487,0.40542727491457375,-84.68113448634128
4519,2500,10,2,3.7586199660863557,0.5367661319906555,9.519396772133506,-0.8334547147984452,5.629808072822356,11.37006708452678,47.76968224527262
4521,2501,13,1,0.062356737074615094,0.07746410796551206,6.218821852159018,-1.433694696394641,0.10492930668159904,0.32148271152034885,82.14465514981431
4523,2502,12,2,3.772197877898237,0.531451879093115,9.247672990102568,2.609273489312483,5.650086121871051,11.396458187178942,-149.51678039987843
4524,2503,17,1,0.04305634770490968,0.05473517800969351,6.245313571431453,-0.7648384707052605,0.0694718207623335,0.21783949582377843,43.82201638452692
4527,2504,3,1,0.05214358100051681,0.057021582593940655,6.3634523945472035,3.1060522040902283,0.0785315816058528,0.2903003724507115,-177.96368223261157
4528,2505,18,2,3.761953708852482,0.5409705242706424,9.535734143758596,-0.751417824303936,5.634787304486322,11.400333463835228,43.036781916589085
4529,2506,3,1,0.044586377571493745,0.05850865112520656,6.11614190775183,0.07361723864763665,0.07004382017529556,0.2761217013440809,-4.217957072636476
4533,2507,4,2,3.75731952996871,0.5321655807679924,9.009570475419467,0.7783778588579787,5.627866186270686,11.392744979319847,-44.61399395059345
4536,2508,3,1,0.07468674069585474,0.05561895440823268,6.233138564793637,-0.5169609421794811,0.11959868462261768,0.3668012271514236,29.619680261136157
4538,2509,7,1,0.03461980497154252,0.044987014200449725,6.18716907825733,2.476139118857994,0.0628575814495009,0.26384237216790907,-141.87232099621409
4539,2510,7,1,0.09083996252813534,0.07272392464270085,6.316110084834381,-0.41242125686345915,0.14758475166483453,0.47860547788908603,23.62999758998489
4540,2511,15,1,0.02831752468857167,0.06687226257100495,6.317046729225984,0.5696619173301409,0.04714579446742658,0.18430118324701994,-32.639223613566095
4542,2512,3,1,0.04596777215908178,0.059346350492013346,6.289509407732257,2.6909795732138133,0.07150519297144046,0.23749597886796972,-154.1817722821727
4546,2513,20,2,3.7798432798813897,0.527830965986628,9.162217703504327,1.8093992811407418,5.661504101033539,11.423581056004199,-103.65442005458404
4547,2514,14,2,3.756086896127626,0.5275044842051018,9.04335956308246,-0.8974662899440694,5.626024968634588,11.380801907527122,51.43724242172594
4548,2515,7,1,0.038009107301214914,0.043209111883746786,6.208001743676703,0.5446222695298948,0.06567941568510645,0.20131089394032636,-31.20455748225207
4549,2516,13,1,0.0582903077378226,0.05960967518372205,6.3973829347778315,1.2426222788124297,0.09834996963366562,0.34380660257045065,-71.19701204682626
4550,2517,17,1,0.031687699862516946,0.06612790972152696,6.330750421826398,0.8827068765947186,0.056637341242012855,0.2791939454738762,-50.57537857435771
4554,2518,8,2,3.775806936239222,0.5278335264377385,9.171385357454225,-0.8234311651747632,5.655476036017914,11.419652324924607,47.19559966775546
4555,2519,21,1,0.04370400162896683,0.07017995773943111,6.238776664207274,2.673298014736444,0.07537223232000877,0.29632945298922325,-153.16869360709708
4556,2520,17,1,0.03269844285555584,0.05588056725546562,6.421744149035235,-0.21421905314313,0.055320598504255976,0.25055735814601976,12.273847639515225
4557,2521,20,2,3.778564821432513,0.5346074771267401,9.258806540440604,-1.05772285655648,5.659594927318424,11.438945884857478,60.619560979092064
4558,2522,10,2,3.7754970375938037,0.5372028999609472,9.20766377349753,-3.059598705387172,5.655014290216757,11.44212961247585,175.3185579151786
4560,2523,21,1,0.05424084547951295,0.05012773605907956,6.235291997077834,1.406484093300963,0.08687585116671032,0.2544985181851253,-80.58560246748878
4562,2524,16,2,3.759652125343022,0.5308134393382712,9.022084589305589,-0.5675066140009538,5.631349630912825,11.376341218309133,32.53199192837077
4563,2525,7,1,0.04862122944480617,0.044120859122232146,6.1449961527911645,-2.2617976362777936,0.07862940743968759,0.23275021856262326,129.59145867379695
4570,2526,3,1,0.05627030238864661,0.07247678528800071,6.278089951772936,-2.1014274938819764,0.093394241706107,0.2724383807658592,120.40292639426957
4571,2527,7,1,0.032996008831618,0.05274775744527954,6.236005005374625,-0.6814114795086077,0.06300036710656079,0.1341598346712407,39.042001892145606
4572,2528,9,1,0.043589063538408815,0.059107953817574,6.2606177221009265,-0.591729127285202,0.07285936438465934,0.2974604470732072,33.903581622505286
4576,2529,15,1,0.06985425224653578,0.061321017328058634,6.1763313576278245,-1.677588222930396,0.1194165589445291,0.3353696122269941,96.11872502838867
4577,2530,16,2,3.767748757751113,0.5365695645261589,9.475852757672333,-1.1524287255976622,5.6434417486533235,11.404472998840431,66.04566582613342
4580,2531,17,1,0.0446562036552441,0.05726152392464677,6.3701264939165005,2.6362389960802832,0.0721687179487074,0.24456595240075904,-151.04536825772274
4582,2532,1,1,0.04834775229368276,0.0572853438158594,6.288634063155394,0.3527474196887251,0.08056900912835936,0.3519443170721262,-20.210938409956377
4584,2533,9,1,0.032877684114171406,0.04782025434731334,6.207221568189381,-2.2752832876061406,0.05574237956329926,0.19933818259141128,130.3641295814265
4585,2534,13,1,0.05919389872123289,0.06136920145914243,6.237561845521686,0.6761812388350936,0.09280806654784525,0.2936359955744443,-38.742331185959145
4586,2535,19,1,0.06582668088220289,0.06698918345320976,6.161653305280373,-1.4953942828236388,0.10585286348620397,0.29735298694640383,85.67978106367306
4588,2536,15,1,0.04068100441603727,0.06588771426209533,6.3547650706980185,1.0423200318386239,0.06882993189809489,0.27847102706699645,-59.72053871632903
4591,2537,7,1,0.05748969996703979,0.06260117736502543,6.368120170035893,-2.3717448802132663,0.08783567039066974,0.32669407772355696,135.89097170292158
4593,2538,3,1,0.06742911619652717,0.05154606253180574,6.258483908697361,-1.8300760254364952,0.111881100606665,0.33149554967758205,104.85563252091113
4595,2539,19,1,0.030142067326732316,0.05722849077167792,6.297020940741832,-0.1891500534630218,0.04646283738717924,0.17099647509803,10.837499757137
4596,2540,10,2,3.7767481617421574,0.5295856217834851,9.129857044375251,-2.472370795774521,5.656882050740945,11.43412965189653,141.672893536158
4598,2541,2,2,3.773937127084551,0.5294047852146817,9.158632775500074,1.6195086445691786,5.652684141160361,11.425078041811732,-92.77456557785973
4602,2542,9,1,0.03948405550582894,0.04632379058412633,6.30790591225847,-0.03654392880210626,0.056160487197269675,0.19914134862998628,2.093812892693834
4603,2543,21,1,0.05401635066199817,0.06380673654704619,6.1956895046638865,1.7538795201748085,0.09206080559332738,0.36496220244416805,-100.48989432357621
4605,2544,19,1,0.0722801897678665,0.04881682303865443,6.21223957188764,2.547815855460591,0.11417922535341198,0.32424552045095284,-145.97909542141824
4608,2545,18,2,3.7798938488834577,0.5345900085103964,9.457764286189253,1.3123589489819196,5.6615796573945945,11.423715975428193,-75.20915185462218
4610,2546,15,1,0.051900698172368566,0.058562844113603844,6.348126280687336,2.16716526220928,0.08217318699257621,0.2829455415438083,-124.16942305270388
4611,2547,15,1,0.06545027573413048,0.06708372322524139,6.145959550394331,-0.8574681582759448,0.10492626488707926,0.37007270330843695,49.129306601594486
4613,2548,13,1,0.06703161831932705,0.06638185931720988,6.2686438073718795,1.8591832787923286,0.10916955628260767,0.35750650327495703,-106.52335526675141
4616,2549,9,1,0.03971209054514407,0.07660680435661993,6.429779696559112,-2.029680340606393,0.07765163553003707,0.24180849812135957,116.2921172897798
4618,2550,13,1,0.05524388202460805,0.04741397183286734,6.237585993780335,-0.8943494033329249,0.08642659732384023,0.2790954706310891,51.24244619860121
4621,2551,3,1,0.042724936673954265,0.06167077589995106,6.380960472423926,-2.5326334659394654,0.07092594724167053,0.2186693198481974,145.10920864253143
4622,2552,20,2,3.773952702660034,0.5342035838362886,9.455013592814554,-2.750801564660457,5.652706981012332,11.418124017688351,157.59287507121041
4625,2553,10,2,3.7703797496840123,0.5260582808715567,9.168102029242919,1.5862123981681544,5.64737108774682,11.405925665249509,-90.86687776876208
4626,2554,21,1,0.04512444248529929,0.05453784375821687,6.312424363967032,-0.5447750346704072,0.07416449364694827,0.2635877054863343,31.21331029116771
4627,2555,9,1,0.04009009226186579,0.03989565789438249,6.265670702898254,0.6447171425206205,0.06991714200151883,0.17351167750195445,-36.93957125085475
4632,2556,17,1,0.06628150029581074,0.07835652680250428,6.102183194506107,1.2911637125467308,0.112270574448681,0.39854594870210763,-73.97823131267967
4634,2557,7,1,0.03169248343107235,0.05674112215367312,6.2625776500821955,2.742558768690723,0.054351400368300315,0.27404986675406356,-157.13704251040934
4635,2558,3,1,0.05675002500172223,0.054788355508950656,6.218540695198499,0.6801053954884432,0.08931191364548921,0.2621482498052215,-38.96716877459812
4638,2559,17,1,0.03737786826792145,0.0630081817348379,6.315253774480004,-2.78930805051956,0.062372381038946066,0.24176065702414978,159.81557905513063
4640,2560,7,1,0.025327878147306707,0.052872782652258345,6.261366536100615,0.9982548177959996,0.046658281807168626,0.13407133365630655,-57.19578793452733
4643,2561,9,1,0.06171968876268557,0.07232871640057068,6.2929800865498065,-1.7547968685709978,0.09292070339345056,0.3931420425029558,100.5424544854906
4646,2562,2,2,3.7531825937456933,0.531446615586298,9.091358939519337,2.0837840291823566,5.621687332261983,11.345901051632357,-119.40820436275487
4647,2563,13,1,0.06517862129779958,0.05684008177070916,6.316041143393317,-0.04965203388048124,0.10159666802848727,0.3000502394111466,2.844852010184564
4648,2564,13,1,0.08144500209749883,0.06697650955315619,6.286718798084014,1.4028319184306655,0.13733541194860013,0.3845065201019292,-80.37634814958629
4649,2565,7,1,0.04506059245817311,0.05390386563252576,6.219898932967825,0.8652749238896352,0.08147959080215286,0.18580077612515203,-49.576601255554145
4651,2566,17,1,0.05087004586213233,0.06917333623004591,6.196383429083162,-1.097065145158578,0.09004771843541826,0.24162953219140237,62.85720263776218
4652,2567,21,1,0.05574855500416996,0.055477189676953274,6.228937621289839,-1.6673050479651743,0.09173991401594152,0.29949308179254314,95.52954245209561
4653,2568,13,1,0.03358699563560464,0.05172650999161152,6.29713866328299,-3.1069463013786534,0.04931180089236715,0.2101011170654849,178.01491024303493
4654,2569,5,1,0.07169053273672664,0.07483754628167588,6.210978295248751,1.6860338724641277,0.12079102457826969,0.3812493999816883,-96.6026249641308
4655,2570,21,1,0.05025242531486307,0.06084818258055257,6.41904475155647,-2.2414718992548393,0.0774336313244295,0.24529793268421432,128.42687974061943
4656,2571,3,1,0.06506294446525766,0.08186599360138026,6.249212513125604,-0.3234954000031243,0.10365881681360652,0.5011039559603405,18.534921170748174
4657,2572,9,1,0.08444520337237531,0.07884631914224312,6.199609674201732,-2.174913853590565,0.13531708119685107,0.4584456928141764,124.61338475682007
4659,2573,4,2,3.7754940506301087,0.5286209317662489,9.174193905619445,0.00018559160017634485,5.655009062411983,11.427878287409916,0.0058314528867416315
4660,2574,17,1,0.032483045775539114,0.052572816760474025,6.253121536296212,-0.08071718674456693,0.052909946570284125,0.19957112649507278,4.6247541392728015
4662,2575,7,1,0.03715421286352244,0.06386120935559142,6.314177396037644,-0.045756607765931885,0.058602045998543406,0.24439979592940528,2.6216605125010357
4663,2576,8,2,3.7857177477643162,0.5363041998675694,9.384333071908431,-2.6174452010871074,5.6702772203034835,11.462085638145217,149.9519635375192
4665,2577,2,2,3.7759274775282368,0.533742931375801,9.361414197281361,-1.21318041834581,5.655656256537776,11.416276877702865,69.49364699494888
4666,2578,2,2,3.767632870628237,0.533148046009909,9.28354291037016,-0.32896428651008536,5.643269101179402,11.399446145380123,18.86462737666304
4668,2579,13,1,0.04226301904330706,0.05874685235250798,6.3160619006262815,1.4665042279380918,0.06339236757198588,0.23686924466543763,-84.02450290352068
4669,2580,1,1,0.05820763258266262,0.06859116858374374,6.33291927063955,2.188543503502757,0.09597320352508143,0.29353061217331444,-125.39430604742688
4673,2581,19,1,0.09516424172989381,0.08626299334003833,6.145528814489495,-0.966698739946294,0.14062631775422454,0.5308565299348095,55.387757840759896
4676,2582,5,1,0.06126261245564121,0.07796638723847657,6.347576097176753,-0.38209049967469644,0.09993872791337255,0.4031590000219184,21.892173084070716
4677,2583,1,1,0.0565113856378491,0.04976675479069493,6.127368286864015,-1.0953822771803294,0.09037676643234334,0.27155778609400727,62.76078141009086
4680,2584,5,1,0.03464810104099774,0.04877183839156665,6.299587211579233,-2.273904642018024,0.0589958158194757,0.17114143704770027,130.28513900643756
4683,2585,17,1,0.06371098464411795,0.0711452547312032,6.428957930548716,-1.9835774265370376,0.10293510288816116,0.3252900827793367,113.65061494069175
4684,2586,1,1,0.0588668770593961,0.05483053692324112,6.278977399140259,1.9819751301765045,0.094196809963103,0.32055998053007523,-113.55881010493377
4685,2587,5,1,0.045751528125196415,0.05899708764201481,6.315222879403129,-0.011211555753619217,0.06793894062274905,0.28959832837132393,0.6423748266925167
4686,2588,15,1,0.05218744656517704,0.0701920172670217,6.277803080086062,-2.825077850101183,0.08504629753670721,0.2701262307789338,161.865037578786
4689,2589,17,1,0.05569937484491644,0.09151037574710431,6.465062899785946,1.6573629255301514,0.09470390055346964,0.48307244979507885,-94.95990074706285
4690,2590,20,2,3.7705924336816707,0.5271388195320852,9.089981837275618,0.8687736252655073,5.6476885337173695,11.410298217198047,-49.793462929069676
4691,2591,9,1,0.04951341100116178,0.05501771189623062,6.17348098165439,-3.0183552259797475,0.07078275468684218,0.25332159212782074,172.9390155199175
4692,2592,9,1,0.0633599700753939,0.05504996963191022,6.246005733378428,2.4978639624277994,0.1026607216031509,0.3283179074483985,-143.1170627887774
4693,2593,5,1,0.058292550962497344,0.03363240841504089,6.144844603129369,1.9948668384556336,0.09383733415107152,0.28973263464750315,-114.29745056516362
4694,2594,10,2,3.764645430990896,0.5339569881295388,9.316463156030833,1.708337493507787,5.63880679100395,11.373018494383123,-97.86420522141108
4696,2595,1,1,0.04033846383666378,0.04927417715118527,6.201210970066501,-0.8896201987223353,0.06483185259892356,0.1913887364783576,50.9714827474545
4697,2596,16,2,3.7754390450388504,0.5252782472738465,9.099170601434198,1.2245313853107125,5.654927061634514,11.445146522301153,-70.17694460965575
4700,2597,21,1,0.06134440055907023,0.06425319720507386,6.112866249773472,-0.7360371135600594,0.09591355991257333,0.3387228917090907,42.171820133272455
4701,2598,3,1,0.07246598722780728,0.06383065673243958,6.346753077411117,-1.2376139105402524,0.12281231432613386,0.36789132161393273,70.91005364022492
4703,2599,3,1,0.06349325761386572,0.06038898180688437,6.19609215202074,1.5086151823597203,0.10393058198635481,0.2648189206053077,-86.43728286022599
4704,2600,8,2,3.7819832029275964,0.5399151816235984,9.432626136457024,2.1231822323696776,5.664700043738572,11.450488908850518,-121.66593142427463
4706,2601,17,1,0.03573403577254119,0.060726622415899364,6.2491269925134105,-2.747158081845317,0.05893346162235434,0.20581150768636008,157.40056373578227
4708,2602,5,1,0.06933121465076365,0.06998226126873763,6.36193812986287,-1.8689422223511698,0.11825947177068724,0.3536265961484528,107.08250156904688
4713,2603,15,1,0.0720927092297818,0.0682994971311674,6.214024590937431,0.2439515651983355,0.11587521950064147,0.30609000883508186,-13.977395115489282
4714,2604,9,1,0.03574199830178748,0.06572686323747874,6.33909495468902,-2.4949219457951033,0.06983200237126662,0.16137980029167534,142.9484977046497
4715,2605,1,1,0.05264014707058603,0.07324952723919152,6.318853378100003,-2.6994421880289776,0.0850489820911998,0.2492680649456706,154.66664438466816
4716,2606,5,1,0.03158925165967891,0.06289269221985742,6.286850415748373,2.2057652317183862,0.06103787923611037,0.18269999674805162,-126.3810383786002
4718,2607,1,1,0.02600316209617513,0.04938812967352159,6.366459974120494,-0.7796190543027435,0.04917185619481934,0.20203790164832364,44.66888143772026
4719,2608,21,1,0.06357644941000747,0.06815098770250902,6.276944001796616,-2.737174771878855,0.10496444757143403,0.32728019385400664,156.82856216011405
4722,2609,16,2,3.747545022246224,0.5351188030300875,9.117007100850003,-1.943030640437962,5.613267133236982,11.316992081351742,111.31135407880339
4724,2610,1,1,0.06941387470764078,0.05774403874378401,6.236154705827432,-1.4653049338011608,0.11364109942986837,0.4065527749356772,83.95578831733808
4725,2611,18,2,3.7755777126841896,0.5288095025417107,9.334573709779242,0.8757991526282727,5.655133742162197,11.414586951972687,-50.19606132438689
4726,2612,17,1,0.06652291386501008,0.09679788919647964,6.341910613591793,-1.5935845826582116,0.10785889336430954,0.3800430075472846,91.30567089468352
4727,2613,9,1,0.04623659875613348,0.07410272874987843,6.216983231834309,2.9804693174994137,0.0742996991186385,0.21839283537425402,-170.76831285919127
4728,2614,9,1,0.05943396891052339,0.06037595949805987,6.27914096375755,1.8367934651704096,0.0948034156332799,0.2963140778192667,-105.2405134403406
4729,2615,7,1,0.035302088612117026,0.05905600111566581,6.275045612994697,0.5071300865088888,0.06287984074440864,0.22419776468910632,-29.056413619771885
4731,2616,15,1,0.05817727942662987,0.06342804559989453,6.1775885462493685,3.067017431585329,0.09170209608622128,0.2838823771858617,-175.72715453490966
4734,2617,3,1,0.03745443104301564,0.058860960339069165,6.343409025053474,-2.660501091073502,0.0712091772178621,0.26652353056532385,152.43548390297286
4736,2618,13,1,0.04753464730036874,0.05500052116488784,6.120802339389622,-0.5234356651748935,0.07923183903424896,0.2606297996479872,29.99065448941323
4737,2619,9,1,0.07356179726367067,0.06376285861474,6.2645712643564675,-2.406758652860348,0.11741112019642676,0.3505765188830099,137.89711307832445
4738,2620,21,1,0.036778927158497815,0.06782624548084376,6.2512102706643455,-0.6001454660249647,0.06738079979591484,0.2667772961211034,34.38580230117655
4739,2621,7,1,0.055200279824848326,0.07128315231317615,6.308664051889499,-0.03294015023430501,0.0854692285517344,0.3152111508519088,1.8873315757569438
4741,2622,16,2,3.7691750330922127,0.5284109766608943,9.223801023296545,1.1661138969277707,5.645572149730838,11.425640346993083,-66.79702242165357
4743,2623,21,1,0.044574431268313876,0.07164696999979593,6.306823604102812,0.0999755636695653,0.07037218461209391,0.24086732298072927,-5.728177866202059
4745,2624,17,1,0.03765462262715846,0.0726851310415505,6.244563414596559,0.25459909729298685,0.06256365436085444,0.314598788622611,-14.587453744586917
4747,2625,9,1,0.07208340215707339,0.05768257286948155,6.216967089101326,-0.3826804973282989,0.11441535641923986,0.41225176319657725,21.925977498054774
4748,2626,5,1,0.049390110983371635,0.08634886604336375,6.201451496344458,0.6317940994697974,0.08657103234377421,0.30875729843590066,-36.19913544855383
4752,2627,17,1,0.06700037793594701,0.0966108523773726,6.1269023020353055,-0.6335061816110905,0.11060389037609922,0.4146375049945243,36.29723051360934
4753,2628,19,1,0.0443483800874496,0.04657590340262119,6.228341521370158,-2.0684505960642707,0.07416839768983992,0.23242742322248286,118.51348929441322
4754,2629,3,1,0.03369219551125142,0.06761816028981332,6.371156785584895,2.1910944442451656,0.0637974241571725,0.2199977862397327,-125.54046417003406
4756,2630,7,1,0.03698277766722358,0.05865839133769133,6.36034110969668,-2.864050196031751,0.060175863551681405,0.1999210101222358,164.0979885395243
4757,2631,15,1,0.0764499545251534,0.05416408487135007,6.139724796019063,-0.03742455563614841,0.12006233185642971,0.33133795063708577,2.144269060062219
4758,2632,10,2,3.7667270737414733,0.5269300940789864,9.109264269289332,-2.5500558214485105,5.641915740006542,11.398725422103066,146.09108577573724
4759,2633,3,1,0.047364777236128,0.08072495312596664,6.433221045383314,0.4316207517262397,0.08176838354818391,0.34243206675697635,-24.730047447181686
4760,2634,9,1,0.06395346961559237,0.04770611198425428,6.23381521855629,-2.657017264029404,0.10227912291424716,0.3098770466662211,152.23587526766752
4761,2635,17,1,0.06688177692890555,0.06481163392134492,6.332384991868162,1.9596683095652319,0.11079149222235445,0.3635860321688138,-112.28072347198206
4763,2636,5,1,0.04297550418444853,0.07284253344375238,6.254919867618034,-0.24699321172138247,0.06965757930791419,0.21396255772079859,14.151668618697055
4766,2637,5,1,0.061116821856422233,0.04205358666060059,6.265366481270278,2.915514689452336,0.09629669589552971,0.26475591001153426,-167.0466867625341
4770,2638,3,1,0.06276023871427845,0.04889705108307501,6.269812928683376,2.1395636766429234,0.09722274396182581,0.311677158195468,-122.58796869286711
4771,2639,7,1,0.0766591139499779,0.06297126925348356,6.2367509700264,-1.8233651350471674,0.1270595935320333,0.39529515242119717,104.47112684939293
4775,2640,21,1,0.06455786926680149,0.05600513463697495,6.236139580921098,-2.127352449543065,0.10850383118978149,0.3216588204534142,121.88831697251123
4777,2641,7,1,0.07105180248828785,0.06009327869976274,6.26323280826991,-0.7420668278802827,0.10598877810901164,0.3256502314291738,42.517297361964744
4778,2642,15,1,0.063350395931804,0.07148640356873395,6.269497868936324,1.3507332194525028,0.09343958167365315,0.33314756407827406,-77.3913126915633
4781,2643,17,1,0.06004563986064506,0.06395344584571473,6.210380186447318,-0.7352115311611973,0.0919806392888817,0.2850695478655631,42.12451781407119
4783,2644,3,1,0.05792911953213123,0.04285539941212061,6.163169993165047,-3.03617389956468,0.08890391057249147,0.2905308835578526,173.95995027389483
4784,2645,21,1,0.04716812855700142,0.057290995556317725,6.268804095833709,2.682596327610737,0.07507340838638277,0.24081112912674005,-153.70144769416623
4785,2646,21,1,0.06908357634023128,0.06553978697852725,6.288666481608158,-2.379433927766941,0.11223490491058614,0.3380342162170246,136.33152172449752
4786,2647,19,1,0.04534532290870399,0.05403448416617934,6.243305008375955,-0.6731756311318895,0.07772459042692785,0.18133155565150674,38.57012254116896
4787,2648,15,1,0.045889262783219156,0.05387523192147301,6.238794228853882,-0.09253685950864375,0.06470153524495285,0.27856128551733644,5.301971508284526
4790,2649,7,1,0.06150321412942377,0.06483136667049037,6.2738584080407005,1.123003819801029,0.10193350844645417,0.3116019272691032,-64.34337919258644
4793,2650,15,1,0.03584194986861148,0.051751423288277164,6.337080967109344,-3.1054153654487524,0.0527725239233078,0.2143048149067418,177.9271940771816
4794,2651,5,1,0.06145301359817733,0.06624682031807576,6.226950481371187,1.2243171801631787,0.10367513023261002,0.3334762737075784,-70.14820714217322
4795,2652,19,1,0.046019366790284136,0.06899371097708946,6.246642003847282,0.24437687268345,0.07726776496496426,0.21547778591347086,-14.001763423155857
4797,2653,7,1,0.046279672151485006,0.06297717641100772,6.312970616633968,1.5222703232964405,0.06459542932955568,0.2631862227720029,-87.21966480201554
4798,2654,2,2,3.777502360634878,0.5331631134078062,9.07312781591011,-1.9405840290608884,5.658008497640495,11.442011273619991,111.20376609660848
4800,2655,13,1,0.033815259853217455,0.06377220369927691,6.308647245274906,1.779998470014811,0.0533152280401527,0.21642049626689946,-101.98639987317914
4802,2656,15,1,0.0514708237412076,0.05761382662595712,6.225785702595414,0.6981480977586046,0.085590742026042,0.2507127058576515,-40.00093950217988
4804,2657,19,1,0.03954394189660907,0.06450851014493852,6.229914363765143,-1.6335645123581175,0.05870069424638176,0.2688635722964437,93.59635211891886
4806,2658,13,1,0.054101317156263,0.07278471827511267,6.023159689324027,-2.2910747662482045,0.08868699464964061,0.29749996169497117,131.2689146898807
4808,2659,1,1,0.05906261485085467,0.057726334014723914,6.251362363858368,-2.069549550371258,0.0929794550761328,0.2845304884850141,118.57645476016819
4809,2660,7,1,0.03447402510596599,0.052045326869537556,6.217519115444853,0.6316314724920952,0.0622607982052362,0.15464125273052204,-36.189817575425614
4811,2661,7,1,0.04046853646972634,0.044059056714731,6.259066787467392,1.2489303694114464,0.06619171516575974,0.23737187478357302,-71.55843905901591
4812,2662,5,1,0.046437415814397226,0.056289708052974285,6.24319109470564,1.0568430852658228,0.07534514425083995,0.2554735672119257,-60.55264838990656
4815,2663,3,1,0.03602563901821025,0.04421854668196054,6.159621256102252,-2.1291155662079913,0.06398404936852414,0.19125484491649875,121.98933604592459
4816,2664,13,1,0.040688685914152596,0.0687958862710879,6.345008822334927,-0.7122831477016845,0.07092105158167324,0.19809666925077374,40.810818180276655
4818,2665,7,1,0.043428031812993796,0.0655547012910059,6.426901456127434,1.0343334716882033,0.0770163370173683,0.27861238685968553,-59.262942526246334
4820,2666,7,1,0.037907075806706575,0.05323558439643859,6.180494009136214,-2.2705861469738813,0.06481602977504958,0.26145655339518253,130.0950032531615
4826,2667,17,1,0.0530852758087154,0.06545744104868662,6.308366446617662,1.185056276930279,0.08691741079779132,0.2583858898108676,-67.8987231187017
4828,2668,15,1,0.05585545527012306,0.055881338376323295,6.362580201202749,2.1325395939438394,0.08799892576630383,0.31469809848964914,-122.18551839470663
4829,2669,5,1,0.03445328594046504,0.06244725687104529,6.398516207473606,2.929584716899954,0.06070061547140148,0.24040821759502307,-167.85283999853667
4831,2670,17,1,0.05881288014504448,0.054051647546545144,6.2925056991937085,-2.247901820373713,0.09684029558863505,0.2752971900128881,128.795287068823
4832,2671,5,1,0.03143809016974972,0.06219955743957693,6.270146523856012,2.985402209957138,0.0525836689964695,0.23231037297979026,-171.05094677670883
4833,2672,15,1,0.0482188041580404,0.05036931600320766,6.123825092750772,2.9929217298781974,0.07703653981767729,0.25146410664313057,-171.4817835420899
4834,2673,19,1,0.07191074475846271,0.0688373550438143,6.128236785724159,-0.042808288727911446,0.12020673963055704,0.3690926855021428,2.4527341961863494
4835,2674,17,1,0.07356171087202167,0.05696657991428085,6.202393206767616,0.5620629340696432,0.11432993341725166,0.3369758067224564,-32.203834038453245
4838,2675,7,1,0.05556097318485949,0.07152814242635888,6.192943885882906,1.6629047359417968,0.0918490818605442,0.31627960456045684,-95.27742313536476
4840,2676,7,1,0.081014115902957,0.07760428372365939,6.2614511549208265,-0.8682521878040019,0.13199382079379346,0.3506620889923785,49.74718585378885
4841,2677,5,1,0.06672931570309772,0.06321912210290782,6.153635057120983,1.8435455102119664,0.10605739775444475,0.3531174143860478,-105.62737714726094
4843,2678,12,2,3.767351905134405,0.5302297640381751,9.214358606071846,2.0133205583104994,5.642848981449515,11.389220177368617,-115.33841232189258
4844,2679,5,1,0.05445600349839361,0.05930118371402312,6.166104350191881,0.1422214139488853,0.08784998401679112,0.2598004666109151,-8.148686816903988
4845,2680,21,1,0.031324737883238606,0.05501363801192909,6.1867120030439375,0.5094377845861795,0.05376016301219916,0.15732701102697624,-29.18863498673155
4846,2681,14,2,3.7782010341045913,0.5322260915401866,9.149310405613205,-2.4399179053813573,5.6590519307046065,11.445228200291805,139.81349897244982
4847,2682,13,1,0.05349063956134028,0.049783442207610995,6.214948551255488,-1.8381977056052505,0.08305271164297681,0.25185200694898235,105.32097047652572
4850,2683,3,1,0.05010304799767423,0.07768980759775683,6.273302603430639,2.2021535889241917,0.08316612612753027,0.39523030990912045,-126.17410650439767
4851,2684,3,1,0.05429586626653737,0.07235699319084557,6.182923236467911,2.5940545020227668,0.0875472137046726,0.323328272545557,-148.62837475947435
4852,2685,17,1,0.055586060681493785,0.06951962534402883,6.271114589828454,-3.0591031443892045,0.08508388502385635,0.2766496281208888,175.27369926921105
4853,2686,17,1,0.03918348835652105,0.058809080209260234,6.15656916910634,3.06075461985699,0.06631746447722509,0.24933909963730447,-175.36832183032885
4856,2687,21,1,0.05866542564679843,0.05707632347221389,6.1242412863351605,-3.1124114289426843,0.08626375012327683,0.27307958199053667,178.32803895320646
4857,2688,1,1,0.07826946975900106,0.06134416056889438,6.2784531447848195,-2.907158653112874,0.12696684692842922,0.3918442950429489,166.567921070244
4858,2689,21,1,0.07117754736525672,0.06205894387244093,6.3036120271766825,1.7424822488358842,0.11388432386675408,0.3626172768153223,-99.8368788266609
4861,2690,7,1,0.04144327895053258,0.0460690095696743,6.280459866214302,0.9497364919169367,0.07690305328332953,0.27912237566523995,-54.41589262373227
4863,2691,3,1,0.07277404097152254,0.05624238591229191,6.214000054080367,1.5281291084135444,0.11123605024936763,0.34952453508525216,-87.5553485119638
4865,2692,9,1,0.05514190424646324,0.06386643848699414,6.288707523953814,-2.6870179287438427,0.08869546902989422,0.24704275734586226,153.95478676560523
4866,2693,15,1,0.05855279103175273,0.059524208130304415,6.325820462152086,1.4691261173751384,0.09761281094494405,0.3128614792193349,-84.17472606443567
4870,2694,3,1,0.052550961897191294,0.055302070785300736,6.295698096234947,0.739120815982791,0.08200724717020036,0.3559310464157061,-42.34850331468429
4871,2695,7,1,0.06314460864883588,0.08408396358987101,6.252190774362527,-2.967126047295943,0.11133562002024254,0.3308388803913119,170.00379978486046
4874,2696,6,2,3.773021262898449,0.532914360363465,9.367261639002392,-2.8714564282611352,5.651315862299299,11.397335130456353,164.53876704651498
4876,2697,3,1,0.05293589103150731,0.0420696878133267,6.202587411348346,1.384267489263385,0.0814299769259064,0.23535375209022613,-79.31268482085144
4877,2698,1,1,0.07185280094554085,0.056771980149624035,6.333474279293756,-0.7518509277177212,0.11082578118548188,0.3607112392952808,43.07788501413551
4878,2699,5,1,0.03423257922005604,0.06951989624249387,6.252202562756803,-2.04273941297798,0.06310829697514407,0.20215596528367438,117.04034701452161
4879,2700,7,1,0.0322955100605025,0.05291953503342316,6.301301590806136,-1.584691236313957,0.053201402007942045,0.2010778331260546,90.79611967080096
4880,2701,13,1,0.0404243689466676,0.055706881081739545,6.263114414827599,0.6645142934900707,0.06943829668767117,0.16984307545486063,-38.07386444560081
4881,2702,15,1,0.04067616441045223,0.050598932650938726,6.121370561414506,1.9288488928638148,0.06145038695341122,0.20322469592155998,-110.51490088996681
4882,2703,9,1,0.04122591861416678,0.056256718667510114,6.3178303851594055,-0.8363090023744308,0.0723455973721319,0.17423486345414882,47.916976196488655
4883,2704,9,1,0.05501448275858459,0.05895795252688221,6.121678737795166,-1.8150566921269973,0.09105179216632357,0.3035907423824446,103.99508808292069
4884,2705,19,1,0.07853621371756925,0.07354111976393501,6.260021687503377,-1.4263563127637322,0.11877086027481822,0.38555704962264814,81.72419679021911
4885,2706,3,1,0.05205621768615621,0.04395020997388236,6.210217771343348,1.653329204302517,0.08230339510833654,0.22654603321228567,-94.7287855811476
4886,2707,21,1,0.05417091413642003,0.04848802065450782,6.260371957335715,0.5210694684190279,0.08432943774997403,0.2569222441554341,-29.855081401046576
4890,2708,15,1,0.060253513474251015,0.05983545453484953,6.239118642448748,-1.8566139474031504,0.10366153350430792,0.28301220466405963,106.37614342950951
4891,2709,13,1,0.02696587524482722,0.03183022416367423,6.267281073978671,1.9693736730596667,0.046727447134171096,0.13984940590867811,-112.83679975170253
4896,2710,7,1,0.05831470296199215,0.05236976525398754,6.268866086693595,-2.196596550358863,0.09219739282411804,0.3343128932274161,125.85571165948363
4899,2711,15,1,0.06078708441036011,0.05518725734028246,6.226279812400881,-2.6466006850975394,0.10224391894112365,0.31114798243353287,151.63904924619604
4901,2712,3,1,0.07467061980705801,0.07371855425401531,6.202286097865272,-1.4427166327262448,0.12490184648988868,0.382569975008294,82.66157398604713
4902,2713,9,1,0.04347590595488168,0.05743469474757767,6.297186188546573,-2.087952574559847,0.0702438449071434,0.23126341704182843,119.63087036014252
4904,2714,5,1,0.05275612997694363,0.04887677179733103,6.201045608023533,1.558010562841735,0.08257961363857846,0.25854440998850065,-89.2674296712349
4906,2715,10,2,3.7822486119611316,0.5287913256385904,9.224542707109244,-2.225721385157449,5.665096488597109,11.448255685211318,127.50788787235969
4907,2716,7,1,0.048429468000676816,0.06472448649312466,6.34639498694223,-0.2688407692472838,0.0744904582347129,0.2706588728699088,15.403441453002948
4908,2717,15,1,0.059200377531423626,0.05282559214222918,6.179570364653693,2.752377583670729,0.09602337839561126,0.2702401896823688,-157.69961912719572
4909,2718,8,2,3.7674777988750163,0.5299967423617793,9.266625366950192,0.28308361002584537,5.643037450446721,11.40900700147418,-16.203135993526818
4910,2719,17,1,0.058718778282386946,0.0524878274536054,6.20641494392307,-3.0657135174555847,0.09387172933107363,0.27821311520927344,175.65244577121948
4913,2720,13,1,0.049867119192457246,0.046651484699814984,6.070015834023676,-2.1848903993151265,0.08317473123372159,0.264082800243402,125.18499861124374
4915,2721,19,1,0.04625486935004697,0.06481487998557454,6.25882892524906,2.5231177464332935,0.07089077773039397,0.24234017505309988,-144.5639980838386
4916,2722,15,1,0.03136764546900674,0.05333693015749937,6.323576752456095,0.4855271339950927,0.0580055579304487,0.18172727520713547,-27.81865562258858
4917,2723,17,1,0.05486441368349426,0.06303414149219964,6.233646034406457,-0.4952675175247205,0.09432911122862615,0.32786803851846397,28.376738519502698
4918,2724,17,1,0.04821760038968992,0.046029794313391235,6.3061291655029725,-2.5665142522289237,0.0768777081510849,0.24702230488048127,147.05043469012537
4919,2725,17,1,0.031058085823992478,0.04183281604336694,6.374728338562847,-1.4311802124039301,0.04911252755849807,0.18933276828954043,82.00058589343384
4920,2726,6,2,3.7510125392663447,0.5267821057178643,9.042505280141,-2.5371971917699034,5.61844635869807,11.363528545830674,145.3868368281668
4925,2727,3,1,0.046095823634160045,0.05086855689431471,6.229053633330394,-2.07344921976503,0.07430737554756223,0.23559431836122713,118.79988934567659
4927,2728,13,1,0.0613459980920625,0.07149734429695098,6.197829966293256,-0.39504077441691987,0.10019770656290805,0.3650963076955848,22.634169148012212
4932,2729,3,1,0.05536536990970569,0.05395312323729432,6.309584650939754,1.810835335535802,0.08543329776314887,0.2813944302113537,-103.75322215394084
4935,2730,17,1,0.04721547398761867,0.046159065318468494,6.218489022924737,-1.8401997045784422,0.07329201871325242,0.24827667506921938,105.43567655394985
4936,2731,7,1,0.03832444984126254,0.052571507209538695,6.343723334654822,2.9984978739124397,0.0553151654458355,0.2807124533175622,-171.80127305302614
4938,2732,13,1,0.04404230803958931,0.05748036055937219,6.182617907987018,2.5727085073131115,0.07221143490436746,0.19486847068901536,-147.40533938028466
4940,2733,17,1,0.05392615703424531,0.07122327116259407,6.211237878759397,-0.4807573706765465,0.08997904262101064,0.32098634851677427,27.545368337862193
4941,2734,8,2,3.7831184647574174,0.5315223142132061,9.284780766720967,0.1701305378334723,5.666395443243889,11.46368318790934,-9.731196466200679
4942,2735,3,1,0.0573483762188949,0.048017657001749606,6.168900379051468,-2.331773600218786,0.09363193965890391,0.28868529076946264,133.6007861069316
4945,2736,15,1,0.04662376655693461,0.04434922584230733,6.226737395212751,0.04158793098448677,0.06952417075752367,0.2681902144318439,-2.3828129115887506
4948,2737,16,2,3.7773390998606926,0.5304589093068488,9.114434927420064,-2.0326496114978454,5.657764401366873,11.4316106181975,116.47873326718405
4949,2738,5,1,0.06206920710311932,0.06518362184864632,6.074427132881325,-3.1284821411803234,0.10324108744937704,0.3303299444632782,179.24882293577693
4950,2739,9,1,0.02643969542451936,0.03425562221877794,6.269474941733193,0.6925812389407013,0.04356967972828534,0.14729040567934265,-39.68198196203339
4954,2740,13,1,0.03329194228503328,0.04075292529723081,6.253102595372272,-0.02301057354115555,0.04785505548791714,0.172670565501714,1.3184087477132307
4957,2741,5,1,0.0658748938416161,0.0647598012298246,6.328030857927247,-2.1022653762303816,0.1040792835719853,0.3172151042843433,120.45093353953831
4958,2742,9,1,0.04095296132092068,0.06505513888353313,6.389906168858759,0.20689853149513512,0.06725374650255729,0.25030796885364226,-11.85441264959916
4959,2743,6,2,3.7980187965826677,0.5365782033697473,9.472441734879906,-2.911569954098863,5.6886472882275205,11.485416051972743,166.83743253062363
4962,2744,21,1,0.04590467807920495,0.058077460700023786,6.285108406762628,-0.6034520891860101,0.06811267393956025,0.25444055484132305,34.57525784740777
4966,2745,3,1,0.08045680443286833,0.06583460705244683,6.319766894536988,-2.261473381448343,0.12962276841836837,0.4388399154045649,129.57288035476316
4967,2746,3,1,0.043117621750305264,0.06737227017443781,6.4043786390157775,0.07669022231339628,0.05985303423683556,0.2538754292957369,-4.394026068987184
4968,2747,1,1,0.04093722788737374,0.05270521892273985,6.273303383456239,-0.38356464770905685,0.06573565499130316,0.2667199804174778,21.976635495707356
4970,2748,17,1,0.0755717442203219,0.06633898495337953,6.331650978855934,-1.7689829575817773,0.12013500724197541,0.36180250959309296,101.35525760975317
4971,2749,7,1,0.07563071245517751,0.0756705962215653,6.250496303837172,-0.4820921244110185,0.11385154508024971,0.4151966975860411,27.621844134677385
4973,2750,9,1,0.06514067993331797,0.05503941403852408,6.224460516241892,2.2469101453045215,0.10269558095868452,0.3636918695418871,-128.73846832949036
4974,2751,7,1,0.04565068902823234,0.059189959330719084,6.321695329600916,2.341850018687586,0.0793493419318686,0.31235991829933574,-134.17812232773642
4975,2752,8,2,3.7813714469716975,0.5301166587244408,9.292675029825558,-1.7500190533518116,5.663786588042687,11.447405085549013,100.28524813046187
4977,2753,15,1,0.030369252664139177,0.03533371906379719,6.193606593305673,-1.9083396113321167,0.049050154569583046,0.2099537249367342,109.33980561158901
4980,2754,17,1,0.07692371389742036,0.05766985899796243,6.298236003058358,-2.7383187550311385,0.11958936235642538,0.40581682151291926,156.8941075185662
4981,2755,13,1,0.05419965272343911,0.05767025716755131,6.214855935429196,-1.8133248332032939,0.08345082805805137,0.2654795365096601,103.8958598550522
4982,2756,15,1,0.047369666150736234,0.057910996640472535,6.293207639285352,-2.6013051082555885,0.08362857152913412,0.20493819426285684,149.04380392719162
4984,2757,19,1,0.09293445558036133,0.07644941835593869,6.292355024551785,2.008949900471588,0.14630024759247398,0.5589678757505694,-115.10435075323505
4985,2758,13,1,0.04483212634845697,0.062216588176357175,6.292097914557044,-3.0788664089164772,0.07478287347827173,0.3254005447455939,176.4060509027558
4986,2759,1,1,0.06580122961204062,0.057594071431633594,6.2501921163447856,-1.8714520494073665,0.1088164749754134,0.32732234332947974,107.2263040718787
4991,2760,9,1,0.03813195436917858,0.055686495203620484,6.180793536127277,1.6826471979433197,0.057050099661746075,0.22713810546559507,-96.40858284771316
4992,2761,5,1,0.042189349095378706,0.04272083757230777,6.28773729820918,0.5922661090596766,0.07216218416764876,0.19475446287016962,-33.93434839532047
4993,2762,5,1,0.06445564584308949,0.055408048263602766,6.13354433158907,3.1341769678751574,0.10657281437231923,0.2985742674258891,-179.5751124446168
4994,2763,4,2,3.7725540122747896,0.5306667597703418,9.236516679145275,2.508965278181081,5.650618181056483,11.431213951107845,-143.76954791913653
4995,2764,3,1,0.06837653898118697,0.08158062988256153,6.3460369057260175,0.5703994029827316,0.10593401115229369,0.41980622598327194,-32.68147849315306
4996,2765,19,1,0.040571530224067606,0.054514659835658036,6.277853757335126,3.0717239077224416,0.05788345144985981,0.19862055686762156,-175.9968157330604
4997,2766,2,2,3.792221982297703,0.5415614424133118,9.450046252230518,2.6025426547765926,5.6799907601850235,11.475608221871306,-149.09802457200138
4998,2767,13,1,0.054545594338011094,0.04683882398546768,6.190303345624287,0.5465460413614213,0.08662936260984555,0.2684472063035881,-31.31478151967753
4999,2768,21,1,0.06163325634356225,0.05211728749610854,6.296701542921332,1.3602654472365863,0.09109918350948873,0.28711658922956346,-77.93746911957842
5000,2769,10,2,3.7890555402586057,0.5347807681435922,9.279845104863789,-2.2393351915023323,5.675262318435547,11.480115058654388,128.28781170900234
5002,2770,13,1,0.07471980302167693,0.06227146034677926,6.256351946686186,1.6161252703864446,0.12097861779848722,0.32755549381260807,-92.59715721752544
5004,2771,20,2,3.7602162827087597,0.5311838938052099,9.194860456407973,-1.957592436363808,5.632192309350763,11.377656984778785,112.14551918586417
5005,2772,17,1,0.045153516766907716,0.0502775337026576,6.291558825532842,2.8973452562726503,0.07524013182471859,0.26118469772228425,-166.00565495394036
5007,2773,20,2,3.7682578621560525,0.5319124247824486,9.349670002159373,-1.167547609526817,5.644202192031285,11.410854413854866,66.91192071913201
5009,2774,10,2,3.7907565741152838,0.5372955633435262,9.398637644309206,-2.272043291314225,5.677802098877815,11.475184634518332,130.16182530553994
5010,2775,19,1,0.05978948415536796,0.05846787697785991,6.151609392476198,-2.4761278688785073,0.09354284588803748,0.2963421575254391,141.8716764530782
5011,2776,9,1,0.06487054402427428,0.04808955389819957,6.114061047317532,1.3182112522130243,0.1015778450849884,0.3038997019548852,-75.52794118957313
5013,2777,13,1,0.0316227908390725,0.04292063411981152,6.320384071913483,-1.9932466000953046,0.05930650944156329,0.15494806564659877,114.20461772237269
5014,2778,15,1,0.06297146661849927,0.053725046065154554,6.201869429882669,-0.4685476298185579,0.10370156895125543,0.3176426765728789,26.845801756706955
5015,2779,15,1,0.04017701228489574,0.060102661049620566,6.298078253447152,0.37882423118303615,0.06620931531976555,0.2506334242189867,-21.70502963359712
5016,2780,5,1,0.0336387629513901,0.06351358201209259,6.365533996277955,-0.4008545215429498,0.05704780958259693,0.25311005985121493,22.96727228599185
5017,2781,19,1,0.06450849815899873,0.04940483177690282,6.138801890799922,-1.2065347150505572,0.10138025441688786,0.29104332474811523,69.12934697171248
5018,2782,1,1,0.057133624146683916,0.0555849364765907,6.18812890633325,-1.818443992130068,0.0860748557899155,0.28138041837420247,104.18916604903421
5019,2783,7,1,0.04303255808311343,0.06965523221330297,6.372483784286968,1.2358216866268725,0.07223653378830724,0.23818734887353363,-70.80736686197022
5021,2784,10,2,3.779684025969048,0.5337576845170341,9.285223100844838,-2.3398357353081103,5.661266185876871,11.431032753384333,134.0792325043462
5022,2785,6,2,3.784775159382115,0.5283135742243553,9.190080220994089,2.3381268073217814,5.668869495307553,11.450023403104355,-133.9813851864985
5023,2786,8,2,3.7516687110768148,0.531582507151611,9.017847790981959,-2.0993188468977504,5.619426359628454,11.36071693833878,120.26595533384352
5024,2787,14,2,3.7710923056654404,0.527065451376733,9.064375433483542,-3.1140210255221543,5.648435258520295,11.414526857356682,178.4038546962207
5026,2788,13,1,0.040328431200834715,0.05386241948393473,6.181289151942234,0.33740257480985386,0.06128655695727749,0.19234432524166842,-19.331743544720094
5028,2789,15,1,0.045495278344255125,0.04949092963462363,6.10391946073219,2.5079503571788346,0.07469632612370147,0.20232593103531954,-143.6949706952564
5029,2790,12,2,3.775280263065202,0.5418545386766427,9.27055599343799,-0.4390342827608785,5.6546898370373775,11.432933000385907,25.13834918973204
5032,2791,15,1,0.06054089454102205,0.0549919572945872,6.1911556031064725,2.591785167588637,0.09394634028008714,0.297555272173456,-148.49835148949802
5033,2792,19,1,0.06913132891489654,0.0530133612307949,6.198438448421252,-2.0669835450826723,0.10715989067713134,0.32381022091881645,118.4294335340659
5034,2793,13,1,0.05382949169814246,0.06324796353151808,6.196471980050402,0.8351432340125944,0.09198801857597688,0.20490333367095287,-47.85018260797258
5035,2794,3,1,0.05903904355485418,0.06255542860664971,6.232114020697717,-2.2066588366301874,0.09255605373827867,0.3750409658776978,126.43223819624862
5036,2795,8,2,3.771692214519982,0.5249583850379789,9.009185153519253,0.7289070989503277,5.6493312471882975,11.423838234106395,-41.77971567877973
5037,2796,1,1,0.036606262580707795,0.060820090064680365,6.269420456864142,1.3699414102279786,0.05538589506131961,0.24322125945886117,-78.49186098435415
5039,2797,6,2,3.7536776082097227,0.5420247006978219,9.726780353844843,-0.8173299021829299,5.6224266255090685,11.401890102367734,46.81337337269693
5040,2798,6,2,3.7825301202136465,0.532025991553311,9.354434815979003,-0.7753568109506993,5.665516831844325,11.445286980210904,44.408115304893386
5043,2799,15,1,0.0428288144803189,0.08124269964063888,6.152463198941314,1.5755252598724532,0.06911200526104196,0.2600412089813792,-90.270947921486
5044,2800,4,2,3.7838174132343636,0.5359634519569463,9.130258625493983,2.1386145365817653,5.667439586586877,11.470571588372328,-122.51701241020348
5045,2801,1,1,0.055398727617271375,0.058612906425259376,6.361227108089346,1.2411105239094877,0.08744616979162803,0.28072925479393274,-71.11039489550599
5049,2802,12,2,3.7656413540426734,0.5274933088523431,9.17767728843615,-0.290286555033636,5.640294351177253,11.393418366951275,16.615858319223864
5050,2803,3,1,0.02858018077562484,0.056993421110715266,6.267708963705187,1.1242399100580667,0.0513792188526408,0.18686418650245212,-64.41420200247853
5053,2804,13,1,0.04304133197803143,0.05805121353902341,6.21008855926351,-1.9899187853895037,0.07147507843498191,0.19260810470912235,114.01394799587621
5055,2805,17,1,0.0725255698093395,0.06554736982290327,6.208324502250448,-1.077633857588635,0.1178309186706167,0.34641034512176627,61.743871802795674
5057,2806,13,1,0.07046018019142333,0.07198940085308292,6.274471679954305,0.30991012604740575,0.11722818571778562,0.3530366203416141,-17.7565423389791
5058,2807,5,1,0.055342356223896584,0.049901020730175605,6.259534072358241,0.8166500141477477,0.08542302834660782,0.26330153570486003,-46.7905991309608
5059,2808,19,1,0.03508436178174032,0.04805982304240268,6.230224911570244,-1.6141854657436592,0.052673476528950436,0.16907051845807283,92.48601453605046
5062,2809,21,1,0.062024872640013155,0.06989324305689161,6.195043301884642,1.2971981047162555,0.09372265878000141,0.28570453605874435,-74.32397657932825
5071,2810,12,2,3.741276507894349,0.5335709443416145,9.0331292880434,-1.5346874177634493,5.6039054160326245,11.343277338673186,87.94713208792643
5078,2811,5,1,0.06563370474657226,0.053525240861078516,6.33373208435517,0.5705036645052876,0.10233835073899014,0.3098014789344458,-32.68745223910841
5079,2812,3,1,0.07536068371386007,0.06416850355605613,6.216091271954357,2.748990009007919,0.11871268048785814,0.4080463230616702,-157.50552533840641
5080,2813,3,1,0.06444064644229992,0.061366065682760644,6.188486448716201,-1.5985392210176066,0.10113305537613113,0.2757505581969487,91.58955076689764
5081,2814,17,1,0.07092325181161215,0.08127018709446306,6.204165504064473,-1.999846683088653,0.11753608159572967,0.34900554911274123,114.5827746880774
5082,2815,9,1,0.04309432657162234,0.06118528669206746,6.162846589535431,3.050655133500125,0.07016495509083387,0.320872512586404,-174.78966388030358
5090,2816,12,2,3.7677199815761115,0.5289073851873823,9.300733786864033,-2.6321824947265515,5.6433988363246375,11.41029850377995,150.79658456744232
5091,2817,13,1,0.052992077635512495,0.07278445547907339,6.267021538084335,-1.913707314235293,0.09407889563281827,0.335335159237924,109.64735236896705
5098,2818,1,1,0.035182751330477886,0.04917797463103454,6.359428406035828,1.9586181365392237,0.059639812178220036,0.17458327636130386,-112.22055290755914
5100,2819,13,1,0.0869407981920399,0.07202370781571699,6.294824190056061,0.5519599510774728,0.1475102050066189,0.46760483025604016,-31.62497586258373
5101,2820,2,2,3.7827061027271616,0.5287993671088669,9.332846677540518,0.40581193853975056,5.665779479835378,11.426196052605578,-23.267871243880887
5104,2821,7,1,0.04565361847573347,0.07887339979559138,6.39843427218278,-2.1074817991434296,0.07795508332444555,0.3231524191664218,120.74981249303292
5106,2822,1,1,0.044044789970019024,0.056779262875973825,6.323963404979523,-1.8794365063143128,0.0721998045257887,0.20743064224630556,107.68377969495852
5108,2823,9,1,0.04294513962352665,0.05177767246647421,6.3456192356667085,-2.19884654869789,0.07582847096252518,0.24324183520936069,125.98462704107588
5109,2824,21,1,0.07392573221605245,0.07649038494922239,6.21283749956992,1.1153687749388597,0.12205994401897226,0.325992564720037,-63.905923324137575
5113,2825,5,1,0.04739829797321985,0.05743534356215511,6.213949945373289,1.6801138401150988,0.07002935879859538,0.26606587711624213,-96.26343214759783
5114,2826,10,2,3.766653107745454,0.5299613783461886,9.285154874149283,-0.6349730142261725,5.6418055503457065,11.404315076774605,36.36492446620407
5115,2827,9,1,0.041460477316657654,0.06449353004444215,6.374225985559561,-2.6884963852839934,0.07215572062673392,0.22776457230870326,154.0394960961044
5116,2828,7,1,0.05414902491937812,0.057634364471854035,6.24297782765199,1.55833017258829,0.07853225275564718,0.2470588448874617,-89.28574197582111
5119,2829,7,1,0.07915032206538913,0.08403415630937888,6.209803722552496,-1.9470503792405531,0.12094350712490655,0.46491022362136153,111.55776932428802
5121,2830,17,1,0.0396147266209086,0.06303404785424822,6.305623334688619,3.114742788853958,0.06240667108027175,0.2663586093595805,-178.4616160717066
5122,2831,21,1,0.06382566120286305,0.06094836849013595,6.210670392515428,-1.7618383547238219,0.10428818289485836,0.38241015162542763,100.94590197608468
5123,2832,17,1,0.045411818540651516,0.05156482470901218,6.186056621407798,3.0140893663310484,0.07260431959284845,0.22909213327613995,-172.69459974688118
5124,2833,17,1,0.06047129636114259,0.04643895718088203,6.248767014106727,-2.5520820036836054,0.09788137023906208,0.2687425115394704,146.22352774778656
5125,2834,2,2,3.7817360491230745,0.528637714502338,9.224780684812076,2.4016217644095192,5.664331005341148,11.441892680647966,-137.6193382098506
5128,2835,3,1,0.029974206346871514,0.06553449078422406,6.307891522914306,-2.9643320881166617,0.05358156176777583,0.2572315635477789,169.84371771868706
5129,2836,7,1,0.03948449755538147,0.07956554299951435,6.3756292820507605,-0.8702617639945491,0.06421492888541662,0.20914530095462106,49.86232614933899
5131,2837,3,1,0.08411469652023212,0.06377841374872889,6.238456790701062,0.369932378615133,0.13287102867997058,0.3802514646743019,-21.195564148803577
5136,2838,1,1,0.04484151983173991,0.06802848049327326,6.178836183635661,-1.2248393880393782,0.0741150732994883,0.23968863647617666,70.17812750445856
5137,2839,20,2,3.7687175533873463,0.5415174497311287,9.645314023251428,-2.500745912777847,5.644888624326065,11.392312991195094,143.26581010936908
5138,2840,5,1,0.0880873538901879,0.10229108205469889,6.316900252814945,-2.9397383457022137,0.15662857616728898,0.4416956475747577,168.43460002485622
5141,2841,5,1,0.038963152784781685,0.057304162176462406,6.205529649218787,0.7287397660095771,0.06889449215707405,0.20090976763288407,-41.75371294911351
5143,2842,17,1,0.03300109091988467,0.05475427435650903,6.256006028628656,-2.546904478507457,0.05541012957443866,0.19164162610540855,145.92687743736826
5144,2843,7,1,0.0656532153186317,0.05391360085763803,6.20962825939092,0.3846494265741565,0.1082268112457082,0.3463000490901676,-22.03878880852817
5145,2844,9,1,0.05018061278815766,0.043300895883379764,6.209041003361684,3.054424652725928,0.0710785282818783,0.285213648256289,-175.00564144438536
5146,2845,19,1,0.053901876178858645,0.046048854764486544,6.247498143890592,-2.8817086473757594,0.0880115132617314,0.2608281773296389,165.10974323909863
5148,2846,21,1,0.04619443785576626,0.035457046076438306,6.248878884923386,-1.3255677241111172,0.06688375737038377,0.20867060978819013,75.9494360399908
5150,2847,13,1,0.03659008942204066,0.058261326174628356,6.309574992958641,-2.0773001887623894,0.06403564783660314,0.25177478705138656,119.02053360652658
5152,2848,3,1,0.04484655922651737,0.08102708886781894,6.2576029977144145,-1.3250516310442417,0.07457995445557276,0.27065107707884717,75.91986607701297
5153,2849,21,1,0.06770934108259402,0.06471831326053694,6.091001242213378,-0.7856906393515906,0.10662548610001794,0.3272546634593293,45.016757710119364
5154,2850,7,1,0.07087104242720166,0.06850806472122109,6.2757714639511155,1.4592642256096617,0.10968054536627687,0.31050778181007327,-83.60968125068726
5157,2851,7,1,0.0639033053511567,0.061404338282984784,6.230788788554542,1.9919660141428135,0.10323350010840697,0.3949548825282494,-114.13124560848729
5158,2852,21,1,0.0601979570823934,0.05743744055959133,6.158302307219166,2.864104315178039,0.09394418004339077,0.27595579001178755,-164.10108929978458
5159,2853,13,1,0.06149962878987178,0.05585734659008088,6.261024359231495,-2.490210903525151,0.09630226486635582,0.3249718621509143,142.67857482848757
5160,2854,17,1,0.0828739385785638,0.07346369362313812,6.298979103811283,0.23346418866536517,0.13571677631900678,0.4570771055976252,-13.376512829535335
5162,2855,20,2,3.77002464075713,0.5372596464315013,9.461308821354676,1.980598064845393,5.646840831511914,11.409991725442673,-113.49630344640329
5165,2856,3,1,0.06075552903764737,0.06611798447751721,6.02558006169675,-0.28282070878312926,0.09978015560790483,0.3484200120394298,16.20443302394841
5168,2857,3,1,0.04501151319592445,0.06240964587069723,6.261607625968523,0.5629103793258602,0.0770568009487413,0.213639136908496,-32.25238898803729
5170,2858,9,1,0.0671453222689957,0.06305763701183997,6.233851728867694,0.9114111104088823,0.09600544600361463,0.3807062119297864,-52.22001002526456
5171,2859,15,1,0.05437070391023465,0.07001045118826825,6.248701037623115,-1.2511451959352593,0.08757679052542913,0.3412928853579649,71.68533925194234
5173,2860,15,1,0.0487389248149364,0.03943008335879551,6.283459669939851,-2.749360781048332,0.0810695750101104,0.26009264177307834,157.52676908558476
5178,2861,5,1,0.04664741109429482,0.05537299932979588,6.431571728523767,3.095116164985125,0.07180965050572936,0.2564672794535173,-177.3370933582546
5179,2862,15,1,0.053669050203914916,0.0729851612830877,6.366868930411946,2.1726673416625633,0.0826902128958093,0.2442223006904411,-124.48466895744218
5182,2863,21,1,0.054950067675339095,0.050378504844217166,6.186819955895601,2.9922391029018187,0.09099994903833875,0.2826519920986989,-171.44267185145276
5183,2864,21,1,0.07120713706332428,0.05789574894938284,6.215074003819561,-1.0259751192643618,0.11624707298761132,0.36887828077153656,58.78404413171399
5189,2865,3,1,0.0469906970079168,0.06232707919518398,6.18851025670657,0.11987844109991484,0.07344012732979296,0.27303732851664725,-6.868528723673874
5190,2866,5,1,0.0800916367223351,0.08453666927218514,6.221306832867606,-1.4408148280870579,0.13706421346238382,0.44069187465369014,82.55260874158151
5192,2867,5,1,0.06032339687748716,0.06148832534754126,6.2191371947426095,1.3802205603483677,0.10073467952519517,0.32979452685606325,-79.08081284713914
5196,2868,9,1,0.0684881977624522,0.0823847618839217,6.262448461181588,1.2038391219046258,0.11411748981199113,0.32331267589485085,-68.97490083063768
5197,2869,7,1,0.07142823277594214,0.06324506199463344,6.30121869556287,-0.7440049667405121,0.10481830620847947,0.36471364651622934,42.628344517545194
5198,2870,15,1,0.02922922454945533,0.04880701803450381,6.141844046807793,0.8492135609449419,0.045579950792613594,0.15669669139319853,-48.656352949952556
5199,2871,21,1,0.040076484679642456,0.06329699654255277,6.177080134172169,-0.10281974040434971,0.05874893961531774,0.24051409191731485,5.891137183740629
5201,2872,9,1,0.04263291427000057,0.05753449863934168,6.304392226758707,-0.03650022343110841,0.06682875391872743,0.24553663626262826,2.0913087567834237
5202,2873,7,1,0.07226737782878281,0.06745108916220321,6.2431790789312345,-1.838017601612618,0.11679690142587423,0.33722830458710173,105.31065128976924
5203,2874,21,1,0.039369068416301015,0.04427032865727208,6.145592745335742,-2.672854713453222,0.06752839895232653,0.1806680396957235,153.14329432217062
5204,2875,18,2,3.7800024116353628,0.5371975610029929,9.45831159267689,-1.3083517989477569,5.661741944593206,11.436977289001986,74.94651189935345
5207,2876,9,1,0.04779342397970993,0.07464684073071283,6.376257569437243,-0.05201151821565431,0.07700292248437912,0.23768834746615816,2.980040502085982
5210,2877,21,1,0.058806220060862106,0.08322521848409471,6.244948787841914,-0.03004394032700619,0.10694545617798254,0.27181392292990214,1.7213909511671586
5211,2878,5,1,0.07626571598989408,0.050491545521461144,6.297302299024218,-2.523636727613959,0.11863557865217994,0.3429226674555887,144.5937334430261
5212,2879,5,1,0.04873357278643058,0.06994836583255494,6.192729278716146,-1.1711935780929694,0.07778951101312025,0.3101702613014891,67.10444899506079
5214,2880,15,1,0.07515845314212827,0.05978057979596121,6.260640155982344,-1.1424110677943402,0.11665920450935653,0.35331397934168995,65.45533255199867
5215,2881,15,1,0.04908820206477087,0.07634018228819164,6.34134815284851,0.813648211443529,0.0905748040095073,0.2998336289573552,-46.61860851909739
5216,2882,3,1,0.0527325685455159,0.04822067979933287,6.197451367795242,-1.2752885299104362,0.0871880224238487,0.28691970752057216,73.0686503892563
5218,2883,21,1,0.06073995247265971,0.07011087067990181,6.232889871101798,2.188461773519123,0.09545901179819741,0.29052137715303034,-125.38962329267632
5219,2884,9,1,0.060412171715875505,0.0727633327653077,6.329531783336609,-3.0617489729297294,0.10063096553633452,0.2966734569184667,175.42529404545266
5220,2885,8,2,3.78176795572541,0.5357714060975682,9.290779385811986,2.407831310754121,5.664378387912731,11.426417797243008,-137.9751194237629
5222,2886,2,2,3.7762673798150304,0.5279460107409912,9.280601083682088,-2.4068108992664885,5.656163739652277,11.414272625357683,137.91658184241192
5223,2887,21,1,0.028310341765512156,0.04351833323189645,6.132227647006501,-1.8280918256869227,0.04242606771603584,0.21645730853710837,104.74194617661892
5224,2888,15,1,0.0677014051086369,0.06412094511653144,6.13858951958388,1.3217071059853642,0.10609104996209778,0.27145206714144515,-75.72823889220501
5226,2889,17,1,0.05343833259299764,0.059500590356357345,6.320479475455616,-2.7268240650949935,0.08285177433760797,0.2468709781024446,156.23551038788733
5229,2890,17,1,0.06305847346802655,0.05145001340982985,6.283991574466895,-1.217463616585797,0.10232419956741824,0.3422777379449567,69.75552687198626
5232,2891,17,1,0.06069818763017755,0.07334776994101525,6.228776672109456,-2.404031417126829,0.09305968009338407,0.2886998718617945,137.74085398248172
5234,2892,19,1,0.04387643034370769,0.05626756594255924,6.211947542651024,-0.02294838914805874,0.0624400990441194,0.2344196172494147,1.3148458386141826
5235,2893,17,1,0.06341351353813611,0.05912454854993065,6.149303391506419,-1.2517079453822684,0.10770271083008078,0.3699187359803877,71.71758237881129
5236,2894,9,1,0.0588148432664468,0.06277231957145224,6.308752237555851,2.5568476837880096,0.09693378282458152,0.29990371646134506,-146.4965810900132
5238,2895,13,1,0.05149819787474583,0.06785561151233754,6.290175512351107,-1.9953815655338696,0.08176258001725902,0.23534107283812236,114.32694224343366
5241,2896,3,1,0.06964831187368249,0.07579809086135605,6.240171363360867,-1.1820847764827827,0.1114288377941952,0.3463350117890723,67.72846868776776
5248,2897,13,1,0.03053292336818668,0.06271548788364022,6.272031555798836,-1.1260703453292047,0.05566673528467119,0.18430355480934907,64.51907821555257
5254,2898,14,2,3.7611259482293913,0.5304382365976663,9.184240578836917,-0.6415267787073327,5.633550791572413,11.390443534881031,36.74049958447803
5255,2899,7,1,0.033271371163783724,0.0517778341563519,6.3615020788167636,1.3897592158993335,0.056242584748491566,0.20742011267695248,-79.62733760878929
5256,2900,7,1,0.077003056187125,0.07543668084579871,6.226789532638733,2.319057135443633,0.1202514512725976,0.38420978560680596,-132.8721863724383
5261,2901,15,1,0.046870813002826237,0.05727557358056055,6.275206370656442,-1.2525310652670396,0.07474221726302736,0.2609206644685158,71.76474372710511
5263,2902,15,1,0.03834895294859587,0.04902343133956379,6.223539030360132,2.6306139814291454,0.06457748551180809,0.18394410528418276,-150.72307865904048
5264,2903,17,1,0.07329175957923323,0.05443151386423254,6.229199119225874,1.3034291065970114,0.11333995488868394,0.3349741390562333,-74.6809866207831
5265,2904,17,1,0.040854779457352504,0.05225527594049951,6.286056237881957,1.8398501578407243,0.0690184657099908,0.2915908598824199,-105.41564899357152
5266,2905,3,1,0.03920776873148912,0.0479035330754831,6.301598411824205,2.8518229185029247,0.05959899696537237,0.20665846097400187,-163.3974171433888
5267,2906,12,2,3.7793947687494076,0.5313459886916037,9.305235788924573,-1.8810114477016397,5.660834455402265,11.444060227416417,107.75750086131903
5271,2907,9,1,0.044275251764375675,0.052559555428043664,6.107960884406456,-0.22082442466466592,0.0640154081497319,0.27488309794627924,12.652307547971532
5272,2908,1,1,0.06457429347976684,0.07476655238882926,6.22293102443384,1.625372361940399,0.1108601356782504,0.40864193423470313,-93.1269765457547
5273,2909,19,1,0.05772879503581814,0.05544782733697068,6.151074191824339,2.497994545768673,0.09171942331987008,0.30356447367527867,-143.1245446698919
5274,2910,1,1,0.038772469909990934,0.07221395983148858,6.173602795611246,1.9371783938104887,0.06656552744805608,0.22484151262758628,-110.99214613940856
5275,2911,17,1,0.06636487982748658,0.06596208231591134,6.307005752686971,-1.8898935053519381,0.10541918991548886,0.3861728944424495,108.28292165612194
5276,2912,5,1,0.05195267969677162,0.07007612710054446,6.168377421985252,0.07484232338518422,0.08824444585887645,0.3112848123499094,-4.288149288822215
5277,2913,19,1,0.035060811687742985,0.07267209678618013,6.236487132871608,-0.9789936013609003,0.061972218474041094,0.23669071097169753,56.09220152429629
5280,2914,21,1,0.0656206776267375,0.05945262709519819,6.209347482258374,1.1710445844250608,0.10596234262846915,0.33627097351394847,-67.09591223250794
5281,2915,15,1,0.06067938069193669,0.08537941465212641,6.265159073945376,-3.050383147056007,0.10281843113823973,0.3609249164946606,174.77408017385102
5282,2916,4,2,3.757387092177649,0.5304287033306959,9.069578034209597,2.9873585615632665,5.6279666298873385,11.361171750154895,-171.17926610637443
5291,2917,17,1,0.04783163341450564,0.04067538576788116,6.253779851611026,-2.5631000922183693,0.07807155783374223,0.20736817215420075,146.85481773402157
5292,2918,18,2,3.759917984538443,0.5307914377120508,9.127364263981635,-0.6868677176055411,5.631746473169927,11.379562149190543,39.33835974973631
5294,2919,13,1,0.027625743864950262,0.055598879080666165,6.207241305967767,-3.013200775841428,0.04564622114961067,0.229033034953944,172.6436872800481
5299,2920,7,1,0.06686759445644629,0.08877955975319869,6.146051302387261,-0.08762237827830344,0.10591327706551994,0.3692225091516547,5.020392523394561
5300,2921,15,1,0.04661296380002259,0.0813221283250981,6.169853517502981,-1.9868269784303003,0.08053615126070306,0.23964201893513412,113.8368005051777
5302,2922,9,1,0.05041949791542883,0.056976181567038264,6.190685879532925,2.688539229661201,0.08154904177147784,0.3105942296131874,-154.0419508866339
5303,2923,13,1,0.04367026430474178,0.05127641531676235,6.278119286998924,3.01179663054319,0.07512608617268568,0.29733915632318764,-172.5632356612261
5307,2924,15,1,0.03995031396227914,0.054579673646123185,6.231417488376266,-1.1721166528410862,0.0638210043287456,0.2122765766056505,67.15733729239959
5309,2925,17,1,0.04527152502749219,0.0597248872787183,6.348227488158988,-2.9684144862351602,0.07121288596502298,0.2710643761520825,170.07762189356987
5310,2926,20,2,3.7855351158515913,0.5335059747108644,9.209253736685994,0.4229150234850406,5.670004396753902,11.44311235931364,-24.21464875655115
5312,2927,1,1,0.08856935602009147,0.06968164964999157,6.207582029382478,-1.8488321240606749,0.14108835144414908,0.3927001449595331,105.93027787812417
5313,2928,17,1,0.03672872874371911,0.05853340281877042,6.3863977862982315,-1.8176467573212212,0.06191365414699791,0.18022736901487083,104.14348784724004
5315,2929,3,1,0.048525679371669954,0.05729830353213036,6.230623501822885,-2.8680280167480547,0.08159291068758864,0.2552357943891764,164.32590085541392
5318,2930,21,1,0.04895885849563176,0.05987502560419354,6.228883527476174,-2.7376554499292336,0.0785796308493455,0.2821441854898088,156.8561030213679
5320,2931,9,1,0.06888822943090774,0.060357579487227316,6.150908732763534,0.4405356384388614,0.11341271691846894,0.30066304699011714,-25.240832890490857
5323,2932,1,1,0.038051036993097094,0.06267310912337827,6.228840157424725,-3.1365604249708565,0.06031828625716551,0.20525956111940447,179.71167453254319
5327,2933,3,1,0.046307228966759,0.06433760641772278,6.3016276295111675,0.11080733081437787,0.0807787739354812,0.2796337230969139,-6.348792421998623
5328,2934,3,1,0.05377827959005752,0.045854325579215545,6.379865620207753,-0.2032632691391462,0.08416454516358113,0.24140148648868923,11.646127482246898
5330,2935,7,1,0.04418099356964476,0.05567852253407225,6.15967588123525,1.9502453976726004,0.07209233536546439,0.2066109276010171,-111.74083032085218
5332,2936,13,1,0.04501668505499636,0.049520824669206306,6.277145622246732,1.412360377679116,0.06536990039388016,0.2841904443133731,-80.92228878166841
5336,2937,13,1,0.07282224115534744,0.05645506849033279,6.095515866527441,-0.785847046029535,0.11439806967229409,0.3690309263269167,45.02571899906316
5337,2938,19,1,0.06954672741109208,0.08252241692588592,6.140641066690915,-2.9969176644396915,0.11908795675478463,0.3336892267473526,171.7107337460234
5338,2939,17,1,0.05072660215118957,0.05968331706005477,6.274249645832525,-1.9235558543497293,0.0838026664664357,0.23463431114226665,110.21163214303634
5339,2940,9,1,0.06030645191647288,0.06021001878568432,6.1846820405592515,-1.886526932793787,0.10054976833152746,0.3353884179973249,108.09003125136753
5340,2941,8,2,3.7979200328518927,0.5364048830999204,9.277076554978606,-2.558243996524541,5.6884999328760895,11.489328166752015,146.5933450666468
5341,2942,6,2,3.7825606913259513,0.5263158593123276,9.138385076522166,-2.442473410357805,5.66556232519966,11.431622581524785,139.9599759636286
5342,2943,5,1,0.03683664518996176,0.04823036932176388,6.294607639681297,-0.9274789796545029,0.06497114649252095,0.18500959864835814,53.140631117269656
5343,2944,1,1,0.06677179221532986,0.05719627644557454,6.2372287217124835,-0.1960020322324883,0.10415943113476454,0.2994691903247468,11.230089250905872
5344,2945,15,1,0.0661638440719281,0.045155534894723647,6.281082737506487,1.6212006246628252,0.09544642996235106,0.30311221350161227,-92.88795354657105
5346,2946,19,1,0.045122561343999036,0.05257601170143971,6.226896838566701,-1.8587423881239358,0.07090453589040026,0.22453993470542521,106.49809405907752
5348,2947,12,2,3.784502828000167,0.5296588119231732,9.255843971789544,-2.9625886710567313,5.66846301683679,11.441216258970828,169.727243727467
5349,2948,1,1,0.0489073224565743,0.05168075016920342,6.273244328202292,-2.052698559689658,0.08569646918825775,0.21643970000492352,117.61096411054329
5350,2949,9,1,0.04120781732638613,0.05321718791322624,6.186145585384889,0.6314757081848578,0.07054690808667352,0.14884068219990565,-36.180892952010296
5351,2950,5,1,0.0572381140623964,0.0609327821454949,6.2461731178603195,2.5137777756776765,0.08737245824315308,0.3216694792922775,-144.02885719523098
5352,2951,9,1,0.06804912428673439,0.06959390159665023,6.15517419956573,1.3563693716491487,0.12046655422353127,0.3842646445301237,-77.71424035484533
5353,2952,17,1,0.053619337027684746,0.06143979401527629,6.376465679185282,-2.220467633098359,0.08617434414025649,0.3060806804114851,127.22342392154385
5359,2953,13,1,0.0850728171755511,0.07358225836310922,6.08245493689359,-0.21091941184925322,0.13794246638641394,0.3961295364867633,12.084792091883442
5362,2954,21,1,0.0634051271180226,0.051565942352810354,6.171261487777611,1.7745200536167036,0.09631377673823478,0.29232298904261456,-101.67250976764213
5363,2955,15,1,0.03350755332550795,0.06318425175036481,6.3214489166443535,2.594327379460508,0.057484133342730795,0.22724178922753815,-148.6440095144208
5366,2956,9,1,0.05244047544153614,0.06762604703020988,6.2511145675064945,-2.597167272039973,0.08875851745774709,0.3145080142726189,148.80672333540716
5367,2957,20,2,3.7258935105530107,0.5408923129519269,9.222638910903411,-2.899265733571923,5.580929741975632,11.284393009826312,166.13151303895233
5370,2958,1,1,0.0477903073657855,0.06560567256402774,6.338355875500773,0.3683395063046388,0.07993668059496677,0.3313686275416353,-21.104299147828048
5372,2959,21,1,0.04545526061976206,0.06904529585713383,6.150033771953477,2.7025691359982402,0.07664547695980352,0.23354643861725527,-154.84580531454947
5374,2960,7,1,0.07144252539631796,0.057143209018334466,6.270915281261944,-1.55941317980482,0.1072123886526575,0.3459651209354422,89.34779371858349
5377,2961,21,1,0.06906728755584612,0.05791998173632095,6.12762282224925,-1.7105942469673823,0.10890324770049818,0.2912816087182909,98.00983079761586
5379,2962,18,2,3.773203707492869,0.5288028313177339,9.315165016127665,0.5856885702176777,5.6515883695725915,11.409920988545412,-33.57391822994694
5380,2963,13,1,0.07048034929099065,0.058941682803539966,6.145783055305659,-2.4088603069081054,0.10738259766173089,0.3871862548186306,138.017529051413
5383,2964,7,1,0.05106328398905316,0.05655949599701494,6.259225886818794,0.21873403282934187,0.08831786188763123,0.26363039506602925,-12.532536945711621
5386,2965,1,1,0.05243318058378287,0.05199722711812879,6.2261251621213605,-1.1053486665456556,0.08556867691193586,0.26280614618028825,63.33181345323332
5387,2966,21,1,0.07455868270338749,0.06513003300974594,6.334727981933425,1.9895151991903708,0.12005244324315784,0.383940771941367,-113.9908242723086
5388,2967,21,1,0.03555766118304789,0.050478272966079686,6.2617950523865975,-0.5894232730745291,0.06232304833875465,0.23391419140032707,33.77146590154011
5389,2968,17,1,0.040553310987580506,0.07243666957520914,6.325411119655869,-0.48776893723406567,0.07323421216764893,0.21431654939362962,27.947101491102206
5390,2969,21,1,0.033856901912390915,0.0533563389073965,6.125308075846848,1.4405150078735824,0.05269551877432213,0.16800929548199497,-82.53543027051333
5391,2970,5,1,0.039474529987081036,0.057528508816297674,6.203304823217542,-2.658711916392463,0.06413095500639446,0.2118622016009556,152.33297173513213
5394,2971,13,1,0.04275897949950408,0.057539799483271925,6.27560474566844,-0.5451215177197657,0.07123552213723539,0.24701451451624112,31.23316229619287
5396,2972,3,1,0.03511990739708193,0.04654393993055656,6.2315167038731625,1.5207549508235374,0.05347869026325816,0.23557482678692282,-87.13284035611508
5399,2973,21,1,0.061268792099537686,0.07421049549391812,6.327556438060468,-0.6132011526658915,0.0992573733724349,0.3156127803942571,35.133838087316924
5401,2974,9,1,0.039602819866553715,0.049684014244260465,6.231335947678582,-1.1957084317592397,0.06167574812404062,0.19118018182271615,68.50904665569513
5402,2975,21,1,0.05634531459782908,0.0562355267469039,6.246558354176799,-1.837441620595811,0.08785681802723552,0.2999758966378006,105.27765000167682
5405,2976,21,1,0.03564774491839041,0.06654462589382429,6.277395911229774,1.6443389961360304,0.057644898261392186,0.21079258702536108,-94.21368456744153
5407,2977,13,1,0.05825356529041712,0.07706206722044598,6.304539592745331,-2.5292050355787095,0.09077340653326713,0.38331040089086316,144.91277406284985
5408,2978,9,1,0.04108662349989654,0.055389925820604424,6.310050626903195,1.9761490716208856,0.07106538022624233,0.29748151758599667,-113.22500150004923
5409,2979,21,1,0.03827462376021063,0.05144847507586231,6.243598184782919,-1.0583924415313612,0.07138306780379762,0.23117973606780967,60.64141996260168
5410,2980,21,1,0.05793060293544295,0.0622520585883351,6.2241275994557155,-1.499425919363396,0.0913935688015639,0.2890925880193386,85.91077688548732
5412,2981,1,1,0.05530186714464965,0.057933334830393174,6.1689954426071445,2.8553098344606282,0.08487102874182341,0.26215993296283885,-163.59720268515224
5413,2982,17,1,0.03285584981918245,0.06533760099071151,6.450403546701236,-1.2874652246490896,0.05321021311806782,0.21745659547495164,73.76632363639244
5414,2983,9,1,0.050329217055575096,0.06982485468990542,6.426585713267283,-0.6166245760297506,0.08523336163172958,0.3290567396108928,35.329985766354426
5415,2984,5,1,0.05769545889463122,0.0651304338948428,6.3098665026108245,0.3523037569559999,0.0936064414306795,0.3161582180927732,-20.185518424595493
5416,2985,19,1,0.05313834152867486,0.0577246148483868,6.277619446463448,-2.9148086770495425,0.08255210592132806,0.2481706530449985,167.0062352693972
5418,2986,17,1,0.05131493058737365,0.0595258095186879,6.434600703930538,2.381254854232247,0.07985715341552378,0.315789889758794,-136.43585308687594
5419,2987,14,2,3.773746123878721,0.5287400689415359,9.106594324845943,-1.922121725020475,5.652398550993827,11.41947965238369,110.1459047046833
5420,2988,10,2,3.7757082617228073,0.5307536009079316,9.378429558216862,-0.35094722701408554,5.655329050844968,11.430531717473603,20.124262825933528
5421,2989,17,1,0.03115833286112996,0.06214954914622363,6.240378798389267,-2.7173349240443017,0.054711380743285784,0.219987450631558,155.6918226636626
5422,2990,19,1,0.04761515003157274,0.055203409485903195,6.2909436980618345,1.8623701874570917,0.0775352832112757,0.26273279682948913,-106.70595165770338
5423,2991,15,1,0.04972939089608332,0.05651206193740492,6.202422352804089,-2.159993539469986,0.07884864042659195,0.22476398783666265,123.75851359900206
5424,2992,19,1,0.0431224047811576,0.05267549048630911,6.383171758162609,-0.1325980777576965,0.06600520844282631,0.2315921377673724,7.597310232392394
5425,2993,9,1,0.05479513733594518,0.047843695788261364,6.279994886243321,2.221696711901523,0.09714384184311185,0.28299188064317854,-127.29384499177903
5427,2994,19,1,0.05892147790182982,0.047696422735642084,6.224231274690623,1.8429687249231648,0.09315166805516861,0.2699181290477518,-105.59432975856646
5428,2995,21,1,0.056261708991122567,0.07539684171633906,6.100001634263211,1.6864992546452475,0.09889395358484869,0.31239783635029367,-96.6292894944621
5431,2996,2,2,3.750334510260035,0.5299941456245676,9.112568947076147,0.7049742497745091,5.617433625855092,11.361037331350229,-40.37591201190901
5432,2997,16,2,3.79729040748632,0.5366430684894362,9.238843639067452,0.7852331824835758,5.687559735608951,11.483734530234646,-45.007300032365684
5433,2998,1,1,0.03459335372473578,0.06046102071670771,6.274873271890946,0.8865021610993941,0.06299662313024403,0.17185632392590067,-50.79283235469608
5435,2999,6,2,3.7771245070974824,0.5250236370224073,8.912863105787476,2.9958751747634107,5.657443869626938,11.431018724562524,-171.66748993593384
5436,3000,5,1,0.03206707237004904,0.06900271089227339,6.2033725686903844,-0.6629561911478353,0.05184638357496299,0.20984607213318776,37.98459175957582
5438,3001,9,1,0.0830365013809863,0.06302122101290332,6.228254832562493,-2.4936675409278557,0.12594459006919895,0.40484367254471465,142.87662552594742
5440,3002,18,2,3.7655368540093224,0.5344039811526072,9.310162625102139,-0.010928736983877531,5.64013836327978,11.396750772573583,0.6425052717158478
5442,3003,10,2,3.755981846223414,0.5286467605481942,9.048476804998938,1.2120110771831045,5.625867984699893,11.356483658237105,-69.45932982689963
5443,3004,21,1,0.054632437808407326,0.07101825683991936,6.164200088869008,1.1901817646238824,0.09207092930405544,0.30426948362946205,-68.19239193675217
5444,3005,6,2,3.777333264928448,0.5293562309649522,9.150397572674258,0.8707481500966553,5.657755765594323,11.427640121946341,-49.90668324713164
5448,3006,18,2,3.7661146050057397,0.5385653836426445,9.493264615857004,-2.1468259110571206,5.641000917294141,11.377328464538635,123.02040636984626
5449,3007,19,1,0.059482500687177316,0.04462514878642883,6.181611540431654,-2.549348962781573,0.09646253799422226,0.2732470459677659,146.06693602630438
5452,3008,5,1,0.07054009147782607,0.0715844286242581,6.22716064219431,0.06836303922238135,0.11136308686598348,0.3554818815930294,-3.916913613030213
5453,3009,10,2,3.7721775151291594,0.5257015427198269,9.183058619895691,-2.6144780764199806,5.650055866723417,11.401505970258611,149.78213780654272
5456,3010,3,1,0.04452083074099465,0.07004597731582062,6.373532430874329,-0.7464371456594262,0.07517505900671168,0.24791780081390447,42.76769812468954
5457,3011,17,1,0.04274380413616413,0.05166413943110401,6.190575989390558,2.555038175132122,0.0756867846211828,0.22660854372908773,-146.3929039283658
5464,3012,3,1,0.04493331448939395,0.08251243078233111,6.219282031366263,2.960284990612531,0.07352768821443639,0.3339838085355011,-169.61183611608442
5467,3013,12,2,3.765570865539727,0.5341493655023928,9.4329819292236,-0.5339891826433437,5.64018919927482,11.392466235986172,30.611661695380572
5469,3014,19,1,0.032912453563045,0.0676470656230868,6.265011962913085,0.175449649823007,0.050669585013311445,0.2478471217490062,-10.052524454265216
5473,3015,21,1,0.032158653535984565,0.0719022424810859,6.29356876594988,2.2519421186450437,0.055921358101382636,0.3232231098800745,-129.02677910607994
5476,3016,7,1,0.041402340945228856,0.056828266821094195,6.342784220152804,1.7149515377407305,0.06376557184764582,0.2579386183129959,-98.25948518517653
5479,3017,18,2,3.770051510043369,0.5326439416339604,9.33187434417183,-2.7289984551168955,5.646880713749788,11.409618217556295,156.37648754276674
5481,3018,1,1,0.029673054935498776,0.0458485116359684,6.26009069002622,-0.3699573585741971,0.05394784443264007,0.19623825441630371,21.19699525173177
5482,3019,19,1,0.037127077956587026,0.05522268978441074,6.1854245550587885,2.8912479756325746,0.062488110911095476,0.20648577048601965,-165.65630652038976
5483,3020,3,1,0.05889872187611245,0.0483952991015298,6.284484150085533,-0.33051253044667284,0.09620719069798313,0.26950243679765296,18.936973122026497
5484,3021,21,1,0.05789841649891511,0.08132222888683081,6.1934909128152045,2.5870274337535926,0.09300271666271354,0.33505740332514783,-148.2257534398575
5485,3022,1,1,0.06184347364443591,0.06113039044870765,6.265033484828283,2.6942176351674934,0.10106254502266189,0.28503145926759543,-154.36729952755383
5487,3023,7,1,0.034654872944968274,0.04598556858708775,6.237232254912637,-0.030147739266157547,0.05292505491620754,0.19039173286846237,1.727338224780604
5488,3024,15,1,0.059395407228550044,0.055431880310606904,6.2329423136974675,-2.1469445875772704,0.09625807168408267,0.308459258969433,123.01086376349357
5490,3025,15,1,0.06034361502897184,0.04840339323805797,6.241987519061516,3.073781750421304,0.09063224425918237,0.2525923198097649,-176.1147214593327
5494,3026,17,1,0.060413052261260675,0.06344437046212059,6.273435168508194,2.7422862543727664,0.10113686351275893,0.3234538778331889,-157.12142854065277
5495,3027,5,1,0.06626055376581345,0.05955984429539358,6.291134471393915,-2.273771363344351,0.0969612465419322,0.3466189835943362,130.27750270759947
5496,3028,7,1,0.05194038429467986,0.06095553389700051,6.304692093534197,-1.63487539835056,0.08148210506678231,0.28610112757202016,93.67146035816764
5499,3029,3,1,0.04139121572829942,0.049434869984065995,6.230386131807952,2.30704010821644,0.06720989715203751,0.20019508882919806,-132.1836613663576
5500,3030,7,1,0.06302993518504904,0.0572949878177852,6.227602121705272,0.28234044045996914,0.10068671615597267,0.31585177151581223,-16.176915681687007
5502,3031,3,1,0.04366652951521178,0.05844446007313432,6.311542912412358,-0.1805851442626822,0.07220526737785668,0.3069876075800814,10.3467666249946
5504,3032,1,1,0.04036206863633693,0.06851737662866901,6.415569696729056,1.8800048346885794,0.06595337622953254,0.27011797170479773,-107.7163424955989
5506,3033,19,1,0.06125043202473425,0.07918736541782766,6.290552097211684,0.6522389156686164,0.10084491833265188,0.45687772857849185,-37.370537142577234
5507,3034,8,2,3.777090790955413,0.5364834871524913,9.42662120679697,1.6256310447975402,5.657393574512528,11.413469144931229,-93.12531187601792
5508,3035,7,1,0.05026359685227205,0.06714938775397289,6.402710751487064,-1.2109901637531042,0.08183434926485783,0.2522949862033524,69.3846253976344
5510,3036,20,2,3.7658778793468737,0.5326924782253976,9.376455017065718,0.3791505175683693,5.640647403567334,11.387443340911469,-21.707385231128914
5511,3037,3,1,0.041896918927838644,0.05274262613666081,6.356012858430057,-2.49756790618887,0.0684870385276395,0.23239556490797603,143.10010007125422
5513,3038,13,1,0.04068889540456902,0.056424548579343,6.317405351576457,-2.2111173795277335,0.07108098215613291,0.3310138005074114,126.68769386049776
5514,3039,9,1,0.07780799349133394,0.06350106621017731,6.1974931265390305,0.8997028107163546,0.12033523592255894,0.42335354888785054,-51.549173762563356
5515,3040,3,1,0.04998979322331711,0.05241611509901603,6.208920278019226,-0.5492143706211896,0.08045256734866905,0.22264158004685025,31.46766550960592
5516,3041,9,1,0.04039664862107777,0.040447457254990604,6.2953751290556434,2.564391269850276,0.06900400171978567,0.2135459550102532,-146.92879677208384
5519,3042,13,1,0.03725018388966867,0.05323313646057554,6.3563128629315795,-1.8683171369646434,0.0628506175282905,0.2223507759624738,107.04668674487418
5521,3043,7,1,0.042137203621201116,0.05239281179474278,6.222010936482172,-2.7977534221067692,0.07200133398107611,0.22822502143944756,160.29946318904442
5524,3044,21,1,0.059076721427847124,0.06455738298534437,6.133920401769917,-0.7271421127592466,0.09159904624800616,0.30463387994527236,41.66217414977676
5527,3045,15,1,0.05745515566106122,0.054792974193582804,6.398888518990574,1.9325298011669962,0.09256825536776056,0.30355238882985125,-110.72580142959562
5528,3046,3,1,0.05173647426591286,0.06068488836479402,6.331039072864628,1.9044688889696912,0.0827646359602152,0.34058861755466546,-109.11802957808574
5531,3047,3,1,0.05561901139967176,0.09833573468741055,6.300660700408932,-2.608799440132921,0.09607153942575511,0.3624908515172605,149.4731974909515
5532,3048,12,2,3.7874810975453124,0.54066995751834,9.386349378250568,1.920409785269741,5.67291048974393,11.453913064890454,-110.0147527680565
5534,3049,15,1,0.059819033913443086,0.0724902081246142,6.195123232807399,-0.2768884037650408,0.09905748308052946,0.35505599700925344,15.864536940168904
5536,3050,7,1,0.04143685048605352,0.04492422441212393,6.241332925814238,0.32830122787994237,0.0643403768725692,0.23477763018062725,-18.810274778000846
5537,3051,3,1,0.05344574699999026,0.049914547454197794,6.249808469006634,-2.9813377221101103,0.08255616630819183,0.2633256821820103,170.81806876437713
5540,3052,17,1,0.0513619049391068,0.058173070114846966,6.256415543018064,0.12060117428311908,0.0747184593451647,0.3260655280941035,-6.9099382870104336
5541,3053,9,1,0.04007741959433115,0.05182851194406632,6.2771879327651705,-1.4709118662435454,0.060962128245231145,0.2387849168115136,84.2770419639856
5542,3054,18,2,3.7869415839670046,0.5379659567249367,9.265033695151919,2.577017792604577,5.67210500286761,11.461534216663493,-147.63562750174614
5543,3055,7,1,0.0574693893605213,0.06373370228307303,6.186328489491057,-1.6435532343702788,0.09574594344275388,0.3134737686437323,94.16866378163058
5545,3056,20,2,3.7661088495590076,0.5303077912883392,9.264704392152805,2.559374729094366,5.640992371406985,11.387221622194568,-146.62502792670585
5549,3057,10,2,3.7724867151509254,0.5329451663892295,9.411180491128984,2.045824240714057,5.650517567491855,11.412253891493476,-117.20066897040144
5551,3058,15,1,0.028960762237900436,0.05196836784177705,6.171435033755656,-2.451634923216603,0.049316343876105055,0.12316781950978131,140.46833400837716
5552,3059,19,1,0.0395616498108049,0.04134080680945502,6.3236897499607885,1.5502218160282524,0.05493161181660312,0.22758367413610464,-88.8211673648295
5553,3060,19,1,0.054985566435166014,0.06599942063502427,6.179693554495989,0.19377877512041214,0.08859284563413374,0.2971886991443547,-11.10270598882675
5555,3061,15,1,0.04735742151660222,0.05199357047238492,6.277011305557141,-0.6945970684273216,0.07631862091882861,0.20548003350916866,39.7974804848206
5556,3062,5,1,0.04771734556915809,0.05109824200539466,6.24078726931129,0.8590988236050009,0.07810554064455853,0.2617300426197178,-49.22273677506857
5557,3063,21,1,0.07401711351298529,0.05649561242906846,6.28974243342098,2.966942672071296,0.11701534900340753,0.3624001400258301,-169.9932930986198
5559,3064,19,1,0.059088748084308064,0.07189661692453916,6.105492905704992,2.4866180132196494,0.09345841940154635,0.3624907789877897,-142.47271738616521
5561,3065,21,1,0.07333586413385514,0.0695331248942684,6.192737021059517,-2.932971961362658,0.12231565916268257,0.3791820515130513,168.04691469797515
5562,3066,10,2,3.7813502466138242,0.5323450504761215,9.48006117428753,-0.2257991120195303,5.663754759208518,11.439277638947306,12.953878170346334
5565,3067,21,1,0.03994150225304225,0.048815878515005566,6.137670198041426,-1.5415848814072766,0.06390338024146736,0.25652135102334833,88.32630745553887
5566,3068,21,1,0.048083236437829385,0.04779737386348319,6.218840811657597,-0.6944485304496573,0.082155540496317,0.2316616732948915,39.788969892507204
5567,3069,15,1,0.03709365843061792,0.05363594146364615,6.183598441127743,0.11356031624161621,0.0546062126059743,0.21112222654926402,-6.506526843844243
5568,3070,21,1,0.04365768580767683,0.059573621191076176,6.301629875674471,-1.165331147716541,0.07221690559549962,0.26362710041210846,66.7685564846065
5571,3071,1,1,0.043245648372867714,0.08406504649028088,6.398478781846655,-1.6748270636165907,0.08295974556496688,0.2829053793885148,95.96052216678287
5572,3072,15,1,0.07138455358081668,0.05603999548050655,6.283428526129665,1.4881835515346924,0.11344531976745738,0.3671809330011202,-85.26663656223468
5575,3073,1,1,0.047176394309952,0.058146486528767485,6.320911530724271,0.011990030070417552,0.07204665274164972,0.2625279848949349,-0.6869781151510018
5577,3074,13,1,0.042277110153912084,0.047996462105930844,6.227595850725518,-1.932157013634318,0.06939636017993507,0.2655075811555222,110.70444225438143
5582,3075,3,1,0.04585222946475244,0.047109397260314004,6.240420052906902,-0.8064686067052147,0.07275422246058774,0.23040747704175157,46.20724746270371
5585,3076,15,1,0.05320480455860009,0.05248003033185408,6.293228135539606,-1.3438790609197029,0.07937502768796224,0.24338536532109165,76.99859834144601
5587,3077,3,1,0.06524482125984146,0.05903002326466574,6.233258778866709,2.4926481651530032,0.1000960708959644,0.31608164549398515,-142.81821963147848
5588,3078,7,1,0.046664053190838696,0.06099432957590008,6.317699762716908,1.2861924934333377,0.07316503048946353,0.22938475471019995,-73.69340149864894
5589,3079,21,1,0.04109873216102751,0.04154404142727002,6.235981533831333,0.5443180045141817,0.07081161852071534,0.24456025852057406,-31.187124378863682
5590,3080,13,1,0.03872757909043097,0.04678262551619527,6.275979864488357,2.637881356355879,0.06337440196598981,0.1786176637203047,-151.1394685671523
5591,3081,7,1,0.02957833282514227,0.06869202678912803,6.244689912377894,0.024450233117755515,0.04795468247331923,0.20997960555556328,-1.4008951694172669
5592,3082,1,1,0.08817529097404785,0.07000216129562409,6.260489660104236,0.5642418057517166,0.13609891998410284,0.43288097119244784,-32.32867420589481
5595,3083,18,2,3.775301406822922,0.5306271343372198,9.344142381576033,-0.23534129279306623,5.6547213411070185,11.431537414506808,13.500525367671514
5596,3084,8,2,3.778368722749225,0.5295428319457689,9.366829326332414,1.2012425815675847,5.659301945966842,11.419662216710808,-68.80962726976416
5597,3085,6,2,3.7738461193805146,0.5336088038148801,9.457636200943774,0.4549274831008506,5.6525478913318326,11.408441470300138,-26.04898130072332
5598,3086,5,1,0.06047723682248074,0.05797846971527803,6.24943013483862,2.2782721712829646,0.09435365925276577,0.30534122879595527,-130.53538003005104
5601,3087,1,1,0.04987401894106987,0.04876708214553026,6.221476520053513,-0.7464210146245611,0.08171356747626556,0.216250752934312,42.76677387069844
5604,3088,21,1,0.0678210796159501,0.04802751719285993,6.281388159301241,-0.4522757884422855,0.10845077100787794,0.34479400157897416,25.91349393535354
5607,3089,8,2,3.738923822743884,0.5355334188366874,8.999146299118296,-1.5867825694612547,5.600391128083653,11.3087949556541,90.93193413522646
5610,3090,7,1,0.05670303194489163,0.07149322506964681,6.321660528940568,0.34926089111274966,0.09138165964459731,0.31855543987335977,-20.011175052308584
5611,3091,12,2,3.7677378033064985,0.5333788362878636,9.343489103687078,2.7795749970846098,5.643425420260519,11.405967121102606,-159.27427968742435
5613,3092,3,1,0.03988951650398304,0.06564461860220683,6.238482974689247,0.7877439856510543,0.06382346177772037,0.2247155994392149,-45.13440572239208
5614,3093,13,1,0.0469207953363656,0.04323758501900933,6.167883269370088,3.007201416232792,0.07049502641833189,0.23204117829710183,-172.29994927796517
5616,3094,9,1,0.04463517631954466,0.05137997083100303,6.293012346063517,-1.639183306484711,0.05997641820930575,0.25510071006952983,93.91828530718625
5617,3095,1,1,0.06671595113335903,0.07110507585375193,6.242903745535133,-0.410916695392721,0.10817760898487115,0.33852183930382296,23.543792450118527
5618,3096,15,1,0.04605984889806144,0.048378114841636816,6.245375402889684,-2.2886827374671284,0.07869960557926609,0.2039874874973581,131.13186150425884
5619,3097,9,1,0.07423372104984023,0.06578643504652341,6.130179233801419,-0.5067497833809503,0.11795916952474556,0.4260721521360744,29.034623947152557
5622,3098,13,1,0.057384152416479074,0.056179615882361825,6.170731173210743,-2.358171637088618,0.08855111648461693,0.27178257464433186,135.11328216345098
5625,3099,3,1,0.054149654850267646,0.0957250644307754,6.29751404899497,-1.3505024842701008,0.09059076386379976,0.36588206524717526,77.37809254470102
5628,3100,3,1,0.06979974841727449,0.06844579454995593,6.244425760162878,1.1621621485664133,0.1131727654749442,0.4024912295375174,-66.5869861289233
5630,3101,13,1,0.0698872256515173,0.06127009435867059,6.208329180755589,1.4855396636937441,0.11606032086561961,0.2973241795129215,-85.11515296705919
5632,3102,21,1,0.02999621488294545,0.06487512928109328,6.20627643342078,0.3428372473316349,0.05101435599933274,0.23939910268701045,-19.64312733616719
5635,3103,20,2,3.7763154199446305,0.5382634965411334,9.625783165546885,-2.216841263106425,5.656235420651943,11.417623684627543,127.032124084965
5638,3104,13,1,0.03219187056139726,0.0597558936570839,6.16246318218328,0.7648167953837142,0.057288553908996724,0.169213489567052,-43.82077447822209
5639,3105,19,1,0.04308787878417813,0.04402526066785744,6.179547263101085,-2.0377495093647977,0.06970373646610774,0.22417306496575384,116.75444661250224
5641,3106,13,1,0.03347249351118555,0.057066363341983756,6.304047721449936,-2.0082982111051026,0.05882432784291164,0.19861641821369072,115.0670115045542
5644,3107,7,1,0.03787365972529735,0.06441798018950454,6.193064789489584,2.4945170479965997,0.07013998902061211,0.2683297211026516,-142.92529877349142
5645,3108,13,1,0.033845364325899095,0.06055485987688623,6.383265537846389,3.01626034915512,0.05013394175336024,0.15876656934220956,-172.8189879227285
5646,3109,15,1,0.05895261251317196,0.05644661777089975,6.154187953344132,-1.0630664721009255,0.09551156924385099,0.2813874715317311,60.909222139743314
5648,3110,12,2,3.7764751127741665,0.5264079386483469,9.149342232362136,-0.7596836348188521,5.656473891815867,11.419221965434868,43.510188085057706
5649,3111,3,1,0.04845682027902941,0.06452935183225718,6.2107942974575,-2.2181299239405083,0.08019806824816743,0.31678307765368285,127.08948307149356
5654,3112,3,1,0.04053396568033524,0.04935444551701311,6.358757158311151,-2.8281594107620753,0.0675538185099458,0.2527991812292868,162.04159801562855
5655,3113,10,2,3.7710751546369536,0.5290866870212496,9.183970255223779,-2.1272666278291124,5.648409439428895,11.393691939871507,121.89980683805153
5656,3114,1,1,0.0625567801653667,0.05166905614526496,6.25584231349921,-1.1216952773648479,0.09896142638379825,0.31940940090385106,64.2684052492634
5660,3115,15,1,0.03828011864464223,0.06235914606781037,6.296202551188699,-1.519984285843646,0.061033774855308524,0.22709467933935243,87.08868450639872
5661,3116,7,1,0.06680410606642373,0.07692548872326663,6.094761535518481,-2.3395041611756593,0.10997601352418411,0.3524304372807934,134.04371465498937
5662,3117,17,1,0.0597318753188269,0.051816005206080595,6.243375280167938,1.0510222547137595,0.09667959093514536,0.2957048765833295,-60.219139314465146
5664,3118,13,1,0.06375252457338174,0.0637726753276812,6.2078892490239355,3.0839934798674755,0.11003993224064182,0.3153864725125979,-176.69981037509544
5665,3119,5,1,0.06349335787403058,0.0571131164650613,6.308364151947935,1.1111510452356812,0.10078040482083489,0.28924289175750956,-63.66426524057879
5667,3120,19,1,0.044444549908130654,0.05638993302428776,6.209694659786575,0.5145348916283937,0.07040187671241384,0.20476956893305678,-29.480677703695576
5669,3121,9,1,0.037086766511666085,0.045890312062875936,6.302480749528413,1.4835189935430921,0.06032229623917003,0.23002965161135538,-84.99937715126619
5670,3122,13,1,0.05769028790812115,0.08143698958286233,6.20802595885032,0.07933016280246366,0.08810745298648931,0.32587666783159547,-4.545283493295874
5671,3123,15,1,0.0655164217051918,0.05913405850631652,6.215443595026144,-2.0575290141440927,0.09682819828298533,0.303086636214796,117.88772877465482
5672,3124,2,2,3.7735267618465422,0.5271872054744897,9.236656168067569,-2.090730642508186,5.652070945767941,11.42230222149049,119.77360263513992
5675,3125,10,2,3.767161939136467,0.528748085859134,9.084854773046459,-2.508527711912714,5.642565149664261,11.393909753915057,143.71169468791206
5676,3126,15,1,0.053731695954451354,0.06003844095695473,6.350701630895964,0.27882406200098797,0.08804643703233979,0.3028940357571694,-15.975442019583951
5677,3127,1,1,0.0586544549985471,0.04279540129734168,6.272451093421966,0.7460452444758806,0.0941143428121264,0.2165602757069015,-42.74524383462445
5678,3128,10,2,3.7622294415791044,0.5292966555703955,9.30590468273034,-2.7527361121380074,5.635198616369631,11.366154736250078,157.7038696911678
5679,3129,9,1,0.06273890446140576,0.06081459473619743,6.257787099286011,-2.5156448920766192,0.1007229153203453,0.2811828057789997,144.13583502826745
5681,3130,15,1,0.03827735897281717,0.04498481772309307,6.255766203963436,2.499106419247906,0.06743699399498353,0.1764579653303037,-143.18825037215694
5683,3131,20,2,3.776712559781655,0.5334066530613253,9.407846182721249,-2.495424218961151,5.656828534714522,11.417300010941096,142.96079476913243
5685,3132,15,1,0.0702499524160557,0.06055557718286281,6.396218850964866,-2.531733326517577,0.1064168810129864,0.38449040134317286,145.05763439193757
5688,3133,9,1,0.08166997817981134,0.0791351926166953,6.182305314788158,-0.2181105187394888,0.13786898633896788,0.43634982574050935,12.496812334924538
5689,3134,17,1,0.06446339383739522,0.06129208980657942,6.243561544669382,2.059975379708317,0.10858576712107623,0.33311418250458125,-118.02789523403524
5690,3135,9,1,0.05250212394293914,0.08280328701380314,6.288193270065156,1.884890458962033,0.08415965656154444,0.38913743812386115,-107.99626815035815
5697,3136,17,1,0.052295971549559235,0.08032305387765305,6.21485588652275,1.78572724056178,0.08642315000656642,0.29064772107643516,-102.31463425009721
5699,3137,7,1,0.04359749725084396,0.0544151052883938,6.2816839133989895,-0.29218610322861643,0.06845585237477379,0.2631761023768526,16.741030560052625
5700,3138,5,1,0.031053732082704382,0.06979443107376536,6.344178656289345,-0.09776359781435848,0.051485461486703514,0.19955431129512802,5.601441546574347
5701,3139,1,1,0.04765807404694311,0.06734765590749518,6.440442237104971,-2.421877701024487,0.08074896015192058,0.30053734532108395,138.76337075590007
5702,3140,3,1,0.05101671737386052,0.050799980195060955,6.178083040071609,-0.5007633575059174,0.08312681232606647,0.2656236390729434,28.69162694491848
5705,3141,17,1,0.05238413558296232,0.05778323331330018,6.177740292570775,-1.208954757433637,0.08639614481987597,0.25924871020073637,69.26800518478049
5707,3142,3,1,0.04104750365096518,0.05368152294511147,6.332990651580484,1.8613590283872123,0.06236459914077734,0.3042562490663272,-106.64801649347412
5708,3143,10,2,3.770045047000587,0.5265496217257201,8.967852351902993,0.2821837365995943,5.6468709603319045,11.37450819998484,-16.15154347254847
5710,3144,15,1,0.056666066999141174,0.05114142883495265,6.337991421360936,-0.017850205556541016,0.0845018255698327,0.3362387613935929,1.0227414390124403
5711,3145,4,2,3.7765347433803087,0.5383121925996351,9.386447692190426,-2.561227950026644,5.656563492392786,11.44187587722134,146.7310731654781
5712,3146,9,1,0.03508845883656824,0.0625205094261178,6.3193102987662,-0.3462988001598699,0.05828740025481745,0.1927069249327506,19.84145970973218
5713,3147,9,1,0.05100181630796908,0.05838676970299031,6.269064444328305,-1.4307662139477928,0.07976169887848389,0.23995661740546004,81.97686550536721
5716,3148,19,1,0.06196650666597104,0.049987999686403516,6.169820959618278,0.48396003359324946,0.09713230977641737,0.3021527865361588,-27.728867426315055
5717,3149,13,1,0.058000939764379526,0.05775782840751694,6.2728935411516185,-2.0418022651578043,0.09781466821803882,0.31267279382490953,116.98665244290177
5720,3150,9,1,0.04209236547028645,0.051856333962705344,6.281372020556019,0.9434975222496479,0.0727392024016825,0.2785617586303795,-54.058425991580435
5721,3151,3,1,0.05097646924021097,0.07437655310274997,6.251214240645885,2.177926858385857,0.08472299369771259,0.29196152520815033,-124.78601709928279
5722,3152,19,1,0.043000325236746205,0.07721380517900932,6.255762792839213,0.7957167996342853,0.07654820239064387,0.2330744365729449,-45.59121431501086
5725,3153,5,1,0.059722226767283414,0.0596248909709142,6.108841376742938,-0.5889653298536844,0.0961196316190942,0.29955552310535427,33.745227733871104
5726,3154,3,1,0.041057603880930535,0.05323601215231955,6.261212091510931,1.4194751523290132,0.06285310145390008,0.2944326896465292,-81.3299353478132
5727,3155,9,1,0.07587702388262997,0.06506332541423443,6.249831357156823,3.0814745390672544,0.12962094938817798,0.312557901317865,-176.55548573592657
5728,3156,3,1,0.04458250752733769,0.09525937296103981,6.244164679375398,0.1552526464725244,0.07354804370388499,0.29770136380004575,-8.895321406949577
5730,3157,15,1,0.04498123782667978,0.05693336843367549,6.242040031505633,0.46209979005460383,0.07656217275406917,0.3645142166965932,-26.476367703807185
5731,3158,17,1,0.06290403417817708,0.05729623762592182,6.1350306108844785,0.3496241389917102,0.1023906667512458,0.35228722106826443,-20.03198764443487
5732,3159,1,1,0.06702215498111419,0.05827963571603867,6.279497576303996,1.2030783258536595,0.10683816701914015,0.36149477108869715,-68.93131043369533
5737,3160,1,1,0.07406906013916684,0.057301105423601555,6.238834934986539,-2.33554849465494,0.11475826930250392,0.320219462667459,133.817071617918
5739,3161,3,1,0.03541086555505153,0.048414131202328806,6.233468180477538,2.2503242749267374,0.06096886048110044,0.18361856083478403,-128.93408349697478
5740,3162,15,1,0.04283367088071956,0.05333257163940114,6.26167599732251,1.2583105547488331,0.06546322087728632,0.21836268169762096,-72.09588408927713
5741,3163,19,1,0.06390049589935705,0.06866169039838166,6.226632967194056,2.861081783298803,0.09872920992237348,0.32292175580498306,-163.92791097017368
5742,3164,1,1,0.034982519046287755,0.05100567261347138,6.267427828078215,-0.1453420243183496,0.05460660219687656,0.188947151677651,8.327484589144737
5743,3165,5,1,0.0669154699589841,0.06428818667807779,6.139180418584612,-1.236955825029216,0.11200889071323325,0.3521637445019185,70.87234815035913
5744,3166,13,1,0.035444552850150364,0.04268157923665162,6.283776213573081,-0.04469273633514763,0.054769908200499824,0.21079000422397023,2.560705169420807
5746,3167,17,1,0.05511678591881556,0.06935091696448158,6.110665598191593,2.721507253174776,0.08756438539783282,0.29596985195927616,-155.93087948419506
5747,3168,7,1,0.03648135989114916,0.07737733495241488,6.2200460783169325,-2.5874607879216183,0.06857639708130565,0.1394139526180198,148.25058280191604
5748,3169,1,1,0.0493547159552635,0.03903815624036748,6.186203363621215,0.007524677132509397,0.07351227818970583,0.2782922761186271,-0.43113225371907365
5750,3170,15,1,0.03148133326611194,0.03895223564861269,6.186090268715568,-0.23156029249000823,0.0508393888821656,0.20689211279795064,13.267427465480344
5751,3171,16,2,3.735863621457547,0.5416947026005807,9.155341933436453,-0.8675487093686566,5.595820499003232,11.307068228822418,49.72283013152186
5756,3172,20,2,3.7906560748331692,0.5395538198341303,9.645100667055317,2.8316116890186347,5.677651907988595,11.465082019573405,-162.25606382483267
5759,3173,3,1,0.06910160189069639,0.06139370528362633,6.2548391017949285,-0.9018956288701527,0.1049978271530926,0.35433689239111293,51.67481304480414
5763,3174,13,1,0.05751837494095329,0.053396577151208616,6.1657989489138325,-1.0799816195984182,0.09521606879091149,0.2727177878086,61.87838870149074
5764,3175,21,1,0.05435348459781703,0.054498944144290205,6.285974179084369,0.6988497146482624,0.08541049240108378,0.273486334081235,-40.04113915761421
5765,3176,19,1,0.056760811392472785,0.07373120001440339,6.214550296881273,0.26402360607160785,0.09640693904587497,0.3381697231750015,-15.12743836980341
5767,3177,17,1,0.06110713440479328,0.06392232365128815,6.316734338716822,-0.5591898744589031,0.09904785194822421,0.304430569662697,32.039219807538345
5770,3178,21,1,0.0666021634330438,0.05963294854342587,6.235610245557944,-2.141423342189113,0.10638214471256782,0.3173814902792277,122.69451969379038
5771,3179,8,2,3.7709454540931766,0.5340659789412047,9.218934986449659,-1.8048921114535874,5.648216122367698,11.419757391743662,103.42910592573473
5773,3180,19,1,0.06718793871796744,0.06260749244122957,6.177542605562277,1.5505508274437132,0.10886555106801131,0.2807227824138312,-88.84001833287267
5774,3181,3,1,0.06459887652989876,0.04973353292522344,6.297272423282856,-0.06550101559416034,0.09756749215708298,0.28776392975843373,3.75293175149852
5775,3182,19,1,0.07632439519575547,0.06392649956755422,6.217269440956247,-3.079430643351027,0.12082007456097245,0.36098806603092715,176.43837920248012
5776,3183,15,1,0.05250870728322216,0.06461050113047603,6.167350587906554,2.908193239248778,0.084133210732418,0.29408595177096564,-166.62719859174558
5778,3184,1,1,0.049337206974103154,0.06691267482397588,6.117476452355086,-0.29860214038301836,0.07905343490021186,0.2504372250762025,17.10864241899052
5779,3185,21,1,0.07960803377369416,0.07274136851461369,6.278781436246569,-1.7236481731111708,0.14136899086189478,0.3923565412961373,98.75776582544893
5780,3186,3,1,0.05738021058271325,0.06277695373479382,6.332875549810569,2.08416814186128,0.09077281394088128,0.28525865373345843,-119.41403835558565
5784,3187,15,1,0.054986368924145684,0.054695995197868136,6.324938480176875,0.31180141002260503,0.0836559718250916,0.2663242249402605,-17.86490487552502
5785,3188,17,1,0.056636730974523986,0.07549384005263933,6.286241718007703,-1.064103913691431,0.0963366284604844,0.2988077277709696,60.968663193812155
5788,3189,19,1,0.08385735711927036,0.08388627730577695,6.2774826063329865,0.9469937190632264,0.13303386194697187,0.5004022449800679,-54.258743321869176
5793,3190,3,1,0.04961346281034508,0.06191356793689651,6.287142721825689,-1.6846785667386042,0.08511331717529842,0.2804510842004627,96.52497173552273
5795,3191,17,1,0.04626799249037421,0.07887104508164022,6.227057717529442,2.970994756516718,0.07164559748542824,0.22919140170750962,-170.22546048620552
5797,3192,17,1,0.07723304249472607,0.06566495987943674,6.216112800183407,0.03989889682019836,0.12345572022458572,0.351321781458696,-2.2860384032127645
5799,3193,17,1,0.04525433907320997,0.05879841521325267,6.224999570309134,-0.6309289361910203,0.07579350706621263,0.20465256215111086,36.14956521855396
5800,3194,5,1,0.07309877433352749,0.08552217768502854,6.222745189819653,-1.171329417988788,0.11801196300578815,0.4295459949782578,67.11223197795032
5804,3195,5,1,0.036842566496758704,0.06146984587021481,6.337538376782013,-0.019855487309177553,0.05617271377347293,0.26457842183991775,1.1376356264667649
5805,3196,17,1,0.0362501266459826,0.04607892194518268,6.397510942288832,2.430979508302989,0.059221599863022306,0.19606025497868848,-139.28486591057413
5808,3197,21,1,0.06846127451484754,0.07770336101715852,6.288561986803537,-0.5799906287191079,0.10425702422667094,0.40880420195934825,33.23101522660006
5814,3198,3,1,0.045390850851100124,0.07042461138457946,6.2426445153480055,-2.2805833619294344,0.07224443741434335,0.22640932460179788,130.66780146372875
5815,3199,17,1,0.05323260210424907,0.06114868289183687,6.283649225866676,-1.7063519465016341,0.08223271367098701,0.26793726054651684,97.76676492505139
5817,3200,5,1,0.057999682214838956,0.06913404146149617,6.288096444080612,0.9717638891900522,0.0936295169792601,0.24935541813833617,-55.677969493799104
5818,3201,1,1,0.04660623949311266,0.07052614982217856,6.228386615259766,-2.8262439443069933,0.07273845837541656,0.22991396052580695,161.93184987299088
5819,3202,7,1,0.05421410259192611,0.06190776034944155,6.243296683010495,1.9707222554204706,0.09145440957877733,0.25203525933773735,-112.91406786952815
5822,3203,19,1,0.036363643925979974,0.056525262895345166,6.3591764080213125,1.6376265973531623,0.05291534570621761,0.23944589996867555,-93.82909245020784
5824,3204,5,1,0.051234886878596106,0.04897140940994905,6.241824190270477,0.2616879813222166,0.08562042721024751,0.2601487437172844,-14.993616914551552
5827,3205,3,1,0.04330261041835753,0.05958399541717314,6.279869800388243,1.1348022317881934,0.07392605651376338,0.2693088190365009,-65.01937844316762
5828,3206,21,1,0.059000966511938306,0.07242154410235797,6.215625791967676,0.8021338811476643,0.09426724290665627,0.30825111895809354,-45.958886017837955
5830,3207,9,1,0.03665415826862066,0.0725589544779151,6.4122648344074955,1.6358032385170018,0.06161802166545164,0.20759032639437308,-93.72462168463245
5832,3208,7,1,0.0428584964538619,0.048697186437378706,6.1633243396059925,-0.3635062174260736,0.07106095892280918,0.2377421935329459,20.82737210474984
5833,3209,9,1,0.04101316011482794,0.048749027963190174,6.283328873837974,-2.8573291713203024,0.06316183173364652,0.24926553341457033,163.71290218344652
5838,3210,15,1,0.032693286459311556,0.061482668484707466,6.285446067363619,-0.5837243821574384,0.05386156994071877,0.19292844260202752,33.444943500503804
5842,3211,6,2,3.7654137477643532,0.5363334006651435,9.403124279698707,-1.3759294039891354,5.639954573122105,11.388516455377317,78.85128091657594
5843,3212,19,1,0.05580538782010501,0.038832217659611847,6.229058345426518,-0.03289842548194274,0.08179888035317531,0.2394917673254821,1.884940950096776
5844,3213,7,1,0.05450915582243055,0.04647283662268392,6.214441896107092,-1.1248374008542636,0.09185735092015057,0.2865140476571534,64.4484356606538
5848,3214,17,1,0.04319332928620055,0.042668566964893836,6.2470015315482526,2.496210209067423,0.07467254352778217,0.1737807746217769,-143.02230975141066
5850,3215,18,2,3.7812244415486784,0.5296533920144038,9.207537332790208,-1.427251015600736,5.663566726683598,11.431021572211026,81.75891912067247
5851,3216,19,1,0.06108476975834966,0.04877110302276909,6.245434319397532,0.7388109536083506,0.09605101081404485,0.268174931275223,-42.330749512484616
5854,3217,3,1,0.057414356048565894,0.06595428634001806,6.399882649784829,-2.3378088942639623,0.08985591100620764,0.26238079359068706,133.94658294566725
5856,3218,9,1,0.04468549905255565,0.05434691338582412,6.2237088022928475,0.10924215632978836,0.0715764038650358,0.2603071866521502,-6.259114516901583
5858,3219,5,1,0.05253453366424265,0.0601675019892489,6.217572013122479,-1.9448178074130513,0.07836333065002693,0.2809306876669856,111.42985230906645
5859,3220,1,1,0.08913878196490163,0.06455525360926342,6.2418265641829915,-2.739583651292992,0.13886550791145133,0.4153268001662532,156.96658069449654
5860,3221,10,2,3.785766006115804,0.5311820274252336,9.225632695700453,-1.3201775348503864,5.67034938973395,11.459337966827173,75.65720117663453
5862,3222,17,1,0.0778257345844624,0.06922853832710188,6.212679318110545,0.23390474347038018,0.13465944546789677,0.41519195519338276,-13.401754748651575
5863,3223,9,1,0.047853050776616175,0.055766875968996835,6.244394675719412,2.9310758618143935,0.07166112236881121,0.2536946942977956,-167.93827631133504
5864,3224,18,2,3.7795901420305653,0.5317524186793591,9.280779768783596,2.2286339193399165,5.661126034071815,11.432361821622742,-127.70783654076668
5865,3225,21,1,0.050347763359245706,0.04467637950660369,6.127986077469581,-2.5940197459721013,0.07956581105365915,0.2242265278607112,148.62638341304512
5866,3226,1,1,0.044050760058615544,0.04613256969480584,6.220109723838112,3.02149175110683,0.0714744831937978,0.24340836467201868,-173.11872515745787
5869,3227,1,1,0.038154612966978314,0.07248682761949814,6.347949022905952,2.9932590330922775,0.0691993055552208,0.2612805111761346,-171.5011095718818
5870,3228,5,1,0.041944278443974414,0.042872793789225046,6.251539943728627,0.2009470272382186,0.06363777105650262,0.2606943017191539,-11.51341657608348
5878,3229,19,1,0.05674707540257455,0.05939033891309838,6.226201509660572,2.5942353338285056,0.09139496913741972,0.28896583941378423,-148.63873565439673
5880,3230,13,1,0.06562003702437053,0.07475266683489715,6.35500903559686,2.6170889264936616,0.10575962501664021,0.38188887335763083,-149.9481500497166
5882,3231,1,1,0.06413448293460962,0.04687788207963729,6.2623526638758085,-3.059433991405391,0.09310046084728489,0.2990962819965475,175.29265537516494
5883,3232,19,1,0.06067922213636464,0.04991140673890705,6.201777234617668,-0.690345055642706,0.09583902129308115,0.32079096524679496,39.5538581242244
5885,3233,17,1,0.0415186294425964,0.059910717129518315,6.2088033655375,-1.8606989219244479,0.06996522455183968,0.2403664222358672,106.61019518862608
5886,3234,17,1,0.06004596359617821,0.05153707622338538,6.354740242493883,1.4365696825125929,0.0868672482160765,0.2575806099012778,-82.309379750867
5889,3235,1,1,0.051827065115081325,0.0594979886710924,6.165450638361904,-2.3195567399808543,0.0882730485607956,0.20121906816249133,132.90081154046422
5890,3236,10,2,3.7715222722559996,0.532299676177054,9.215901553983633,-1.6686862824677011,5.649077913425728,11.434866190950853,95.62509431194256
5892,3237,7,1,0.06693718844080977,0.06214000868836141,6.329850884993595,-3.1243365284556366,0.0982895144763322,0.307903583145932,179.01129686632117
5898,3238,7,1,0.07045848904272169,0.07268694966671785,6.102094069963423,-2.146642849288057,0.12202078182275956,0.3735936645107563,122.99357548208742
5899,3239,3,1,0.06340336935410225,0.07270498309302707,6.29266007959719,-1.3234117111892443,0.10346578138307767,0.3644491671791009,75.82590554398764
5900,3240,9,1,0.03259472521523067,0.04303410948166991,6.113336599354767,2.319367909364196,0.05351765913560963,0.132534114518631,-132.88999234887456
5901,3241,6,2,3.7765276052280403,0.5303428517180184,9.307316589498921,-0.0002219706328663473,5.656552426749195,11.415567392978392,-0.003760659613688625
5902,3242,8,2,3.7746650478511183,0.5351698504713642,9.38778283770313,1.048533484119961,5.653771207054002,11.421560155566986,-60.06008910783286
5906,3243,5,1,0.03877224318137455,0.06308756708826847,6.32491207245263,0.7945434365686692,0.0712796025971016,0.25761543625682604,-45.5239855605161
5910,3244,17,1,0.04425786036209348,0.04276060804195673,6.323704174835586,-0.3431020191725648,0.07182810875353511,0.23874607944779852,19.658297662588993
5917,3245,19,1,0.038301689044063315,0.058205229798268567,6.244092220804429,3.0028789525516073,0.062104699710149314,0.29276694718190943,-172.05229035668728
5919,3246,16,2,3.7756394039081003,0.53926871246271,9.135510020543842,-1.897841168764901,5.655226282667005,11.426872324522872,108.75475613766493
5921,3247,13,1,0.024505170820550773,0.045406082893619575,6.333104243197235,1.8596741364373146,0.04062283946227917,0.1964531729531138,-106.55147928704353
5923,3248,17,1,0.06756766279018012,0.06732289892039053,6.1247857518505535,0.5400937254051681,0.10271152178825681,0.40840023739124814,-30.945091050444468
5925,3249,9,1,0.06868217389585123,0.08151396738025288,6.321427574143477,1.4812601075112832,0.12438480871411303,0.4165907912225951,-84.86995254494911
5926,3250,13,1,0.043904358450498636,0.06221283038509538,6.037623314172114,-0.019704903398440672,0.06916779405103603,0.25584158896405207,1.1290077844780684
5928,3251,15,1,0.04139850258554365,0.05063527324111572,6.232328954755355,-2.0066777341780644,0.06759696408594028,0.21151892593229943,114.97416502057548
5929,3252,20,2,3.7803043491672437,0.5335363867979577,9.335693009802542,0.6722062123593567,5.662192806331961,11.442343368100381,-38.49805065032099
5931,3253,10,2,3.7874506275344038,0.531558298715938,9.396668229327425,-0.7930499873403772,5.672865002415767,11.447602566112396,45.45503968181102
5932,3254,1,1,0.03717760955010834,0.059353043683051235,6.408659769304236,-1.7631357130226746,0.0569699680749768,0.19065549679132662,101.02023506785608
5933,3255,21,1,0.06722359433283692,0.053553170433477904,6.295763152734282,2.2844953333824223,0.10578424413179434,0.2932282099031976,-130.89194093743677
5938,3256,1,1,0.04010313109663591,0.059437037529364134,6.121721829565889,0.5896233631190494,0.065886924419313,0.17473079065290803,-33.782930220647415
5941,3257,17,1,0.047252879383367176,0.05678330407564924,6.308476783171098,2.4092384124585107,0.07655819580585407,0.2905942685405317,-138.03919286540923
5942,3258,7,1,0.04128237289442545,0.05280323062870468,6.321129028897579,2.071155146832134,0.06880989296762854,0.218389676167252,-118.6684486340052
5943,3259,13,1,0.03940069332997212,0.06490191221625093,6.267778666160172,1.844364541177619,0.06830892300444327,0.2542192352668387,-105.6743041101688
5945,3260,3,1,0.06986466590012753,0.05769407267724472,6.217354994272642,-2.7517812708641367,0.11258958643828434,0.35008868694560996,157.66545287389707
5948,3261,5,1,0.06474144802379564,0.07992858731749089,6.251740217931294,0.9129026626056063,0.11295395181329557,0.3962831917634382,-52.305469588835344
5950,3262,16,2,3.787678380216596,0.5376925784187251,9.252922398041967,3.024055296502553,5.673205268392179,11.47171055846481,-173.28223096601945
5955,3263,5,1,0.03447859893665413,0.0444595162816521,6.193260357518517,-0.7415868168069348,0.06561710377202803,0.2878383232290938,42.489794742065726
5958,3264,13,1,0.06851103499740947,0.061173690814165134,6.220981848505445,-2.0348313416996433,0.10853424040423217,0.30798744630625763,116.58724794877011
5960,3265,15,1,0.051058272881668414,0.060166517821358276,6.219995337642709,0.9333648895381786,0.08275782026558592,0.2812453535559235,-53.47786888895932
5962,3266,7,1,0.0483348773958472,0.06569804972763761,6.267013802619141,-1.096144064406474,0.08246561621707234,0.2523135397140317,62.804428598739776
5964,3267,21,1,0.044590211483283806,0.06583147407047849,6.273192545736041,2.5541393424911827,0.07165919721332516,0.26824708773351263,-146.34140460252146
5967,3268,21,1,0.0505194809368961,0.07403645224620763,6.384431815926039,1.6224155218994867,0.07742395974196832,0.32807997773723246,-92.95756202112163
5970,3269,15,1,0.07754958339104596,0.07474979375994445,6.131350342904165,-1.196636904322836,0.12270871258897073,0.41237125385945644,68.56224413564918
5971,3270,9,1,0.054795676795073994,0.058161391753095565,6.179300803680177,-0.31094650849591665,0.08773816768460643,0.28452792932688753,17.81592263235133
5973,3271,1,1,0.03448859046836739,0.050343106857563345,6.204801335995373,2.0098570912178935,0.05940211760955862,0.2168711688448653,-115.15632875922829
5976,3272,1,1,0.06839240561433173,0.08124088590547165,6.311829975552888,-0.9748148181625573,0.11346472805686358,0.45712015814408896,55.852774801834094
5977,3273,17,1,0.046899681531797646,0.06463364956417303,6.321964217450045,-0.35048270829436223,0.08463898436450117,0.3034264888056081,20.08118000895914
5979,3274,19,1,0.06592668272310036,0.07797522664746061,6.374479947399643,-2.554728521584988,0.09831248479152649,0.3991696555602543,146.3751620518704
5980,3275,17,1,0.08023406863006545,0.07009352587782272,6.320567753013052,0.5037462331828589,0.12718517940725113,0.35889159970516965,-28.86253321028899
5982,3276,7,1,0.04230465993987229,0.06002735989154755,6.288348266272848,-0.21869204734310252,0.061317269032692925,0.22173952512008357,12.530131333580655
5983,3277,1,1,0.0839955853958248,0.06814182877221064,6.351183682496358,2.582458188362339,0.1355874407189937,0.3791786192642336,-147.96395481482858
5985,3278,3,1,0.07450841645260826,0.07163674500012285,6.233990105093086,1.4251885235384525,0.11381385036757637,0.3920868541631295,-81.65728740318839
5989,3279,4,2,3.7762179949357484,0.5327560851181384,9.459405703323954,-0.6920050774882055,5.656090300307138,11.444028909898318,39.63249575126469
5990,3280,1,1,0.07459572233029403,0.058665524940588354,6.265821692793966,0.3043738635970531,0.12064114252631469,0.4089890125211095,-17.439337889865513
5991,3281,16,2,3.775835728657976,0.5272198771501819,9.201808262277579,-2.100063441176906,5.6555190515478415,11.406447949926507,120.34124145116522
5992,3282,15,1,0.06302657884288149,0.08490031953441712,6.43856249268018,-0.2965798077174088,0.11074783317261613,0.4613742973173647,16.992771317295112
5994,3283,17,1,0.05350667940821165,0.061725658351601154,6.288193983789236,2.1585667949754965,0.08782424393145105,0.3095512545636445,-123.67676717987985
5996,3284,13,1,0.046539684226919315,0.05574084649189111,6.244241869397563,-1.3497977260394398,0.07129191049398076,0.24082384932543202,77.33771288427855
5999,3285,5,1,0.040729671693330624,0.06395731427339775,6.398371726945943,2.7532854059236245,0.06497374872907158,0.2634307394238604,-157.75163354886448
6002,3286,18,2,3.777063133322012,0.5296566606976026,9.22280298126638,-0.8225144300556929,5.657352246731054,11.421259877714151,47.143091108957044
6003,3287,5,1,0.043871655999009634,0.05918041168130866,6.214502430263531,-2.9856355163138617,0.07067155958586487,0.22051436319510465,171.06431422895344
6004,3288,1,1,0.0517626597185121,0.08204834697522131,6.376077528674738,0.6238574848553284,0.08151158212963165,0.2960647363292378,-35.744400922092304
6005,3289,7,1,0.0379253759516132,0.06285671504219781,6.262558768411656,-3.0288872175226866,0.05920391806612855,0.21726446523737375,173.5424541831125
6007,3290,3,1,0.05992901225801755,0.07868828100121396,6.228637584859089,-0.37128360041045244,0.09697392289054356,0.36742497387917805,21.272983357674246
6009,3291,21,1,0.03569618392584945,0.055344811280143916,6.260832786892551,-0.7101754567077104,0.06326295771205404,0.25059336180404335,40.6900563863542
6010,3292,5,1,0.0444560214874504,0.0656100092048292,6.339735150248344,1.2397086332274787,0.07562328231706611,0.35350843612279215,-71.03007249640511
6013,3293,19,1,0.045896790191287395,0.03779489683291576,6.247495693541783,-1.421604593544422,0.06946949111330963,0.22754463708313724,81.45194334475089
6014,3294,9,1,0.07702009715353558,0.07257616256821191,6.19860176391608,-1.2856218113564901,0.1298518867727781,0.406024522239716,73.66070371499043
6015,3295,1,1,0.04160842167823435,0.05710563891478327,6.343742725549986,1.7069305394754861,0.06966944784162046,0.30258574192961823,-97.79991584364531
6017,3296,16,2,3.7648198634428724,0.5318582233647552,9.35220035846786,0.2876659940222738,5.6390678258383655,11.39813178311722,-16.498372783573775
6019,3297,15,1,0.048365859614344156,0.07124402522782207,6.202550780607262,1.153203966205804,0.07916220124361052,0.3418117589618861,-66.0737201528419
6020,3298,19,1,0.05242108604658702,0.09091252749543896,6.34273574328541,-2.9804394360621846,0.09418724418069555,0.363567149200925,170.76660075131358
6022,3299,15,1,0.03918030770154547,0.038379124340122604,6.118812845365175,0.9309635415918877,0.06495976161661281,0.1820453110480853,-53.34028180568535
6024,3300,15,1,0.03326104298520618,0.05161208625050597,6.377589835781702,1.7954210415597378,0.053743569809046945,0.21753095133118497,-102.8700481340733
6026,3301,5,1,0.07440759849089638,0.07903104100492322,6.288023891086005,2.512492878501595,0.11649233243203815,0.3743426901212033,-143.955237902486
6028,3302,21,1,0.0429178639319983,0.05262313141195907,6.236871459406259,-0.003913147147508071,0.05865632470540993,0.2194758242491527,0.22420681820624339
6029,3303,3,1,0.04456238339779148,0.06058192544562241,6.218102551553219,-1.2563125452084007,0.07096501998024539,0.23763240243754133,71.98140657057812
6030,3304,17,1,0.042833351359057956,0.0666765630942447,6.323062561971297,-3.063319019651262,0.06728765591080123,0.25973614478269985,175.515251128267
6034,3305,5,1,0.04973987132040705,0.06414632003530242,6.220583127496474,0.5604050139532499,0.08437217313206315,0.370491031533136,-32.10884214568355
6036,3306,1,1,0.053452671785360624,0.08135439085109997,6.282605504125613,2.6828523145731134,0.08569055310400221,0.2757370991132301,-153.71611465201556
6038,3307,19,1,0.054455556090973085,0.05750880303177555,6.246449100170321,-0.5586592137293647,0.08399154713884413,0.24891739904341015,32.008815144684554
6039,3308,20,2,3.7661719213139935,0.5345547775801441,9.352433272414205,0.5587729310700268,5.641086848653451,11.390391976454662,-32.031673726304284
6040,3309,4,2,3.7803849070015296,0.5293653201195647,9.253199411758294,-0.7973811506541799,5.662313045795559,11.422077130293848,45.70310393337586
6045,3310,21,1,0.0625050676401457,0.04711793344551513,6.289857950390677,-1.8800680540781725,0.09635023860899822,0.2635678800226029,107.71996474263632
6047,3311,10,2,3.770298005793218,0.5334745126740451,9.310115434630658,2.8166665709784513,5.6472487240825195,11.39376126185475,-161.3667098194306
6048,3312,3,1,0.05216526788464415,0.05914062384946365,6.353832873794173,-0.9029009211721368,0.08925651994299387,0.2768198511645926,51.73241208010954
6050,3313,5,1,0.08032264048788355,0.0689064113249601,6.185984762485409,0.4796948610511188,0.1303983237401233,0.4672725430175206,-27.484491114454574
6052,3314,13,1,0.05897131022511496,0.08002823036759284,6.286109061039264,1.7222973749330515,0.09734342710443117,0.33986160768572293,-98.68037067317263
6053,3315,10,2,3.7794100378172906,0.5353589235928226,9.29607557708902,-1.5880316976553595,5.660857665214548,11.446643118167882,90.97099751539533
6055,3316,7,1,0.06546653151484316,0.06104818783768354,6.259461573280109,0.7051243928521091,0.10452750323567263,0.2995844789272273,-40.400651793175676
6056,3317,5,1,0.05975898585412554,0.07111658910121904,6.314458072060311,-0.8391778007220794,0.10067986169573565,0.3831958666217403,48.08134626192263
6058,3318,17,1,0.06199659372630797,0.05874428192032024,6.286609868487665,-0.9690117725595212,0.0998476127579002,0.3168678034179941,55.52028486622026
6064,3319,1,1,0.041764172886058964,0.06199214466884947,6.250380079444927,2.6252732472257083,0.06996919220678685,0.2496276326604524,-150.41707711946677
6065,3320,15,1,0.06709908851042122,0.07122756534069226,6.091780543838848,-1.564517318527939,0.10971618177746482,0.3876300167159205,89.64023926141552
6066,3321,13,1,0.04382654912254409,0.05883355536500457,6.227268749549214,1.3816912682533673,0.06397206914114964,0.2958859608980689,-79.16507825450007
6069,3322,21,1,0.04460604589449011,0.06447916194448358,6.296741687625171,2.727220433892444,0.07376442759685903,0.23845618083739495,-156.2582206513239
6070,3323,21,1,0.056546645339353836,0.060426123567911647,6.318312858822646,-2.3476875260691514,0.08646646557124998,0.34550001010522924,134.512586875054
6072,3324,15,1,0.054955688686062765,0.06546023364956599,6.272846677920445,-3.0407605618236433,0.08718752601867806,0.2804791382261622,174.22274668246322
6074,3325,9,1,0.06261830374477458,0.06638198173915186,6.39166003797938,2.39268603542076,0.09686807518952377,0.31523084908965543,-137.09081150753929
6076,3326,20,2,3.762820457132644,0.5289857476379987,9.281050557698906,-2.413201147124716,5.636081448509371,11.373756333147096,138.28254019905688
6077,3327,19,1,0.04187936042969367,0.0705851583458423,6.2226689307162,1.8930971024128591,0.06906880227806683,0.23444419000104486,-108.46647418593955
6078,3328,4,2,3.773222742964114,0.52936562586266,9.186670454125055,-1.5462075592117794,5.6516168380885405,11.413654032581396,88.57473210621411
6079,3329,21,1,0.05234843958164258,0.07551207691911213,6.268785134844251,0.6490649470681775,0.08234892074511108,0.2653432374669083,-37.188682119450924
6080,3330,1,1,0.06724378703199545,0.06680170379386909,6.154744152269594,-2.101621154722223,0.11223131334321122,0.3676775856860434,120.41402238550333
6082,3331,17,1,0.0715100064652577,0.064605179574976,6.147115823483722,-1.1923662858470836,0.11213892416817928,0.317242032047285,68.31755575180418
6084,3332,8,2,3.776441045374402,0.5297721553689632,9.222269826917822,1.1432914484800396,5.656423266282161,11.436516582863211,-65.48929724476338
6087,3333,3,1,0.0659261634545153,0.0632814234397566,6.244700477490738,0.2702856860659763,0.10934123301115131,0.3160009238676932,-15.486229131020714
6088,3334,15,1,0.056061177693545176,0.08042692639049016,6.293649850583763,2.746770962049784,0.09753024417164058,0.3233357306517911,-157.3783833866301
6089,3335,13,1,0.06133076295742496,0.05156002816209833,6.31058892460358,2.2471247331553075,0.09476097088528455,0.26896643502727874,-128.7507632673957
6090,3336,19,1,0.06041581372017429,0.04799167626728924,6.246985024205538,-2.0211864520482576,0.097685896902053,0.3063349115790713,115.80545336694732
6091,3337,15,1,0.035141336682416355,0.053295858739749985,6.271142904463022,1.2325419650249165,0.06075966233990477,0.2094117076501466,-70.61945266325267
6092,3338,3,1,0.03308466211892844,0.03806486786340936,6.339977935202577,2.4052995614589463,0.06116210592326116,0.28271257672966876,-137.81351334113052
6096,3339,3,1,0.060054840072708324,0.07661497528564314,6.272757637942626,-1.7784234081895998,0.09737944761712877,0.307220796642837,101.8961555211763
6098,3340,19,1,0.03611542804164643,0.0402525970457664,6.251948006335973,-2.8131456331706906,0.05429695889268259,0.18760001385036354,161.18137193034124
6102,3341,18,2,3.788265649323786,0.5447991481433717,9.484366489546199,-0.3631644618472008,5.6740822783441125,11.459154850725586,20.79115770474037
6103,3342,1,1,0.040139567316986736,0.0450224635306938,6.279941227490055,2.715952411656509,0.06453852045684634,0.1915732793790575,-155.61261053801022
6105,3343,5,1,0.02661702950770283,0.0664087259067343,6.190214689176049,1.9848762840687268,0.045571864415325215,0.17386700951773373,-113.72503393628334
6107,3344,19,1,0.05918308400289569,0.07005528472423617,6.30623500195755,-1.7118904923327163,0.09750405281963585,0.2912400565420942,98.08410017060733
6111,3345,16,2,3.761689513537493,0.5350668654060772,9.257603590414698,2.450019079359436,5.634392282919683,11.3763372569806,-140.39203759021487
6112,3346,14,2,3.7665455292657795,0.52733705074143,9.055716949891947,1.5744446982843938,5.641644504845136,11.383457970330818,-90.22538422970875
6113,3347,13,1,0.059468751174546135,0.0667854123790238,6.205378082619728,0.12762700818146472,0.08944286214660024,0.28254180735100465,-7.312488932153744
6116,3348,21,1,0.030323517688139765,0.06406003684653065,6.144914875762695,1.3981285419970353,0.055786131534931026,0.22606545209191617,-80.10686466576269
6117,3349,13,1,0.05516094774006173,0.05903330743660912,6.1671728285322756,-2.6878885799257883,0.09028143538493683,0.2732430563888248,154.00467139566038
6122,3350,5,1,0.059267619634931545,0.058969389425552694,6.256336364036667,0.550438486955408,0.09630999641475244,0.2987700033726634,-31.537802219606903
6123,3351,19,1,0.06590036719143079,0.05579443892693224,6.17180411568757,1.2511389709998813,0.10743868213921609,0.35724535597049156,-71.68498254870063
6126,3352,3,1,0.05188706688740491,0.05654861903993277,6.348724379446053,-3.0697198346659307,0.08426123299422528,0.3077515088507797,175.8819907855808
6128,3353,17,1,0.04094201374487967,0.048351848436482076,6.288574471697228,-1.7954405870313228,0.060712121709816894,0.23313725922629827,102.87116799826038
6132,3354,21,1,0.052775928344127136,0.06736541036754014,6.182401921417831,-1.7153553832757753,0.08297732509684431,0.3112830880371586,98.28262382278648
6134,3355,19,1,0.04838152689867997,0.05890335357572806,6.274330803511119,2.9856088349243355,0.0698882008557952,0.26139650291628563,-171.0627855078005
6135,3356,1,1,0.06677560251213259,0.06329530013059222,6.287040477132262,1.5027420172474688,0.10864977678100553,0.3230596770357206,-86.10077525503712
6140,3357,1,1,0.05457844481530448,0.06614525904652772,6.410708471315618,0.37775882134415073,0.09029030799300801,0.27059662224277214,-21.643986160932094
6142,3358,19,1,0.043846052875110356,0.05708890386600622,6.27653167529036,-0.4512155771179552,0.06923769370016067,0.22627563130400705,25.85274823078756
6144,3359,4,2,3.7725025494350293,0.5257092426374168,9.124710222418486,2.8255518236939534,5.650541446825333,11.418638796407034,-161.90862014269823
6147,3360,3,1,0.044900726833676,0.05594121760495076,6.232540902400886,-2.005731557539802,0.07569497789532753,0.26880325836814417,114.91995309885532
6149,3361,1,1,0.05764697584527131,0.059819385217048465,6.30214773729038,2.7898274756441483,0.09175014414022568,0.28453225170427776,-159.84533989390593
6151,3362,17,1,0.05620946335804217,0.054254440493749126,6.2951558668525935,0.5154461064083554,0.08989947990799131,0.25978617492030703,-29.532886491065604
6152,3363,3,1,0.06683893631223731,0.05701611264738035,6.232742180537612,0.5930562551727145,0.10139027343220627,0.3356510723138061,-33.97962046822859
6153,3364,5,1,0.05362446934922418,0.07035842519313411,6.310695013998261,-1.3022179179702342,0.08484330211043109,0.279962674048603,74.61159067010003
6154,3365,19,1,0.02926812062601547,0.04029184139067555,6.275384200190789,-0.782422164046075,0.058082752989821906,0.19872239430937252,44.82948780091617
6156,3366,2,2,3.762782686426643,0.534197826101532,9.332746749385842,-0.1482781785502503,5.636025156316075,11.380887397417583,8.512012675473
6157,3367,1,1,0.033816723158600924,0.04475051513835146,6.355035253944679,-1.260061740516248,0.058863065046562676,0.19847667860994522,72.19621965225816
6158,3368,9,1,0.059585142198820024,0.05783443955742515,6.27963076639532,0.9898701456950452,0.09318774600666938,0.2833197906684728,-56.71538156932059
6159,3369,1,1,0.04555519300925001,0.06597714129931813,6.263864571882911,-1.6326358986113674,0.06715922935783525,0.2293693604023243,93.54314646957964
6160,3370,18,2,3.767992495811028,0.5334314681075352,9.302761230686388,0.7288550005684902,5.643805513774894,11.384855893476487,-41.77668225669595
6161,3371,1,1,0.0799744863029643,0.07057576183236752,6.297586851198341,-0.5023951973794053,0.12853196906122116,0.39742032888271805,28.78512458363727
6163,3372,3,1,0.0405438190336879,0.06973316018807448,6.206412444119812,1.7850897767970815,0.06890279845655382,0.2612637236244869,-102.2781102791041
6167,3373,5,1,0.07221694150420359,0.07786591006011052,6.370564683453063,-0.15355119492113656,0.12364027880552343,0.34051856855247636,8.797835501522773
6168,3374,10,2,3.786740429305444,0.5363519900382783,9.36125041810827,-0.5616779137621981,5.6718043033309815,11.431484385149835,32.16516081822585
6169,3375,3,1,0.0590454448040484,0.05344159204689151,6.253512540466792,-0.9762731455220286,0.09308369990384838,0.27902587754543134,55.936330852739054
6170,3376,15,1,0.04090598238012635,0.059426166376063856,6.270707140019017,1.2803158908463474,0.06901954175684642,0.28968137391703136,-73.35669697413977
6171,3377,7,1,0.05131237999965128,0.06198467016967753,6.248879106876742,1.6235399601802745,0.08410164557713917,0.28664568266073137,-93.02198761952245
6174,3378,19,1,0.051930312159474204,0.06318455398090295,6.22304132016835,-0.8795223940990388,0.085960265975588,0.25221324777122817,50.39292118257956
6176,3379,17,1,0.04259706313792392,0.060354052777913114,6.310332629972399,-2.763789707268712,0.06878431644029473,0.26853918028315976,158.3534856744577
6178,3380,13,1,0.05404805910280778,0.048728782946428115,6.278300831683634,2.6512678659944218,0.08560817595818694,0.2599048338050412,-151.90645905818937
6180,3381,1,1,0.05091539386678724,0.04691845572100528,6.277420627815453,-1.764611220412141,0.07846321137059446,0.25493702109177424,101.10477542532833
6181,3382,5,1,0.05176718903934339,0.057206816794981505,6.108331893582141,3.0699492254133554,0.07755954252971083,0.22621912304433478,-175.89513394961625
6182,3383,17,1,0.04118182423994404,0.04663820034286274,6.25598320414811,-2.5191122489710653,0.06986393766125185,0.24050558045148102,144.33449998039714
6184,3384,1,1,0.04375336139327299,0.06470421901752225,6.3046357152630295,-2.9718272983883107,0.07163347415382382,0.2527551197927044,170.27316163401267
6185,3385,17,1,0.03481209411267643,0.050289862805136774,6.218299878924716,-1.8313195296595433,0.056910529736539886,0.21503780809826595,104.92687999527988
6186,3386,8,2,3.7853421308740662,0.535611354911642,9.386147908000877,1.7288546568906022,5.66971693859516,11.462097370236648,-99.03948060738092
6188,3387,9,1,0.034398168469543695,0.050807137701035135,6.305283093699216,-2.7576935113402588,0.05657642470144096,0.18187403104765307,158.0041993821181
6190,3388,20,2,3.7691122389262723,0.5323374475974086,9.252066078184306,-0.7695807554997204,5.64547783522333,11.386233651555813,44.077347799293086
6191,3389,19,1,0.04635877970208478,0.053564813786293554,6.205105280702903,1.8812640376394614,0.0779403855013151,0.25836093892481776,-107.7884895306524
6192,3390,7,1,0.04732397161584848,0.055126239198291974,6.259014059566485,0.347371974707017,0.0789551983682432,0.2752077341979417,-19.902948097401296
6193,3391,19,1,0.03570923526002437,0.05656691280245973,6.260394640610368,1.0415630339813575,0.05803267376232912,0.20144948473894192,-59.677165940265326
6194,3392,1,1,0.07586891355069271,0.05788650544170049,6.2588238751419425,-0.09855955721380401,0.1232548033229434,0.3335854747580342,5.647046741934227
6195,3393,8,2,3.778415223853443,0.5277330880124155,9.108566932777874,0.6908752396986961,5.659371587379285,11.430451181803564,-39.56773196317861
6196,3394,21,1,0.052397487626582744,0.0611694028535082,6.175205143036541,0.27222328559236414,0.08825760337025104,0.2548599012087146,-15.597245372000044
6197,3395,7,1,0.05503320373161204,0.05112753326335838,6.028785106173448,2.784177087103953,0.0890630853330453,0.3166645369569103,-159.52159647455176
6199,3396,3,1,0.037826770929436704,0.0523089429782874,6.267391381325452,0.9624860565752441,0.06824741233242944,0.1719337843329195,-55.1463888759462
6200,3397,7,1,0.06443713161295739,0.04133087517798124,6.1801335106169635,-0.6585238574743886,0.10486176478757757,0.2907034473942582,37.730637762053526
6201,3398,7,1,0.05753986403050201,0.050835002531459964,6.238838697142393,-1.700155077662932,0.09064844408707909,0.2830411213929526,97.41171050152748
6203,3399,7,1,0.06211883144199889,0.06235718382402294,6.329095396036701,-0.4845884075867385,0.10441949728473005,0.35600033079286525,27.76487062499203
6205,3400,14,2,3.788458155526718,0.5366327483499496,9.117021155345663,1.8765515488646383,5.67437028791842,11.482334247754832,-107.53511954127634
6206,3401,16,2,3.7736183567126758,0.5288758997257846,9.161537509500848,2.884362263510314,5.6522079428758625,11.42566758566891,-165.24534381456988
6207,3402,15,1,0.03955809253090864,0.05296037356596835,6.219547544605794,2.1079254150544426,0.06447236467910304,0.18928207484427742,-120.77522982434928
6208,3403,15,1,0.054156987820100595,0.05197818857681551,6.2516040822052155,3.104675338996015,0.08358402713251235,0.28877840270525407,-177.88479368752965
6209,3404,7,1,0.05238265108850681,0.05389148459015062,6.241748911564963,-2.284162022717022,0.08441759156497548,0.24586200245412498,130.8728436383142
6210,3405,15,1,0.05555447837014782,0.04966224901290514,6.219384584644411,-1.1473638161956716,0.08678192357871806,0.26467914131915543,65.73910419855599
6211,3406,19,1,0.06530834215330109,0.06482631664957218,6.2866751896685,-0.29486770477837804,0.10785629489774883,0.30067314515948135,16.894675065044755
6212,3407,21,1,0.053971020299697046,0.05257614833160353,6.271315665194535,0.16818260302989033,0.07614359049665308,0.24017002407934068,-9.636153349375373
6213,3408,7,1,0.06349139032738095,0.06836490283511389,6.3921179598476705,-1.0489305899995895,0.10181835012375377,0.3158602193425485,60.09929575701487
6214,3409,7,1,0.055432096072517215,0.05364481964286846,6.224321782150559,-1.9097076962186874,0.08999323343389697,0.2778525639126,109.41819113589422
6216,3410,1,1,0.06537179663379354,0.06260816501757346,6.275837801999116,2.77665960042303,0.10936537293443575,0.29293979942694875,-159.09087619508585
6219,3411,1,1,0.07021242909477206,0.06539538524801823,6.262468308737729,0.7651463913228833,0.10342535243106994,0.4070779260351367,-43.83965893651993
6221,3412,21,1,0.059454597497417945,0.05727561157237171,6.155897701388761,1.2107154051406346,0.09426499782477626,0.3784080178076503,-69.36888285428773
6222,3413,3,1,0.06785770511835405,0.06406541724991552,6.0717732241919515,-0.33035737516983493,0.10708930022332276,0.38104565197009693,18.92808335771522
6224,3414,9,1,0.0355002558602364,0.054587945921634615,6.280866522541564,1.731318048902065,0.05075906586676999,0.20502872978690623,-99.19721720076356
6228,3415,9,1,0.03999189742888261,0.04924827670853369,6.263494279126738,1.94414738877848,0.06488088402617923,0.2605372930996864,-111.39144013179795
6230,3416,13,1,0.06604968651865765,0.06852118320901843,6.2997398810872625,0.5184659142048668,0.09898085842556013,0.30029905517321515,-29.705908734772468
6232,3417,3,1,0.034544559642328075,0.06841764687376588,6.354731708334976,1.7474152788882877,0.05592141124211026,0.2364091649462344,-100.11952053830746
6234,3418,17,1,0.060506588780227695,0.056058373612498553,6.215544102385161,-0.8547224017463877,0.09018789029182972,0.33558134882174245,48.97198626342524
6236,3419,15,1,0.049717933383224736,0.06918259391925538,6.169364351586367,-2.395814126271856,0.08029501473073349,0.2740060753347419,137.2700379518044
6238,3420,5,1,0.032187669024044525,0.0706040184819756,6.213594086083054,-0.23484004335499398,0.05068267861046343,0.1864799672306284,13.45534334870182
6239,3421,1,1,0.05211039582855141,0.059647586824806885,6.323910268427255,0.7325322730644765,0.08457957137304112,0.2281602516636984,-41.971007604490154
6242,3422,9,1,0.035215193431918854,0.0384112996317037,6.347376179615017,-0.7342489954656128,0.0628826727002473,0.23474634295828778,42.069368553615504
6243,3423,15,1,0.04015379861742101,0.03774694019934573,6.249675063688929,-0.5753880439947718,0.06731846578594328,0.20368917011538362,32.967306501245645
6244,3424,15,1,0.042620560812157246,0.07473895791098638,6.261551709721476,1.104543093435054,0.07166766088027417,0.22923596400780544,-63.285657538510804
6245,3425,7,1,0.05307147556752383,0.06553112628200398,6.255368550129129,2.0209402852438902,0.09097743867896502,0.3557966910102573,-115.79134903737504
6246,3426,4,2,3.7706630408059674,0.5270354900542269,9.213883665989833,2.819427611098294,5.647794667829945,11.437810284844083,-161.55770451379365
6249,3427,12,2,3.749414540281469,0.5401338415890021,9.338489504493138,-1.9148685565324028,5.616059437604903,11.338501171041308,109.73001187364963
6253,3428,13,1,0.0492992137234879,0.053204376047667847,6.200641804721502,-0.40151625761168075,0.08188460955748797,0.2798221223218597,23.005186975086616
6255,3429,13,1,0.07954452032519795,0.09483915206228184,6.273953036661507,-1.7905962489707559,0.14569610542331202,0.4214332287556235,102.5936079287782
6257,3430,17,1,0.04829880965756141,0.06822794287282494,6.287186256781151,-1.3883733572091617,0.08062231076213178,0.26481862897415503,79.54793373914023
6258,3431,13,1,0.05226157415683074,0.08078208574679645,6.253328633376271,0.3772667499230342,0.08713803297433023,0.3897395611094714,-21.615792534566616
6259,3432,4,2,3.776182670664075,0.5369066190307621,9.432232723895028,2.117460270087733,5.656037483261881,11.436284486255122,-121.3050626428144
6261,3433,17,1,0.06620149829055409,0.06552688945368915,6.237035564084718,-2.779807588493275,0.10415988431338835,0.2978445479389437,159.27124261009146
6262,3434,19,1,0.04573688551046679,0.06351255483879541,6.095122443011635,-1.8556316400156152,0.07227481310502427,0.24353330195566403,106.31986132366941
6266,3435,13,1,0.05423848142157562,0.0619861850427957,6.352857294603976,1.1781057314533188,0.0901878379365723,0.24907008368313838,-67.50048619360236
6271,3436,15,1,0.05143053419405907,0.06019046187072836,6.33543476447212,-2.1797017527046267,0.08903672949665734,0.24169132233263205,124.8877110312993
6272,3437,15,1,0.04905648557203964,0.06238120631803488,6.256012077016936,0.8942608693104134,0.08407642941579827,0.22485236557397162,-51.23737358696668
6274,3438,14,2,3.7890106326777335,0.5373356365596468,9.396502965772585,-2.458653782885173,5.675194865900939,11.472756608957605,140.8538419676801
6275,3439,15,1,0.042966461369853715,0.04278857429305357,6.213953526797216,1.1742404307516099,0.07070731406882907,0.2573653617142525,-67.2790208099465
6276,3440,2,2,3.7862525586698554,0.539782417528436,9.236790441845834,1.0868523967196864,5.67107615309035,11.471068642791296,-62.25544864125344
6277,3441,13,1,0.05332086577662255,0.0534357522044934,6.189868647092077,-2.754848178823857,0.088641592379041,0.26781861879938734,157.84117381335636
6281,3442,7,1,0.04846980593648362,0.03301555432396536,6.196783729629524,-1.1371412834509806,0.08023156194492496,0.20718641761995135,65.15339623018721
6282,3443,15,1,0.05902288985589009,0.061953171397893615,6.2856438980794564,-0.9757596158422553,0.09835945073218032,0.30041910459741655,55.90690776811827
6286,3444,12,2,3.764619707553516,0.5353274543269356,9.4597246027367,-0.7836739546784938,5.638768421302357,11.394581174226811,44.88488730786911
6288,3445,17,1,0.0763240048310582,0.05885144054310587,6.113703103752894,-2.8566948853806826,0.12045829561932113,0.3332881255097293,163.67656024139976
6290,3446,21,1,0.03656279876324201,0.06373357450216731,6.436832083810498,1.8841637825662423,0.058455674421943486,0.22067930818922155,-107.95463266191493
6291,3447,2,2,3.773418935454475,0.530964448499804,9.311041189894572,-0.8351075375015345,5.6519098651504995,11.41940349361078,47.83169946910554
6293,3448,1,1,0.03847648289668354,0.08052502385002551,6.320006176370529,0.5941808041661089,0.06821992184715708,0.26209320915650375,-34.04405235884488
6295,3449,15,1,0.0430013817193414,0.06807077272159531,6.301467773860108,-0.6918053548658233,0.07060051704133544,0.21576451139132263,39.63752708466095
6296,3450,7,1,0.07592137540040504,0.08700664101153581,6.198726272153838,1.3955104004275862,0.1302816858111426,0.3597604911625209,-79.95685624764829
6297,3451,9,1,0.03744027728859719,0.037017495481408536,6.2461511590021335,-1.0338403677320955,0.06515823148480637,0.16913660074497022,59.23468975128059
6298,3452,9,1,0.05924065919518855,0.07301661684034717,6.121370472980832,-0.8088799360225553,0.09326356056103176,0.34699701806757943,46.34540648613189
6299,3453,7,1,0.05005557803962138,0.07178350687417494,6.278829424496802,-3.093935949648471,0.08217763793933823,0.259007919118169,177.2694719814178
6300,3454,5,1,0.06714632816955039,0.06341728317194688,6.256699757262957,-0.505799740460777,0.10296638910526436,0.3660560728356871,28.98019045058027
6301,3455,10,2,3.7869193595836568,0.5278736383121474,9.24135021693267,0.17726957339729843,5.67207175827183,11.458348606608869,-10.17341383352986
6304,3456,19,1,0.026592847782727982,0.06019238025132088,6.101642965030211,-1.3262379339666162,0.043999645565548084,0.15683263161886865,75.98783624459516
6305,3457,15,1,0.03369047044777605,0.05810160298217748,6.060296026988288,-1.0820922906542385,0.05191161781886955,0.18225144716499297,61.9993212925926
6309,3458,15,1,0.07511428249002665,0.058393524807636564,6.178157952858041,-1.1240474094688897,0.11986891039010573,0.3355714002445357,64.40317244599233
6312,3459,5,1,0.05525781347985036,0.04736635047193243,6.155297074220726,1.9567100198502276,0.08897066250319877,0.2998733892529488,-112.11122590247803
6314,3460,21,1,0.08289311499021845,0.059491332888082005,6.186402236239619,1.1738770996102925,0.13113510260551617,0.3679033053726559,-67.25820332772578
6315,3461,3,1,0.06760658264266131,0.0556849190969877,6.281188821450743,0.8777032378890902,0.10659155052395748,0.34760912368887315,-50.28869119216082
6316,3462,5,1,0.04150452855030283,0.0692024673234447,6.500395641230665,1.009499571121687,0.06865541582346632,0.26970775203572483,-57.84006482901486
6317,3463,9,1,0.056145921738864145,0.05446033860650992,6.310925303912277,-1.0120720414661057,0.08849994654648866,0.3245166080393987,57.987456522875426
6320,3464,5,1,0.03540143994668013,0.05976423376479461,6.311862075399843,2.4307999505757483,0.05914985480562749,0.21834143065035205,-139.27457800719344
6321,3465,9,1,0.04141765257782823,0.05052481523257057,6.214019334266587,-0.153767563387859,0.06445522644977111,0.20131294823017792,8.810232409372606
6323,3466,7,1,0.037288179968205507,0.038172939976502604,6.242131847044405,-2.0265006714477245,0.06707825277013814,0.20588546842077138,116.10993566216281
6325,3467,9,1,0.06757450228413589,0.0738817399029082,6.231598493286171,-2.9134591401190764,0.11275886084580007,0.3450660956218857,166.92891241970693
6326,3468,1,1,0.06775507534697124,0.06432954340431413,6.213388425972693,2.503893128912165,0.10638325140522217,0.32708179956533046,-143.4625085742934
6327,3469,7,1,0.055436258822302555,0.06199224418716782,6.1240061821356955,1.8948754462998003,0.08936495127953645,0.26876868951471117,-108.56836579789336
6329,3470,17,1,0.045142842775554824,0.062248495431824535,6.247961959623015,0.6649923231267664,0.08120611110243992,0.3095791197048208,-38.10125352782054
6331,3471,15,1,0.03667381925678594,0.057201350253351595,6.248801887372281,-0.18161707888744422,0.06007107311965065,0.21229986478225993,10.40589211817832
6337,3472,9,1,0.039563301484774695,0.06802770597611134,6.371511851458001,-0.23434969772306952,0.0597696950803585,0.19319452717319813,13.427248620689843
6341,3473,15,1,0.06657524986688379,0.06720551308662616,6.292491043297849,1.1316476775184294,0.10932787237629384,0.34451659156659226,-64.83863575139397
6342,3474,9,1,0.07309099368250264,0.07459043260686428,6.268405964638044,2.0391802378986283,0.12155138304067356,0.4345072743498716,-116.8364214080473
6344,3475,1,1,0.03599126732703285,0.05415077013938968,6.354647511423735,-2.2048342571612376,0.061159532258652206,0.17310128457487514,126.32769746207849
6345,3476,13,1,0.03154066514735762,0.04946571572239518,6.295368149737825,-0.07626659299649048,0.051041287905496203,0.21295495972597586,4.369753901835928
6347,3477,3,1,0.04979079681531274,0.0632413261135975,6.227286323328105,-2.9103622679407284,0.08028340283757812,0.23643652880437935,166.75147479100045
6348,3478,19,1,0.04757911178519348,0.04423292547419173,6.1982966358146845,2.9810116265752042,0.0704707060084871,0.2881574204415663,-170.79938488289866
6350,3479,13,1,0.07101714137172135,0.07394204746930866,6.106726424452789,0.686480728774754,0.11600821886795709,0.3683929587689779,-39.33244856284627
6352,3480,7,1,0.05276491221179369,0.06132539343477266,6.179545148838733,0.7288545216587048,0.085728891541744,0.299728627761783,-41.76028799035238
6353,3481,6,2,3.76282692447936,0.5338871494102863,9.471607775587351,0.49757287633410574,5.63609134992515,11.400550723559224,-28.525125251678432
6354,3482,17,1,0.04697681338620752,0.036413299610672,6.23451410326177,1.253519651370966,0.07023202870586472,0.22733792174112308,-71.82138554328093
6355,3483,13,1,0.07226172934915823,0.06004109333561867,6.134589688345977,-2.8041277234613466,0.12012078318658193,0.3427582386237041,160.66468369290155
6359,3484,15,1,0.03664735028919589,0.060012611882634764,6.093868684515214,0.3949181737412873,0.06162095935838483,0.2116130920487929,-22.627144620118987
6360,3485,1,1,0.0431129374718794,0.0618909211856775,6.164428452745701,-2.591320314205115,0.06703323857041583,0.20347260487865396,148.47171735449623
6361,3486,21,1,0.061953208256034314,0.07267848631225887,6.207445278700257,-0.6369211530471798,0.10188147529957758,0.34030954748538916,36.49289401150447
6362,3487,15,1,0.056659822204129795,0.06600294381897269,6.159180248483887,-3.038142910525848,0.08676431822137393,0.2951878161625271,174.07276632361663
6364,3488,3,1,0.03859384499623669,0.05478386484169973,6.179241242383783,1.4426168098483612,0.054527727394060206,0.23028996242119945,-82.65585465728095
6365,3489,5,1,0.05333515552501281,0.05518245860427625,6.251897772261424,-2.4806849435487415,0.08664912311736336,0.27784385859246963,142.13277754918002
6367,3490,5,1,0.047067043202821304,0.05680311135332378,6.25320186194509,-2.436026792688835,0.08135022322082833,0.19554222495841256,139.5740540005405
6368,3491,13,1,0.03514912110567572,0.06401846676322838,6.328229983610769,-2.0185952973734422,0.061982997561380364,0.29556765710314137,115.65699108890907
6369,3492,7,1,0.06206129342342926,0.058385950335113394,6.342246279679989,-0.4033457790937041,0.10547772019377254,0.3275078177260038,23.110010898855943
6370,3493,15,1,0.047615291659145714,0.05640533554023165,6.329308090528979,0.2614812341701099,0.0755599973940456,0.24232705064151103,-14.98177115021095
6371,3494,9,1,0.05658407498934382,0.04573105519771525,6.352140230496295,2.7010838329156313,0.09497731938463949,0.2917837835909762,-154.76070368325776
6373,3495,13,1,0.0440552166944775,0.07188435527038838,6.3067552441691825,0.8435825235722664,0.07451863164291289,0.2626228264967275,-48.33371826362254
6374,3496,19,1,0.06860433721365264,0.05239654314898598,6.205346228689166,-0.7683163756598198,0.10655670769009219,0.3719451737394621,44.02128568519765
6377,3497,21,1,0.034395125089719585,0.06449457199795897,6.417198168260783,1.2829702561473795,0.060923370888791295,0.2880113446638157,-73.50878091638872
6378,3498,21,1,0.08638110435198572,0.06888677167725515,6.378260004203789,1.2439446654455872,0.1378693206737229,0.44182167263948985,-71.27277911921242
6382,3499,12,2,3.7548684038820057,0.5313419913414483,9.407896597169023,2.2224329683802546,5.624204964957825,11.34269167480013,-127.31983340759956
6385,3500,9,1,0.0315373839938974,0.05412273988843749,6.3071239975122175,-1.4108350727482792,0.04792964303625731,0.19733956452713347,80.83489525382846
6389,3501,1,1,0.05609764055917334,0.054696877345431355,6.157087240437704,1.1391852946045067,0.08734919776810667,0.34785908692973583,-65.27050944353613
6391,3502,3,1,0.07312657746340373,0.060117863317391995,6.280542147172563,0.03588352559588723,0.11427293447161324,0.3147569304603689,-2.0559745589684897
6392,3503,15,1,0.04981304047511961,0.03699847735049315,6.239405931686792,-0.4015893370136911,0.0751883571992721,0.2620050666257935,23.009374134913106
6395,3504,5,1,0.04086130871086733,0.062397048014852456,6.382880545723396,-1.8223125149175068,0.06444602791993624,0.24828902538267117,104.41081606197591
6398,3505,1,1,0.08043096197808548,0.07842561616468403,6.231262679351272,2.4998910200848887,0.12827787157650394,0.4180260731178789,-143.23320458539177
6399,3506,2,2,3.7748984820673,0.5372945589386187,9.554174605448862,-1.2130155207346027,5.654119680346408,11.42200706517758,69.51712708762919
6401,3507,18,2,3.765419123370088,0.5319273751706807,9.177565127402444,-0.3836706018616835,5.639963189947293,11.423355685039413,21.999039445913436
6402,3508,13,1,0.04160649273707669,0.06821766232458248,6.138308426389373,-0.2134862998659162,0.0656103789781331,0.23589386582687843,12.231863978383283
6405,3509,17,1,0.05329132284698311,0.06736381288409374,6.2863723726066585,0.2999932486142202,0.08547315578472152,0.2794131702165049,-17.188347062508893
6406,3510,5,1,0.02927114773922189,0.05215853661334008,6.301564720179457,0.8268660287391012,0.05114454035026533,0.1679022821350612,-47.37593366906226
6407,3511,1,1,0.045151832399149404,0.06575043668179506,6.283918643267591,-2.437498096358937,0.08046612557106692,0.253201243786153,139.65835349089141
6409,3512,6,2,3.776616334402773,0.52727777506327,9.164071222406191,1.877894153913247,5.656684942147093,11.429290745175393,-107.61188919794894
6410,3513,15,1,0.028885608059427303,0.052405356081695637,6.176411150933177,-1.428702952589875,0.04482181479299183,0.16216542894666597,81.8586493611195
6411,3514,9,1,0.04222309006479079,0.08181562540847445,6.312881059618703,2.9229172385380022,0.06840938043237184,0.28955779052346803,-167.47082162322613
6413,3515,21,1,0.08427116202247943,0.06843461080254155,6.292293598209903,1.2866404806607004,0.1399980061088166,0.40850026984770926,-73.71906912787897
6414,3516,15,1,0.03311701018106795,0.06795259593004833,6.247834517681053,2.0879196301396687,0.057187433129669556,0.20869280999171383,-119.62898277389685
6416,3517,9,1,0.07559369192731819,0.065901409161547,6.06797972257364,0.403602077392499,0.1127170891714756,0.40344379629819077,-23.124695699681187
6417,3518,15,1,0.06121055687774316,0.05312700990526661,6.27362985327469,-1.8296545419211188,0.09577580415567592,0.3019648998339167,104.83148327467654
6418,3519,13,1,0.039131939386842125,0.06591947093108382,6.305717438700498,0.9980552057482875,0.06885561562228994,0.2547363097714807,-57.184351010178986
6419,3520,2,2,3.7799694249215854,0.5306265525097615,9.105774425584206,-0.9886426418060963,5.66169275258078,11.44406843826698,56.66157469966047
6420,3521,3,1,0.03255183322343803,0.025841964020007695,6.2268240624096025,-2.684808566427992,0.05803014270238884,0.25561683851561207,153.82819965330347
6421,3522,21,1,0.05811313588199955,0.05648128844315964,6.244682881605669,2.8141882449027635,0.09065502951734321,0.27106837992960503,-161.24110914239245
6425,3523,1,1,0.07671168905872598,0.06662611863888082,6.2540301124154505,0.9394553127555593,0.11722789836442417,0.3696305386651808,-53.82682446039221
6426,3524,13,1,0.07309608765172257,0.06635860374661275,6.272122811402816,-0.6049632301955105,0.11488933458907914,0.36836474368055544,34.661839935705316
6429,3525,7,1,0.05043623484516307,0.05230410215362331,6.346683250708666,2.7712698918585215,0.0878903258431623,0.18072213057529993,-158.78206868241097
6433,3526,3,1,0.033499277176693106,0.043655683487204756,6.3749655679220325,0.24192326799795352,0.0524988627105583,0.19095491655245161,-13.861182229354558
6434,3527,9,1,0.05308134967703684,0.05241992493682537,6.171871667081742,0.37272350431087536,0.08397388649821602,0.2539506387113027,-21.355483750832683
6439,3528,21,1,0.03844326447306634,0.05807134458625956,6.239075249098787,-0.5336937369339536,0.06658736397321481,0.2014905472069282,30.578398684195534
6442,3529,1,1,0.07922649735775814,0.0751738653391185,6.354876237214446,1.032279986195719,0.12473727537106184,0.3767674105832533,-59.14528639026463
6443,3530,13,1,0.07210827938136427,0.054664091987532706,6.232464849286476,-2.7940931540355605,0.11203117527524444,0.33566046373084546,160.0897452100954
6445,3531,7,1,0.03011263037566104,0.061743648603121024,6.412774392861265,3.067903806009575,0.04809791014761227,0.19549996449145352,-175.7779400351866
6446,3532,13,1,0.058939139976036684,0.05235529750982673,6.131215615018847,-2.0680784540133144,0.09246894456358641,0.3049753465657153,118.49216714406961
6447,3533,9,1,0.04796069700764629,0.060136131041239035,6.166024344882738,0.17836875071611694,0.07799251032048199,0.2640164463878949,-10.219776643873923
6450,3534,6,2,3.760134842202154,0.5311507882167549,9.186989300959935,-0.01392021856626859,5.632070626001263,11.386450547499464,0.7813054048934561
6451,3535,7,1,0.060170673156845496,0.06792540209960626,6.347214776735183,1.1608260627152063,0.1015641471014605,0.3062040509259055,-66.51043410026571
6452,3536,9,1,0.07774541516471528,0.06123761604611825,6.201775669842203,0.31670251387871134,0.12966408013409636,0.38337199427974245,-18.145717527462345
6457,3537,2,2,3.735702203128169,0.5393750859771617,9.251934951603799,-1.4330828752439995,5.595579500296676,11.30871105867495,82.12554892594392
6459,3538,15,1,0.04264955698075704,0.05731787994907666,6.178952370696439,-1.4974970546318689,0.07414917978593409,0.19417077279779388,85.80026107635881
6460,3539,5,1,0.07157730655852029,0.05701737889326998,6.25425103878376,-2.964240401155756,0.12479423134922289,0.37890264935615126,169.83846433348643
6462,3540,14,2,3.7628270482639246,0.5287773188239334,9.17195241821247,0.8376296683757064,5.636091463816013,11.39776306382325,-48.00894423553254
6463,3541,15,1,0.04048738223602743,0.061983075735729726,6.406609434294506,-0.3638445397316735,0.07250528419825902,0.32747326192422815,20.846756543445046
6464,3542,3,1,0.049991827226851186,0.07170842419966048,6.365284764179748,0.4833457130788559,0.08349186290819198,0.29028355043786835,-27.6936694341798
6466,3543,16,2,3.7733854402445455,0.5271636192075317,9.249150984633708,-2.931917798615562,5.65185978748416,11.414065339107196,167.97007831732046
6467,3544,3,1,0.060672975046066696,0.06342499524000236,6.2536677259710105,0.1321516882697765,0.09374741425611795,0.2790490268903057,-7.571734012484476
6470,3545,3,1,0.027109965429863346,0.05144422116464218,6.254064055436729,-0.05764917554467191,0.0417389579274073,0.15562602523933763,3.3030544508134283
6471,3546,21,1,0.03302359375478807,0.04965528000428684,6.207132965542309,2.2328695619965537,0.05239914961210923,0.16662669726377344,-127.93400210700837
6472,3547,1,1,0.05135755275931269,0.04947616801956611,6.150769313982047,1.0615827601886656,0.08530419766016235,0.25254313001194245,-60.824211730305066
6473,3548,1,1,0.04023126179500317,0.04711265944786456,6.241220550283751,2.3667292269331894,0.06726523206178268,0.17202276868192085,-135.60359595099692
6475,3549,15,1,0.05455257988309391,0.049974633744271066,6.403600004348885,-1.2279171256924752,0.0887893686656033,0.28084594874353647,70.35446886224891
6481,3550,19,1,0.06743464786169247,0.05850751434936767,6.247689005039226,-1.6447924563533758,0.10728711300588202,0.2813978275251876,94.2396659381492
6482,3551,14,2,3.759765707887508,0.5305058681137279,9.096259598896454,-2.290949143466322,5.631519104384598,11.381999238554343,131.2779765726051
6484,3552,21,1,0.04142618454641252,0.046291758691076344,6.288604742493579,1.915123402771609,0.06266308717980912,0.2430370636038001,-109.7284882311923
6486,3553,21,1,0.036739301610526756,0.05337580764575106,6.2632501171907755,0.3812342144266862,0.059341795014455356,0.19002594227788341,-21.843111503915903
6492,3554,19,1,0.06344262795751096,0.046682217173946265,6.103160226758802,3.135099957446231,0.0989171168483195,0.30633059108629,-179.62799594557512
6494,3555,2,2,3.7671925136448343,0.5306339932855567,9.207950334231846,1.5016684847251809,5.642611290935774,11.404030227523851,-86.02291002296728
6497,3556,17,1,0.07213136858521911,0.06810553755440925,6.2733338592513235,-1.6670550487461062,0.10860671926584682,0.34075290920912477,95.51521852186272
6498,3557,13,1,0.030184682965624952,0.04310072567852595,6.320239132183105,-0.8074684148940577,0.05563749054466436,0.134217329109613,46.264532264226695
6500,3558,8,2,3.760502152737013,0.5339917576464249,9.428533167445364,-2.4808290166959663,5.6326189521081425,11.367473765923124,142.15730150599913
6504,3559,9,1,0.04852130240468285,0.06546490972926643,6.265067012768699,1.2029063548131331,0.07727523620408523,0.2892922843381477,-68.92145727067881
6506,3560,1,1,0.0383622648557444,0.046706987578232446,6.3094712316762545,-0.6121293496157452,0.07081829875434212,0.24119015455036766,35.07242824453488
6508,3561,5,1,0.04730541191896307,0.04908192224968374,6.234257366295183,-1.5129175295995134,0.07062657315529325,0.24041786902969112,86.68378920205265
6509,3562,21,1,0.035123546121668354,0.06491810183007987,6.334844481857118,1.6985438675591802,0.06149508427749392,0.23673052404659234,-97.31939493854405
6514,3563,20,2,3.770910414244935,0.5277757216692222,9.20113880738689,1.000752546270067,5.6481636535544135,11.426252317416237,-57.35530225015465
6516,3564,21,1,0.03170014567088766,0.061327239324513595,6.129437897636361,0.3816756712608889,0.05201874547436472,0.16069693816382563,-21.868405111160072
6519,3565,5,1,0.043265505413614486,0.05631756264077701,6.140893806984459,-1.8656640519266063,0.062204504640424485,0.23652606239098356,106.89467616919295
6520,3566,19,1,0.04217993787759583,0.05583401836663238,6.270462981336868,1.96550535746951,0.07337970038341866,0.1821961606442271,-112.6151616100966
6521,3567,15,1,0.026072385536068266,0.06912203243505219,6.314633791936227,-1.3648515353782027,0.04376000888684544,0.17640636962695522,78.20023263828513
6525,3568,3,1,0.04649228674113968,0.07859618331852679,6.246863522147831,0.6758181819595429,0.07511891937240674,0.25942502154526853,-38.721529554136765
6526,3569,1,1,0.0803729595742372,0.06742826359293444,6.185875935616105,2.5059357154067032,0.1265597248424668,0.40028086355406906,-143.57954019834932
6527,3570,7,1,0.045147073091970996,0.06946087524469773,6.345123566555057,-0.133930695524972,0.08002308254259914,0.27159955933400515,7.673663621408335
6531,3571,19,1,0.08118589572246195,0.06351412809722383,6.2238581902485075,0.9536195006376404,0.1265735429097518,0.3928415962794322,-54.638372543100424
6533,3572,9,1,0.06542832588733617,0.07282609142014451,6.267992285833313,-0.22192715175159544,0.100049521380041,0.32411281185124863,12.715489183861896
6534,3573,3,1,0.0499844882774295,0.05600782920978329,6.25180366423941,0.4766539179941638,0.08405031163691125,0.2862336783599243,-27.31025781311261
6537,3574,7,1,0.06017021117455907,0.06710993896178334,6.386016652332748,-1.146294034609391,0.09677841240594685,0.36624464363181386,65.6778102218797
6538,3575,7,1,0.06188965613656475,0.06262381299261931,6.223854194666766,-0.24780401709661512,0.09842125257378412,0.31040545253579543,14.198124366295195
6539,3576,17,1,0.06605865653217242,0.05170770954842379,6.231907809992313,-0.16321893045191205,0.0992755921825328,0.3392465600441067,9.351755888655157
6541,3577,17,1,0.043542853233148375,0.06393444725554082,6.33511009689191,0.6726573572510565,0.07258352018702156,0.17447444218077052,-38.5404276350494
6542,3578,7,1,0.060358442437846334,0.06573891387399054,6.134491439304483,-1.2584824387271627,0.0969569223365145,0.32145213452480065,72.10573228213563
6543,3579,9,1,0.054855257246321655,0.06150671947736037,6.059113993247982,-0.9318384252930544,0.08400605601306388,0.2768639769395534,53.39040896345427
6545,3580,3,1,0.05562689516526058,0.06729348188080192,6.3690875853517674,-2.312974564192433,0.08793497286865852,0.26998916364917236,132.52368064414938
6547,3581,7,1,0.06978883110235871,0.0749412116823048,6.232995256212205,-2.9662916676876234,0.10718870942023243,0.3971365170685241,169.95599335270842
6548,3582,19,1,0.05638364317066163,0.049047729943371206,6.181212261770619,-1.9347149782522346,0.08717372690602555,0.2764413584176041,110.85100285167206
6549,3583,21,1,0.059870191509381145,0.06769207139010036,6.175824898309423,1.792013449281315,0.104781476737057,0.3215743763455272,-102.67480754170818
6551,3584,1,1,0.04937954541078708,0.0778592699244622,6.215024936425871,-1.94304494199917,0.08285661865629271,0.3019187659242787,111.32827460825959
6552,3585,5,1,0.04125085408280447,0.03888639243253161,6.303175123059316,1.1335497345577779,0.06701737844701672,0.20530244242277498,-64.94761564286003
6553,3586,19,1,0.056027248539791914,0.07655775703012464,6.313674810305989,2.8153614152700484,0.08955214101090231,0.31684785113610764,-161.30832686310964
6554,3587,9,1,0.045062531376732794,0.07103891744136033,6.095961326048613,2.8629691111249373,0.06968992200187525,0.2574918806626528,-164.0360469316678
6558,3588,7,1,0.05760697262309607,0.060826225643869275,6.246770137695416,1.3623303613075621,0.09583003790176887,0.29290879062147324,-78.05577995261888
6559,3589,7,1,0.04815502498194974,0.06478020400050757,6.269792203209035,1.5084821177959595,0.08166897401287296,0.24002742412182979,-86.42965879913132
6561,3590,1,1,0.0872556053630266,0.09304132198610372,6.269887628292122,-1.8081571138199541,0.14392137948934217,0.4529629707636504,103.59977149577708
6563,3591,5,1,0.08575171221407556,0.07868244914227396,6.345440017994506,1.3392346262237866,0.1437656166083693,0.4250119366608266,-76.73249169698303
6567,3592,17,1,0.02955113599318206,0.05646072128462599,6.3390450142661425,1.7389815371611463,0.046960097093560776,0.17363431334614293,-99.63630272951933
6568,3593,19,1,0.03832855356573601,0.05484758005145237,6.295915666095978,0.3847790591887306,0.06373562337418982,0.2127681790100969,-22.046216143302125
6570,3594,9,1,0.07320444129157008,0.06632582872879357,6.133938878261029,1.071092751116532,0.10797796324492369,0.3780665705681527,-61.369094113044916
6571,3595,17,1,0.03495398437141105,0.05283763462836424,6.212115760437698,-0.9171012897955187,0.06495733237102382,0.15671614330580785,52.54603329304177
6573,3596,19,1,0.051008334211162694,0.06650280249646479,6.146563916721148,-2.7755283984132837,0.08223562662228169,0.21238289823305898,159.026063119217
6575,3597,7,1,0.06416490397190905,0.0698498563267186,6.249794620065639,-0.26485577239596964,0.10244520389779778,0.3416484070561446,15.175118004883108
6576,3598,3,1,0.04196838369640252,0.053373615782766066,6.254987713881206,-3.0696019930191296,0.06048711961237512,0.2321819112233785,175.87523897802808
6578,3599,17,1,0.05875967704392616,0.05580205296650029,6.204188918857813,0.8597098958824266,0.09347245061766316,0.3215099979408483,-49.257748609550106
6579,3600,3,1,0.08553674183128714,0.06522229286004598,6.282148342601373,0.3109824485260668,0.13366928479710244,0.43754871789044963,-17.81798193534399
6581,3601,19,1,0.03965002270767844,0.06196017037876767,6.290088851455567,-1.034799097435578,0.0651870567326574,0.2528245664033104,59.289620914485354
6584,3602,17,1,0.04812060247675336,0.05483571301419683,6.2607916921557125,0.8194246950108384,0.07774071556996834,0.24398218935043522,-46.949576657102746
6585,3603,13,1,0.06967630577541718,0.07696844442337213,6.277626789962387,1.1734263394630027,0.11175109812744989,0.3714043144967779,-67.23237675886853
6586,3604,6,2,3.771223390545852,0.528816090441363,9.175542158801157,3.104933187596513,5.648631055034354,11.410265595590944,-177.8831582219869
6590,3605,17,1,0.049616667652623805,0.061809986297301674,6.280758023729655,1.2478486955231098,0.08176986348025897,0.2723243659020785,-71.49646370085557
6593,3606,1,1,0.04821161363347549,0.05144107346089056,6.263681809712231,1.184250545538145,0.07682805897047341,0.23679353023655708,-67.85255812378809
6594,3607,9,1,0.036558245590352145,0.05880812849417615,6.240427944349715,-2.5881755236345283,0.060800531007275886,0.24859211893148853,148.2915341403047
6596,3608,17,1,0.03533447179414343,0.05764607046735058,6.232468240352407,-1.2684851453907802,0.0593874686492416,0.2141183655790723,72.67884519698224
6599,3609,6,2,3.7458398251533356,0.5311233486721992,9.042635933219367,1.5771760092675602,5.610720739747826,11.340089802059063,-90.38160792919705
6600,3610,13,1,0.04826350314200809,0.054640924348482306,6.331760011978202,0.25498719141079645,0.07791766701181653,0.27599526434510596,-14.609689919948154
6601,3611,17,1,0.03836225823882664,0.05968036671570628,6.284567359960611,-2.8146210730747696,0.06592831713410073,0.20240842771760206,161.26590840383628
6602,3612,7,1,0.05504187926361989,0.05983949340468088,6.151674604974601,1.3456821736533535,0.08428629682718976,0.31041320960350044,-77.1019091131354
6603,3613,6,2,3.7894707443692255,0.528095963308029,9.160653487903263,-2.9203003894053245,5.675881924081534,11.460973258901737,167.30423807624663
6605,3614,1,1,0.06785052849952171,0.06867004690493761,6.232982363838383,1.1132959392187294,0.1069590833807874,0.35159406579511304,-63.78715861924859
6606,3615,3,1,0.03811128801594387,0.07074979841564825,6.259886547629359,0.3892282742159096,0.06483170837275781,0.2753895813935807,-22.30113739213023
6608,3616,5,1,0.041825593335404275,0.06750707087586882,6.301030339122659,1.9238129335257759,0.06757614384478712,0.2223674558660219,-110.2263616811351
6609,3617,15,1,0.08151765566946509,0.06742547822240688,6.301431207739419,0.8079089027312295,0.12376058043812527,0.3508178951305668,-46.28977035400861
6610,3618,1,1,0.04470297262995102,0.054287180608758194,6.168030008433565,2.133176678401305,0.07257747654862808,0.1866060910111935,-122.22202063271874
6611,3619,21,1,0.04264424948172572,0.07110693696733657,6.314119910865611,3.101864267840928,0.06505182697301246,0.2409448911933583,-177.7237311588369
6612,3620,15,1,0.027824881882831047,0.03960820810498251,6.300108961570655,-0.2659910334541991,0.04880483025528603,0.1857825908739533,15.24016360564398
6613,3621,9,1,0.09130717910135047,0.06949515602235191,6.22656876872791,-2.229224126574592,0.13947284131404983,0.4459884344200418,127.72513418636916
6614,3622,15,1,0.040417012531857956,0.03847104091791669,6.259199722692935,0.3475013684633621,0.06357390643354813,0.22645075856291558,-19.910361801482352
6615,3623,7,1,0.05116450929067737,0.0731756356596292,6.231100862819037,-1.065574613252441,0.08550372994050306,0.31076592282842763,61.05292806461253
6617,3624,5,1,0.054648691995010615,0.05760159584305813,6.192084579061753,-1.790611732080993,0.08339117205706335,0.2870195214371581,102.59449500968907
6620,3625,13,1,0.03162026946371294,0.06240997772553005,6.460481251479064,-1.2277230060005229,0.056364541718381074,0.24162119547978664,70.34334665294132
6621,3626,1,1,0.07176840653848764,0.07164005254958038,6.234380781374906,0.23041760294352637,0.11657603939449551,0.33700076489162656,-13.201956260086272
6622,3627,21,1,0.03183362431025118,0.040544052662235104,6.329060894216349,1.4251217298850387,0.053300994989005875,0.22515796055832313,-81.65346040906516
6623,3628,3,1,0.044029247390100126,0.05434525808757858,6.286555966552351,-1.5958690090413983,0.0669986338393115,0.22471370839950802,91.43655888340815
6624,3629,3,1,0.03797580196422406,0.05300220250429269,6.241731346067167,2.7847406701908675,0.06469947561850349,0.24898882318986817,-159.55388742935443
6626,3630,1,1,0.06180485710608442,0.049742819721702504,6.2750187562904065,0.18713093431700167,0.09665113187357315,0.27362355778941233,-10.721812798366502
6628,3631,17,1,0.03577374991445786,0.04565401587602074,6.272698725260329,-0.8243914423177973,0.06771689301258461,0.14849802312723737,47.23415031206322
6631,3632,19,1,0.036835659418752095,0.05240827264781618,6.284451538742212,-2.007245411167822,0.06121110047600077,0.17223831538477838,115.00669051582997
6632,3633,17,1,0.06684178473999301,0.07330548255220945,6.293821679618379,0.3361329359825984,0.10527541090424852,0.3386286008069598,-19.258998650887463
6633,3634,1,1,0.05024538198300604,0.07057501072807308,6.089206339872349,-2.941210104184094,0.07992246221540575,0.306422473969267,168.5189256335897
6634,3635,13,1,0.04720007953068596,0.06422843400630011,6.435928960043862,-2.4199014541338895,0.08147134827079654,0.21721542137590605,138.65014015234462
6635,3636,1,1,0.07050821377808278,0.0826987605856351,6.329213091310857,1.0874657931966176,0.12535103766020653,0.5099258449277374,-62.307200224245356
6636,3637,19,1,0.03359758164855486,0.05858237638580988,6.2423886163279585,-1.0464627338902057,0.06391443068376873,0.2476184739279961,59.95789806450535
6638,3638,21,1,0.06710710791440466,0.05417712136332122,6.250281475659994,-2.3407350826248554,0.10354192756140682,0.3173501207313218,134.11424117912293
6639,3639,19,1,0.045328198838501865,0.0609182945258664,6.256466894303653,3.0607977075278194,0.07906077261490382,0.2798931290861116,-175.37079056077377
6641,3640,3,1,0.05493380200298024,0.052292383837835806,6.2634746759584035,-1.058567641975269,0.09536228769115444,0.36774771633439735,60.651458166324915
6642,3641,7,1,0.07198522363181332,0.07422734767880558,6.340218848736035,1.0955859229063998,0.11066054113495306,0.37991453203197145,-62.772449402517886
6643,3642,5,1,0.06977905285082113,0.06581493396796426,6.270455375316866,0.8790031900895438,0.10785308478099358,0.4099592813515396,-50.36317295729549
6645,3643,3,1,0.06012625654316893,0.055156748548683236,6.260362284545679,2.985087399991348,0.09301810189780553,0.349866321770008,-171.0329094821383
6647,3644,17,1,0.04347423615700566,0.052699849465897446,6.294846864472849,-3.137553998605949,0.061046475378001834,0.21296733948916383,179.76860210829125
6649,3645,6,2,3.76300708651424,0.5320478921671775,9.254536411308308,2.7001398889218216,5.636360103351694,11.38237927200788,-154.72292151081857
6653,3646,9,1,0.06315430230097271,0.07633082486805677,6.434364078264002,0.4539401921643419,0.10907745704016303,0.4057689026725748,-26.0088572310942
6654,3647,9,1,0.047023634923443615,0.05565961436267565,6.3215099264149215,3.095119799117841,0.07162140881568052,0.2320075449297342,-177.33730156960138
6655,3648,1,1,0.03857596423759873,0.059570961259142866,6.304264827700104,-1.8702665099273943,0.06277543766754863,0.2647187743135568,107.15837759405878
6656,3649,12,2,3.771299209442459,0.5372989442556723,9.465429510729324,-0.8764589559447136,5.648744146069534,11.407832924155377,50.200988990825785
6659,3650,9,1,0.049415760444892105,0.0682903016127966,6.352616735082543,-1.9419876359854904,0.08089025866923097,0.3249174839481956,111.2676954351949
6660,3651,5,1,0.05164434566085745,0.06835776123726811,6.315300263279895,2.8995253444590072,0.09185546469572345,0.4192844379308975,-166.13056479412694
6663,3652,19,1,0.031463335621107306,0.060342989338883865,6.272462403394214,2.846532222294612,0.05423486217991353,0.196384177812385,-163.09428258078657
6665,3653,5,1,0.039713571486364854,0.0634906967361886,6.287828627790156,-2.7703818877849837,0.06301572129124283,0.21470219669644683,158.73118980366147
6666,3654,3,1,0.07183197322771505,0.06696055898322852,6.167054525577683,-2.793260063553927,0.11755395605616945,0.4019603221809173,160.0420126228752
6668,3655,19,1,0.029376012111953037,0.06730534196101258,6.2093115500663965,0.8814952071907394,0.05175235227770754,0.18019248449116942,-50.50595503112446
6669,3656,5,1,0.06318014976728016,0.06549776537144518,6.150854459580118,3.1390485607997194,0.10424689062849818,0.3523162083122251,-179.85423415832065
6670,3657,17,1,0.06647683217197878,0.0653930053348178,6.203784164613318,1.727873953722433,0.10773187155196129,0.4236600733110533,-98.99988514583012
6672,3658,3,1,0.05686151025552963,0.050792763786657584,6.271649788980611,0.9122810721700514,0.08706716718795016,0.32470638071397967,-52.269855133645365
6673,3659,15,1,0.03470092056162411,0.053341311141106296,6.237397774508392,3.1231818577263333,0.049287182098182614,0.2417144290185521,-178.94513910005384
6677,3660,6,2,3.757258479670843,0.5296965606071279,9.126830750999066,3.0422592831150834,5.627774761625291,11.384549753234687,-174.3248440662319
6680,3661,14,2,3.7859234799493664,0.5339925730025751,9.33586330502503,3.014122976549526,5.670584446236706,11.442044877830199,-172.67992319099798
6681,3662,5,1,0.04578484598438742,0.052199636227714744,6.210034355223217,0.3061340234763437,0.07858438440789038,0.2372938449694511,-17.54018753805175
6682,3663,9,1,0.04179228267805386,0.053187265947518915,6.261007738047716,0.03292075369930287,0.06277976911637895,0.25006940203882483,-1.8862202456561126
6685,3664,9,1,0.04666476967019274,0.06873751133883653,6.308780385771169,-2.4585719728036173,0.06951818862282845,0.24645665208591236,140.86579768517524
6690,3665,7,1,0.06934949833058543,0.05685224871883349,6.2702238541809034,-2.662268011255095,0.10559037622567669,0.46235295519945796,152.5367209445905
6691,3666,3,1,0.08634358979157623,0.07061063721293312,6.202751281543996,-2.023501002297037,0.14133423354477773,0.39032994431345763,115.93806744042104
6692,3667,17,1,0.033105374368592934,0.063336641792386,6.393469543317894,2.9541285358833536,0.054238825164196154,0.16933714534917488,-169.2590972366931
6693,3668,3,1,0.02842926951700018,0.0548873584531311,6.300084343182404,-0.3591493730287892,0.05060165553946106,0.18701818848688112,20.577743294539232
6694,3669,17,1,0.0630159089389964,0.06658482688332773,6.279783221972132,1.2309840593516401,0.09585849471868045,0.31298517148951893,-70.53019120875649
6697,3670,19,1,0.06939902626288166,0.05797693259830666,6.345966541279363,-0.3182236230560345,0.11391781405763267,0.36275932490694873,18.23287061605658
6698,3671,14,2,3.7736748013632666,0.531883382002987,9.32280225234972,-1.6840232095900443,5.652291920648798,11.405943701238584,96.50386372761314
6700,3672,13,1,0.0752381106658064,0.06803778588219148,6.22599205686894,2.999298295868234,0.12458665311797479,0.421984461239747,-171.8471337313818
6703,3673,18,2,3.7818294429407455,0.5264039951522139,9.257670730818994,0.8637965625222336,5.664470229689486,11.432245266419422,-49.508445736773744
6705,3674,21,1,0.05624732425981735,0.06131506389738492,6.156667245769549,-2.7914776646147534,0.09051143434220528,0.26465555926636225,159.9398887488225
6706,3675,8,2,3.777786146438171,0.5341419047493053,9.300378349345293,-2.6867252441154004,5.658432527803464,11.460860941064036,153.9215220262347
6709,3676,2,2,3.767697896078031,0.536659896807688,9.347126878639056,0.9443586560057841,5.643365691467431,11.400623773900177,-54.09140233737279
6711,3677,5,1,0.05257057147272635,0.08047907203051427,6.37101761021693,-2.5425091513752487,0.08338187837318746,0.30945287785747,145.67504372909127
6713,3678,2,2,3.773836971726628,0.5321268764189254,9.294630210108192,1.250550783552366,5.652534270555802,11.426770564351733,-71.66772530342122
6714,3679,7,1,0.05374687104477735,0.055285154190728526,6.243072106216653,-0.37746205415726014,0.08997355061275081,0.27229245803648894,21.626982672811476
6717,3680,15,1,0.05013063437928924,0.06105200481351122,6.267498669279167,1.0422354499098812,0.0832989494426743,0.23888633763405442,-59.715692510957524
6718,3681,19,1,0.0662911932964475,0.0592343510077126,6.290104824172338,-1.119347815182115,0.10766778406565244,0.32224016011401585,64.13390557263858
6720,3682,3,1,0.09054856492672535,0.07290647414918931,6.2781364553762415,2.61538260269987,0.14056700591523996,0.46683816415894797,-149.85038479892145
6724,3683,4,2,3.766993834618787,0.5267290426164987,9.213012244180561,-1.276759477561429,5.642314447594837,11.402701085020983,73.13657572135125
6729,3684,18,2,3.770666699567178,0.5269127565696103,9.108583705532052,-2.9168694588285864,5.6477998270629275,11.422918930450878,167.1079075674308
6730,3685,9,1,0.06852681390997008,0.06150486710897962,6.245438282361673,-2.91219877218269,0.10926865466894754,0.31230692410323135,166.85669870186788
6732,3686,6,2,3.7906272112279877,0.5347226873108195,9.477239358610424,-2.7486036210432907,5.677608999206354,11.467827524969259,157.50005148582687
6733,3687,3,1,0.05858680582170912,0.056280518931843514,5.974597740276919,0.2840587354639233,0.09278612338073962,0.3108660536762352,-16.2753667099856
6735,3688,7,1,0.05307124181582376,0.08859779080670971,6.281610981824617,-0.6687300764563777,0.09381396359037271,0.25887762853309565,38.3154110524083
6736,3689,12,2,3.748956427853102,0.5315563468402507,9.360026582472054,2.873100228409013,5.615375309363501,11.333842270502597,-164.60039787027875
6737,3690,1,1,0.06709509572486416,0.0694032708562074,6.288025936909931,-0.5006455114065318,0.107018798651489,0.31278481450011875,28.684874904043202
6738,3691,17,1,0.06934667175397854,0.06633959146087706,6.2300595798174125,1.022731318285851,0.1150703039330867,0.32287723960017356,-58.59818807695797
6740,3692,3,1,0.06689258664657248,0.07671120881151416,6.390759590499308,0.09186976409439804,0.10806490394693379,0.3057484559995555,-5.263749731324846
6741,3693,17,1,0.057588654250137136,0.05596283406786468,6.230827904673601,0.10664698652370876,0.09238206493099375,0.2786691493200835,-6.1104222525146055
6743,3694,21,1,0.0415504521813721,0.06320679802278004,6.312699325258335,1.7827678881311313,0.0645507500247737,0.21768837267974378,-102.14507584809179
6744,3695,7,1,0.053137339381176193,0.04677912688578498,6.175943906428485,2.0302243236793545,0.08349187403874607,0.28269241931701766,-116.32328524269981
6746,3696,9,1,0.033124348120153434,0.06757028292283015,6.3822905517260855,-0.09463071718790061,0.055458974313807446,0.24045752733108228,5.421940706047775
6747,3697,5,1,0.02689565600673991,0.037195208680661195,6.402568788641142,-1.095351355341182,0.047069544024082664,0.14968134701366947,62.75900974168388
6750,3698,15,1,0.054273191721454686,0.05947599385875982,6.259997664968301,1.4177634697883648,0.08099382832671928,0.27593309902287577,-81.2318631497034
6753,3699,21,1,0.035122992293903345,0.06605745475182617,6.42956338436078,-2.790745478256507,0.06344277104814715,0.24333816589089094,159.8979375934171
6755,3700,3,1,0.0723812982357979,0.0658697874549294,6.241844499772111,-2.7233761653421116,0.11450194091779368,0.3421167435657723,156.03796022437857
6756,3701,14,2,3.778597147449054,0.5305791658043146,9.209887172402789,1.0168982024951425,5.6596430028426195,11.407442621385364,-58.247469369894674
6757,3702,21,1,0.07401875739886528,0.055360142337467215,6.158940638576499,-0.9951282467224294,0.11705001501967174,0.3473676112439281,57.01664851319654
6761,3703,17,1,0.04746105513035197,0.052159212352210174,6.269378134845951,-1.1342985936684231,0.08059116999172379,0.2691745960138229,64.99052209730236
6763,3704,7,1,0.0643615701870495,0.05675248589577786,6.243841976466822,2.2978485862288776,0.09788500503601791,0.31064040695010636,-131.65702599097614
6765,3705,5,1,0.051007111883947236,0.06828305271237235,6.313983078703646,-1.7027047756005402,0.07906622372046544,0.33622856241095805,97.55779741007125
6768,3706,21,1,0.0350773466943085,0.04691888940816731,6.335194294165891,-1.2699275572791577,0.05566476581620601,0.1679672388446739,72.76148931582098
6769,3707,3,1,0.044761033080950405,0.053714518718306965,6.144022122660431,0.38786917414010247,0.07325835240241668,0.2675591853388317,-22.223266703844683
6770,3708,13,1,0.06226663105500959,0.05041618225338831,6.209849583591679,-1.8567974212513405,0.09777759167794643,0.3316617583197503,106.38665570691965
6771,3709,1,1,0.04049768490501705,0.058596331498575516,6.390743263907229,1.8040159903439785,0.06649675498800063,0.23013111258623628,-103.36250242818323
6772,3710,13,1,0.051007520731839846,0.05336792034713011,6.136017360094725,-0.6532161515164613,0.0781265573869769,0.29171342723270177,37.42652858047577
6775,3711,7,1,0.046351784584053014,0.08104425063376029,6.198796506781378,-0.7643415711596371,0.08417087645158153,0.2684250134628768,43.79354614449453
6776,3712,5,1,0.06623339099222952,0.06385077278027991,6.251031900172702,-3.123958775144288,0.1040716986531995,0.31402920837878123,178.98965322637946
6779,3713,9,1,0.07538590966930485,0.07884024350463854,6.188871762431262,-2.564554105376501,0.11361390906346121,0.5008533875553799,146.93812655565307
6780,3714,17,1,0.0435477189230103,0.06592889304784053,6.28906577318428,2.485372919354282,0.07010457283325355,0.3009983597123468,-142.40137877606858
6782,3715,7,1,0.06216091838995104,0.06438866899669005,6.197779698561414,-2.7661543495768686,0.09912319686765005,0.3453501004829217,158.48896965431
6784,3716,3,1,0.04444701479927911,0.0673462850786174,6.347408314551302,0.0036886352291134973,0.07041101130882127,0.24944769738313383,-0.21134321560081604
6787,3717,3,1,0.04098435311450144,0.05862940696361421,6.1897351929600095,-0.7568008635352018,0.06916979155257894,0.23465519559040635,43.36149541903981
6788,3718,21,1,0.036294732913101785,0.05202809976000316,6.240798150060112,3.0385330590469937,0.05327825412646883,0.19419180123922378,-174.0951201924093
6790,3719,7,1,0.05532871554790798,0.08079794246507424,6.295751280970345,-3.023705373988507,0.0943758737256612,0.33253351636775497,173.24555645051197
6791,3720,1,1,0.046738722909914966,0.08825397654062925,6.329421599393847,-0.8199662824411279,0.08076083856253898,0.2361002047246044,46.98060733786299
6793,3721,5,1,0.039315244868715314,0.05264780323461913,6.385578249760671,-2.952341238627439,0.06312187462300688,0.27122392986461025,169.1566926548888
6795,3722,3,1,0.04731786839949423,0.0582128686612291,6.338001912986607,2.2562840708810215,0.08402143503433958,0.2241113523427204,-129.2755546486222
6796,3723,19,1,0.03854578740913631,0.06373693860530673,6.167852583943665,0.37016991057591586,0.06261022312671707,0.1987833058748697,-21.209173590173013
6797,3724,1,1,0.06754027302862474,0.06850361150912888,6.2088445457661265,2.8676395237370023,0.11423150515580555,0.2841459378407811,-164.30364182795648
6800,3725,21,1,0.055683075410697086,0.05624579541013449,6.291543137866584,0.13202909702405086,0.0869524447173741,0.2544846138305259,-7.5647100617987295
6801,3726,19,1,0.051398617908258656,0.062293530061998025,6.326900942719933,-2.9691252881192907,0.08101045681244243,0.24190499215152192,170.1183478421578
6802,3727,21,1,0.04297645446505399,0.06971750621146044,6.392714038109468,2.8556041052801078,0.07517386444232103,0.22646099758592048,-163.61406318030262
6805,3728,15,1,0.06949875461826101,0.0717514774071402,6.313688411699695,2.4821677064192036,0.11061939007828753,0.40588980048640816,-142.21773356172972
6806,3729,6,2,3.7477875527832003,0.534335743085354,9.23005351865555,-1.6569389065962834,5.613629630618685,11.33694494905847,94.91950204318638
6807,3730,5,1,0.05684523190270346,0.05388574898639042,6.223987494345726,-0.2113133215067704,0.09050404818897327,0.2743231438663893,12.107361508725807
6812,3731,16,2,3.76327469627175,0.5288360733405943,9.168857158217195,2.1910219301774974,5.636759818899919,11.37895827200112,-125.55261469507055
6815,3732,5,1,0.045744692446614686,0.05826517859810992,6.258368947248436,-2.7642293523566615,0.0727849343728457,0.23468654370820552,158.37867548402392
6816,3733,10,2,3.749012288342881,0.5366134618617676,9.378222085411732,2.6907099840085986,5.615458797527134,11.347925630826682,-154.1824460313248
6819,3734,3,1,0.06064329400192389,0.08123925172518999,6.152055389528804,-2.5593853228268624,0.09714726014638214,0.45947254613756905,146.64197713308317
6821,3735,13,1,0.04793958414011118,0.06772912196012722,6.214944167061547,-1.4298288398455443,0.07888477011273189,0.28165028185275925,81.92315793400955
6824,3736,3,1,0.049447689514130026,0.05893750247339318,6.317207982904034,0.2840582833527466,0.07925882966193619,0.25843725728704875,-16.275340789716072
6827,3737,13,1,0.04775165916637949,0.060421702116424655,6.320100819458068,-2.7342589749475636,0.07680515158129447,0.22665165597665568,156.6614993379484
6828,3738,21,1,0.06009387077677073,0.05179940101289612,6.077246350837458,2.835949945672031,0.09601431176783465,0.31995558777549277,-162.487962736993
6829,3739,21,1,0.05815441687916162,0.06188396516257855,6.207884220762498,1.6344643733221313,0.09925337496973001,0.3006081570074902,-93.64791039706328
6830,3740,15,1,0.053991672466624965,0.07182387755742184,6.343432332947,-2.425265551456069,0.08504473795024155,0.28207127517487735,138.95748030503864
6834,3741,17,1,0.04137276335698294,0.06534185171376956,6.197295532088554,-0.8614483069682902,0.065278832386095,0.19124089441213993,49.35735225145792
6835,3742,18,2,3.7667319582548586,0.5325412238114561,9.38859958931596,-0.778033215422586,5.641923343136528,11.407840203855104,44.56166917867886
6836,3743,9,1,0.037679540965485425,0.06802934079357867,6.269606262174707,-2.738129203483808,0.0596595005480191,0.20922936876673262,156.88324711313155
6837,3744,15,1,0.05565341400986641,0.053545856989860606,6.208504084906195,-2.412742144129982,0.08454397146775429,0.281977519437085,138.23994189042494
6841,3745,10,2,3.7703742542606196,0.5329208335309303,9.252198842461837,2.5724392935808855,5.647362883268444,11.4065038614,-147.37351657730696
6842,3746,10,2,3.7682646758081138,0.5312923481452364,9.07237264490245,-2.036590581498847,5.644212227021867,11.407939364171344,116.67167451185418
6849,3747,3,1,0.06248539944900637,0.07402302851364391,6.180770615858678,0.13993198619098693,0.09882220574052557,0.2727025862102702,-8.017512235599353
6850,3748,15,1,0.06234754434280082,0.05840849052469019,6.3596520460002495,0.6289453386379257,0.09143916298583533,0.2882083013865772,-36.035913475420266
6856,3749,17,1,0.08614554955583408,0.0734988448975874,6.2951986256841534,0.2440988051228877,0.1439882113615599,0.4817807589264809,-13.985831502256406
6857,3750,17,1,0.042188266972656235,0.05696923853938556,6.407054805799004,-1.1319853896136898,0.07462058661789585,0.2235496935300235,64.85798528331058
6861,3751,21,1,0.05584416973010262,0.08130287029102357,6.185600680538411,0.7105611837096261,0.09161616905210794,0.3042681623042462,-40.712156931052924
6862,3752,19,1,0.06185040354823909,0.05552046752982538,6.175551642478596,0.46652771600045023,0.09886634339107198,0.30337203239671695,-26.73006921771218
6865,3753,9,1,0.06334370185402229,0.06228445557772561,6.234747688122357,-2.9893178112301215,0.1036388268786726,0.3079220473069425,171.2752941886252
6866,3754,17,1,0.05124934307877572,0.05578932286425561,6.219690486934641,-2.2902275122561435,0.08087678789489354,0.3124798076549284,131.2203705974363
6869,3755,13,1,0.07430699116111478,0.06460292181724846,6.258837524283681,1.4467108233402182,0.12096031958709133,0.3352945187459971,-82.89042431310139
6870,3756,1,1,0.059162730576855706,0.04971482270137359,6.101359263745511,1.078274909083267,0.0942396640738181,0.2750174687210652,-61.780601394272466
6872,3757,13,1,0.07502776464294916,0.05650183157200618,6.132262075705964,2.33801721664932,0.12315756517080914,0.3706937509012204,-133.95851904371136
6873,3758,15,1,0.06421137429456292,0.0599300624202388,6.293991649058612,2.8428781734595976,0.10207846726920505,0.31333110953120097,-162.88492095001044
6874,3759,15,1,0.054901407577687376,0.07412595712003865,6.3131284102177805,-0.4026818332000733,0.08289055304460859,0.29592070082630567,23.071969560734914
6875,3760,13,1,0.04834581233443726,0.04522671549744909,6.190320555561155,0.3187891767462336,0.07468784532406485,0.23085878074446636,-18.265274403550734
6878,3761,14,2,3.7762281410906136,0.5345679976190806,9.182839118809959,1.2824022847821839,5.656105622102365,11.44379852922395,-73.49271326375707
6879,3762,1,1,0.06792527323259905,0.05921173997872596,6.132499982553852,1.8966569660275425,0.1032685410708912,0.32859295383318143,-108.67043939654612
6882,3763,5,1,0.0564296455187623,0.05411926689288843,6.250707550812958,-2.8703291566121143,0.09192339780996558,0.2413496959556691,164.4577464636726
6884,3764,9,1,0.05289800571319561,0.052197968851966495,6.275649382639148,2.667773286513895,0.08413832688689947,0.2761140890682645,-152.85214998601282
6885,3765,15,1,0.0654854079456435,0.06504693091604624,6.239384627128513,-1.134460662139425,0.09787737642075908,0.2940524644099122,64.99980792967193
6889,3766,13,1,0.045868427862766376,0.0704562111687603,6.260269747062811,0.2243062625831533,0.07765361926292817,0.31179107509077925,-12.851802177166418
6891,3767,5,1,0.06361282747928121,0.06002406740581576,6.154735408603167,-2.9245406233635594,0.10251698240315509,0.2613951657796228,167.56383471941706
6895,3768,1,1,0.05000505612124058,0.06966955961751156,6.0775412602551375,-2.89901119911371,0.08088621194288126,0.2465525987168897,166.1011064687208
6897,3769,21,1,0.036407298348942234,0.04155293540903008,6.2733149051858454,-0.986102836433531,0.060363295272157544,0.1742757957299586,56.49953068911221
6899,3770,21,1,0.031920784342912845,0.054093284170985946,6.281681049240885,2.5989970081224567,0.056159817614407366,0.2565892712334872,-148.91155952839026
6900,3771,13,1,0.05620217254379517,0.06588448583629741,6.3253516346145435,-1.1874300251043932,0.08732029839669721,0.335101886941536,68.03472887430047
6907,3772,15,1,0.06181037181313805,0.05947598322414706,6.218421576725708,1.8448735633148552,0.10363325826372159,0.3793736813661618,-105.70346897704607
6908,3773,18,2,3.7835844767515967,0.5402122424314231,9.363376406065074,1.6613913962895717,5.667092003154118,11.473206288862942,-95.17414368605137
6909,3774,9,1,0.0677765371659347,0.05426279224493837,6.211312192278467,0.21969445240967495,0.10859501884444847,0.2807024918637526,-12.58756493151266
6910,3775,1,1,0.056666953300593396,0.07993284042830956,6.385414021709397,1.974240916590996,0.09592349176282736,0.3067377357206465,-113.11567229080893
6911,3776,1,1,0.0578857694582861,0.04270622967954582,6.291350791532824,-1.743977242066204,0.08613084816884713,0.2616146157326435,99.92253551500109
6912,3777,1,1,0.04091709804740258,0.08371524226981514,6.278753998540392,-2.837718466188484,0.06837932702170449,0.2580636956450514,162.58929154267855
6914,3778,17,1,0.03592041320378007,0.06263175897754822,6.229289796624513,-1.8673157711505302,0.06265417244152233,0.24451664055443043,106.9893127122996
6916,3779,21,1,0.046245181944088894,0.04972945432716098,6.29869274433255,-1.0789343624602379,0.07914921961622493,0.2633806208805858,61.8183853142416
6918,3780,9,1,0.08321554415444127,0.07608094318216982,6.271493969917222,2.274587683222513,0.12377030462485804,0.43327678190741103,-130.32427447717882
6922,3781,19,1,0.03832549913439699,0.06516543838121708,6.306561070442936,1.8122129693942532,0.06366436861786286,0.23855498384571758,-103.83215472988334
6923,3782,10,2,3.7926942681466054,0.537688975456005,9.24198173050187,-1.4839093114774808,5.680695849957365,11.472874548491555,85.03843252362046
6924,3783,3,1,0.05161839998343291,0.062154579602100045,6.274454847329875,1.3383339157047522,0.08100044099279892,0.27139104958253196,-76.68088492462996
6926,3784,1,1,0.05500665307554088,0.06743902416602506,6.12466008140664,-0.42825108511116977,0.09324195233770674,0.2946684197645641,24.536979789488356
6928,3785,17,1,0.07121414738082793,0.06481546236224923,6.231543445954287,3.052709207419641,0.1105266623615271,0.346377439196871,-174.90735359641053
6929,3786,5,1,0.05158908622003802,0.06305714413130643,6.312633876127692,-1.8389317164749526,0.08491616766025413,0.33226528290218826,105.36302620189255
6930,3787,5,1,0.07520708296246092,0.07011218740185912,6.394490372990645,-0.8163518880889916,0.11409410245488948,0.35904781077121817,46.773517709212
6931,3788,1,1,0.05393692351250351,0.07167448457349494,6.281778710134777,2.172116898519873,0.0889379780544536,0.29542349049860406,-124.45313092553562
6932,3789,15,1,0.09131975573217661,0.06675790160315435,6.135777370435648,0.4916133334466989,0.13465521156978627,0.4557580895489828,-28.167369238589625
6934,3790,19,1,0.033979412385379985,0.046859307338354333,6.353882484894313,-1.0565820716202585,0.05977497055647777,0.17732604043748385,60.5376934125784
6936,3791,2,2,3.7869415887213043,0.5364266877663695,9.294300980310044,2.6047069650556125,5.672104859354165,11.464062709895918,-149.22210022251136
6939,3792,15,1,0.035698407491336834,0.06766275764442363,6.356189614438332,-0.834791701186469,0.06748811744348286,0.21172960671251392,47.830041245849664
6941,3793,17,1,0.04360059452997406,0.03818356838929631,6.280540504585193,-1.576129193669665,0.06144129519591853,0.20819192087136246,90.30555077349521
6942,3794,1,1,0.04465995587399247,0.06478303154544611,6.315613698665467,0.22138466801897735,0.07901660734197549,0.2611583686032366,-12.684407152892637
6943,3795,3,1,0.05168622112853042,0.055032121355553104,6.314051202092327,-1.8137343174155385,0.08352853752362341,0.26830439129777206,103.91932157320326
6945,3796,13,1,0.04602495764248527,0.06057002907646532,6.195321509354927,-1.929464618083911,0.06512253657528294,0.22401988127230232,110.550179344039
6947,3797,13,1,0.0682399738238571,0.06194456154147748,6.15494114949771,-0.006416184219157514,0.10482918935809035,0.31991225179554855,0.3676203178126239
6948,3798,7,1,0.054043054435850744,0.06016745356675458,6.131899635195906,-0.9314724526613738,0.08336009873946273,0.33340848567846776,53.369440276325406
6953,3799,12,2,3.7829874458970023,0.53356092148019,9.484213953709174,-2.542574925631819,5.666200047467171,11.447854491012086,145.69537593636235
6955,3800,17,1,0.07014000634790155,0.06379214342397677,6.338214958858739,-1.7886557983647995,0.11560646895207867,0.3400970407260802,102.48242833677051
6956,3801,7,1,0.0468586501870067,0.061996383304941026,6.222527252861784,1.9173842901936866,0.07427485317366865,0.19198070061360872,-109.85802754930748
6961,3802,19,1,0.06324063017917278,0.06496782673284056,6.234871167480753,0.7192917514126814,0.09749855784790239,0.2885399197965229,-41.21238156983122
6962,3803,5,1,0.05634125307546409,0.062089836421964764,6.245028105797897,-1.3155701161160198,0.09098891248099192,0.29474605315666913,75.37661528142229
6963,3804,7,1,0.07571591406360796,0.07805729519548354,6.161084926727026,1.1181494978954727,0.11169639592173437,0.4230150669602685,-64.0652470169205
6964,3805,2,2,3.75536294942534,0.5322299121609604,9.21006720157529,1.251205026348067,5.624943519606748,11.35752725116573,-71.67256496356649
6965,3806,12,2,3.7813802343405207,0.5344779751178633,9.441472312412323,-1.6319617582586,5.6637994724742216,11.437432503498215,93.52106350271444
6966,3807,3,1,0.024215389092887805,0.06166574816589998,6.295220529663016,-2.289942535755243,0.04585534574626594,0.15106314257996173,131.20404262482427
6967,3808,17,1,0.05786381025221012,0.07212235128617452,6.369846021405598,3.136542911792303,0.09977389926044512,0.2963387432312229,-179.71067108551622
6969,3809,19,1,0.06105174502159413,0.07632519730785978,6.474635381391921,-0.458233001626281,0.09071377771173561,0.30240209507658905,26.254817045728725
6971,3810,5,1,0.056654544468022566,0.049150313039881474,6.323679559608911,1.5458061878567253,0.08270545457443301,0.2684476088448554,-88.56817051647391
6972,3811,3,1,0.05900513092711274,0.046952212430577595,6.146502487048548,0.6797252099988407,0.09417031546126703,0.25864269096177944,-38.94538576119058
6974,3812,7,1,0.06951550544545392,0.068658358417027,6.324549859507297,-0.4505427688760857,0.11666284463406743,0.4023201239500401,25.814199241621303
6980,3813,2,2,3.7741297423948965,0.5336163463455591,9.169213048743872,0.6856383083356418,5.652971424489355,11.415921610682478,-39.26773415339007
6981,3814,1,1,0.032279805519264355,0.05322296711947897,6.24424038552189,-0.15586822508328874,0.05563016702291268,0.2507318773948415,8.930591460850582
6982,3815,9,1,0.03915435024397095,0.047243740634786466,6.2255589366977935,-1.2684229838876775,0.06632978479938474,0.22353438018119534,72.67528360077888
6983,3816,15,1,0.08579017575007312,0.07030462867454965,6.269597306297834,-2.613149535036717,0.13960392697191776,0.44227187889709785,149.72243942612798
6985,3817,15,1,0.07109618542500067,0.06415899445376062,6.220107573832466,2.559527493575437,0.11517410112547366,0.3333697321288473,-146.6501228371859
6986,3818,1,1,0.034246489139206214,0.0627544286706328,6.254686763549946,-1.348962704672009,0.05882572048537906,0.21427298121374846,77.28986969463428
6987,3819,1,1,0.04118663379025905,0.06660385404221467,6.277564272658022,-1.0920503686689427,0.06992568087796348,0.24716967325243502,62.569877124221506
6988,3820,8,2,3.7682597646540894,0.532716399809529,9.284729525071027,0.39702922715778977,5.644205281104241,11.427654468562045,-22.764469407592983
6989,3821,5,1,0.08590504236417519,0.0715942427135346,6.316831357785807,-3.1212917376563207,0.1427020048075042,0.3615690293454243,178.83684310193226
6992,3822,15,1,0.04650052250710896,0.05641868125858976,6.356738794280093,2.807407866003958,0.07573344864744626,0.21779596388843928,-160.85262207329083
6994,3823,21,1,0.04018759558253786,0.0551267757351559,6.221031855197791,-3.040603686859928,0.0575246167011361,0.23795650031144908,174.21375842261168
6995,3824,1,1,0.05481551863075693,0.04788551414090048,6.212294657727612,-2.6409137069288384,0.08766291330485045,0.2786179892085448,151.3132094266394
6997,3825,19,1,0.04487630766275954,0.037858182635941554,6.197059762158478,2.7622175415398833,0.07233289647800614,0.19847528257107627,-158.26340720678283
6998,3826,3,1,0.07085199839069653,0.06353366783879838,6.232722018281835,-0.4562139425371335,0.1062015236651107,0.3148588274454513,26.139133530859024
7000,3827,3,1,0.0718016234044165,0.06409056692423272,6.386895605855067,1.675851541566741,0.11616944201160234,0.309673214506033,-96.01922046557856
7002,3828,13,1,0.042284286153373166,0.04818040582449332,6.330696143503187,-3.009222918723291,0.0633400752904961,0.23346708022244886,172.41577285227774
7003,3829,5,1,0.06311061830035233,0.07006227334382993,6.202288853802597,-1.1660595469299182,0.10415949952932686,0.3686929323866488,66.81029064925576
7008,3830,1,1,0.043815606458402837,0.05084057578125264,6.2485496288428175,-2.1311707030586198,0.06916001537031242,0.22495553870274593,122.10708671257255
7009,3831,17,1,0.0386849856787564,0.05137990053249974,6.267972815657135,0.21382563212431585,0.06009377399791962,0.25079230852256884,-12.251306278893336
7010,3832,7,1,0.07484737251758745,0.07046789996309182,6.258177699659092,0.24177018154912505,0.12250887715707758,0.39687164327821217,-13.852411135189474
7012,3833,19,1,0.03533708458562131,0.06675616994275545,6.483935723763471,-1.8693563639325417,0.059736215697420145,0.2727758418350544,107.10623006590457
7013,3834,17,1,0.04928251416439472,0.0311936725263672,6.10388276543765,3.048900676577808,0.0688873231100732,0.23044555043617174,-174.68914090488116
7015,3835,7,1,0.03137518406554127,0.07542995674199676,6.297541979552526,-0.3023402052941861,0.05288039309100353,0.21605077237413692,17.322817741142448
7018,3836,15,1,0.04254789676135426,0.06272491288941805,6.313420370934983,2.0023103917801763,0.0709530787014301,0.25016657626731614,-114.72393474441623
7020,3837,9,1,0.04966595867434521,0.05197952322095519,6.23930923010048,1.4957919792724408,0.07266438439369644,0.26159299431065974,-85.70256744000314
7021,3838,7,1,0.0541442448651686,0.06016821065027249,6.043658781567782,0.06298199876722177,0.08598325502221686,0.385833090413341,-3.608602685652838
7026,3839,21,1,0.03317615002918802,0.0548446213221858,6.20557295532493,-1.5737257490037484,0.05215144421500004,0.19679966945303665,90.1678435334788
7028,3840,13,1,0.07247421977374123,0.06538356490735904,6.236263272194818,1.7575819673000201,0.11786902639875399,0.44498475223654804,-100.70202898177142
7029,3841,19,1,0.07151889746274796,0.07086119766459863,6.20795437301656,2.0592866923725928,0.11504619500291752,0.35667892548678026,-117.9884363723091
7030,3842,12,2,3.764885237921598,0.5352437507797141,9.16525911807593,-0.7132609367978986,5.639165254575465,11.385048940434864,40.88316765072911
7031,3843,3,1,0.05439480035938721,0.050659942221934935,6.139738591859091,-1.4974398111587701,0.08264445240026523,0.2972517767765923,85.79698123163377
7034,3844,15,1,0.05520205310329004,0.05923868862380684,6.1909634682638774,-2.0698012566036095,0.0837402421366759,0.289210909568044,118.59087645866741
7035,3845,14,2,3.7513247144497175,0.5361162693571707,9.109667023061148,-3.0094793046517982,5.61891232615199,11.338994203688038,172.4466126752655
7036,3846,7,1,0.06425654645426482,0.0519657285549244,6.29589152668461,2.981682720030827,0.1007364723361475,0.3260375093374706,-170.83783567932895
7038,3847,17,1,0.038738404401851716,0.04110363050698694,6.310441809512766,1.3117675296085274,0.058307763953464035,0.2335654018238469,-75.15874314127737
7041,3848,9,1,0.02390315958559728,0.043832213360930176,6.571023122682305,-0.6764822454618479,0.04176535882487467,0.15959135919207035,38.75957758137828
7042,3849,9,1,0.07791540879732863,0.05962338497593148,6.238509556269448,2.07147017652396,0.12549278387899654,0.34575687543466466,-118.68649860655556
7043,3850,17,1,0.05638233343964504,0.07713079547880848,6.426491503731844,-2.0863881889763394,0.09821406832071661,0.2720148946114928,119.54123767608473
7045,3851,9,1,0.0330354057169953,0.05948856848340324,6.154946236662451,2.6948360103776543,0.056534515205247354,0.19687780422605464,-154.40272986574735
7049,3852,3,1,0.051283452829474864,0.08509765254142022,6.295741705582228,-2.077128262521716,0.08473112564877718,0.2537161766167319,119.01068296839168
7053,3853,21,1,0.062436546346176146,0.07889527131684519,6.194311677087042,-2.043998073532277,0.10976450749155084,0.35188347197173936,117.11246301345973
7056,3854,3,1,0.03798611491373504,0.04770027363272867,6.2517618987798755,-1.386887041263966,0.05549597782929622,0.2221099169704458,79.4627741223518
7057,3855,9,1,0.048332922086701965,0.08579595859249413,6.358765744244002,1.0723620917992431,0.0838766702657899,0.2777143303089005,-61.4418219476535
7059,3856,7,1,0.04599561281058683,0.04926133906311354,6.356011709983739,-0.2164805985398296,0.07194333500173612,0.2775697469845456,12.4034246558146
7060,3857,7,1,0.049822302985814755,0.05504274675837104,6.299899906365099,3.0179408547883804,0.07700135023542273,0.26258410537762655,-172.9152737781399
7062,3858,15,1,0.06480073964887319,0.05444546285515754,6.239420998525224,-0.8429403804003233,0.09845249784074998,0.3224484144270226,48.29692619137038
7063,3859,21,1,0.058864598232277465,0.0720326440825186,6.259380308185112,2.049674056391764,0.09324449996475773,0.3463592004642382,-117.43767283852854
7065,3860,13,1,0.06303262372522213,0.05394488414722856,6.268475522568024,-1.9318553372963525,0.09789203087273438,0.35174072736285755,110.68715751560018
7069,3861,15,1,0.04980829245521524,0.04900557661819991,6.297439748962315,3.088442555874191,0.06939317391040735,0.24031266511573493,-176.95472372245757
7070,3862,19,1,0.06005036731850566,0.05383129613967123,6.185785096367429,-1.5873631819606888,0.09393301087465962,0.319019533124201,90.9492109080847
7071,3863,16,2,3.755466092246671,0.5283266316865087,9.050894224801807,1.1172692580235664,5.625098116688353,11.377613886134206,-64.03101674722589
7072,3864,17,1,0.06286708959055685,0.0684148115897761,6.102379079704713,-1.5916020025443576,0.10923718741580009,0.3175831429719664,91.1920773571709
7076,3865,15,1,0.06475031909430905,0.07141109890938688,6.255615971892573,-0.8727943816942044,0.10481232375918867,0.3191436820131669,50.00743440684927
7077,3866,19,1,0.04024318956441663,0.05222011692326512,6.331686980226383,-1.1248572367123346,0.07418996424230047,0.2394216670654923,64.44957221111694
7079,3867,7,1,0.054632468345429425,0.06344643102681984,6.1978653600165785,2.711573973256227,0.09567901900797354,0.26503478801233576,-155.361744464214
7080,3868,17,1,0.048403397855035835,0.056047020907245795,6.223318058603467,2.9879127054070085,0.0775859683644503,0.2619268245684868,-171.19478756105215
7081,3869,7,1,0.03890382739204355,0.06342032829990513,6.51360794210321,-2.830269872115829,0.06904519631340664,0.2466836240929925,162.16251854701338
7082,3870,7,1,0.050848477712659046,0.03863537231732919,6.256200453029322,1.440202025403824,0.07429192339335511,0.24254338871721767,-82.5174976773122
7083,3871,17,1,0.048651636961063977,0.046674313537844896,6.0975376190116295,-0.5271926107702979,0.07434522340802034,0.2215602827734067,30.205911600026678
7084,3872,16,2,3.782013614375305,0.5312442913761667,9.269083242783784,1.1096582350475297,5.664745570642947,11.452888086749304,-63.595284343528505
7085,3873,13,1,0.04719243045889456,0.05154209698260329,6.15703039060027,-1.3744173295348758,0.07529202874874275,0.2556755310690155,78.7483122601587
7088,3874,15,1,0.06134152380272541,0.05396637609887136,6.230553985682104,3.061811974377497,0.09444523217892423,0.3126198943025189,-175.42890379964842
7090,3875,21,1,0.073784891328585,0.082706557992345,6.072761556535804,2.0486427589014973,0.1259824102649683,0.31739424236264957,-117.37858390460214
7091,3876,1,1,0.05590196695195996,0.0486046990368479,6.2522509462975515,1.529790603569371,0.08890653295455048,0.2922279272811213,-87.65054508762722
7093,3877,21,1,0.07770961478783535,0.0709832085520884,6.294993769369385,-1.5997754407605116,0.11665486027692248,0.35856206928266277,91.66038091719783
7094,3878,13,1,0.0626686402973922,0.08053493690250986,6.277300170839786,2.217511988823243,0.10058596024931193,0.3674487485829201,-127.0540779426919
7097,3879,7,1,0.056484050974298164,0.06475769307708736,6.294711760658578,2.6125150325504674,0.09190416383313242,0.3483620858914034,-149.6860852352676
7098,3880,21,1,0.05782495368915737,0.05143185033467188,6.22201138017498,-0.3436790731476566,0.09056486001239153,0.2797420445434927,19.69136044610292
7100,3881,19,1,0.06699492291912765,0.05548345747569469,6.083959899115453,1.1459095035149056,0.10732611344543508,0.30821691409429103,-65.65577819478982
7101,3882,7,1,0.07089145966739031,0.07127505543496084,6.3185492172359,-1.0474178872491415,0.11645727727693884,0.380837098883385,60.012624249267674
7106,3883,19,1,0.030273795024370265,0.05691056592877071,6.325546965149081,2.8755407960596098,0.05668609149566894,0.22406039357029342,-164.75635142657478
7107,3884,1,1,0.03933954016683042,0.061286444092529764,6.236189516847879,-2.339187439700342,0.07363681738474111,0.23339281366762896,134.0255677903288
7109,3885,7,1,0.04887245096342975,0.05352430477809647,6.143103839001871,-3.100081098295323,0.07707394525627088,0.2289771836334075,177.62156309105512
7111,3886,13,1,0.05685444631659157,0.06912137471677524,6.316155101194185,3.098580780661448,0.09377736272711815,0.3489430492278592,-177.5356012314687
7112,3887,5,1,0.06137189145369394,0.0762728300237003,6.318692054674589,1.1556914547272694,0.10437046118420551,0.348658170713438,-66.21624272642067
7113,3888,7,1,0.07158424926254695,0.0633666048169366,6.255457065271395,-0.3012347670009462,0.11308745719895685,0.33211466962309766,17.259480879720332
7114,3889,15,1,0.06151812045530384,0.06535767995331442,6.278365667115978,-0.09475995940697338,0.09089450967050285,0.31480908464480983,5.429345746982813
7115,3890,21,1,0.050836258628406336,0.0570482404586946,6.163790261729459,0.8530266274497451,0.0839383312194158,0.3183554405738209,-48.874825541182844
7117,3891,13,1,0.04730943319336192,0.0723258102952741,6.1830841699187,1.9970165118631293,0.08140887350828932,0.29720200306149924,-114.42061776842196
7120,3892,15,1,0.06428938730973187,0.05288289602641993,6.244338428162007,-0.11577989677936422,0.100438102462451,0.26554466992911374,6.633699414369687
7121,3893,15,1,0.06970673844124597,0.06144439839751502,6.268970330082936,2.380185042202558,0.11349594429033158,0.339931147313101,-136.37455742842818
7122,3894,19,1,0.05145165775416732,0.057847771057865545,6.352010214827223,-0.5296507255373512,0.08371849827642219,0.231481501766535,30.346751212984287
7127,3895,1,1,0.04682130967033875,0.06022185921017957,6.220789013646013,1.2568688176026155,0.07690133126603331,0.27920525989351136,-72.01327862604793
7128,3896,9,1,0.04985357628864131,0.061185927685000426,6.333255118632295,2.9148202887890275,0.07756607810500635,0.2496051186954257,-167.00690056864136
7131,3897,7,1,0.03244657477726113,0.056476924301372716,6.277181118254854,-0.644716974771641,0.053912762560855226,0.16321046997830574,36.9395616362686
7132,3898,1,1,0.04944233729464301,0.06818424703445079,6.167575783497367,-1.3745733462378114,0.07987875851575114,0.23574237727989578,78.7572513453144
7133,3899,7,1,0.050858478805396776,0.06775323797446785,6.248446231406894,2.1712523452263577,0.08848722199328642,0.33421363900729906,-124.40359567887617
7135,3900,21,1,0.05774549476980702,0.053296103634436584,6.284521828766199,-0.3548404815174095,0.09221142524115447,0.27423931302847604,20.330862028125246
7137,3901,9,1,0.04276763591787893,0.05409938225400533,6.380196773432891,2.865130251020889,0.0626143576253059,0.21791832007318468,-164.15987113226117
7138,3902,15,1,0.04862067475556812,0.060856144368574276,6.254926669169996,1.502482662158183,0.0778108114614892,0.3099812184221193,-86.08591531964244
7140,3903,7,1,0.04272984088318967,0.055036734912187524,6.295615502078125,-1.7138500755562163,0.07142936644582926,0.22531731859415774,98.19637606650863
7141,3904,1,1,0.054428835254690035,0.07491287210349175,6.295937979338987,-0.0494029111208137,0.08761122729299517,0.27825049474978547,2.8305782855148975
7144,3905,21,1,0.06421127290405146,0.07276197388172592,6.143125101873229,-0.41639898881778026,0.11128388955331742,0.3519684886903558,23.85790472302786
7145,3906,7,1,0.046202061776225475,0.06249784091499817,6.350159299884939,-0.3329964008203447,0.07528108723549465,0.2490186429025347,19.07928837755481
7149,3907,17,1,0.06602428854675096,0.06783250582181105,6.208028847135546,3.1217993862248585,0.1137143575277827,0.310266630475059,-178.86592926543105
7150,3908,19,1,0.03017155039225827,0.04776384592919751,6.251757534461681,-0.7703863872985749,0.055358189347392055,0.22091108314328778,44.139888588446055
7151,3909,20,2,3.763744443161352,0.5312289462347934,9.270146244483437,2.6030804865568724,5.637461312795424,11.394142669464722,-149.16183700665349
7153,3910,5,1,0.08955932194293272,0.0667630179670144,6.286757742856711,-0.8299243952304635,0.13269845993910218,0.43254191985678947,47.551165113123886
7154,3911,17,1,0.07293244674543162,0.0595883861371914,6.169922640948426,-1.2939615598002148,0.11796063798214226,0.35685086168519,74.13853612496887
7156,3912,17,1,0.051273044566552135,0.039707747687613676,6.215422800711139,2.181199434969746,0.08519390292533621,0.21955749951574657,-124.97352192008063
7158,3913,19,1,0.06170757454790896,0.07542865780573736,6.376089865334612,3.0842698185765194,0.09931730122302684,0.31597762724360207,-176.7156434925869
7161,3914,7,1,0.03623319365708005,0.041522216024041825,6.154986055121497,2.282807103344417,0.06303907144202966,0.16405300267302558,-130.7952124616305
7164,3915,4,2,3.7742477620647557,0.537141778355554,9.401627915989026,-0.30849158765146056,5.653147589613882,11.40664651018159,17.65881725982609
7166,3916,17,1,0.05051020411152154,0.05475280363023477,6.320687480958924,-2.9251858051640607,0.0805603745589293,0.2902548291942373,167.60080090265282
7167,3917,15,1,0.060122744073441634,0.05313553384439885,6.259343515960464,-1.559843993263364,0.08861029941008473,0.2808328377910691,89.3724774932745
7169,3918,1,1,0.053083601362134324,0.06224042156050035,6.328544654138909,2.3393363308027366,0.08437807430540306,0.2741427932860099,-134.03409859887225
7170,3919,16,2,3.779757206692336,0.5467228191939231,9.136185579200045,2.5419449061858286,5.661375732583848,11.430776344215927,-145.6592359641689
7171,3920,7,1,0.053323928312796164,0.06161392533052496,6.246540097708934,3.139303855471065,0.08703651665779953,0.2656443403136877,-179.8688615398791
7172,3921,5,1,0.058584111445375654,0.07257150711976133,6.341618229440383,-1.367340309005486,0.08877544742771953,0.2747281280325814,78.34282883683129
7174,3922,13,1,0.046538034711258065,0.07697953748542218,6.34856177073541,0.8218166381497297,0.07547472728944665,0.2785363638436446,-47.086624903202974
7175,3923,15,1,0.06000503783176009,0.06335012699778046,6.308361714300537,-1.6275694714850675,0.08777696344491105,0.26075996970568655,93.25286159122854
7176,3924,13,1,0.07078381448751268,0.07157367077507931,6.297028158367536,-2.5061046843629198,0.11245580680386541,0.3545597713805783,143.58922139169667
7177,3925,9,1,0.026987907708248302,0.05192104328966641,6.2992367010743155,0.3286929422755692,0.047119379998813625,0.16646977257669968,-18.832718351136393
7178,3926,9,1,0.06964759331055446,0.06135084446835881,6.3894547671050965,0.31793257863338714,0.11477100140660515,0.3442271324613727,-18.216195022743054
7179,3927,4,2,3.775427375984615,0.5281375677682177,9.192265683324125,-0.8489796953337231,5.654909297034358,11.440992109690141,48.62648922838183
7182,3928,3,1,0.06521327600447403,0.06211949391075656,6.25472614911011,-0.9480369630827764,0.10254126566651366,0.3611408937723216,54.31851677164061
7183,3929,17,1,0.045935058648699845,0.04820909295902273,6.238615107707648,2.3286181064054428,0.08013563843749812,0.15765684896992369,-133.4199895901464
7184,3930,15,1,0.038723273187438616,0.04250336005167858,6.257730060032362,2.745463657988653,0.06613532277434259,0.2240497909690056,-157.30348039411683
7186,3931,16,2,3.777327415340554,0.5392902109302206,9.384361784208956,-1.9068955441883229,5.657747346029388,11.423210234342145,109.27355579826522
7187,3932,5,1,0.04786939578388221,0.0499440597292448,6.190839380423173,2.8103198365022966,0.08014819594121068,0.22811238871912493,-161.0194656828644
7188,3933,3,1,0.07544370747480322,0.07498818119253099,6.064958917412117,0.16119607068602834,0.1245912363699188,0.40156489864278544,-9.235854646036836
7189,3934,7,1,0.07114523852284671,0.04206554902971197,6.121591955869864,-0.6806484752802043,0.1133912434734202,0.30077690182473116,38.9982849821779
7190,3935,1,1,0.073515901273937,0.05351866910893735,6.216792738562506,-2.0656068383156145,0.11406792025062602,0.3464682381395098,118.35055406027257
7192,3936,9,1,0.03845853569066645,0.056979601796788466,6.318285427911673,1.3224988305861272,0.06067350138309287,0.24145150037587726,-75.77360139981975
7193,3937,10,2,3.7632673810307966,0.5331658027519071,9.340599562856037,0.8700091556907998,5.636749163384572,11.379776037811753,-49.83154757554328
7194,3938,17,1,0.056411519537293495,0.043393989475138776,6.322262505796517,-1.2273448708127888,0.09168480462883846,0.275472285152838,70.32168106617031
7197,3939,13,1,0.03770960977235381,0.06718120548884535,6.151988772811183,2.9810775860102487,0.06064922466097079,0.27165131040943763,-170.80316406943743
7199,3940,3,1,0.06509041803725361,0.057606371187238346,6.326898146254352,-0.9758836692515962,0.10110941108107142,0.38796714125384346,55.914015496912214
7200,3941,9,1,0.05809678842202807,0.08347191284521314,6.283629944955638,-2.8533564137551615,0.10045990448424766,0.3091003851645202,163.48527991370784
7201,3942,21,1,0.056188719514354696,0.058772574301780366,6.306264343454112,-2.903694662720281,0.0872793563368948,0.28314073113746935,166.36944914816095
7204,3943,9,1,0.058832986517919315,0.06434228833158004,6.263644548009608,-2.3334659193497145,0.09570455119976301,0.25560633710043995,133.69774878677023
7205,3944,17,1,0.06045512944561987,0.062123858910936226,6.36062825399125,2.5072937083429254,0.09440939438364447,0.3496551162940948,-143.6573474811892
7207,3945,9,1,0.04294046534941697,0.048071411285469906,6.384196463287031,0.8839281688088692,0.07245070844011255,0.17974304595354135,-50.645353466561126
7209,3946,12,2,3.790444849308855,0.5437504534535239,9.292754306335514,-2.2333325422501096,5.677336829498847,11.492230621655429,127.94386688084685
7213,3947,15,1,0.0756771480943788,0.06350000067524485,6.298290318536122,1.0408612083373372,0.118386135053052,0.3767640602476877,-59.63695420519272
7215,3948,17,1,0.03927328637308337,0.07382297774107058,6.268559207465546,-1.1053832568456488,0.06855119216178754,0.2598499961946331,63.333795347749344
7218,3949,9,1,0.053975915584587045,0.07128422128002274,6.180349895418522,-2.384557279120903,0.09149974570950893,0.26646611907371215,136.6250681328703
7220,3950,13,1,0.08097420415171663,0.057343652159556224,6.188228895935648,0.5942536077526637,0.11979176337068549,0.3807889814328742,-34.04822374199587
7221,3951,3,1,0.07355240720123149,0.07355428394180949,6.239688185660831,-0.9445151202295862,0.10830407590455819,0.45087800078215157,54.11673010813678
7223,3952,7,1,0.04981672197030602,0.05415216991866838,6.244398411759766,-2.4759790310359238,0.08241797190460996,0.21899200544553762,141.86314863973988
7227,3953,9,1,0.059877136754411385,0.06828188524441742,6.252078550007739,1.5174464530173895,0.08028352070812061,0.3040527533127208,-86.94327738670141
7228,3954,1,1,0.05487870247384306,0.04627306570696808,6.299849270717444,2.473808277974723,0.0910131800041161,0.24246750149522603,-141.73877363563727
7229,3955,3,1,0.05840018765236297,0.05752371659652094,6.135564932345141,0.8154848074564577,0.09131585436234223,0.3082309032937234,-46.72383775699158
7233,3956,21,1,0.032772155875383846,0.0503770178745207,6.26119003235541,-1.5735385703076006,0.04492491763650492,0.17558629119016586,90.15711897966834
7235,3957,13,1,0.04529150962477919,0.0582150272881857,6.1470989115734795,2.49171066597751,0.07182812354171507,0.23649391350437243,-142.76450493423508
7236,3958,7,1,0.06201822652686055,0.058991154502370136,6.088953311609805,0.3314510182287859,0.1023127426777693,0.381224943760419,-18.990744519945768
7239,3959,15,1,0.04334323730895291,0.05438497850486114,6.292305134206455,0.4823755410841289,0.07117566295077915,0.2951187150688644,-27.63808266271852
7240,3960,21,1,0.05464369877199655,0.05025561066648395,6.2672720198184075,2.570422216880995,0.09045642600677492,0.278952070606519,-147.27434454927484
7242,3961,19,1,0.05882046942503914,0.05651504191255115,6.270030492850261,-1.0126072266826018,0.09378775464234257,0.3036713257470094,58.01812036231802
7243,3962,5,1,0.06839926006278561,0.04775839689048481,6.264437371497587,2.5199267582434373,0.11010989361940463,0.3682684461833488,-144.38116784881004
7245,3963,15,1,0.05834234648522516,0.04700228485906375,6.162537139296583,-0.7949808275167349,0.08896697006793805,0.31364951152815873,45.549046189665994
7246,3964,3,1,0.06670581042794002,0.06209719448406108,6.188251041710405,1.5684142640939718,0.11304912528377051,0.32944236522551085,-89.86351791342845
7248,3965,15,1,0.05817946238187443,0.04940196535244985,6.207587801301048,-2.775883678008584,0.09363091533132581,0.27979349211417665,159.04641911916463
7250,3966,21,1,0.04700178726599955,0.057141806222203766,6.325897994987408,-0.37517232766091174,0.07503428232723344,0.26234283030867295,21.495790991368246
7251,3967,13,1,0.051675522562520525,0.05342155683447953,6.287986450619323,0.5563527493142479,0.0871108308347271,0.2951255717792041,-31.876664487503522
7252,3968,1,1,0.05254876147924395,0.05568278460173915,6.039829651583889,2.405130823930259,0.08222451264694242,0.22881023208753087,-137.80384539584907
7258,3969,9,1,0.0658862753552898,0.06665225975170752,6.132898710454578,-1.1960067722130938,0.11039809642005695,0.30094020483231015,68.52614025748362
7259,3970,13,1,0.06207265248331224,0.07289046269083242,6.2227766745979105,0.35374771700557894,0.10281249421049629,0.3431983048195646,-20.268251258487027
7261,3971,5,1,0.038713549907255645,0.09642625864040728,6.199834821300251,0.4568779792213827,0.0662477952685316,0.26349261704209914,-26.177179973524268
7264,3972,7,1,0.05867088983691504,0.06785685181523916,6.167731404058211,-1.4571686005353197,0.0923703978677484,0.3273624711528991,83.48961086416234
7266,3973,13,1,0.03375557155142044,0.051118920802330305,6.279895198907391,1.3119768816311443,0.04962555706153074,0.16736446906695654,-75.17073812984604
7268,3974,3,1,0.047178586483256464,0.03347011481613376,6.088346920848591,1.976103638432701,0.07690089705135461,0.2375650747674749,-113.22239839140914
7269,3975,19,1,0.06079876279717199,0.05617375229524568,6.287944327486401,0.2951153217765293,0.09911348714718883,0.30024312303037276,-16.90886245759566
7270,3976,7,1,0.044963046529818286,0.0431743199012684,6.162550493587389,2.4273586292484137,0.07509758361396968,0.18430213811357898,-139.0774048173563
7271,3977,1,1,0.042360675619800815,0.059078505880111945,6.199591406776933,0.9983602634785819,0.07085225557477919,0.18374882966548678,-57.201829522444015
7272,3978,5,1,0.04283921199178724,0.03346197328260341,6.227348550519064,2.5455938123559334,0.07335472069848849,0.16836905744931932,-145.85178179144702
7273,3979,7,1,0.03152327151699002,0.052144138525738654,6.286394236214137,0.7812452888473872,0.05988427579000843,0.13320011347197394,-44.76205781591827
7274,3980,14,2,3.77769743578673,0.5281978838210033,9.16997500933034,-0.48989446458463115,5.658299428879747,11.420157316012178,28.085379233577054
7275,3981,7,1,0.02956343930526562,0.04618897477406679,6.195140832933955,0.8849051790043628,0.04952804779188394,0.17976314809874974,-50.70133202410895
7276,3982,8,2,3.7696437670282545,0.5297476684035337,9.16986764653006,2.9296866737367373,5.646271756192765,11.40470902579203,-167.84229326829285
7277,3983,15,1,0.06830655117530803,0.06519816844026652,6.161390277076646,-0.1935400528432345,0.11146952087888201,0.33714801706533065,11.089028278982923
7279,3984,14,2,3.77244039836568,0.5321344978841956,9.39186535017648,-0.8682146626432722,5.6504484541761695,11.411620409018836,49.76146092780133
7283,3985,1,1,0.048551926085268184,0.06467694884319321,6.419829261218066,1.8841637268517513,0.07774863803658473,0.27730645023742956,-107.95462947404636
7284,3986,18,2,3.7757047930030745,0.5269881149343181,9.230956124796386,1.265899375971186,5.655323619001365,11.422195340159055,-72.514223688592
7288,3987,19,1,0.039297692268098317,0.06842332972288845,6.337300336024549,-2.75589069941018,0.0674496241251366,0.2142638248989156,157.9009058632825
7289,3988,13,1,0.05901534154552892,0.07244998311529285,6.202098140077306,0.15680661769590779,0.0976815938446264,0.2859745308506899,-8.984357387081188
7290,3989,4,2,3.7610715412248794,0.5331152477240313,9.194398963201818,-1.8886660383914504,5.633469463681477,11.366617644495438,108.22886947558393
7291,3990,21,1,0.038215595266996576,0.057453030543700497,6.344789031372696,0.26136816606146573,0.06062952466724596,0.24737359497608877,-14.975292825176012
7292,3991,3,1,0.0488913643573787,0.04881949196963273,6.278040542754995,-0.5786603048878445,0.078294233633733,0.2504097727786635,33.15479326867378
7293,3992,9,1,0.06552515760047177,0.05819690071910517,6.191589559667026,-2.362258487264827,0.10218910278385065,0.2891940911513395,135.34744141343623
7294,3993,5,1,0.05142171194804966,0.06818445785429268,6.28722912461945,2.2736193667423334,0.08109814789556415,0.27619410317859006,-130.2687939391325
7296,3994,8,2,3.764131987995682,0.5324332768217946,9.339605476674338,-1.9846856743729364,5.638040209119452,11.371610590283439,113.73042925024195
7298,3995,19,1,0.03674949663135688,0.06092665425326251,6.36486254555272,1.0139699127838324,0.0669174548669628,0.2286321910329015,-58.09619655853883
7299,3996,19,1,0.06522841371522319,0.06502552757747514,6.154237982630977,2.877684054374755,0.10135735495149377,0.2773574995134306,-164.87915106291112
7300,3997,5,1,0.050852098850285535,0.05039565261627556,6.155937051859582,2.4286186288973566,0.08503065826254115,0.21354740891248275,-139.14959748724004
7304,3998,2,2,3.7778425593258023,0.5358459740006118,9.314770850409861,0.28973783981451445,5.65851651013777,11.433645746557461,-16.617251292750932
7306,3999,7,1,0.05322135501966051,0.05999801845725717,6.298729622085426,2.8419519110989917,0.0852161435510514,0.28376712703727486,-162.8318500514693
7307,4000,1,1,0.055052816828020414,0.06359427129914648,6.255905016750419,-1.896846804446909,0.08559298878911639,0.25559385210631114,108.68131630227202
7308,4001,3,1,0.06688076177146653,0.06299261104433859,6.072353946331628,3.132328431197943,0.10542855499673226,0.30357929652149557,-179.46919920656833
7310,4002,15,1,0.05014004323739661,0.0708320099196528,6.326499998647495,-1.9770636279966773,0.08532262451834251,0.4009774465622775,113.27740173676843
7315,4003,20,2,3.7790337700294843,0.5321182109621673,9.314930376798655,-2.4177140444960425,5.660295265782351,11.433958590743506,138.54132239125883
7317,4004,15,1,0.037383144834841606,0.06272697750402834,6.34013359660432,-1.8676084906450885,0.06454798099850592,0.2733138721904744,107.00608430869471
7318,4005,7,1,0.05420386624821365,0.0655082208245739,6.139773973868569,-1.7270983851778299,0.08868589430613329,0.3411424873745519,98.95544825463332
7320,4006,1,1,0.04074548627686057,0.052089769900551856,6.171521292882514,3.0403295899791827,0.06345452594488439,0.30303283632755146,-174.19805382263257
7321,4007,13,1,0.04240482874578288,0.04981206887106044,6.230953997229914,2.984483106691817,0.06618354264756704,0.2206816895743885,-170.99828602768153
7325,4008,14,2,3.7616443733909066,0.5317182623329906,9.209567308497247,2.087200272200951,5.63432492382292,11.369908062734861,-119.60405062625732
7328,4009,8,2,3.77965229596328,0.5341126521783308,9.286889012062108,2.889328422064588,5.66121918801339,11.448203695083297,-165.5298045213154
7331,4010,13,1,0.04073934162030432,0.05214972716277031,6.203920282774117,-0.2233479890933333,0.06658631890179349,0.2532127502286998,12.79689714744816
7332,4011,15,1,0.035030010622617576,0.052040054252992636,6.271979396270146,0.30640589673628016,0.05651356708080473,0.2230061883752741,-17.555764706999188
7335,4012,5,1,0.09254405574772458,0.06311527102175461,6.186262606089272,2.9525567381074698,0.15131709818461592,0.43600567792388495,-169.16903968386433
7338,4013,3,1,0.08201388247854212,0.09607130207735344,6.222701512595157,1.6104689533958227,0.14098074382021117,0.39464541699805544,-92.27307414510048
7339,4014,9,1,0.03416691142020829,0.04790070526318732,6.202378777277695,-0.8621006033996064,0.062498803915356005,0.1549197882430633,49.39472608638666
7340,4015,1,1,0.07923288574717337,0.06396857333040593,6.278734174664436,-1.4950388242544987,0.12443944944278655,0.3581514865613007,85.65941488818976
7343,4016,18,2,3.7871703646897568,0.5370928031148653,9.575288066449358,-2.3145595189647086,5.6724464397297165,11.450367620489656,132.63111062997635
7346,4017,3,1,0.05889922705204513,0.05765548173293824,6.296593984679763,-1.468358333918693,0.08863844870733963,0.29384634753602823,84.13073531865788
7349,4018,7,1,0.05601938301359897,0.06184056109144047,6.301565159212123,-2.506121415598893,0.08914126682522767,0.25436587033033403,143.59018005780334
7352,4019,5,1,0.08574992748527464,0.07766797639831709,6.299317852519883,-0.8703004288402852,0.12468430139136984,0.44047846061510315,49.86454150435287
7353,4020,15,1,0.03939529564192628,0.07829286362893595,6.26702778792751,-2.5998825021051872,0.0667258752427086,0.21524910175757667,148.96229459041027
7354,4021,5,1,0.030667815240957956,0.039863127173208945,6.294812009784041,1.6984808484452851,0.04402882159186178,0.2018682990583024,-97.3157842000028
7358,4022,7,1,0.04318647236183954,0.059829368638448344,6.1944660301425305,-1.9826569964001908,0.07385130036545036,0.2329693059057445,113.59787813462356
7359,4023,13,1,0.06661422173443805,0.06179948585609561,6.258438492540728,-2.2751709193398004,0.11890812206343834,0.3895673483129184,130.3576914393709
7360,4024,21,1,0.042779843588387156,0.06444465047421363,6.43059463054681,-2.2303340736417265,0.07000262338974148,0.21767437293311503,127.78872933500699
7361,4025,21,1,0.037291269366400454,0.06913681496116343,6.253527962707626,0.25023930425295965,0.06573427016931795,0.22527272611100224,-14.337656013920993
7362,4026,19,1,0.06323998833193963,0.05880755920279757,6.32675346005721,1.108701060672381,0.10215142697361179,0.3045102186250977,-63.52389146329169
7363,4027,5,1,0.05496329316333655,0.05070821788596036,6.317340614324862,-2.8389863963248505,0.0887371066522381,0.27648333253217705,162.66193856496392
7364,4028,1,1,0.05473340879523505,0.05749270607966524,6.153522706510677,2.6970823364503294,0.08575424755212875,0.23857531090041528,-154.53143484355547
7366,4029,21,1,0.06493447584458722,0.06320949578069478,6.349466935452868,-0.7778811314363192,0.10582932272514144,0.30525237864453647,44.5693057977606
7367,4030,17,1,0.04799183809441873,0.07023467466128251,6.208735602232999,-0.14823406834473807,0.08432194172459513,0.34541358908364017,8.493186527215414
7368,4031,17,1,0.05688001429084135,0.055263073237612745,6.195266112475932,-1.1196488138499996,0.10137567732438131,0.2902959328785482,64.15115151645223
7369,4032,5,1,0.06781691893308105,0.06799657802581782,6.271692343814409,-0.21871267462856858,0.10287971116095014,0.3048467146058827,12.531313202284807
7370,4033,5,1,0.07036480474212956,0.07541931809752347,6.2545682909023546,-0.256166847183981,0.111623171401485,0.36049428715304177,14.677279268508428
7371,4034,13,1,0.06503414973922217,0.05153902160384869,6.268408787411631,-0.3886280934616771,0.10700921783337615,0.32682247558174105,22.26674963622997
7372,4035,3,1,0.06044954660535487,0.0643170135286056,6.204776653160523,1.2516759424382016,0.10044730305958316,0.32476870443083233,-71.71574876766316
7374,4036,7,1,0.06260425913577015,0.060202613959933364,6.335436174311194,0.6580486432538873,0.10025947379412999,0.3610140052112483,-37.70341001704272
7376,4037,1,1,0.05336021494803465,0.06673542332331092,6.247718441281844,3.102884058947108,0.08682902065338251,0.31493586962683173,-177.78216086819003
7377,4038,15,1,0.08209543387913741,0.05684208023225658,6.175923728589183,-2.550300045439692,0.12483963559202926,0.3869153855059657,146.12142900354837
7378,4039,21,1,0.04926201078685654,0.05612391529526315,6.272720202376258,-0.033066835656158845,0.07507217755927859,0.24151809161041726,1.894590132063252
7379,4040,19,1,0.03133484834836663,0.057521997243241044,6.213591354257952,0.26176610523171606,0.05076756586676874,0.14934245084813633,-14.99809305468961
7380,4041,19,1,0.07687081136514094,0.05445892993159838,6.184180650358172,-1.8264488631780296,0.1181322583344991,0.3539203484440347,104.64781140903683
7381,4042,3,1,0.04252590779400593,0.06267199067902343,6.354656615971692,2.833683164091209,0.06859900736667787,0.24926789173032177,-162.35808576305425
7382,4043,21,1,0.05364382173269001,0.07789183096774599,6.301433406919657,0.6479369595111045,0.08618863246119988,0.2960550300348614,-37.124053184519305
7385,4044,19,1,0.04257752285321687,0.07359682351693927,6.231276833648796,1.8807227976415852,0.06987158913675322,0.36249239719003157,-107.75747875122103
7386,4045,4,2,3.768651490100962,0.5235944580504732,8.953120426947345,-0.45548556393639356,5.644789995424001,11.4078755811755,26.113775908167042
7387,4046,13,1,0.06989711971314154,0.07265436863909945,6.439272256772154,-1.5556046187284183,0.11076099765935078,0.34001183917705996,89.12957917231246
7389,4047,7,1,0.04281533522435951,0.06779866606619721,6.181980091901391,2.6911303503772395,0.07035055068507612,0.21803262084350128,-154.19041117885885
7390,4048,15,1,0.061841782149893436,0.059837912161230834,6.171828072530539,1.4268318309843038,0.10612250362725921,0.3565366564351342,-81.75144192688711
7392,4049,17,1,0.040672494711289676,0.05504908934429667,6.249375748958223,0.6718268248744993,0.07178026200823531,0.19202321785527102,-38.492841632503115
7393,4050,17,1,0.053937981936065964,0.06470972566000031,6.3095972294836455,-1.4981982234064757,0.09112348880307132,0.300356806458941,85.84043505617495
7394,4051,7,1,0.047373007828526846,0.041662054155254195,6.212166238774208,-0.45210719652526965,0.07807809810876402,0.24047934865182466,25.903834268405014
7395,4052,13,1,0.06228295103983609,0.06471674516948119,6.263040329410328,-1.671610138348453,0.10280143240959921,0.31030523576991664,95.77620597805142
7396,4053,6,2,3.782960948991328,0.5401412554071046,9.412652630031292,-1.2563378229433877,5.6661606433704,11.457954624387654,71.99941814651518
7399,4054,2,2,3.796774873036606,0.5409711382888237,9.447621390945836,0.2340646554400585,5.686789869533259,11.479550667768063,-13.394170998936461
7400,4055,9,1,0.07369959761443272,0.05376902655154694,6.235693970123882,2.7499559752910394,0.11038918609399091,0.38335819430181306,-157.5608711657489
7403,4056,1,1,0.06452514801414043,0.06521782662375793,6.206823867547545,-0.9852818506941527,0.10126361336947687,0.33123628449155207,56.45249161204584
7404,4057,21,1,0.05544730397309784,0.05682105025616694,6.249071194163812,1.6762085256251202,0.08522528216138711,0.3396852917736471,-96.03967409767114
7406,4058,1,1,0.05271869771655582,0.04590141664523513,6.17650557730214,0.4444879265571332,0.08536765704118687,0.2517114231107961,-25.467282267769825
7407,4059,13,1,0.061868637624678646,0.06698584965999373,6.3058946854179965,1.549109445229742,0.10030227897735818,0.3078013221342884,-88.75743321562767
7408,4060,3,1,0.07922607989006616,0.0647140732454089,6.318591067382928,2.403030979861761,0.1224602547304586,0.3728619245490967,-137.68353321994022
7409,4061,15,1,0.05656975928442823,0.07390905890909626,6.315762295152174,0.6012512089426293,0.08798372575710463,0.36316464483167493,-34.449156714966975
7410,4062,19,1,0.06213040153082421,0.057655233438101576,6.192558735497113,2.8207323368244035,0.0999583560964985,0.3191636372697816,-161.61605797753947
7414,4063,5,1,0.05250366084584339,0.061609591527252164,6.257036109441362,2.8929022082570506,0.08166828674009573,0.2871121780587612,-165.7510870567659
7418,4064,17,1,0.04268868240565622,0.050153888348525584,6.259851606651611,-1.7846103269310798,0.06829613572300118,0.2523543875337741,102.2506398216692
7419,4065,5,1,0.04850608947893218,0.060127786741889934,6.215910223066081,-1.3177079252581083,0.08032061165444808,0.22242167538217825,75.49910271923612
7420,4066,15,1,0.0314457190122909,0.07226566513995895,6.305494680069128,2.583203461449372,0.05600470205864173,0.1967348770194803,-148.0066559614008
7422,4067,21,1,0.033145892504299376,0.05302493331622678,6.33231772790424,-1.5443769830657248,0.05104376573647153,0.23575317767858153,88.48628310378605
7423,4068,1,1,0.08601037961106518,0.07242778114769031,6.274215987152491,-2.0394064127060814,0.14007326814276924,0.45174494984392666,116.84938032430685
7424,4069,17,1,0.05629409288032811,0.0492367592046148,6.33513526731464,-2.775956101450001,0.09131620526144617,0.26692410114325044,159.05056867689558
7426,4070,3,1,0.0386054671757879,0.060772369979414695,6.281014583659871,0.9503652637091725,0.06526082292085737,0.1511206822032085,-54.45191860730469
7427,4071,19,1,0.03430065564188977,0.05828000156550369,6.306835660316157,-0.08364337534459274,0.0538448522592932,0.2440912154122637,4.792412392126827
7428,4072,9,1,0.05171266202434815,0.0605327870943928,6.214434476855842,-2.4743548192148963,0.08244195045178121,0.25367030103710114,141.7700881461016
7430,4073,10,2,3.773642298323712,0.5279599917152336,9.00931086856675,1.7393543410199097,5.65224345210421,11.411177188452928,-99.6741036077839
7431,4074,15,1,0.03550107274622176,0.0508317950941435,6.278286147599116,0.1481935135701908,0.05558487459718853,0.20758791897226636,-8.490862886719029
7432,4075,19,1,0.051122763226441374,0.05558425330769772,6.2147026699011265,-1.6052274512920988,0.07986291613964192,0.2621736209740797,91.97275813820286
7433,4076,21,1,0.04162303780274151,0.053836784335704505,6.498494596994529,1.8594123877850204,0.06554831229113457,0.24781325786340802,-106.53648219744589
7434,4077,9,1,0.06338186997909463,0.07660308862717932,6.224913237377256,-1.3950989241068386,0.10581974013602505,0.3553220102649774,79.93328030862595
7435,4078,19,1,0.0585888009606996,0.048909483977368384,6.117327625587449,-2.432112416643471,0.09245158723936206,0.2668126767596193,139.3497767342007
7438,4079,17,1,0.03554785717217141,0.0686911182064235,6.253639745297679,-0.21113473351029446,0.05693547326601957,0.30357081964131943,12.097129143146951
7444,4080,17,1,0.025829071029448317,0.04753069791888043,6.345199657087236,-1.2294429227394632,0.04541318166769343,0.1674644975637861,70.44189062210073
7445,4081,13,1,0.06403206890230613,0.06669997580656963,6.194336810276176,2.589301463386544,0.10636063985604284,0.3448146861506604,-148.3560456630643
7446,4082,18,2,3.7759754003210015,0.5296665511326027,9.185029561291243,1.7440393829497678,5.655727955847402,11.431156791540678,-99.90962456321836
7447,4083,15,1,0.06048181844198801,0.04904984136867522,6.262799756451023,2.478899730349345,0.09382513796772736,0.3018433301654088,-142.0304923476283
7449,4084,17,1,0.042984745645568125,0.04524369048325935,6.173352768046896,-0.6976951703351186,0.06521367851390596,0.22992740266833286,39.974988641793026
7450,4085,5,1,0.045590369542412634,0.054391949004104954,6.180951307346385,-1.3748468218949097,0.06637155108797595,0.2711589362130712,78.77292036895692
7451,4086,3,1,0.061738672712901364,0.06900730586547281,6.296648866944352,0.30116782772187695,0.10259473458063555,0.32614558408424377,-17.25564551195389
7454,4087,3,1,0.06294699204076491,0.07463435460226812,6.189347992871177,2.072870259709659,0.11041833107741277,0.3101299023577459,-118.76671742248472
7455,4088,1,1,0.06478432749888868,0.05735851095800381,6.326890604650718,0.5031849877061899,0.10704569076333685,0.35730629277251647,-28.83037618164304
7456,4089,15,1,0.06972496676983088,0.07295299454541594,6.280701924902459,-0.289355529948596,0.11756738638456977,0.3226498388316959,16.578850722471525
7457,4090,5,1,0.045120727200888736,0.05368655910646795,6.183196748213606,2.339271338758604,0.0748096117231373,0.24081252058318028,-134.03037486311754
7458,4091,1,1,0.04338835613209741,0.05819832047161407,6.2304538099522055,-0.9823202775114944,0.07240310168623461,0.22050299222153052,56.282806026462055
7459,4092,9,1,0.054577177173123256,0.05734780121859379,6.166641162447288,-2.035035663145529,0.08924726041739525,0.29065772315880933,116.5989546975968
7464,4093,19,1,0.03471780924831902,0.06098086546769172,6.36728823820803,2.1583330747141334,0.06049924965053678,0.19772382551059284,-123.66337596820308
7465,4094,19,1,0.05161254523767282,0.04877673240561926,6.161149379771204,-0.272632986542747,0.080377084514333,0.22805989646732108,15.620719505517616
7466,4095,1,1,0.05873913047091267,0.057497650150952755,6.189385898824799,2.50327405554254,0.09401921361058661,0.314556573777083,-143.42703831090122
7467,4096,17,1,0.07032390329478959,0.07563354029488142,6.329698005556327,-0.49069192583949667,0.11416517424543841,0.40526396752581245,28.11457645207244
7469,4097,8,2,3.7347623962915875,0.5382898451914809,9.208330388677195,2.1676111329745305,5.594175807826412,11.292449192364908,-124.17903312565149
7470,4098,7,1,0.04630092186757387,0.04124687198381275,6.268780127021853,-0.25675863734637033,0.07346133561868012,0.2339369563440242,14.711186294458491
7471,4099,19,1,0.05948256865443149,0.06133092553413331,6.251705456516269,-2.453520491557757,0.0954068028551151,0.2718388672042117,140.5763690662315
7473,4100,21,1,0.05265544095844117,0.046379383932236604,6.159350416939654,-1.8422143978470955,0.0840603170934273,0.2689959126757166,105.55110999283882
7478,4101,7,1,0.04064801174278968,0.05573735780712652,6.337921462743878,3.0656539716699576,0.06333094752607735,0.20436189198356305,-175.6490340205091
7480,4102,15,1,0.0771353148617521,0.07424239998357654,6.257881468809009,1.2819497870027554,0.12972359234100372,0.4052862256619819,-73.45031221384066
7481,4103,1,1,0.05137199915892455,0.06948837171173468,6.324556516820241,-1.328585472922834,0.08201363843968011,0.2871764712175838,76.12234030161713
7483,4104,1,1,0.05040400233128764,0.04713124858073662,6.122177524951775,-2.1808586586191945,0.08089190138980638,0.2195288674163204,124.95399685661178
7485,4105,20,2,3.737255177684374,0.5378289904220346,9.008326472540974,-0.2688599302492244,5.597899267403458,11.32531158715554,15.420507729721905
7487,4106,16,2,3.7728771845671245,0.5348767323431779,9.178968976287855,-2.2749199498721975,5.651100922577567,11.418174925944564,130.3268810831727
7488,4107,1,1,0.056245868293885885,0.05936071308542492,6.452029335828286,0.9963958452063136,0.0887547626655426,0.2841041534545134,-57.08927662464339
7489,4108,5,1,0.06698287871149884,0.07198742144848315,6.237149690764568,-2.1708867139288697,0.10341120602201878,0.37825491751724805,124.38264652444212
7491,4109,21,1,0.05641688509417581,0.05347807202320762,6.348459662115542,-2.7755620789750868,0.09126808334682103,0.2685929206935737,159.0279928576077
7494,4110,17,1,0.047039142272320734,0.0862926749656439,6.426174475462553,0.010927382395991198,0.09120207064606414,0.29923536313580706,-0.6260928679089024
7495,4111,1,1,0.07225652389855508,0.05307002844339041,6.295524116265725,2.858105536001671,0.11760115458001966,0.37390832199547286,-163.7573845096997
7496,4112,21,1,0.053631606800157224,0.06271049183104434,6.355473862153386,-0.061951964774579496,0.0848019739671944,0.27140257992658984,3.5495861266983044
7497,4113,21,1,0.07058956633858467,0.04960976441741014,6.215231353313876,1.7477835018619015,0.11051598889301377,0.3061343808073534,-100.1406181963146
7498,4114,1,1,0.03822540518008116,0.05730276107607914,6.228837403692623,-2.60340851873675,0.063964847258735,0.190015820224058,149.1643204675706
7500,4115,19,1,0.04130255777475449,0.05887040535939324,6.274401312331316,2.336209211892821,0.06716637881580033,0.21139964090573413,-133.85492791088282
7501,4116,18,2,3.734948427357626,0.5337871106112526,9.143504360617719,0.8837960398200565,5.594453818521254,11.304392167833491,-50.653721842516276
7502,4117,19,1,0.06313412919850502,0.06778679382554746,6.298811000802178,-0.9313815644175347,0.09786317381009188,0.3339696298009758,53.36423272729588
7503,4118,7,1,0.041502264886545376,0.061075930551012354,6.19345206493044,-1.1873700445767137,0.0673337906198554,0.2356827496253249,68.03129225808313
7507,4119,3,1,0.0645433793179934,0.05673398831850935,6.283513527481955,-1.1375210684222452,0.10612079986778893,0.39857175397038375,65.1751562547261
7508,4120,4,2,3.782176658634508,0.540642795766208,9.259121339280973,0.4390956590409163,5.664989108086552,11.457153032196958,-25.141775142270188
7509,4121,3,1,0.0561422159558742,0.09232387191388979,6.144225017843623,2.6006425833960396,0.09823674268869247,0.3163342060398062,-149.00584400338755
7511,4122,19,1,0.05128960028065688,0.06614124054564019,6.260402373034898,-1.9332402608856973,0.0860300988762792,0.27876825742242617,110.76650776588464
7512,4123,7,1,0.046803120435005056,0.056592845225043535,6.21391233547014,0.7636860522966649,0.07764158489628298,0.22744096180529197,-43.7559876651004
7514,4124,19,1,0.0428370515751356,0.06895384525487903,6.407813946076615,2.574890741355403,0.07492963949620095,0.3716091474460402,-147.53037217305948
7515,4125,7,1,0.06086242434271202,0.07594384731335786,6.411801835366607,-2.726050310319027,0.10677165300848554,0.34797897474342104,156.19117747818134
7516,4126,19,1,0.04889022159496287,0.06452329425440001,6.175317942007779,0.7926607189994124,0.07899641475464816,0.23498974999256597,-45.41611377159725
7517,4127,15,1,0.03575958332293493,0.06306462043240693,6.290618682022724,2.6078613594586555,0.05926744593129831,0.18325960687166457,-149.41944944815805
7521,4128,5,1,0.04036848674326097,0.06730481784365645,6.433998864171046,1.1661637312062023,0.07028704119223424,0.16849944381049944,-66.816260013056
7523,4129,21,1,0.06132762130902421,0.06835693949473165,6.293363830156548,0.11401707226217181,0.10184838036903172,0.2999079645314768,-6.532697086975039
7527,4130,4,2,3.7627319290101457,0.530528620229439,9.215673594246338,1.8957445985918928,5.635949256716118,11.37890335981192,-108.60186634324815
7529,4131,21,1,0.060142455127389506,0.06716305212644683,6.203854692019755,-2.713253886363674,0.10442445614295666,0.3206148132186386,155.45799638521697
7530,4132,9,1,0.03150378656695051,0.0651064711505716,6.403130464913653,2.6050324285979123,0.05617982729462585,0.15527610694534993,-149.2573636474924
7532,4133,7,1,0.04393746586714578,0.06168285838464237,6.431531373598435,-2.4741166617947252,0.07166553494899208,0.22308627181027993,141.75644274400102
7533,4134,6,2,3.7721419898947146,0.5349288902512761,9.314824395905276,2.77367257286062,5.650003132212188,11.415920830878692,-158.9033110446253
7534,4135,5,1,0.051131380627223326,0.07548847325964103,6.41894156445621,-0.8613551507247841,0.08100958206121191,0.26559695123169946,49.352014777166644
7535,4136,1,1,0.06456531418010199,0.08432514260373568,6.182612727002512,-2.0379025831865913,0.10227364484456726,0.48454718445938366,116.76321708207753
7536,4137,20,2,3.775475766883648,0.5292072931125678,9.165655737737497,0.9748613997653964,5.6549816043763075,11.413091135584349,-55.83897897426808
7537,4138,5,1,0.07410157763448559,0.08735609505331307,6.223407937833392,1.415961829071754,0.11542018989421504,0.39005768378562927,-81.12863669283972
7539,4139,21,1,0.0470099701905854,0.06947070328096347,6.287028068865422,3.0835893715686895,0.07868030099698052,0.27151072956092503,-176.6766567259419
7540,4140,21,1,0.03209120307659279,0.058746626879085856,6.146125584823552,1.0426393938635825,0.05616455052618962,0.17187377713020804,-59.738836821641634
7541,4141,21,1,0.07666746706491195,0.07035923832533703,6.2907830049170705,-1.4710795853931171,0.12034456355625942,0.4390948331081483,84.28665158395812
7543,4142,5,1,0.05136020252350043,0.06023362266700051,6.042281567376025,-1.9667426442504379,0.08092557729482477,0.24665601455413527,112.6860529229951
7544,4143,5,1,0.06566144725182661,0.05390326463506569,6.277719901051495,0.10587030215759986,0.1081656464097357,0.3528481156535938,-6.065921559733506
7549,4144,1,1,0.03729635381564443,0.05509960601903579,6.328698655855171,2.0156487266098972,0.06103932321441273,0.2213062169958981,-115.48816501659137
7552,4145,7,1,0.041025377729667654,0.05970399226242347,6.271687638698342,-1.1178188435508007,0.06900298885948587,0.22489426929304793,64.04630198180861
7555,4146,15,1,0.060805644481226544,0.07573032187845705,6.136417975025615,-2.88210875352128,0.09631556273320378,0.33974157082455336,165.13266762570274
7556,4147,13,1,0.05891379985270982,0.054703603301822216,6.242664960110346,-2.889928046681844,0.09893192565525963,0.3707721858949242,165.58068011524787
7557,4148,7,1,0.0406196258015069,0.05317416646846968,6.423109849284216,0.14682369461059414,0.06544086252503208,0.20948052621113897,-8.41237804021234
7558,4149,7,1,0.04551049617209882,0.05973585855739179,6.284600426730083,-2.4033251352484575,0.07399536031566452,0.24014027622507172,137.7003870394956
7559,4150,9,1,0.06375439465444481,0.056433902888324415,6.265397118087589,-2.2565936685312056,0.10002493946617971,0.28311105839368017,129.29329327441852
7561,4151,21,1,0.05425264401646904,0.05396701700531736,6.307954304353788,-3.1029689253192974,0.07971488856943275,0.2842530080613632,177.7870234024928
7562,4152,13,1,0.046765794554458236,0.06540856442112677,6.127517880754095,-0.5318470977710777,0.07540493382165338,0.26762920822221026,30.472594060109206
7564,4153,13,1,0.04498322695539931,0.060398852507614405,6.242579667902216,0.5075872927968955,0.07537398069632321,0.265151344509568,-29.082609638052897
7567,4154,1,1,0.05792992793233005,0.07455356067117651,6.271846226038509,2.653551837857502,0.0945593118199409,0.3114028767109189,-152.037320984293
7569,4155,3,1,0.044122610593324195,0.050979145773850223,6.3173029247150545,0.1237684843717119,0.06608934819616313,0.24690589159886184,-7.091411798261414
7570,4156,15,1,0.04095786039204644,0.04728857900638887,6.190816301885468,0.8861144884819377,0.06628646218573764,0.18802534445284114,-50.770620352871745
7571,4157,13,1,0.0432305669718848,0.05426586396379355,6.290530730133352,-2.553402258878896,0.07501897685072186,0.20996765733402345,146.2991728200875
7574,4158,21,1,0.037038872118182437,0.035664531257869815,6.185714897000794,0.42511595500108323,0.06181577501648423,0.2965213416361836,-24.35735002982186
7576,4159,17,1,0.07050759482683551,0.05800865362561277,6.2250600658891555,-2.5809142933755402,0.11612806748566903,0.3871633995596801,147.87549619402088
7577,4160,18,2,3.773635679157606,0.5316884065575985,9.222982311402284,1.2487720421286024,5.652233742311469,11.430084837543722,-71.53292688418605
7578,4161,3,1,0.05343967807449733,0.06924726702212598,6.365293093777848,0.81555677464589,0.09160471377052003,0.286016502640834,-46.727961114107366
7580,4162,21,1,0.04156722788279606,0.05508622078851328,6.184480464370136,-1.9950707855133667,0.06469705068959161,0.2301546568314325,114.3091358514414
7583,4163,3,1,0.03212550812889135,0.05580946232908458,6.2150067861417115,-0.801777794587079,0.05831033994741268,0.14220547631976885,45.938483735549404
7586,4164,16,2,3.772416020503846,0.5258281638662372,9.144029620548386,1.9265789199234002,5.650412207783704,11.411338057843464,-110.36841628941444
7587,4165,3,1,0.03986273325758751,0.06694823283455269,6.270246191274665,0.9186543319907757,0.06920460131944854,0.1773686285431449,-52.635016043456716
7592,4166,3,1,0.08402116366783595,0.06501366812108482,6.2190020413301506,-2.400730496914583,0.13239301407409546,0.3934337806464482,137.55172515467163
7593,4167,1,1,0.041789309319134986,0.044848988980132946,6.2424589955634024,1.5393544860662423,0.05550189721849732,0.21354910648504688,-88.198515222975
7597,4168,6,2,3.778482984089034,0.5360619749731522,9.055633529775287,-0.9185483117720536,5.659472990706462,11.458485370545539,52.612437206534885
7598,4169,13,1,0.07912935224191275,0.07574048598091268,6.210280828360504,-0.22175761860461563,0.1387826078688254,0.3317741759812083,12.705775619062647
7599,4170,17,1,0.04384258254827782,0.0558650456289802,6.348567395359354,1.59762714291915,0.06424471276686151,0.22313640054679973,-91.53729252162512
7600,4171,13,1,0.04283319017399507,0.0899870590164698,6.372741772582091,0.5625038282863634,0.07544310231188606,0.2881641655927038,-32.22909533421472
7601,4172,17,1,0.04501030385379897,0.0795665060741333,6.325658080806912,-1.6696289016599823,0.07625659705474287,0.2896245389659153,95.6626894272804
7602,4173,5,1,0.03803093502858471,0.07415100269730544,6.306790770189488,1.5357547315372695,0.06187779261228316,0.29806572368719325,-87.99226447915545
7606,4174,16,2,3.7763179352292395,0.5286480439592119,9.088187377389149,0.9597545450866287,5.656239382979245,11.43082778993783,-54.97340890586777
7607,4175,9,1,0.0508758041585234,0.07156596997095149,6.320360625677839,1.4328650210258445,0.08392351278390106,0.3514985884604622,-82.09711829127963
7608,4176,5,1,0.0559504155238741,0.055566118685941086,6.271867227198274,-1.7550506639733598,0.08564544241128122,0.2549100466582764,100.55699589252866
7610,4177,9,1,0.06613449664368456,0.07123138213804839,6.16785228428915,-3.0372516749413943,0.11141143500953088,0.33395564874959016,174.0217022228936
7613,4178,1,1,0.07147624353991933,0.05627544074152847,6.246457102188622,2.412548131415429,0.11341551567184016,0.411867579185499,-138.2288257839739
7617,4179,5,1,0.06837518929924148,0.056597751445518894,6.263260672616112,1.332127271273472,0.11218206719789182,0.3206990078755837,-76.32527034778492
7618,4180,20,2,3.7554508656856234,0.5277703555497083,9.04703519233583,-0.19000570813441653,5.625075010124241,11.368026204576863,10.902728650141082
7620,4181,15,1,0.0469692008520601,0.04451353199468621,6.228634226900394,2.5944475143835173,0.07850573438793955,0.21901420041718878,-148.65089273190958
7621,4182,19,1,0.04393038559444504,0.07322669036431767,6.307226984022505,-2.358574110601273,0.0747530336239727,0.30742888979507066,135.1363422077968
7623,4183,9,1,0.05431540617800956,0.047325453969915304,6.190832629371198,2.648296716494173,0.08803671850581256,0.280436434098211,-151.73622471323054
7627,4184,21,1,0.04635187300119824,0.057380837622659546,6.289322410769344,-3.1047835021374626,0.07404381008629209,0.2331540541258542,177.8909909810974
7630,4185,4,2,3.7606295032255903,0.5309247491417429,9.050759715126881,2.7730969551733193,5.632809353898595,11.367234403409173,-158.87048090063388
7631,4186,10,2,3.7774679330376175,0.5273189022736715,9.041046085372274,0.3653624631234912,5.657956870139981,11.439284807842636,-20.917236141772587
7634,4187,15,1,0.04153139841072982,0.04496096417883941,6.227796879935309,1.567336254521155,0.0629869803520605,0.2756804215061133,-89.80175245926574
7635,4188,9,1,0.03442674430308756,0.05688464156466456,6.267733897598475,-3.082110212152812,0.05083959056375093,0.23877360157382074,176.5919071476409
7638,4189,5,1,0.04205734653559652,0.048341080818091645,6.267504790288296,0.17156741770870426,0.06004054923919529,0.2120251344349707,-9.8300889436121
7639,4190,21,1,0.05225115357475901,0.10831406313274906,6.290649603475457,-0.8031687175373056,0.08614529620902882,0.3277849992695089,46.01817774963396
7640,4191,1,1,0.03739831860509284,0.054993605371115174,6.399362512511105,-0.8236992483280804,0.07369894206811511,0.22984864356794565,47.19449051636943
7641,4192,5,1,0.057172204367163325,0.046310696313469915,6.227735648090453,-0.5546839694485411,0.09100674510525385,0.2928484365992286,31.781050458560554
7642,4193,5,1,0.04479225891696501,0.06491735906225714,6.183638034817673,1.154895089104087,0.07616069634753243,0.397613151996077,-66.17061436767827
7647,4194,19,1,0.039532660728384884,0.06466289336385941,6.271089466336151,0.03278609499047403,0.05921529711835491,0.24187485244610585,-1.8785048747947488
7648,4195,19,1,0.03955307599753531,0.05698399091270082,6.219105375201283,-0.4649689219806447,0.06373235482105334,0.20588299775803887,26.640756845277284
7651,4196,3,1,0.039354098848100635,0.05504907137597714,6.359331898162133,-2.912299864306153,0.06074894653292947,0.23367364654420428,166.8624908910571
7653,4197,7,1,0.04076423290860011,0.04657521647581637,6.272709850210948,-0.20284976856533474,0.06843350397976364,0.2349384573991177,11.622435634113883
7654,4198,15,1,0.06337883125121241,0.05720465610691292,6.157204341072358,-0.28598843862505063,0.09823613551357614,0.3310950023757848,16.385930551300394
7656,4199,13,1,0.027800521468819388,0.07110481058491958,6.2817515790959995,2.403765809136251,0.048928874455020185,0.16488867090081513,-137.72563580244324
7659,4200,17,1,0.04615887221371734,0.054956207588645355,6.236261586836729,0.6426569468294524,0.07111738347652527,0.2593421289746058,-36.821530729872705
7660,4201,3,1,0.042952058744475545,0.0704799934746284,6.375480884957961,0.19184107038110892,0.07151532487646103,0.2563334100738519,-10.991683687448477
7662,4202,13,1,0.04240888682066017,0.06567140406410926,6.222719976489918,-0.018757936913247505,0.07029866992382815,0.24434017078844966,1.074750633491733
7663,4203,9,1,0.06758201975233026,0.0692369194455138,6.118091658688211,-1.372664401141238,0.11442998907369138,0.34917585522753997,78.64787687342032
7665,4204,21,1,0.06797631770716053,0.07024965234295105,6.214141219121606,1.5092203118231144,0.11229193685036018,0.3929445593619264,-86.47195415128317
7666,4205,9,1,0.05304747795801798,0.06532100807815017,6.204582078029603,2.686131765048244,0.08124673278664706,0.31057656909211373,-153.9040133417425
7669,4206,17,1,0.06974779332701897,0.050660306126641116,6.36385103782526,-2.677906131204331,0.110140411481158,0.3626259404466376,153.4327191699021
7671,4207,21,1,0.0522689882666831,0.04666447123646724,6.2775712653641556,-1.2181724428054106,0.08485677119583812,0.2536906383593545,69.79613966895583
7673,4208,19,1,0.048526381010845436,0.049257078280108196,6.304523828610322,-1.2378160326070198,0.07470669153089751,0.21543993912470116,70.92163445779934
7675,4209,17,1,0.04122160157557215,0.06542316576030964,6.2920899250428395,1.6076054401435305,0.07251795991500021,0.2557830384232265,-92.10900685687338
7676,4210,13,1,0.04814636702085447,0.06717240209781891,6.310475307536627,2.020145129990284,0.08348825832034341,0.31385550285628766,-115.74578998349197
7678,4211,5,1,0.05156714533722816,0.08215191544635075,6.412018567388756,0.813778384922083,0.08651878184541904,0.29975854646794176,-46.62606691094237
7681,4212,2,2,3.7627736730843964,0.5324704525335667,9.21544459431581,-1.0377972566524563,5.636011633605038,11.386904725932064,59.47770153613435
7683,4213,17,1,0.07355800558909058,0.07739839572456284,6.215433697889221,-2.0530005372392424,0.12365484963217663,0.3879968853150704,117.62826623806261
7686,4214,21,1,0.04751467108760329,0.0645449967826826,6.337190269335324,-1.0437441188006882,0.08066197784976409,0.2733924103281035,59.802132881988
7687,4215,10,2,3.7748739760185965,0.5328246045369373,9.34381030068752,3.0167754641157454,5.654082894882275,11.417457275981779,-172.83204489390363
7688,4216,13,1,0.0478082688853205,0.04447965052014429,6.272693455727202,0.13822937888009904,0.06610804803200764,0.23233737893753076,-7.919960016901659
7691,4217,17,1,0.037838534671589034,0.04377734429355193,6.069756241076763,1.5587378560365555,0.060453297613191515,0.19743780656735055,-89.30910050966416
7692,4218,9,1,0.057895947473371366,0.06859213087290557,6.29579507902269,-1.3562841759357602,0.09785150545220894,0.35613788666963525,77.7093590620579
7694,4219,13,1,0.06371172737354225,0.05862062587962203,6.239710460742083,-1.52027935496105,0.10025406583661663,0.29467932250153744,87.10559069395487
7697,4220,14,2,3.7778645271433944,0.5347713456325096,9.232417448746821,-1.3845532007163266,5.658549856335519,11.45446928364287,79.34555109217708
7701,4221,12,2,3.7757696022811875,0.5313105308437077,9.326818206572744,2.619038066865893,5.655420403389731,11.417037698435447,-150.04335891979912
7704,4222,13,1,0.052405982015095505,0.06195193804345267,6.237833743903846,0.1182947164563986,0.07908750089865742,0.26694423486809954,-6.777787983155915
7705,4223,3,1,0.058484365630730624,0.0501414501555987,6.2888881738072335,2.0193900650954033,0.09450072751064575,0.2819913529350774,-115.70252796780632
7707,4224,3,1,0.06423787869667115,0.053352334201079495,6.235695003846065,-2.339176797348609,0.10208833690113137,0.25900309057793364,134.02495802390055
7710,4225,5,1,0.03672732725050089,0.04898105695380509,6.392381133302024,2.112378046995121,0.061307564671034834,0.2087234635505284,-121.03034683194275
7711,4226,3,1,0.03279601096445796,0.04902472176021878,6.360270229868963,2.207304429778626,0.05570944939507004,0.18541907069400212,-126.46922793077022
7712,4227,21,1,0.04843013743388751,0.041900055110206766,6.221239710769033,-2.931407454467946,0.07083417416626962,0.24225070661915332,167.95727515663845
7713,4228,6,2,3.7674596005680248,0.5310056555054199,9.110696361288511,-0.48663954510023644,5.643009686311184,11.389214611985851,27.866032195594407
7715,4229,15,1,0.043842881659665774,0.0681668271375575,6.423954175199743,-2.1475759661518827,0.0765343616402812,0.30465238811925016,123.04703905661216
7716,4230,13,1,0.04508022096811095,0.06907727317175227,6.252081914634814,-1.6844717173306945,0.06730466953187976,0.21723698379515274,96.5131201225021
7717,4231,1,1,0.04278563007419562,0.08136506475042174,6.352444261425833,-2.6508710658422925,0.07325575784619567,0.322196754931764,151.88372409853667
7720,4232,7,1,0.04793675706565741,0.06413064528488788,6.257796213622458,2.0387453498203105,0.0841852964407101,0.27236613678413074,-116.81150407675177
7721,4233,21,1,0.047344703719225736,0.05204730173307286,6.232171284705076,2.6638893056572486,0.07845696719107328,0.2630050406846462,-152.62961428900422
7723,4234,9,1,0.06970448984339885,0.07414978834398013,6.368588384192947,1.0341619389757297,0.11850793471432984,0.3493109136845187,-59.25311442225527
7724,4235,4,2,3.7703746368257165,0.531732892037693,9.167111225327194,2.762655395213277,5.6473635921491,11.421223908269477,-158.30489239037735
7726,4236,16,2,3.787168409549959,0.5312300438222408,9.534298586071403,1.231417653783609,5.672443647373632,11.440939630652874,-70.5716531140209
7728,4237,1,1,0.07231642297676787,0.06526969030868211,6.2053643902306055,1.998011555761226,0.11812793296154894,0.36355214743434744,-114.47762966215218
7730,4238,7,1,0.07326794639417614,0.05358772883407884,6.280122953975468,2.6284189805446734,0.11706729661698206,0.3414204038134468,-150.59731429273242
7732,4239,14,2,3.770746456099388,0.529665787993076,9.250267589733125,0.2804007731083391,5.647918565648182,11.393051623205071,-16.082183735284023
7738,4240,15,1,0.041156105044185584,0.03673450482950893,6.224712444599942,1.2743653880059231,0.06614523564983477,0.24081771763531776,-73.01575827717832
7740,4241,1,1,0.04313053331216051,0.04949455584658464,6.06307522634825,0.7918724693462575,0.07355006513028801,0.1986072996115535,-45.370950391049185
7741,4242,4,2,3.770753324240211,0.5330073563475598,9.354826556739736,0.9883180951529388,5.647929116442828,11.416311447015143,-56.61005271020065
7742,4243,13,1,0.04387317381877169,0.055916077585635354,6.205928816063184,2.9847445665737333,0.06574728169944365,0.2675947443905147,-171.01326658591947
7743,4244,17,1,0.04722808005532967,0.058347343788388115,6.3264503003202375,-0.3440916253764112,0.07904899855750927,0.21964329430658083,19.71499790806713
7745,4245,17,1,0.031543643941326485,0.046470858610396834,6.222414902208478,2.0148309807839637,0.05527336517555003,0.15243313163366026,-115.4413116357866
7747,4246,17,1,0.04811233499388366,0.05384962772958554,6.274780107006672,-2.745274289213455,0.08234569845803803,0.25731953159174537,157.2926303461478
7748,4247,13,1,0.03727180269894148,0.056355616710038296,6.27517092014369,-0.9498031369997804,0.06483069526999287,0.21911198701285936,54.41971111327287
7752,4248,21,1,0.030626556893709515,0.041537851175361344,6.24207325696701,1.7023539184167682,0.04495417384448965,0.21028986594131355,-97.53769476337773
7754,4249,4,2,3.7637089216338366,0.5300180427988708,9.056738263151216,-0.9930604811916152,5.637408360208248,11.39715491590382,56.91448530602555
7756,4250,7,1,0.07421935396958614,0.07322296588170997,6.177721120185671,0.21242580816157047,0.12114156318056253,0.3294745169484102,-12.171102265692957
7757,4251,19,1,0.06499933072891692,0.05852368794001325,6.267720469783703,-0.9366512137318189,0.10390060687308014,0.3398214235749587,53.66616135636507
7759,4252,9,1,0.03330057020454818,0.058290783142929806,6.3204001572039825,2.328071587576771,0.06269560325649762,0.15735316105891953,-133.38867637434777
7760,4253,3,1,0.04202959693091918,0.05545640085871756,6.3172974861078846,-2.011496472414349,0.06782973978017363,0.2824160071663942,115.25025838679048
7762,4254,3,1,0.030828417778700164,0.05031536594430887,6.32653190143671,0.9010451848971195,0.05279615485195446,0.2020374308358648,-51.62608624151823
7763,4255,19,1,0.03834938063346102,0.050175417527097387,6.2405679352972925,1.395973858708063,0.058868612959331906,0.18394264107845731,-79.98341040783302
7765,4256,3,1,0.03347967727416498,0.06917627866842642,6.289884996561238,1.0635233622082592,0.0617078088166877,0.18288001119616581,-60.935400060426254
7767,4257,5,1,0.03522847226255083,0.07318424353726267,6.342653788000164,-0.5561071608495851,0.06030832767607416,0.25354008677859097,31.86259327503198
7769,4258,5,1,0.053201811403132654,0.06295933202569318,6.199055230627241,-0.7084275164964233,0.08506983486561287,0.2748711806082055,40.589906810411115
7770,4259,3,1,0.03904415684756779,0.06142606390321425,6.161444077031221,-2.9454731721779788,0.05931282149392279,0.18131142389980612,168.76318142883937
7772,4260,3,1,0.06401821198123522,0.05484542406552357,6.108908126689661,1.6456833828516872,0.10350702752367001,0.291849205190435,-94.29071231858953
7773,4261,17,1,0.0856967451345803,0.10611868710720633,6.310355762998973,1.9944019410642302,0.14824819048369356,0.5204219711454432,-114.27081389993766
7776,4262,4,2,3.7824840864123574,0.5339483753352605,9.269979087144812,-0.10095545692426726,5.665447962795226,11.43427459981015,5.80087856084309
7777,4263,1,1,0.04839551027035396,0.06305513084037863,6.233657522881952,1.1864555038757292,0.07705399139661936,0.26385196779396936,-67.97889293210036
7778,4264,7,1,0.04457551659976983,0.06450321873713682,6.210609612355649,-2.9899692301390535,0.06869756163496764,0.29491286763660535,171.3126177498147
7782,4265,17,1,0.037066879852225065,0.05541045945815029,6.163590413824781,-2.96161283066766,0.059413728810295885,0.2232818744159632,169.6879157492571
7783,4266,7,1,0.044052866774811225,0.08110127340708792,6.496033339115235,-1.3066799461935859,0.07716255069382873,0.28052248705373056,74.86724607017925
7786,4267,19,1,0.03232031214999367,0.061417463182243566,6.398432996479991,1.6057958936664312,0.05549354194149139,0.29014705799044627,-92.00532746821729
7787,4268,17,1,0.032575469887731884,0.08555784301369791,6.441088527327676,0.2265442294260368,0.06453348568133792,0.2853817357230483,-12.980028225286446
7788,4269,13,1,0.05307576105674337,0.06767872428179986,6.1643226193673915,1.2456808571547613,0.08679201320143354,0.268941231444582,-71.37225570225172
7789,4270,4,2,3.763287130627169,0.5306260200267074,9.194494926070325,-2.8281148976820263,5.636778516392635,11.402229464074823,162.0227421828779
7790,4271,20,2,3.7852765696403883,0.5311548245295539,9.320448116468418,2.770676755334265,5.669618372847273,11.447812089375265,-158.73149070726802
7791,4272,13,1,0.072325699693863,0.06734893094016077,6.248774365283009,1.7701305404722147,0.12347896837794621,0.4136650555897864,-101.4210092562987
7792,4273,21,1,0.03610332827626188,0.0645889726544147,6.322752572722911,2.9773035352740664,0.053001424550886043,0.22040251632470603,-170.58692690000296
7794,4274,1,1,0.04550172659333911,0.07107471335125601,6.330107340716314,1.6247323804920024,0.07168661714294924,0.34937405743894395,-93.09030824860476
7795,4275,21,1,0.06822271065324245,0.05180950029018585,6.2092949317972534,-2.797795705215532,0.10937126522908162,0.30184859762285177,160.30188579801236
7799,4276,1,1,0.037053822532642895,0.04721013565483593,6.33489875774095,-0.23302875579625856,0.05828676939204726,0.2056819151337408,13.351564217097316
7801,4277,3,1,0.06842053222313273,0.06434719238512435,6.152646420800315,-0.7797508038068397,0.10444963291972115,0.3358533809398364,44.67643008903986
7802,4278,21,1,0.033455101387954794,0.037865442556686335,6.278939702174473,-0.09656889801307485,0.04877388559409598,0.17229137251873008,5.532990289992265
7803,4279,13,1,0.04560485019183341,0.06417950322370898,6.215381074815286,0.35280144058051877,0.07771078917889165,0.26086814520624885,-20.214033572469077
7804,4280,3,1,0.06814364334713466,0.07118555178493165,6.3430497997598,-0.17428342169222896,0.10837502840177049,0.3987084580109583,9.985704525729485
7805,4281,7,1,0.05570154087189148,0.054618991770002207,6.227335716468099,1.4753179654310904,0.08296230708856082,0.27269056692862687,-84.52949285061167
7806,4282,5,1,0.04912023560156621,0.0486017774863593,6.136503427082436,-2.4242161281385597,0.07842119039209437,0.21752493060698497,138.89735277244512
7807,4283,21,1,0.05469690215380438,0.05782079356247343,6.273196527616128,-0.029966123587782903,0.0860300795412479,0.28175490188483865,1.7169323952747295
7808,4284,19,1,0.04850239707227585,0.05407914038430779,6.269785747551228,-0.894728956798055,0.08268353242751332,0.25267081457862894,51.2641930330497
7810,4285,7,1,0.045037952615393936,0.0678233778505466,6.235934778593208,0.24064823731613258,0.0694054794696199,0.22267270974948067,-13.788128354026417
7811,4286,5,1,0.04542368962232208,0.0430159353745534,6.2926684923750935,-1.3729822628813455,0.07030310244858902,0.2331251020508082,78.666088988722
7812,4287,9,1,0.07809600737680736,0.072611196935022,6.27674882684068,-1.9723723701789462,0.13785393727343068,0.4266934082201744,113.00861257079741
7813,4288,3,1,0.08104373743905607,0.0685435050731151,6.220934465796111,-0.9954277991594579,0.12177808740144663,0.430866141155619,57.033811648692485
7814,4289,13,1,0.061921326954217426,0.060434030729726716,6.297260460335043,-2.521106666672439,0.09532686096658505,0.3340989320373521,144.44877168259154
7815,4290,7,1,0.03198598367675389,0.05962793991816676,6.2105096979440795,-3.0886349438889105,0.048733323166905276,0.18135096209650298,176.9657467403595
7817,4291,7,1,0.05105252389312284,0.07935244405073977,6.281003909743439,2.7736600632433848,0.08280482858454488,0.26482386750834613,-158.91901540246488
7818,4292,13,1,0.07288969431961578,0.06654701042679932,6.2543809114844775,0.7517232695732737,0.11172624034269432,0.3738024429079556,-43.07057072064167
7819,4293,3,1,0.05114531037219449,0.05160589582018521,6.140950517167542,-1.9464697994210154,0.0821389874322114,0.24451841638613278,111.52450448477863
7823,4294,1,1,0.04813833575610353,0.05016949354586187,6.278667753567441,2.7548734107143558,0.07712685225970432,0.23413111553882382,-157.84261950082237
7824,4295,15,1,0.048509151211336,0.04585615967013167,6.220402739411443,-1.6356797864413362,0.06693381809639336,0.23377326655271446,93.71754840602267
7826,4296,21,1,0.04549496020188286,0.05190312829119318,6.249399934572131,1.4554468495401642,0.06652751424979053,0.22326251633235045,-83.3909617917661
7827,4297,1,1,0.06406895145324112,0.06478760664583169,6.2665861952321515,-0.4232249446156262,0.09674885190876407,0.3121261893188946,24.249003155648403
7828,4298,9,1,0.05454892747316714,0.06570252557360856,6.192449761047422,-0.975910079754778,0.08483211943517678,0.28669062963174374,55.915528744287755
7829,4299,13,1,0.04748538300126741,0.06642718106355437,6.369166195795291,-1.085238989920249,0.08264798195699379,0.3217820108283291,62.17961386015627
7830,4300,1,1,0.07708412171864934,0.06326883455898169,6.293061558345263,1.2696380824951532,0.12729140602803107,0.40777063275534836,-72.74490351323092
7831,4301,3,1,0.04615761929165325,0.062267766474866725,6.1556070278803325,-0.40837782650887344,0.07756393977942204,0.25775180758090804,23.3983259152084
7832,4302,1,1,0.04866425558392552,0.05782795819169052,6.25327248536723,-1.5779833325490762,0.07447929117379792,0.3183358730363317,90.41178510545562
7834,4303,17,1,0.049642993966484444,0.0536883223259211,6.291451515292374,-1.4068892616751472,0.07927390225884211,0.23901869404414983,80.60881691758443
7837,4304,1,1,0.0581346082104649,0.04698968752067997,6.241528710735602,-0.8942837590290829,0.08925463586355167,0.3027746397547856,51.238685058830924
7838,4305,1,1,0.07652685536112651,0.05185556394616567,6.284817809201684,-1.9980752537599455,0.12002001849605957,0.3267712661719553,114.48127930234568
7842,4306,13,1,0.063954924324267,0.08197546449523745,6.197099716428156,2.6842836113146955,0.11023266180772891,0.3462004652065946,-153.79812187346766
7846,4307,3,1,0.06709280466299057,0.057994264420408954,6.239291384820017,-0.3362538397780851,0.104404383874763,0.38109093838720076,19.265925936970255
7847,4308,1,1,0.06348950937979582,0.059903863823036495,6.17665234765552,1.8434089377994252,0.10280893714257386,0.3503761424036001,-105.61955209770935
7848,4309,17,1,0.07109379086226982,0.0788347923351244,6.076698868091293,-0.5713652427673273,0.11894772459170062,0.4457740074310274,32.736817060266674
7849,4310,21,1,0.04266229366817201,0.04414509003755293,6.245625868590081,1.798809528791153,0.06720115196157389,0.22794471893180263,-103.06419415799331
7850,4311,7,1,0.07552820717674082,0.07949196383633775,6.389743891554232,-2.1394420759011625,0.12271190498895651,0.370720643107113,122.58100157591426
7852,4312,5,1,0.031869827101217524,0.0663983811300415,6.346061223596445,2.9620667522670088,0.05340917903526874,0.1716125344953715,-169.71392353455775
7853,4313,7,1,0.05889331372816751,0.04602919845671729,6.138771786227692,1.3058653372165745,0.09997759378958518,0.3157445734416519,-74.82057237822032
7854,4314,9,1,0.09779845982843444,0.08662036142143499,6.2229945992328135,1.088415458475927,0.1623081856680691,0.4402997579017892,-62.36161188569503
7855,4315,7,1,0.09062655256222465,0.06814800099422294,6.176616813972023,0.7643273295921237,0.1428250431586784,0.4195754939838283,-43.792730301394805
7858,4316,15,1,0.06417263044065899,0.06547019510595072,6.356544446065279,-1.9326609832427897,0.10304488486839042,0.2957732723704489,110.7333176329653
7859,4317,20,2,3.7828256548799017,0.524943837643271,9.152967207168613,-0.9816131553179853,5.6659581369166,11.432775709856811,56.225729444214814
7861,4318,1,1,0.04083658555757061,0.06701936057085327,6.370361002892745,-2.336740262863228,0.07367724539453506,0.29614836616923723,133.8853548797213
7862,4319,15,1,0.046520768080758924,0.06279275544354616,6.216338286562668,-0.42641829971408624,0.07809289022588956,0.2697936111043861,24.43196890687967
7863,4320,18,2,3.779786117614622,0.5290545254216348,9.155925954624912,-2.360376047192931,5.6614191357196635,11.453474812442208,135.22306409647655
7864,4321,5,1,0.06266012542749846,0.06752240964979385,6.171975453968096,2.5332692288203162,0.10236193611969462,0.3086611465219245,-145.14563511806452
7866,4322,15,1,0.03603799556357003,0.067515727505822,6.30802802362388,0.010745532299694783,0.05828589557288461,0.29556537567830876,-0.6156736420073262
7867,4323,1,1,0.05315757677392559,0.05413282471980038,6.250670561889293,-1.9090547829205726,0.08604677465037472,0.27470986315235413,109.38078196023552
7868,4324,15,1,0.06387234131548852,0.05356875183165864,6.270215792734322,0.759433631028232,0.1029554887646871,0.28877367202157717,-43.512341902401175
7869,4325,10,2,3.782815161523375,0.5325275393864795,9.191570169285793,2.604008568358374,5.66594286574275,11.475127929989625,-149.18213944688557
7871,4326,5,1,0.07419357060516682,0.05906937296146946,6.329670285540982,2.128539429588713,0.11803768239985118,0.34350302239923514,-121.95632594186537
7872,4327,5,1,0.05705677125403776,0.07213920637946951,6.289513801709169,-1.7409246244079795,0.09951405263564889,0.3776214105924186,99.74763348774079
7873,4328,12,2,3.7265674149519166,0.5375726260927304,8.953192849511936,2.1965581698989793,5.581936001753171,11.285654345650851,-125.86934405144744
7874,4329,9,1,0.04446739725169596,0.05996221036980252,6.292848580236426,1.806959653160009,0.07259381460057791,0.34036132234806604,-103.53116188716868
7875,4330,12,2,3.787972274983378,0.5285699644760856,9.221974747827753,-1.8584362239808336,5.673644006667316,11.44550652021032,106.46392277861575
7879,4331,1,1,0.04184493629885149,0.05525986877772427,6.2706755205542155,-0.16039194390087078,0.06518804657271686,0.23749647117034395,9.18978146053521
7880,4332,1,1,0.06077420820858903,0.06765889160658871,6.185054798523243,1.7763538223055817,0.10288228006375,0.2983837314054686,-101.77757696336874
7881,4333,19,1,0.05685333253474128,0.052746789041712656,6.27566740752635,-1.9464497599505208,0.0934865586241997,0.33785798558422003,111.52335632659282
7884,4334,21,1,0.07009190390582301,0.06949555638252317,6.287219558449954,0.8101937472710626,0.11049218969237906,0.41413470676779596,-46.420682316931256
7885,4335,3,1,0.04497220468120722,0.051074906888213326,6.235750426912958,-3.1157699990086423,0.06595417831467211,0.28816614571864685,178.52047086696567
7888,4336,13,1,0.04552799843621481,0.050576406874391334,6.124081532870341,2.7675613660145255,0.07323743857919411,0.24257427808010448,-158.5695857963713
7891,4337,17,1,0.04362376653149086,0.06505094469048245,6.282233059502349,-1.6358245686351789,0.07240434763248729,0.246343634699485,93.72584382547778
7892,4338,19,1,0.0751070806981062,0.07828262649560119,6.376964556619698,-2.9939479479470754,0.127162527976354,0.4262345295245115,171.54058138570724
7894,4339,15,1,0.06742667488779805,0.05613402591749531,6.201254120131048,-2.180196542899509,0.11268224208898453,0.3501037126340934,124.91606049852469
7895,4340,3,1,0.049573769240576535,0.05679054347767744,6.323545881264832,3.090826196216714,0.07816897052624222,0.2543173236585684,-177.09129625532768
7896,4341,7,1,0.07488426970062087,0.07974476364932197,6.212856492335729,0.49542796614568463,0.12409405727937334,0.38132101953597447,-28.385931616115847
7898,4342,12,2,3.770643343037046,0.5346087783512485,9.441012933920511,-2.1967946465749377,5.64776456444838,11.406770461684436,125.85066018995151
7899,4343,17,1,0.040235566225977674,0.0410972131031821,6.254706712967581,-0.31545511725869957,0.0670698517755209,0.19904954177943376,18.07424685934257
7900,4344,5,1,0.048511958205125515,0.04259750024948571,6.16090010808287,-1.3283968438159854,0.07840469209480273,0.273305831649528,76.11153263855476
7903,4345,1,1,0.07627285177277736,0.07858414462451103,6.261687519188772,0.9460678303812402,0.114981610695135,0.3763548559462448,-54.20569379518682
7904,4346,5,1,0.05964514252871006,0.0655540322286294,6.176745874372151,0.9656668113617399,0.08809908452502789,0.3245677500088301,-55.32863269977783
7906,4347,3,1,0.06195236184255163,0.05489394513727508,6.288165032874005,-0.41488419497330087,0.09798134657401977,0.2991173775587336,23.771113418513888
7909,4348,19,1,0.056427655762073245,0.08012596395075786,6.128868857869755,2.059670807522058,0.09505746281684625,0.35713000062988026,-118.0104445089296
7910,4349,5,1,0.06235341400135736,0.04443313434186893,6.172857170431853,-0.2496308804022954,0.09459514201769419,0.28041464574166447,14.302795929903395
7911,4350,9,1,0.042886297523380246,0.04569624778015984,6.213380150037454,0.9261412098518775,0.0702067065451304,0.23623991512950304,-53.06398254163186
7912,4351,21,1,0.04840175511292317,0.07046372695590997,6.180112987756502,-2.9705253350288077,0.07848931154920444,0.3087970479279897,170.19856460774892
7924,4352,19,1,0.05137313248434407,0.04361642424103947,6.278096358310535,2.9958857506325067,0.08311152918713662,0.2550834642227763,-171.65160939339614
7926,4353,15,1,0.06224976589178336,0.0633819774035305,6.280486913955698,-0.7200947314223419,0.10263555408052379,0.29941158268535245,41.25838900315675
7927,4354,15,1,0.03485890369866923,0.06571546341545957,6.272935975768737,-1.7581448367142998,0.05326897474628557,0.1794471913817262,100.73427891841332
7928,4355,5,1,0.058479988092979614,0.0650298688221981,6.220299013915251,2.0082398035285154,0.08993036820387121,0.3146628374959416,-115.06366502902979
7931,4356,1,1,0.0373372719582466,0.054071369122108665,6.276308960488634,2.723671503892749,0.06375586352167328,0.19534401732694898,-156.05488195195284
7932,4357,9,1,0.057140751487192575,0.0622927847033238,6.297880772563295,-1.8391771532410057,0.09535978470439413,0.27873668799850265,105.37708869273628
7933,4358,13,1,0.08475633772052482,0.09117178403842788,6.264823598925904,2.264921758674943,0.13463419010623126,0.4931998951388952,-129.7704576630632
7934,4359,16,2,3.7691306570701912,0.5267301049835418,9.271251904356445,-0.6523465092499041,5.645505588075698,11.416823135944913,37.39308349341031
7935,4360,1,1,0.06231793728274798,0.0906297409086895,6.271240131405645,2.1726631905266123,0.09879524748340811,0.35999578980216634,-124.48443109645325
7936,4361,9,1,0.04066293069576977,0.04654127395804516,6.2442764928314,1.3949998519742117,0.06339572035609042,0.2915306228122497,-79.9276039347779
7938,4362,12,2,3.7666779585485655,0.5435925374243664,9.334278267940052,-0.5096172883083158,5.641842409195286,11.404550744461467,29.182570110900116
7939,4363,1,1,0.04100053154784088,0.06236215205338602,6.205575323333053,2.441640327971176,0.06675704881023933,0.21956216495673067,-139.89568587428403
7941,4364,9,1,0.06583148982153053,0.05873920229746672,6.251270783615961,3.0721644836583626,0.1029421072877945,0.3553133793261003,-176.02205891594386
7942,4365,5,1,0.05376572020461972,0.06487072590915692,6.256749546014959,-2.807681215699944,0.09034866127599064,0.42283273851604564,160.86828383951976
7944,4366,17,1,0.0702058847042768,0.05038927635329812,6.19405961917906,0.2558658638230077,0.10996705402912581,0.31786109553670505,-14.660034191138053
7945,4367,18,2,3.772052660512636,0.5294966227473845,9.205138428285485,0.3577855294633756,5.649869594066181,11.418717044329966,-20.516020773649743
7946,4368,3,1,0.04633987148576508,0.034193401891869236,6.265799847308668,-0.7213575012158875,0.0762054841659797,0.19507269897983376,41.330740342662615
7947,4369,3,1,0.05377804540962365,0.048491279407762156,6.252996756854416,1.9184336514117037,0.08861485760522517,0.27791727920288395,-109.91815153873723
7948,4370,21,1,0.05151233342796701,0.061609322384570106,6.206496111252398,-2.7651997997474416,0.08671478045754794,0.2323866241142203,158.43427800133153
7949,4371,9,1,0.034924482377244666,0.05385622226557271,6.2085285132009425,0.4031480007750978,0.055471923232301296,0.21189739215279718,-23.098678971529484
7950,4372,3,1,0.03464220582370982,0.061131961238497116,6.345314721513151,-2.5290818836949502,0.06304023596418183,0.15750348116412308,144.9057179728277
7951,4373,5,1,0.08057087958762316,0.08641527896952232,6.317879759262641,-2.3564888313772943,0.13195828700096043,0.39538582546400897,135.0168645457575
7953,4374,19,1,0.04543628038025157,0.050354065790842506,6.159040909323948,0.27632658263006304,0.07424932618915515,0.26305407646765133,-15.83234697550439
7955,4375,9,1,0.05298709308823275,0.04716993961143295,6.166666372697365,1.372354489974437,0.08363113626057703,0.2567587282567596,-78.63012023451074
7956,4376,7,1,0.03800778851596962,0.05408240863570001,6.345792072741136,-2.682242024659521,0.06595830763732159,0.1880233913243877,153.6811476375511
7962,4377,3,1,0.06439090648309936,0.06570923690696763,6.277255300423271,2.719823969501177,0.10233441524696611,0.3188772991431955,-155.83443441171082
7964,4378,15,1,0.055076921762557796,0.054855643594811807,6.384325918787275,2.491114925675739,0.08716544783526388,0.28135312387233974,-142.73037151122972
7966,4379,5,1,0.061306041998562974,0.04141769668117205,6.2688078938044205,1.6109630899653689,0.09205732300158054,0.266377164267681,-92.30138602414797
7967,4380,3,1,0.06466587333771377,0.056578222135694044,6.251283749048391,2.5735797420781923,0.1048297494885597,0.3042861959232447,-147.45525740485812
7969,4381,9,1,0.06260667768617059,0.05412796836593384,6.26035206406637,0.5048162811698539,0.10131378014495457,0.3467374120243031,-28.923842403040474
7970,4382,13,1,0.04724292028410427,0.047524721696997244,6.28851201095826,-0.7737256324415092,0.0775228703268704,0.1873320730986166,44.33121324260386
7972,4383,1,1,0.05838580637125213,0.05329983285713397,6.202736812278721,-1.7948488577479043,0.09597460183556511,0.2865022113674562,102.83726446950841
7976,4384,19,1,0.043420864642998616,0.05251947218258615,6.2829836649613675,-1.2200887968128886,0.07073220857366554,0.23816881374359783,69.90593867786534
7977,4385,3,1,0.057240235489228894,0.06800866691054408,6.2138462644759365,-0.6631633440100124,0.08918367226906761,0.36080792100345477,37.996460731792176
7979,4386,17,1,0.07114288192419757,0.062334884856096846,6.279802287689253,-2.6916147591218293,0.11376020884747638,0.3383535129724853,154.2181657020528
7981,4387,17,1,0.05647068603157528,0.07224285459066443,6.302332633366404,1.7665053292090866,0.09470309463961579,0.31264496180043827,-101.2132998914004
7984,4388,13,1,0.06846265114421049,0.06262345131144816,6.29406319233108,-0.9617946691817065,0.10514568511662688,0.38421676505832575,55.10677526384276
7985,4389,4,2,3.7807807527334383,0.5347762804807592,9.39810936440874,-1.95444112834038,5.66290435617487,11.450853075701287,111.96469341925425
7986,4390,1,1,0.03341990613546619,0.05160819699197838,6.230936895315779,2.02363145035224,0.05258991554182676,0.1808357140094713,-115.94554139892684
7988,4391,17,1,0.07060901799569141,0.05649101993139778,6.355191716041671,1.3485841226021473,0.11430739786471218,0.3373977815600725,-77.26817849700512
7991,4392,10,2,3.7623192377704333,0.5298885681644661,9.435063333435838,-0.03852170874938386,5.635332792160204,11.374188803932633,2.2234241461298674
7994,4393,13,1,0.05295660954546834,0.051609313027911635,6.212787555593899,0.16572992488824356,0.08251753186996218,0.24698555888376378,-9.495625254051147
7996,4394,3,1,0.04283417487417016,0.05600330091825506,6.268901760939534,2.647322594400008,0.07055861041247644,0.23077254360843213,-151.68041165212412
7999,4395,6,2,3.7639120547677356,0.534550292302484,9.191636572995067,-0.932095525545497,5.637712928360584,11.416041803751666,53.38882611301793
8000,4396,10,2,3.77883513798647,0.5264400995299077,9.115734361050368,2.3339648287524324,5.659998538413919,11.426728576668955,-133.7098252603818
8001,4397,17,1,0.056302717963255505,0.059160236101788166,6.246235894916115,0.18285217515587213,0.08946731665921281,0.28350920950504155,-10.476657950225256
8002,4398,16,2,3.770788756507964,0.5307110500438825,9.311289376802678,-2.8022852050141878,5.647981987586887,11.409666445827872,160.57551865120257
8004,4399,13,1,0.03845407816841079,0.05219065399856318,6.349894442324166,2.870617974774078,0.06390834414194846,0.23757606435157078,-164.47429454393006
8005,4400,13,1,0.05295410314486273,0.058340254267344946,6.31047669249589,2.5309700230164167,0.08764332762021007,0.2760865307266688,-145.01390035668362
8009,4401,13,1,0.05890551663309431,0.05510576250303138,6.248468201127857,0.1940927565557854,0.09357575498270464,0.2916390564981597,-11.12069581643802
8010,4402,8,2,3.7699805539819087,0.5331999661038883,9.477496948390225,0.796191047853121,5.64677467769763,11.402648951450336,-45.6347795714198
8011,4403,5,1,0.058993176483072805,0.051134994917706886,6.233921732564772,-1.3140571245904564,0.09219362642177503,0.2663691262600209,75.28992723133571
8012,4404,7,1,0.04943387434478638,0.05123081247362324,6.185295217101238,-1.8184492019178033,0.07722158227667858,0.29810393786682443,104.18946455894822
8013,4405,21,1,0.04283832509918621,0.054716079252812806,6.294197049681742,-2.001794902980807,0.07083811490324324,0.2569544563164962,114.69439940330892
8014,4406,7,1,0.08773513796976667,0.09321586792817677,6.2051025074555834,0.89330377715131,0.14217607348942746,0.5051935698841292,-51.1825363553137
8016,4407,7,1,0.0497273570720366,0.04810002557102775,6.265232889422918,-3.0218355554852407,0.08021956126053573,0.24913670652890357,173.1384237040819
8018,4408,1,1,0.04384240972757463,0.05084593199009365,6.214786385621751,3.036679358537764,0.07031153646283571,0.24307148311991128,-173.98891099101593
8019,4409,3,1,0.08196722201699654,0.071264040147682,6.145743084934219,-1.2935599006332965,0.13553703403369308,0.4315166077560377,74.11552270207383
8020,4410,17,1,0.07647998980903548,0.06330612329734399,6.300288369642405,-0.3858693320898906,0.12080628348546069,0.3512531490979942,22.108684276318122
8021,4411,5,1,0.037050870492624004,0.0507931163979924,6.3270991143790605,3.0209245115484276,0.060399589136879435,0.2313644249213777,-173.0862247266035
8022,4412,15,1,0.07544106211589917,0.058244363213574984,6.224549179455537,-1.7492204778036706,0.11528930222729422,0.3655865584023945,100.22295087785731
8024,4413,6,2,3.7622510250091885,0.5346635784458471,9.376069556571586,2.6492961936093016,5.63523104676292,11.403040192940578,-151.80978249967845
8025,4414,5,1,0.057720362056449336,0.06193963430965527,6.2607297458828635,-1.2784636325146606,0.09248215422504785,0.2909387040283242,73.2505703595871
8026,4415,17,1,0.039687859649701646,0.06579420236514354,6.363402141695172,-1.0831106857103627,0.06606720820441825,0.21308788180591523,62.0576710252111
8028,4416,6,2,3.7799486341324138,0.5327397692057768,9.40895667321043,-2.888822609511385,5.661661500509138,11.4230311923629,165.5008196924388
8033,4417,9,1,0.046447999297043616,0.04783485117993392,6.281481525613068,1.3731590958575446,0.07253159661329292,0.25647128628069554,-78.67622077737782
8034,4418,7,1,0.045298289571033726,0.03981946433304165,6.27143675664235,-0.46053358639170994,0.07115877001851169,0.19151239548937002,26.3866308377322
8041,4419,6,2,3.778842038280725,0.5271529622528487,9.249049319291574,0.07361531971338804,5.6600090572844355,11.430248460570112,-4.234356165625388
8043,4420,7,1,0.04403363014318899,0.05344727606328738,6.283239019069087,2.5097494224996315,0.07066697578425093,0.2224406474127863,-143.79804953141888
8044,4421,14,2,3.763297757007129,0.5312001240888772,9.129536172178943,2.2453274412693847,5.6367941751065365,11.37147329740044,-128.6640915823728
8045,4422,1,1,0.04334835176905911,0.058285957877829045,6.3294802132603305,1.5964107085793375,0.06279949326332727,0.22948681957273626,-91.4675959709554
8047,4423,15,1,0.0825008859474435,0.08894463173087955,6.174174313483092,0.2150645210279205,0.14567409896393935,0.33362786896087454,-12.322289335489897
8050,4424,7,1,0.03576003257212126,0.03592821597373472,6.244442927565868,1.9539597330679863,0.05617003904194007,0.2204186336966642,-111.95364604772372
8053,4425,21,1,0.05468666677449326,0.05300115716727063,6.246191963486246,-0.6128880273804428,0.09050444612677949,0.2983264244501272,35.115897317951955
8054,4426,15,1,0.06378395583285792,0.05290532346132115,6.252892042631908,-1.3313971487350589,0.10327598990796306,0.32088989547253394,76.28343741187739
8055,4427,12,2,3.765326062545521,0.5276048908895481,9.237114582159093,3.004500414119431,5.6398238547629855,11.412176989441981,-172.12886126264823
8056,4428,3,1,0.04746474422749153,0.0494476190600318,6.326299600150912,1.268615422647995,0.07568177105530005,0.23975412688320846,-72.68630952274735
8058,4429,21,1,0.051579391531389254,0.06465297488890226,6.250425990319465,-1.5202937318732914,0.08353358067889145,0.3135403416444807,87.10641444765642
8059,4430,3,1,0.05030696354216283,0.06329312833066734,6.234308951218758,-1.5976792761686671,0.08108754237138673,0.24885743582756004,91.54027952435122
8060,4431,13,1,0.05786713161399762,0.06167399942351115,6.303490810731535,1.2507210462814788,0.09227063836748552,0.2738382900840611,-71.661037251612
8064,4432,7,1,0.03698896849433208,0.054665770882037126,6.190612563869618,2.344273722130682,0.061982254506017825,0.16975342137457075,-134.31699030608135
8065,4433,13,1,0.04203146598575836,0.05804706722248592,6.413458522149972,-2.7672316448159373,0.06568775224612135,0.22423451571705424,158.55069417315855
8069,4434,21,1,0.0517536826762931,0.05732095699361299,6.1771686209401215,-2.3601345746949067,0.08097470075742529,0.3001037932477485,135.22575023553006
8071,4435,9,1,0.06689671414544111,0.060568601632007675,6.186168059509146,-0.2059235374289116,0.10741665325855136,0.3299708870964393,11.798549671560162
8074,4436,3,1,0.051602969242757375,0.06029944087304321,6.302817313071887,1.4093115266057927,0.08248829368714397,0.22921183706492868,-80.74760248158925
8076,4437,5,1,0.08488102435668608,0.07126135598444026,6.190049168611011,1.3899114815474891,0.13660729445000155,0.3898671923092842,-79.63606175104829
8079,4438,19,1,0.05474405063067776,0.06014377780045633,6.147007638658876,-0.40336764729244506,0.08715499444861594,0.25221322573930005,23.11126381249838
8081,4439,7,1,0.04647673320667894,0.0666450850167067,6.293799102924989,0.9353470676996848,0.07501054310473136,0.3030644969882751,-53.59143934429197
8082,4440,8,2,3.7628460363517595,0.5281092269268053,8.91663627767954,-1.4383749073169376,5.636119859327978,11.397936155015577,82.42911121396537
8085,4441,7,1,0.03982723218979414,0.06642757169514098,6.270085525604217,-2.271431213659798,0.06460820670356227,0.19819473243398045,130.14342199975792
8086,4442,13,1,0.037657976602021574,0.06211471361432858,6.31350445385144,-1.498343138000151,0.05934613469280276,0.23883865055801665,85.84873806446163
8089,4443,14,2,3.7721613888935415,0.5323130758391793,9.204839492318051,-2.3155510395114685,5.650031893553945,11.425772891792828,132.65488041394147
8091,4444,19,1,0.03481138109323633,0.06535114827727034,6.379136442636956,1.5446231590404946,0.055107955119308986,0.281175392869847,-88.5003879483555
8092,4445,1,1,0.053028017828821244,0.04221843775869929,6.2458512505692765,-2.172296194300263,0.08747003178723975,0.2284645595155398,124.46340381466221
8095,4446,21,1,0.04924362822836113,0.04611821195669875,6.347459760072695,-0.6951974325799873,0.07988917974790556,0.23981132840327032,39.8318788297758
8097,4447,9,1,0.06348730350273989,0.07099472133199862,6.166679409523301,2.046531724291021,0.09553084457564641,0.3413781845105495,-117.25763048506165
8098,4448,21,1,0.05760139094036035,0.05042701247350908,6.248799521690483,1.8003852163530167,0.09054978678266735,0.29945289316542945,-103.15447442100248
8099,4449,9,1,0.04819601751760391,0.06131453951473645,6.376844624094914,2.7481421871758935,0.07827664801768094,0.28305874299341327,-157.45694880581476
8100,4450,5,1,0.04724783246767178,0.04546133623936205,6.197027664784983,0.8558247532462142,0.08042381806028648,0.1761251648502838,-49.035146359469316
8102,4451,3,1,0.04597658852283009,0.07315398364525996,6.150682795699296,1.0180663395744105,0.07539109140032896,0.2325355942725936,-58.33090450444111
8103,4452,7,1,0.057712435585036394,0.06231708958518068,6.262570869632079,0.8926358233335788,0.09517247581200641,0.31685506719405826,-51.14426530529892
8104,4453,5,1,0.03972285155059784,0.041983334015921525,6.23671264585765,-0.07738462696040971,0.0580335804749894,0.24312556916810427,4.433812526992678
8105,4454,7,1,0.03455587484639317,0.0547826341002376,6.296595897038608,-3.074423337055995,0.05244870900224659,0.2341266382382085,176.15148164769957
8106,4455,15,1,0.046629249771171846,0.09387454083699741,6.17822863914667,2.4482860096731702,0.08232356978652881,0.2550073297629236,-140.276455392081
8108,4456,14,2,3.7670295055808216,0.5261061894554796,9.098833848499867,-3.021375186620565,5.642367943471964,11.403729579428099,173.12840076795203
8109,4457,17,1,0.050963398715681646,0.047165555736027924,6.223401955324266,-1.861014979932543,0.08078880595969515,0.24422449377487565,106.62830398993987
8111,4458,7,1,0.04888134251891357,0.04784839430958319,6.252293891992958,1.0662192342108248,0.077842058299808,0.307913292066238,-61.08986213469876
8112,4459,12,2,3.7776867358283726,0.5241417355321293,9.173865101967818,1.1094142771809317,5.658283544697227,11.439401620968148,-63.581249677805175
8113,4460,10,2,3.7687877108069108,0.5315362389226593,9.097793807841263,0.44873648848745146,5.644993971494496,11.409595787935768,-25.72708415323907
8118,4461,1,1,0.04947068838222938,0.04749949577903385,6.2904631890914295,-2.2251202273775266,0.08194410967227131,0.24126477635621857,127.48999794404912
8119,4462,15,1,0.0404215511123839,0.05058590074576094,6.262866962691024,2.0839508336567083,0.07026031594809766,0.24162848662075445,-119.40158749532466
8122,4463,17,1,0.07775854647230986,0.08323556736775255,6.148234684530985,-0.5415097098617259,0.130784750082747,0.3967200025815371,31.02622107492659
8124,4464,13,1,0.06092872418112238,0.05858503375484321,6.232200682571582,-0.45753220964980934,0.09992494055683303,0.2872036216959982,26.214664664040644
8125,4465,7,1,0.07731813936229343,0.07264303534368914,6.301474667080302,0.6869507588902272,0.11618813479553314,0.44935745274762645,-39.35937919667566
8128,4466,9,1,0.04933937036696555,0.04570966019787145,6.21893460597195,-0.8860398816787148,0.08124672215864749,0.22097204085613342,50.766345692073976
8130,4467,17,1,0.06064593128902934,0.06589965845297123,6.333407734136046,-2.987361715626157,0.09999010525046917,0.30748270447754317,171.16321813041154
8133,4468,8,2,3.7722142264661027,0.5280606795480294,9.160309731396984,-3.003086644474018,5.650111195308181,11.425543040004673,172.08061230383433
8134,4469,21,1,0.04121546208314543,0.06531915508624697,6.177070704023748,-1.0452120975058736,0.06631317416903301,0.27667989229193796,59.886241877151065
8135,4470,15,1,0.05372950513657654,0.07021463561899341,6.133453211565214,0.42207674868542594,0.08369168091070966,0.2514119360702068,-24.183216343835078
8138,4471,7,1,0.04465300879659558,0.052823851095837135,6.215287395830648,1.35217645772605,0.07314299004086239,0.22027990324335303,-77.47400416076758
8140,4472,7,1,0.04467440284656902,0.045011406342130765,6.316635531881023,-3.1149256326321537,0.06564494621913011,0.2244181675428425,178.47209224619752
8142,4473,19,1,0.05180099972932126,0.06393950564030981,6.080098876090318,1.3428952443188176,0.0804684249023841,0.23241639852866372,-76.9422298026007
8145,4474,1,1,0.05226762846669823,0.05419715885447721,6.216655369272453,-0.16274344935760263,0.08630126736107534,0.2581657488106542,9.324512825138545
8147,4475,9,1,0.02988608144364464,0.03888495685189828,6.112868893088463,2.9967124714392295,0.04321279525545539,0.17836242703246757,-171.69897702847265
8148,4476,1,1,0.04883609749445222,0.06643647918351188,6.214437165589209,-2.7182493818143127,0.08116694953239946,0.2628645728892551,155.74421721643807
8149,4477,13,1,0.04029801543032918,0.048922012973258086,6.272640458060779,-0.10821476281652163,0.06492944406275711,0.20193399693662217,6.200249185220654
8150,4478,15,1,0.043676034630018616,0.05785921362307663,6.333436274800476,-2.7917127893108176,0.06933592931381112,0.24820096844227763,159.95336042358971
8152,4479,14,2,3.770056474417599,0.5285549179292806,9.151276099243406,3.0389699839466875,5.6468885560428275,11.425975189494347,-174.10376032291143
8153,4480,3,1,0.0530472319282698,0.06313091248012144,6.3052777747559166,-3.131691034161158,0.07793900138806523,0.2684721604527471,179.43267900208517
8155,4481,1,1,0.06883421213266365,0.07642420735113564,6.290961386967807,0.6198613107320184,0.10479472962949868,0.37312129776037645,-35.51543703349054
8157,4482,5,1,0.04185673471492474,0.04989847758858066,6.246987793406657,2.9175604340436556,0.06506598266955999,0.23094812617560043,-167.16389933828876
8165,4483,15,1,0.03420282497778915,0.0918337822929935,6.184979156021006,-1.5394219231425883,0.05682677628461575,0.3124067847541499,88.20237908105966
8166,4484,1,1,0.06952474420400359,0.07000475879188046,6.21139924381417,-1.724741883560511,0.11806350352029171,0.33141997274977986,98.82043076947144
8168,4485,3,1,0.05559365200557856,0.06033114104046275,6.3223490191519,-0.12332885334289886,0.0867423166516565,0.28351636538640296,7.066222817658851
8169,4486,1,1,0.041859446746289664,0.057027562173344835,6.251737602726857,-0.288958075421492,0.06736149385415853,0.24237359298234884,16.556078195830757
8171,4487,18,2,3.7878226727849773,0.530408234123111,9.346853283089915,-1.281576136814289,5.673420554383289,11.44544958481908,73.44553113760597
8173,4488,1,1,0.04903467444098577,0.041257529971030264,6.115621908857309,2.8467152862239034,0.08282068190784284,0.25317308676315176,-163.10477135468673
8175,4489,21,1,0.035553678009459515,0.04533075911392246,6.256443201791342,-2.152129951600295,0.06300170033443797,0.21225444229617174,123.30796319252043
8176,4490,13,1,0.04411705873899703,0.058640301628983885,6.25400057857274,1.6015784344351225,0.0672510702339844,0.22739801549184815,-91.7636848617533
8177,4491,5,1,0.045172861668357725,0.05656724451986721,6.312477438710459,-2.7499449075515323,0.07415981154470691,0.23771717849936058,157.560237077262
8183,4492,9,1,0.05991275702576154,0.059044838616905654,6.348547486208748,1.0925253682470601,0.09363484721459833,0.2884745370855534,-62.59709256456403
8184,4493,4,2,3.7519400921490424,0.5325305772704856,9.227599592045353,-1.9937117912716373,5.619831899805484,11.36449482529879,114.21511325137854
8185,4494,1,1,0.03821261438466804,0.056034985381935735,6.28508929139538,2.770237997236602,0.06265193278201255,0.20836414441624695,-158.72294548400643
8187,4495,1,1,0.06220116991650405,0.070091183670125,6.1515672298130974,-1.8185065201370616,0.09796480858028139,0.2713194386222254,104.19274863296336
8189,4496,13,1,0.040000605915759394,0.031920731926553654,6.264798938014348,0.3066586447416314,0.061368998018109314,0.18502800805068736,-17.570246098326542
8191,4497,7,1,0.07374617373017343,0.06884180492455359,6.2002846211154035,-1.8535788117837366,0.11960979850900298,0.3874646451637226,106.20224298088647
